date,FFF20 Comdty|PX_LAST,FFF20 Comdty|OPEN_INT,FFF20 Comdty|PX_VOLUME,FFG20 Comdty|PX_LAST,FFG20 Comdty|OPEN_INT,FFG20 Comdty|PX_VOLUME,FFH20 Comdty|PX_LAST,FFH20 Comdty|OPEN_INT,FFH20 Comdty|PX_VOLUME,FFJ20 Comdty|PX_LAST,FFJ20 Comdty|OPEN_INT,FFJ20 Comdty|PX_VOLUME,FFK20 Comdty|PX_LAST,FFK20 Comdty|OPEN_INT,FFK20 Comdty|PX_VOLUME,FFM20 Comdty|PX_LAST,FFM20 Comdty|OPEN_INT,FFM20 Comdty|PX_VOLUME,FFN20 Comdty|PX_LAST,FFN20 Comdty|OPEN_INT,FFN20 Comdty|PX_VOLUME,FFQ20 Comdty|PX_LAST,FFQ20 Comdty|OPEN_INT,FFQ20 Comdty|PX_VOLUME,FFU20 Comdty|PX_LAST,FFU20 Comdty|OPEN_INT,FFU20 Comdty|PX_VOLUME,FFV20 Comdty|PX_LAST,FFV20 Comdty|OPEN_INT,FFV20 Comdty|PX_VOLUME,FFX20 Comdty|PX_LAST,FFX20 Comdty|OPEN_INT,FFX20 Comdty|PX_VOLUME,FFZ20 Comdty|PX_LAST,FFZ20 Comdty|OPEN_INT,FFZ20 Comdty|PX_VOLUME,FFF21 Comdty|PX_LAST,FFF21 Comdty|OPEN_INT,FFF21 Comdty|PX_VOLUME,FFG21 Comdty|PX_LAST,FFG21 Comdty|OPEN_INT,FFG21 Comdty|PX_VOLUME,FFH21 Comdty|PX_LAST,FFH21 Comdty|OPEN_INT,FFH21 Comdty|PX_VOLUME,FFJ21 Comdty|PX_LAST,FFJ21 Comdty|OPEN_INT,FFJ21 Comdty|PX_VOLUME,FFK21 Comdty|PX_LAST,FFK21 Comdty|OPEN_INT,FFK21 Comdty|PX_VOLUME,FFM21 Comdty|PX_LAST,FFM21 Comdty|OPEN_INT,FFM21 Comdty|PX_VOLUME,FFN21 Comdty|PX_LAST,FFN21 Comdty|OPEN_INT,FFN21 Comdty|PX_VOLUME,FFQ21 Comdty|PX_LAST,FFQ21 Comdty|OPEN_INT,FFQ21 Comdty|PX_VOLUME,FFU21 Comdty|PX_LAST,FFU21 Comdty|OPEN_INT,FFU21 Comdty|PX_VOLUME,FFV21 Comdty|PX_LAST,FFV21 Comdty|OPEN_INT,FFV21 Comdty|PX_VOLUME,FFX21 Comdty|PX_LAST,FFX21 Comdty|OPEN_INT,FFX21 Comdty|PX_VOLUME,FFZ21 Comdty|PX_LAST,FFZ21 Comdty|OPEN_INT,FFZ21 Comdty|PX_VOLUME,FFF22 Comdty|PX_LAST,FFF22 Comdty|OPEN_INT,FFF22 Comdty|PX_VOLUME,FFG22 Comdty|PX_LAST,FFG22 Comdty|OPEN_INT,FFG22 Comdty|PX_VOLUME,FFH22 Comdty|PX_LAST,FFH22 Comdty|OPEN_INT,FFH22 Comdty|PX_VOLUME,FFJ22 Comdty|PX_LAST,FFJ22 Comdty|OPEN_INT,FFJ22 Comdty|PX_VOLUME,FFK22 Comdty|PX_LAST,FFK22 Comdty|OPEN_INT,FFK22 Comdty|PX_VOLUME,FFM22 Comdty|PX_LAST,FFM22 Comdty|OPEN_INT,FFM22 Comdty|PX_VOLUME,FFN22 Comdty|PX_LAST,FFN22 Comdty|OPEN_INT,FFN22 Comdty|PX_VOLUME,FFQ22 Comdty|PX_LAST,FFQ22 Comdty|OPEN_INT,FFQ22 Comdty|PX_VOLUME,FFU22 Comdty|PX_LAST,FFU22 Comdty|OPEN_INT,FFU22 Comdty|PX_VOLUME,FFV22 Comdty|PX_LAST,FFV22 Comdty|OPEN_INT,FFV22 Comdty|PX_VOLUME,FFX22 Comdty|PX_LAST,FFX22 Comdty|OPEN_INT,FFX22 Comdty|PX_VOLUME,FFZ22 Comdty|PX_LAST,FFF23 Comdty|PX_LAST,FFG23 Comdty|PX_LAST,FFH23 Comdty|PX_LAST,FFJ23 Comdty|PX_LAST,FFK23 Comdty|PX_LAST,FFM23 Comdty|PX_LAST,FFN23 Comdty|PX_LAST,FFQ23 Comdty|PX_LAST,FFU23 Comdty|PX_LAST,FFV23 Comdty|PX_LAST,FFX23 Comdty|PX_LAST,FFZ23 Comdty|PX_LAST,FFF24 Comdty|PX_LAST,FFG24 Comdty|PX_LAST,FFH24 Comdty|PX_LAST,FFJ24 Comdty|PX_LAST,FFK24 Comdty|PX_LAST,FFM24 Comdty|PX_LAST,FFN24 Comdty|PX_LAST,FFQ24 Comdty|PX_LAST,FFU24 Comdty|PX_LAST,FFV24 Comdty|PX_LAST,FFX24 Comdty|PX_LAST,FFZ24 Comdty|PX_LAST,FFF25 Comdty|PX_LAST,FFG25 Comdty|PX_LAST,FFH25 Comdty|PX_LAST,FFJ25 Comdty|PX_LAST,FFK25 Comdty|PX_LAST,FFM25 Comdty|PX_LAST,FFN25 Comdty|PX_LAST,FFQ25 Comdty|PX_LAST,FFU25 Comdty|PX_LAST,FFV25 Comdty|PX_LAST,FFX25 Comdty|PX_LAST
2020-01-02,98.45,439632.0,42650.0,98.44,348884.0,13657.0,98.445,128107.0,9361.0,98.455,225779.0,27160.0,98.47,163506.0,21890.0,98.485,39784.0,4637.0,98.5,85541.0,18415.0,98.52,66538.0,6660.0,98.535,13278.0,1911.0,98.56,56602.0,11035.0,98.585,31042.0,5733.0,98.61,19750.0,2657.0,98.63,29619.0,7877.0,98.645,17662.0,4245.0,98.645,3379.0,438.0,98.645,10106.0,1957.0,98.64,2734.0,1674.0,98.635,281.0,8.0,98.64,287.0,92.0,98.635,12.0,12.0,98.63,NaN,NaN,98.64,25.0,NaN,98.64,NaN,NaN,98.63,NaN,NaN,98.63,NaN,NaN,98.63,NaN,NaN,98.63,NaN,NaN,98.62,NaN,NaN,98.62,NaN,NaN,98.62,NaN,NaN,98.6,NaN,NaN,98.6,NaN,NaN,98.6,NaN,NaN,98.6,NaN,NaN,98.6,NaN,NaN,98.6,NaN,NaN,NaN,NaN,NaN,NaN,NaN,NaN,NaN,NaN,NaN,NaN,NaN,NaN,NaN,NaN,NaN,NaN,NaN,NaN,NaN,NaN,NaN,NaN,NaN,NaN,NaN,NaN,NaN,NaN,NaN,NaN,NaN,NaN,NaN
2020-01-03,98.4475,436103.0,60025.0,98.425,383130.0,152692.0,98.435,128152.0,48959.0,98.45,234297.0,111333.0,98.47,160405.0,56249.0,98.495,39105.0,12970.0,98.52,82794.0,28794.0,98.55,65645.0,11597.0,98.575,14106.0,4222.0,98.605,56624.0,11142.0,98.64,33342.0,10265.0,98.67,19734.0,4491.0,98.695,30822.0,9770.0,98.715,17074.0,4002.0,98.715,3375.0,244.0,98.72,10960.0,2215.0,98.715,3103.0,582.0,98.715,297.0,42.0,98.72,287.0,7.0,98.715,74.0,86.0,98.71,NaN,NaN,98.72,25.0,NaN,98.72,NaN,NaN,98.71,NaN,NaN,98.71,NaN,NaN,98.71,NaN,NaN,98.71,NaN,NaN,98.7,NaN,NaN,98.7,NaN,NaN,98.7,NaN,NaN,98.68,NaN,NaN,98.68,NaN,NaN,98.68,NaN,NaN,98.68,NaN,NaN,98.68,NaN,NaN,98.68,NaN,NaN,NaN,NaN,NaN,NaN,NaN,NaN,NaN,NaN,NaN,NaN,NaN,NaN,NaN,NaN,NaN,NaN,NaN,NaN,NaN,NaN,NaN,NaN,NaN,NaN,NaN,NaN,NaN,NaN,NaN,NaN,NaN,NaN,NaN
2020-01-06,98.4475,438293.0,15604.0,98.43,411796.0,98522.0,98.435,127381.0,27587.0,98.45,242180.0,46923.0,98.475,166919.0,24780.0,98.5,42499.0,15845.0,98.525,83917.0,12487.0,98.555,65384.0,10919.0,98.58,15090.0,5184.0,98.61,54468.0,10595.0,98.64,32188.0,7370.0,98.67,20274.0,3583.0,98.695,30866.0,6971.0,98.715,16742.0,1637.0,98.715,3484.0,505.0,98.72,10849.0,1700.0,98.715,3197.0,541.0,98.715,305.0,13.0,98.725,316.0,99.0,98.72,80.0,6.0,98.715,NaN,NaN,98.725,25.0,NaN,98.725,NaN,NaN,98.715,NaN,NaN,98.715,NaN,NaN,98.715,NaN,NaN,98.715,NaN,NaN,98.705,NaN,NaN,98.705,NaN,NaN,98.705,NaN,NaN,98.685,NaN,NaN,98.685,NaN,NaN,98.685,NaN,NaN,98.685,NaN,NaN,98.685,NaN,NaN,98.685,NaN,NaN,NaN,NaN,NaN,NaN,NaN,NaN,NaN,NaN,NaN,NaN,NaN,NaN,NaN,NaN,NaN,NaN,NaN,NaN,NaN,NaN,NaN,NaN,NaN,NaN,NaN,NaN,NaN,NaN,NaN,NaN,NaN,NaN,NaN
2020-01-07,98.4475,436793.0,3916.0,98.425,418476.0,23984.0,98.43,127944.0,15541.0,98.45,245519.0,22407.0,98.475,168315.0,14164.0,98.505,43237.0,3973.0,98.53,85383.0,12044.0,98.56,66691.0,10868.0,98.58,15421.0,1084.0,98.61,54100.0,5165.0,98.64,32101.0,3954.0,98.665,20511.0,1660.0,98.69,31675.0,3703.0,98.71,17650.0,1922.0,98.71,3583.0,556.0,98.715,11140.0,1466.0,98.71,3137.0,219.0,98.71,253.0,55.0,98.72,347.0,41.0,98.715,80.0,NaN,98.71,NaN,NaN,98.72,25.0,NaN,98.72,NaN,NaN,98.71,NaN,NaN,98.71,NaN,NaN,98.71,NaN,NaN,98.71,NaN,NaN,98.7,NaN,NaN,98.7,NaN,NaN,98.7,NaN,NaN,98.68,NaN,NaN,98.68,NaN,NaN,98.68,NaN,NaN,98.68,NaN,NaN,98.68,NaN,NaN,98.68,NaN,NaN,NaN,NaN,NaN,NaN,NaN,NaN,NaN,NaN,NaN,NaN,NaN,NaN,NaN,NaN,NaN,NaN,NaN,NaN,NaN,NaN,NaN,NaN,NaN,NaN,NaN,NaN,NaN,NaN,NaN,NaN,NaN,NaN,NaN
2020-01-08,98.4475,435417.0,15188.0,98.425,435269.0,98238.0,98.425,131236.0,32639.0,98.435,244563.0,64792.0,98.455,169364.0,48485.0,98.48,49589.0,18057.0,98.505,85759.0,27860.0,98.53,65618.0,12005.0,98.55,15301.0,4797.0,98.58,54947.0,14673.0,98.605,32251.0,4940.0,98.625,20535.0,2541.0,98.65,30521.0,7915.0,98.67,17751.0,4733.0,98.67,3530.0,212.0,98.67,11134.0,1782.0,98.665,3319.0,624.0,98.665,218.0,164.0,98.675,396.0,101.0,98.67,81.0,1.0,98.665,NaN,NaN,98.675,25.0,NaN,98.675,NaN,NaN,98.665,NaN,NaN,98.665,NaN,NaN,98.665,NaN,NaN,98.665,NaN,NaN,98.655,NaN,NaN,98.655,NaN,NaN,98.655,NaN,NaN,98.635,NaN,NaN,98.635,NaN,NaN,98.635,NaN,NaN,98.635,NaN,NaN,98.635,NaN,NaN,98.635,NaN,NaN,NaN,NaN,NaN,NaN,NaN,NaN,NaN,NaN,NaN,NaN,NaN,NaN,NaN,NaN,NaN,NaN,NaN,NaN,NaN,NaN,NaN,NaN,NaN,NaN,NaN,NaN,NaN,NaN,NaN,NaN,NaN,NaN,NaN
2020-01-09,98.45,431309.0,20844.0,98.43,442298.0,26259.0,98.43,137419.0,14623.0,98.44,244177.0,31201.0,98.46,167197.0,23712.0,98.48,50094.0,5373.0,98.505,90323.0,21985.0,98.535,65857.0,8691.0,98.555,16445.0,4147.0,98.585,55386.0,8345.0,98.61,33174.0,3001.0,98.635,20526.0,2430.0,98.66,30615.0,2984.0,98.675,17426.0,2567.0,98.675,3547.0,206.0,98.675,11617.0,2031.0,98.67,3548.0,509.0,98.67,201.0,23.0,98.68,396.0,NaN,98.675,81.0,NaN,98.67,NaN,NaN,98.68,25.0,NaN,98.68,NaN,NaN,98.67,NaN,NaN,98.67,NaN,NaN,98.67,NaN,NaN,98.67,NaN,NaN,98.66,NaN,NaN,98.66,NaN,NaN,98.66,NaN,NaN,98.64,NaN,NaN,98.64,NaN,NaN,98.64,NaN,NaN,98.64,NaN,NaN,98.64,NaN,NaN,98.64,NaN,NaN,NaN,NaN,NaN,NaN,NaN,NaN,NaN,NaN,NaN,NaN,NaN,NaN,NaN,NaN,NaN,NaN,NaN,NaN,NaN,NaN,NaN,NaN,NaN,NaN,NaN,NaN,NaN,NaN,NaN,NaN,NaN,NaN,NaN
2020-01-10,98.4475,428466.0,15901.0,98.425,443686.0,17354.0,98.43,135866.0,8104.0,98.44,245792.0,28305.0,98.46,165549.0,24348.0,98.48,51171.0,5198.0,98.5,89593.0,18260.0,98.535,68126.0,6565.0,98.555,16691.0,1846.0,98.585,56080.0,3690.0,98.615,32872.0,2107.0,98.64,20288.0,1254.0,98.665,30124.0,2494.0,98.68,18833.0,2361.0,98.68,3568.0,105.0,98.68,11766.0,842.0,98.675,3612.0,89.0,98.675,201.0,5.0,98.685,393.0,9.0,98.68,94.0,13.0,98.675,NaN,NaN,98.685,25.0,NaN,98.685,NaN,NaN,98.675,NaN,NaN,98.675,NaN,NaN,98.675,NaN,NaN,98.675,NaN,NaN,98.665,NaN,NaN,98.665,NaN,NaN,98.665,NaN,NaN,98.645,NaN,NaN,98.645,NaN,NaN,98.645,NaN,NaN,98.645,NaN,NaN,98.645,NaN,NaN,98.645,NaN,NaN,NaN,NaN,NaN,NaN,NaN,NaN,NaN,NaN,NaN,NaN,NaN,NaN,NaN,NaN,NaN,NaN,NaN,NaN,NaN,NaN,NaN,NaN,NaN,NaN,NaN,NaN,NaN,NaN,NaN,NaN,NaN,NaN,NaN
2020-01-13,98.45,431387.0,31969.0,98.42,452203.0,45526.0,98.42,138829.0,34469.0,98.43,244603.0,30220.0,98.455,163529.0,17004.0,98.475,51070.0,5552.0,98.495,90026.0,5753.0,98.525,67434.0,3331.0,98.545,17030.0,1261.0,98.575,56742.0,3073.0,98.605,33459.0,2242.0,98.63,20461.0,1227.0,98.655,30544.0,2448.0,98.67,18823.0,1138.0,98.67,3581.0,86.0,98.67,11682.0,1067.0,98.665,3859.0,361.0,98.665,207.0,8.0,98.675,385.0,18.0,98.67,94.0,NaN,98.665,NaN,NaN,98.675,25.0,NaN,98.675,NaN,NaN,98.665,NaN,NaN,98.665,NaN,NaN,98.665,NaN,NaN,98.665,NaN,NaN,98.655,NaN,NaN,98.655,NaN,NaN,98.655,NaN,NaN,98.635,NaN,NaN,98.635,NaN,NaN,98.635,NaN,NaN,98.635,NaN,NaN,98.635,NaN,NaN,98.635,NaN,NaN,NaN,NaN,NaN,NaN,NaN,NaN,NaN,NaN,NaN,NaN,NaN,NaN,NaN,NaN,NaN,NaN,NaN,NaN,NaN,NaN,NaN,NaN,NaN,NaN,NaN,NaN,NaN,NaN,NaN,NaN,NaN,NaN,NaN
2020-01-14,98.45,429989.0,7650.0,98.42,457347.0,35495.0,98.42,143571.0,24980.0,98.425,243060.0,27333.0,98.45,161050.0,17549.0,98.475,51691.0,6428.0,98.495,89511.0,11900.0,98.525,67908.0,9830.0,98.55,17009.0,3617.0,98.58,59479.0,11544.0,98.61,33731.0,4314.0,98.64,21097.0,7302.0,98.665,33694.0,7926.0,98.685,23346.0,7789.0,98.685,3616.0,423.0,98.685,12840.0,3229.0,98.68,4740.0,1428.0,98.68,213.0,49.0,98.69,390.0,262.0,98.685,128.0,34.0,98.68,NaN,NaN,98.695,25.0,NaN,98.695,NaN,NaN,98.685,NaN,NaN,98.685,NaN,NaN,98.685,NaN,NaN,98.685,NaN,NaN,98.675,NaN,NaN,98.675,NaN,NaN,98.675,NaN,NaN,98.655,NaN,NaN,98.655,NaN,NaN,98.655,NaN,NaN,98.655,NaN,NaN,98.655,NaN,NaN,98.655,NaN,NaN,NaN,NaN,NaN,NaN,NaN,NaN,NaN,NaN,NaN,NaN,NaN,NaN,NaN,NaN,NaN,NaN,NaN,NaN,NaN,NaN,NaN,NaN,NaN,NaN,NaN,NaN,NaN,NaN,NaN,NaN,NaN,NaN,NaN
2020-01-15,98.4525,428841.0,3437.0,98.42,462248.0,88935.0,98.415,143521.0,16216.0,98.42,242541.0,24278.0,98.445,158606.0,16434.0,98.465,53628.0,6771.0,98.485,89615.0,10608.0,98.52,71503.0,9545.0,98.545,17242.0,1022.0,98.575,60213.0,11467.0,98.605,35768.0,6560.0,98.635,21463.0,3211.0,98.66,34116.0,3260.0,98.68,22626.0,2598.0,98.68,3620.0,130.0,98.68,13794.0,1934.0,98.675,4824.0,1069.0,98.675,230.0,65.0,98.685,378.0,15.0,98.68,186.0,58.0,98.675,NaN,NaN,98.69,25.0,NaN,98.69,NaN,NaN,98.68,NaN,NaN,98.68,NaN,NaN,98.68,NaN,NaN,98.68,NaN,NaN,98.67,NaN,NaN,98.67,NaN,NaN,98.67,NaN,NaN,98.65,NaN,NaN,98.65,NaN,NaN,98.65,NaN,NaN,98.65,NaN,NaN,98.65,NaN,NaN,98.65,NaN,NaN,NaN,NaN,NaN,NaN,NaN,NaN,NaN,NaN,NaN,NaN,NaN,NaN,NaN,NaN,NaN,NaN,NaN,NaN,NaN,NaN,NaN,NaN,NaN,NaN,NaN,NaN,NaN,NaN,NaN,NaN,NaN,NaN,NaN
2020-01-16,98.4525,418596.0,20131.0,98.42,459738.0,28992.0,98.42,142674.0,9133.0,98.42,244862.0,22225.0,98.445,157762.0,9187.0,98.47,55227.0,5814.0,98.49,89917.0,7002.0,98.52,71255.0,5244.0,98.545,17844.0,1756.0,98.575,63070.0,9779.0,98.605,37001.0,5567.0,98.635,22652.0,2203.0,98.66,34070.0,4777.0,98.68,23098.0,5175.0,98.68,3711.0,523.0,98.68,14745.0,3758.0,98.675,5431.0,1352.0,98.675,245.0,61.0,98.685,365.0,73.0,98.68,197.0,11.0,98.675,NaN,NaN,98.69,25.0,NaN,98.69,NaN,NaN,98.68,NaN,NaN,98.68,NaN,NaN,98.68,NaN,NaN,98.68,NaN,NaN,98.67,NaN,NaN,98.67,NaN,NaN,98.67,NaN,NaN,98.65,NaN,NaN,98.65,NaN,NaN,98.65,NaN,NaN,98.65,NaN,NaN,98.65,NaN,NaN,98.65,NaN,NaN,NaN,NaN,NaN,NaN,NaN,NaN,NaN,NaN,NaN,NaN,NaN,NaN,NaN,NaN,NaN,NaN,NaN,NaN,NaN,NaN,NaN,NaN,NaN,NaN,NaN,NaN,NaN,NaN,NaN,NaN,NaN,NaN,NaN
2020-01-17,98.4525,418719.0,1598.0,98.42,461205.0,26690.0,98.42,145134.0,7532.0,98.42,244201.0,22372.0,98.435,156657.0,14134.0,98.455,56768.0,5738.0,98.475,88493.0,13257.0,98.505,70537.0,7385.0,98.53,18097.0,2048.0,98.56,63773.0,4594.0,98.585,36419.0,2997.0,98.615,22922.0,1212.0,98.64,36384.0,5181.0,98.66,23350.0,2699.0,98.66,3716.0,106.0,98.66,15341.0,1390.0,98.655,6242.0,948.0,98.655,307.0,59.0,98.665,379.0,23.0,98.66,224.0,39.0,98.655,NaN,NaN,98.67,25.0,NaN,98.67,NaN,NaN,98.66,NaN,NaN,98.66,NaN,NaN,98.66,NaN,NaN,98.66,NaN,NaN,98.65,NaN,NaN,98.65,NaN,NaN,98.65,NaN,NaN,98.63,NaN,NaN,98.63,NaN,NaN,98.63,NaN,NaN,98.63,NaN,NaN,98.63,NaN,NaN,98.63,NaN,NaN,NaN,NaN,NaN,NaN,NaN,NaN,NaN,NaN,NaN,NaN,NaN,NaN,NaN,NaN,NaN,NaN,NaN,NaN,NaN,NaN,NaN,NaN,NaN,NaN,NaN,NaN,NaN,NaN,NaN,NaN,NaN,NaN,NaN
2020-01-21,98.455,412083.0,27097.0,98.425,458276.0,42457.0,98.425,144051.0,12518.0,98.43,252482.0,27198.0,98.45,153858.0,15347.0,98.475,60392.0,10081.0,98.5,88759.0,10216.0,98.535,69985.0,7226.0,98.56,18110.0,2312.0,98.595,65591.0,7724.0,98.625,37370.0,4818.0,98.655,22683.0,3751.0,98.68,38278.0,4365.0,98.7,24502.0,2883.0,98.7,3775.0,97.0,98.705,15559.0,3706.0,98.7,6138.0,418.0,98.7,328.0,132.0,98.71,362.0,42.0,98.705,234.0,10.0,98.7,1.0,1.0,98.715,25.0,NaN,98.715,NaN,NaN,98.705,NaN,NaN,98.705,NaN,NaN,98.705,NaN,NaN,98.705,NaN,NaN,98.695,NaN,NaN,98.695,NaN,NaN,98.695,NaN,NaN,98.675,NaN,NaN,98.675,NaN,NaN,98.675,NaN,NaN,98.675,NaN,NaN,98.675,NaN,NaN,98.675,NaN,NaN,NaN,NaN,NaN,NaN,NaN,NaN,NaN,NaN,NaN,NaN,NaN,NaN,NaN,NaN,NaN,NaN,NaN,NaN,NaN,NaN,NaN,NaN,NaN,NaN,NaN,NaN,NaN,NaN,NaN,NaN,NaN,NaN,NaN
2020-01-22,98.45,413586.0,13547.0,98.42,452706.0,47275.0,98.42,145318.0,10713.0,98.425,255664.0,36815.0,98.445,156587.0,40399.0,98.475,64843.0,20930.0,98.5,92604.0,16313.0,98.535,70600.0,7539.0,98.565,17863.0,2837.0,98.6,66234.0,9748.0,98.63,37445.0,6751.0,98.665,22959.0,4144.0,98.695,39754.0,5768.0,98.715,25023.0,4549.0,98.715,3717.0,418.0,98.72,17078.0,4227.0,98.715,6137.0,802.0,98.715,498.0,230.0,98.725,316.0,67.0,98.72,300.0,70.0,98.715,1.0,NaN,98.73,25.0,NaN,98.73,NaN,NaN,98.72,NaN,NaN,98.72,NaN,NaN,98.72,NaN,NaN,98.72,NaN,NaN,98.71,NaN,NaN,98.71,NaN,NaN,98.71,NaN,NaN,98.69,NaN,NaN,98.69,NaN,NaN,98.69,NaN,NaN,98.69,NaN,NaN,98.69,NaN,NaN,98.69,NaN,NaN,NaN,NaN,NaN,NaN,NaN,NaN,NaN,NaN,NaN,NaN,NaN,NaN,NaN,NaN,NaN,NaN,NaN,NaN,NaN,NaN,NaN,NaN,NaN,NaN,NaN,NaN,NaN,NaN,NaN,NaN,NaN,NaN,NaN
2020-01-23,98.45,415312.0,4163.0,98.42,455285.0,28490.0,98.425,147763.0,27944.0,98.43,262963.0,53561.0,98.455,161300.0,42990.0,98.485,69353.0,22435.0,98.51,94973.0,16697.0,98.55,74131.0,22290.0,98.575,21271.0,11242.0,98.61,70029.0,14652.0,98.645,39678.0,7557.0,98.68,23474.0,3238.0,98.71,44664.0,11028.0,98.73,24377.0,3853.0,98.73,3837.0,593.0,98.735,16673.0,2606.0,98.735,6737.0,1160.0,98.735,573.0,88.0,98.745,326.0,37.0,98.74,383.0,84.0,98.735,1.0,NaN,98.75,25.0,NaN,98.75,NaN,NaN,98.74,NaN,NaN,98.74,NaN,NaN,98.74,NaN,NaN,98.74,NaN,NaN,98.73,NaN,NaN,98.73,NaN,NaN,98.73,NaN,NaN,98.71,NaN,NaN,98.71,NaN,NaN,98.71,NaN,NaN,98.71,NaN,NaN,98.71,NaN,NaN,98.71,NaN,NaN,NaN,NaN,NaN,NaN,NaN,NaN,NaN,NaN,NaN,NaN,NaN,NaN,NaN,NaN,NaN,NaN,NaN,NaN,NaN,NaN,NaN,NaN,NaN,NaN,NaN,NaN,NaN,NaN,NaN,NaN,NaN,NaN,NaN
2020-01-24,98.45,413745.0,3877.0,98.42,460269.0,20343.0,98.425,149855.0,17593.0,98.435,263490.0,47848.0,98.46,162223.0,26089.0,98.495,70482.0,11586.0,98.525,97462.0,16576.0,98.565,75677.0,8911.0,98.595,21444.0,5319.0,98.635,70624.0,8667.0,98.67,42230.0,5625.0,98.71,23689.0,2533.0,98.74,45611.0,10199.0,98.765,24733.0,4945.0,98.77,4768.0,2012.0,98.775,17386.0,1586.0,98.775,6935.0,1816.0,98.78,701.0,184.0,98.79,339.0,28.0,98.79,451.0,75.0,98.785,9.0,8.0,98.8,25.0,NaN,98.8,NaN,NaN,98.79,NaN,NaN,98.79,NaN,NaN,98.79,NaN,NaN,98.79,NaN,NaN,98.78,NaN,NaN,98.78,NaN,NaN,98.78,NaN,NaN,98.76,NaN,NaN,98.76,NaN,NaN,98.76,NaN,NaN,98.76,NaN,NaN,98.76,NaN,NaN,98.76,NaN,NaN,NaN,NaN,NaN,NaN,NaN,NaN,NaN,NaN,NaN,NaN,NaN,NaN,NaN,NaN,NaN,NaN,NaN,NaN,NaN,NaN,NaN,NaN,NaN,NaN,NaN,NaN,NaN,NaN,NaN,NaN,NaN,NaN,NaN
2020-01-27,98.45,412529.0,3338.0,98.425,451582.0,122722.0,98.435,150806.0,27959.0,98.455,268333.0,113024.0,98.485,160065.0,57308.0,98.525,70119.0,18976.0,98.56,93807.0,36426.0,98.61,75100.0,17703.0,98.645,22394.0,9450.0,98.685,70331.0,19319.0,98.725,43214.0,6560.0,98.77,23809.0,5956.0,98.805,49047.0,13177.0,98.83,26576.0,6621.0,98.835,4875.0,2170.0,98.84,17535.0,5417.0,98.85,6827.0,857.0,98.855,986.0,558.0,98.865,307.0,173.0,98.865,541.0,175.0,98.86,12.0,6.0,98.88,25.0,4.0,98.88,NaN,NaN,98.87,NaN,NaN,98.875,NaN,NaN,98.875,NaN,NaN,98.875,NaN,NaN,98.865,NaN,NaN,98.865,NaN,NaN,98.865,NaN,NaN,98.845,NaN,NaN,98.845,NaN,NaN,98.845,NaN,NaN,98.845,NaN,NaN,98.845,NaN,NaN,98.845,NaN,NaN,NaN,NaN,NaN,NaN,NaN,NaN,NaN,NaN,NaN,NaN,NaN,NaN,NaN,NaN,NaN,NaN,NaN,NaN,NaN,NaN,NaN,NaN,NaN,NaN,NaN,NaN,NaN,NaN,NaN,NaN,NaN,NaN,NaN
2020-01-28,98.45,412051.0,3013.0,98.42,455005.0,26946.0,98.43,177903.0,58636.0,98.44,273579.0,94811.0,98.47,163182.0,55222.0,98.505,70104.0,16609.0,98.53,95021.0,24476.0,98.575,74897.0,19347.0,98.61,22294.0,6423.0,98.65,72686.0,17230.0,98.685,42774.0,12043.0,98.73,23224.0,4603.0,98.765,48732.0,12317.0,98.795,28283.0,9556.0,98.8,4990.0,1609.0,98.805,18240.0,2414.0,98.815,7488.0,1070.0,98.82,985.0,160.0,98.83,306.0,65.0,98.83,483.0,164.0,98.825,12.0,NaN,98.845,25.0,NaN,98.845,NaN,NaN,98.835,NaN,NaN,98.84,NaN,NaN,98.84,NaN,NaN,98.84,NaN,NaN,98.83,NaN,NaN,98.83,NaN,NaN,98.83,NaN,NaN,98.81,NaN,NaN,98.81,NaN,NaN,98.81,NaN,NaN,98.81,NaN,NaN,98.81,NaN,NaN,98.81,NaN,NaN,NaN,NaN,NaN,NaN,NaN,NaN,NaN,NaN,NaN,NaN,NaN,NaN,NaN,NaN,NaN,NaN,NaN,NaN,NaN,NaN,NaN,NaN,NaN,NaN,NaN,NaN,NaN,NaN,NaN,NaN,NaN,NaN,NaN
2020-01-29,98.4475,411780.0,6902.0,98.405,465936.0,215123.0,98.415,171504.0,77901.0,98.43,280983.0,97971.0,98.465,161729.0,47416.0,98.505,67745.0,24915.0,98.54,97200.0,21214.0,98.595,78652.0,16148.0,98.635,22195.0,3490.0,98.685,76223.0,16844.0,98.725,45163.0,11366.0,98.77,23119.0,8796.0,98.81,51640.0,14490.0,98.84,30603.0,6225.0,98.845,5680.0,1220.0,98.855,18725.0,1450.0,98.86,7972.0,1021.0,98.865,961.0,88.0,98.875,289.0,186.0,98.875,561.0,99.0,98.87,12.0,3.0,98.89,25.0,7.0,98.89,NaN,NaN,98.88,NaN,NaN,98.885,NaN,NaN,98.885,NaN,NaN,98.885,NaN,NaN,98.875,NaN,NaN,98.875,NaN,NaN,98.875,NaN,NaN,98.855,NaN,NaN,98.855,NaN,NaN,98.855,NaN,NaN,98.855,NaN,NaN,98.855,NaN,NaN,98.855,NaN,NaN,NaN,NaN,NaN,NaN,NaN,NaN,NaN,NaN,NaN,NaN,NaN,NaN,NaN,NaN,NaN,NaN,NaN,NaN,NaN,NaN,NaN,NaN,NaN,NaN,NaN,NaN,NaN,NaN,NaN,NaN,NaN,NaN,NaN
2020-01-30,98.45,412273.0,15551.0,98.41,451638.0,86300.0,98.43,205741.0,63210.0,98.45,325281.0,171677.0,98.49,177516.0,106229.0,98.535,66721.0,18898.0,98.57,93989.0,39115.0,98.63,81492.0,20892.0,98.67,22067.0,4452.0,98.72,76088.0,30488.0,98.755,47829.0,11309.0,98.805,23986.0,4463.0,98.85,53625.0,18664.0,98.88,32857.0,6582.0,98.885,6487.0,1357.0,98.895,19017.0,2249.0,98.9,7972.0,134.0,98.905,994.0,44.0,98.915,327.0,67.0,98.92,542.0,19.0,98.915,12.0,NaN,98.935,25.0,NaN,98.935,NaN,NaN,98.925,NaN,NaN,98.93,NaN,NaN,98.93,NaN,NaN,98.93,NaN,NaN,98.92,NaN,NaN,98.92,NaN,NaN,98.92,NaN,NaN,98.9,NaN,NaN,98.9,NaN,NaN,98.9,NaN,NaN,98.9,NaN,NaN,98.9,NaN,NaN,98.9,NaN,NaN,NaN,NaN,NaN,NaN,NaN,NaN,NaN,NaN,NaN,NaN,NaN,NaN,NaN,NaN,NaN,NaN,NaN,NaN,NaN,NaN,NaN,NaN,NaN,NaN,NaN,NaN,NaN,NaN,NaN,NaN,NaN,NaN,NaN
2020-01-31,98.45,411607.0,1048.0,98.41,419124.0,93700.0,98.44,204308.0,44348.0,98.475,314588.0,120007.0,98.53,187985.0,69645.0,98.58,67660.0,26818.0,98.62,95654.0,41365.0,98.68,84538.0,27431.0,98.725,22177.0,4723.0,98.775,76011.0,19848.0,98.81,49304.0,10199.0,98.86,23532.0,5023.0,98.9,53075.0,14523.0,98.93,32467.0,9089.0,98.935,6791.0,1436.0,98.94,20327.0,3267.0,98.95,8283.0,969.0,98.955,1158.0,320.0,98.965,378.0,70.0,98.97,534.0,28.0,98.965,12.0,NaN,98.985,25.0,NaN,98.985,NaN,NaN,98.975,NaN,NaN,98.98,NaN,NaN,98.98,NaN,NaN,98.98,NaN,NaN,98.97,NaN,NaN,98.97,NaN,NaN,98.97,NaN,NaN,98.95,NaN,NaN,98.95,NaN,NaN,98.95,NaN,NaN,98.95,NaN,NaN,98.95,NaN,NaN,98.95,98.95,NaN,NaN,NaN,NaN,NaN,NaN,NaN,NaN,NaN,NaN,NaN,NaN,NaN,NaN,NaN,NaN,NaN,NaN,NaN,NaN,NaN,NaN,NaN,NaN,NaN,NaN,NaN,NaN,NaN,NaN,NaN,NaN,NaN,NaN
2020-02-03,98.449,411468.0,NaN,98.4125,408543.0,48647.0,98.43,203017.0,27117.0,98.455,323027.0,116823.0,98.515,191704.0,78645.0,98.565,68260.0,20723.0,98.6,98335.0,27546.0,98.655,86912.0,20995.0,98.695,21046.0,6921.0,98.745,74801.0,10407.0,98.78,49633.0,7948.0,98.83,24672.0,4341.0,98.87,54696.0,10306.0,98.9,34632.0,5483.0,98.905,6719.0,1660.0,98.91,21173.0,1874.0,98.92,8404.0,1202.0,98.925,1158.0,226.0,98.935,365.0,43.0,98.94,493.0,113.0,98.935,15.0,10.0,98.955,25.0,NaN,98.955,NaN,NaN,98.945,NaN,NaN,98.95,NaN,NaN,98.95,NaN,NaN,98.95,NaN,NaN,98.94,NaN,NaN,98.94,NaN,NaN,98.94,NaN,NaN,98.92,NaN,NaN,98.92,NaN,NaN,98.92,NaN,NaN,98.92,NaN,NaN,98.92,NaN,NaN,98.92,98.92,NaN,NaN,NaN,NaN,NaN,NaN,NaN,NaN,NaN,NaN,NaN,NaN,NaN,NaN,NaN,NaN,NaN,NaN,NaN,NaN,NaN,NaN,NaN,NaN,NaN,NaN,NaN,NaN,NaN,NaN,NaN,NaN,NaN,NaN
2020-02-04,NaN,NaN,NaN,98.41,390513.0,40240.0,98.42,203618.0,8025.0,98.44,318200.0,44084.0,98.475,190926.0,48201.0,98.515,70219.0,14641.0,98.54,102753.0,37119.0,98.595,87574.0,13309.0,98.63,20796.0,4011.0,98.675,76287.0,12732.0,98.705,48775.0,10345.0,98.75,24653.0,6412.0,98.79,54611.0,11252.0,98.82,36162.0,8082.0,98.825,6343.0,1506.0,98.83,21058.0,1856.0,98.84,8353.0,1218.0,98.845,1068.0,197.0,98.855,369.0,38.0,98.86,465.0,65.0,98.855,16.0,1.0,98.875,25.0,NaN,98.875,NaN,NaN,98.865,NaN,NaN,98.87,NaN,NaN,98.87,NaN,NaN,98.87,NaN,NaN,98.86,NaN,NaN,98.86,NaN,NaN,98.86,NaN,NaN,98.84,NaN,NaN,98.84,NaN,NaN,98.84,NaN,NaN,98.84,NaN,NaN,98.84,NaN,NaN,98.84,98.84,NaN,NaN,NaN,NaN,NaN,NaN,NaN,NaN,NaN,NaN,NaN,NaN,NaN,NaN,NaN,NaN,NaN,NaN,NaN,NaN,NaN,NaN,NaN,NaN,NaN,NaN,NaN,NaN,NaN,NaN,NaN,NaN,NaN,NaN
2020-02-05,NaN,NaN,NaN,98.4075,387768.0,16701.0,98.415,206395.0,17692.0,98.43,299745.0,103231.0,98.47,200617.0,93890.0,98.5,72650.0,16951.0,98.525,95233.0,57894.0,98.57,91582.0,26538.0,98.6,21020.0,4362.0,98.64,76041.0,17187.0,98.67,50038.0,10341.0,98.715,25307.0,5004.0,98.755,54384.0,18117.0,98.785,43583.0,12266.0,98.79,6039.0,2646.0,98.795,20989.0,4464.0,98.8,9676.0,2462.0,98.805,974.0,485.0,98.815,427.0,161.0,98.82,474.0,131.0,98.815,22.0,9.0,98.835,25.0,NaN,98.835,NaN,NaN,98.825,NaN,NaN,98.83,NaN,NaN,98.83,NaN,NaN,98.83,NaN,NaN,98.82,NaN,NaN,98.82,NaN,NaN,98.82,NaN,NaN,98.8,NaN,NaN,98.8,NaN,NaN,98.8,NaN,NaN,98.8,NaN,NaN,98.8,NaN,NaN,98.8,98.8,NaN,NaN,NaN,NaN,NaN,NaN,NaN,NaN,NaN,NaN,NaN,NaN,NaN,NaN,NaN,NaN,NaN,NaN,NaN,NaN,NaN,NaN,NaN,NaN,NaN,NaN,NaN,NaN,NaN,NaN,NaN,NaN,NaN,NaN
2020-02-06,NaN,NaN,NaN,98.41,380598.0,15664.0,98.42,214190.0,30509.0,98.43,290198.0,48318.0,98.465,209338.0,74259.0,98.495,74650.0,13572.0,98.52,97956.0,32912.0,98.565,92124.0,9775.0,98.595,20875.0,2766.0,98.635,74618.0,8273.0,98.665,50828.0,5655.0,98.71,24285.0,3369.0,98.745,53716.0,7859.0,98.775,43617.0,3555.0,98.78,6078.0,1028.0,98.785,21109.0,2464.0,98.79,9679.0,961.0,98.795,964.0,286.0,98.805,544.0,257.0,98.81,482.0,431.0,98.805,89.0,409.0,98.825,25.0,30.0,98.825,NaN,NaN,98.815,NaN,NaN,98.82,NaN,NaN,98.82,NaN,NaN,98.82,NaN,NaN,98.81,NaN,NaN,98.81,NaN,NaN,98.81,NaN,NaN,98.79,NaN,NaN,98.79,NaN,NaN,98.79,NaN,NaN,98.79,NaN,NaN,98.79,NaN,NaN,98.79,98.79,NaN,NaN,NaN,NaN,NaN,NaN,NaN,NaN,NaN,NaN,NaN,NaN,NaN,NaN,NaN,NaN,NaN,NaN,NaN,NaN,NaN,NaN,NaN,NaN,NaN,NaN,NaN,NaN,NaN,NaN,NaN,NaN,NaN,NaN
2020-02-07,NaN,NaN,NaN,98.4125,379304.0,9752.0,98.425,214817.0,13098.0,98.44,307360.0,80463.0,98.495,226249.0,90648.0,98.53,80656.0,22990.0,98.555,99594.0,45238.0,98.6,94388.0,30199.0,98.635,22110.0,5614.0,98.675,74280.0,23364.0,98.705,53414.0,22954.0,98.75,25746.0,8546.0,98.79,56851.0,47198.0,98.82,43345.0,19206.0,98.825,6127.0,3679.0,98.83,21016.0,6673.0,98.835,9702.0,6112.0,98.845,891.0,395.0,98.85,549.0,134.0,98.86,480.0,66.0,98.855,179.0,138.0,98.865,133.0,108.0,98.865,NaN,NaN,98.855,NaN,NaN,98.86,NaN,NaN,98.86,NaN,NaN,98.86,NaN,NaN,98.85,NaN,NaN,98.85,NaN,NaN,98.85,NaN,NaN,98.83,NaN,NaN,98.83,NaN,NaN,98.83,NaN,NaN,98.83,NaN,NaN,98.83,NaN,NaN,98.83,98.83,NaN,NaN,NaN,NaN,NaN,NaN,NaN,NaN,NaN,NaN,NaN,NaN,NaN,NaN,NaN,NaN,NaN,NaN,NaN,NaN,NaN,NaN,NaN,NaN,NaN,NaN,NaN,NaN,NaN,NaN,NaN,NaN,NaN,NaN
2020-02-10,NaN,NaN,NaN,98.415,375625.0,16187.0,98.43,213903.0,24760.0,98.45,317443.0,56256.0,98.505,233855.0,44966.0,98.55,79875.0,22814.0,98.58,98582.0,38716.0,98.635,97934.0,24044.0,98.67,21680.0,3169.0,98.71,74787.0,17264.0,98.74,52094.0,7426.0,98.785,27530.0,4286.0,98.825,54446.0,10666.0,98.855,43978.0,3171.0,98.86,7479.0,1923.0,98.87,20688.0,4065.0,98.875,9039.0,1547.0,98.885,871.0,149.0,98.89,581.0,36.0,98.9,450.0,63.0,98.895,181.0,NaN,98.905,163.0,30.0,98.905,NaN,NaN,98.895,NaN,NaN,98.9,NaN,NaN,98.9,NaN,NaN,98.9,NaN,NaN,98.89,NaN,NaN,98.89,NaN,NaN,98.89,NaN,NaN,98.87,NaN,NaN,98.87,NaN,NaN,98.87,NaN,NaN,98.87,NaN,NaN,98.87,NaN,NaN,98.87,98.87,NaN,NaN,NaN,NaN,NaN,NaN,NaN,NaN,NaN,NaN,NaN,NaN,NaN,NaN,NaN,NaN,NaN,NaN,NaN,NaN,NaN,NaN,NaN,NaN,NaN,NaN,NaN,NaN,NaN,NaN,NaN,NaN,NaN,NaN
2020-02-11,NaN,NaN,NaN,98.415,375018.0,19864.0,98.425,212844.0,19503.0,98.435,315051.0,60455.0,98.48,234582.0,65533.0,98.52,78508.0,14286.0,98.545,109130.0,38379.0,98.595,98982.0,21419.0,98.63,21197.0,3751.0,98.67,79899.0,17823.0,98.705,52359.0,8548.0,98.75,26466.0,3796.0,98.79,58901.0,16356.0,98.82,46286.0,9284.0,98.825,7027.0,1617.0,98.835,20682.0,2523.0,98.84,8740.0,1207.0,98.85,999.0,248.0,98.855,751.0,274.0,98.865,483.0,75.0,98.86,178.0,1.0,98.87,163.0,NaN,98.87,NaN,NaN,98.86,NaN,NaN,98.865,NaN,NaN,98.865,NaN,NaN,98.865,NaN,NaN,98.855,NaN,NaN,98.855,NaN,NaN,98.855,NaN,NaN,98.835,NaN,NaN,98.835,NaN,NaN,98.835,NaN,NaN,98.835,NaN,NaN,98.835,NaN,NaN,98.835,98.835,NaN,NaN,NaN,NaN,NaN,NaN,NaN,NaN,NaN,NaN,NaN,NaN,NaN,NaN,NaN,NaN,NaN,NaN,NaN,NaN,NaN,NaN,NaN,NaN,NaN,NaN,NaN,NaN,NaN,NaN,NaN,NaN,NaN,NaN
2020-02-12,NaN,NaN,NaN,98.4175,375464.0,19601.0,98.425,209229.0,20294.0,98.435,313816.0,22339.0,98.47,241443.0,41297.0,98.505,80284.0,14457.0,98.525,114195.0,25324.0,98.575,104790.0,18796.0,98.605,22128.0,4180.0,98.645,83674.0,11167.0,98.675,56245.0,9774.0,98.72,25562.0,3771.0,98.76,60315.0,14912.0,98.79,50896.0,11767.0,98.795,7264.0,2768.0,98.8,20431.0,4477.0,98.81,9230.0,3390.0,98.82,1193.0,476.0,98.825,711.0,178.0,98.835,482.0,41.0,98.83,178.0,NaN,98.84,154.0,33.0,98.84,NaN,NaN,98.83,NaN,NaN,98.835,NaN,NaN,98.835,NaN,NaN,98.835,NaN,NaN,98.825,NaN,NaN,98.825,NaN,NaN,98.825,NaN,NaN,98.805,NaN,NaN,98.805,NaN,NaN,98.805,NaN,NaN,98.805,NaN,NaN,98.805,NaN,NaN,98.805,98.805,NaN,NaN,NaN,NaN,NaN,NaN,NaN,NaN,NaN,NaN,NaN,NaN,NaN,NaN,NaN,NaN,NaN,NaN,NaN,NaN,NaN,NaN,NaN,NaN,NaN,NaN,NaN,NaN,NaN,NaN,NaN,NaN,NaN,NaN
2020-02-13,NaN,NaN,NaN,98.415,381842.0,20030.0,98.425,210085.0,11317.0,98.435,326504.0,58658.0,98.485,247346.0,67449.0,98.52,83291.0,13816.0,98.54,127908.0,40237.0,98.585,108289.0,18789.0,98.615,22693.0,3569.0,98.655,85888.0,15259.0,98.685,55825.0,7992.0,98.73,25627.0,4564.0,98.77,61636.0,10595.0,98.8,51525.0,11545.0,98.805,7677.0,1882.0,98.81,20918.0,3262.0,98.82,8326.0,3302.0,98.83,1169.0,189.0,98.835,772.0,154.0,98.84,505.0,65.0,98.835,178.0,NaN,98.845,136.0,NaN,98.845,NaN,NaN,98.835,NaN,NaN,98.84,NaN,NaN,98.84,NaN,NaN,98.84,NaN,NaN,98.83,NaN,NaN,98.83,NaN,NaN,98.83,NaN,NaN,98.81,NaN,NaN,98.81,NaN,NaN,98.81,NaN,NaN,98.81,NaN,NaN,98.81,NaN,NaN,98.81,98.81,NaN,NaN,NaN,NaN,NaN,NaN,NaN,NaN,NaN,NaN,NaN,NaN,NaN,NaN,NaN,NaN,NaN,NaN,NaN,NaN,NaN,NaN,NaN,NaN,NaN,NaN,NaN,NaN,NaN,NaN,NaN,NaN,NaN,NaN
2020-02-14,NaN,NaN,NaN,98.4175,381508.0,7471.0,98.43,210411.0,7196.0,98.445,331711.0,56816.0,98.495,254527.0,42539.0,98.535,83636.0,15266.0,98.56,132171.0,32399.0,98.605,115586.0,21177.0,98.64,22779.0,4181.0,98.685,89009.0,12126.0,98.715,56201.0,7695.0,98.76,25152.0,3532.0,98.8,64133.0,6871.0,98.835,53496.0,4802.0,98.84,7958.0,1868.0,98.845,21226.0,1464.0,98.855,8516.0,917.0,98.865,1285.0,471.0,98.87,886.0,181.0,98.875,561.0,277.0,98.87,147.0,39.0,98.88,134.0,21.0,98.88,NaN,NaN,98.87,NaN,NaN,98.875,NaN,NaN,98.875,NaN,NaN,98.875,NaN,NaN,98.865,NaN,NaN,98.865,NaN,NaN,98.865,NaN,NaN,98.845,NaN,NaN,98.845,NaN,NaN,98.845,NaN,NaN,98.845,NaN,NaN,98.845,NaN,NaN,98.845,98.845,NaN,NaN,NaN,NaN,NaN,NaN,NaN,NaN,NaN,NaN,NaN,NaN,NaN,NaN,NaN,NaN,NaN,NaN,NaN,NaN,NaN,NaN,NaN,NaN,NaN,NaN,NaN,NaN,NaN,NaN,NaN,NaN,NaN,NaN
2020-02-18,NaN,NaN,NaN,98.4175,373503.0,33313.0,98.43,204291.0,18538.0,98.445,346806.0,56660.0,98.495,257661.0,52549.0,98.54,90343.0,26952.0,98.57,135228.0,36165.0,98.625,119541.0,23475.0,98.655,24173.0,7559.0,98.7,93282.0,15814.0,98.73,62485.0,17185.0,98.775,27185.0,5929.0,98.82,63623.0,10820.0,98.855,54149.0,4306.0,98.86,8320.0,1413.0,98.865,22200.0,3291.0,98.875,8732.0,2576.0,98.885,1329.0,349.0,98.89,887.0,17.0,98.895,563.0,2.0,98.89,147.0,NaN,98.9,131.0,6.0,98.9,NaN,NaN,98.89,NaN,NaN,98.895,NaN,NaN,98.895,NaN,NaN,98.895,NaN,NaN,98.885,NaN,NaN,98.885,NaN,NaN,98.885,NaN,NaN,98.865,NaN,NaN,98.865,NaN,NaN,98.865,NaN,NaN,98.865,NaN,NaN,98.865,NaN,NaN,98.865,98.865,NaN,NaN,NaN,NaN,NaN,NaN,NaN,NaN,NaN,NaN,NaN,NaN,NaN,NaN,NaN,NaN,NaN,NaN,NaN,NaN,NaN,NaN,NaN,NaN,NaN,NaN,NaN,NaN,NaN,NaN,NaN,NaN,NaN,NaN
2020-02-19,NaN,NaN,NaN,98.4175,370942.0,8758.0,98.425,203109.0,22119.0,98.43,348281.0,66633.0,98.475,260217.0,61342.0,98.52,93135.0,26984.0,98.545,139476.0,38387.0,98.6,120825.0,27449.0,98.63,19991.0,3487.0,98.675,95159.0,21633.0,98.7,68007.0,14375.0,98.75,28646.0,5809.0,98.795,66430.0,10662.0,98.83,57200.0,6912.0,98.835,8558.0,1456.0,98.84,22403.0,1676.0,98.85,9068.0,1622.0,98.86,1404.0,169.0,98.865,907.0,92.0,98.875,562.0,5.0,98.87,151.0,4.0,98.88,129.0,NaN,98.88,NaN,NaN,98.87,NaN,NaN,98.88,NaN,NaN,98.88,NaN,NaN,98.88,NaN,NaN,98.87,NaN,NaN,98.87,NaN,NaN,98.87,NaN,NaN,98.85,NaN,NaN,98.85,NaN,NaN,98.85,NaN,NaN,98.85,NaN,NaN,98.85,NaN,NaN,98.85,98.85,NaN,NaN,NaN,NaN,NaN,NaN,NaN,NaN,NaN,NaN,NaN,NaN,NaN,NaN,NaN,NaN,NaN,NaN,NaN,NaN,NaN,NaN,NaN,NaN,NaN,NaN,NaN,NaN,NaN,NaN,NaN,NaN,NaN,NaN
2020-02-20,NaN,NaN,NaN,98.415,373024.0,17364.0,98.425,201146.0,29151.0,98.43,352049.0,99367.0,98.485,261184.0,100354.0,98.535,91478.0,38423.0,98.57,146336.0,61671.0,98.63,122346.0,27110.0,98.665,22459.0,12163.0,98.715,98698.0,33393.0,98.74,66741.0,17720.0,98.79,29559.0,5696.0,98.835,70514.0,20416.0,98.875,56667.0,5614.0,98.88,8773.0,1716.0,98.885,24054.0,3292.0,98.895,10782.0,3752.0,98.905,1390.0,114.0,98.91,1051.0,510.0,98.92,842.0,536.0,98.915,151.0,NaN,98.925,126.0,NaN,98.925,NaN,NaN,98.915,NaN,NaN,98.93,NaN,NaN,98.93,NaN,NaN,98.93,NaN,NaN,98.92,NaN,NaN,98.92,NaN,NaN,98.92,NaN,NaN,98.9,NaN,NaN,98.9,NaN,NaN,98.9,NaN,NaN,98.9,NaN,NaN,98.9,NaN,NaN,98.9,98.9,NaN,NaN,NaN,NaN,NaN,NaN,NaN,NaN,NaN,NaN,NaN,NaN,NaN,NaN,NaN,NaN,NaN,NaN,NaN,NaN,NaN,NaN,NaN,NaN,NaN,NaN,NaN,NaN,NaN,NaN,NaN,NaN,NaN,NaN
2020-02-21,NaN,NaN,NaN,98.4175,375809.0,8246.0,98.43,210746.0,29496.0,98.435,359137.0,92498.0,98.51,279532.0,131537.0,98.57,103637.0,40124.0,98.615,139022.0,79635.0,98.685,120375.0,41807.0,98.725,20702.0,6525.0,98.775,100183.0,27828.0,98.8,66682.0,15293.0,98.85,28992.0,9955.0,98.9,73287.0,23384.0,98.94,56863.0,7117.0,98.945,8824.0,2053.0,98.95,26105.0,6655.0,98.96,11347.0,2379.0,98.97,1366.0,66.0,98.975,1131.0,407.0,98.985,1026.0,265.0,98.98,157.0,6.0,98.99,125.0,2.0,98.99,NaN,NaN,98.98,NaN,NaN,98.995,NaN,NaN,98.995,NaN,NaN,98.995,NaN,NaN,98.985,NaN,NaN,98.985,NaN,NaN,98.985,NaN,NaN,98.965,NaN,NaN,98.965,NaN,NaN,98.965,NaN,NaN,98.965,NaN,NaN,98.965,NaN,NaN,98.965,98.965,NaN,NaN,NaN,NaN,NaN,NaN,NaN,NaN,NaN,NaN,NaN,NaN,NaN,NaN,NaN,NaN,NaN,NaN,NaN,NaN,NaN,NaN,NaN,NaN,NaN,NaN,NaN,NaN,NaN,NaN,NaN,NaN,NaN,NaN
2020-02-24,NaN,NaN,NaN,98.4175,368663.0,52872.0,98.44,194965.0,53579.0,98.455,382595.0,295732.0,98.555,307059.0,220943.0,98.635,113713.0,67188.0,98.685,150199.0,119689.0,98.77,117911.0,61128.0,98.81,21350.0,8753.0,98.86,101502.0,21794.0,98.89,70581.0,21612.0,98.935,31912.0,17346.0,98.985,75414.0,32133.0,99.03,57337.0,16931.0,99.035,8075.0,7223.0,99.04,28927.0,7040.0,99.05,11831.0,3292.0,99.06,1490.0,910.0,99.065,1435.0,729.0,99.075,1355.0,516.0,99.07,157.0,NaN,99.08,134.0,9.0,99.08,NaN,NaN,99.07,NaN,NaN,99.085,NaN,NaN,99.085,NaN,NaN,99.085,NaN,NaN,99.075,NaN,NaN,99.075,NaN,NaN,99.075,NaN,NaN,99.055,NaN,NaN,99.055,NaN,NaN,99.055,NaN,NaN,99.055,NaN,NaN,99.055,NaN,NaN,99.055,99.055,NaN,NaN,NaN,NaN,NaN,NaN,NaN,NaN,NaN,NaN,NaN,NaN,NaN,NaN,NaN,NaN,NaN,NaN,NaN,NaN,NaN,NaN,NaN,NaN,NaN,NaN,NaN,NaN,NaN,NaN,NaN,NaN,NaN,NaN
2020-02-25,NaN,NaN,NaN,98.4175,367481.0,5134.0,98.455,198257.0,62544.0,98.49,394560.0,267835.0,98.6,324765.0,263408.0,98.68,126849.0,69280.0,98.735,160971.0,107205.0,98.825,117993.0,43309.0,98.865,23023.0,16479.0,98.92,101969.0,28065.0,98.95,71231.0,23169.0,98.995,32183.0,11615.0,99.045,69624.0,41694.0,99.085,54615.0,17549.0,99.09,8109.0,6533.0,99.095,29891.0,4737.0,99.105,12118.0,2259.0,99.115,1549.0,176.0,99.12,2303.0,1146.0,99.13,2303.0,1152.0,99.125,155.0,14.0,99.135,138.0,4.0,99.135,NaN,NaN,99.125,NaN,NaN,99.145,NaN,NaN,99.145,NaN,NaN,99.145,NaN,NaN,99.13,NaN,NaN,99.13,NaN,NaN,99.13,NaN,NaN,99.11,NaN,NaN,99.11,NaN,NaN,99.11,NaN,NaN,99.11,NaN,NaN,99.11,NaN,NaN,99.11,99.11,NaN,NaN,NaN,NaN,NaN,NaN,NaN,NaN,NaN,NaN,NaN,NaN,NaN,NaN,NaN,NaN,NaN,NaN,NaN,NaN,NaN,NaN,NaN,NaN,NaN,NaN,NaN,NaN,NaN,NaN,NaN,NaN,NaN,NaN
2020-02-26,NaN,NaN,NaN,98.415,366802.0,2113.0,98.455,196954.0,55998.0,98.495,393481.0,214239.0,98.63,313844.0,172566.0,98.725,136906.0,69768.0,98.785,158713.0,104228.0,98.88,107958.0,49553.0,98.925,22697.0,13611.0,98.98,105794.0,27862.0,99.01,71227.0,24806.0,99.05,30350.0,11907.0,99.09,64860.0,38852.0,99.13,57930.0,18832.0,99.135,8449.0,5336.0,99.14,32655.0,6184.0,99.15,12645.0,2294.0,99.155,1442.0,969.0,99.16,1428.0,1984.0,99.165,1224.0,1441.0,99.16,164.0,15.0,99.17,140.0,4.0,99.17,NaN,NaN,99.16,NaN,NaN,99.18,NaN,NaN,99.18,NaN,NaN,99.18,NaN,NaN,99.16,NaN,NaN,99.16,NaN,NaN,99.16,NaN,NaN,99.14,NaN,NaN,99.14,NaN,NaN,99.14,NaN,NaN,99.14,NaN,NaN,99.14,NaN,NaN,99.14,99.14,NaN,NaN,NaN,NaN,NaN,NaN,NaN,NaN,NaN,NaN,NaN,NaN,NaN,NaN,NaN,NaN,NaN,NaN,NaN,NaN,NaN,NaN,NaN,NaN,NaN,NaN,NaN,NaN,NaN,NaN,NaN,NaN,NaN,NaN
2020-02-27,NaN,NaN,NaN,98.415,356242.0,38914.0,98.48,219088.0,180462.0,98.55,402133.0,439464.0,98.715,283374.0,295777.0,98.815,141185.0,73763.0,98.885,156557.0,155065.0,98.97,108375.0,84489.0,99.01,23053.0,16907.0,99.06,101732.0,41910.0,99.085,66862.0,33967.0,99.125,30695.0,19139.0,99.16,59846.0,70615.0,99.2,63363.0,23440.0,99.205,11504.0,14867.0,99.21,32491.0,10125.0,99.22,13897.0,3832.0,99.225,1934.0,1115.0,99.225,1314.0,558.0,99.23,1172.0,629.0,99.225,176.0,39.0,99.235,147.0,7.0,99.235,NaN,NaN,99.225,NaN,NaN,99.245,NaN,NaN,99.245,NaN,NaN,99.245,NaN,NaN,99.21,NaN,NaN,99.21,NaN,NaN,99.21,NaN,NaN,99.19,NaN,NaN,99.19,NaN,NaN,99.19,NaN,NaN,99.19,NaN,NaN,99.19,NaN,NaN,99.19,99.19,NaN,NaN,NaN,NaN,NaN,NaN,NaN,NaN,NaN,NaN,NaN,NaN,NaN,NaN,NaN,NaN,NaN,NaN,NaN,NaN,NaN,NaN,NaN,NaN,NaN,NaN,NaN,NaN,NaN,NaN,NaN,NaN,NaN,NaN
2020-02-28,NaN,NaN,NaN,98.415,350453.0,8820.0,98.635,238427.0,261547.0,98.79,387591.0,510053.0,98.97,270641.0,259564.0,99.065,136273.0,89639.0,99.13,143032.0,143788.0,99.215,106373.0,73077.0,99.25,24498.0,20496.0,99.29,103060.0,39136.0,99.31,64659.0,35002.0,99.34,31165.0,19128.0,99.37,68289.0,60585.0,99.41,65377.0,35523.0,99.41,10489.0,15517.0,99.415,30632.0,14450.0,99.42,13046.0,4058.0,99.42,1877.0,912.0,99.42,1312.0,506.0,99.425,1045.0,629.0,99.42,153.0,31.0,99.43,148.0,6.0,99.43,NaN,NaN,99.42,NaN,NaN,99.44,NaN,NaN,99.44,NaN,NaN,99.44,NaN,NaN,99.405,NaN,NaN,99.405,NaN,NaN,99.405,NaN,NaN,99.385,NaN,NaN,99.385,NaN,NaN,99.385,NaN,NaN,99.385,NaN,NaN,99.385,NaN,NaN,99.385,99.385,99.385,NaN,NaN,NaN,NaN,NaN,NaN,NaN,NaN,NaN,NaN,NaN,NaN,NaN,NaN,NaN,NaN,NaN,NaN,NaN,NaN,NaN,NaN,NaN,NaN,NaN,NaN,NaN,NaN,NaN,NaN,NaN,NaN,NaN
2020-03-02,NaN,NaN,NaN,98.417,350525.0,NaN,98.715,258251.0,231158.0,98.91,333984.0,337212.0,99.085,254430.0,216416.0,99.17,146970.0,78655.0,99.25,185229.0,149247.0,99.31,116476.0,65459.0,99.34,24661.0,16868.0,99.375,115628.0,40482.0,99.39,65881.0,29489.0,99.405,30941.0,14402.0,99.425,68740.0,44028.0,99.445,66738.0,32125.0,99.445,10096.0,13471.0,99.445,28784.0,12719.0,99.44,12153.0,3300.0,99.44,1778.0,644.0,99.435,1407.0,1014.0,99.435,1151.0,668.0,99.43,207.0,128.0,99.44,168.0,8.0,99.44,NaN,NaN,99.43,NaN,NaN,99.45,NaN,NaN,99.45,NaN,NaN,99.45,NaN,NaN,99.415,NaN,NaN,99.415,NaN,NaN,99.415,NaN,NaN,99.395,NaN,NaN,99.395,NaN,NaN,99.395,NaN,NaN,99.395,NaN,NaN,99.395,NaN,NaN,99.395,99.395,99.395,NaN,NaN,NaN,NaN,NaN,NaN,NaN,NaN,NaN,NaN,NaN,NaN,NaN,NaN,NaN,NaN,NaN,NaN,NaN,NaN,NaN,NaN,NaN,NaN,NaN,NaN,NaN,NaN,NaN,NaN,NaN,NaN,NaN
2020-03-03,NaN,NaN,NaN,NaN,NaN,NaN,98.985,263673.0,251663.0,99.21,348101.0,439949.0,99.325,262297.0,283514.0,99.36,154349.0,92325.0,99.405,188083.0,157187.0,99.445,108626.0,84991.0,99.465,26039.0,20622.0,99.495,102048.0,60280.0,99.505,63875.0,42743.0,99.52,31339.0,18544.0,99.54,63539.0,41654.0,99.555,63068.0,24451.0,99.545,11857.0,14820.0,99.54,28486.0,12643.0,99.535,11770.0,2360.0,99.525,1633.0,899.0,99.515,1571.0,892.0,99.51,976.0,507.0,99.505,166.0,29.0,99.505,212.0,98.0,99.505,NaN,NaN,99.495,NaN,NaN,99.515,NaN,NaN,99.515,NaN,NaN,99.515,NaN,NaN,99.465,NaN,NaN,99.465,NaN,NaN,99.465,NaN,NaN,99.44,NaN,NaN,99.44,NaN,NaN,99.44,NaN,NaN,99.44,NaN,NaN,99.44,NaN,NaN,99.44,99.44,99.44,NaN,NaN,NaN,NaN,NaN,NaN,NaN,NaN,NaN,NaN,NaN,NaN,NaN,NaN,NaN,NaN,NaN,NaN,NaN,NaN,NaN,NaN,NaN,NaN,NaN,NaN,NaN,NaN,NaN,NaN,NaN,NaN,NaN
2020-03-04,NaN,NaN,NaN,NaN,NaN,NaN,98.9725,251033.0,98933.0,99.22,363626.0,226033.0,99.375,268728.0,185307.0,99.45,159106.0,70073.0,99.51,204691.0,180546.0,99.555,104490.0,83027.0,99.575,31559.0,26609.0,99.605,101447.0,43158.0,99.61,62211.0,22845.0,99.62,32250.0,10647.0,99.63,61593.0,28219.0,99.635,63649.0,18054.0,99.625,11774.0,8226.0,99.615,28312.0,9942.0,99.605,12742.0,2664.0,99.595,1637.0,161.0,99.585,1683.0,591.0,99.58,1037.0,279.0,99.575,178.0,67.0,99.575,211.0,77.0,99.575,NaN,NaN,99.565,NaN,NaN,99.585,NaN,NaN,99.585,NaN,NaN,99.585,NaN,NaN,99.525,NaN,NaN,99.525,NaN,NaN,99.525,NaN,NaN,99.495,NaN,NaN,99.495,NaN,NaN,99.495,NaN,NaN,99.495,NaN,NaN,99.495,NaN,NaN,99.495,99.495,99.495,NaN,NaN,NaN,NaN,NaN,NaN,NaN,NaN,NaN,NaN,NaN,NaN,NaN,NaN,NaN,NaN,NaN,NaN,NaN,NaN,NaN,NaN,NaN,NaN,NaN,NaN,NaN,NaN,NaN,NaN,NaN,NaN,NaN
2020-03-05,NaN,NaN,NaN,NaN,NaN,NaN,99.035,253007.0,87519.0,99.335,390261.0,241151.0,99.515,285322.0,176407.0,99.575,168465.0,50853.0,99.63,209872.0,130637.0,99.655,110337.0,84356.0,99.67,32392.0,28005.0,99.69,112767.0,84309.0,99.695,73203.0,57862.0,99.705,31412.0,16146.0,99.715,71210.0,56700.0,99.72,63408.0,29826.0,99.71,13193.0,16374.0,99.695,31166.0,15622.0,99.685,13339.0,3701.0,99.675,1783.0,724.0,99.665,1399.0,1363.0,99.66,1120.0,907.0,99.66,469.0,624.0,99.655,243.0,209.0,99.655,NaN,NaN,99.645,NaN,NaN,99.665,NaN,NaN,99.665,NaN,NaN,99.665,NaN,NaN,99.605,NaN,NaN,99.605,NaN,NaN,99.605,NaN,NaN,99.575,NaN,NaN,99.575,NaN,NaN,99.575,NaN,NaN,99.575,NaN,NaN,99.575,NaN,NaN,99.575,99.575,99.575,NaN,NaN,NaN,NaN,NaN,NaN,NaN,NaN,NaN,NaN,NaN,NaN,NaN,NaN,NaN,NaN,NaN,NaN,NaN,NaN,NaN,NaN,NaN,NaN,NaN,NaN,NaN,NaN,NaN,NaN,NaN,NaN,NaN
2020-03-06,NaN,NaN,NaN,NaN,NaN,NaN,99.1225,263832.0,85315.0,99.49,388563.0,229456.0,99.615,291615.0,195015.0,99.675,164053.0,61695.0,99.725,201573.0,153572.0,99.75,114343.0,76868.0,99.765,31518.0,22897.0,99.785,115742.0,63847.0,99.79,79170.0,45984.0,99.795,33513.0,26119.0,99.805,73450.0,85321.0,99.8,63022.0,38458.0,99.79,11309.0,19991.0,99.775,31171.0,13579.0,99.765,13184.0,5216.0,99.755,1993.0,687.0,99.745,2335.0,2046.0,99.74,1622.0,1999.0,99.74,642.0,437.0,99.735,218.0,114.0,99.735,NaN,NaN,99.725,NaN,NaN,99.745,NaN,NaN,99.745,NaN,NaN,99.745,NaN,NaN,99.685,NaN,NaN,99.685,NaN,NaN,99.685,NaN,NaN,99.655,NaN,NaN,99.655,NaN,NaN,99.655,NaN,NaN,99.655,NaN,NaN,99.655,NaN,NaN,99.655,99.655,99.655,NaN,NaN,NaN,NaN,NaN,NaN,NaN,NaN,NaN,NaN,NaN,NaN,NaN,NaN,NaN,NaN,NaN,NaN,NaN,NaN,NaN,NaN,NaN,NaN,NaN,NaN,NaN,NaN,NaN,NaN,NaN,NaN,NaN
2020-03-09,NaN,NaN,NaN,NaN,NaN,NaN,99.25,274438.0,69616.0,99.695,385805.0,153432.0,99.805,309191.0,151585.0,99.85,167197.0,52095.0,99.885,217665.0,114613.0,99.895,123441.0,83796.0,99.89,36761.0,31815.0,99.89,115224.0,70962.0,99.88,82741.0,31002.0,99.875,34973.0,14414.0,99.88,73661.0,53598.0,99.88,57716.0,29819.0,99.875,11067.0,22414.0,99.86,31199.0,17827.0,99.85,13083.0,7281.0,99.84,2037.0,588.0,99.825,2470.0,937.0,99.82,1650.0,179.0,99.82,682.0,103.0,99.815,218.0,8.0,99.815,NaN,NaN,99.805,NaN,NaN,99.825,NaN,NaN,99.825,NaN,NaN,99.825,NaN,NaN,99.765,NaN,NaN,99.765,NaN,NaN,99.765,NaN,NaN,99.735,NaN,NaN,99.735,NaN,NaN,99.735,NaN,NaN,99.735,NaN,NaN,99.735,NaN,NaN,99.735,99.735,99.735,NaN,NaN,NaN,NaN,NaN,NaN,NaN,NaN,NaN,NaN,NaN,NaN,NaN,NaN,NaN,NaN,NaN,NaN,NaN,NaN,NaN,NaN,NaN,NaN,NaN,NaN,NaN,NaN,NaN,NaN,NaN,NaN,NaN
2020-03-10,NaN,NaN,NaN,NaN,NaN,NaN,99.1675,263713.0,107977.0,99.59,359004.0,205558.0,99.75,316448.0,127557.0,99.785,167824.0,32098.0,99.815,222606.0,71537.0,99.83,119065.0,51292.0,99.825,36801.0,13801.0,99.825,112841.0,44452.0,99.815,82406.0,29491.0,99.81,35008.0,12314.0,99.815,73066.0,40350.0,99.805,62748.0,26184.0,99.79,13285.0,23126.0,99.775,31987.0,10454.0,99.76,13023.0,5439.0,99.75,1848.0,1031.0,99.735,2642.0,682.0,99.73,1735.0,402.0,99.73,682.0,112.0,99.72,218.0,NaN,99.72,NaN,NaN,99.71,NaN,NaN,99.73,NaN,NaN,99.73,NaN,NaN,99.73,NaN,NaN,99.67,NaN,NaN,99.67,NaN,NaN,99.67,NaN,NaN,99.63,NaN,NaN,99.63,NaN,NaN,99.63,NaN,NaN,99.63,NaN,NaN,99.63,NaN,NaN,99.63,99.63,99.63,NaN,NaN,NaN,NaN,NaN,NaN,NaN,NaN,NaN,NaN,NaN,NaN,NaN,NaN,NaN,NaN,NaN,NaN,NaN,NaN,NaN,NaN,NaN,NaN,NaN,NaN,NaN,NaN,NaN,NaN,NaN,NaN,NaN
2020-03-11,NaN,NaN,NaN,NaN,NaN,NaN,99.26,273577.0,85511.0,99.705,393116.0,186217.0,99.81,319395.0,141250.0,99.845,170200.0,47302.0,99.875,227279.0,90314.0,99.885,129793.0,66572.0,99.88,37590.0,11730.0,99.88,114812.0,33013.0,99.87,80713.0,24225.0,99.87,34337.0,9640.0,99.875,82246.0,67043.0,99.86,65514.0,23828.0,99.845,11779.0,20142.0,99.83,31826.0,7683.0,99.805,13809.0,3054.0,99.795,1780.0,463.0,99.78,2553.0,485.0,99.77,1715.0,302.0,99.77,675.0,18.0,99.755,218.0,NaN,99.755,NaN,NaN,99.745,NaN,NaN,99.765,NaN,NaN,99.765,NaN,NaN,99.765,NaN,NaN,99.705,NaN,NaN,99.705,NaN,NaN,99.705,NaN,NaN,99.66,NaN,NaN,99.66,NaN,NaN,99.66,NaN,NaN,99.66,NaN,NaN,99.66,NaN,NaN,99.66,99.66,99.66,NaN,NaN,NaN,NaN,NaN,NaN,NaN,NaN,NaN,NaN,NaN,NaN,NaN,NaN,NaN,NaN,NaN,NaN,NaN,NaN,NaN,NaN,NaN,NaN,NaN,NaN,NaN,NaN,NaN,NaN,NaN,NaN,NaN
2020-03-12,NaN,NaN,NaN,NaN,NaN,NaN,99.29,266790.0,79005.0,99.84,390926.0,269947.0,99.87,305161.0,210318.0,99.885,170018.0,77026.0,99.9,221267.0,149265.0,99.905,133748.0,81667.0,99.905,37628.0,18569.0,99.9,104974.0,56724.0,99.89,79853.0,33881.0,99.89,33567.0,14992.0,99.89,81621.0,58177.0,99.88,60787.0,35302.0,99.865,10055.0,28541.0,99.855,29064.0,14309.0,99.83,13713.0,2121.0,99.82,1869.0,356.0,99.81,2421.0,744.0,99.8,1712.0,354.0,99.8,675.0,NaN,99.785,218.0,NaN,99.785,NaN,NaN,99.775,NaN,NaN,99.795,NaN,NaN,99.795,NaN,NaN,99.795,NaN,NaN,99.735,NaN,NaN,99.735,NaN,NaN,99.735,NaN,NaN,99.69,NaN,NaN,99.69,NaN,NaN,99.69,NaN,NaN,99.69,NaN,NaN,99.69,NaN,NaN,99.69,99.69,99.69,NaN,NaN,NaN,NaN,NaN,NaN,NaN,NaN,NaN,NaN,NaN,NaN,NaN,NaN,NaN,NaN,NaN,NaN,NaN,NaN,NaN,NaN,NaN,NaN,NaN,NaN,NaN,NaN,NaN,NaN,NaN,NaN,NaN
2020-03-13,NaN,NaN,NaN,NaN,NaN,NaN,99.28,259674.0,47343.0,99.84,399649.0,129263.0,99.87,296226.0,88568.0,99.88,163266.0,36607.0,99.89,214978.0,99335.0,99.9,134287.0,44125.0,99.9,37547.0,8886.0,99.905,106785.0,33375.0,99.89,79987.0,19683.0,99.89,32839.0,13618.0,99.89,83058.0,54796.0,99.875,59581.0,16107.0,99.86,9913.0,13250.0,99.845,29751.0,9024.0,99.82,13715.0,1357.0,99.81,1848.0,168.0,99.8,2432.0,364.0,99.79,1690.0,133.0,99.79,674.0,25.0,99.775,209.0,17.0,99.775,NaN,NaN,99.765,NaN,NaN,99.785,NaN,NaN,99.785,NaN,NaN,99.785,NaN,NaN,99.725,NaN,NaN,99.725,NaN,NaN,99.725,NaN,NaN,99.665,NaN,NaN,99.665,NaN,NaN,99.665,NaN,NaN,99.665,NaN,NaN,99.665,NaN,NaN,99.665,99.665,99.665,NaN,NaN,NaN,NaN,NaN,NaN,NaN,NaN,NaN,NaN,NaN,NaN,NaN,NaN,NaN,NaN,NaN,NaN,NaN,NaN,NaN,NaN,NaN,NaN,NaN,NaN,NaN,NaN,NaN,NaN,NaN,NaN,NaN
2020-03-16,NaN,NaN,NaN,NaN,NaN,NaN,99.345,252407.0,58829.0,99.895,361000.0,162980.0,99.895,269926.0,122133.0,99.91,163856.0,36456.0,99.92,210712.0,53313.0,99.92,130852.0,35813.0,99.92,36639.0,11708.0,99.92,105289.0,21509.0,99.91,81719.0,15456.0,99.905,32546.0,8043.0,99.9,82772.0,39632.0,99.885,59490.0,23271.0,99.875,12296.0,14307.0,99.865,32094.0,13164.0,99.84,16499.0,5109.0,99.83,1917.0,413.0,99.825,4115.0,3093.0,99.82,1846.0,751.0,99.82,671.0,151.0,99.805,204.0,231.0,99.805,29.0,45.0,99.795,25.0,40.0,99.8,16.0,28.0,99.8,NaN,NaN,99.8,NaN,NaN,99.74,NaN,NaN,99.74,NaN,NaN,99.74,NaN,NaN,99.68,NaN,NaN,99.68,NaN,NaN,99.68,NaN,NaN,99.68,NaN,NaN,99.68,NaN,NaN,99.68,99.68,99.68,NaN,NaN,NaN,NaN,NaN,NaN,NaN,NaN,NaN,NaN,NaN,NaN,NaN,NaN,NaN,NaN,NaN,NaN,NaN,NaN,NaN,NaN,NaN,NaN,NaN,NaN,NaN,NaN,NaN,NaN,NaN,NaN,NaN
2020-03-17,NaN,NaN,NaN,NaN,NaN,NaN,99.3275,258551.0,36447.0,99.88,352305.0,97644.0,99.875,250020.0,87803.0,99.88,152267.0,41861.0,99.88,196525.0,76818.0,99.875,123825.0,42761.0,99.875,33932.0,13895.0,99.875,104569.0,23768.0,99.865,81860.0,17599.0,99.855,33028.0,7535.0,99.85,82746.0,28530.0,99.825,59365.0,19014.0,99.81,15421.0,14186.0,99.8,33944.0,12053.0,99.775,16297.0,1660.0,99.765,2224.0,1071.0,99.76,4165.0,745.0,99.755,2102.0,1084.0,99.76,847.0,395.0,99.745,311.0,538.0,99.745,295.0,284.0,99.745,111.0,94.0,99.75,16.0,NaN,99.75,NaN,NaN,99.75,NaN,NaN,99.69,NaN,NaN,99.69,NaN,NaN,99.69,NaN,NaN,99.63,NaN,NaN,99.63,NaN,NaN,99.63,NaN,NaN,99.63,NaN,NaN,99.63,NaN,NaN,99.63,99.63,99.63,NaN,NaN,NaN,NaN,NaN,NaN,NaN,NaN,NaN,NaN,NaN,NaN,NaN,NaN,NaN,NaN,NaN,NaN,NaN,NaN,NaN,NaN,NaN,NaN,NaN,NaN,NaN,NaN,NaN,NaN,NaN,NaN,NaN
2020-03-18,NaN,NaN,NaN,NaN,NaN,NaN,99.305,258173.0,27386.0,99.88,341670.0,67199.0,99.885,236319.0,66694.0,99.9,148719.0,27437.0,99.91,184242.0,57932.0,99.91,119283.0,27428.0,99.905,34012.0,8659.0,99.9,102473.0,26058.0,99.885,77383.0,17240.0,99.87,32781.0,9675.0,99.86,85949.0,40862.0,99.84,56824.0,16832.0,99.825,12969.0,17813.0,99.815,32581.0,9016.0,99.79,16480.0,2837.0,99.785,5644.0,5386.0,99.78,4209.0,1517.0,99.765,1727.0,871.0,99.77,668.0,218.0,99.755,398.0,117.0,99.755,295.0,37.0,99.755,111.0,37.0,99.76,16.0,NaN,99.76,NaN,NaN,99.76,NaN,NaN,99.7,NaN,NaN,99.7,NaN,NaN,99.7,NaN,NaN,99.635,NaN,NaN,99.635,NaN,NaN,99.635,NaN,NaN,99.635,NaN,NaN,99.635,NaN,NaN,99.635,99.635,99.635,NaN,NaN,NaN,NaN,NaN,NaN,NaN,NaN,NaN,NaN,NaN,NaN,NaN,NaN,NaN,NaN,NaN,NaN,NaN,NaN,NaN,NaN,NaN,NaN,NaN,NaN,NaN,NaN,NaN,NaN,NaN,NaN,NaN
2020-03-19,NaN,NaN,NaN,NaN,NaN,NaN,99.3025,249847.0,32968.0,99.86,312986.0,114998.0,99.875,226209.0,82344.0,99.89,146157.0,27294.0,99.895,172395.0,63346.0,99.91,115009.0,35559.0,99.91,32670.0,11727.0,99.915,102390.0,29390.0,99.905,76135.0,21909.0,99.9,32690.0,8352.0,99.89,89308.0,24867.0,99.875,56026.0,14893.0,99.86,10688.0,12851.0,99.845,31481.0,8409.0,99.82,17045.0,3113.0,99.815,5558.0,4045.0,99.805,4658.0,1942.0,99.8,1914.0,660.0,99.805,639.0,40.0,99.79,367.0,65.0,99.785,240.0,85.0,99.785,111.0,28.0,99.79,16.0,NaN,99.79,NaN,NaN,99.79,NaN,NaN,99.73,NaN,NaN,99.73,NaN,NaN,99.73,NaN,NaN,99.665,NaN,NaN,99.665,NaN,NaN,99.665,NaN,NaN,99.665,NaN,NaN,99.665,NaN,NaN,99.665,99.665,99.665,NaN,NaN,NaN,NaN,NaN,NaN,NaN,NaN,NaN,NaN,NaN,NaN,NaN,NaN,NaN,NaN,NaN,NaN,NaN,NaN,NaN,NaN,NaN,NaN,NaN,NaN,NaN,NaN,NaN,NaN,NaN,NaN,NaN
2020-03-20,NaN,NaN,NaN,NaN,NaN,NaN,99.325,239390.0,27098.0,99.89,309417.0,47681.0,99.89,217801.0,62543.0,99.895,139135.0,28608.0,99.905,171591.0,46161.0,99.915,118233.0,29724.0,99.915,33177.0,8684.0,99.915,102487.0,25385.0,99.915,75055.0,12158.0,99.915,33122.0,6459.0,99.91,91424.0,28377.0,99.895,58065.0,10151.0,99.885,10391.0,8628.0,99.87,33038.0,8596.0,99.845,18023.0,2274.0,99.85,7982.0,3366.0,99.835,4754.0,1253.0,99.83,2229.0,1047.0,99.835,644.0,43.0,99.82,348.0,84.0,99.815,240.0,NaN,99.815,111.0,NaN,99.82,16.0,NaN,99.82,NaN,NaN,99.82,NaN,NaN,99.76,NaN,NaN,99.76,NaN,NaN,99.76,NaN,NaN,99.695,NaN,NaN,99.695,NaN,NaN,99.695,NaN,NaN,99.695,NaN,NaN,99.695,NaN,NaN,99.695,99.695,99.695,NaN,NaN,NaN,NaN,NaN,NaN,NaN,NaN,NaN,NaN,NaN,NaN,NaN,NaN,NaN,NaN,NaN,NaN,NaN,NaN,NaN,NaN,NaN,NaN,NaN,NaN,NaN,NaN,NaN,NaN,NaN,NaN,NaN
2020-03-23,NaN,NaN,NaN,NaN,NaN,NaN,99.3375,239764.0,7041.0,99.89,298368.0,50567.0,99.895,222419.0,44079.0,99.915,142963.0,22677.0,99.93,179019.0,36924.0,99.935,119008.0,17555.0,99.935,33832.0,7509.0,99.935,101984.0,18840.0,99.93,75874.0,13219.0,99.93,33207.0,5807.0,99.92,96357.0,22284.0,99.905,57235.0,14381.0,99.9,11695.0,8620.0,99.89,32961.0,5155.0,99.87,18552.0,5989.0,99.875,8911.0,2789.0,99.86,4909.0,965.0,99.85,2945.0,1480.0,99.855,662.0,18.0,99.84,434.0,164.0,99.835,240.0,NaN,99.835,111.0,NaN,99.84,16.0,NaN,99.84,NaN,NaN,99.84,NaN,NaN,99.78,NaN,NaN,99.78,NaN,NaN,99.78,NaN,NaN,99.715,NaN,NaN,99.715,NaN,NaN,99.715,NaN,NaN,99.715,NaN,NaN,99.715,NaN,NaN,99.715,99.715,99.715,NaN,NaN,NaN,NaN,NaN,NaN,NaN,NaN,NaN,NaN,NaN,NaN,NaN,NaN,NaN,NaN,NaN,NaN,NaN,NaN,NaN,NaN,NaN,NaN,NaN,NaN,NaN,NaN,NaN,NaN,NaN,NaN,NaN
2020-03-24,NaN,NaN,NaN,NaN,NaN,NaN,99.34,238411.0,7640.0,99.895,284226.0,43887.0,99.9,223362.0,31905.0,99.915,139504.0,14147.0,99.925,180340.0,26990.0,99.925,117351.0,19739.0,99.925,36029.0,6300.0,99.925,102530.0,13211.0,99.925,80739.0,20009.0,99.925,36592.0,8417.0,99.91,107411.0,29348.0,99.89,57015.0,8055.0,99.88,11052.0,5247.0,99.865,33989.0,3683.0,99.845,19133.0,2011.0,99.845,9455.0,1793.0,99.83,5422.0,900.0,99.82,2897.0,76.0,99.825,666.0,4.0,99.81,434.0,NaN,99.805,240.0,NaN,99.805,111.0,NaN,99.81,16.0,NaN,99.81,NaN,NaN,99.81,NaN,NaN,99.75,NaN,NaN,99.75,NaN,NaN,99.75,NaN,NaN,99.685,NaN,NaN,99.685,NaN,NaN,99.685,NaN,NaN,99.685,NaN,NaN,99.685,NaN,NaN,99.685,99.685,99.685,NaN,NaN,NaN,NaN,NaN,NaN,NaN,NaN,NaN,NaN,NaN,NaN,NaN,NaN,NaN,NaN,NaN,NaN,NaN,NaN,NaN,NaN,NaN,NaN,NaN,NaN,NaN,NaN,NaN,NaN,NaN,NaN,NaN
2020-03-25,NaN,NaN,NaN,NaN,NaN,NaN,99.3425,236563.0,2913.0,99.9,273061.0,41644.0,99.9,229936.0,46936.0,99.915,141930.0,7629.0,99.925,200591.0,41960.0,99.935,118384.0,14366.0,99.935,36141.0,6948.0,99.94,103182.0,11036.0,99.94,82452.0,13030.0,99.935,39210.0,8947.0,99.92,113629.0,17611.0,99.91,57042.0,7233.0,99.9,11537.0,5116.0,99.885,37290.0,8662.0,99.87,20957.0,5590.0,99.875,10333.0,2336.0,99.86,5535.0,427.0,99.85,2857.0,74.0,99.855,637.0,32.0,99.84,417.0,30.0,99.835,215.0,42.0,99.835,111.0,14.0,99.84,16.0,NaN,99.84,NaN,NaN,99.84,NaN,NaN,99.78,NaN,NaN,99.78,NaN,NaN,99.78,NaN,NaN,99.715,NaN,NaN,99.715,NaN,NaN,99.715,NaN,NaN,99.715,NaN,NaN,99.715,NaN,NaN,99.715,99.715,99.715,NaN,NaN,NaN,NaN,NaN,NaN,NaN,NaN,NaN,NaN,NaN,NaN,NaN,NaN,NaN,NaN,NaN,NaN,NaN,NaN,NaN,NaN,NaN,NaN,NaN,NaN,NaN,NaN,NaN,NaN,NaN,NaN,NaN
2020-03-26,NaN,NaN,NaN,NaN,NaN,NaN,99.345,236003.0,2718.0,99.91,256624.0,34991.0,99.915,227227.0,32944.0,99.93,144397.0,18817.0,99.94,200416.0,36609.0,99.94,122218.0,15179.0,99.94,36729.0,3072.0,99.945,101718.0,11957.0,99.945,80709.0,10313.0,99.945,40714.0,9822.0,99.93,112943.0,15204.0,99.92,56420.0,11534.0,99.91,11750.0,5955.0,99.895,37313.0,4300.0,99.885,20261.0,1071.0,99.89,10277.0,279.0,99.875,5514.0,172.0,99.865,2856.0,29.0,99.87,638.0,4.0,99.855,419.0,2.0,99.85,215.0,NaN,99.85,111.0,NaN,99.855,16.0,NaN,99.855,NaN,NaN,99.855,NaN,NaN,99.795,NaN,NaN,99.795,NaN,NaN,99.795,NaN,NaN,99.73,NaN,NaN,99.73,NaN,NaN,99.73,NaN,NaN,99.73,NaN,NaN,99.73,NaN,NaN,99.73,99.73,99.73,NaN,NaN,NaN,NaN,NaN,NaN,NaN,NaN,NaN,NaN,NaN,NaN,NaN,NaN,NaN,NaN,NaN,NaN,NaN,NaN,NaN,NaN,NaN,NaN,NaN,NaN,NaN,NaN,NaN,NaN,NaN,NaN,NaN
2020-03-27,NaN,NaN,NaN,NaN,NaN,NaN,99.3475,235065.0,1709.0,99.925,246850.0,29594.0,99.93,229604.0,36030.0,99.94,148039.0,18114.0,99.945,204936.0,25017.0,99.945,123353.0,13566.0,99.945,37318.0,4518.0,99.945,102506.0,13910.0,99.945,81307.0,4485.0,99.945,40719.0,5211.0,99.93,112038.0,10434.0,99.92,54643.0,8499.0,99.915,11956.0,7468.0,99.905,38086.0,5148.0,99.895,19322.0,5584.0,99.9,10988.0,1693.0,99.885,6451.0,2041.0,99.88,2507.0,799.0,99.885,683.0,159.0,99.87,609.0,377.0,99.865,215.0,NaN,99.865,111.0,NaN,99.87,16.0,NaN,99.87,NaN,NaN,99.87,NaN,NaN,99.81,NaN,NaN,99.81,NaN,NaN,99.81,NaN,NaN,99.745,NaN,NaN,99.745,NaN,NaN,99.745,NaN,NaN,99.745,NaN,NaN,99.745,NaN,NaN,99.745,99.745,99.745,NaN,NaN,NaN,NaN,NaN,NaN,NaN,NaN,NaN,NaN,NaN,NaN,NaN,NaN,NaN,NaN,NaN,NaN,NaN,NaN,NaN,NaN,NaN,NaN,NaN,NaN,NaN,NaN,NaN,NaN,NaN,NaN,NaN
2020-03-30,NaN,NaN,NaN,NaN,NaN,NaN,99.3475,234816.0,2115.0,99.9225,232520.0,47263.0,99.925,237065.0,54706.0,99.935,146577.0,11329.0,99.94,203460.0,26693.0,99.94,123554.0,9363.0,99.94,38362.0,5118.0,99.935,99899.0,10908.0,99.935,81523.0,6239.0,99.935,40420.0,4190.0,99.925,113309.0,14286.0,99.915,53139.0,13343.0,99.91,12170.0,8409.0,99.905,37942.0,8308.0,99.895,19195.0,2851.0,99.9,10531.0,1386.0,99.89,6689.0,1075.0,99.885,3114.0,1073.0,99.89,1251.0,719.0,99.875,672.0,228.0,99.875,221.0,6.0,99.875,111.0,NaN,99.875,16.0,NaN,99.875,NaN,NaN,99.875,NaN,NaN,99.815,NaN,NaN,99.815,NaN,NaN,99.815,NaN,NaN,99.755,NaN,NaN,99.755,NaN,NaN,99.755,NaN,NaN,99.755,NaN,NaN,99.755,NaN,NaN,99.755,99.755,99.755,NaN,NaN,NaN,NaN,NaN,NaN,NaN,NaN,NaN,NaN,NaN,NaN,NaN,NaN,NaN,NaN,NaN,NaN,NaN,NaN,NaN,NaN,NaN,NaN,NaN,NaN,NaN,NaN,NaN,NaN,NaN,NaN,NaN
2020-03-31,NaN,NaN,NaN,NaN,NaN,NaN,99.3475,234618.0,418.0,99.9275,233186.0,20031.0,99.93,232005.0,27133.0,99.935,149081.0,10173.0,99.94,197161.0,25392.0,99.94,120890.0,16125.0,99.935,38108.0,5082.0,99.93,102848.0,10766.0,99.93,83331.0,6740.0,99.93,40657.0,4077.0,99.925,114348.0,11061.0,99.92,52981.0,5381.0,99.915,12170.0,5307.0,99.91,38709.0,3002.0,99.9,19019.0,2035.0,99.905,10707.0,707.0,99.895,6874.0,1202.0,99.89,3310.0,564.0,99.895,1299.0,85.0,99.89,1030.0,456.0,99.89,398.0,181.0,99.89,111.0,2.0,99.885,16.0,NaN,99.885,NaN,NaN,99.885,NaN,NaN,99.825,NaN,NaN,99.825,NaN,NaN,99.825,NaN,NaN,99.765,NaN,NaN,99.765,NaN,NaN,99.765,NaN,NaN,99.765,NaN,NaN,99.765,NaN,NaN,99.765,99.765,99.765,99.765,NaN,NaN,NaN,NaN,NaN,NaN,NaN,NaN,NaN,NaN,NaN,NaN,NaN,NaN,NaN,NaN,NaN,NaN,NaN,NaN,NaN,NaN,NaN,NaN,NaN,NaN,NaN,NaN,NaN,NaN,NaN,NaN
2020-04-01,NaN,NaN,NaN,NaN,NaN,NaN,99.348,234618.0,NaN,99.93,226756.0,35045.0,99.93,243663.0,63128.0,99.935,150787.0,8586.0,99.935,202077.0,23821.0,99.935,120853.0,11628.0,99.935,39180.0,6256.0,99.93,102448.0,9987.0,99.93,82945.0,5357.0,99.935,41164.0,6903.0,99.93,113889.0,14618.0,99.925,55219.0,8842.0,99.925,12770.0,5950.0,99.92,38937.0,4955.0,99.91,18551.0,1914.0,99.915,11387.0,1512.0,99.905,6830.0,366.0,99.9,3607.0,457.0,99.9,1337.0,53.0,99.895,1030.0,NaN,99.895,398.0,NaN,99.895,111.0,NaN,99.89,16.0,NaN,99.89,NaN,NaN,99.89,NaN,NaN,99.83,NaN,NaN,99.83,NaN,NaN,99.83,NaN,NaN,99.775,NaN,NaN,99.775,NaN,NaN,99.775,NaN,NaN,99.775,NaN,NaN,99.775,NaN,NaN,99.775,99.775,99.775,99.775,NaN,NaN,NaN,NaN,NaN,NaN,NaN,NaN,NaN,NaN,NaN,NaN,NaN,NaN,NaN,NaN,NaN,NaN,NaN,NaN,NaN,NaN,NaN,NaN,NaN,NaN,NaN,NaN,NaN,NaN,NaN,NaN
2020-04-02,NaN,NaN,NaN,NaN,NaN,NaN,NaN,NaN,NaN,99.93,220691.0,35431.0,99.92,247014.0,25687.0,99.925,152471.0,12284.0,99.925,206738.0,21362.0,99.925,120014.0,8805.0,99.925,39697.0,4648.0,99.925,100732.0,9264.0,99.925,83674.0,4788.0,99.925,41693.0,6686.0,99.92,113870.0,14409.0,99.92,55484.0,6899.0,99.92,12907.0,4276.0,99.915,38432.0,2323.0,99.91,19021.0,1854.0,99.915,11610.0,961.0,99.905,6787.0,1337.0,99.895,3594.0,580.0,99.895,1339.0,11.0,99.89,1041.0,19.0,99.89,411.0,14.0,99.89,115.0,4.0,99.885,16.0,NaN,99.885,NaN,NaN,99.885,NaN,NaN,99.825,NaN,NaN,99.825,NaN,NaN,99.825,NaN,NaN,99.77,NaN,NaN,99.77,NaN,NaN,99.77,NaN,NaN,99.77,NaN,NaN,99.77,NaN,NaN,99.77,99.77,99.77,99.77,NaN,NaN,NaN,NaN,NaN,NaN,NaN,NaN,NaN,NaN,NaN,NaN,NaN,NaN,NaN,NaN,NaN,NaN,NaN,NaN,NaN,NaN,NaN,NaN,NaN,NaN,NaN,NaN,NaN,NaN,NaN,NaN
2020-04-03,NaN,NaN,NaN,NaN,NaN,NaN,NaN,NaN,NaN,99.9425,228712.0,35942.0,99.925,258666.0,68769.0,99.925,151098.0,22300.0,99.92,213864.0,47646.0,99.925,122014.0,17838.0,99.925,40828.0,6743.0,99.925,99359.0,8792.0,99.925,83368.0,7062.0,99.925,39720.0,6999.0,99.92,113122.0,8059.0,99.92,52116.0,11835.0,99.92,12900.0,5895.0,99.915,39237.0,6037.0,99.91,19728.0,2238.0,99.915,11462.0,270.0,99.905,6754.0,1084.0,99.9,3879.0,414.0,99.9,1335.0,4.0,99.895,1044.0,3.0,99.895,411.0,NaN,99.895,115.0,NaN,99.89,16.0,NaN,99.89,NaN,NaN,99.89,NaN,NaN,99.83,NaN,NaN,99.83,NaN,NaN,99.83,NaN,NaN,99.775,NaN,NaN,99.775,NaN,NaN,99.775,NaN,NaN,99.775,NaN,NaN,99.775,NaN,NaN,99.775,99.775,99.775,99.775,NaN,NaN,NaN,NaN,NaN,NaN,NaN,NaN,NaN,NaN,NaN,NaN,NaN,NaN,NaN,NaN,NaN,NaN,NaN,NaN,NaN,NaN,NaN,NaN,NaN,NaN,NaN,NaN,NaN,NaN,NaN,NaN
2020-04-06,NaN,NaN,NaN,NaN,NaN,NaN,NaN,NaN,NaN,99.9425,233847.0,19869.0,99.91,254624.0,21731.0,99.915,153850.0,17718.0,99.92,230069.0,29922.0,99.92,124722.0,12780.0,99.925,38984.0,8674.0,99.925,99637.0,7607.0,99.92,74375.0,19859.0,99.92,39376.0,9552.0,99.92,109115.0,18685.0,99.915,51691.0,10817.0,99.905,14900.0,5388.0,99.9,45301.0,10688.0,99.9,20909.0,3512.0,99.9,11825.0,1150.0,99.89,7437.0,1756.0,99.885,3934.0,273.0,99.885,1335.0,11.0,99.88,1044.0,NaN,99.88,411.0,NaN,99.88,115.0,NaN,99.87,16.0,NaN,99.87,NaN,NaN,99.87,NaN,NaN,99.81,NaN,NaN,99.81,NaN,NaN,99.81,NaN,NaN,99.755,NaN,NaN,99.755,NaN,NaN,99.755,NaN,NaN,99.755,NaN,NaN,99.755,NaN,NaN,99.755,99.755,99.755,99.755,NaN,NaN,NaN,NaN,NaN,NaN,NaN,NaN,NaN,NaN,NaN,NaN,NaN,NaN,NaN,NaN,NaN,NaN,NaN,NaN,NaN,NaN,NaN,NaN,NaN,NaN,NaN,NaN,NaN,NaN,NaN,NaN
2020-04-07,NaN,NaN,NaN,NaN,NaN,NaN,NaN,NaN,NaN,99.945,242140.0,26114.0,99.91,262708.0,62801.0,99.915,158904.0,26502.0,99.92,243816.0,60104.0,99.92,116606.0,36718.0,99.925,38050.0,12242.0,99.925,105553.0,26608.0,99.92,76582.0,15837.0,99.92,47900.0,18835.0,99.915,116087.0,34412.0,99.9,51066.0,10349.0,99.895,14176.0,6612.0,99.885,46870.0,12611.0,99.88,19405.0,5285.0,99.88,12804.0,3426.0,99.87,7687.0,1846.0,99.865,3963.0,248.0,99.865,1418.0,121.0,99.855,978.0,127.0,99.85,333.0,131.0,99.85,115.0,53.0,99.84,16.0,NaN,99.84,NaN,NaN,99.84,NaN,NaN,99.78,NaN,NaN,99.78,NaN,NaN,99.78,NaN,NaN,99.725,NaN,NaN,99.725,NaN,NaN,99.725,NaN,NaN,99.725,NaN,NaN,99.725,NaN,NaN,99.725,99.725,99.725,99.725,NaN,NaN,NaN,NaN,NaN,NaN,NaN,NaN,NaN,NaN,NaN,NaN,NaN,NaN,NaN,NaN,NaN,NaN,NaN,NaN,NaN,NaN,NaN,NaN,NaN,NaN,NaN,NaN,NaN,NaN,NaN,NaN
2020-04-08,NaN,NaN,NaN,NaN,NaN,NaN,NaN,NaN,NaN,99.9425,243850.0,10476.0,99.915,260074.0,26363.0,99.92,154313.0,21281.0,99.92,245020.0,18670.0,99.92,118112.0,20172.0,99.925,37797.0,6847.0,99.93,107375.0,17615.0,99.925,77185.0,5464.0,99.925,48165.0,5553.0,99.92,117190.0,12203.0,99.91,51372.0,5558.0,99.905,13049.0,5580.0,99.895,46887.0,7163.0,99.89,20206.0,2140.0,99.89,12808.0,650.0,99.88,7679.0,530.0,99.875,3952.0,37.0,99.875,1407.0,14.0,99.865,1000.0,22.0,99.86,335.0,3.0,99.855,115.0,1.0,99.845,16.0,NaN,99.845,NaN,NaN,99.845,NaN,NaN,99.785,NaN,NaN,99.785,NaN,NaN,99.785,NaN,NaN,99.73,NaN,NaN,99.73,NaN,NaN,99.73,NaN,NaN,99.73,NaN,NaN,99.73,NaN,NaN,99.73,99.73,99.73,99.73,NaN,NaN,NaN,NaN,NaN,NaN,NaN,NaN,NaN,NaN,NaN,NaN,NaN,NaN,NaN,NaN,NaN,NaN,NaN,NaN,NaN,NaN,NaN,NaN,NaN,NaN,NaN,NaN,NaN,NaN,NaN,NaN
2020-04-09,NaN,NaN,NaN,NaN,NaN,NaN,NaN,NaN,NaN,99.945,239132.0,16757.0,99.915,258188.0,23116.0,99.92,158334.0,17377.0,99.92,246249.0,18244.0,99.925,119191.0,12494.0,99.935,37841.0,3299.0,99.94,108879.0,9777.0,99.935,79354.0,7089.0,99.935,48239.0,8803.0,99.93,117614.0,7724.0,99.925,52574.0,6911.0,99.925,15116.0,6328.0,99.915,45719.0,7191.0,99.91,20825.0,5096.0,99.91,13753.0,3659.0,99.9,7833.0,634.0,99.895,4003.0,264.0,99.895,1423.0,31.0,99.89,1614.0,794.0,99.89,442.0,149.0,99.88,114.0,21.0,99.87,16.0,NaN,99.87,NaN,NaN,99.87,NaN,NaN,99.81,NaN,NaN,99.81,NaN,NaN,99.81,NaN,NaN,99.755,NaN,NaN,99.755,NaN,NaN,99.755,NaN,NaN,99.755,NaN,NaN,99.755,NaN,NaN,99.755,99.755,99.755,99.755,NaN,NaN,NaN,NaN,NaN,NaN,NaN,NaN,NaN,NaN,NaN,NaN,NaN,NaN,NaN,NaN,NaN,NaN,NaN,NaN,NaN,NaN,NaN,NaN,NaN,NaN,NaN,NaN,NaN,NaN,NaN,NaN
2020-04-13,NaN,NaN,NaN,NaN,NaN,NaN,NaN,NaN,NaN,99.9425,232057.0,11931.0,99.91,258032.0,9602.0,99.915,155574.0,9245.0,99.92,244309.0,9577.0,99.92,119820.0,7862.0,99.93,39003.0,3843.0,99.935,109281.0,7941.0,99.93,82787.0,8670.0,99.93,48438.0,1220.0,99.925,119107.0,4027.0,99.915,53926.0,2818.0,99.91,14195.0,4047.0,99.9,44620.0,1663.0,99.895,20871.0,665.0,99.895,14752.0,1675.0,99.885,7817.0,439.0,99.885,4070.0,221.0,99.885,1429.0,7.0,99.88,1612.0,66.0,99.88,752.0,325.0,99.87,114.0,5.0,99.86,16.0,NaN,99.855,NaN,NaN,99.85,NaN,NaN,99.79,NaN,NaN,99.79,NaN,NaN,99.79,NaN,NaN,99.735,NaN,NaN,99.735,NaN,NaN,99.735,NaN,NaN,99.735,NaN,NaN,99.735,NaN,NaN,99.735,99.735,99.735,99.735,NaN,NaN,NaN,NaN,NaN,NaN,NaN,NaN,NaN,NaN,NaN,NaN,NaN,NaN,NaN,NaN,NaN,NaN,NaN,NaN,NaN,NaN,NaN,NaN,NaN,NaN,NaN,NaN,NaN,NaN,NaN,NaN
2020-04-14,NaN,NaN,NaN,NaN,NaN,NaN,NaN,NaN,NaN,99.9425,231912.0,3534.0,99.915,256047.0,13070.0,99.92,155406.0,6209.0,99.92,244064.0,15303.0,99.925,118719.0,10621.0,99.93,39152.0,8372.0,99.935,110722.0,13648.0,99.93,84707.0,9480.0,99.925,49782.0,6392.0,99.92,120344.0,12939.0,99.91,58042.0,9981.0,99.905,16393.0,5337.0,99.895,45354.0,3494.0,99.895,21809.0,3532.0,99.895,15372.0,2214.0,99.885,8151.0,2349.0,99.885,5111.0,1911.0,99.88,1640.0,335.0,99.875,1933.0,663.0,99.875,752.0,NaN,99.865,114.0,NaN,99.855,16.0,NaN,99.85,NaN,NaN,99.845,NaN,NaN,99.785,NaN,NaN,99.78,NaN,NaN,99.78,NaN,NaN,99.725,NaN,NaN,99.725,NaN,NaN,99.725,NaN,NaN,99.725,NaN,NaN,99.725,NaN,NaN,99.725,99.725,99.725,99.725,NaN,NaN,NaN,NaN,NaN,NaN,NaN,NaN,NaN,NaN,NaN,NaN,NaN,NaN,NaN,NaN,NaN,NaN,NaN,NaN,NaN,NaN,NaN,NaN,NaN,NaN,NaN,NaN,NaN,NaN,NaN,NaN
2020-04-15,NaN,NaN,NaN,NaN,NaN,NaN,NaN,NaN,NaN,99.9425,229716.0,6350.0,99.915,247740.0,10800.0,99.925,153527.0,9970.0,99.93,244321.0,18496.0,99.935,126088.0,27440.0,99.94,40845.0,9568.0,99.94,112994.0,15334.0,99.94,91594.0,24180.0,99.935,50510.0,4906.0,99.93,126322.0,16624.0,99.92,60869.0,8326.0,99.92,20260.0,7622.0,99.915,47161.0,8561.0,99.915,22166.0,6230.0,99.915,13868.0,3728.0,99.91,8956.0,2886.0,99.91,5873.0,1561.0,99.9,2370.0,1106.0,99.9,2473.0,941.0,99.9,944.0,361.0,99.89,113.0,2.0,99.885,16.0,NaN,99.88,NaN,NaN,99.875,NaN,NaN,99.815,NaN,NaN,99.81,NaN,NaN,99.81,NaN,NaN,99.765,NaN,NaN,99.765,NaN,NaN,99.765,NaN,NaN,99.765,NaN,NaN,99.765,NaN,NaN,99.765,99.765,99.765,99.765,NaN,NaN,NaN,NaN,NaN,NaN,NaN,NaN,NaN,NaN,NaN,NaN,NaN,NaN,NaN,NaN,NaN,NaN,NaN,NaN,NaN,NaN,NaN,NaN,NaN,NaN,NaN,NaN,NaN,NaN,NaN,NaN
2020-04-16,NaN,NaN,NaN,NaN,NaN,NaN,NaN,NaN,NaN,99.945,230916.0,12336.0,99.915,265428.0,62199.0,99.92,154443.0,12489.0,99.925,246219.0,28699.0,99.935,122205.0,17159.0,99.935,41245.0,7989.0,99.935,114152.0,16186.0,99.935,97931.0,12536.0,99.935,52440.0,5576.0,99.93,130055.0,13671.0,99.925,61194.0,6140.0,99.92,20050.0,4203.0,99.915,46250.0,4310.0,99.915,23135.0,4547.0,99.915,15671.0,4190.0,99.91,11097.0,3100.0,99.91,7226.0,1857.0,99.905,3147.0,824.0,99.905,2673.0,393.0,99.905,1253.0,321.0,99.895,311.0,202.0,99.89,46.0,31.0,99.885,NaN,NaN,99.88,NaN,NaN,99.82,NaN,NaN,99.815,NaN,NaN,99.815,NaN,NaN,99.77,NaN,NaN,99.77,NaN,NaN,99.77,NaN,NaN,99.77,NaN,NaN,99.77,NaN,NaN,99.77,99.77,99.77,99.77,NaN,NaN,NaN,NaN,NaN,NaN,NaN,NaN,NaN,NaN,NaN,NaN,NaN,NaN,NaN,NaN,NaN,NaN,NaN,NaN,NaN,NaN,NaN,NaN,NaN,NaN,NaN,NaN,NaN,NaN,NaN,NaN
2020-04-17,NaN,NaN,NaN,NaN,NaN,NaN,NaN,NaN,NaN,99.945,227721.0,5432.0,99.92,273744.0,28712.0,99.92,157963.0,15776.0,99.92,246318.0,15310.0,99.93,124515.0,11953.0,99.935,43739.0,7060.0,99.935,114442.0,10061.0,99.935,103012.0,21023.0,99.935,53419.0,3136.0,99.93,131956.0,6656.0,99.925,60773.0,2966.0,99.92,20205.0,5001.0,99.915,46554.0,6391.0,99.915,23909.0,2425.0,99.915,15075.0,1467.0,99.915,11104.0,1059.0,99.91,7223.0,269.0,99.905,3151.0,54.0,99.905,2645.0,46.0,99.905,1244.0,15.0,99.895,312.0,5.0,99.89,46.0,NaN,99.885,NaN,NaN,99.88,NaN,NaN,99.82,NaN,NaN,99.815,NaN,NaN,99.815,NaN,NaN,99.77,NaN,NaN,99.77,NaN,NaN,99.77,NaN,NaN,99.77,NaN,NaN,99.77,NaN,NaN,99.77,99.77,99.77,99.77,NaN,NaN,NaN,NaN,NaN,NaN,NaN,NaN,NaN,NaN,NaN,NaN,NaN,NaN,NaN,NaN,NaN,NaN,NaN,NaN,NaN,NaN,NaN,NaN,NaN,NaN,NaN,NaN,NaN,NaN,NaN,NaN
2020-04-20,NaN,NaN,NaN,NaN,NaN,NaN,NaN,NaN,NaN,99.9475,225982.0,4161.0,99.92,277902.0,21319.0,99.92,157094.0,5382.0,99.925,246493.0,5000.0,99.93,129472.0,12895.0,99.935,44528.0,3023.0,99.935,118895.0,15146.0,99.94,103835.0,5937.0,99.94,53342.0,2103.0,99.935,132472.0,2293.0,99.93,61119.0,2639.0,99.925,20115.0,2689.0,99.92,46442.0,1874.0,99.92,23966.0,896.0,99.92,15329.0,440.0,99.92,11106.0,449.0,99.915,7358.0,580.0,99.91,3024.0,249.0,99.91,2960.0,450.0,99.91,1323.0,79.0,99.9,312.0,NaN,99.895,46.0,NaN,99.89,NaN,NaN,99.885,NaN,NaN,99.825,NaN,NaN,99.82,NaN,NaN,99.82,NaN,NaN,99.78,NaN,NaN,99.78,NaN,NaN,99.78,NaN,NaN,99.78,NaN,NaN,99.78,NaN,NaN,99.78,99.78,99.78,99.78,NaN,NaN,NaN,NaN,NaN,NaN,NaN,NaN,NaN,NaN,NaN,NaN,NaN,NaN,NaN,NaN,NaN,NaN,NaN,NaN,NaN,NaN,NaN,NaN,NaN,NaN,NaN,NaN,NaN,NaN,NaN,NaN
2020-04-21,NaN,NaN,NaN,NaN,NaN,NaN,NaN,NaN,NaN,99.95,226152.0,2484.0,99.92,266932.0,75165.0,99.92,155633.0,17311.0,99.92,243677.0,27095.0,99.925,133645.0,23834.0,99.93,48297.0,12672.0,99.93,124263.0,21403.0,99.93,101268.0,16557.0,99.93,53043.0,7858.0,99.93,134764.0,10099.0,99.93,62426.0,9543.0,99.925,20364.0,3455.0,99.92,47363.0,2596.0,99.925,23805.0,1564.0,99.925,16173.0,1838.0,99.925,11998.0,1832.0,99.92,7630.0,1018.0,99.91,3834.0,1381.0,99.92,4261.0,1745.0,99.92,1697.0,375.0,99.91,313.0,4.0,99.905,50.0,7.0,99.9,NaN,NaN,99.895,NaN,NaN,99.835,NaN,NaN,99.83,NaN,NaN,99.83,NaN,NaN,99.795,NaN,NaN,99.795,NaN,NaN,99.795,NaN,NaN,99.795,NaN,NaN,99.795,NaN,NaN,99.795,99.795,99.795,99.795,NaN,NaN,NaN,NaN,NaN,NaN,NaN,NaN,NaN,NaN,NaN,NaN,NaN,NaN,NaN,NaN,NaN,NaN,NaN,NaN,NaN,NaN,NaN,NaN,NaN,NaN,NaN,NaN,NaN,NaN,NaN,NaN
2020-04-22,NaN,NaN,NaN,NaN,NaN,NaN,NaN,NaN,NaN,99.95,225528.0,2925.0,99.92,266230.0,5605.0,99.92,155156.0,6960.0,99.92,243905.0,10201.0,99.925,131739.0,12292.0,99.93,48857.0,3054.0,99.93,125103.0,5918.0,99.93,101234.0,4551.0,99.93,55191.0,11044.0,99.925,134030.0,5974.0,99.925,62091.0,5255.0,99.925,20449.0,4515.0,99.92,50034.0,7563.0,99.925,24131.0,4113.0,99.925,16244.0,1959.0,99.925,14690.0,4689.0,99.92,8006.0,1315.0,99.91,3838.0,98.0,99.915,4280.0,107.0,99.915,1697.0,1.0,99.905,313.0,1.0,99.9,50.0,NaN,99.895,NaN,NaN,99.89,NaN,NaN,99.83,NaN,NaN,99.825,NaN,NaN,99.825,NaN,NaN,99.79,NaN,NaN,99.79,NaN,NaN,99.79,NaN,NaN,99.79,NaN,NaN,99.79,NaN,NaN,99.79,99.79,99.79,99.79,NaN,NaN,NaN,NaN,NaN,NaN,NaN,NaN,NaN,NaN,NaN,NaN,NaN,NaN,NaN,NaN,NaN,NaN,NaN,NaN,NaN,NaN,NaN,NaN,NaN,NaN,NaN,NaN,NaN,NaN,NaN,NaN
2020-04-23,NaN,NaN,NaN,NaN,NaN,NaN,NaN,NaN,NaN,99.9475,224803.0,4207.0,99.92,264373.0,9336.0,99.92,154696.0,5255.0,99.92,238778.0,16941.0,99.925,131669.0,10769.0,99.93,51837.0,10344.0,99.93,124164.0,8549.0,99.935,114773.0,19866.0,99.935,56885.0,4066.0,99.93,137296.0,11905.0,99.93,67862.0,10797.0,99.93,21829.0,4380.0,99.925,53064.0,8230.0,99.93,22670.0,5728.0,99.93,14177.0,6995.0,99.93,14482.0,4137.0,99.925,8033.0,474.0,99.915,3846.0,180.0,99.92,4288.0,154.0,99.92,1704.0,15.0,99.91,318.0,6.0,99.905,50.0,NaN,99.9,NaN,NaN,99.895,NaN,NaN,99.835,NaN,NaN,99.83,NaN,NaN,99.83,NaN,NaN,99.795,NaN,NaN,99.795,NaN,NaN,99.795,NaN,NaN,99.795,NaN,NaN,99.795,NaN,NaN,99.795,99.795,99.795,99.795,NaN,NaN,NaN,NaN,NaN,NaN,NaN,NaN,NaN,NaN,NaN,NaN,NaN,NaN,NaN,NaN,NaN,NaN,NaN,NaN,NaN,NaN,NaN,NaN,NaN,NaN,NaN,NaN,NaN,NaN,NaN,NaN
2020-04-24,NaN,NaN,NaN,NaN,NaN,NaN,NaN,NaN,NaN,99.9525,223243.0,4011.0,99.925,275198.0,49522.0,99.925,155103.0,20135.0,99.925,218132.0,52894.0,99.935,143050.0,24854.0,99.935,53597.0,5700.0,99.935,125351.0,8004.0,99.94,124808.0,24848.0,99.94,57642.0,4219.0,99.935,146001.0,25217.0,99.935,72846.0,15016.0,99.93,22428.0,4695.0,99.925,54447.0,7798.0,99.93,22854.0,3504.0,99.93,14609.0,743.0,99.93,13589.0,2198.0,99.925,8098.0,112.0,99.92,3846.0,64.0,99.925,4288.0,41.0,99.925,1704.0,3.0,99.915,318.0,NaN,99.91,50.0,NaN,99.905,NaN,NaN,99.9,NaN,NaN,99.84,NaN,NaN,99.835,NaN,NaN,99.835,NaN,NaN,99.8,NaN,NaN,99.8,NaN,NaN,99.8,NaN,NaN,99.8,NaN,NaN,99.8,NaN,NaN,99.8,99.8,99.8,99.8,NaN,NaN,NaN,NaN,NaN,NaN,NaN,NaN,NaN,NaN,NaN,NaN,NaN,NaN,NaN,NaN,NaN,NaN,NaN,NaN,NaN,NaN,NaN,NaN,NaN,NaN,NaN,NaN,NaN,NaN,NaN,NaN
2020-04-27,NaN,NaN,NaN,NaN,NaN,NaN,NaN,NaN,NaN,99.9475,218326.0,20256.0,99.925,274087.0,35088.0,99.925,146560.0,31591.0,99.925,206830.0,59866.0,99.935,143212.0,20671.0,99.935,56641.0,7276.0,99.935,131088.0,18668.0,99.94,127298.0,8806.0,99.94,62822.0,8883.0,99.94,155253.0,26520.0,99.935,79272.0,21351.0,99.93,22756.0,2426.0,99.925,57521.0,7130.0,99.925,22560.0,2170.0,99.925,14386.0,360.0,99.925,13198.0,5896.0,99.92,8196.0,739.0,99.915,3846.0,51.0,99.92,4288.0,51.0,99.92,1704.0,5.0,99.91,318.0,NaN,99.905,50.0,NaN,99.9,NaN,NaN,99.895,NaN,NaN,99.835,NaN,NaN,99.83,NaN,NaN,99.83,NaN,NaN,99.795,NaN,NaN,99.795,NaN,NaN,99.795,NaN,NaN,99.795,NaN,NaN,99.795,NaN,NaN,99.795,99.795,99.795,99.795,NaN,NaN,NaN,NaN,NaN,NaN,NaN,NaN,NaN,NaN,NaN,NaN,NaN,NaN,NaN,NaN,NaN,NaN,NaN,NaN,NaN,NaN,NaN,NaN,NaN,NaN,NaN,NaN,NaN,NaN,NaN,NaN
2020-04-28,NaN,NaN,NaN,NaN,NaN,NaN,NaN,NaN,NaN,99.9475,216747.0,6919.0,99.925,282916.0,43210.0,99.925,146125.0,8378.0,99.92,207703.0,22946.0,99.935,147577.0,14038.0,99.935,57289.0,8840.0,99.935,133549.0,14811.0,99.94,126771.0,1960.0,99.94,62234.0,4266.0,99.94,152315.0,9953.0,99.935,82115.0,8239.0,99.93,23123.0,3151.0,99.925,57652.0,3474.0,99.925,23468.0,1877.0,99.925,14333.0,317.0,99.925,13344.0,952.0,99.92,8389.0,398.0,99.915,3842.0,4.0,99.92,4288.0,28.0,99.92,1704.0,NaN,99.91,318.0,NaN,99.905,50.0,NaN,99.9,NaN,NaN,99.895,NaN,NaN,99.835,NaN,NaN,99.83,NaN,NaN,99.83,NaN,NaN,99.8,NaN,NaN,99.8,NaN,NaN,99.8,NaN,NaN,99.8,NaN,NaN,99.8,NaN,NaN,99.8,99.8,99.8,99.8,NaN,NaN,NaN,NaN,NaN,NaN,NaN,NaN,NaN,NaN,NaN,NaN,NaN,NaN,NaN,NaN,NaN,NaN,NaN,NaN,NaN,NaN,NaN,NaN,NaN,NaN,NaN,NaN,NaN,NaN,NaN,NaN
2020-04-29,NaN,NaN,NaN,NaN,NaN,NaN,NaN,NaN,NaN,99.9525,232835.0,59854.0,99.9575,246316.0,199067.0,99.95,134365.0,36452.0,99.945,216086.0,139517.0,99.945,151018.0,42666.0,99.945,60368.0,11058.0,99.945,142250.0,27738.0,99.95,128277.0,26513.0,99.95,71046.0,20140.0,99.95,158084.0,16774.0,99.95,83397.0,12959.0,99.94,23716.0,6055.0,99.935,59270.0,7692.0,99.935,24277.0,3846.0,99.935,15571.0,3525.0,99.935,13834.0,2488.0,99.93,8251.0,1276.0,99.925,3848.0,83.0,99.93,4288.0,39.0,99.93,1910.0,219.0,99.92,325.0,9.0,99.925,73.0,77.0,99.92,NaN,NaN,99.915,NaN,NaN,99.855,NaN,NaN,99.85,NaN,NaN,99.85,NaN,NaN,99.82,NaN,NaN,99.82,NaN,NaN,99.82,NaN,NaN,99.82,NaN,NaN,99.82,NaN,NaN,99.82,99.82,99.82,99.82,NaN,NaN,NaN,NaN,NaN,NaN,NaN,NaN,NaN,NaN,NaN,NaN,NaN,NaN,NaN,NaN,NaN,NaN,NaN,NaN,NaN,NaN,NaN,NaN,NaN,NaN,NaN,NaN,NaN,NaN,NaN,NaN
2020-04-30,NaN,NaN,NaN,NaN,NaN,NaN,NaN,NaN,NaN,99.95,216636.0,4802.0,99.9575,246894.0,28971.0,99.955,129217.0,14994.0,99.955,212957.0,55784.0,99.955,152271.0,12387.0,99.955,60796.0,3575.0,99.955,148173.0,18525.0,99.96,128315.0,9508.0,99.96,71139.0,6538.0,99.96,158930.0,20997.0,99.965,83330.0,8059.0,99.96,22068.0,2783.0,99.95,59078.0,3243.0,99.95,24303.0,3054.0,99.945,15666.0,2458.0,99.945,13852.0,716.0,99.94,8199.0,1170.0,99.935,3850.0,2.0,99.94,4288.0,83.0,99.94,1909.0,2.0,99.93,326.0,1.0,99.935,73.0,1.0,99.93,NaN,NaN,99.925,NaN,NaN,99.865,NaN,NaN,99.86,NaN,NaN,99.86,NaN,NaN,99.835,NaN,NaN,99.835,NaN,NaN,99.835,NaN,NaN,99.835,NaN,NaN,99.835,NaN,NaN,99.835,99.835,99.835,99.835,NaN,NaN,NaN,NaN,NaN,NaN,NaN,NaN,NaN,NaN,NaN,NaN,NaN,NaN,NaN,NaN,NaN,NaN,NaN,NaN,NaN,NaN,NaN,NaN,NaN,NaN,NaN,NaN,NaN,NaN,NaN,NaN
2020-05-01,NaN,NaN,NaN,NaN,NaN,NaN,NaN,NaN,NaN,99.951,215537.0,NaN,99.9525,240317.0,19572.0,99.95,128089.0,4257.0,99.955,213662.0,7039.0,99.955,151835.0,9346.0,99.955,61607.0,1955.0,99.955,151510.0,6214.0,99.96,130597.0,5803.0,99.96,72848.0,8686.0,99.96,165498.0,15569.0,99.96,85458.0,13071.0,99.955,24535.0,11428.0,99.945,62008.0,21210.0,99.945,24529.0,6800.0,99.94,15959.0,2787.0,99.94,14034.0,3025.0,99.935,8064.0,795.0,99.93,3836.0,55.0,99.935,4288.0,80.0,99.935,1909.0,48.0,99.925,326.0,NaN,99.93,73.0,NaN,99.925,NaN,NaN,99.92,NaN,NaN,99.86,NaN,NaN,99.855,NaN,NaN,99.855,NaN,NaN,99.83,NaN,NaN,99.83,NaN,NaN,99.83,NaN,NaN,99.83,NaN,NaN,99.83,NaN,NaN,99.83,99.83,99.83,99.83,99.83,NaN,NaN,NaN,NaN,NaN,NaN,NaN,NaN,NaN,NaN,NaN,NaN,NaN,NaN,NaN,NaN,NaN,NaN,NaN,NaN,NaN,NaN,NaN,NaN,NaN,NaN,NaN,NaN,NaN,NaN,NaN
2020-05-04,NaN,NaN,NaN,NaN,NaN,NaN,NaN,NaN,NaN,NaN,NaN,NaN,99.9525,239560.0,8547.0,99.95,128529.0,2042.0,99.955,214905.0,5186.0,99.96,152759.0,6963.0,99.96,62614.0,3983.0,99.96,153966.0,9176.0,99.96,129685.0,7537.0,99.96,75659.0,5583.0,99.96,166187.0,3924.0,99.965,85263.0,5183.0,99.96,24134.0,3252.0,99.955,60356.0,6755.0,99.955,26493.0,4539.0,99.95,15206.0,2603.0,99.95,13951.0,839.0,99.945,8315.0,1206.0,99.94,3827.0,20.0,99.945,4342.0,160.0,99.945,1957.0,53.0,99.935,326.0,NaN,99.94,73.0,NaN,99.935,NaN,NaN,99.93,NaN,NaN,99.87,NaN,NaN,99.865,NaN,NaN,99.865,NaN,NaN,99.84,NaN,NaN,99.84,NaN,NaN,99.84,NaN,NaN,99.84,NaN,NaN,99.84,NaN,NaN,99.84,99.84,99.84,99.84,99.84,NaN,NaN,NaN,NaN,NaN,NaN,NaN,NaN,NaN,NaN,NaN,NaN,NaN,NaN,NaN,NaN,NaN,NaN,NaN,NaN,NaN,NaN,NaN,NaN,NaN,NaN,NaN,NaN,NaN,NaN,NaN
2020-05-05,NaN,NaN,NaN,NaN,NaN,NaN,NaN,NaN,NaN,NaN,NaN,NaN,99.9525,240991.0,16718.0,99.95,133694.0,11354.0,99.955,220145.0,15495.0,99.955,155457.0,17123.0,99.955,65233.0,9124.0,99.955,151914.0,7733.0,99.96,136243.0,18956.0,99.96,76244.0,2781.0,99.965,164814.0,13769.0,99.965,85491.0,3345.0,99.96,24101.0,1520.0,99.955,62166.0,11199.0,99.955,27352.0,2993.0,99.955,15946.0,2505.0,99.955,16641.0,3766.0,99.95,8567.0,1195.0,99.945,3845.0,36.0,99.95,4342.0,36.0,99.95,1972.0,47.0,99.94,339.0,14.0,99.935,66.0,73.0,99.93,NaN,NaN,99.925,NaN,NaN,99.865,NaN,NaN,99.86,NaN,NaN,99.86,NaN,NaN,99.835,NaN,NaN,99.835,NaN,NaN,99.835,NaN,NaN,99.835,NaN,NaN,99.835,NaN,NaN,99.835,99.835,99.835,99.835,99.835,NaN,NaN,NaN,NaN,NaN,NaN,NaN,NaN,NaN,NaN,NaN,NaN,NaN,NaN,NaN,NaN,NaN,NaN,NaN,NaN,NaN,NaN,NaN,NaN,NaN,NaN,NaN,NaN,NaN,NaN,NaN
2020-05-06,NaN,NaN,NaN,NaN,NaN,NaN,NaN,NaN,NaN,NaN,NaN,NaN,99.95,233941.0,13645.0,99.95,125206.0,7646.0,99.955,219240.0,4652.0,99.96,156038.0,17437.0,99.96,65979.0,6774.0,99.96,153204.0,11352.0,99.965,128867.0,20189.0,99.97,78744.0,9594.0,99.97,160240.0,32443.0,99.975,88685.0,14424.0,99.975,26672.0,12448.0,99.975,61501.0,10429.0,99.975,26994.0,4953.0,99.975,20744.0,10972.0,99.975,21355.0,8513.0,99.97,9139.0,1994.0,99.965,3847.0,18.0,99.97,4142.0,200.0,99.965,2044.0,219.0,99.955,339.0,NaN,99.95,66.0,1.0,99.945,NaN,NaN,99.94,NaN,NaN,99.88,NaN,NaN,99.875,NaN,NaN,99.875,NaN,NaN,99.85,NaN,NaN,99.85,NaN,NaN,99.85,NaN,NaN,99.85,NaN,NaN,99.85,NaN,NaN,99.85,99.85,99.85,99.85,99.85,NaN,NaN,NaN,NaN,NaN,NaN,NaN,NaN,NaN,NaN,NaN,NaN,NaN,NaN,NaN,NaN,NaN,NaN,NaN,NaN,NaN,NaN,NaN,NaN,NaN,NaN,NaN,NaN,NaN,NaN,NaN
2020-05-07,NaN,NaN,NaN,NaN,NaN,NaN,NaN,NaN,NaN,NaN,NaN,NaN,99.9475,230532.0,10309.0,99.955,124348.0,23129.0,99.955,222713.0,44510.0,99.97,167886.0,60748.0,99.98,65077.0,32091.0,99.985,155782.0,65477.0,99.99,117028.0,78607.0,100.01,89304.0,45575.0,100.015,189754.0,99829.0,100.02,84047.0,45389.0,100.02,28587.0,13220.0,100.025,59539.0,49499.0,100.025,31552.0,17127.0,100.03,34377.0,22176.0,100.03,24713.0,14291.0,100.025,8246.0,3587.0,100.02,4102.0,1051.0,100.025,5044.0,1625.0,100.02,2635.0,1009.0,100.01,358.0,31.0,100.005,421.0,374.0,100.0,NaN,NaN,99.995,NaN,NaN,99.935,NaN,NaN,99.93,NaN,NaN,99.93,NaN,NaN,99.905,NaN,NaN,99.905,NaN,NaN,99.905,NaN,NaN,99.905,NaN,NaN,99.905,NaN,NaN,99.905,99.905,99.905,99.905,99.905,NaN,NaN,NaN,NaN,NaN,NaN,NaN,NaN,NaN,NaN,NaN,NaN,NaN,NaN,NaN,NaN,NaN,NaN,NaN,NaN,NaN,NaN,NaN,NaN,NaN,NaN,NaN,NaN,NaN,NaN,NaN
2020-05-08,NaN,NaN,NaN,NaN,NaN,NaN,NaN,NaN,NaN,NaN,NaN,NaN,99.9475,231542.0,5254.0,99.95,123857.0,15314.0,99.95,223909.0,27880.0,99.96,180169.0,44681.0,99.96,69080.0,37461.0,99.96,162934.0,40596.0,99.965,123517.0,37159.0,99.985,101441.0,39929.0,99.995,188198.0,78963.0,100.0,87825.0,33835.0,100.005,25675.0,15542.0,100.01,63620.0,48926.0,100.01,34207.0,14768.0,100.015,41281.0,19593.0,100.015,34486.0,23560.0,100.01,10465.0,6776.0,100.005,4154.0,1558.0,100.01,6980.0,4130.0,100.01,3574.0,2890.0,100.005,524.0,423.0,100.005,1932.0,1957.0,100.0,72.0,72.0,99.995,NaN,NaN,99.935,NaN,NaN,99.93,NaN,NaN,99.93,NaN,NaN,99.905,NaN,NaN,99.905,NaN,NaN,99.905,NaN,NaN,99.905,NaN,NaN,99.905,NaN,NaN,99.905,99.905,99.905,99.905,99.905,NaN,NaN,NaN,NaN,NaN,NaN,NaN,NaN,NaN,NaN,NaN,NaN,NaN,NaN,NaN,NaN,NaN,NaN,NaN,NaN,NaN,NaN,NaN,NaN,NaN,NaN,NaN,NaN,NaN,NaN,NaN
2020-05-11,NaN,NaN,NaN,NaN,NaN,NaN,NaN,NaN,NaN,NaN,NaN,NaN,99.95,230798.0,7059.0,99.95,123745.0,4568.0,99.95,220092.0,30556.0,99.95,190190.0,22238.0,99.955,70486.0,10302.0,99.96,180128.0,35489.0,99.96,124252.0,28071.0,99.97,100421.0,29336.0,99.98,190694.0,38519.0,99.99,85156.0,12042.0,99.995,26727.0,3803.0,100.0,67331.0,9934.0,100.0,34893.0,2989.0,100.005,40358.0,2952.0,100.005,40675.0,9167.0,100.005,10737.0,1159.0,100.0,4097.0,259.0,100.005,7346.0,875.0,100.005,3800.0,427.0,100.0,540.0,16.0,100.005,2296.0,376.0,100.0,72.0,NaN,99.995,NaN,NaN,99.95,NaN,NaN,99.945,NaN,NaN,99.945,NaN,NaN,99.92,NaN,NaN,99.92,NaN,NaN,99.92,NaN,NaN,99.92,NaN,NaN,99.92,NaN,NaN,99.92,99.92,99.92,99.92,99.92,NaN,NaN,NaN,NaN,NaN,NaN,NaN,NaN,NaN,NaN,NaN,NaN,NaN,NaN,NaN,NaN,NaN,NaN,NaN,NaN,NaN,NaN,NaN,NaN,NaN,NaN,NaN,NaN,NaN,NaN,NaN
2020-05-12,NaN,NaN,NaN,NaN,NaN,NaN,NaN,NaN,NaN,NaN,NaN,NaN,99.9475,228258.0,8430.0,99.95,120534.0,11453.0,99.95,213211.0,31596.0,99.95,189877.0,5556.0,99.955,71900.0,6675.0,99.96,186109.0,29020.0,99.96,130835.0,29253.0,99.965,105539.0,22889.0,99.98,191498.0,22000.0,99.99,85560.0,10178.0,99.995,26546.0,3927.0,100.005,70546.0,13820.0,100.005,35479.0,4849.0,100.015,42182.0,7756.0,100.02,41622.0,4782.0,100.02,11005.0,1187.0,100.02,4107.0,57.0,100.025,7858.0,738.0,100.025,4082.0,350.0,100.02,548.0,8.0,100.025,2324.0,31.0,100.015,72.0,NaN,100.01,NaN,NaN,99.97,NaN,NaN,99.965,NaN,NaN,99.965,NaN,NaN,99.94,NaN,NaN,99.94,NaN,NaN,99.94,NaN,NaN,99.94,NaN,NaN,99.94,NaN,NaN,99.94,99.94,99.94,99.94,99.94,NaN,NaN,NaN,NaN,NaN,NaN,NaN,NaN,NaN,NaN,NaN,NaN,NaN,NaN,NaN,NaN,NaN,NaN,NaN,NaN,NaN,NaN,NaN,NaN,NaN,NaN,NaN,NaN,NaN,NaN,NaN
2020-05-13,NaN,NaN,NaN,NaN,NaN,NaN,NaN,NaN,NaN,NaN,NaN,NaN,99.9475,227322.0,5505.0,99.95,123218.0,13531.0,99.95,214261.0,26675.0,99.955,187777.0,25395.0,99.96,72997.0,21261.0,99.965,188628.0,41661.0,99.97,117902.0,51254.0,99.975,105240.0,32228.0,99.985,198046.0,38045.0,99.995,86441.0,21110.0,100.0,27404.0,11106.0,100.005,71691.0,14983.0,100.005,35679.0,5739.0,100.015,43142.0,7941.0,100.02,42785.0,9489.0,100.02,10513.0,1481.0,100.02,4087.0,621.0,100.025,7734.0,264.0,100.025,4068.0,1146.0,100.02,547.0,91.0,100.02,2324.0,1380.0,100.01,72.0,NaN,100.005,NaN,NaN,99.965,NaN,NaN,99.96,NaN,NaN,99.96,NaN,NaN,99.94,NaN,NaN,99.94,NaN,NaN,99.94,NaN,NaN,99.94,NaN,NaN,99.94,NaN,NaN,99.94,99.94,99.94,99.94,99.94,NaN,NaN,NaN,NaN,NaN,NaN,NaN,NaN,NaN,NaN,NaN,NaN,NaN,NaN,NaN,NaN,NaN,NaN,NaN,NaN,NaN,NaN,NaN,NaN,NaN,NaN,NaN,NaN,NaN,NaN,NaN
2020-05-14,NaN,NaN,NaN,NaN,NaN,NaN,NaN,NaN,NaN,NaN,NaN,NaN,99.9475,228852.0,7335.0,99.95,122968.0,4456.0,99.95,214737.0,8581.0,99.95,188261.0,9301.0,99.955,73020.0,4175.0,99.965,188429.0,12799.0,99.97,116148.0,8248.0,99.975,104239.0,8807.0,99.985,201515.0,9373.0,100.0,86865.0,7446.0,100.005,27371.0,1530.0,100.01,72716.0,8341.0,100.01,39126.0,6242.0,100.02,43192.0,1445.0,100.025,42844.0,3185.0,100.025,10445.0,523.0,100.025,4432.0,412.0,100.03,7804.0,430.0,100.03,4218.0,167.0,100.025,547.0,17.0,100.03,2324.0,NaN,100.02,72.0,NaN,100.015,NaN,NaN,99.975,NaN,NaN,99.97,NaN,NaN,99.97,NaN,NaN,99.95,NaN,NaN,99.95,NaN,NaN,99.95,NaN,NaN,99.95,NaN,NaN,99.95,NaN,NaN,99.95,99.95,99.95,99.95,99.95,NaN,NaN,NaN,NaN,NaN,NaN,NaN,NaN,NaN,NaN,NaN,NaN,NaN,NaN,NaN,NaN,NaN,NaN,NaN,NaN,NaN,NaN,NaN,NaN,NaN,NaN,NaN,NaN,NaN,NaN,NaN
2020-05-15,NaN,NaN,NaN,NaN,NaN,NaN,NaN,NaN,NaN,NaN,NaN,NaN,99.95,228664.0,5103.0,99.95,122431.0,2168.0,99.95,215465.0,8167.0,99.95,180287.0,12833.0,99.955,76202.0,9969.0,99.96,192466.0,15473.0,99.965,115229.0,8867.0,99.97,103568.0,5616.0,99.985,202095.0,5979.0,99.995,85974.0,3028.0,100.0,27723.0,1625.0,100.005,72878.0,3034.0,100.005,39422.0,1903.0,100.015,43085.0,621.0,100.02,42723.0,839.0,100.02,10453.0,312.0,100.02,4426.0,6.0,100.025,7664.0,318.0,100.025,4276.0,242.0,100.02,547.0,NaN,100.025,2326.0,27.0,100.015,72.0,3.0,100.01,NaN,NaN,99.97,NaN,NaN,99.965,NaN,NaN,99.965,NaN,NaN,99.945,NaN,NaN,99.945,NaN,NaN,99.945,NaN,NaN,99.945,NaN,NaN,99.945,NaN,NaN,99.945,99.945,99.945,99.945,99.945,NaN,NaN,NaN,NaN,NaN,NaN,NaN,NaN,NaN,NaN,NaN,NaN,NaN,NaN,NaN,NaN,NaN,NaN,NaN,NaN,NaN,NaN,NaN,NaN,NaN,NaN,NaN,NaN,NaN,NaN,NaN
2020-05-18,NaN,NaN,NaN,NaN,NaN,NaN,NaN,NaN,NaN,NaN,NaN,NaN,99.9475,229073.0,14059.0,99.94,124635.0,13211.0,99.935,217021.0,37361.0,99.94,176363.0,17284.0,99.945,75463.0,7857.0,99.95,205776.0,29426.0,99.95,119005.0,19350.0,99.955,104566.0,11470.0,99.965,193795.0,40983.0,99.975,84371.0,16888.0,99.98,28071.0,6204.0,99.985,73870.0,6332.0,99.985,40109.0,5248.0,99.995,43407.0,2435.0,100.0,43704.0,5328.0,100.0,10310.0,1198.0,100.0,4441.0,263.0,100.005,7509.0,460.0,100.005,4354.0,201.0,100.0,534.0,17.0,100.005,2703.0,990.0,99.995,72.0,NaN,99.99,NaN,NaN,99.95,NaN,NaN,99.945,NaN,NaN,99.945,NaN,NaN,99.925,NaN,NaN,99.925,NaN,NaN,99.925,NaN,NaN,99.925,NaN,NaN,99.925,NaN,NaN,99.925,99.925,99.925,99.925,99.925,NaN,NaN,NaN,NaN,NaN,NaN,NaN,NaN,NaN,NaN,NaN,NaN,NaN,NaN,NaN,NaN,NaN,NaN,NaN,NaN,NaN,NaN,NaN,NaN,NaN,NaN,NaN,NaN,NaN,NaN,NaN
2020-05-19,NaN,NaN,NaN,NaN,NaN,NaN,NaN,NaN,NaN,NaN,NaN,NaN,99.95,227666.0,9398.0,99.94,123585.0,10314.0,99.94,213607.0,20772.0,99.94,176924.0,16911.0,99.945,78216.0,7020.0,99.955,218722.0,30254.0,99.955,119549.0,16786.0,99.955,104398.0,10037.0,99.965,192080.0,10277.0,99.965,77945.0,20148.0,99.97,29245.0,9091.0,99.975,68856.0,16724.0,99.98,39138.0,2809.0,99.99,43821.0,977.0,99.995,43454.0,1931.0,99.995,10202.0,668.0,99.99,4397.0,46.0,99.995,7039.0,751.0,99.995,4204.0,150.0,99.99,534.0,NaN,99.995,2704.0,2.0,99.985,72.0,NaN,99.98,NaN,NaN,99.94,NaN,NaN,99.935,NaN,NaN,99.935,NaN,NaN,99.915,NaN,NaN,99.915,NaN,NaN,99.915,NaN,NaN,99.915,NaN,NaN,99.915,NaN,NaN,99.915,99.915,99.915,99.915,99.915,NaN,NaN,NaN,NaN,NaN,NaN,NaN,NaN,NaN,NaN,NaN,NaN,NaN,NaN,NaN,NaN,NaN,NaN,NaN,NaN,NaN,NaN,NaN,NaN,NaN,NaN,NaN,NaN,NaN,NaN,NaN
2020-05-20,NaN,NaN,NaN,NaN,NaN,NaN,NaN,NaN,NaN,NaN,NaN,NaN,99.9475,230918.0,7402.0,99.945,128626.0,37106.0,99.95,223020.0,93019.0,99.95,180980.0,48021.0,99.955,81687.0,21489.0,99.96,219234.0,20287.0,99.96,122554.0,16143.0,99.965,105479.0,8247.0,99.975,193275.0,17347.0,99.975,75885.0,10477.0,99.98,29657.0,6827.0,99.99,67505.0,12831.0,99.99,39361.0,4570.0,100.0,44340.0,1145.0,100.005,44228.0,3169.0,100.005,10340.0,369.0,100.0,4382.0,56.0,100.005,7012.0,492.0,100.005,4181.0,83.0,100.0,704.0,180.0,100.005,3303.0,624.0,99.995,72.0,3.0,99.99,NaN,NaN,99.95,NaN,NaN,99.945,NaN,NaN,99.945,NaN,NaN,99.925,NaN,NaN,99.925,NaN,NaN,99.925,NaN,NaN,99.925,NaN,NaN,99.925,NaN,NaN,99.925,99.925,99.925,99.925,99.925,NaN,NaN,NaN,NaN,NaN,NaN,NaN,NaN,NaN,NaN,NaN,NaN,NaN,NaN,NaN,NaN,NaN,NaN,NaN,NaN,NaN,NaN,NaN,NaN,NaN,NaN,NaN,NaN,NaN,NaN,NaN
2020-05-21,NaN,NaN,NaN,NaN,NaN,NaN,NaN,NaN,NaN,NaN,NaN,NaN,99.95,231318.0,3160.0,99.95,131972.0,17798.0,99.95,220547.0,23804.0,99.945,183479.0,17122.0,99.95,80666.0,5079.0,99.955,217850.0,5094.0,99.96,126738.0,15092.0,99.965,105690.0,3064.0,99.97,194650.0,4855.0,99.975,74308.0,4283.0,99.98,30516.0,2264.0,99.985,65324.0,6421.0,99.985,41611.0,3618.0,99.995,45699.0,2082.0,100.0,45527.0,2357.0,100.0,10532.0,508.0,100.0,4383.0,92.0,100.005,7070.0,1396.0,100.005,3883.0,375.0,100.0,653.0,99.0,100.005,3266.0,54.0,99.995,72.0,NaN,99.99,NaN,NaN,99.95,NaN,NaN,99.945,NaN,NaN,99.945,NaN,NaN,99.925,NaN,NaN,99.925,NaN,NaN,99.925,NaN,NaN,99.925,NaN,NaN,99.925,NaN,NaN,99.925,99.925,99.925,99.925,99.925,NaN,NaN,NaN,NaN,NaN,NaN,NaN,NaN,NaN,NaN,NaN,NaN,NaN,NaN,NaN,NaN,NaN,NaN,NaN,NaN,NaN,NaN,NaN,NaN,NaN,NaN,NaN,NaN,NaN,NaN,NaN
2020-05-22,NaN,NaN,NaN,NaN,NaN,NaN,NaN,NaN,NaN,NaN,NaN,NaN,99.95,231168.0,3825.0,99.95,134349.0,8159.0,99.95,223013.0,26840.0,99.95,184173.0,27828.0,99.955,81185.0,11121.0,99.96,218486.0,3819.0,99.965,127618.0,5554.0,99.97,106289.0,5710.0,99.975,193074.0,5255.0,99.98,73113.0,2939.0,99.985,30234.0,2748.0,99.99,65247.0,4044.0,99.995,41531.0,1768.0,100.005,45776.0,1182.0,100.01,45752.0,2112.0,100.01,10617.0,237.0,100.01,4382.0,2.0,100.015,7305.0,243.0,100.015,3883.0,NaN,100.01,653.0,NaN,100.015,3266.0,NaN,100.005,72.0,NaN,100.0,NaN,NaN,99.96,NaN,NaN,99.955,NaN,NaN,99.955,NaN,NaN,99.935,NaN,NaN,99.935,NaN,NaN,99.935,NaN,NaN,99.935,NaN,NaN,99.935,NaN,NaN,99.935,99.935,99.935,99.935,99.935,NaN,NaN,NaN,NaN,NaN,NaN,NaN,NaN,NaN,NaN,NaN,NaN,NaN,NaN,NaN,NaN,NaN,NaN,NaN,NaN,NaN,NaN,NaN,NaN,NaN,NaN,NaN,NaN,NaN,NaN,NaN
2020-05-26,NaN,NaN,NaN,NaN,NaN,NaN,NaN,NaN,NaN,NaN,NaN,NaN,99.9475,230759.0,1376.0,99.945,132907.0,4114.0,99.945,229333.0,20129.0,99.945,181541.0,23063.0,99.95,87959.0,25011.0,99.96,219531.0,26398.0,99.96,126530.0,4767.0,99.965,105117.0,3461.0,99.97,176292.0,37527.0,99.97,71420.0,11285.0,99.975,30906.0,4302.0,99.98,65094.0,5421.0,99.985,41710.0,2585.0,99.995,45577.0,1136.0,100.0,46304.0,3779.0,100.0,10581.0,950.0,100.0,4399.0,106.0,100.005,7500.0,917.0,100.005,3883.0,94.0,100.0,650.0,15.0,100.005,3271.0,10.0,99.995,72.0,NaN,99.99,NaN,NaN,99.95,NaN,NaN,99.945,NaN,NaN,99.945,NaN,NaN,99.925,NaN,NaN,99.925,NaN,NaN,99.925,NaN,NaN,99.925,NaN,NaN,99.925,NaN,NaN,99.925,99.925,99.925,99.925,99.925,NaN,NaN,NaN,NaN,NaN,NaN,NaN,NaN,NaN,NaN,NaN,NaN,NaN,NaN,NaN,NaN,NaN,NaN,NaN,NaN,NaN,NaN,NaN,NaN,NaN,NaN,NaN,NaN,NaN,NaN,NaN
2020-05-27,NaN,NaN,NaN,NaN,NaN,NaN,NaN,NaN,NaN,NaN,NaN,NaN,99.9475,231382.0,2090.0,99.945,134831.0,6492.0,99.945,230383.0,8861.0,99.945,182002.0,11362.0,99.95,88718.0,8333.0,99.96,221884.0,20786.0,99.965,127991.0,16062.0,99.965,105301.0,2183.0,99.97,164817.0,25781.0,99.975,69938.0,8034.0,99.98,29369.0,2632.0,99.98,65566.0,8734.0,99.985,40185.0,5425.0,99.995,45806.0,1376.0,100.0,47022.0,3648.0,100.0,10893.0,1148.0,100.0,4436.0,112.0,100.005,7360.0,577.0,100.005,3888.0,8.0,100.0,650.0,NaN,100.005,3276.0,10.0,99.995,72.0,NaN,99.99,NaN,NaN,99.975,NaN,NaN,99.97,NaN,NaN,99.97,NaN,NaN,99.95,NaN,NaN,99.95,NaN,NaN,99.95,NaN,NaN,99.95,NaN,NaN,99.95,NaN,NaN,99.95,99.95,99.95,99.95,99.95,NaN,NaN,NaN,NaN,NaN,NaN,NaN,NaN,NaN,NaN,NaN,NaN,NaN,NaN,NaN,NaN,NaN,NaN,NaN,NaN,NaN,NaN,NaN,NaN,NaN,NaN,NaN,NaN,NaN,NaN,NaN
2020-05-28,NaN,NaN,NaN,NaN,NaN,NaN,NaN,NaN,NaN,NaN,NaN,NaN,99.9475,231251.0,1236.0,99.945,132613.0,8069.0,99.945,224924.0,21115.0,99.945,177094.0,13603.0,99.95,89153.0,5785.0,99.965,220246.0,5363.0,99.965,127761.0,12424.0,99.965,106396.0,3946.0,99.97,164419.0,4004.0,99.975,71901.0,6555.0,99.98,29093.0,2328.0,99.98,65288.0,4168.0,99.985,39962.0,2441.0,99.995,45707.0,523.0,100.0,48090.0,2676.0,100.0,10958.0,652.0,99.995,4422.0,158.0,100.0,7761.0,440.0,100.0,3905.0,35.0,99.995,657.0,17.0,100.0,3305.0,29.0,99.99,72.0,NaN,99.985,NaN,NaN,99.97,NaN,NaN,99.965,NaN,NaN,99.965,NaN,NaN,99.945,NaN,NaN,99.945,NaN,NaN,99.945,NaN,NaN,99.945,NaN,NaN,99.945,NaN,NaN,99.945,99.945,99.945,99.945,99.945,99.945,NaN,NaN,NaN,NaN,NaN,NaN,NaN,NaN,NaN,NaN,NaN,NaN,NaN,NaN,NaN,NaN,NaN,NaN,NaN,NaN,NaN,NaN,NaN,NaN,NaN,NaN,NaN,NaN,NaN,NaN
2020-05-29,NaN,NaN,NaN,NaN,NaN,NaN,NaN,NaN,NaN,NaN,NaN,NaN,99.95,231179.0,488.0,99.95,134459.0,12682.0,99.95,222100.0,12127.0,99.95,176405.0,4112.0,99.955,88024.0,9544.0,99.965,220805.0,8812.0,99.97,123684.0,14585.0,99.97,107768.0,2452.0,99.98,164507.0,5588.0,99.985,71266.0,6826.0,99.99,29846.0,2720.0,99.995,65652.0,9729.0,100.0,37942.0,4083.0,100.01,45707.0,1069.0,100.015,48172.0,5016.0,100.015,11622.0,2440.0,100.01,4638.0,433.0,100.015,7848.0,233.0,100.015,3914.0,27.0,100.01,657.0,14.0,100.015,3305.0,22.0,100.005,72.0,1.0,100.0,NaN,NaN,99.985,NaN,NaN,99.98,NaN,NaN,99.98,NaN,NaN,99.96,NaN,NaN,99.96,NaN,NaN,99.96,NaN,NaN,99.96,NaN,NaN,99.96,NaN,NaN,99.96,99.96,99.96,99.96,99.96,99.96,NaN,NaN,NaN,NaN,NaN,NaN,NaN,NaN,NaN,NaN,NaN,NaN,NaN,NaN,NaN,NaN,NaN,NaN,NaN,NaN,NaN,NaN,NaN,NaN,NaN,NaN,NaN,NaN,NaN,NaN
2020-06-01,NaN,NaN,NaN,NaN,NaN,NaN,NaN,NaN,NaN,NaN,NaN,NaN,99.95,231197.0,NaN,99.945,132981.0,8201.0,99.945,224100.0,1739.0,99.95,178206.0,3808.0,99.955,89343.0,5588.0,99.97,218024.0,19568.0,99.975,124568.0,8695.0,99.975,108179.0,2828.0,99.98,166117.0,4475.0,99.99,71245.0,2666.0,99.995,29447.0,2187.0,100.0,64331.0,7212.0,100.005,37718.0,1406.0,100.015,45730.0,661.0,100.02,49676.0,5736.0,100.02,12686.0,1698.0,100.02,4746.0,137.0,100.025,7762.0,421.0,100.025,3995.0,220.0,100.02,657.0,NaN,100.025,3316.0,18.0,100.015,72.0,NaN,100.01,NaN,NaN,99.995,NaN,NaN,99.99,NaN,NaN,99.99,NaN,NaN,99.97,NaN,NaN,99.97,NaN,NaN,99.97,NaN,NaN,99.97,NaN,NaN,99.97,NaN,NaN,99.97,99.97,99.97,99.97,99.97,99.97,NaN,NaN,NaN,NaN,NaN,NaN,NaN,NaN,NaN,NaN,NaN,NaN,NaN,NaN,NaN,NaN,NaN,NaN,NaN,NaN,NaN,NaN,NaN,NaN,NaN,NaN,NaN,NaN,NaN,NaN
2020-06-02,NaN,NaN,NaN,NaN,NaN,NaN,NaN,NaN,NaN,NaN,NaN,NaN,NaN,8199.0,NaN,99.945,131274.0,8806.0,99.945,223590.0,7037.0,99.95,178972.0,4470.0,99.955,89877.0,6543.0,99.965,219392.0,7558.0,99.97,126000.0,8869.0,99.97,108858.0,2059.0,99.975,173799.0,23890.0,99.985,71076.0,4792.0,99.99,29076.0,1249.0,99.99,66584.0,8225.0,100.0,38041.0,4129.0,100.01,47672.0,3578.0,100.015,47802.0,6672.0,100.015,12243.0,1129.0,100.015,4776.0,56.0,100.02,7870.0,193.0,100.02,3997.0,14.0,100.015,657.0,NaN,100.02,3318.0,4.0,100.01,72.0,NaN,100.005,NaN,NaN,99.99,NaN,NaN,99.985,NaN,NaN,99.985,NaN,NaN,99.965,NaN,NaN,99.965,NaN,NaN,99.965,NaN,NaN,99.965,NaN,NaN,99.965,NaN,NaN,99.965,99.965,99.965,99.965,99.965,99.965,NaN,NaN,NaN,NaN,NaN,NaN,NaN,NaN,NaN,NaN,NaN,NaN,NaN,NaN,NaN,NaN,NaN,NaN,NaN,NaN,NaN,NaN,NaN,NaN,NaN,NaN,NaN,NaN,NaN,NaN
2020-06-03,NaN,NaN,NaN,NaN,NaN,NaN,NaN,NaN,NaN,NaN,NaN,NaN,NaN,NaN,NaN,99.9425,132051.0,6270.0,99.945,217668.0,24990.0,99.945,176728.0,8741.0,99.95,85735.0,7194.0,99.96,218170.0,15067.0,99.965,147712.0,44919.0,99.965,113212.0,12050.0,99.965,161763.0,50037.0,99.97,68729.0,14647.0,99.975,30799.0,3727.0,99.98,61803.0,19369.0,99.985,40337.0,7744.0,99.995,50323.0,16709.0,100.0,49670.0,13067.0,100.0,12295.0,1587.0,100.0,4138.0,1537.0,100.005,8284.0,1084.0,100.0,4078.0,110.0,99.995,661.0,4.0,100.0,3323.0,6.0,99.99,72.0,NaN,99.985,NaN,NaN,99.97,NaN,NaN,99.965,NaN,NaN,99.965,NaN,NaN,99.94,NaN,NaN,99.94,NaN,NaN,99.94,NaN,NaN,99.94,NaN,NaN,99.94,NaN,NaN,99.94,99.94,99.94,99.94,99.94,99.94,NaN,NaN,NaN,NaN,NaN,NaN,NaN,NaN,NaN,NaN,NaN,NaN,NaN,NaN,NaN,NaN,NaN,NaN,NaN,NaN,NaN,NaN,NaN,NaN,NaN,NaN,NaN,NaN,NaN,NaN
2020-06-04,NaN,NaN,NaN,NaN,NaN,NaN,NaN,NaN,NaN,NaN,NaN,NaN,NaN,NaN,NaN,99.935,138408.0,15741.0,99.935,202537.0,24639.0,99.935,175948.0,10231.0,99.94,85399.0,10904.0,99.95,223855.0,24078.0,99.955,154545.0,33332.0,99.955,106458.0,38995.0,99.96,160290.0,25516.0,99.965,69754.0,17463.0,99.97,32000.0,5945.0,99.975,61694.0,6411.0,99.98,40327.0,4873.0,99.99,52752.0,8441.0,99.995,51173.0,9569.0,99.995,12919.0,3115.0,99.995,4219.0,1082.0,100.0,8639.0,539.0,99.995,4093.0,33.0,99.99,661.0,4.0,99.995,3323.0,6.0,99.985,72.0,NaN,99.98,NaN,NaN,99.965,NaN,NaN,99.96,NaN,NaN,99.96,NaN,NaN,99.935,NaN,NaN,99.935,NaN,NaN,99.935,NaN,NaN,99.935,NaN,NaN,99.935,NaN,NaN,99.935,99.935,99.935,99.935,99.935,99.935,NaN,NaN,NaN,NaN,NaN,NaN,NaN,NaN,NaN,NaN,NaN,NaN,NaN,NaN,NaN,NaN,NaN,NaN,NaN,NaN,NaN,NaN,NaN,NaN,NaN,NaN,NaN,NaN,NaN,NaN
2020-06-05,NaN,NaN,NaN,NaN,NaN,NaN,NaN,NaN,NaN,NaN,NaN,NaN,NaN,NaN,NaN,99.9325,142704.0,11951.0,99.935,202819.0,8929.0,99.935,174808.0,14263.0,99.94,86099.0,8547.0,99.945,225960.0,18750.0,99.95,154633.0,16773.0,99.95,106442.0,10372.0,99.955,157881.0,17810.0,99.955,69618.0,8561.0,99.96,37887.0,11921.0,99.96,66016.0,24519.0,99.96,46093.0,20174.0,99.97,55847.0,10712.0,99.97,52635.0,17178.0,99.965,12328.0,5392.0,99.96,4178.0,1911.0,99.96,8337.0,3483.0,99.955,4014.0,512.0,99.95,669.0,151.0,99.95,3463.0,460.0,99.935,72.0,1.0,99.93,NaN,NaN,99.915,NaN,NaN,99.91,NaN,NaN,99.91,NaN,NaN,99.885,NaN,NaN,99.885,NaN,NaN,99.885,NaN,NaN,99.885,NaN,NaN,99.885,NaN,NaN,99.885,99.885,99.885,99.885,99.885,99.885,NaN,NaN,NaN,NaN,NaN,NaN,NaN,NaN,NaN,NaN,NaN,NaN,NaN,NaN,NaN,NaN,NaN,NaN,NaN,NaN,NaN,NaN,NaN,NaN,NaN,NaN,NaN,NaN,NaN,NaN
2020-06-08,NaN,NaN,NaN,NaN,NaN,NaN,NaN,NaN,NaN,NaN,NaN,NaN,NaN,NaN,NaN,99.9275,149177.0,29226.0,99.93,165931.0,107076.0,99.93,166917.0,31862.0,99.93,89234.0,20380.0,99.935,220523.0,15248.0,99.945,155080.0,13887.0,99.945,107098.0,6645.0,99.95,156491.0,7126.0,99.955,69728.0,2155.0,99.96,40517.0,5898.0,99.96,69819.0,6468.0,99.965,48519.0,10026.0,99.97,58317.0,6599.0,99.97,47830.0,12803.0,99.97,12312.0,3344.0,99.965,4296.0,986.0,99.965,8133.0,860.0,99.96,4015.0,210.0,99.955,669.0,NaN,99.955,3494.0,155.0,99.94,72.0,NaN,99.935,NaN,NaN,99.92,NaN,NaN,99.915,NaN,NaN,99.915,NaN,NaN,99.885,NaN,NaN,99.885,NaN,NaN,99.885,NaN,NaN,99.885,NaN,NaN,99.885,NaN,NaN,99.885,99.885,99.885,99.885,99.885,99.885,NaN,NaN,NaN,NaN,NaN,NaN,NaN,NaN,NaN,NaN,NaN,NaN,NaN,NaN,NaN,NaN,NaN,NaN,NaN,NaN,NaN,NaN,NaN,NaN,NaN,NaN,NaN,NaN,NaN,NaN
2020-06-09,NaN,NaN,NaN,NaN,NaN,NaN,NaN,NaN,NaN,NaN,NaN,NaN,NaN,NaN,NaN,99.9225,153800.0,15598.0,99.92,168989.0,24112.0,99.925,166833.0,6926.0,99.93,90832.0,6393.0,99.94,222455.0,15399.0,99.945,155703.0,9277.0,99.945,107070.0,1485.0,99.95,154640.0,7041.0,99.96,70213.0,4804.0,99.965,41946.0,3752.0,99.965,73919.0,8388.0,99.97,47931.0,2945.0,99.975,58692.0,2543.0,99.975,45696.0,6590.0,99.98,12282.0,956.0,99.975,4301.0,671.0,99.975,8139.0,176.0,99.97,4111.0,183.0,99.965,669.0,NaN,99.965,3553.0,164.0,99.95,72.0,NaN,99.945,NaN,NaN,99.93,NaN,NaN,99.925,NaN,NaN,99.925,NaN,NaN,99.895,NaN,NaN,99.895,NaN,NaN,99.895,NaN,NaN,99.895,NaN,NaN,99.895,NaN,NaN,99.895,99.895,99.895,99.895,99.895,99.895,NaN,NaN,NaN,NaN,NaN,NaN,NaN,NaN,NaN,NaN,NaN,NaN,NaN,NaN,NaN,NaN,NaN,NaN,NaN,NaN,NaN,NaN,NaN,NaN,NaN,NaN,NaN,NaN,NaN,NaN
2020-06-10,NaN,NaN,NaN,NaN,NaN,NaN,NaN,NaN,NaN,NaN,NaN,NaN,NaN,NaN,NaN,99.925,153643.0,15134.0,99.925,175218.0,47679.0,99.93,178800.0,53091.0,99.94,94749.0,22808.0,99.95,220755.0,19812.0,99.955,153476.0,15684.0,99.955,106936.0,9598.0,99.965,154989.0,14828.0,99.97,71495.0,9880.0,99.975,44790.0,10291.0,99.975,84899.0,23577.0,99.985,46848.0,7447.0,99.99,56444.0,8642.0,99.99,40820.0,10639.0,99.995,13294.0,4243.0,99.99,4230.0,105.0,99.995,8069.0,2226.0,99.99,4587.0,629.0,99.985,661.0,22.0,99.985,4265.0,1319.0,99.97,184.0,225.0,99.965,NaN,NaN,99.95,NaN,NaN,99.945,NaN,NaN,99.945,NaN,NaN,99.915,NaN,NaN,99.915,NaN,NaN,99.915,NaN,NaN,99.915,NaN,NaN,99.915,NaN,NaN,99.915,99.915,99.915,99.915,99.915,99.915,NaN,NaN,NaN,NaN,NaN,NaN,NaN,NaN,NaN,NaN,NaN,NaN,NaN,NaN,NaN,NaN,NaN,NaN,NaN,NaN,NaN,NaN,NaN,NaN,NaN,NaN,NaN,NaN,NaN,NaN
2020-06-11,NaN,NaN,NaN,NaN,NaN,NaN,NaN,NaN,NaN,NaN,NaN,NaN,NaN,NaN,NaN,99.925,152848.0,18956.0,99.925,198316.0,76969.0,99.93,186600.0,50036.0,99.94,96356.0,14802.0,99.955,222956.0,31139.0,99.965,153825.0,25730.0,99.965,107401.0,10360.0,99.975,154558.0,17250.0,99.98,71420.0,12593.0,99.985,47059.0,8621.0,99.985,90009.0,21702.0,99.995,45966.0,7601.0,100.0,63464.0,10789.0,100.0,40173.0,6488.0,100.005,14226.0,3119.0,100.005,4381.0,1019.0,100.005,10352.0,3357.0,100.0,5964.0,1481.0,100.0,1587.0,963.0,100.005,4473.0,232.0,100.005,188.0,10.0,100.0,NaN,NaN,99.985,NaN,NaN,99.98,NaN,NaN,99.98,NaN,NaN,99.96,NaN,NaN,99.96,NaN,NaN,99.96,NaN,NaN,99.96,NaN,NaN,99.96,NaN,NaN,99.96,99.96,99.96,99.96,99.96,99.96,NaN,NaN,NaN,NaN,NaN,NaN,NaN,NaN,NaN,NaN,NaN,NaN,NaN,NaN,NaN,NaN,NaN,NaN,NaN,NaN,NaN,NaN,NaN,NaN,NaN,NaN,NaN,NaN,NaN,NaN
2020-06-12,NaN,NaN,NaN,NaN,NaN,NaN,NaN,NaN,NaN,NaN,NaN,NaN,NaN,NaN,NaN,99.9175,153829.0,5806.0,99.91,204496.0,22705.0,99.915,185413.0,29824.0,99.92,96159.0,17330.0,99.93,224980.0,26472.0,99.94,156891.0,26523.0,99.94,108547.0,9827.0,99.95,155302.0,14596.0,99.965,72828.0,4931.0,99.97,47857.0,3555.0,99.97,92222.0,8328.0,99.985,45853.0,3715.0,99.99,64824.0,3523.0,99.99,38061.0,8667.0,99.995,13610.0,1715.0,99.995,4361.0,241.0,99.995,10291.0,1122.0,99.99,5873.0,248.0,99.99,1587.0,NaN,99.995,4492.0,75.0,99.995,207.0,19.0,99.99,NaN,NaN,99.975,NaN,NaN,99.97,NaN,NaN,99.97,NaN,NaN,99.95,NaN,NaN,99.95,NaN,NaN,99.95,NaN,NaN,99.95,NaN,NaN,99.95,NaN,NaN,99.95,99.95,99.95,99.95,99.95,99.95,NaN,NaN,NaN,NaN,NaN,NaN,NaN,NaN,NaN,NaN,NaN,NaN,NaN,NaN,NaN,NaN,NaN,NaN,NaN,NaN,NaN,NaN,NaN,NaN,NaN,NaN,NaN,NaN,NaN,NaN
2020-06-15,NaN,NaN,NaN,NaN,NaN,NaN,NaN,NaN,NaN,NaN,NaN,NaN,NaN,NaN,NaN,99.915,154608.0,11391.0,99.905,206363.0,12831.0,99.915,188329.0,20647.0,99.92,97622.0,7539.0,99.935,227421.0,17619.0,99.945,156698.0,6809.0,99.945,108012.0,7488.0,99.955,158996.0,11318.0,99.965,76020.0,9529.0,99.97,48182.0,2667.0,99.97,95012.0,8166.0,99.985,45675.0,4041.0,99.99,66318.0,3186.0,99.99,37605.0,7274.0,99.995,14042.0,1132.0,99.995,5133.0,982.0,100.0,11187.0,2290.0,99.995,5868.0,390.0,99.995,1626.0,49.0,100.0,4733.0,291.0,100.0,205.0,9.0,99.995,NaN,NaN,99.98,NaN,NaN,99.975,NaN,NaN,99.975,NaN,NaN,99.955,NaN,NaN,99.955,NaN,NaN,99.955,NaN,NaN,99.955,NaN,NaN,99.955,NaN,NaN,99.955,99.955,99.955,99.955,99.955,99.955,NaN,NaN,NaN,NaN,NaN,NaN,NaN,NaN,NaN,NaN,NaN,NaN,NaN,NaN,NaN,NaN,NaN,NaN,NaN,NaN,NaN,NaN,NaN,NaN,NaN,NaN,NaN,NaN,NaN,NaN
2020-06-16,NaN,NaN,NaN,NaN,NaN,NaN,NaN,NaN,NaN,NaN,NaN,NaN,NaN,NaN,NaN,99.915,154706.0,5629.0,99.905,196734.0,15405.0,99.91,188270.0,15012.0,99.915,102876.0,11335.0,99.93,228460.0,15529.0,99.94,154677.0,10497.0,99.94,108654.0,6376.0,99.95,156552.0,18634.0,99.955,78227.0,6873.0,99.96,46952.0,6571.0,99.96,101111.0,11330.0,99.975,48836.0,10919.0,99.98,66488.0,3096.0,99.98,37765.0,4030.0,99.985,14094.0,916.0,99.985,5177.0,222.0,99.99,11340.0,673.0,99.99,5887.0,25.0,99.99,1627.0,42.0,99.995,5434.0,715.0,99.995,213.0,9.0,99.99,NaN,NaN,99.975,NaN,NaN,99.97,NaN,NaN,99.97,NaN,NaN,99.95,NaN,NaN,99.95,NaN,NaN,99.95,NaN,NaN,99.95,NaN,NaN,99.95,NaN,NaN,99.95,99.95,99.95,99.95,99.95,99.95,NaN,NaN,NaN,NaN,NaN,NaN,NaN,NaN,NaN,NaN,NaN,NaN,NaN,NaN,NaN,NaN,NaN,NaN,NaN,NaN,NaN,NaN,NaN,NaN,NaN,NaN,NaN,NaN,NaN,NaN
2020-06-17,NaN,NaN,NaN,NaN,NaN,NaN,NaN,NaN,NaN,NaN,NaN,NaN,NaN,NaN,NaN,99.9175,154990.0,2394.0,99.915,202408.0,14913.0,99.92,187710.0,10942.0,99.925,106956.0,9302.0,99.935,228414.0,6053.0,99.94,153888.0,6605.0,99.945,108811.0,2818.0,99.955,157674.0,7221.0,99.96,83059.0,8446.0,99.965,46961.0,3640.0,99.965,106629.0,13282.0,99.975,49536.0,4682.0,99.985,66536.0,2572.0,99.985,38048.0,2667.0,99.99,14126.0,312.0,99.99,5150.0,51.0,99.995,11253.0,713.0,99.995,5904.0,17.0,99.995,1643.0,17.0,100.0,5576.0,346.0,100.0,413.0,215.0,99.995,NaN,NaN,99.98,NaN,NaN,99.975,NaN,NaN,99.975,NaN,NaN,99.955,NaN,NaN,99.955,NaN,NaN,99.955,NaN,NaN,99.955,NaN,NaN,99.955,NaN,NaN,99.955,99.955,99.955,99.955,99.955,99.955,NaN,NaN,NaN,NaN,NaN,NaN,NaN,NaN,NaN,NaN,NaN,NaN,NaN,NaN,NaN,NaN,NaN,NaN,NaN,NaN,NaN,NaN,NaN,NaN,NaN,NaN,NaN,NaN,NaN,NaN
2020-06-18,NaN,NaN,NaN,NaN,NaN,NaN,NaN,NaN,NaN,NaN,NaN,NaN,NaN,NaN,NaN,99.9175,151915.0,8158.0,99.92,205810.0,15226.0,99.925,194058.0,19626.0,99.93,106194.0,5514.0,99.94,233043.0,15660.0,99.945,154750.0,5710.0,99.945,108819.0,570.0,99.955,157851.0,1902.0,99.96,81563.0,3771.0,99.965,47468.0,1078.0,99.965,106850.0,1314.0,99.975,50172.0,1969.0,99.985,66571.0,1279.0,99.985,37270.0,5644.0,99.99,13934.0,701.0,99.99,5146.0,29.0,99.995,11223.0,87.0,99.995,5902.0,6.0,99.995,1646.0,6.0,100.0,5577.0,17.0,100.0,464.0,51.0,99.995,NaN,NaN,99.98,NaN,NaN,99.975,NaN,NaN,99.975,NaN,NaN,99.955,NaN,NaN,99.955,NaN,NaN,99.955,NaN,NaN,99.955,NaN,NaN,99.955,NaN,NaN,99.955,99.955,99.955,99.955,99.955,99.955,NaN,NaN,NaN,NaN,NaN,NaN,NaN,NaN,NaN,NaN,NaN,NaN,NaN,NaN,NaN,NaN,NaN,NaN,NaN,NaN,NaN,NaN,NaN,NaN,NaN,NaN,NaN,NaN,NaN,NaN
2020-06-19,NaN,NaN,NaN,NaN,NaN,NaN,NaN,NaN,NaN,NaN,NaN,NaN,NaN,NaN,NaN,99.9175,152000.0,3078.0,99.92,207068.0,10793.0,99.93,194228.0,6159.0,99.93,104900.0,2509.0,99.94,233225.0,12556.0,99.95,155209.0,2408.0,99.95,110934.0,4619.0,99.955,158747.0,6359.0,99.96,83505.0,2215.0,99.97,47344.0,1139.0,99.97,108757.0,6310.0,99.98,50029.0,1243.0,99.99,67446.0,1516.0,99.99,36846.0,966.0,99.995,13756.0,439.0,99.995,5131.0,132.0,100.0,11199.0,107.0,100.0,5902.0,NaN,100.0,1651.0,5.0,100.005,5468.0,923.0,100.005,507.0,44.0,100.0,NaN,NaN,99.985,NaN,NaN,99.98,NaN,NaN,99.98,NaN,NaN,99.96,NaN,NaN,99.96,NaN,NaN,99.96,NaN,NaN,99.96,NaN,NaN,99.96,NaN,NaN,99.96,99.96,99.96,99.96,99.96,99.96,NaN,NaN,NaN,NaN,NaN,NaN,NaN,NaN,NaN,NaN,NaN,NaN,NaN,NaN,NaN,NaN,NaN,NaN,NaN,NaN,NaN,NaN,NaN,NaN,NaN,NaN,NaN,NaN,NaN,NaN
2020-06-22,NaN,NaN,NaN,NaN,NaN,NaN,NaN,NaN,NaN,NaN,NaN,NaN,NaN,NaN,NaN,99.9175,150868.0,2132.0,99.92,204153.0,5468.0,99.93,195208.0,4695.0,99.935,104669.0,3863.0,99.945,234330.0,6885.0,99.95,155742.0,2348.0,99.955,111334.0,2843.0,99.965,159468.0,1853.0,99.97,82895.0,3421.0,99.975,47386.0,734.0,99.975,108536.0,1514.0,99.985,49830.0,687.0,99.995,66673.0,1219.0,99.995,36879.0,1880.0,100.0,14118.0,575.0,100.0,5105.0,123.0,100.005,12091.0,1081.0,100.005,6242.0,907.0,100.005,2543.0,952.0,100.01,6710.0,1516.0,100.01,699.0,212.0,100.005,NaN,NaN,99.99,NaN,NaN,99.985,NaN,NaN,99.985,NaN,NaN,99.965,NaN,NaN,99.965,NaN,NaN,99.965,NaN,NaN,99.965,NaN,NaN,99.965,NaN,NaN,99.965,99.965,99.965,99.965,99.965,99.965,NaN,NaN,NaN,NaN,NaN,NaN,NaN,NaN,NaN,NaN,NaN,NaN,NaN,NaN,NaN,NaN,NaN,NaN,NaN,NaN,NaN,NaN,NaN,NaN,NaN,NaN,NaN,NaN,NaN,NaN
2020-06-23,NaN,NaN,NaN,NaN,NaN,NaN,NaN,NaN,NaN,NaN,NaN,NaN,NaN,NaN,NaN,99.92,148262.0,3022.0,99.92,203360.0,10336.0,99.93,193714.0,7246.0,99.93,108829.0,21085.0,99.94,234091.0,1555.0,99.945,157195.0,7532.0,99.95,111620.0,1224.0,99.96,160118.0,2706.0,99.965,83661.0,2330.0,99.97,47771.0,1574.0,99.97,107822.0,2870.0,99.98,50845.0,3501.0,99.99,67153.0,3755.0,99.99,37770.0,4448.0,99.995,14193.0,318.0,99.995,5115.0,74.0,100.0,12077.0,172.0,100.0,6242.0,36.0,100.0,2543.0,52.0,100.005,6710.0,285.0,100.005,699.0,30.0,100.0,NaN,NaN,100.005,30.0,30.0,100.0,NaN,NaN,100.0,NaN,NaN,99.98,NaN,NaN,99.98,NaN,NaN,99.98,NaN,NaN,99.965,NaN,NaN,99.965,NaN,NaN,99.965,99.965,99.965,99.965,99.965,99.965,NaN,NaN,NaN,NaN,NaN,NaN,NaN,NaN,NaN,NaN,NaN,NaN,NaN,NaN,NaN,NaN,NaN,NaN,NaN,NaN,NaN,NaN,NaN,NaN,NaN,NaN,NaN,NaN,NaN,NaN
2020-06-24,NaN,NaN,NaN,NaN,NaN,NaN,NaN,NaN,NaN,NaN,NaN,NaN,NaN,NaN,NaN,99.92,149065.0,3484.0,99.92,202671.0,24887.0,99.93,185479.0,41349.0,99.93,105583.0,10923.0,99.94,233586.0,6141.0,99.95,156941.0,4358.0,99.95,114427.0,8338.0,99.96,170229.0,23635.0,99.965,83222.0,7400.0,99.97,48470.0,2343.0,99.97,108740.0,5640.0,99.98,51951.0,1803.0,99.99,66822.0,952.0,99.99,37669.0,928.0,99.995,14278.0,284.0,99.995,5031.0,297.0,100.0,12185.0,264.0,100.0,6237.0,5.0,100.0,2544.0,13.0,100.005,6709.0,64.0,100.005,699.0,NaN,100.0,NaN,NaN,100.005,30.0,NaN,100.0,NaN,NaN,100.0,NaN,NaN,99.98,NaN,NaN,99.98,NaN,NaN,99.98,NaN,NaN,99.965,NaN,NaN,99.965,NaN,NaN,99.965,99.965,99.965,99.965,99.965,99.965,NaN,NaN,NaN,NaN,NaN,NaN,NaN,NaN,NaN,NaN,NaN,NaN,NaN,NaN,NaN,NaN,NaN,NaN,NaN,NaN,NaN,NaN,NaN,NaN,NaN,NaN,NaN,NaN,NaN,NaN
2020-06-25,NaN,NaN,NaN,NaN,NaN,NaN,NaN,NaN,NaN,NaN,NaN,NaN,NaN,NaN,NaN,99.92,144394.0,12321.0,99.92,207361.0,12958.0,99.93,187537.0,15134.0,99.935,105090.0,12662.0,99.945,231540.0,5547.0,99.95,157063.0,2377.0,99.955,114632.0,1681.0,99.965,171169.0,3109.0,99.97,82984.0,1813.0,99.975,48489.0,191.0,99.975,108363.0,3031.0,99.985,51614.0,958.0,99.995,66866.0,378.0,99.995,37868.0,548.0,100.0,14584.0,562.0,100.0,5037.0,60.0,100.005,12238.0,233.0,100.005,6223.0,19.0,100.005,2544.0,76.0,100.01,7039.0,396.0,100.01,729.0,30.0,100.005,NaN,NaN,100.01,30.0,NaN,100.005,NaN,NaN,100.005,NaN,NaN,99.985,NaN,NaN,99.985,NaN,NaN,99.985,NaN,NaN,99.97,NaN,NaN,99.97,NaN,NaN,99.97,99.97,99.97,99.97,99.97,99.97,NaN,NaN,NaN,NaN,NaN,NaN,NaN,NaN,NaN,NaN,NaN,NaN,NaN,NaN,NaN,NaN,NaN,NaN,NaN,NaN,NaN,NaN,NaN,NaN,NaN,NaN,NaN,NaN,NaN,NaN
2020-06-26,NaN,NaN,NaN,NaN,NaN,NaN,NaN,NaN,NaN,NaN,NaN,NaN,NaN,NaN,NaN,99.92,144446.0,1365.0,99.925,205687.0,6068.0,99.93,187606.0,8578.0,99.935,104201.0,8047.0,99.95,233739.0,10137.0,99.955,156188.0,8823.0,99.96,116508.0,7398.0,99.97,170833.0,7796.0,99.975,86982.0,9810.0,99.985,48409.0,2456.0,99.985,108074.0,2542.0,99.995,49728.0,4920.0,100.005,66838.0,1505.0,100.005,38626.0,2427.0,100.01,15387.0,1983.0,100.01,5114.0,1055.0,100.01,13293.0,1964.0,100.01,8243.0,2578.0,100.01,2566.0,143.0,100.015,8554.0,2757.0,100.015,1314.0,909.0,100.01,NaN,NaN,100.015,30.0,NaN,100.01,NaN,NaN,100.01,NaN,NaN,99.99,NaN,NaN,99.99,NaN,NaN,99.99,NaN,NaN,99.975,NaN,NaN,99.975,NaN,NaN,99.975,99.975,99.975,99.975,99.975,99.975,NaN,NaN,NaN,NaN,NaN,NaN,NaN,NaN,NaN,NaN,NaN,NaN,NaN,NaN,NaN,NaN,NaN,NaN,NaN,NaN,NaN,NaN,NaN,NaN,NaN,NaN,NaN,NaN,NaN,NaN
2020-06-29,NaN,NaN,NaN,NaN,NaN,NaN,NaN,NaN,NaN,NaN,NaN,NaN,NaN,NaN,NaN,99.92,144326.0,1818.0,99.925,201308.0,12973.0,99.935,181844.0,21126.0,99.94,104834.0,4437.0,99.955,234551.0,18395.0,99.96,153706.0,4793.0,99.965,120675.0,6257.0,99.975,170665.0,4235.0,99.985,87897.0,2459.0,99.99,49390.0,3656.0,99.99,108016.0,3312.0,100.0,49815.0,2714.0,100.01,67552.0,4160.0,100.01,39555.0,3934.0,100.015,17016.0,2443.0,100.015,5866.0,1338.0,100.015,16910.0,4448.0,100.015,8353.0,150.0,100.015,3451.0,888.0,100.02,8581.0,193.0,100.02,2264.0,952.0,100.02,889.0,889.0,100.025,115.0,85.0,100.02,10.0,10.0,100.02,NaN,NaN,100.01,NaN,NaN,100.01,NaN,NaN,100.01,NaN,NaN,99.995,NaN,NaN,99.995,NaN,NaN,99.995,99.995,99.995,99.995,99.995,99.995,NaN,NaN,NaN,NaN,NaN,NaN,NaN,NaN,NaN,NaN,NaN,NaN,NaN,NaN,NaN,NaN,NaN,NaN,NaN,NaN,NaN,NaN,NaN,NaN,NaN,NaN,NaN,NaN,NaN,NaN
2020-06-30,NaN,NaN,NaN,NaN,NaN,NaN,NaN,NaN,NaN,NaN,NaN,NaN,NaN,NaN,NaN,99.92,143966.0,453.0,99.925,196674.0,18281.0,99.935,182189.0,10732.0,99.94,103526.0,9696.0,99.955,233919.0,15939.0,99.96,154113.0,9545.0,99.965,123736.0,9537.0,99.975,174100.0,9778.0,99.985,88576.0,4834.0,99.995,51006.0,4718.0,99.995,108214.0,3270.0,100.005,50440.0,5164.0,100.01,68522.0,3783.0,100.01,41758.0,5333.0,100.015,17247.0,1285.0,100.015,6613.0,1315.0,100.015,17456.0,1196.0,100.015,8815.0,1748.0,100.015,4405.0,1434.0,100.02,13575.0,5697.0,100.02,2295.0,31.0,100.02,1790.0,902.0,100.025,164.0,49.0,100.02,10.0,NaN,100.02,NaN,NaN,100.01,NaN,NaN,100.01,NaN,NaN,100.01,NaN,NaN,99.995,NaN,NaN,99.995,NaN,NaN,99.995,99.995,99.995,99.995,99.995,99.995,99.995,NaN,NaN,NaN,NaN,NaN,NaN,NaN,NaN,NaN,NaN,NaN,NaN,NaN,NaN,NaN,NaN,NaN,NaN,NaN,NaN,NaN,NaN,NaN,NaN,NaN,NaN,NaN,NaN,NaN
2020-07-01,NaN,NaN,NaN,NaN,NaN,NaN,NaN,NaN,NaN,NaN,NaN,NaN,NaN,NaN,NaN,99.922,143966.0,NaN,99.925,193480.0,10227.0,99.935,182271.0,11642.0,99.94,101681.0,11741.0,99.955,234543.0,6090.0,99.96,153158.0,7334.0,99.96,123992.0,5859.0,99.97,175732.0,7068.0,99.98,88470.0,2393.0,99.985,49955.0,2414.0,99.985,108270.0,4292.0,99.995,51240.0,2018.0,100.0,68337.0,1382.0,100.0,41409.0,4028.0,100.005,17330.0,2009.0,100.01,6747.0,560.0,100.01,17019.0,2798.0,100.01,9835.0,1437.0,100.01,4475.0,205.0,100.015,13761.0,726.0,100.015,2640.0,347.0,100.015,1790.0,NaN,100.02,164.0,NaN,100.015,10.0,NaN,100.015,NaN,NaN,100.005,NaN,NaN,100.005,NaN,NaN,100.005,NaN,NaN,99.99,NaN,NaN,99.99,NaN,NaN,99.99,99.99,99.99,99.99,99.99,99.99,99.99,NaN,NaN,NaN,NaN,NaN,NaN,NaN,NaN,NaN,NaN,NaN,NaN,NaN,NaN,NaN,NaN,NaN,NaN,NaN,NaN,NaN,NaN,NaN,NaN,NaN,NaN,NaN,NaN,NaN
2020-07-02,NaN,NaN,NaN,NaN,NaN,NaN,NaN,NaN,NaN,NaN,NaN,NaN,NaN,NaN,NaN,NaN,NaN,NaN,99.9175,192021.0,10679.0,99.925,183743.0,14038.0,99.935,102446.0,4744.0,99.95,231916.0,23577.0,99.955,154272.0,6538.0,99.955,126151.0,5385.0,99.965,175542.0,3606.0,99.975,87991.0,3330.0,99.98,49921.0,4056.0,99.985,108282.0,2889.0,99.995,51510.0,1619.0,100.005,66872.0,4439.0,100.005,41753.0,2444.0,100.01,17747.0,1788.0,100.01,7079.0,1329.0,100.015,17294.0,1254.0,100.015,10224.0,734.0,100.015,4459.0,28.0,100.02,14585.0,1317.0,100.02,3541.0,902.0,100.02,2678.0,888.0,100.025,285.0,152.0,100.02,10.0,NaN,100.02,NaN,NaN,100.01,30.0,30.0,100.01,NaN,NaN,100.01,NaN,NaN,99.995,NaN,NaN,99.995,NaN,NaN,99.995,99.995,99.995,99.995,99.995,99.995,99.995,NaN,NaN,NaN,NaN,NaN,NaN,NaN,NaN,NaN,NaN,NaN,NaN,NaN,NaN,NaN,NaN,NaN,NaN,NaN,NaN,NaN,NaN,NaN,NaN,NaN,NaN,NaN,NaN,NaN
2020-07-06,NaN,NaN,NaN,NaN,NaN,NaN,NaN,NaN,NaN,NaN,NaN,NaN,NaN,NaN,NaN,NaN,NaN,NaN,99.915,194631.0,10636.0,99.925,185086.0,8622.0,99.93,106026.0,3001.0,99.945,234906.0,7645.0,99.95,153093.0,9127.0,99.955,120799.0,18774.0,99.965,184597.0,10006.0,99.975,89269.0,3040.0,99.98,52395.0,2034.0,99.98,114505.0,3174.0,99.99,55537.0,1763.0,99.995,64778.0,4133.0,100.0,43954.0,981.0,100.005,18367.0,1127.0,100.005,7137.0,21.0,100.01,17236.0,475.0,100.01,10352.0,248.0,100.01,4552.0,154.0,100.015,16486.0,2025.0,100.015,3577.0,37.0,100.015,2678.0,NaN,100.02,306.0,21.0,100.015,10.0,NaN,100.015,NaN,NaN,100.005,30.0,NaN,100.005,NaN,NaN,100.005,NaN,NaN,99.99,NaN,NaN,99.99,NaN,NaN,99.99,99.99,99.99,99.99,99.99,99.99,99.99,NaN,NaN,NaN,NaN,NaN,NaN,NaN,NaN,NaN,NaN,NaN,NaN,NaN,NaN,NaN,NaN,NaN,NaN,NaN,NaN,NaN,NaN,NaN,NaN,NaN,NaN,NaN,NaN,NaN
2020-07-07,NaN,NaN,NaN,NaN,NaN,NaN,NaN,NaN,NaN,NaN,NaN,NaN,NaN,NaN,NaN,NaN,NaN,NaN,99.9125,198132.0,16393.0,99.925,185394.0,13580.0,99.93,106933.0,5347.0,99.945,235911.0,4104.0,99.95,156411.0,4044.0,99.955,120126.0,5037.0,99.97,181083.0,8025.0,99.975,88688.0,1838.0,99.98,48746.0,2472.0,99.98,115530.0,4050.0,99.995,52034.0,1943.0,100.0,65812.0,7468.0,100.005,42521.0,2959.0,100.01,17745.0,579.0,100.01,7209.0,71.0,100.015,17297.0,1261.0,100.015,11035.0,266.0,100.015,4448.0,106.0,100.02,17040.0,745.0,100.025,3649.0,83.0,100.025,2688.0,10.0,100.03,306.0,5.0,100.025,10.0,NaN,100.025,NaN,NaN,100.015,30.0,NaN,100.015,NaN,NaN,100.015,NaN,NaN,100.0,NaN,NaN,100.0,NaN,NaN,100.0,100.0,100.0,100.0,100.0,100.0,100.0,NaN,NaN,NaN,NaN,NaN,NaN,NaN,NaN,NaN,NaN,NaN,NaN,NaN,NaN,NaN,NaN,NaN,NaN,NaN,NaN,NaN,NaN,NaN,NaN,NaN,NaN,NaN,NaN,NaN
2020-07-08,NaN,NaN,NaN,NaN,NaN,NaN,NaN,NaN,NaN,NaN,NaN,NaN,NaN,NaN,NaN,NaN,NaN,NaN,99.915,199912.0,12090.0,99.925,184240.0,1229.0,99.935,102747.0,3618.0,99.95,234152.0,6486.0,99.955,153109.0,3913.0,99.955,120109.0,4756.0,99.97,175216.0,4393.0,99.98,88376.0,1175.0,99.985,49060.0,805.0,99.985,111177.0,2798.0,100.0,53344.0,2366.0,100.005,68581.0,7630.0,100.01,41351.0,2300.0,100.015,17493.0,531.0,100.015,7057.0,66.0,100.02,17329.0,757.0,100.02,10382.0,311.0,100.02,4428.0,70.0,100.03,17128.0,480.0,100.035,3691.0,44.0,100.04,2689.0,2.0,100.04,697.0,391.0,100.035,10.0,NaN,100.035,NaN,NaN,100.025,30.0,NaN,100.025,NaN,NaN,100.025,NaN,NaN,100.01,NaN,NaN,100.01,NaN,NaN,100.01,100.01,100.01,100.01,100.01,100.01,100.01,NaN,NaN,NaN,NaN,NaN,NaN,NaN,NaN,NaN,NaN,NaN,NaN,NaN,NaN,NaN,NaN,NaN,NaN,NaN,NaN,NaN,NaN,NaN,NaN,NaN,NaN,NaN,NaN,NaN
2020-07-09,NaN,NaN,NaN,NaN,NaN,NaN,NaN,NaN,NaN,NaN,NaN,NaN,NaN,NaN,NaN,NaN,NaN,NaN,99.915,200043.0,2424.0,99.925,183599.0,1989.0,99.935,103138.0,4800.0,99.95,233881.0,9538.0,99.955,153417.0,3372.0,99.96,123066.0,5665.0,99.975,176282.0,11595.0,99.985,88843.0,2818.0,99.99,49234.0,981.0,99.995,112933.0,5275.0,100.005,54003.0,5457.0,100.005,63500.0,6635.0,100.01,40328.0,3845.0,100.02,17683.0,364.0,100.02,7061.0,63.0,100.025,17299.0,343.0,100.025,10513.0,154.0,100.025,4337.0,305.0,100.035,17065.0,182.0,100.04,3691.0,5.0,100.045,2689.0,NaN,100.045,708.0,13.0,100.04,10.0,NaN,100.04,NaN,NaN,100.03,30.0,NaN,100.03,NaN,NaN,100.03,NaN,NaN,100.015,NaN,NaN,100.015,NaN,NaN,100.015,100.015,100.015,100.015,100.015,100.015,100.015,NaN,NaN,NaN,NaN,NaN,NaN,NaN,NaN,NaN,NaN,NaN,NaN,NaN,NaN,NaN,NaN,NaN,NaN,NaN,NaN,NaN,NaN,NaN,NaN,NaN,NaN,NaN,NaN,NaN
2020-07-10,NaN,NaN,NaN,NaN,NaN,NaN,NaN,NaN,NaN,NaN,NaN,NaN,NaN,NaN,NaN,NaN,NaN,NaN,99.9125,202116.0,11595.0,99.92,183590.0,9742.0,99.93,101404.0,12383.0,99.945,234839.0,11568.0,99.955,161944.0,12163.0,99.96,122338.0,7084.0,99.975,176581.0,5777.0,99.985,87443.0,4957.0,99.99,49228.0,1656.0,99.995,112567.0,6814.0,100.005,54629.0,4075.0,100.01,62680.0,4052.0,100.015,39575.0,5197.0,100.025,17482.0,1764.0,100.025,6988.0,547.0,100.03,17385.0,1518.0,100.03,10664.0,403.0,100.03,4337.0,81.0,100.04,17053.0,483.0,100.045,3615.0,117.0,100.05,2689.0,NaN,100.05,708.0,3.0,100.045,10.0,NaN,100.045,NaN,NaN,100.035,30.0,NaN,100.035,NaN,NaN,100.035,NaN,NaN,100.02,NaN,NaN,100.02,NaN,NaN,100.02,100.02,100.02,100.02,100.02,100.02,100.02,NaN,NaN,NaN,NaN,NaN,NaN,NaN,NaN,NaN,NaN,NaN,NaN,NaN,NaN,NaN,NaN,NaN,NaN,NaN,NaN,NaN,NaN,NaN,NaN,NaN,NaN,NaN,NaN,NaN
2020-07-13,NaN,NaN,NaN,NaN,NaN,NaN,NaN,NaN,NaN,NaN,NaN,NaN,NaN,NaN,NaN,NaN,NaN,NaN,99.91,202220.0,13320.0,99.92,182888.0,5265.0,99.93,103190.0,6274.0,99.945,238105.0,25569.0,99.95,160776.0,8247.0,99.955,122672.0,2113.0,99.97,179530.0,4331.0,99.98,87590.0,1738.0,99.985,49517.0,1911.0,99.985,113343.0,3328.0,100.0,55037.0,1248.0,100.005,63052.0,1751.0,100.005,39546.0,1074.0,100.015,18155.0,987.0,100.015,7617.0,191.0,100.02,17296.0,338.0,100.02,10191.0,842.0,100.02,4984.0,629.0,100.03,17018.0,213.0,100.035,3615.0,2.0,100.04,2689.0,NaN,100.04,708.0,12.0,100.035,10.0,NaN,100.035,NaN,NaN,100.025,30.0,NaN,100.025,NaN,NaN,100.025,NaN,NaN,100.01,NaN,NaN,100.01,NaN,NaN,100.01,100.01,100.01,100.01,100.01,100.01,100.01,NaN,NaN,NaN,NaN,NaN,NaN,NaN,NaN,NaN,NaN,NaN,NaN,NaN,NaN,NaN,NaN,NaN,NaN,NaN,NaN,NaN,NaN,NaN,NaN,NaN,NaN,NaN,NaN,NaN
2020-07-14,NaN,NaN,NaN,NaN,NaN,NaN,NaN,NaN,NaN,NaN,NaN,NaN,NaN,NaN,NaN,NaN,NaN,NaN,99.91,202348.0,5724.0,99.92,183631.0,10983.0,99.93,102709.0,2509.0,99.94,237911.0,4644.0,99.95,160150.0,2426.0,99.955,120401.0,5330.0,99.97,182950.0,11569.0,99.98,88627.0,5134.0,99.985,52674.0,6264.0,99.99,113048.0,5456.0,100.005,54647.0,1629.0,100.01,63835.0,3516.0,100.01,39218.0,1686.0,100.02,17875.0,974.0,100.02,7019.0,134.0,100.025,17382.0,660.0,100.025,10113.0,369.0,100.025,4337.0,180.0,100.035,16751.0,961.0,100.04,3945.0,385.0,100.045,2810.0,121.0,100.045,890.0,192.0,100.04,10.0,NaN,100.04,NaN,NaN,100.03,30.0,NaN,100.03,NaN,NaN,100.03,NaN,NaN,100.015,NaN,NaN,100.015,NaN,NaN,100.015,100.015,100.015,100.015,100.015,100.015,100.015,NaN,NaN,NaN,NaN,NaN,NaN,NaN,NaN,NaN,NaN,NaN,NaN,NaN,NaN,NaN,NaN,NaN,NaN,NaN,NaN,NaN,NaN,NaN,NaN,NaN,NaN,NaN,NaN,NaN
2020-07-15,NaN,NaN,NaN,NaN,NaN,NaN,NaN,NaN,NaN,NaN,NaN,NaN,NaN,NaN,NaN,NaN,NaN,NaN,99.91,201142.0,3005.0,99.92,185271.0,7317.0,99.93,107436.0,14010.0,99.945,239423.0,2833.0,99.95,162127.0,6772.0,99.955,120242.0,1722.0,99.97,182207.0,2919.0,99.98,89319.0,3349.0,99.985,52940.0,1916.0,99.985,113542.0,3101.0,99.995,55579.0,2965.0,100.0,63095.0,1637.0,100.0,40190.0,2479.0,100.01,17916.0,473.0,100.01,7035.0,418.0,100.015,18248.0,2228.0,100.015,10131.0,94.0,100.015,4385.0,104.0,100.025,16678.0,193.0,100.03,3943.0,2.0,100.035,2810.0,NaN,100.035,890.0,27.0,100.03,10.0,NaN,100.03,NaN,NaN,100.02,30.0,NaN,100.02,NaN,NaN,100.02,NaN,NaN,100.005,NaN,NaN,100.005,NaN,NaN,100.005,100.005,100.005,100.005,100.005,100.005,100.005,NaN,NaN,NaN,NaN,NaN,NaN,NaN,NaN,NaN,NaN,NaN,NaN,NaN,NaN,NaN,NaN,NaN,NaN,NaN,NaN,NaN,NaN,NaN,NaN,NaN,NaN,NaN,NaN,NaN
2020-07-16,NaN,NaN,NaN,NaN,NaN,NaN,NaN,NaN,NaN,NaN,NaN,NaN,NaN,NaN,NaN,NaN,NaN,NaN,99.91,199791.0,8542.0,99.925,180346.0,12102.0,99.93,108337.0,5430.0,99.945,240446.0,9251.0,99.955,162413.0,2236.0,99.96,120115.0,3968.0,99.975,185588.0,11198.0,99.985,89431.0,3753.0,99.99,52975.0,998.0,99.99,114011.0,1810.0,100.0,55742.0,1521.0,100.0,62596.0,2293.0,100.005,40242.0,1233.0,100.015,18404.0,1093.0,100.015,7989.0,1648.0,100.02,18210.0,702.0,100.02,10242.0,507.0,100.02,4385.0,239.0,100.03,16845.0,282.0,100.035,3941.0,26.0,100.04,2810.0,NaN,100.04,890.0,12.0,100.035,10.0,NaN,100.035,NaN,NaN,100.025,30.0,NaN,100.025,NaN,NaN,100.025,NaN,NaN,100.01,NaN,NaN,100.01,NaN,NaN,100.01,100.01,100.01,100.01,100.01,100.01,100.01,NaN,NaN,NaN,NaN,NaN,NaN,NaN,NaN,NaN,NaN,NaN,NaN,NaN,NaN,NaN,NaN,NaN,NaN,NaN,NaN,NaN,NaN,NaN,NaN,NaN,NaN,NaN,NaN,NaN
2020-07-17,NaN,NaN,NaN,NaN,NaN,NaN,NaN,NaN,NaN,NaN,NaN,NaN,NaN,NaN,NaN,NaN,NaN,NaN,99.91,198892.0,8261.0,99.92,179268.0,4441.0,99.925,107199.0,4566.0,99.94,241229.0,3416.0,99.95,163195.0,2922.0,99.955,117083.0,4048.0,99.965,184725.0,3504.0,99.975,89944.0,2072.0,99.98,52927.0,1521.0,99.985,114259.0,751.0,99.995,55803.0,1408.0,100.0,62186.0,669.0,100.005,40239.0,438.0,100.01,18469.0,260.0,100.01,8012.0,87.0,100.015,18174.0,185.0,100.015,10240.0,74.0,100.015,4232.0,49.0,100.025,16835.0,20.0,100.03,3939.0,18.0,100.035,2810.0,NaN,100.035,890.0,6.0,100.03,10.0,NaN,100.03,NaN,NaN,100.02,30.0,NaN,100.02,NaN,NaN,100.02,NaN,NaN,100.005,NaN,NaN,100.005,NaN,NaN,100.005,100.005,100.005,100.005,100.005,100.005,100.005,NaN,NaN,NaN,NaN,NaN,NaN,NaN,NaN,NaN,NaN,NaN,NaN,NaN,NaN,NaN,NaN,NaN,NaN,NaN,NaN,NaN,NaN,NaN,NaN,NaN,NaN,NaN,NaN,NaN
2020-07-20,NaN,NaN,NaN,NaN,NaN,NaN,NaN,NaN,NaN,NaN,NaN,NaN,NaN,NaN,NaN,NaN,NaN,NaN,99.9075,201282.0,11560.0,99.92,178252.0,4455.0,99.925,107017.0,956.0,99.94,240993.0,1590.0,99.95,163315.0,5146.0,99.955,116381.0,1545.0,99.965,183817.0,7932.0,99.975,92024.0,4746.0,99.98,52764.0,982.0,99.985,114303.0,2809.0,99.995,55826.0,130.0,100.0,62144.0,168.0,100.005,40249.0,213.0,100.01,18505.0,142.0,100.01,8104.0,104.0,100.015,18034.0,509.0,100.015,10079.0,282.0,100.015,4232.0,247.0,100.025,16820.0,106.0,100.03,3939.0,NaN,100.035,2810.0,NaN,100.035,1114.0,236.0,100.03,10.0,NaN,100.03,NaN,NaN,100.02,30.0,NaN,100.02,NaN,NaN,100.02,NaN,NaN,100.005,NaN,NaN,100.005,NaN,NaN,100.005,100.005,100.005,100.005,100.005,100.005,100.005,NaN,NaN,NaN,NaN,NaN,NaN,NaN,NaN,NaN,NaN,NaN,NaN,NaN,NaN,NaN,NaN,NaN,NaN,NaN,NaN,NaN,NaN,NaN,NaN,NaN,NaN,NaN,NaN,NaN
2020-07-21,NaN,NaN,NaN,NaN,NaN,NaN,NaN,NaN,NaN,NaN,NaN,NaN,NaN,NaN,NaN,NaN,NaN,NaN,99.9075,201610.0,1942.0,99.915,178509.0,9834.0,99.925,107457.0,2122.0,99.94,242556.0,14829.0,99.945,161927.0,6488.0,99.955,116310.0,898.0,99.965,177495.0,13781.0,99.975,94151.0,10280.0,99.98,53441.0,3445.0,99.985,113844.0,2743.0,99.995,55586.0,1220.0,100.0,60556.0,2491.0,100.005,41139.0,2667.0,100.01,18648.0,1279.0,100.01,8102.0,19.0,100.015,18217.0,1142.0,100.015,10071.0,37.0,100.02,4232.0,26.0,100.03,16828.0,344.0,100.035,4616.0,775.0,100.04,3290.0,480.0,100.04,1733.0,716.0,100.035,10.0,NaN,100.035,NaN,NaN,100.025,30.0,NaN,100.025,NaN,NaN,100.025,NaN,NaN,100.01,NaN,NaN,100.01,NaN,NaN,100.01,100.01,100.01,100.01,100.01,100.01,100.01,NaN,NaN,NaN,NaN,NaN,NaN,NaN,NaN,NaN,NaN,NaN,NaN,NaN,NaN,NaN,NaN,NaN,NaN,NaN,NaN,NaN,NaN,NaN,NaN,NaN,NaN,NaN,NaN,NaN
2020-07-22,NaN,NaN,NaN,NaN,NaN,NaN,NaN,NaN,NaN,NaN,NaN,NaN,NaN,NaN,NaN,NaN,NaN,NaN,99.9075,200937.0,3840.0,99.915,177577.0,6929.0,99.925,106374.0,7828.0,99.94,242222.0,7888.0,99.945,158247.0,6061.0,99.955,116215.0,968.0,99.965,176308.0,4352.0,99.975,92143.0,5401.0,99.98,52422.0,1584.0,99.985,114851.0,4470.0,99.995,55584.0,663.0,100.0,60561.0,635.0,100.005,41098.0,626.0,100.01,18716.0,553.0,100.01,8102.0,7.0,100.015,19295.0,1832.0,100.015,9997.0,586.0,100.02,4232.0,80.0,100.03,16820.0,287.0,100.035,5767.0,1469.0,100.04,3890.0,600.0,100.045,3287.0,1824.0,100.04,32.0,22.0,100.04,NaN,NaN,100.03,30.0,NaN,100.03,NaN,NaN,100.03,NaN,NaN,100.015,NaN,NaN,100.015,NaN,NaN,100.015,100.015,100.015,100.015,100.015,100.015,100.015,NaN,NaN,NaN,NaN,NaN,NaN,NaN,NaN,NaN,NaN,NaN,NaN,NaN,NaN,NaN,NaN,NaN,NaN,NaN,NaN,NaN,NaN,NaN,NaN,NaN,NaN,NaN,NaN,NaN
2020-07-23,NaN,NaN,NaN,NaN,NaN,NaN,NaN,NaN,NaN,NaN,NaN,NaN,NaN,NaN,NaN,NaN,NaN,NaN,99.9075,200350.0,284.0,99.92,179791.0,11465.0,99.93,106111.0,10529.0,99.945,241227.0,3379.0,99.95,153208.0,14968.0,99.955,116124.0,684.0,99.965,176574.0,5379.0,99.975,91643.0,2025.0,99.98,52422.0,55.0,99.985,114987.0,1659.0,99.995,55658.0,321.0,100.0,60151.0,3392.0,100.005,41113.0,64.0,100.01,18608.0,799.0,100.01,8179.0,151.0,100.015,19270.0,47.0,100.015,9997.0,45.0,100.02,4232.0,15.0,100.03,16862.0,181.0,100.035,5754.0,13.0,100.04,3890.0,NaN,100.045,3887.0,649.0,100.04,32.0,11.0,100.04,NaN,NaN,100.03,30.0,3.0,100.03,NaN,NaN,100.03,NaN,NaN,100.015,NaN,NaN,100.015,NaN,NaN,100.015,100.015,100.015,100.015,100.015,100.015,100.015,NaN,NaN,NaN,NaN,NaN,NaN,NaN,NaN,NaN,NaN,NaN,NaN,NaN,NaN,NaN,NaN,NaN,NaN,NaN,NaN,NaN,NaN,NaN,NaN,NaN,NaN,NaN,NaN,NaN
2020-07-24,NaN,NaN,NaN,NaN,NaN,NaN,NaN,NaN,NaN,NaN,NaN,NaN,NaN,NaN,NaN,NaN,NaN,NaN,99.9075,199096.0,2716.0,99.92,179900.0,4068.0,99.93,108457.0,7201.0,99.945,240678.0,3005.0,99.95,150553.0,6027.0,99.955,115996.0,1318.0,99.965,176786.0,2455.0,99.97,94811.0,6947.0,99.98,52409.0,1653.0,99.985,114853.0,3611.0,99.995,58861.0,4651.0,99.995,60837.0,3215.0,100.0,41612.0,928.0,100.005,18642.0,528.0,100.005,8277.0,109.0,100.01,19491.0,487.0,100.01,9997.0,98.0,100.015,4232.0,137.0,100.025,16198.0,759.0,100.03,5734.0,174.0,100.035,3890.0,NaN,100.04,6635.0,2873.0,100.04,32.0,NaN,100.04,NaN,NaN,100.03,30.0,NaN,100.03,NaN,NaN,100.03,NaN,NaN,100.015,NaN,NaN,100.015,NaN,NaN,100.015,100.015,100.015,100.015,100.015,100.015,100.015,NaN,NaN,NaN,NaN,NaN,NaN,NaN,NaN,NaN,NaN,NaN,NaN,NaN,NaN,NaN,NaN,NaN,NaN,NaN,NaN,NaN,NaN,NaN,NaN,NaN,NaN,NaN,NaN,NaN
2020-07-27,NaN,NaN,NaN,NaN,NaN,NaN,NaN,NaN,NaN,NaN,NaN,NaN,NaN,NaN,NaN,NaN,NaN,NaN,99.91,199079.0,257.0,99.925,181489.0,8022.0,99.93,108074.0,6302.0,99.945,240307.0,4282.0,99.95,156328.0,19373.0,99.955,118488.0,5778.0,99.965,175057.0,27904.0,99.97,94373.0,5487.0,99.975,52085.0,1477.0,99.98,109520.0,13747.0,99.99,57940.0,5628.0,99.99,61095.0,2380.0,99.995,40389.0,7088.0,100.0,19749.0,4296.0,100.0,8403.0,305.0,100.005,19661.0,274.0,100.005,9935.0,400.0,100.01,4233.0,2.0,100.02,16193.0,159.0,100.02,5732.0,2.0,100.025,3890.0,NaN,100.03,7241.0,684.0,100.03,32.0,NaN,100.03,NaN,NaN,100.02,30.0,NaN,100.02,NaN,NaN,100.02,NaN,NaN,100.005,NaN,NaN,100.005,NaN,NaN,100.005,100.005,100.005,100.005,100.005,100.005,100.005,NaN,NaN,NaN,NaN,NaN,NaN,NaN,NaN,NaN,NaN,NaN,NaN,NaN,NaN,NaN,NaN,NaN,NaN,NaN,NaN,NaN,NaN,NaN,NaN,NaN,NaN,NaN,NaN,NaN
2020-07-28,NaN,NaN,NaN,NaN,NaN,NaN,NaN,NaN,NaN,NaN,NaN,NaN,NaN,NaN,NaN,NaN,NaN,NaN,99.9075,198969.0,534.0,99.92,181714.0,9875.0,99.93,111138.0,11317.0,99.94,239884.0,3485.0,99.945,156952.0,2887.0,99.955,118458.0,1378.0,99.965,175008.0,3406.0,99.97,98034.0,8599.0,99.975,50879.0,2958.0,99.98,109337.0,2582.0,99.99,56473.0,3629.0,99.995,62055.0,3463.0,100.0,40353.0,529.0,100.005,19761.0,384.0,100.005,8411.0,34.0,100.005,19998.0,681.0,100.005,9924.0,118.0,100.01,4418.0,189.0,100.02,16171.0,190.0,100.02,5600.0,330.0,100.025,3980.0,369.0,100.035,7984.0,885.0,100.035,77.0,75.0,100.035,NaN,NaN,100.03,70.0,85.0,100.03,NaN,NaN,100.03,NaN,NaN,100.015,NaN,NaN,100.015,NaN,NaN,100.015,100.015,100.015,100.015,100.015,100.015,100.015,NaN,NaN,NaN,NaN,NaN,NaN,NaN,NaN,NaN,NaN,NaN,NaN,NaN,NaN,NaN,NaN,NaN,NaN,NaN,NaN,NaN,NaN,NaN,NaN,NaN,NaN,NaN,NaN,NaN
2020-07-29,NaN,NaN,NaN,NaN,NaN,NaN,NaN,NaN,NaN,NaN,NaN,NaN,NaN,NaN,NaN,NaN,NaN,NaN,99.9075,198999.0,229.0,99.92,180729.0,29834.0,99.93,118016.0,15293.0,99.94,239734.0,18452.0,99.945,155221.0,6350.0,99.955,118055.0,19802.0,99.965,175583.0,14649.0,99.97,101144.0,13871.0,99.975,51456.0,5510.0,99.98,112133.0,12020.0,99.99,55802.0,4100.0,99.995,62088.0,1737.0,100.0,41505.0,4649.0,100.005,20003.0,1652.0,100.005,8452.0,106.0,100.005,19899.0,1094.0,100.01,9913.0,43.0,100.015,4405.0,13.0,100.025,16046.0,478.0,100.025,5594.0,483.0,100.03,4456.0,497.0,100.04,9265.0,1478.0,100.04,150.0,83.0,100.04,NaN,NaN,100.035,85.0,60.0,100.035,NaN,NaN,100.035,NaN,NaN,100.02,NaN,NaN,100.02,NaN,NaN,100.02,100.02,100.02,100.02,100.02,100.02,100.02,NaN,NaN,NaN,NaN,NaN,NaN,NaN,NaN,NaN,NaN,NaN,NaN,NaN,NaN,NaN,NaN,NaN,NaN,NaN,NaN,NaN,NaN,NaN,NaN,NaN,NaN,NaN,NaN,NaN
2020-07-30,NaN,NaN,NaN,NaN,NaN,NaN,NaN,NaN,NaN,NaN,NaN,NaN,NaN,NaN,NaN,NaN,NaN,NaN,99.9075,198734.0,1490.0,99.92,182632.0,13094.0,99.93,120064.0,14526.0,99.94,245012.0,22996.0,99.945,154056.0,7191.0,99.955,119047.0,5164.0,99.965,176122.0,12316.0,99.97,102167.0,8996.0,99.98,51764.0,3081.0,99.985,109531.0,12348.0,99.995,55086.0,5632.0,100.0,62413.0,2028.0,100.005,42964.0,3837.0,100.01,21176.0,1995.0,100.01,8477.0,93.0,100.015,19508.0,1552.0,100.02,9932.0,462.0,100.025,4420.0,56.0,100.035,16498.0,688.0,100.035,5444.0,693.0,100.04,5553.0,1413.0,100.05,14189.0,6411.0,100.05,633.0,564.0,100.05,NaN,2.0,100.05,216.0,142.0,100.05,NaN,NaN,100.05,NaN,NaN,100.035,NaN,NaN,100.035,NaN,NaN,100.035,100.035,100.035,100.035,100.035,100.035,100.035,NaN,NaN,NaN,NaN,NaN,NaN,NaN,NaN,NaN,NaN,NaN,NaN,NaN,NaN,NaN,NaN,NaN,NaN,NaN,NaN,NaN,NaN,NaN,NaN,NaN,NaN,NaN,NaN,NaN
2020-07-31,NaN,NaN,NaN,NaN,NaN,NaN,NaN,NaN,NaN,NaN,NaN,NaN,NaN,NaN,NaN,NaN,NaN,NaN,99.905,196125.0,10262.0,99.92,181727.0,13597.0,99.93,117212.0,8456.0,99.94,247796.0,11439.0,99.945,151765.0,8029.0,99.95,119197.0,1888.0,99.965,178389.0,12750.0,99.97,105437.0,8652.0,99.98,51620.0,2803.0,99.985,107969.0,4888.0,100.0,53646.0,10274.0,100.005,62930.0,2570.0,100.01,42425.0,2143.0,100.015,21425.0,1008.0,100.015,8459.0,243.0,100.02,19630.0,1015.0,100.025,10851.0,1182.0,100.03,4420.0,52.0,100.04,16490.0,292.0,100.04,5393.0,791.0,100.045,5553.0,3.0,100.06,15402.0,1464.0,100.065,4059.0,4123.0,100.065,NaN,NaN,100.065,221.0,29.0,100.06,5.0,5.0,100.06,NaN,NaN,100.045,NaN,NaN,100.045,NaN,NaN,100.045,100.045,100.045,100.045,100.045,100.045,100.045,100.045,NaN,NaN,NaN,NaN,NaN,NaN,NaN,NaN,NaN,NaN,NaN,NaN,NaN,NaN,NaN,NaN,NaN,NaN,NaN,NaN,NaN,NaN,NaN,NaN,NaN,NaN,NaN,NaN
2020-08-03,NaN,NaN,NaN,NaN,NaN,NaN,NaN,NaN,NaN,NaN,NaN,NaN,NaN,NaN,NaN,NaN,NaN,NaN,99.907,196088.0,NaN,99.915,183774.0,10165.0,99.925,115221.0,7233.0,99.935,247462.0,8450.0,99.94,152988.0,6603.0,99.945,119679.0,2881.0,99.96,179807.0,4465.0,99.965,105625.0,3846.0,99.975,51664.0,375.0,99.98,108612.0,2555.0,99.995,52798.0,2527.0,100.0,63086.0,1446.0,100.0,41359.0,5498.0,100.005,21356.0,958.0,100.005,8437.0,401.0,100.01,22154.0,4646.0,100.015,11269.0,2762.0,100.025,4424.0,596.0,100.035,16523.0,940.0,100.035,5604.0,685.0,100.045,5532.0,364.0,100.06,17582.0,3069.0,100.065,4470.0,672.0,100.065,NaN,NaN,100.065,221.0,5.0,100.06,5.0,5.0,100.06,NaN,NaN,100.05,NaN,NaN,100.05,NaN,NaN,100.05,100.05,100.05,100.05,100.05,100.05,100.05,100.05,NaN,NaN,NaN,NaN,NaN,NaN,NaN,NaN,NaN,NaN,NaN,NaN,NaN,NaN,NaN,NaN,NaN,NaN,NaN,NaN,NaN,NaN,NaN,NaN,NaN,NaN,NaN,NaN
2020-08-04,NaN,NaN,NaN,NaN,NaN,NaN,NaN,NaN,NaN,NaN,NaN,NaN,NaN,NaN,NaN,NaN,NaN,NaN,NaN,NaN,NaN,99.9125,187693.0,7949.0,99.925,113383.0,2984.0,99.935,247208.0,2591.0,99.94,150373.0,5338.0,99.945,120615.0,3121.0,99.96,180129.0,6450.0,99.965,106280.0,2365.0,99.975,52552.0,3574.0,99.98,110790.0,5979.0,99.99,55454.0,3854.0,99.995,62969.0,714.0,99.995,40675.0,5025.0,100.0,21367.0,278.0,100.005,8492.0,195.0,100.01,22336.0,518.0,100.015,11219.0,234.0,100.025,4423.0,6.0,100.035,16633.0,141.0,100.035,5591.0,143.0,100.045,5533.0,52.0,100.06,17727.0,433.0,100.065,7490.0,3473.0,100.065,48.0,48.0,100.065,288.0,105.0,100.06,5.0,NaN,100.06,NaN,NaN,100.05,NaN,NaN,100.05,NaN,NaN,100.05,100.05,100.05,100.05,100.05,100.05,100.05,100.05,NaN,NaN,NaN,NaN,NaN,NaN,NaN,NaN,NaN,NaN,NaN,NaN,NaN,NaN,NaN,NaN,NaN,NaN,NaN,NaN,NaN,NaN,NaN,NaN,NaN,NaN,NaN,NaN
2020-08-05,NaN,NaN,NaN,NaN,NaN,NaN,NaN,NaN,NaN,NaN,NaN,NaN,NaN,NaN,NaN,NaN,NaN,NaN,NaN,NaN,NaN,99.9125,186074.0,3836.0,99.925,110914.0,4027.0,99.935,245235.0,6325.0,99.94,151666.0,4709.0,99.945,120597.0,2169.0,99.955,180564.0,3313.0,99.96,108176.0,3592.0,99.97,52744.0,2146.0,99.975,116681.0,14404.0,99.985,54324.0,3589.0,99.99,64378.0,2625.0,99.99,40776.0,2489.0,99.995,20919.0,3952.0,99.995,11212.0,3134.0,100.0,23286.0,2384.0,100.005,11317.0,430.0,100.015,4443.0,85.0,100.025,16650.0,247.0,100.025,5360.0,417.0,100.035,5533.0,24.0,100.045,17733.0,256.0,100.05,7556.0,91.0,100.05,48.0,NaN,100.05,288.0,NaN,100.045,5.0,NaN,100.045,NaN,NaN,100.035,NaN,NaN,100.035,NaN,NaN,100.035,100.035,100.035,100.035,100.035,100.035,100.035,100.035,NaN,NaN,NaN,NaN,NaN,NaN,NaN,NaN,NaN,NaN,NaN,NaN,NaN,NaN,NaN,NaN,NaN,NaN,NaN,NaN,NaN,NaN,NaN,NaN,NaN,NaN,NaN,NaN
2020-08-06,NaN,NaN,NaN,NaN,NaN,NaN,NaN,NaN,NaN,NaN,NaN,NaN,NaN,NaN,NaN,NaN,NaN,NaN,NaN,NaN,NaN,99.9125,187098.0,9170.0,99.925,110363.0,2992.0,99.935,244814.0,13474.0,99.94,151126.0,2072.0,99.945,120714.0,1165.0,99.955,181458.0,5224.0,99.96,106766.0,3281.0,99.965,53350.0,987.0,99.97,121648.0,13320.0,99.98,54304.0,3850.0,99.985,64742.0,1683.0,99.99,42996.0,5130.0,99.995,21313.0,4345.0,99.995,11907.0,1309.0,100.0,23233.0,2132.0,100.005,11204.0,566.0,100.015,4549.0,216.0,100.025,16803.0,665.0,100.025,5363.0,43.0,100.035,5533.0,10.0,100.045,17742.0,547.0,100.05,7604.0,150.0,100.05,48.0,NaN,100.05,288.0,NaN,100.045,5.0,NaN,100.045,NaN,NaN,100.035,NaN,NaN,100.035,NaN,NaN,100.035,100.035,100.035,100.035,100.035,100.035,100.035,100.035,NaN,NaN,NaN,NaN,NaN,NaN,NaN,NaN,NaN,NaN,NaN,NaN,NaN,NaN,NaN,NaN,NaN,NaN,NaN,NaN,NaN,NaN,NaN,NaN,NaN,NaN,NaN,NaN
2020-08-07,NaN,NaN,NaN,NaN,NaN,NaN,NaN,NaN,NaN,NaN,NaN,NaN,NaN,NaN,NaN,NaN,NaN,NaN,NaN,NaN,NaN,99.91,186568.0,1961.0,99.925,111146.0,8059.0,99.935,246828.0,26185.0,99.94,155854.0,18933.0,99.94,120797.0,2436.0,99.95,180335.0,7420.0,99.955,104516.0,15692.0,99.96,52595.0,4245.0,99.96,120752.0,7775.0,99.97,51543.0,12798.0,99.975,50372.0,42332.0,99.975,41456.0,7549.0,99.98,24064.0,6308.0,99.98,12282.0,952.0,99.985,23379.0,1867.0,99.99,10970.0,845.0,100.0,4590.0,301.0,100.01,16832.0,411.0,100.01,5366.0,53.0,100.02,5634.0,149.0,100.03,17693.0,357.0,100.03,7583.0,43.0,100.03,48.0,NaN,100.03,288.0,NaN,100.025,5.0,NaN,100.025,NaN,NaN,100.015,NaN,NaN,100.015,NaN,NaN,100.015,100.015,100.015,100.015,100.015,100.015,100.015,100.015,NaN,NaN,NaN,NaN,NaN,NaN,NaN,NaN,NaN,NaN,NaN,NaN,NaN,NaN,NaN,NaN,NaN,NaN,NaN,NaN,NaN,NaN,NaN,NaN,NaN,NaN,NaN,NaN
2020-08-10,NaN,NaN,NaN,NaN,NaN,NaN,NaN,NaN,NaN,NaN,NaN,NaN,NaN,NaN,NaN,NaN,NaN,NaN,NaN,NaN,NaN,99.905,188562.0,10938.0,99.92,109908.0,17074.0,99.93,248419.0,8907.0,99.935,158675.0,10313.0,99.94,121281.0,1667.0,99.95,176492.0,13807.0,99.955,104552.0,6156.0,99.96,53193.0,5062.0,99.96,107540.0,14552.0,99.965,51365.0,987.0,99.97,49545.0,6161.0,99.97,42364.0,9463.0,99.975,23837.0,1169.0,99.975,12643.0,599.0,99.98,23391.0,799.0,99.985,11071.0,303.0,99.99,4578.0,100.0,100.0,16840.0,223.0,100.0,5382.0,18.0,100.01,5634.0,1.0,100.02,17693.0,57.0,100.02,7570.0,15.0,100.02,48.0,NaN,100.02,288.0,NaN,100.015,5.0,NaN,100.015,NaN,NaN,100.005,NaN,NaN,100.005,NaN,NaN,100.005,100.005,100.005,100.005,100.005,100.005,100.005,100.005,NaN,NaN,NaN,NaN,NaN,NaN,NaN,NaN,NaN,NaN,NaN,NaN,NaN,NaN,NaN,NaN,NaN,NaN,NaN,NaN,NaN,NaN,NaN,NaN,NaN,NaN,NaN,NaN
2020-08-11,NaN,NaN,NaN,NaN,NaN,NaN,NaN,NaN,NaN,NaN,NaN,NaN,NaN,NaN,NaN,NaN,NaN,NaN,NaN,NaN,NaN,99.905,187022.0,6464.0,99.92,108692.0,4813.0,99.93,251772.0,13434.0,99.935,157320.0,8425.0,99.94,121484.0,5439.0,99.95,161985.0,35536.0,99.955,97748.0,34697.0,99.955,53378.0,3031.0,99.955,92604.0,41032.0,99.96,50507.0,21036.0,99.96,50347.0,14917.0,99.96,40349.0,14422.0,99.96,23246.0,11044.0,99.96,12101.0,1053.0,99.96,23027.0,5193.0,99.965,10915.0,1826.0,99.97,4558.0,264.0,99.975,16852.0,586.0,99.975,5495.0,255.0,99.985,5634.0,56.0,99.99,17873.0,444.0,99.99,7626.0,174.0,99.99,48.0,NaN,99.99,362.0,79.0,99.985,5.0,NaN,99.985,NaN,NaN,99.975,NaN,NaN,99.975,NaN,NaN,99.975,99.975,99.975,99.975,99.975,99.975,99.975,99.975,NaN,NaN,NaN,NaN,NaN,NaN,NaN,NaN,NaN,NaN,NaN,NaN,NaN,NaN,NaN,NaN,NaN,NaN,NaN,NaN,NaN,NaN,NaN,NaN,NaN,NaN,NaN,NaN
2020-08-12,NaN,NaN,NaN,NaN,NaN,NaN,NaN,NaN,NaN,NaN,NaN,NaN,NaN,NaN,NaN,NaN,NaN,NaN,NaN,NaN,NaN,99.905,186785.0,5389.0,99.92,106566.0,10500.0,99.93,253214.0,9194.0,99.935,155920.0,21138.0,99.94,120684.0,11867.0,99.95,164158.0,7920.0,99.955,97726.0,8325.0,99.96,53359.0,965.0,99.96,93362.0,5929.0,99.96,51902.0,9098.0,99.96,48827.0,8487.0,99.965,39728.0,6116.0,99.965,23588.0,4408.0,99.965,12871.0,2314.0,99.965,23232.0,886.0,99.965,10801.0,1886.0,99.97,4558.0,103.0,99.975,16899.0,225.0,99.975,5515.0,91.0,99.985,5634.0,NaN,99.99,17833.0,157.0,99.99,7633.0,33.0,99.99,48.0,NaN,99.99,362.0,9.0,99.985,5.0,NaN,99.985,NaN,NaN,99.975,NaN,NaN,99.975,NaN,NaN,99.975,99.975,99.975,99.975,99.975,99.975,99.975,99.975,NaN,NaN,NaN,NaN,NaN,NaN,NaN,NaN,NaN,NaN,NaN,NaN,NaN,NaN,NaN,NaN,NaN,NaN,NaN,NaN,NaN,NaN,NaN,NaN,NaN,NaN,NaN,NaN
2020-08-13,NaN,NaN,NaN,NaN,NaN,NaN,NaN,NaN,NaN,NaN,NaN,NaN,NaN,NaN,NaN,NaN,NaN,NaN,NaN,NaN,NaN,99.9075,186844.0,2179.0,99.92,106551.0,1831.0,99.93,250757.0,24658.0,99.935,156456.0,3524.0,99.94,121104.0,1157.0,99.95,165411.0,3748.0,99.955,94561.0,8321.0,99.96,53578.0,467.0,99.96,93887.0,5756.0,99.965,56819.0,6393.0,99.965,48224.0,960.0,99.965,39790.0,2860.0,99.965,22660.0,1956.0,99.965,12933.0,434.0,99.965,22976.0,2908.0,99.965,11398.0,1909.0,99.97,4511.0,300.0,99.975,16877.0,823.0,99.975,5452.0,529.0,99.98,5634.0,3.0,99.985,17690.0,360.0,99.985,7610.0,73.0,99.985,50.0,3.0,99.985,362.0,16.0,99.98,5.0,NaN,99.98,NaN,NaN,99.98,NaN,NaN,99.99,NaN,NaN,99.99,99.99,99.99,99.99,99.99,99.99,99.99,99.99,NaN,NaN,NaN,NaN,NaN,NaN,NaN,NaN,NaN,NaN,NaN,NaN,NaN,NaN,NaN,NaN,NaN,NaN,NaN,NaN,NaN,NaN,NaN,NaN,NaN,NaN,NaN,NaN
2020-08-14,NaN,NaN,NaN,NaN,NaN,NaN,NaN,NaN,NaN,NaN,NaN,NaN,NaN,NaN,NaN,NaN,NaN,NaN,NaN,NaN,NaN,99.9025,186242.0,3250.0,99.915,103341.0,16820.0,99.92,249951.0,4182.0,99.925,156610.0,8244.0,99.93,124299.0,6581.0,99.94,165650.0,5356.0,99.945,94088.0,4245.0,99.95,54060.0,1602.0,99.955,94146.0,3286.0,99.96,55260.0,3319.0,99.96,47927.0,634.0,99.96,38508.0,3026.0,99.96,21951.0,2139.0,99.96,13040.0,663.0,99.96,23056.0,606.0,99.96,11554.0,456.0,99.965,4511.0,5.0,99.97,16838.0,197.0,99.97,5452.0,10.0,99.98,5762.0,155.0,99.985,17692.0,49.0,99.99,7610.0,NaN,99.99,50.0,NaN,99.99,362.0,NaN,99.985,5.0,NaN,99.985,NaN,NaN,99.985,NaN,NaN,99.995,NaN,NaN,99.99,99.99,99.99,99.99,99.99,99.99,99.99,99.99,NaN,NaN,NaN,NaN,NaN,NaN,NaN,NaN,NaN,NaN,NaN,NaN,NaN,NaN,NaN,NaN,NaN,NaN,NaN,NaN,NaN,NaN,NaN,NaN,NaN,NaN,NaN,NaN
2020-08-17,NaN,NaN,NaN,NaN,NaN,NaN,NaN,NaN,NaN,NaN,NaN,NaN,NaN,NaN,NaN,NaN,NaN,NaN,NaN,NaN,NaN,99.9025,186740.0,1137.0,99.915,103438.0,3579.0,99.92,250133.0,8211.0,99.925,152780.0,12066.0,99.93,124824.0,2937.0,99.94,165567.0,360.0,99.95,94399.0,1563.0,99.955,53805.0,2298.0,99.955,95768.0,2714.0,99.96,53702.0,3261.0,99.96,47778.0,1653.0,99.965,39118.0,2997.0,99.965,21971.0,234.0,99.965,13108.0,175.0,99.965,23079.0,316.0,99.965,11576.0,112.0,99.97,4511.0,12.0,99.975,16794.0,122.0,99.98,5452.0,NaN,99.99,5762.0,NaN,99.995,17695.0,20.0,100.0,7618.0,34.0,100.0,50.0,NaN,100.0,360.0,4.0,99.995,5.0,NaN,99.995,NaN,NaN,99.995,NaN,NaN,100.005,NaN,NaN,99.99,99.99,99.99,99.99,99.99,99.99,99.99,99.99,NaN,NaN,NaN,NaN,NaN,NaN,NaN,NaN,NaN,NaN,NaN,NaN,NaN,NaN,NaN,NaN,NaN,NaN,NaN,NaN,NaN,NaN,NaN,NaN,NaN,NaN,NaN,NaN
2020-08-18,NaN,NaN,NaN,NaN,NaN,NaN,NaN,NaN,NaN,NaN,NaN,NaN,NaN,NaN,NaN,NaN,NaN,NaN,NaN,NaN,NaN,99.9025,186682.0,711.0,99.915,110149.0,18227.0,99.925,251736.0,5295.0,99.93,155426.0,9499.0,99.935,126128.0,4986.0,99.945,166122.0,6041.0,99.95,94200.0,1071.0,99.955,54016.0,621.0,99.96,95618.0,3063.0,99.965,53835.0,1170.0,99.965,47613.0,453.0,99.97,39173.0,441.0,99.97,21933.0,430.0,99.97,13066.0,326.0,99.97,22555.0,2553.0,99.97,11329.0,713.0,99.975,4661.0,180.0,99.98,16549.0,371.0,99.985,5489.0,44.0,99.995,5772.0,34.0,100.0,17695.0,212.0,100.005,7616.0,17.0,100.005,50.0,NaN,100.005,361.0,2.0,100.0,5.0,NaN,100.0,NaN,NaN,100.0,NaN,NaN,100.01,NaN,NaN,99.995,99.995,99.995,99.995,99.995,99.995,99.995,99.995,NaN,NaN,NaN,NaN,NaN,NaN,NaN,NaN,NaN,NaN,NaN,NaN,NaN,NaN,NaN,NaN,NaN,NaN,NaN,NaN,NaN,NaN,NaN,NaN,NaN,NaN,NaN,NaN
2020-08-19,NaN,NaN,NaN,NaN,NaN,NaN,NaN,NaN,NaN,NaN,NaN,NaN,NaN,NaN,NaN,NaN,NaN,NaN,NaN,NaN,NaN,99.905,189193.0,17748.0,99.92,109145.0,14765.0,99.925,245475.0,26555.0,99.93,156682.0,11949.0,99.935,129331.0,9861.0,99.945,170105.0,14087.0,99.95,95505.0,6490.0,99.955,54257.0,1385.0,99.96,93209.0,3743.0,99.965,53725.0,2594.0,99.965,47406.0,1413.0,99.97,43374.0,7467.0,99.97,22078.0,656.0,99.97,13085.0,246.0,99.975,23232.0,2087.0,99.975,11495.0,439.0,99.98,4681.0,108.0,99.99,16483.0,445.0,99.995,5624.0,490.0,100.005,6219.0,631.0,100.015,17842.0,841.0,100.015,8007.0,551.0,100.015,50.0,NaN,100.015,361.0,6.0,100.01,5.0,NaN,100.01,NaN,NaN,100.01,NaN,NaN,100.02,NaN,NaN,100.005,100.005,100.005,100.005,100.005,100.005,100.005,100.005,NaN,NaN,NaN,NaN,NaN,NaN,NaN,NaN,NaN,NaN,NaN,NaN,NaN,NaN,NaN,NaN,NaN,NaN,NaN,NaN,NaN,NaN,NaN,NaN,NaN,NaN,NaN,NaN
2020-08-20,NaN,NaN,NaN,NaN,NaN,NaN,NaN,NaN,NaN,NaN,NaN,NaN,NaN,NaN,NaN,NaN,NaN,NaN,NaN,NaN,NaN,99.905,190312.0,4613.0,99.92,110267.0,4334.0,99.93,244712.0,2326.0,99.935,158427.0,4898.0,99.935,129172.0,2610.0,99.945,176631.0,17327.0,99.95,95779.0,5313.0,99.955,54272.0,253.0,99.96,91925.0,4143.0,99.965,56037.0,3916.0,99.965,47354.0,1078.0,99.97,43908.0,3321.0,99.975,22504.0,2502.0,99.975,13107.0,317.0,99.98,23574.0,1737.0,99.98,11603.0,1201.0,99.985,4730.0,181.0,99.995,15314.0,1646.0,100.0,5624.0,34.0,100.005,6219.0,NaN,100.015,17893.0,178.0,100.015,8192.0,212.0,100.015,50.0,NaN,100.015,361.0,NaN,100.01,5.0,NaN,100.01,NaN,NaN,100.01,NaN,NaN,100.02,NaN,NaN,100.005,100.005,100.005,100.005,100.005,100.005,100.005,100.005,NaN,NaN,NaN,NaN,NaN,NaN,NaN,NaN,NaN,NaN,NaN,NaN,NaN,NaN,NaN,NaN,NaN,NaN,NaN,NaN,NaN,NaN,NaN,NaN,NaN,NaN,NaN,NaN
2020-08-21,NaN,NaN,NaN,NaN,NaN,NaN,NaN,NaN,NaN,NaN,NaN,NaN,NaN,NaN,NaN,NaN,NaN,NaN,NaN,NaN,NaN,99.9075,190246.0,1293.0,99.925,108539.0,3549.0,99.935,241943.0,7786.0,99.935,157266.0,8861.0,99.935,129920.0,6522.0,99.945,178460.0,5582.0,99.95,97640.0,3189.0,99.955,53810.0,2828.0,99.96,91887.0,1262.0,99.965,56132.0,2112.0,99.965,47615.0,408.0,99.97,44851.0,2059.0,99.975,22392.0,561.0,99.975,13031.0,336.0,99.98,23315.0,821.0,99.98,11736.0,817.0,99.98,4708.0,348.0,99.99,15306.0,146.0,99.99,5624.0,8.0,99.995,6219.0,NaN,100.005,18039.0,155.0,100.005,8192.0,NaN,100.005,50.0,NaN,100.005,361.0,NaN,100.0,5.0,NaN,100.0,NaN,NaN,100.0,NaN,NaN,100.01,NaN,NaN,99.995,99.995,99.995,99.995,99.995,99.995,99.995,99.995,NaN,NaN,NaN,NaN,NaN,NaN,NaN,NaN,NaN,NaN,NaN,NaN,NaN,NaN,NaN,NaN,NaN,NaN,NaN,NaN,NaN,NaN,NaN,NaN,NaN,NaN,NaN,NaN
2020-08-24,NaN,NaN,NaN,NaN,NaN,NaN,NaN,NaN,NaN,NaN,NaN,NaN,NaN,NaN,NaN,NaN,NaN,NaN,NaN,NaN,NaN,99.9075,189259.0,2124.0,99.925,110215.0,7250.0,99.935,243662.0,5268.0,99.935,157966.0,7127.0,99.935,132643.0,6632.0,99.945,178602.0,2912.0,99.95,98359.0,2253.0,99.955,54181.0,1119.0,99.96,90977.0,4278.0,99.965,55913.0,603.0,99.965,47414.0,245.0,99.965,45056.0,403.0,99.97,23460.0,1362.0,99.97,13211.0,343.0,99.975,23298.0,357.0,99.975,11951.0,629.0,99.975,4824.0,216.0,99.985,15327.0,131.0,99.985,5692.0,138.0,99.99,6219.0,NaN,100.0,18201.0,325.0,100.0,8501.0,404.0,100.0,50.0,NaN,100.0,361.0,NaN,99.995,5.0,NaN,99.995,NaN,NaN,99.995,NaN,NaN,100.005,NaN,NaN,99.99,99.99,99.99,99.99,99.99,99.99,99.99,99.99,NaN,NaN,NaN,NaN,NaN,NaN,NaN,NaN,NaN,NaN,NaN,NaN,NaN,NaN,NaN,NaN,NaN,NaN,NaN,NaN,NaN,NaN,NaN,NaN,NaN,NaN,NaN,NaN
2020-08-25,NaN,NaN,NaN,NaN,NaN,NaN,NaN,NaN,NaN,NaN,NaN,NaN,NaN,NaN,NaN,NaN,NaN,NaN,NaN,NaN,NaN,99.905,188993.0,1443.0,99.92,109288.0,9851.0,99.93,233252.0,27568.0,99.93,160574.0,7696.0,99.93,134811.0,4813.0,99.94,180244.0,8312.0,99.945,98699.0,5185.0,99.95,55002.0,5780.0,99.95,91216.0,2428.0,99.955,55150.0,4534.0,99.955,46493.0,1946.0,99.96,45561.0,2879.0,99.965,21828.0,2163.0,99.965,12082.0,2295.0,99.965,23781.0,2260.0,99.965,12405.0,1037.0,99.965,4881.0,226.0,99.975,15530.0,771.0,99.975,5633.0,1070.0,99.98,6025.0,300.0,99.99,18269.0,148.0,99.99,8481.0,48.0,99.99,50.0,NaN,99.99,339.0,30.0,99.985,5.0,NaN,99.985,NaN,NaN,99.985,NaN,NaN,99.995,NaN,NaN,99.98,99.98,99.98,99.98,99.98,99.98,99.98,99.98,NaN,NaN,NaN,NaN,NaN,NaN,NaN,NaN,NaN,NaN,NaN,NaN,NaN,NaN,NaN,NaN,NaN,NaN,NaN,NaN,NaN,NaN,NaN,NaN,NaN,NaN,NaN,NaN
2020-08-26,NaN,NaN,NaN,NaN,NaN,NaN,NaN,NaN,NaN,NaN,NaN,NaN,NaN,NaN,NaN,NaN,NaN,NaN,NaN,NaN,NaN,99.9025,187924.0,6087.0,99.915,107976.0,6992.0,99.925,233240.0,10025.0,99.93,160968.0,22314.0,99.93,131323.0,16934.0,99.94,177890.0,7474.0,99.945,96400.0,13181.0,99.95,57380.0,4594.0,99.95,89779.0,7920.0,99.955,54774.0,2963.0,99.955,46775.0,4245.0,99.955,47252.0,8763.0,99.96,25170.0,8907.0,99.96,12278.0,673.0,99.96,24155.0,4403.0,99.96,12387.0,1413.0,99.96,5588.0,1261.0,99.97,15429.0,548.0,99.97,5942.0,521.0,99.975,6025.0,2.0,99.985,18373.0,528.0,99.985,8546.0,115.0,99.985,50.0,NaN,99.985,337.0,2.0,99.98,5.0,NaN,99.98,NaN,NaN,99.98,NaN,NaN,99.99,NaN,NaN,99.975,99.975,99.975,99.975,99.975,99.975,99.975,99.975,NaN,NaN,NaN,NaN,NaN,NaN,NaN,NaN,NaN,NaN,NaN,NaN,NaN,NaN,NaN,NaN,NaN,NaN,NaN,NaN,NaN,NaN,NaN,NaN,NaN,NaN,NaN,NaN
2020-08-27,NaN,NaN,NaN,NaN,NaN,NaN,NaN,NaN,NaN,NaN,NaN,NaN,NaN,NaN,NaN,NaN,NaN,NaN,NaN,NaN,NaN,99.905,187441.0,2321.0,99.92,111991.0,11889.0,99.93,231918.0,11026.0,99.93,168729.0,27696.0,99.93,125429.0,61602.0,99.94,174310.0,16319.0,99.945,92338.0,21448.0,99.945,60920.0,7630.0,99.945,91165.0,14265.0,99.95,57239.0,11619.0,99.95,46342.0,2753.0,99.95,49191.0,8629.0,99.955,22258.0,6062.0,99.955,12539.0,1591.0,99.955,23805.0,4610.0,99.955,12357.0,1197.0,99.955,6014.0,510.0,99.96,15541.0,1010.0,99.96,5964.0,176.0,99.965,5848.0,179.0,99.975,18687.0,520.0,99.975,8740.0,268.0,99.975,50.0,NaN,99.975,332.0,35.0,99.97,5.0,NaN,99.97,NaN,NaN,99.97,NaN,NaN,99.98,NaN,NaN,99.965,99.965,99.965,99.965,99.965,99.965,99.965,99.965,NaN,NaN,NaN,NaN,NaN,NaN,NaN,NaN,NaN,NaN,NaN,NaN,NaN,NaN,NaN,NaN,NaN,NaN,NaN,NaN,NaN,NaN,NaN,NaN,NaN,NaN,NaN,NaN
2020-08-28,NaN,NaN,NaN,NaN,NaN,NaN,NaN,NaN,NaN,NaN,NaN,NaN,NaN,NaN,NaN,NaN,NaN,NaN,NaN,NaN,NaN,99.905,188131.0,2278.0,99.925,115752.0,18413.0,99.93,230216.0,13636.0,99.935,176132.0,14759.0,99.94,124556.0,11250.0,99.945,180392.0,18225.0,99.95,92966.0,4782.0,99.955,61682.0,4164.0,99.955,92855.0,8953.0,99.96,57170.0,6377.0,99.96,47699.0,3063.0,99.96,54199.0,8861.0,99.965,23160.0,1972.0,99.965,12540.0,850.0,99.965,23584.0,2588.0,99.97,13688.0,3869.0,99.97,5894.0,237.0,99.975,16207.0,1207.0,99.975,5893.0,449.0,99.985,5848.0,1.0,99.995,18820.0,740.0,99.995,8730.0,10.0,99.995,50.0,NaN,99.995,324.0,8.0,99.99,5.0,NaN,99.99,NaN,NaN,99.99,NaN,NaN,100.0,NaN,NaN,99.985,99.985,99.985,99.985,99.985,99.985,99.985,99.985,NaN,NaN,NaN,NaN,NaN,NaN,NaN,NaN,NaN,NaN,NaN,NaN,NaN,NaN,NaN,NaN,NaN,NaN,NaN,NaN,NaN,NaN,NaN,NaN,NaN,NaN,NaN,NaN
2020-08-31,NaN,NaN,NaN,NaN,NaN,NaN,NaN,NaN,NaN,NaN,NaN,NaN,NaN,NaN,NaN,NaN,NaN,NaN,NaN,NaN,NaN,99.905,187647.0,639.0,99.9175,117614.0,17515.0,99.925,226995.0,8099.0,99.93,172700.0,15771.0,99.935,123723.0,8904.0,99.945,179904.0,2570.0,99.95,92508.0,6178.0,99.955,60601.0,4332.0,99.955,91344.0,5717.0,99.96,58983.0,8425.0,99.96,46680.0,3699.0,99.96,59266.0,8140.0,99.965,24422.0,2688.0,99.965,12363.0,752.0,99.965,23741.0,1230.0,99.97,13921.0,594.0,99.97,5896.0,5.0,99.975,16216.0,263.0,99.975,5826.0,115.0,99.985,5823.0,25.0,99.995,18820.0,427.0,99.995,9012.0,301.0,99.995,50.0,NaN,99.995,324.0,NaN,99.99,5.0,NaN,99.99,NaN,NaN,99.99,NaN,NaN,100.0,NaN,NaN,99.985,99.985,99.985,99.985,99.985,99.985,99.985,99.985,99.985,NaN,NaN,NaN,NaN,NaN,NaN,NaN,NaN,NaN,NaN,NaN,NaN,NaN,NaN,NaN,NaN,NaN,NaN,NaN,NaN,NaN,NaN,NaN,NaN,NaN,NaN,NaN
2020-09-01,NaN,NaN,NaN,NaN,NaN,NaN,NaN,NaN,NaN,NaN,NaN,NaN,NaN,NaN,NaN,NaN,NaN,NaN,NaN,NaN,NaN,99.905,187647.0,NaN,99.92,117501.0,10419.0,99.925,224630.0,6498.0,99.93,168701.0,12698.0,99.935,122989.0,9615.0,99.94,179239.0,1234.0,99.95,92745.0,5581.0,99.955,60904.0,1452.0,99.955,90832.0,8525.0,99.96,57898.0,3245.0,99.96,46304.0,2487.0,99.965,61802.0,13978.0,99.97,24012.0,2083.0,99.97,12686.0,1541.0,99.97,23632.0,1885.0,99.975,14144.0,583.0,99.975,5901.0,191.0,99.98,16491.0,761.0,99.98,5689.0,269.0,99.99,5823.0,8.0,100.0,19589.0,1105.0,100.0,9013.0,2.0,100.0,50.0,NaN,100.0,324.0,NaN,99.995,5.0,NaN,99.995,NaN,NaN,99.995,NaN,NaN,100.005,NaN,NaN,99.99,99.99,99.99,99.99,99.99,99.99,99.99,99.99,99.99,NaN,NaN,NaN,NaN,NaN,NaN,NaN,NaN,NaN,NaN,NaN,NaN,NaN,NaN,NaN,NaN,NaN,NaN,NaN,NaN,NaN,NaN,NaN,NaN,NaN,NaN,NaN
2020-09-02,NaN,NaN,NaN,NaN,NaN,NaN,NaN,NaN,NaN,NaN,NaN,NaN,NaN,NaN,NaN,NaN,NaN,NaN,NaN,NaN,NaN,NaN,20.0,NaN,99.9175,121701.0,13643.0,99.925,224278.0,1779.0,99.93,168302.0,3468.0,99.935,123089.0,998.0,99.94,178606.0,8615.0,99.95,92499.0,859.0,99.955,62145.0,1682.0,99.955,90447.0,3185.0,99.96,58009.0,2001.0,99.96,46210.0,1428.0,99.96,61807.0,1907.0,99.965,25154.0,2159.0,99.965,12632.0,520.0,99.965,23971.0,1353.0,99.97,14019.0,654.0,99.97,5944.0,82.0,99.975,16647.0,206.0,99.98,5692.0,114.0,99.985,5828.0,5.0,99.995,19740.0,324.0,99.995,8985.0,105.0,99.995,50.0,NaN,99.995,296.0,57.0,99.99,5.0,NaN,99.99,NaN,NaN,99.99,NaN,NaN,100.0,NaN,NaN,99.985,99.985,99.985,99.985,99.985,99.985,99.985,99.985,99.985,NaN,NaN,NaN,NaN,NaN,NaN,NaN,NaN,NaN,NaN,NaN,NaN,NaN,NaN,NaN,NaN,NaN,NaN,NaN,NaN,NaN,NaN,NaN,NaN,NaN,NaN,NaN
2020-09-03,NaN,NaN,NaN,NaN,NaN,NaN,NaN,NaN,NaN,NaN,NaN,NaN,NaN,NaN,NaN,NaN,NaN,NaN,NaN,NaN,NaN,NaN,NaN,NaN,99.92,123336.0,13039.0,99.93,227902.0,20320.0,99.935,166461.0,10222.0,99.94,123329.0,4427.0,99.95,176416.0,8093.0,99.955,96795.0,11815.0,99.96,65629.0,8206.0,99.965,91365.0,9712.0,99.97,58786.0,11418.0,99.97,46479.0,3576.0,99.97,63761.0,7195.0,99.975,25127.0,2540.0,99.975,12654.0,404.0,99.975,23710.0,660.0,99.98,14117.0,348.0,99.98,5941.0,68.0,99.985,16688.0,237.0,99.99,5704.0,240.0,99.995,5832.0,4.0,100.005,19740.0,171.0,100.005,8985.0,NaN,100.005,50.0,NaN,100.005,296.0,NaN,100.0,5.0,NaN,100.0,NaN,NaN,100.0,NaN,NaN,100.01,NaN,NaN,99.995,99.995,99.995,99.995,99.995,99.995,99.995,99.995,99.995,NaN,NaN,NaN,NaN,NaN,NaN,NaN,NaN,NaN,NaN,NaN,NaN,NaN,NaN,NaN,NaN,NaN,NaN,NaN,NaN,NaN,NaN,NaN,NaN,NaN,NaN,NaN
2020-09-04,NaN,NaN,NaN,NaN,NaN,NaN,NaN,NaN,NaN,NaN,NaN,NaN,NaN,NaN,NaN,NaN,NaN,NaN,NaN,NaN,NaN,NaN,NaN,NaN,99.9125,126245.0,11119.0,99.92,230766.0,9580.0,99.925,165871.0,15975.0,99.93,123592.0,5796.0,99.94,178205.0,6838.0,99.945,95584.0,12783.0,99.95,71853.0,16945.0,99.95,92868.0,12407.0,99.955,61450.0,17357.0,99.955,48958.0,17267.0,99.955,66970.0,7401.0,99.96,23765.0,4158.0,99.96,12467.0,1832.0,99.96,24206.0,2400.0,99.965,14486.0,1680.0,99.965,5934.0,178.0,99.97,16545.0,904.0,99.97,5722.0,50.0,99.975,5784.0,78.0,99.985,19756.0,223.0,99.985,9032.0,50.0,99.985,50.0,NaN,99.985,296.0,2.0,99.98,5.0,NaN,99.98,NaN,NaN,99.98,NaN,NaN,99.99,NaN,NaN,99.975,99.975,99.975,99.975,99.975,99.975,99.975,99.975,99.975,NaN,NaN,NaN,NaN,NaN,NaN,NaN,NaN,NaN,NaN,NaN,NaN,NaN,NaN,NaN,NaN,NaN,NaN,NaN,NaN,NaN,NaN,NaN,NaN,NaN,NaN,NaN
2020-09-08,NaN,NaN,NaN,NaN,NaN,NaN,NaN,NaN,NaN,NaN,NaN,NaN,NaN,NaN,NaN,NaN,NaN,NaN,NaN,NaN,NaN,NaN,NaN,NaN,99.91,130122.0,12235.0,99.92,234450.0,17271.0,99.925,166168.0,6450.0,99.93,126489.0,9486.0,99.94,178852.0,11341.0,99.945,96971.0,5458.0,99.95,70194.0,4350.0,99.955,92891.0,3971.0,99.96,61151.0,4609.0,99.96,48620.0,2357.0,99.96,73589.0,8422.0,99.965,23911.0,3654.0,99.965,12472.0,381.0,99.965,24966.0,2272.0,99.97,14578.0,495.0,99.97,5934.0,89.0,99.975,16586.0,428.0,99.98,5721.0,109.0,99.985,5784.0,3.0,99.995,19914.0,331.0,99.995,9085.0,91.0,99.995,50.0,NaN,99.995,296.0,NaN,99.99,5.0,NaN,99.99,NaN,NaN,99.99,NaN,NaN,100.0,NaN,NaN,99.985,99.985,99.985,99.985,99.985,99.985,99.985,99.985,99.985,NaN,NaN,NaN,NaN,NaN,NaN,NaN,NaN,NaN,NaN,NaN,NaN,NaN,NaN,NaN,NaN,NaN,NaN,NaN,NaN,NaN,NaN,NaN,NaN,NaN,NaN,NaN
2020-09-09,NaN,NaN,NaN,NaN,NaN,NaN,NaN,NaN,NaN,NaN,NaN,NaN,NaN,NaN,NaN,NaN,NaN,NaN,NaN,NaN,NaN,NaN,NaN,NaN,99.9125,129307.0,6578.0,99.92,234811.0,8372.0,99.925,160373.0,10754.0,99.93,127918.0,6364.0,99.94,180022.0,6515.0,99.945,96966.0,7957.0,99.95,68245.0,3050.0,99.955,93003.0,3088.0,99.96,59945.0,5179.0,99.96,48771.0,1942.0,99.96,78525.0,7043.0,99.965,24180.0,3531.0,99.965,12409.0,731.0,99.965,25019.0,1138.0,99.97,15349.0,2127.0,99.97,5934.0,374.0,99.975,16190.0,1951.0,99.98,5725.0,22.0,99.985,5779.0,6.0,99.99,20098.0,784.0,99.99,9095.0,10.0,99.99,50.0,NaN,99.99,296.0,NaN,99.985,5.0,NaN,99.985,NaN,NaN,99.985,NaN,NaN,99.995,NaN,NaN,99.98,99.98,99.98,99.98,99.98,99.98,99.98,99.98,99.98,NaN,NaN,NaN,NaN,NaN,NaN,NaN,NaN,NaN,NaN,NaN,NaN,NaN,NaN,NaN,NaN,NaN,NaN,NaN,NaN,NaN,NaN,NaN,NaN,NaN,NaN,NaN
2020-09-10,NaN,NaN,NaN,NaN,NaN,NaN,NaN,NaN,NaN,NaN,NaN,NaN,NaN,NaN,NaN,NaN,NaN,NaN,NaN,NaN,NaN,NaN,NaN,NaN,99.91,129730.0,9445.0,99.915,236600.0,9978.0,99.92,161396.0,3290.0,99.925,127863.0,893.0,99.935,182564.0,15524.0,99.94,97020.0,1070.0,99.945,64516.0,4784.0,99.95,92954.0,3915.0,99.96,60529.0,1212.0,99.96,48635.0,1396.0,99.965,78416.0,7360.0,99.97,24090.0,1976.0,99.97,11896.0,637.0,99.97,25280.0,2537.0,99.975,15715.0,532.0,99.975,5933.0,19.0,99.98,15938.0,750.0,99.985,5739.0,150.0,99.99,5779.0,NaN,100.0,20454.0,588.0,100.0,9362.0,317.0,100.0,50.0,NaN,100.0,296.0,10.0,99.995,5.0,NaN,99.995,NaN,NaN,99.995,NaN,NaN,100.005,NaN,NaN,99.99,99.99,99.99,99.99,99.99,99.99,99.99,99.99,99.99,NaN,NaN,NaN,NaN,NaN,NaN,NaN,NaN,NaN,NaN,NaN,NaN,NaN,NaN,NaN,NaN,NaN,NaN,NaN,NaN,NaN,NaN,NaN,NaN,NaN,NaN,NaN
2020-09-11,NaN,NaN,NaN,NaN,NaN,NaN,NaN,NaN,NaN,NaN,NaN,NaN,NaN,NaN,NaN,NaN,NaN,NaN,NaN,NaN,NaN,NaN,NaN,NaN,99.91,125653.0,8938.0,99.915,225539.0,22628.0,99.92,162031.0,5328.0,99.925,127616.0,5079.0,99.935,182448.0,8409.0,99.945,98754.0,9383.0,99.955,64191.0,1324.0,99.96,90781.0,4219.0,99.965,61180.0,2786.0,99.97,48535.0,1478.0,99.975,81373.0,7617.0,99.98,24554.0,1255.0,99.98,11890.0,57.0,99.985,26526.0,2851.0,99.99,16023.0,662.0,99.99,5933.0,114.0,99.995,16060.0,820.0,100.0,5829.0,192.0,100.005,5779.0,NaN,100.015,21018.0,913.0,100.015,9685.0,430.0,100.015,50.0,NaN,100.015,297.0,1.0,100.01,6.0,2.0,100.01,NaN,NaN,100.01,NaN,NaN,100.02,NaN,NaN,100.005,100.005,100.005,100.005,100.005,100.005,100.005,100.005,100.005,NaN,NaN,NaN,NaN,NaN,NaN,NaN,NaN,NaN,NaN,NaN,NaN,NaN,NaN,NaN,NaN,NaN,NaN,NaN,NaN,NaN,NaN,NaN,NaN,NaN,NaN,NaN
2020-09-14,NaN,NaN,NaN,NaN,NaN,NaN,NaN,NaN,NaN,NaN,NaN,NaN,NaN,NaN,NaN,NaN,NaN,NaN,NaN,NaN,NaN,NaN,NaN,NaN,99.91,124862.0,17993.0,99.915,222625.0,14490.0,99.92,162025.0,2280.0,99.925,127521.0,1296.0,99.935,181095.0,3528.0,99.945,100618.0,7655.0,99.95,63364.0,4021.0,99.955,91494.0,5297.0,99.965,61227.0,2541.0,99.965,48204.0,853.0,99.97,82285.0,1729.0,99.98,25794.0,2301.0,99.98,11915.0,203.0,99.98,26443.0,797.0,99.985,16256.0,515.0,99.985,5990.0,187.0,99.99,16169.0,370.0,99.995,5824.0,53.0,100.0,5801.0,55.0,100.01,21551.0,740.0,100.01,10188.0,510.0,100.01,50.0,NaN,100.01,297.0,NaN,100.005,6.0,NaN,100.005,NaN,NaN,100.005,NaN,NaN,100.015,NaN,NaN,100.0,100.0,100.0,100.0,100.0,100.0,100.0,100.0,100.0,NaN,NaN,NaN,NaN,NaN,NaN,NaN,NaN,NaN,NaN,NaN,NaN,NaN,NaN,NaN,NaN,NaN,NaN,NaN,NaN,NaN,NaN,NaN,NaN,NaN,NaN,NaN
2020-09-15,NaN,NaN,NaN,NaN,NaN,NaN,NaN,NaN,NaN,NaN,NaN,NaN,NaN,NaN,NaN,NaN,NaN,NaN,NaN,NaN,NaN,NaN,NaN,NaN,99.9075,121217.0,8743.0,99.915,222322.0,20061.0,99.92,161508.0,6347.0,99.925,129091.0,3449.0,99.935,181844.0,2887.0,99.945,100250.0,1507.0,99.95,63206.0,684.0,99.955,91392.0,556.0,99.96,61576.0,3317.0,99.96,48152.0,1970.0,99.965,83071.0,2120.0,99.975,26923.0,1756.0,99.975,12000.0,290.0,99.975,26595.0,752.0,99.98,16556.0,920.0,99.98,6117.0,424.0,99.985,16185.0,138.0,99.99,5933.0,360.0,99.995,5801.0,3.0,100.005,21871.0,512.0,100.005,10226.0,88.0,100.005,50.0,NaN,100.005,297.0,11.0,100.0,6.0,NaN,100.0,NaN,NaN,100.0,NaN,NaN,100.01,NaN,NaN,99.995,99.995,99.995,99.995,99.995,99.995,99.995,99.995,99.995,NaN,NaN,NaN,NaN,NaN,NaN,NaN,NaN,NaN,NaN,NaN,NaN,NaN,NaN,NaN,NaN,NaN,NaN,NaN,NaN,NaN,NaN,NaN,NaN,NaN,NaN,NaN
2020-09-16,NaN,NaN,NaN,NaN,NaN,NaN,NaN,NaN,NaN,NaN,NaN,NaN,NaN,NaN,NaN,NaN,NaN,NaN,NaN,NaN,NaN,NaN,NaN,NaN,99.9075,125092.0,12533.0,99.915,219573.0,21562.0,99.92,164364.0,19358.0,99.925,131111.0,7514.0,99.935,183221.0,27459.0,99.945,98109.0,15243.0,99.95,63932.0,1510.0,99.955,92097.0,10645.0,99.96,62339.0,5156.0,99.96,49898.0,5625.0,99.96,90852.0,10773.0,99.965,26321.0,3142.0,99.965,12115.0,778.0,99.965,26575.0,2374.0,99.97,16868.0,972.0,99.97,6202.0,282.0,99.975,16032.0,686.0,99.98,6246.0,638.0,99.985,5803.0,2.0,99.995,22250.0,872.0,99.995,10300.0,163.0,99.995,50.0,21.0,99.995,297.0,44.0,99.99,5.0,1.0,99.99,NaN,NaN,99.99,NaN,NaN,100.0,NaN,NaN,99.985,99.985,99.985,99.985,99.985,99.985,99.985,99.985,99.985,NaN,NaN,NaN,NaN,NaN,NaN,NaN,NaN,NaN,NaN,NaN,NaN,NaN,NaN,NaN,NaN,NaN,NaN,NaN,NaN,NaN,NaN,NaN,NaN,NaN,NaN,NaN
2020-09-17,NaN,NaN,NaN,NaN,NaN,NaN,NaN,NaN,NaN,NaN,NaN,NaN,NaN,NaN,NaN,NaN,NaN,NaN,NaN,NaN,NaN,NaN,NaN,NaN,99.9075,128029.0,4531.0,99.915,218217.0,7522.0,99.92,166375.0,7594.0,99.925,132829.0,4176.0,99.935,183111.0,4535.0,99.945,98007.0,4556.0,99.95,64330.0,1594.0,99.955,92875.0,4673.0,99.96,62855.0,1603.0,99.96,49552.0,2332.0,99.96,98304.0,10185.0,99.97,26632.0,2892.0,99.97,11830.0,560.0,99.97,27055.0,1980.0,99.975,16826.0,646.0,99.975,6250.0,92.0,99.98,15957.0,147.0,99.985,6265.0,73.0,99.99,5803.0,2.0,100.0,22435.0,319.0,100.0,10301.0,5.0,100.0,49.0,1.0,100.0,297.0,2.0,99.995,5.0,NaN,99.995,NaN,NaN,99.995,NaN,NaN,100.005,NaN,NaN,99.99,99.99,99.99,99.99,99.99,99.99,99.99,99.99,99.99,NaN,NaN,NaN,NaN,NaN,NaN,NaN,NaN,NaN,NaN,NaN,NaN,NaN,NaN,NaN,NaN,NaN,NaN,NaN,NaN,NaN,NaN,NaN,NaN,NaN,NaN,NaN
2020-09-18,NaN,NaN,NaN,NaN,NaN,NaN,NaN,NaN,NaN,NaN,NaN,NaN,NaN,NaN,NaN,NaN,NaN,NaN,NaN,NaN,NaN,NaN,NaN,NaN,99.9075,134212.0,10442.0,99.915,215917.0,5082.0,99.92,165700.0,1887.0,99.925,134694.0,10453.0,99.93,182156.0,3080.0,99.94,97360.0,5884.0,99.945,60913.0,6807.0,99.95,93040.0,857.0,99.955,62933.0,411.0,99.955,49621.0,1913.0,99.955,97664.0,11238.0,99.965,27240.0,907.0,99.965,11872.0,269.0,99.965,25664.0,3857.0,99.97,18514.0,2695.0,99.97,5929.0,650.0,99.975,16839.0,3510.0,99.98,6949.0,1004.0,99.985,5803.0,2.0,99.995,22997.0,615.0,99.995,10326.0,40.0,99.995,49.0,NaN,99.995,297.0,NaN,99.99,5.0,NaN,99.99,NaN,NaN,99.99,NaN,NaN,100.0,NaN,NaN,99.985,99.985,99.985,99.985,99.985,99.985,99.985,99.985,99.985,99.95,99.95,99.95,99.95,99.95,99.95,99.95,99.95,99.95,99.95,99.95,99.95,99.95,99.95,99.95,99.95,99.95,99.95,99.95,99.95,99.95,99.95,99.95,99.95,99.95,99.95,99.95
2020-09-21,NaN,NaN,NaN,NaN,NaN,NaN,NaN,NaN,NaN,NaN,NaN,NaN,NaN,NaN,NaN,NaN,NaN,NaN,NaN,NaN,NaN,NaN,NaN,NaN,99.91,137609.0,13851.0,99.915,214883.0,22783.0,99.92,158666.0,80622.0,99.925,131975.0,8268.0,99.93,186493.0,9364.0,99.94,97942.0,3326.0,99.945,60962.0,2692.0,99.95,93967.0,5509.0,99.955,62630.0,2485.0,99.955,50052.0,1754.0,99.955,101302.0,7825.0,99.965,26173.0,4231.0,99.965,11809.0,682.0,99.965,26003.0,3725.0,99.97,18467.0,1470.0,99.97,5960.0,152.0,99.975,16827.0,974.0,99.98,6959.0,90.0,99.985,5803.0,2.0,99.995,24381.0,2290.0,99.995,10355.0,204.0,99.995,49.0,2.0,99.995,299.0,11.0,99.99,5.0,NaN,99.99,NaN,NaN,99.99,NaN,NaN,100.0,NaN,NaN,99.985,99.985,99.985,99.985,99.985,99.985,99.985,99.985,99.985,99.985,99.985,99.985,99.985,99.985,99.985,99.985,99.985,99.985,99.985,99.985,99.985,99.985,99.985,99.985,99.985,99.985,99.985,99.985,99.985,99.985,99.985,99.985,99.985,99.985,99.985,99.985
2020-09-22,NaN,NaN,NaN,NaN,NaN,NaN,NaN,NaN,NaN,NaN,NaN,NaN,NaN,NaN,NaN,NaN,NaN,NaN,NaN,NaN,NaN,NaN,NaN,NaN,99.91,137945.0,1834.0,99.915,215360.0,4605.0,99.92,158152.0,5677.0,99.925,132075.0,4543.0,99.93,187035.0,1667.0,99.94,98523.0,949.0,99.945,60876.0,846.0,99.95,95839.0,5143.0,99.955,62328.0,1281.0,99.955,49682.0,1235.0,99.955,103476.0,3742.0,99.965,26337.0,1059.0,99.965,11700.0,167.0,99.97,25414.0,1038.0,99.975,19050.0,999.0,99.975,5960.0,252.0,99.98,16860.0,782.0,99.985,7272.0,583.0,99.995,5810.0,20.0,100.005,25274.0,1134.0,100.005,10423.0,167.0,100.005,49.0,27.0,100.005,299.0,NaN,100.0,5.0,NaN,100.0,NaN,NaN,100.0,NaN,NaN,100.01,NaN,NaN,99.995,99.995,99.995,99.995,99.995,99.995,99.995,99.995,99.995,99.995,99.995,99.995,99.995,99.995,99.995,99.995,99.995,99.995,99.995,99.995,99.995,99.995,99.995,99.995,99.995,99.995,99.995,99.995,99.995,99.995,99.995,99.995,99.995,99.995,NaN,NaN
2020-09-23,NaN,NaN,NaN,NaN,NaN,NaN,NaN,NaN,NaN,NaN,NaN,NaN,NaN,NaN,NaN,NaN,NaN,NaN,NaN,NaN,NaN,NaN,NaN,NaN,99.9125,141652.0,6502.0,99.92,214725.0,2351.0,99.925,157754.0,3488.0,99.93,132950.0,5795.0,99.935,189249.0,21820.0,99.94,96598.0,6853.0,99.945,62365.0,2387.0,99.95,97318.0,2703.0,99.955,62175.0,2589.0,99.955,49961.0,827.0,99.955,105712.0,6964.0,99.96,26513.0,3568.0,99.96,11523.0,247.0,99.965,25338.0,1422.0,99.97,19887.0,1461.0,99.97,5923.0,129.0,99.975,16952.0,438.0,99.98,7487.0,295.0,99.985,5852.0,184.0,99.995,26268.0,2078.0,99.995,10702.0,364.0,99.995,49.0,NaN,99.995,431.0,186.0,99.99,5.0,NaN,99.99,NaN,NaN,99.99,NaN,NaN,100.0,NaN,NaN,99.985,99.985,99.985,99.985,99.985,99.985,99.985,99.985,99.985,99.985,99.985,99.985,99.985,99.985,99.985,99.985,99.985,99.985,99.985,99.985,99.985,99.985,99.985,99.985,99.985,99.985,99.985,99.985,99.985,99.985,99.985,99.985,99.985,99.985,NaN,NaN
2020-09-24,NaN,NaN,NaN,NaN,NaN,NaN,NaN,NaN,NaN,NaN,NaN,NaN,NaN,NaN,NaN,NaN,NaN,NaN,NaN,NaN,NaN,NaN,NaN,NaN,99.9125,142112.0,15059.0,99.92,213695.0,10851.0,99.925,157482.0,1707.0,99.93,134661.0,4437.0,99.935,187704.0,8408.0,99.945,98369.0,6030.0,99.95,62403.0,3269.0,99.95,98561.0,11582.0,99.955,63605.0,8857.0,99.955,49230.0,3454.0,99.955,105568.0,7796.0,99.96,26996.0,2860.0,99.96,11460.0,411.0,99.965,25421.0,1105.0,99.97,19596.0,1436.0,99.97,5924.0,4.0,99.975,17712.0,1372.0,99.98,7552.0,142.0,99.985,5867.0,53.0,99.995,26314.0,392.0,99.995,11112.0,516.0,99.995,49.0,NaN,99.995,503.0,81.0,99.99,5.0,NaN,99.99,NaN,NaN,99.99,NaN,NaN,100.0,NaN,NaN,99.985,99.985,99.985,99.985,99.985,99.985,99.985,99.985,99.985,99.985,99.985,99.985,99.985,99.985,99.985,99.985,99.985,99.985,99.985,99.985,99.985,99.985,99.985,99.985,99.985,99.985,99.985,99.985,99.985,99.985,99.985,99.985,99.985,99.985,99.985,NaN
2020-09-25,NaN,NaN,NaN,NaN,NaN,NaN,NaN,NaN,NaN,NaN,NaN,NaN,NaN,NaN,NaN,NaN,NaN,NaN,NaN,NaN,NaN,NaN,NaN,NaN,99.9125,150668.0,11559.0,99.92,213204.0,2635.0,99.925,156628.0,17723.0,99.93,134122.0,2417.0,99.935,190583.0,8741.0,99.945,100728.0,3130.0,99.95,62405.0,38.0,99.95,99384.0,4144.0,99.955,63905.0,3667.0,99.955,49168.0,406.0,99.955,105716.0,4106.0,99.96,27472.0,1193.0,99.96,11516.0,505.0,99.965,25429.0,633.0,99.97,19745.0,334.0,99.97,5924.0,25.0,99.975,17792.0,447.0,99.98,7670.0,246.0,99.985,5872.0,6.0,99.995,26899.0,1044.0,99.995,11468.0,486.0,99.995,49.0,NaN,99.995,746.0,250.0,99.99,5.0,NaN,99.99,NaN,NaN,99.99,NaN,NaN,100.0,NaN,NaN,99.985,99.985,99.985,99.985,99.985,99.985,99.985,99.985,99.985,99.985,99.985,99.985,99.985,99.985,99.985,99.985,99.985,99.985,99.985,99.985,99.985,99.985,99.985,99.985,99.985,99.985,99.985,99.985,99.985,99.985,99.985,99.985,99.985,99.985,NaN,NaN
2020-09-28,NaN,NaN,NaN,NaN,NaN,NaN,NaN,NaN,NaN,NaN,NaN,NaN,NaN,NaN,NaN,NaN,NaN,NaN,NaN,NaN,NaN,NaN,NaN,NaN,99.91,151755.0,3953.0,99.915,225598.0,28924.0,99.92,156138.0,3227.0,99.925,133088.0,3834.0,99.935,190980.0,9241.0,99.945,101510.0,2793.0,99.95,62521.0,551.0,99.95,101845.0,4624.0,99.955,63844.0,2354.0,99.955,49024.0,1375.0,99.955,101685.0,13146.0,99.965,27364.0,3725.0,99.965,11898.0,793.0,99.965,26129.0,2006.0,99.97,20183.0,1100.0,99.97,6025.0,273.0,99.975,17882.0,304.0,99.98,7866.0,395.0,99.985,5872.0,NaN,99.99,27414.0,1705.0,99.99,11990.0,612.0,99.99,49.0,NaN,99.99,797.0,51.0,99.985,5.0,NaN,99.985,NaN,NaN,99.985,NaN,NaN,99.995,NaN,NaN,99.98,99.98,99.98,99.98,99.98,99.98,99.98,99.98,99.98,99.98,99.98,99.98,99.98,99.98,99.98,99.98,99.98,99.98,99.98,99.98,99.98,99.98,99.98,99.98,99.98,99.98,99.98,99.98,99.98,99.98,99.98,99.98,99.98,99.98,NaN,NaN
2020-09-29,NaN,NaN,NaN,NaN,NaN,NaN,NaN,NaN,NaN,NaN,NaN,NaN,NaN,NaN,NaN,NaN,NaN,NaN,NaN,NaN,NaN,NaN,NaN,NaN,99.9075,151787.0,279.0,99.9175,225478.0,5053.0,99.925,155598.0,2315.0,99.93,132536.0,1332.0,99.935,188663.0,6216.0,99.945,101368.0,534.0,99.95,63138.0,2939.0,99.95,101976.0,1770.0,99.955,63010.0,3781.0,99.955,49404.0,1097.0,99.955,101000.0,3157.0,99.965,27396.0,868.0,99.965,11543.0,517.0,99.965,27013.0,1668.0,99.97,20549.0,635.0,99.97,6012.0,175.0,99.975,17640.0,1441.0,99.98,8122.0,449.0,99.985,5872.0,NaN,99.99,28166.0,1626.0,99.99,12209.0,332.0,99.99,49.0,NaN,99.99,797.0,NaN,99.985,5.0,NaN,99.985,NaN,NaN,99.985,NaN,NaN,99.995,NaN,NaN,99.98,99.98,99.98,99.98,99.98,99.98,99.98,99.98,99.98,99.98,99.98,99.98,99.98,99.98,99.98,99.98,99.98,99.98,99.98,99.98,99.98,99.98,99.98,99.98,99.98,99.98,99.98,99.98,99.98,99.98,99.98,99.98,99.98,99.98,NaN,NaN
2020-09-30,NaN,NaN,NaN,NaN,NaN,NaN,NaN,NaN,NaN,NaN,NaN,NaN,NaN,NaN,NaN,NaN,NaN,NaN,NaN,NaN,NaN,NaN,NaN,NaN,99.91,151942.0,4119.0,99.915,223679.0,13221.0,99.92,153616.0,10353.0,99.925,132271.0,10402.0,99.93,184369.0,18880.0,99.935,101126.0,7266.0,99.94,73500.0,22853.0,99.945,100894.0,7444.0,99.95,63233.0,4264.0,99.95,49530.0,2520.0,99.955,101122.0,5496.0,99.965,28800.0,2020.0,99.965,11867.0,1205.0,99.965,26352.0,3985.0,99.97,21565.0,3360.0,99.97,5929.0,310.0,99.975,17781.0,2062.0,99.98,7748.0,724.0,99.985,6613.0,1126.0,99.99,29551.0,2660.0,99.99,12961.0,1016.0,99.99,49.0,1.0,99.99,1003.0,335.0,99.985,5.0,NaN,99.985,NaN,NaN,99.985,NaN,NaN,99.995,NaN,NaN,99.98,99.98,99.98,99.98,99.98,99.98,99.98,99.98,99.98,99.98,99.98,99.98,99.98,99.98,99.98,99.98,99.98,99.98,99.98,99.98,99.98,99.98,99.98,99.98,99.98,99.98,99.98,99.98,99.98,99.98,99.98,99.98,99.98,99.98,NaN,NaN
2020-10-01,NaN,NaN,NaN,NaN,NaN,NaN,NaN,NaN,NaN,NaN,NaN,NaN,NaN,NaN,NaN,NaN,NaN,NaN,NaN,NaN,NaN,NaN,NaN,NaN,99.91,151942.0,NaN,99.915,223713.0,6513.0,99.92,154021.0,2088.0,99.925,132069.0,3115.0,99.93,183557.0,5239.0,99.935,101024.0,686.0,99.94,71972.0,3586.0,99.94,100627.0,1861.0,99.945,62812.0,1618.0,99.945,48841.0,1702.0,99.95,102577.0,3140.0,99.96,28528.0,1091.0,99.96,11914.0,260.0,99.96,26142.0,2277.0,99.965,21421.0,759.0,99.965,5947.0,85.0,99.97,17588.0,846.0,99.975,8346.0,947.0,99.98,6526.0,220.0,99.99,30419.0,2553.0,99.99,13509.0,674.0,99.99,49.0,NaN,99.99,1003.0,174.0,99.985,5.0,NaN,99.985,NaN,NaN,99.985,NaN,NaN,99.995,NaN,NaN,99.98,99.98,99.98,99.98,99.98,99.98,99.98,99.98,99.98,99.98,99.98,99.98,99.98,99.98,99.98,99.98,99.98,99.98,99.98,99.98,99.98,99.98,99.98,99.98,99.98,99.98,99.98,99.98,99.98,99.98,99.98,99.98,99.98,99.98,NaN,NaN
2020-10-02,NaN,NaN,NaN,NaN,NaN,NaN,NaN,NaN,NaN,NaN,NaN,NaN,NaN,NaN,NaN,NaN,NaN,NaN,NaN,NaN,NaN,NaN,NaN,NaN,NaN,NaN,NaN,99.9175,222722.0,4856.0,99.92,154511.0,1649.0,99.925,132241.0,2126.0,99.93,183000.0,9104.0,99.935,101509.0,5198.0,99.94,72404.0,2653.0,99.945,99769.0,2506.0,99.95,62514.0,2000.0,99.95,48418.0,1743.0,99.95,103147.0,2318.0,99.955,29198.0,2800.0,99.955,12761.0,2236.0,99.96,25883.0,1472.0,99.965,22759.0,2737.0,99.965,7837.0,2612.0,99.97,17627.0,3603.0,99.975,8457.0,621.0,99.98,6555.0,33.0,99.99,30469.0,1312.0,99.99,13559.0,116.0,99.99,49.0,NaN,99.99,1003.0,NaN,99.985,5.0,NaN,99.985,NaN,NaN,99.985,NaN,NaN,99.995,NaN,NaN,99.98,99.98,99.98,99.98,99.98,99.98,99.98,99.98,99.98,99.98,99.98,99.98,99.98,99.98,99.98,99.98,99.98,99.98,99.98,99.98,99.98,99.98,99.98,99.98,99.98,99.98,99.98,99.98,99.98,99.98,99.98,99.98,99.98,99.98,NaN,NaN
2020-10-05,NaN,NaN,NaN,NaN,NaN,NaN,NaN,NaN,NaN,NaN,NaN,NaN,NaN,NaN,NaN,NaN,NaN,NaN,NaN,NaN,NaN,NaN,NaN,NaN,NaN,NaN,NaN,99.9175,221835.0,26870.0,99.92,146635.0,21857.0,99.925,130379.0,6830.0,99.93,179617.0,8040.0,99.935,100505.0,4072.0,99.94,68520.0,7766.0,99.94,101434.0,5128.0,99.945,62694.0,2889.0,99.945,48400.0,1121.0,99.945,100912.0,9286.0,99.95,28894.0,1331.0,99.95,15380.0,7108.0,99.955,26638.0,1889.0,99.955,23490.0,2057.0,99.955,7837.0,183.0,99.96,17953.0,3309.0,99.965,8338.0,205.0,99.97,6575.0,31.0,99.975,30005.0,1098.0,99.975,13670.0,432.0,99.97,49.0,NaN,99.97,1003.0,40.0,99.965,5.0,NaN,99.965,NaN,NaN,99.965,NaN,NaN,99.975,NaN,NaN,99.96,99.96,99.96,99.96,99.96,99.96,99.96,99.96,99.96,99.96,99.96,99.96,99.96,99.96,99.96,99.96,99.96,99.96,99.96,99.96,99.96,99.96,99.96,99.96,99.96,99.96,99.96,99.96,99.96,99.96,99.96,99.96,99.96,99.96,NaN,NaN
2020-10-06,NaN,NaN,NaN,NaN,NaN,NaN,NaN,NaN,NaN,NaN,NaN,NaN,NaN,NaN,NaN,NaN,NaN,NaN,NaN,NaN,NaN,NaN,NaN,NaN,NaN,NaN,NaN,99.915,220007.0,6075.0,99.92,149075.0,12940.0,99.925,128422.0,11869.0,99.93,177526.0,34787.0,99.935,99453.0,14232.0,99.94,68156.0,2790.0,99.94,100603.0,6673.0,99.945,62275.0,1717.0,99.945,47607.0,1531.0,99.945,96401.0,25636.0,99.95,31036.0,6555.0,99.945,14931.0,1038.0,99.95,26921.0,761.0,99.955,23505.0,1676.0,99.955,8120.0,1422.0,99.96,17972.0,1249.0,99.965,8499.0,428.0,99.97,6538.0,168.0,99.975,29559.0,975.0,99.975,13970.0,409.0,99.97,51.0,2.0,99.97,988.0,20.0,99.965,5.0,5.0,99.965,NaN,NaN,99.965,NaN,NaN,99.975,NaN,NaN,99.96,99.96,99.96,99.96,99.96,99.96,99.96,99.96,99.96,99.96,99.96,99.96,99.96,99.96,99.96,99.96,99.96,99.96,99.96,99.96,99.96,99.96,99.96,99.96,99.96,99.96,99.96,99.96,99.96,99.96,99.96,99.96,99.96,99.96,NaN,NaN
2020-10-07,NaN,NaN,NaN,NaN,NaN,NaN,NaN,NaN,NaN,NaN,NaN,NaN,NaN,NaN,NaN,NaN,NaN,NaN,NaN,NaN,NaN,NaN,NaN,NaN,NaN,NaN,NaN,99.915,219414.0,9147.0,99.92,149465.0,3255.0,99.925,128284.0,1681.0,99.93,177593.0,547.0,99.935,100002.0,2694.0,99.94,68154.0,779.0,99.94,100311.0,3056.0,99.94,62073.0,3147.0,99.94,47173.0,1222.0,99.94,93185.0,25973.0,99.945,31319.0,870.0,99.945,14859.0,848.0,99.95,29377.0,6830.0,99.95,23612.0,483.0,99.95,8442.0,816.0,99.955,19931.0,4008.0,99.96,8650.0,725.0,99.965,6499.0,145.0,99.97,30643.0,1446.0,99.97,14662.0,1011.0,99.965,51.0,NaN,99.96,1043.0,97.0,99.955,5.0,NaN,99.955,NaN,NaN,99.955,NaN,NaN,99.965,NaN,NaN,99.95,99.95,99.95,99.95,99.95,99.95,99.95,99.95,99.95,99.95,99.95,99.95,99.95,99.95,99.95,99.95,99.95,99.95,99.95,99.95,99.95,99.95,99.95,99.95,99.95,99.95,99.95,99.95,99.95,99.95,99.95,99.95,99.95,99.95,NaN,NaN
2020-10-08,NaN,NaN,NaN,NaN,NaN,NaN,NaN,NaN,NaN,NaN,NaN,NaN,NaN,NaN,NaN,NaN,NaN,NaN,NaN,NaN,NaN,NaN,NaN,NaN,NaN,NaN,NaN,99.9125,219628.0,1483.0,99.915,155391.0,8221.0,99.92,128049.0,7681.0,99.925,176745.0,1121.0,99.93,101319.0,4766.0,99.935,67200.0,2054.0,99.935,101501.0,2930.0,99.935,62877.0,3751.0,99.935,46904.0,2024.0,99.94,92770.0,3486.0,99.945,31270.0,831.0,99.94,14916.0,332.0,99.945,29343.0,1435.0,99.945,24283.0,1603.0,99.945,8332.0,203.0,99.95,20235.0,1267.0,99.955,8663.0,413.0,99.96,7054.0,1065.0,99.965,30172.0,1261.0,99.965,14814.0,475.0,99.96,82.0,31.0,99.955,1043.0,NaN,99.95,5.0,NaN,99.95,NaN,NaN,99.95,NaN,NaN,99.96,NaN,NaN,99.945,99.945,99.945,99.945,99.945,99.945,99.945,99.945,99.945,99.945,99.945,99.945,99.945,99.945,99.945,99.945,99.945,99.945,99.945,99.945,99.945,99.945,99.945,99.945,99.945,99.945,99.945,99.945,99.945,99.945,99.945,99.945,99.945,99.945,NaN,NaN
2020-10-09,NaN,NaN,NaN,NaN,NaN,NaN,NaN,NaN,NaN,NaN,NaN,NaN,NaN,NaN,NaN,NaN,NaN,NaN,NaN,NaN,NaN,NaN,NaN,NaN,NaN,NaN,NaN,99.9125,217357.0,21049.0,99.915,159186.0,6332.0,99.92,131103.0,3141.0,99.925,176540.0,1127.0,99.93,101634.0,6434.0,99.935,66005.0,1978.0,99.935,103719.0,95.0,99.935,62780.0,113.0,99.935,46142.0,112.0,99.94,90564.0,6813.0,99.94,31160.0,334.0,99.94,15102.0,1157.0,99.945,29110.0,863.0,99.945,24609.0,1509.0,99.945,9457.0,69.0,99.95,20700.0,1044.0,99.955,8674.0,126.0,99.96,7065.0,173.0,99.965,30380.0,481.0,99.965,14823.0,96.0,99.96,85.0,3.0,99.955,1043.0,1.0,99.95,5.0,NaN,99.95,NaN,NaN,99.95,NaN,NaN,99.96,NaN,NaN,99.945,99.945,99.945,99.945,99.945,99.945,99.945,99.945,99.945,99.945,99.945,99.945,99.945,99.945,99.945,99.945,99.945,99.945,99.945,99.945,99.945,99.945,99.945,99.945,99.945,99.945,99.945,99.945,99.945,99.945,99.945,99.945,99.945,99.945,NaN,NaN
2020-10-12,NaN,NaN,NaN,NaN,NaN,NaN,NaN,NaN,NaN,NaN,NaN,NaN,NaN,NaN,NaN,NaN,NaN,NaN,NaN,NaN,NaN,NaN,NaN,NaN,NaN,NaN,NaN,99.91,216899.0,444.0,99.915,161226.0,5194.0,99.92,126631.0,139.0,99.925,176482.0,89.0,99.93,101455.0,17.0,99.935,65904.0,5.0,99.935,101486.0,33.0,99.94,63634.0,1511.0,99.94,46135.0,31.0,99.94,90652.0,2246.0,99.94,31156.0,31.0,99.94,15102.0,76.0,99.945,29102.0,150.0,99.945,24608.0,16.0,99.945,8396.0,9.0,99.95,20700.0,NaN,99.955,8674.0,10.0,99.96,7065.0,NaN,99.965,30380.0,6.0,99.965,14823.0,NaN,99.96,85.0,NaN,99.955,1043.0,NaN,99.95,5.0,NaN,99.95,NaN,NaN,99.945,NaN,NaN,99.955,NaN,NaN,99.94,99.94,99.94,99.94,99.94,99.94,99.94,99.94,99.94,99.94,99.94,99.94,99.94,99.94,99.94,99.94,99.94,99.94,99.94,99.94,99.94,99.94,99.94,99.94,99.94,99.94,99.94,99.94,99.94,99.94,99.94,99.94,99.94,99.94,NaN,NaN
2020-10-13,NaN,NaN,NaN,NaN,NaN,NaN,NaN,NaN,NaN,NaN,NaN,NaN,NaN,NaN,NaN,NaN,NaN,NaN,NaN,NaN,NaN,NaN,NaN,NaN,NaN,NaN,NaN,99.91,215336.0,2384.0,99.915,163240.0,15122.0,99.92,127177.0,9267.0,99.925,177242.0,3430.0,99.93,101354.0,2064.0,99.935,65980.0,583.0,99.935,101547.0,757.0,99.94,62478.0,3923.0,99.94,44956.0,1735.0,99.945,90194.0,4783.0,99.945,30869.0,2621.0,99.945,14384.0,3099.0,99.95,29370.0,1178.0,99.95,24574.0,878.0,99.95,8483.0,823.0,99.955,20679.0,620.0,99.96,8609.0,223.0,99.965,7081.0,539.0,99.975,31010.0,1182.0,99.975,14871.0,520.0,99.97,88.0,3.0,99.965,1043.0,13.0,99.96,5.0,NaN,99.96,NaN,NaN,99.955,NaN,NaN,99.965,NaN,NaN,99.95,99.95,99.95,99.95,99.95,99.95,99.95,99.95,99.95,99.95,99.95,99.95,99.95,99.95,99.95,99.95,99.95,99.95,99.95,99.95,99.95,99.95,99.95,99.95,99.95,99.95,99.95,99.95,99.95,99.95,99.95,99.95,99.95,99.95,NaN,NaN
2020-10-14,NaN,NaN,NaN,NaN,NaN,NaN,NaN,NaN,NaN,NaN,NaN,NaN,NaN,NaN,NaN,NaN,NaN,NaN,NaN,NaN,NaN,NaN,NaN,NaN,NaN,NaN,NaN,99.9125,216925.0,4910.0,99.915,166944.0,13541.0,99.92,129852.0,7523.0,99.93,176977.0,933.0,99.935,101433.0,542.0,99.94,66004.0,480.0,99.94,100943.0,2364.0,99.94,62908.0,2911.0,99.94,45202.0,351.0,99.945,90825.0,5925.0,99.945,30738.0,2506.0,99.945,14419.0,1427.0,99.95,29464.0,517.0,99.955,24713.0,476.0,99.955,8483.0,4.0,99.96,20677.0,431.0,99.965,8630.0,40.0,99.97,7136.0,69.0,99.975,30999.0,504.0,99.975,14850.0,78.0,99.97,88.0,NaN,99.965,1043.0,NaN,99.96,5.0,NaN,99.96,NaN,NaN,99.955,NaN,NaN,99.965,NaN,NaN,99.95,99.95,99.95,99.95,99.95,99.95,99.95,99.95,99.95,99.95,99.95,99.95,99.95,99.95,99.95,99.95,99.95,99.95,99.95,99.95,99.95,99.95,99.95,99.95,99.95,99.95,99.95,99.95,99.95,99.95,99.95,99.95,99.95,99.95,NaN,NaN
2020-10-15,NaN,NaN,NaN,NaN,NaN,NaN,NaN,NaN,NaN,NaN,NaN,NaN,NaN,NaN,NaN,NaN,NaN,NaN,NaN,NaN,NaN,NaN,NaN,NaN,NaN,NaN,NaN,99.91,217881.0,4840.0,99.91,169558.0,5698.0,99.92,129775.0,2947.0,99.925,176626.0,5604.0,99.93,102122.0,3298.0,99.935,65004.0,2802.0,99.935,101148.0,2258.0,99.94,63719.0,4710.0,99.94,44477.0,1003.0,99.94,90152.0,2916.0,99.945,30848.0,572.0,99.945,14514.0,510.0,99.95,29725.0,744.0,99.955,24702.0,849.0,99.955,8494.0,14.0,99.96,20291.0,931.0,99.965,8630.0,270.0,99.97,7124.0,170.0,99.975,32102.0,1749.0,99.975,15155.0,558.0,99.97,88.0,NaN,99.965,998.0,45.0,99.96,5.0,NaN,99.96,NaN,NaN,99.955,NaN,NaN,99.965,NaN,NaN,99.95,99.95,99.95,99.95,99.95,99.95,99.95,99.95,99.95,99.95,99.95,99.95,99.95,99.95,99.95,99.95,99.95,99.95,99.95,99.95,99.95,99.95,99.95,99.95,99.95,99.95,99.95,99.95,99.95,99.95,99.95,99.95,99.95,99.95,NaN,NaN
2020-10-16,NaN,NaN,NaN,NaN,NaN,NaN,NaN,NaN,NaN,NaN,NaN,NaN,NaN,NaN,NaN,NaN,NaN,NaN,NaN,NaN,NaN,NaN,NaN,NaN,NaN,NaN,NaN,99.91,217332.0,899.0,99.915,172716.0,27459.0,99.92,130084.0,5247.0,99.925,176471.0,1786.0,99.93,101619.0,1923.0,99.935,64388.0,2962.0,99.935,99059.0,2868.0,99.94,63475.0,2439.0,99.94,44071.0,2428.0,99.94,88664.0,2460.0,99.945,30712.0,851.0,99.945,14425.0,207.0,99.95,29579.0,1080.0,99.955,25111.0,660.0,99.955,8770.0,635.0,99.96,20335.0,729.0,99.96,8563.0,201.0,99.965,7140.0,17.0,99.97,32552.0,744.0,99.97,15458.0,490.0,99.965,88.0,NaN,99.96,988.0,10.0,99.955,5.0,NaN,99.955,NaN,NaN,99.95,NaN,NaN,99.96,NaN,NaN,99.945,99.945,99.945,99.945,99.945,99.945,99.945,99.945,99.945,99.945,99.945,99.945,99.945,99.945,99.945,99.945,99.945,99.945,99.945,99.945,99.945,99.945,99.945,99.945,99.945,99.945,99.945,99.945,99.945,99.945,99.945,99.945,99.945,99.945,NaN,NaN
2020-10-19,NaN,NaN,NaN,NaN,NaN,NaN,NaN,NaN,NaN,NaN,NaN,NaN,NaN,NaN,NaN,NaN,NaN,NaN,NaN,NaN,NaN,NaN,NaN,NaN,NaN,NaN,NaN,99.91,218288.0,3808.0,99.915,171757.0,2591.0,99.92,128552.0,3256.0,99.925,175971.0,1283.0,99.93,101640.0,248.0,99.935,64336.0,5172.0,99.935,98728.0,1521.0,99.94,63736.0,2082.0,99.94,43815.0,1482.0,99.94,87956.0,984.0,99.945,30859.0,1301.0,99.945,14453.0,827.0,99.95,29004.0,4451.0,99.955,25123.0,276.0,99.955,8760.0,39.0,99.955,20514.0,884.0,99.96,8473.0,256.0,99.965,7356.0,640.0,99.97,32545.0,286.0,99.97,15501.0,85.0,99.965,91.0,3.0,99.96,988.0,3.0,99.955,5.0,NaN,99.955,NaN,NaN,99.95,NaN,NaN,99.96,NaN,NaN,99.945,99.945,99.945,99.945,99.945,99.945,99.945,99.945,99.945,99.945,99.945,99.945,99.945,99.945,99.945,99.945,99.945,99.945,99.945,99.945,99.945,99.945,99.945,99.945,99.945,99.945,99.945,99.945,99.945,99.945,99.945,99.945,99.945,99.945,NaN,NaN
2020-10-20,NaN,NaN,NaN,NaN,NaN,NaN,NaN,NaN,NaN,NaN,NaN,NaN,NaN,NaN,NaN,NaN,NaN,NaN,NaN,NaN,NaN,NaN,NaN,NaN,NaN,NaN,NaN,99.91,217923.0,1175.0,99.915,171578.0,717.0,99.92,128616.0,4433.0,99.925,175776.0,664.0,99.93,101958.0,676.0,99.93,64123.0,480.0,99.93,97485.0,3027.0,99.935,63502.0,1386.0,99.935,44043.0,547.0,99.94,88105.0,1219.0,99.945,30717.0,689.0,99.945,14418.0,47.0,99.95,27436.0,1881.0,99.955,25134.0,54.0,99.955,8732.0,49.0,99.955,20476.0,214.0,99.96,8435.0,111.0,99.965,7387.0,95.0,99.965,32421.0,465.0,99.965,15497.0,6.0,99.96,91.0,NaN,99.955,988.0,NaN,99.95,5.0,NaN,99.95,NaN,NaN,99.945,NaN,NaN,99.955,NaN,NaN,99.94,99.94,99.94,99.94,99.94,99.94,99.94,99.94,99.94,99.94,99.94,99.94,99.94,99.94,99.94,99.94,99.94,99.94,99.94,99.94,99.94,99.94,99.94,99.94,99.94,99.94,99.94,99.94,99.94,99.94,99.94,99.94,99.94,99.94,NaN,NaN
2020-10-21,NaN,NaN,NaN,NaN,NaN,NaN,NaN,NaN,NaN,NaN,NaN,NaN,NaN,NaN,NaN,NaN,NaN,NaN,NaN,NaN,NaN,NaN,NaN,NaN,NaN,NaN,NaN,99.91,218075.0,400.0,99.915,170354.0,3475.0,99.92,128848.0,2883.0,99.925,174025.0,8441.0,99.93,106835.0,10380.0,99.93,65283.0,5498.0,99.93,97944.0,2169.0,99.935,62513.0,2008.0,99.935,43904.0,1824.0,99.935,88243.0,1069.0,99.94,30969.0,1352.0,99.94,14760.0,796.0,99.945,27644.0,2883.0,99.95,25284.0,232.0,99.95,8660.0,536.0,99.95,20484.0,39.0,99.955,8445.0,53.0,99.96,7591.0,495.0,99.96,32383.0,160.0,99.96,15499.0,22.0,99.955,91.0,NaN,99.95,988.0,NaN,99.945,5.0,NaN,99.945,NaN,NaN,99.94,NaN,NaN,99.95,NaN,NaN,99.935,99.935,99.935,99.935,99.935,99.935,99.935,99.935,99.935,99.935,99.935,99.935,99.935,99.935,99.935,99.935,99.935,99.935,99.935,99.935,99.935,99.935,99.935,99.935,99.935,99.935,99.935,99.935,99.935,99.935,99.935,99.935,99.935,99.935,NaN,NaN
2020-10-22,NaN,NaN,NaN,NaN,NaN,NaN,NaN,NaN,NaN,NaN,NaN,NaN,NaN,NaN,NaN,NaN,NaN,NaN,NaN,NaN,NaN,NaN,NaN,NaN,NaN,NaN,NaN,99.91,218074.0,1389.0,99.915,170364.0,775.0,99.915,128390.0,2140.0,99.92,173875.0,1526.0,99.925,100247.0,17174.0,99.925,65014.0,946.0,99.925,97327.0,2620.0,99.93,62352.0,692.0,99.93,43887.0,725.0,99.935,89088.0,1327.0,99.94,30614.0,1191.0,99.94,14753.0,233.0,99.945,28267.0,1786.0,99.945,25346.0,842.0,99.945,8707.0,508.0,99.945,20893.0,1209.0,99.95,8453.0,626.0,99.955,7576.0,89.0,99.955,32084.0,1091.0,99.955,15483.0,19.0,99.95,93.0,2.0,99.945,988.0,1.0,99.94,5.0,NaN,99.94,NaN,NaN,99.935,NaN,NaN,99.945,NaN,NaN,99.93,99.93,99.93,99.93,99.93,99.93,99.93,99.93,99.93,99.93,99.93,99.93,99.93,99.93,99.93,99.93,99.93,99.93,99.93,99.93,99.93,99.93,99.93,99.93,99.93,99.93,99.93,99.93,99.93,99.93,99.93,99.93,99.93,99.93,NaN,NaN
2020-10-23,NaN,NaN,NaN,NaN,NaN,NaN,NaN,NaN,NaN,NaN,NaN,NaN,NaN,NaN,NaN,NaN,NaN,NaN,NaN,NaN,NaN,NaN,NaN,NaN,NaN,NaN,NaN,99.91,218352.0,2209.0,99.915,169779.0,1746.0,99.915,126606.0,5587.0,99.92,171335.0,11424.0,99.92,100608.0,719.0,99.925,68164.0,9078.0,99.925,97405.0,549.0,99.93,61918.0,1109.0,99.93,45023.0,2139.0,99.935,89190.0,555.0,99.94,30547.0,690.0,99.94,14433.0,580.0,99.945,28514.0,822.0,99.945,25332.0,268.0,99.945,8733.0,241.0,99.945,20958.0,481.0,99.95,8449.0,379.0,99.955,7564.0,27.0,99.96,32092.0,1263.0,99.96,15776.0,388.0,99.955,93.0,NaN,99.95,988.0,NaN,99.945,5.0,NaN,99.945,NaN,NaN,99.94,NaN,NaN,99.95,NaN,NaN,99.935,99.935,99.935,99.935,99.935,99.935,99.935,99.935,99.935,99.935,99.935,99.935,99.935,99.935,99.935,99.935,99.935,99.935,99.935,99.935,99.935,99.935,99.935,99.935,99.935,99.935,99.935,99.935,99.935,99.935,99.935,99.935,99.935,99.935,NaN,NaN
2020-10-26,NaN,NaN,NaN,NaN,NaN,NaN,NaN,NaN,NaN,NaN,NaN,NaN,NaN,NaN,NaN,NaN,NaN,NaN,NaN,NaN,NaN,NaN,NaN,NaN,NaN,NaN,NaN,99.91,217795.0,1344.0,99.915,166961.0,4750.0,99.92,127855.0,12330.0,99.925,167031.0,30176.0,99.925,101083.0,6247.0,99.93,69299.0,2836.0,99.935,98185.0,4681.0,99.94,62440.0,1640.0,99.94,44251.0,2345.0,99.94,86162.0,8959.0,99.945,28897.0,6707.0,99.945,14482.0,311.0,99.95,28583.0,597.0,99.95,25857.0,1049.0,99.95,8711.0,85.0,99.955,21348.0,1561.0,99.96,8449.0,192.0,99.965,7565.0,5.0,99.97,32102.0,749.0,99.97,15734.0,153.0,99.965,93.0,NaN,99.96,988.0,NaN,99.955,5.0,NaN,99.955,NaN,NaN,99.95,NaN,NaN,99.96,NaN,NaN,99.945,99.945,99.945,99.945,99.945,99.945,99.945,99.945,99.945,99.945,99.945,99.945,99.945,99.945,99.945,99.945,99.945,99.945,99.945,99.945,99.945,99.945,99.945,99.945,99.945,99.945,99.945,99.945,99.945,99.945,99.945,99.945,99.945,99.945,NaN,NaN
2020-10-27,NaN,NaN,NaN,NaN,NaN,NaN,NaN,NaN,NaN,NaN,NaN,NaN,NaN,NaN,NaN,NaN,NaN,NaN,NaN,NaN,NaN,NaN,NaN,NaN,NaN,NaN,NaN,99.91,217730.0,176.0,99.915,168120.0,1824.0,99.92,127891.0,325.0,99.925,166191.0,4474.0,99.925,100857.0,1905.0,99.93,68106.0,5142.0,99.93,104115.0,10526.0,99.935,61666.0,2722.0,99.935,44371.0,1364.0,99.94,85757.0,1459.0,99.945,28788.0,405.0,99.945,14484.0,90.0,99.95,28759.0,2330.0,99.95,25353.0,1001.0,99.95,8699.0,25.0,99.955,21709.0,574.0,99.96,8468.0,138.0,99.965,7565.0,NaN,99.97,31959.0,551.0,99.97,15728.0,33.0,99.965,93.0,1.0,99.96,988.0,1.0,99.955,5.0,NaN,99.955,NaN,NaN,99.95,NaN,NaN,99.96,NaN,NaN,99.945,99.945,99.945,99.945,99.945,99.945,99.945,99.945,99.945,99.945,99.945,99.945,99.945,99.945,99.945,99.945,99.945,99.945,99.945,99.945,99.945,99.945,99.945,99.945,99.945,99.945,99.945,99.945,99.945,99.945,99.945,99.945,99.945,99.945,NaN,NaN
2020-10-28,NaN,NaN,NaN,NaN,NaN,NaN,NaN,NaN,NaN,NaN,NaN,NaN,NaN,NaN,NaN,NaN,NaN,NaN,NaN,NaN,NaN,NaN,NaN,NaN,NaN,NaN,NaN,99.91,217479.0,492.0,99.915,167913.0,676.0,99.92,123164.0,7671.0,99.925,166078.0,829.0,99.925,99506.0,2604.0,99.93,68072.0,2987.0,99.935,101816.0,12264.0,99.94,61457.0,4619.0,99.94,44576.0,1456.0,99.94,85810.0,2678.0,99.945,28808.0,2400.0,99.945,14375.0,510.0,99.95,30513.0,3239.0,99.95,25266.0,574.0,99.95,8657.0,227.0,99.955,21898.0,577.0,99.96,9379.0,1069.0,99.965,7564.0,1.0,99.97,31885.0,762.0,99.97,15587.0,364.0,99.965,93.0,NaN,99.96,988.0,NaN,99.955,5.0,NaN,99.955,NaN,NaN,99.95,NaN,NaN,99.96,NaN,NaN,99.945,99.945,99.945,99.945,99.945,99.945,99.945,99.945,99.945,99.945,99.945,99.945,99.945,99.945,99.945,99.945,99.945,99.945,99.945,99.945,99.945,99.945,99.945,99.945,99.945,99.945,99.945,99.945,99.945,99.945,99.945,99.945,99.945,99.945,99.945,NaN
2020-10-29,NaN,NaN,NaN,NaN,NaN,NaN,NaN,NaN,NaN,NaN,NaN,NaN,NaN,NaN,NaN,NaN,NaN,NaN,NaN,NaN,NaN,NaN,NaN,NaN,NaN,NaN,NaN,99.91,217437.0,1538.0,99.915,167687.0,1877.0,99.92,121802.0,8973.0,99.925,163899.0,4423.0,99.93,97399.0,4513.0,99.935,67923.0,334.0,99.935,101033.0,8485.0,99.94,59056.0,6288.0,99.94,44262.0,1110.0,99.945,75078.0,17287.0,99.95,28896.0,2970.0,99.95,15933.0,2329.0,99.955,32380.0,5630.0,99.955,25179.0,1408.0,99.955,8635.0,60.0,99.96,25576.0,5686.0,99.96,9379.0,813.0,99.965,7678.0,246.0,99.965,30758.0,3869.0,99.965,15661.0,226.0,99.96,93.0,NaN,99.955,988.0,NaN,99.95,5.0,NaN,99.95,NaN,NaN,99.945,NaN,NaN,99.955,NaN,NaN,99.94,99.94,99.94,99.94,99.94,99.94,99.94,99.94,99.94,99.94,99.94,99.94,99.94,99.94,99.94,99.94,99.94,99.94,99.94,99.94,99.94,99.94,99.94,99.94,99.94,99.94,99.94,99.94,99.94,99.94,99.94,99.94,99.94,99.94,NaN,NaN
2020-10-30,NaN,NaN,NaN,NaN,NaN,NaN,NaN,NaN,NaN,NaN,NaN,NaN,NaN,NaN,NaN,NaN,NaN,NaN,NaN,NaN,NaN,NaN,NaN,NaN,NaN,NaN,NaN,99.91,217336.0,623.0,99.915,156129.0,25553.0,99.92,116976.0,10067.0,99.925,163290.0,4998.0,99.925,97973.0,3809.0,99.93,68196.0,1093.0,99.935,97872.0,9648.0,99.94,59342.0,2954.0,99.94,43433.0,6478.0,99.945,71953.0,16918.0,99.95,28308.0,2971.0,99.95,16155.0,1352.0,99.955,32658.0,3161.0,99.955,25467.0,1258.0,99.955,8668.0,371.0,99.955,25715.0,994.0,99.955,9594.0,521.0,99.96,7671.0,42.0,99.96,30903.0,2096.0,99.96,15668.0,131.0,99.955,93.0,NaN,99.95,988.0,NaN,99.945,5.0,NaN,99.945,NaN,NaN,99.94,NaN,NaN,99.95,NaN,NaN,99.935,99.935,99.935,99.935,99.935,99.935,99.935,99.935,99.935,99.935,99.935,99.935,99.935,99.935,99.935,99.935,99.935,99.935,99.935,99.935,99.935,99.935,99.935,99.935,99.935,99.935,99.935,99.935,99.935,99.935,99.935,99.935,99.935,99.935,99.935,NaN
2020-11-02,NaN,NaN,NaN,NaN,NaN,NaN,NaN,NaN,NaN,NaN,NaN,NaN,NaN,NaN,NaN,NaN,NaN,NaN,NaN,NaN,NaN,NaN,NaN,NaN,NaN,NaN,NaN,99.91,217335.0,NaN,99.9125,158227.0,8479.0,99.92,115534.0,2771.0,99.925,161743.0,4637.0,99.93,96776.0,4891.0,99.935,68153.0,344.0,99.935,97209.0,1539.0,99.94,60344.0,1741.0,99.94,43106.0,954.0,99.945,71754.0,447.0,99.95,28665.0,3254.0,99.95,16185.0,32.0,99.95,32280.0,1140.0,99.95,26038.0,1215.0,99.95,8668.0,222.0,99.955,26564.0,1973.0,99.955,10228.0,718.0,99.96,7691.0,60.0,99.96,31037.0,168.0,99.96,15584.0,89.0,99.955,93.0,NaN,99.95,951.0,45.0,99.945,5.0,NaN,99.945,NaN,NaN,99.94,14.0,14.0,99.935,NaN,NaN,99.92,99.92,99.92,99.92,99.92,99.92,99.92,99.92,99.92,99.92,99.92,99.92,99.92,99.92,99.92,99.92,99.92,99.92,99.92,99.92,99.92,99.92,99.92,99.92,99.92,99.92,99.92,99.92,99.92,99.92,99.92,99.92,99.92,99.92,99.92,NaN
2020-11-03,NaN,NaN,NaN,NaN,NaN,NaN,NaN,NaN,NaN,NaN,NaN,NaN,NaN,NaN,NaN,NaN,NaN,NaN,NaN,NaN,NaN,NaN,NaN,NaN,NaN,NaN,NaN,NaN,51.0,NaN,99.915,150080.0,12232.0,99.92,115283.0,822.0,99.925,158947.0,13676.0,99.93,96749.0,9241.0,99.935,62872.0,7177.0,99.935,94486.0,13162.0,99.94,60341.0,4539.0,99.94,43569.0,2056.0,99.94,72092.0,6575.0,99.945,30461.0,2640.0,99.945,17214.0,1385.0,99.945,31910.0,2296.0,99.945,26280.0,1018.0,99.945,9600.0,1594.0,99.95,27768.0,3287.0,99.95,12149.0,2454.0,99.955,7270.0,520.0,99.955,30693.0,1158.0,99.955,15357.0,351.0,99.95,95.0,2.0,99.945,949.0,14.0,99.94,5.0,NaN,99.94,NaN,NaN,99.935,14.0,NaN,99.93,NaN,NaN,99.915,99.915,99.915,99.915,99.915,99.915,99.915,99.915,99.915,99.915,99.915,99.915,99.915,99.915,99.915,99.915,99.915,99.915,99.915,99.915,99.915,99.915,99.915,99.915,99.915,99.915,99.915,99.915,99.915,99.915,99.915,99.915,99.915,99.915,99.915,NaN
2020-11-04,NaN,NaN,NaN,NaN,NaN,NaN,NaN,NaN,NaN,NaN,NaN,NaN,NaN,NaN,NaN,NaN,NaN,NaN,NaN,NaN,NaN,NaN,NaN,NaN,NaN,NaN,NaN,NaN,NaN,NaN,99.91,149388.0,10435.0,99.915,115312.0,3188.0,99.92,156959.0,6716.0,99.925,97783.0,6923.0,99.93,63876.0,2751.0,99.935,94218.0,7366.0,99.94,57516.0,9562.0,99.94,45534.0,6820.0,99.945,68314.0,12784.0,99.95,32142.0,3960.0,99.95,18303.0,2418.0,99.955,31320.0,4933.0,99.955,27039.0,4037.0,99.955,9615.0,457.0,99.96,26860.0,3225.0,99.96,12167.0,757.0,99.965,7268.0,69.0,99.97,30532.0,1076.0,99.97,15309.0,336.0,99.97,120.0,25.0,99.97,861.0,126.0,99.965,5.0,NaN,99.965,NaN,NaN,99.96,14.0,NaN,99.955,NaN,NaN,99.94,99.94,99.94,99.94,99.94,99.94,99.94,99.94,99.94,99.94,99.94,99.94,99.94,99.94,99.94,99.94,99.94,99.94,99.94,99.94,99.94,99.94,99.94,99.94,99.94,99.94,99.94,99.94,99.94,99.94,99.94,99.94,99.94,99.94,99.94,NaN
2020-11-05,NaN,NaN,NaN,NaN,NaN,NaN,NaN,NaN,NaN,NaN,NaN,NaN,NaN,NaN,NaN,NaN,NaN,NaN,NaN,NaN,NaN,NaN,NaN,NaN,NaN,NaN,NaN,NaN,NaN,NaN,99.91,147932.0,12535.0,99.915,115472.0,1705.0,99.92,156817.0,1225.0,99.925,98043.0,1481.0,99.925,64414.0,2851.0,99.93,95280.0,6544.0,99.935,57346.0,3658.0,99.935,44846.0,1643.0,99.94,69277.0,9540.0,99.945,32043.0,2516.0,99.945,18323.0,788.0,99.945,31031.0,2304.0,99.95,30928.0,6255.0,99.95,9992.0,661.0,99.955,27814.0,3022.0,99.955,12295.0,666.0,99.96,7531.0,307.0,99.965,30062.0,1240.0,99.965,15278.0,102.0,99.965,121.0,1.0,99.965,826.0,174.0,99.96,5.0,4.0,99.955,3.0,6.0,99.95,15.0,2.0,99.945,NaN,NaN,99.93,99.93,99.93,99.93,99.93,99.93,99.93,99.93,99.93,99.93,99.93,99.93,99.93,99.93,99.93,99.93,99.93,99.93,99.93,99.93,99.93,99.93,99.93,99.93,99.93,99.93,99.93,99.93,99.93,99.93,99.93,99.93,99.93,99.93,99.93,NaN
2020-11-06,NaN,NaN,NaN,NaN,NaN,NaN,NaN,NaN,NaN,NaN,NaN,NaN,NaN,NaN,NaN,NaN,NaN,NaN,NaN,NaN,NaN,NaN,NaN,NaN,NaN,NaN,NaN,NaN,NaN,NaN,99.91,147777.0,7384.0,99.915,117136.0,8155.0,99.92,159617.0,17991.0,99.925,99620.0,5342.0,99.925,65127.0,2861.0,99.925,96884.0,6321.0,99.93,57867.0,2310.0,99.93,44308.0,1269.0,99.935,68153.0,4111.0,99.94,33347.0,2846.0,99.94,19501.0,2662.0,99.94,30760.0,1301.0,99.94,31187.0,360.0,99.94,10005.0,125.0,99.945,28119.0,758.0,99.945,12300.0,140.0,99.95,7587.0,131.0,99.95,29713.0,462.0,99.955,15308.0,63.0,99.955,121.0,NaN,99.95,827.0,3.0,99.945,5.0,NaN,99.94,3.0,NaN,99.935,15.0,NaN,99.93,NaN,NaN,99.915,99.915,99.915,99.915,99.915,99.915,99.915,99.915,99.915,99.915,99.915,99.915,99.915,99.915,99.915,99.915,99.915,99.915,99.915,99.915,99.915,99.915,99.915,99.915,99.915,99.915,99.915,99.915,99.915,99.915,99.915,99.915,99.915,99.915,99.915,NaN
2020-11-09,NaN,NaN,NaN,NaN,NaN,NaN,NaN,NaN,NaN,NaN,NaN,NaN,NaN,NaN,NaN,NaN,NaN,NaN,NaN,NaN,NaN,NaN,NaN,NaN,NaN,NaN,NaN,NaN,NaN,NaN,99.9125,146854.0,2187.0,99.915,116662.0,11281.0,99.92,159483.0,16340.0,99.92,98033.0,9397.0,99.92,67148.0,8799.0,99.92,97806.0,13347.0,99.92,63212.0,15820.0,99.92,44296.0,6207.0,99.92,77066.0,21682.0,99.92,34233.0,11845.0,99.92,23001.0,12007.0,99.92,31320.0,9317.0,99.92,34282.0,11398.0,99.92,12164.0,4291.0,99.92,28260.0,12220.0,99.92,11713.0,2654.0,99.92,7600.0,238.0,99.92,29185.0,2217.0,99.92,15392.0,255.0,99.915,126.0,5.0,99.91,804.0,47.0,99.905,5.0,NaN,99.9,3.0,NaN,99.895,15.0,NaN,99.89,NaN,NaN,99.875,99.875,99.875,99.875,99.875,99.875,99.875,99.875,99.875,99.875,99.875,99.875,99.875,99.875,99.875,99.875,99.875,99.875,99.875,99.875,99.875,99.875,99.875,99.875,99.875,99.875,99.875,99.875,99.875,99.875,99.875,99.875,99.875,99.875,99.875,NaN
2020-11-10,NaN,NaN,NaN,NaN,NaN,NaN,NaN,NaN,NaN,NaN,NaN,NaN,NaN,NaN,NaN,NaN,NaN,NaN,NaN,NaN,NaN,NaN,NaN,NaN,NaN,NaN,NaN,NaN,NaN,NaN,99.91,147039.0,1975.0,99.915,116380.0,5257.0,99.92,159036.0,8072.0,99.92,99134.0,5010.0,99.92,74258.0,11403.0,99.92,97443.0,6575.0,99.92,62316.0,3608.0,99.92,43590.0,6705.0,99.925,75895.0,8186.0,99.925,33330.0,5603.0,99.925,22567.0,5111.0,99.925,30792.0,1843.0,99.925,34581.0,4883.0,99.925,12378.0,735.0,99.925,28431.0,2450.0,99.925,13030.0,1961.0,99.925,7690.0,149.0,99.925,29008.0,698.0,99.925,15465.0,579.0,99.92,126.0,NaN,99.915,804.0,NaN,99.91,5.0,NaN,99.905,3.0,NaN,99.9,15.0,NaN,99.895,NaN,NaN,99.88,99.88,99.88,99.88,99.88,99.88,99.88,99.88,99.88,99.88,99.88,99.88,99.88,99.88,99.88,99.88,99.88,99.88,99.88,99.88,99.88,99.88,99.88,99.88,99.88,99.88,99.88,99.88,99.88,99.88,99.88,99.88,99.88,99.88,99.88,NaN
2020-11-11,NaN,NaN,NaN,NaN,NaN,NaN,NaN,NaN,NaN,NaN,NaN,NaN,NaN,NaN,NaN,NaN,NaN,NaN,NaN,NaN,NaN,NaN,NaN,NaN,NaN,NaN,NaN,NaN,NaN,NaN,99.91,147036.0,1939.0,99.915,116337.0,1271.0,99.915,158970.0,25640.0,99.92,112927.0,27128.0,99.92,73623.0,3501.0,99.92,97258.0,2975.0,99.92,62337.0,1548.0,99.92,43532.0,246.0,99.925,75545.0,1169.0,99.925,33108.0,302.0,99.925,22596.0,214.0,99.925,30942.0,733.0,99.925,34527.0,324.0,99.925,12357.0,93.0,99.925,28406.0,820.0,99.925,13325.0,588.0,99.925,7691.0,2.0,99.925,29007.0,180.0,99.925,15424.0,43.0,99.92,126.0,NaN,99.915,804.0,20.0,99.91,5.0,NaN,99.905,3.0,NaN,99.9,16.0,15.0,99.895,NaN,NaN,99.88,99.88,99.88,99.88,99.88,99.88,99.88,99.88,99.88,99.88,99.88,99.88,99.88,99.88,99.88,99.88,99.88,99.88,99.88,99.88,99.88,99.88,99.88,99.88,99.88,99.88,99.88,99.88,99.88,99.88,99.88,99.88,99.88,99.88,99.88,NaN
2020-11-12,NaN,NaN,NaN,NaN,NaN,NaN,NaN,NaN,NaN,NaN,NaN,NaN,NaN,NaN,NaN,NaN,NaN,NaN,NaN,NaN,NaN,NaN,NaN,NaN,NaN,NaN,NaN,NaN,NaN,NaN,99.91,146995.0,74.0,99.915,118908.0,3540.0,99.92,158311.0,2827.0,99.925,112774.0,2351.0,99.925,73699.0,1893.0,99.925,94006.0,16370.0,99.925,59980.0,3607.0,99.925,43123.0,2686.0,99.93,72877.0,5891.0,99.93,33437.0,685.0,99.93,22774.0,342.0,99.93,30502.0,4078.0,99.93,34780.0,288.0,99.93,12555.0,439.0,99.93,28125.0,875.0,99.93,13193.0,584.0,99.93,7898.0,218.0,99.93,28968.0,711.0,99.93,15398.0,345.0,99.925,126.0,NaN,99.92,828.0,33.0,99.915,5.0,NaN,99.91,3.0,NaN,99.905,16.0,NaN,99.9,NaN,NaN,99.885,99.885,99.885,99.885,99.885,99.885,99.885,99.885,99.885,99.885,99.885,99.885,99.885,99.885,99.885,99.885,99.885,99.885,99.885,99.885,99.885,99.885,99.885,99.885,99.885,99.885,99.885,99.885,99.885,99.885,99.885,99.885,99.885,99.885,99.885,NaN
2020-11-13,NaN,NaN,NaN,NaN,NaN,NaN,NaN,NaN,NaN,NaN,NaN,NaN,NaN,NaN,NaN,NaN,NaN,NaN,NaN,NaN,NaN,NaN,NaN,NaN,NaN,NaN,NaN,NaN,NaN,NaN,99.91,146929.0,202.0,99.915,118954.0,991.0,99.915,158512.0,1820.0,99.92,113060.0,1140.0,99.92,74823.0,1385.0,99.925,90599.0,7667.0,99.925,60131.0,7428.0,99.925,44365.0,3702.0,99.93,74597.0,2627.0,99.93,34360.0,1463.0,99.93,22739.0,56.0,99.93,30320.0,3017.0,99.93,33646.0,3487.0,99.93,12389.0,439.0,99.93,27259.0,2556.0,99.93,13567.0,850.0,99.93,7898.0,1.0,99.925,28567.0,890.0,99.925,15167.0,323.0,99.92,126.0,NaN,99.915,828.0,23.0,99.91,5.0,NaN,99.905,3.0,NaN,99.9,16.0,NaN,99.895,NaN,NaN,99.88,99.88,99.88,99.88,99.88,99.88,99.88,99.88,99.88,99.88,99.88,99.88,99.88,99.88,99.88,99.88,99.88,99.88,99.88,99.88,99.88,99.88,99.88,99.88,99.88,99.88,99.88,99.88,99.88,99.88,99.88,99.88,99.88,99.88,99.88,NaN
2020-11-16,NaN,NaN,NaN,NaN,NaN,NaN,NaN,NaN,NaN,NaN,NaN,NaN,NaN,NaN,NaN,NaN,NaN,NaN,NaN,NaN,NaN,NaN,NaN,NaN,NaN,NaN,NaN,NaN,NaN,NaN,99.9125,146870.0,1122.0,99.915,119593.0,3927.0,99.92,157875.0,1833.0,99.925,112837.0,1555.0,99.925,74889.0,770.0,99.925,90703.0,2503.0,99.925,60592.0,1076.0,99.925,44920.0,949.0,99.93,74337.0,5462.0,99.93,33701.0,1827.0,99.93,22598.0,510.0,99.93,29470.0,4229.0,99.93,33009.0,2782.0,99.93,12387.0,59.0,99.93,26707.0,2929.0,99.93,13590.0,718.0,99.93,7900.0,3.0,99.925,27333.0,2082.0,99.925,15165.0,51.0,99.92,126.0,NaN,99.915,1206.0,564.0,99.91,5.0,NaN,99.905,3.0,NaN,99.9,16.0,NaN,99.895,NaN,NaN,99.88,99.88,99.88,99.88,99.88,99.88,99.88,99.88,99.88,99.88,99.88,99.88,99.88,99.88,99.88,99.88,99.88,99.88,99.88,99.88,99.88,99.88,99.88,99.88,99.88,99.88,99.88,99.88,99.88,99.88,99.88,99.88,99.88,99.88,99.88,NaN
2020-11-17,NaN,NaN,NaN,NaN,NaN,NaN,NaN,NaN,NaN,NaN,NaN,NaN,NaN,NaN,NaN,NaN,NaN,NaN,NaN,NaN,NaN,NaN,NaN,NaN,NaN,NaN,NaN,NaN,NaN,NaN,99.91,146621.0,394.0,99.915,119151.0,8863.0,99.92,153594.0,7512.0,99.925,112539.0,2203.0,99.925,74186.0,4601.0,99.925,90783.0,376.0,99.925,60860.0,839.0,99.925,44942.0,1196.0,99.93,73930.0,672.0,99.93,34196.0,896.0,99.93,22580.0,71.0,99.93,29378.0,194.0,99.93,33380.0,736.0,99.93,12023.0,398.0,99.93,26721.0,143.0,99.93,13563.0,244.0,99.93,7900.0,NaN,99.925,27823.0,594.0,99.925,15352.0,510.0,99.92,186.0,61.0,99.915,1206.0,4.0,99.91,5.0,NaN,99.905,3.0,NaN,99.9,16.0,NaN,99.895,NaN,NaN,99.88,99.88,99.88,99.88,99.88,99.88,99.88,99.88,99.88,99.88,99.88,99.88,99.88,99.88,99.88,99.88,99.88,99.88,99.88,99.88,99.88,99.88,99.88,99.88,99.88,99.88,99.88,99.88,99.88,99.88,99.88,99.88,99.88,99.88,99.88,NaN
2020-11-18,NaN,NaN,NaN,NaN,NaN,NaN,NaN,NaN,NaN,NaN,NaN,NaN,NaN,NaN,NaN,NaN,NaN,NaN,NaN,NaN,NaN,NaN,NaN,NaN,NaN,NaN,NaN,NaN,NaN,NaN,99.91,146741.0,728.0,99.915,118158.0,2900.0,99.92,153479.0,1078.0,99.925,112291.0,2530.0,99.925,74771.0,2655.0,99.925,87989.0,8257.0,99.925,61040.0,1311.0,99.925,45170.0,1182.0,99.93,70206.0,7850.0,99.93,34000.0,2125.0,99.93,22527.0,566.0,99.93,28985.0,3161.0,99.93,33455.0,1640.0,99.93,12222.0,788.0,99.93,28233.0,3301.0,99.925,13471.0,790.0,99.925,7906.0,438.0,99.92,26096.0,4238.0,99.92,15124.0,1039.0,99.915,189.0,3.0,99.91,1092.0,455.0,99.905,5.0,NaN,99.9,3.0,NaN,99.895,16.0,NaN,99.89,NaN,NaN,99.875,99.875,99.875,99.875,99.875,99.875,99.875,99.875,99.875,99.875,99.875,99.875,99.875,99.875,99.875,99.875,99.875,99.875,99.875,99.875,99.875,99.875,99.875,99.875,99.875,99.875,99.875,99.875,99.875,99.875,99.875,99.875,99.875,99.875,99.875,NaN
2020-11-19,NaN,NaN,NaN,NaN,NaN,NaN,NaN,NaN,NaN,NaN,NaN,NaN,NaN,NaN,NaN,NaN,NaN,NaN,NaN,NaN,NaN,NaN,NaN,NaN,NaN,NaN,NaN,NaN,NaN,NaN,99.9125,145778.0,2273.0,99.92,119610.0,9807.0,99.925,152416.0,28280.0,99.93,113352.0,11495.0,99.93,74129.0,5467.0,99.93,87391.0,9254.0,99.935,61874.0,3731.0,99.935,45900.0,1932.0,99.935,67983.0,4631.0,99.935,33332.0,2333.0,99.935,22534.0,1232.0,99.935,29425.0,2307.0,99.935,33454.0,1485.0,99.93,11751.0,1438.0,99.93,26849.0,2259.0,99.93,12044.0,2269.0,99.93,7832.0,272.0,99.925,25464.0,3022.0,99.925,17818.0,4269.0,99.92,189.0,NaN,99.915,1048.0,108.0,99.91,5.0,NaN,99.905,3.0,NaN,99.9,16.0,NaN,99.895,NaN,NaN,99.88,99.88,99.88,99.88,99.88,99.88,99.88,99.88,99.88,99.88,99.88,99.88,99.88,99.88,99.88,99.88,99.88,99.88,99.88,99.88,99.88,99.88,99.88,99.88,99.88,99.88,99.88,99.88,99.88,99.88,99.88,99.88,99.88,99.88,99.88,NaN
2020-11-20,NaN,NaN,NaN,NaN,NaN,NaN,NaN,NaN,NaN,NaN,NaN,NaN,NaN,NaN,NaN,NaN,NaN,NaN,NaN,NaN,NaN,NaN,NaN,NaN,NaN,NaN,NaN,NaN,NaN,NaN,99.91,143198.0,26264.0,99.92,119978.0,6587.0,99.925,146443.0,14528.0,99.93,110681.0,20140.0,99.93,74697.0,8176.0,99.93,86689.0,3552.0,99.935,62336.0,2286.0,99.935,46829.0,4002.0,99.935,61856.0,11658.0,99.935,31516.0,3086.0,99.935,22614.0,1881.0,99.935,29252.0,501.0,99.935,33347.0,1171.0,99.93,11844.0,2470.0,99.93,26811.0,137.0,99.93,12069.0,183.0,99.93,7849.0,20.0,99.925,25330.0,273.0,99.925,17815.0,2250.0,99.92,189.0,3.0,99.915,1044.0,64.0,99.91,5.0,4.0,99.905,3.0,NaN,99.9,16.0,NaN,99.895,NaN,NaN,99.88,99.88,99.88,99.88,99.88,99.88,99.88,99.88,99.88,99.88,99.88,99.88,99.88,99.88,99.88,99.88,99.88,99.88,99.88,99.88,99.88,99.88,99.88,99.88,99.88,99.88,99.88,99.88,99.88,99.88,99.88,99.88,99.88,99.88,99.88,NaN
2020-11-23,NaN,NaN,NaN,NaN,NaN,NaN,NaN,NaN,NaN,NaN,NaN,NaN,NaN,NaN,NaN,NaN,NaN,NaN,NaN,NaN,NaN,NaN,NaN,NaN,NaN,NaN,NaN,NaN,NaN,NaN,99.91,149622.0,9528.0,99.92,119255.0,9116.0,99.925,144574.0,8123.0,99.925,110812.0,4860.0,99.925,70849.0,6448.0,99.93,87719.0,4882.0,99.93,63089.0,1822.0,99.93,46270.0,2018.0,99.93,59185.0,6405.0,99.93,29716.0,5018.0,99.93,22526.0,212.0,99.93,29254.0,1178.0,99.93,33301.0,252.0,99.925,11720.0,218.0,99.925,27572.0,1968.0,99.925,11984.0,532.0,99.925,7779.0,250.0,99.92,24297.0,2203.0,99.92,16916.0,1147.0,99.915,189.0,2.0,99.91,1117.0,128.0,99.905,5.0,NaN,99.9,3.0,NaN,99.895,16.0,NaN,99.89,NaN,NaN,99.875,99.875,99.875,99.875,99.875,99.875,99.875,99.875,99.875,99.875,99.875,99.875,99.875,99.875,99.875,99.875,99.875,99.875,99.875,99.875,99.875,99.875,99.875,99.875,99.875,99.875,99.875,99.875,99.875,99.875,99.875,99.875,99.875,99.875,99.875,NaN
2020-11-24,NaN,NaN,NaN,NaN,NaN,NaN,NaN,NaN,NaN,NaN,NaN,NaN,NaN,NaN,NaN,NaN,NaN,NaN,NaN,NaN,NaN,NaN,NaN,NaN,NaN,NaN,NaN,NaN,NaN,NaN,99.9125,150036.0,12520.0,99.92,118050.0,5046.0,99.925,145316.0,3528.0,99.93,111733.0,3410.0,99.93,71594.0,3513.0,99.93,89813.0,4146.0,99.93,63109.0,337.0,99.93,46350.0,286.0,99.93,58954.0,1053.0,99.93,30282.0,1870.0,99.93,22320.0,468.0,99.93,30431.0,2396.0,99.93,33219.0,1233.0,99.925,11876.0,255.0,99.925,27172.0,1074.0,99.925,11535.0,1566.0,99.925,7763.0,165.0,99.92,23618.0,1142.0,99.92,16915.0,141.0,99.915,189.0,NaN,99.91,1016.0,133.0,99.905,5.0,NaN,99.9,4.0,1.0,99.895,16.0,NaN,99.89,NaN,NaN,99.875,99.875,99.875,99.875,99.875,99.875,99.875,99.875,99.875,99.875,99.875,99.875,99.875,99.875,99.875,99.875,99.875,99.875,99.875,99.875,99.875,99.875,99.875,99.875,99.875,99.875,99.875,99.875,99.875,99.875,99.875,99.875,99.875,99.875,99.875,NaN
2020-11-25,NaN,NaN,NaN,NaN,NaN,NaN,NaN,NaN,NaN,NaN,NaN,NaN,NaN,NaN,NaN,NaN,NaN,NaN,NaN,NaN,NaN,NaN,NaN,NaN,NaN,NaN,NaN,NaN,NaN,NaN,99.9125,149455.0,875.0,99.915,118629.0,2224.0,99.92,151820.0,16673.0,99.925,110445.0,9504.0,99.925,72267.0,5078.0,99.925,93994.0,7724.0,99.93,64182.0,2358.0,99.93,47705.0,2934.0,99.93,58959.0,669.0,99.93,30293.0,940.0,99.93,22814.0,1100.0,99.93,30094.0,2285.0,99.93,33407.0,429.0,99.925,12426.0,1735.0,99.925,27100.0,176.0,99.925,11416.0,1385.0,99.925,7763.0,NaN,99.92,23544.0,630.0,99.92,17341.0,525.0,99.915,190.0,10.0,99.91,1015.0,82.0,99.905,5.0,NaN,99.9,4.0,NaN,99.895,16.0,NaN,99.89,NaN,NaN,99.875,99.875,99.875,99.875,99.875,99.875,99.875,99.875,99.875,99.875,99.875,99.875,99.875,99.875,99.875,99.875,99.875,99.875,99.875,99.875,99.875,99.875,99.875,99.875,99.875,99.875,99.875,99.875,99.875,99.875,99.875,99.875,99.875,99.875,99.875,NaN
2020-11-27,NaN,NaN,NaN,NaN,NaN,NaN,NaN,NaN,NaN,NaN,NaN,NaN,NaN,NaN,NaN,NaN,NaN,NaN,NaN,NaN,NaN,NaN,NaN,NaN,NaN,NaN,NaN,NaN,NaN,NaN,99.9125,148858.0,1201.0,99.915,118251.0,2428.0,99.92,153358.0,2306.0,99.925,111523.0,4490.0,99.925,73751.0,2664.0,99.925,94703.0,1642.0,99.93,63983.0,2600.0,99.93,47839.0,626.0,99.93,59517.0,1381.0,99.93,30251.0,847.0,99.93,20143.0,4374.0,99.93,30051.0,373.0,99.93,33574.0,434.0,99.925,12434.0,81.0,99.925,27222.0,604.0,99.925,11455.0,106.0,99.925,7782.0,48.0,99.92,23551.0,29.0,99.92,17342.0,2.0,99.92,190.0,NaN,99.915,1015.0,11.0,99.91,5.0,NaN,99.905,6.0,2.0,99.9,16.0,NaN,99.895,NaN,NaN,99.88,99.88,99.88,99.88,99.88,99.88,99.88,99.88,99.88,99.88,99.88,99.88,99.88,99.88,99.88,99.88,99.88,99.88,99.88,99.88,99.88,99.88,99.88,99.88,99.88,99.88,99.88,99.88,99.88,99.88,99.88,99.88,99.88,99.88,99.88,NaN
2020-11-30,NaN,NaN,NaN,NaN,NaN,NaN,NaN,NaN,NaN,NaN,NaN,NaN,NaN,NaN,NaN,NaN,NaN,NaN,NaN,NaN,NaN,NaN,NaN,NaN,NaN,NaN,NaN,NaN,NaN,NaN,99.9125,148859.0,20.0,99.9175,118784.0,4229.0,99.92,154752.0,5550.0,99.925,113501.0,9310.0,99.925,73597.0,3634.0,99.925,94374.0,2163.0,99.925,64421.0,4016.0,99.925,47454.0,1307.0,99.925,59487.0,2740.0,99.925,30629.0,2300.0,99.925,19940.0,747.0,99.925,29786.0,5709.0,99.925,33614.0,3744.0,99.925,13358.0,2190.0,99.925,29016.0,5940.0,99.925,11388.0,1670.0,99.925,7762.0,431.0,99.92,23458.0,2400.0,99.92,17364.0,782.0,99.92,189.0,1.0,99.915,1052.0,206.0,99.91,5.0,NaN,99.905,6.0,NaN,99.9,16.0,NaN,99.895,NaN,NaN,99.88,99.88,99.88,99.88,99.88,99.88,99.88,99.88,99.88,99.88,99.88,99.88,99.88,99.88,99.88,99.88,99.88,99.88,99.88,99.88,99.88,99.88,99.88,99.88,99.88,99.88,99.88,99.88,99.88,99.88,99.88,99.88,99.88,99.88,99.88,99.88
2020-12-01,NaN,NaN,NaN,NaN,NaN,NaN,NaN,NaN,NaN,NaN,NaN,NaN,NaN,NaN,NaN,NaN,NaN,NaN,NaN,NaN,NaN,NaN,NaN,NaN,NaN,NaN,NaN,NaN,NaN,NaN,99.914,148859.0,NaN,99.915,120681.0,11357.0,99.92,153383.0,3465.0,99.92,112903.0,14003.0,99.92,72307.0,5629.0,99.925,94495.0,4517.0,99.925,65634.0,3855.0,99.925,48471.0,2668.0,99.925,59435.0,7043.0,99.925,30444.0,3762.0,99.92,19884.0,1627.0,99.92,30894.0,4920.0,99.92,35915.0,8047.0,99.92,13379.0,5803.0,99.92,28859.0,6736.0,99.915,12571.0,5517.0,99.91,9871.0,4381.0,99.9,26759.0,8479.0,99.9,17401.0,1397.0,99.9,187.0,26.0,99.895,1210.0,411.0,99.89,5.0,NaN,99.885,6.0,NaN,99.88,16.0,NaN,99.875,NaN,NaN,99.86,99.86,99.86,99.86,99.86,99.86,99.86,99.86,99.86,99.86,99.86,99.86,99.86,99.86,99.86,99.86,99.86,99.86,99.86,99.86,99.86,99.86,99.86,99.86,99.86,99.86,99.86,99.86,99.86,99.86,99.86,99.86,99.86,99.86,99.86,99.86
2020-12-02,NaN,NaN,NaN,NaN,NaN,NaN,NaN,NaN,NaN,NaN,NaN,NaN,NaN,NaN,NaN,NaN,NaN,NaN,NaN,NaN,NaN,NaN,NaN,NaN,NaN,NaN,NaN,NaN,NaN,NaN,NaN,NaN,NaN,99.9125,120495.0,14610.0,99.915,150645.0,15006.0,99.92,118074.0,11666.0,99.92,71835.0,3462.0,99.92,95215.0,6274.0,99.925,66445.0,9555.0,99.925,48953.0,1286.0,99.92,60375.0,6086.0,99.92,31248.0,1499.0,99.92,19634.0,811.0,99.92,31036.0,4527.0,99.915,37559.0,7100.0,99.915,13331.0,377.0,99.915,28771.0,3494.0,99.91,12687.0,1439.0,99.905,10680.0,1650.0,99.9,27474.0,3304.0,99.9,17543.0,723.0,99.895,188.0,1.0,99.89,1174.0,644.0,99.885,5.0,NaN,99.88,6.0,NaN,99.875,16.0,NaN,99.87,NaN,NaN,99.855,99.855,99.855,99.855,99.855,99.855,99.855,99.855,99.855,99.855,99.855,99.855,99.855,99.855,99.855,99.855,99.855,99.855,99.855,99.855,99.855,99.855,99.855,99.855,99.855,99.855,99.855,99.855,99.855,99.855,99.855,99.855,99.855,99.855,99.855,99.855
2020-12-03,NaN,NaN,NaN,NaN,NaN,NaN,NaN,NaN,NaN,NaN,NaN,NaN,NaN,NaN,NaN,NaN,NaN,NaN,NaN,NaN,NaN,NaN,NaN,NaN,NaN,NaN,NaN,NaN,NaN,NaN,NaN,NaN,NaN,99.9125,120936.0,3432.0,99.915,150708.0,2790.0,99.92,117573.0,7928.0,99.92,71911.0,2320.0,99.92,98894.0,17935.0,99.925,66304.0,9057.0,99.925,51094.0,4344.0,99.925,63053.0,7767.0,99.925,31457.0,3366.0,99.925,19655.0,997.0,99.92,30914.0,617.0,99.92,37843.0,1015.0,99.92,12271.0,4104.0,99.92,28778.0,392.0,99.915,13314.0,1359.0,99.91,10678.0,107.0,99.905,28318.0,1977.0,99.905,17630.0,589.0,99.9,333.0,203.0,99.895,1204.0,56.0,99.89,5.0,NaN,99.885,6.0,NaN,99.88,16.0,NaN,99.875,NaN,NaN,99.86,99.86,99.86,99.86,99.86,99.86,99.86,99.86,99.86,99.86,99.86,99.86,99.86,99.86,99.86,99.86,99.86,99.86,99.86,99.86,99.86,99.86,99.86,99.86,99.86,99.86,99.86,99.86,99.86,99.86,99.86,99.86,99.86,99.86,99.86,99.86
2020-12-04,NaN,NaN,NaN,NaN,NaN,NaN,NaN,NaN,NaN,NaN,NaN,NaN,NaN,NaN,NaN,NaN,NaN,NaN,NaN,NaN,NaN,NaN,NaN,NaN,NaN,NaN,NaN,NaN,NaN,NaN,NaN,NaN,NaN,99.9125,120435.0,2327.0,99.915,150766.0,5061.0,99.92,116727.0,2902.0,99.92,69431.0,3631.0,99.925,97387.0,7236.0,99.925,66865.0,6726.0,99.925,53109.0,3727.0,99.925,63909.0,6308.0,99.92,31829.0,2193.0,99.92,20543.0,1427.0,99.915,32571.0,4625.0,99.915,38338.0,2599.0,99.915,12224.0,1398.0,99.91,29747.0,2614.0,99.905,13257.0,1302.0,99.9,11267.0,849.0,99.895,28992.0,2150.0,99.895,17970.0,726.0,99.89,433.0,107.0,99.89,1640.0,475.0,99.885,5.0,NaN,99.875,6.0,NaN,99.87,16.0,NaN,99.865,NaN,NaN,99.85,99.85,99.85,99.85,99.85,99.85,99.85,99.85,99.85,99.85,99.85,99.85,99.85,99.85,99.85,99.85,99.85,99.85,99.85,99.85,99.85,99.85,99.85,99.85,99.85,99.85,99.85,99.85,99.85,99.85,99.85,99.85,99.85,99.85,99.85,99.85
2020-12-07,NaN,NaN,NaN,NaN,NaN,NaN,NaN,NaN,NaN,NaN,NaN,NaN,NaN,NaN,NaN,NaN,NaN,NaN,NaN,NaN,NaN,NaN,NaN,NaN,NaN,NaN,NaN,NaN,NaN,NaN,NaN,NaN,NaN,99.9125,122010.0,3192.0,99.92,152291.0,4819.0,99.925,116980.0,2080.0,99.925,69264.0,1996.0,99.93,96359.0,2092.0,99.93,66435.0,748.0,99.93,53790.0,1802.0,99.93,64692.0,4375.0,99.925,33016.0,6213.0,99.925,20774.0,1429.0,99.92,33541.0,3773.0,99.92,37810.0,3577.0,99.92,13575.0,2692.0,99.915,29312.0,1263.0,99.91,13695.0,2378.0,99.905,11267.0,283.0,99.905,29037.0,786.0,99.905,18723.0,1687.0,99.905,594.0,250.0,99.9,2240.0,634.0,99.895,35.0,30.0,99.885,6.0,NaN,99.88,16.0,NaN,99.875,NaN,NaN,99.86,99.86,99.86,99.86,99.86,99.86,99.86,99.86,99.86,99.86,99.86,99.86,99.86,99.86,99.86,99.86,99.86,99.86,99.86,99.86,99.86,99.86,99.86,99.86,99.86,99.86,99.86,99.86,99.86,99.86,99.86,99.86,99.86,99.86,99.86,99.86
2020-12-08,NaN,NaN,NaN,NaN,NaN,NaN,NaN,NaN,NaN,NaN,NaN,NaN,NaN,NaN,NaN,NaN,NaN,NaN,NaN,NaN,NaN,NaN,NaN,NaN,NaN,NaN,NaN,NaN,NaN,NaN,NaN,NaN,NaN,99.91,121338.0,3866.0,99.915,151183.0,6674.0,99.92,119699.0,8052.0,99.92,70746.0,8258.0,99.925,93237.0,8101.0,99.925,65794.0,2731.0,99.925,56815.0,5071.0,99.925,63728.0,7595.0,99.92,33814.0,3623.0,99.92,20701.0,720.0,99.915,34155.0,14915.0,99.91,38545.0,1651.0,99.91,14541.0,2194.0,99.91,28945.0,1889.0,99.905,13405.0,1255.0,99.9,11518.0,1266.0,99.9,29059.0,430.0,99.9,18616.0,414.0,99.9,598.0,9.0,99.895,2270.0,67.0,99.89,40.0,5.0,99.88,11.0,5.0,99.875,16.0,NaN,99.87,NaN,NaN,99.855,99.855,99.855,99.855,99.855,99.855,99.855,99.855,99.855,99.855,99.855,99.855,99.855,99.855,99.855,99.855,99.855,99.855,99.855,99.855,99.855,99.855,99.855,99.855,99.855,99.855,99.855,99.855,99.855,99.855,99.855,99.855,99.855,99.855,99.855,99.855
2020-12-09,NaN,NaN,NaN,NaN,NaN,NaN,NaN,NaN,NaN,NaN,NaN,NaN,NaN,NaN,NaN,NaN,NaN,NaN,NaN,NaN,NaN,NaN,NaN,NaN,NaN,NaN,NaN,NaN,NaN,NaN,NaN,NaN,NaN,99.91,120294.0,7069.0,99.915,153854.0,10947.0,99.92,119714.0,8055.0,99.92,68518.0,22192.0,99.92,94673.0,24492.0,99.92,62924.0,21203.0,99.92,62239.0,19996.0,99.92,69968.0,14239.0,99.915,36641.0,13290.0,99.915,21341.0,2760.0,99.91,35472.0,7807.0,99.91,39328.0,3665.0,99.91,15058.0,4597.0,99.905,28754.0,5010.0,99.9,14160.0,3599.0,99.895,12523.0,1918.0,99.895,28744.0,4148.0,99.895,19585.0,1941.0,99.895,748.0,322.0,99.89,2291.0,176.0,99.885,36.0,NaN,99.875,11.0,NaN,99.87,16.0,NaN,99.865,NaN,NaN,99.85,99.85,99.85,99.85,99.85,99.85,99.85,99.85,99.85,99.85,99.85,99.85,99.85,99.85,99.85,99.85,99.85,99.85,99.85,99.85,99.85,99.85,99.85,99.85,99.85,99.85,99.85,99.85,99.85,99.85,99.85,99.85,99.85,99.85,99.85,99.85
2020-12-10,NaN,NaN,NaN,NaN,NaN,NaN,NaN,NaN,NaN,NaN,NaN,NaN,NaN,NaN,NaN,NaN,NaN,NaN,NaN,NaN,NaN,NaN,NaN,NaN,NaN,NaN,NaN,NaN,NaN,NaN,NaN,NaN,NaN,99.91,120374.0,654.0,99.915,153258.0,10569.0,99.92,119446.0,10293.0,99.92,68478.0,18375.0,99.92,95526.0,2484.0,99.92,63144.0,3633.0,99.92,61045.0,4941.0,99.92,71193.0,3855.0,99.915,36879.0,2072.0,99.915,21709.0,3021.0,99.91,35359.0,2251.0,99.91,39332.0,998.0,99.91,15281.0,1063.0,99.905,28189.0,1569.0,99.9,15002.0,2080.0,99.9,12912.0,2264.0,99.9,28669.0,2064.0,99.895,20514.0,2035.0,99.895,776.0,28.0,99.89,2446.0,240.0,99.885,36.0,NaN,99.875,11.0,NaN,99.87,16.0,NaN,99.865,NaN,NaN,99.85,99.85,99.85,99.85,99.85,99.85,99.85,99.85,99.85,99.85,99.85,99.85,99.85,99.85,99.85,99.85,99.85,99.85,99.85,99.85,99.85,99.85,99.85,99.85,99.85,99.85,99.85,99.85,99.85,99.85,99.85,99.85,99.85,99.85,99.85,99.85
2020-12-11,NaN,NaN,NaN,NaN,NaN,NaN,NaN,NaN,NaN,NaN,NaN,NaN,NaN,NaN,NaN,NaN,NaN,NaN,NaN,NaN,NaN,NaN,NaN,NaN,NaN,NaN,NaN,NaN,NaN,NaN,NaN,NaN,NaN,99.9125,119946.0,1261.0,99.92,151210.0,24535.0,99.93,129486.0,24058.0,99.93,71877.0,17921.0,99.93,95122.0,16564.0,99.925,66576.0,16935.0,99.925,58743.0,5999.0,99.925,74906.0,7437.0,99.92,44729.0,15868.0,99.92,22274.0,1522.0,99.915,35122.0,9595.0,99.915,41637.0,8167.0,99.915,14928.0,3083.0,99.91,29535.0,5398.0,99.905,16280.0,4509.0,99.905,13068.0,925.0,99.905,29170.0,3065.0,99.905,21235.0,3148.0,99.905,812.0,83.0,99.9,2654.0,727.0,99.895,110.0,74.0,99.885,11.0,NaN,99.885,16.0,NaN,99.88,NaN,NaN,99.865,99.865,99.865,99.865,99.865,99.865,99.865,99.865,99.865,99.865,99.865,99.865,99.865,99.865,99.865,99.865,99.865,99.865,99.865,99.865,99.865,99.865,99.865,99.865,99.865,99.865,99.865,99.865,99.865,99.865,99.865,99.865,99.865,99.865,99.865,99.865
2020-12-14,NaN,NaN,NaN,NaN,NaN,NaN,NaN,NaN,NaN,NaN,NaN,NaN,NaN,NaN,NaN,NaN,NaN,NaN,NaN,NaN,NaN,NaN,NaN,NaN,NaN,NaN,NaN,NaN,NaN,NaN,NaN,NaN,NaN,99.91,115734.0,8004.0,99.915,152006.0,3709.0,99.925,134047.0,20247.0,99.93,76637.0,9360.0,99.93,98960.0,13435.0,99.93,66545.0,237.0,99.93,60056.0,2410.0,99.93,74907.0,3333.0,99.925,44055.0,4765.0,99.925,22335.0,408.0,99.92,35495.0,1023.0,99.915,41216.0,973.0,99.915,15108.0,827.0,99.915,29061.0,1922.0,99.91,16809.0,1154.0,99.91,12968.0,440.0,99.91,29207.0,321.0,99.91,21397.0,699.0,99.91,886.0,169.0,99.905,3057.0,543.0,99.9,453.0,345.0,99.89,13.0,2.0,99.89,16.0,2.0,99.885,1.0,1.0,99.87,99.855,99.855,99.855,99.855,99.855,99.855,99.855,99.855,99.855,99.855,99.855,99.855,99.855,99.855,99.855,99.855,99.855,99.855,99.855,99.855,99.855,99.855,99.855,99.855,99.855,99.855,99.855,99.855,99.855,99.855,99.855,99.855,99.855,99.855,99.855
2020-12-15,NaN,NaN,NaN,NaN,NaN,NaN,NaN,NaN,NaN,NaN,NaN,NaN,NaN,NaN,NaN,NaN,NaN,NaN,NaN,NaN,NaN,NaN,NaN,NaN,NaN,NaN,NaN,NaN,NaN,NaN,NaN,NaN,NaN,99.91,117218.0,3736.0,99.915,152641.0,10138.0,99.92,141484.0,30046.0,99.925,76580.0,4811.0,99.925,102152.0,5510.0,99.925,68368.0,2788.0,99.925,59982.0,766.0,99.925,75327.0,5578.0,99.925,49444.0,9227.0,99.92,23621.0,3450.0,99.915,36162.0,2371.0,99.915,41401.0,2590.0,99.915,15215.0,1693.0,99.915,28958.0,1426.0,99.91,17081.0,275.0,99.91,13005.0,180.0,99.91,29225.0,197.0,99.91,21414.0,86.0,99.91,886.0,NaN,99.905,3087.0,31.0,99.9,453.0,1.0,99.89,14.0,1.0,99.89,16.0,NaN,99.885,1.0,NaN,99.86,99.845,99.845,99.845,99.845,99.845,99.845,99.845,99.845,99.845,99.845,99.845,99.845,99.845,99.845,99.845,99.845,99.845,99.845,99.845,99.845,99.845,99.845,99.845,99.845,99.845,99.845,99.845,99.845,99.845,99.845,99.845,99.845,99.845,99.845,99.845
2020-12-16,NaN,NaN,NaN,NaN,NaN,NaN,NaN,NaN,NaN,NaN,NaN,NaN,NaN,NaN,NaN,NaN,NaN,NaN,NaN,NaN,NaN,NaN,NaN,NaN,NaN,NaN,NaN,NaN,NaN,NaN,NaN,NaN,NaN,99.9125,117096.0,5613.0,99.915,153001.0,11139.0,99.92,141248.0,21376.0,99.925,79987.0,13092.0,99.925,100269.0,10613.0,99.925,70161.0,9194.0,99.925,61062.0,3984.0,99.925,75979.0,3300.0,99.925,49694.0,3023.0,99.92,23672.0,2874.0,99.915,34555.0,5062.0,99.915,38335.0,5013.0,99.915,16036.0,2191.0,99.915,29094.0,528.0,99.91,20476.0,5690.0,99.91,13043.0,543.0,99.91,29123.0,628.0,99.91,21511.0,284.0,99.91,886.0,NaN,99.905,3150.0,169.0,99.9,456.0,3.0,99.89,15.0,1.0,99.89,16.0,NaN,99.885,7.0,6.0,99.86,99.845,99.845,99.845,99.845,99.845,99.845,99.845,99.845,99.845,99.845,99.845,99.845,99.845,99.845,99.845,99.845,99.845,99.845,99.845,99.845,99.845,99.845,99.845,99.845,99.845,99.845,99.845,99.845,99.845,99.845,99.845,99.845,99.845,99.845,99.845
2020-12-17,NaN,NaN,NaN,NaN,NaN,NaN,NaN,NaN,NaN,NaN,NaN,NaN,NaN,NaN,NaN,NaN,NaN,NaN,NaN,NaN,NaN,NaN,NaN,NaN,NaN,NaN,NaN,NaN,NaN,NaN,NaN,NaN,NaN,99.9075,120081.0,7333.0,99.91,155320.0,18781.0,99.915,146363.0,17197.0,99.92,80294.0,2954.0,99.925,102032.0,5980.0,99.925,72547.0,10269.0,99.925,61124.0,339.0,99.925,76122.0,1351.0,99.925,49628.0,127.0,99.92,23396.0,1400.0,99.915,34755.0,1226.0,99.915,37831.0,869.0,99.915,15867.0,941.0,99.915,29038.0,258.0,99.91,20439.0,494.0,99.91,13194.0,259.0,99.91,28910.0,431.0,99.91,21485.0,62.0,99.91,1157.0,278.0,99.905,3159.0,40.0,99.9,486.0,31.0,99.89,16.0,1.0,99.89,26.0,10.0,99.885,7.0,NaN,99.86,99.845,99.845,99.845,99.845,99.845,99.845,99.845,99.845,99.845,99.845,99.845,99.845,99.845,99.845,99.845,99.845,99.845,99.845,99.845,99.845,99.845,99.845,99.845,99.845,99.845,99.845,99.845,99.845,99.845,99.845,99.845,99.845,99.845,99.845,99.845
2020-12-18,NaN,NaN,NaN,NaN,NaN,NaN,NaN,NaN,NaN,NaN,NaN,NaN,NaN,NaN,NaN,NaN,NaN,NaN,NaN,NaN,NaN,NaN,NaN,NaN,NaN,NaN,NaN,NaN,NaN,NaN,NaN,NaN,NaN,99.9075,120973.0,1976.0,99.91,154142.0,6703.0,99.915,149155.0,8140.0,99.925,78454.0,3177.0,99.93,102240.0,4065.0,99.93,71022.0,9818.0,99.93,60822.0,1075.0,99.93,75721.0,886.0,99.925,49534.0,298.0,99.925,23390.0,426.0,99.92,34361.0,648.0,99.92,38207.0,1296.0,99.92,15854.0,344.0,99.92,29042.0,44.0,99.915,20374.0,667.0,99.915,13193.0,6.0,99.915,28866.0,267.0,99.915,21495.0,246.0,99.915,1306.0,149.0,99.91,3194.0,108.0,99.905,486.0,7.0,99.895,16.0,NaN,99.895,26.0,NaN,99.89,7.0,NaN,99.865,99.85,99.85,99.85,99.85,99.85,99.85,99.85,99.85,99.85,99.85,99.85,99.85,99.85,99.85,99.85,99.85,99.85,99.85,99.85,99.85,99.85,99.85,99.85,99.85,99.85,99.85,99.85,99.85,99.85,99.85,99.85,99.85,99.85,99.85,99.85
2020-12-21,NaN,NaN,NaN,NaN,NaN,NaN,NaN,NaN,NaN,NaN,NaN,NaN,NaN,NaN,NaN,NaN,NaN,NaN,NaN,NaN,NaN,NaN,NaN,NaN,NaN,NaN,NaN,NaN,NaN,NaN,NaN,NaN,NaN,99.9075,119420.0,5530.0,99.91,154138.0,3853.0,99.915,149939.0,3325.0,99.92,78325.0,1978.0,99.925,101746.0,1570.0,99.93,71902.0,1236.0,99.93,61361.0,2305.0,99.93,75480.0,5580.0,99.93,50414.0,2081.0,99.925,23261.0,1530.0,99.92,33936.0,1339.0,99.92,37779.0,2202.0,99.92,17149.0,2939.0,99.92,28450.0,1986.0,99.915,21205.0,1980.0,99.915,13229.0,277.0,99.915,28995.0,900.0,99.915,21935.0,1188.0,99.915,1306.0,NaN,99.91,3196.0,70.0,99.905,486.0,3.0,99.895,16.0,NaN,99.895,26.0,NaN,99.89,7.0,NaN,99.865,99.85,99.85,99.85,99.85,99.85,99.85,99.85,99.85,99.85,99.85,99.85,99.85,99.85,99.85,99.85,99.85,99.85,99.85,99.85,99.85,99.85,99.85,99.85,99.85,99.85,99.85,99.85,99.85,99.85,99.85,99.85,99.85,99.85,99.85,99.85
2020-12-22,NaN,NaN,NaN,NaN,NaN,NaN,NaN,NaN,NaN,NaN,NaN,NaN,NaN,NaN,NaN,NaN,NaN,NaN,NaN,NaN,NaN,NaN,NaN,NaN,NaN,NaN,NaN,NaN,NaN,NaN,NaN,NaN,NaN,99.91,118121.0,4001.0,99.91,152524.0,11346.0,99.915,149472.0,3121.0,99.92,79833.0,3475.0,99.925,102529.0,3258.0,99.925,77691.0,9143.0,99.925,61427.0,302.0,99.925,75171.0,913.0,99.925,49744.0,1146.0,99.925,23269.0,196.0,99.92,34035.0,708.0,99.92,37886.0,1085.0,99.92,17279.0,378.0,99.92,28385.0,213.0,99.915,22039.0,1786.0,99.915,13834.0,1489.0,99.915,29157.0,702.0,99.915,22068.0,162.0,99.915,1328.0,47.0,99.91,3201.0,31.0,99.905,493.0,10.0,99.895,16.0,NaN,99.895,86.0,67.0,99.89,8.0,1.0,99.865,99.85,99.85,99.85,99.85,99.85,99.85,99.85,99.85,99.85,99.85,99.85,99.85,99.85,99.85,99.85,99.85,99.85,99.85,99.85,99.85,99.85,99.85,99.85,99.85,99.85,99.85,99.85,99.85,99.85,99.85,99.85,99.85,99.85,99.85,99.85
2020-12-23,NaN,NaN,NaN,NaN,NaN,NaN,NaN,NaN,NaN,NaN,NaN,NaN,NaN,NaN,NaN,NaN,NaN,NaN,NaN,NaN,NaN,NaN,NaN,NaN,NaN,NaN,NaN,NaN,NaN,NaN,NaN,NaN,NaN,99.91,117317.0,4204.0,99.91,151536.0,8143.0,99.92,147227.0,17360.0,99.925,79883.0,4896.0,99.93,102375.0,3894.0,99.93,79468.0,12273.0,99.93,60109.0,2345.0,99.93,75407.0,1697.0,99.925,49718.0,95.0,99.925,23311.0,383.0,99.92,33969.0,794.0,99.92,37882.0,1634.0,99.92,18012.0,1190.0,99.92,27958.0,735.0,99.915,22059.0,444.0,99.915,13769.0,267.0,99.915,29497.0,952.0,99.915,22456.0,726.0,99.915,1564.0,399.0,99.91,3203.0,18.0,99.905,493.0,9.0,99.895,18.0,2.0,99.895,86.0,2.0,99.89,8.0,2.0,99.865,99.85,99.85,99.85,99.85,99.85,99.85,99.85,99.85,99.85,99.85,99.85,99.85,99.85,99.85,99.85,99.85,99.85,99.85,99.85,99.85,99.85,99.85,99.85,99.85,99.85,99.85,99.85,99.85,99.85,99.85,99.85,99.85,99.85,99.85,99.85
2020-12-24,NaN,NaN,NaN,NaN,NaN,NaN,NaN,NaN,NaN,NaN,NaN,NaN,NaN,NaN,NaN,NaN,NaN,NaN,NaN,NaN,NaN,NaN,NaN,NaN,NaN,NaN,NaN,NaN,NaN,NaN,NaN,NaN,NaN,99.9125,117223.0,288.0,99.915,154037.0,13761.0,99.92,147437.0,4239.0,99.925,78859.0,3139.0,99.93,102691.0,2791.0,99.93,81158.0,5121.0,99.925,60111.0,271.0,99.925,75424.0,144.0,99.925,47040.0,4685.0,99.925,23309.0,27.0,99.92,33454.0,1300.0,99.92,38076.0,438.0,99.92,17997.0,49.0,99.92,27965.0,214.0,99.915,22044.0,199.0,99.915,13761.0,52.0,99.915,29466.0,415.0,99.915,22494.0,212.0,99.915,1662.0,163.0,99.915,3731.0,544.0,99.91,493.0,13.0,99.9,18.0,NaN,99.9,86.0,NaN,99.895,8.0,NaN,99.87,99.855,99.855,99.855,99.855,99.855,99.855,99.855,99.855,99.855,99.855,99.855,99.855,99.855,99.855,99.855,99.855,99.855,99.855,99.855,99.855,99.855,99.855,99.855,99.855,99.855,99.855,99.855,99.855,99.855,99.855,99.855,99.855,99.855,99.855,99.855
2020-12-28,NaN,NaN,NaN,NaN,NaN,NaN,NaN,NaN,NaN,NaN,NaN,NaN,NaN,NaN,NaN,NaN,NaN,NaN,NaN,NaN,NaN,NaN,NaN,NaN,NaN,NaN,NaN,NaN,NaN,NaN,NaN,NaN,NaN,99.9075,116644.0,1221.0,99.915,155206.0,4939.0,99.92,148877.0,2783.0,99.925,78944.0,2060.0,99.925,102842.0,837.0,99.925,80903.0,517.0,99.925,60119.0,152.0,99.925,74825.0,866.0,99.92,47010.0,293.0,99.92,23176.0,621.0,99.915,33455.0,34.0,99.915,38074.0,6.0,99.915,18005.0,17.0,99.915,27934.0,48.0,99.91,22040.0,24.0,99.91,13783.0,53.0,99.91,29466.0,47.0,99.91,22464.0,61.0,99.91,1683.0,35.0,99.91,3722.0,10.0,99.905,493.0,NaN,99.895,18.0,NaN,99.895,86.0,NaN,99.89,8.0,NaN,99.865,99.85,99.85,99.85,99.85,99.85,99.85,99.85,99.85,99.85,99.85,99.85,99.85,99.85,99.85,99.85,99.85,99.85,99.85,99.85,99.85,99.85,99.85,99.85,99.85,99.85,99.85,99.85,99.85,99.85,99.85,99.85,99.85,99.85,99.85,99.85
2020-12-29,NaN,NaN,NaN,NaN,NaN,NaN,NaN,NaN,NaN,NaN,NaN,NaN,NaN,NaN,NaN,NaN,NaN,NaN,NaN,NaN,NaN,NaN,NaN,NaN,NaN,NaN,NaN,NaN,NaN,NaN,NaN,NaN,NaN,99.9075,116469.0,1400.0,99.915,156312.0,4815.0,99.92,149265.0,3783.0,99.925,79318.0,1009.0,99.925,102384.0,3571.0,99.925,79978.0,2029.0,99.925,60259.0,298.0,99.925,74950.0,245.0,99.92,46999.0,34.0,99.92,24774.0,1835.0,99.915,33453.0,42.0,99.915,38367.0,479.0,99.915,18045.0,376.0,99.915,27935.0,180.0,99.91,22040.0,7.0,99.91,13783.0,20.0,99.91,29466.0,NaN,99.91,22464.0,53.0,99.91,1683.0,57.0,99.91,3845.0,139.0,99.905,573.0,84.0,99.895,19.0,1.0,99.895,86.0,NaN,99.89,8.0,NaN,99.865,99.85,99.85,99.85,99.85,99.85,99.85,99.85,99.85,99.85,99.85,99.85,99.85,99.85,99.85,99.85,99.85,99.85,99.85,99.85,99.85,99.85,99.85,99.85,99.85,99.85,99.85,99.85,99.85,99.85,99.85,99.85,99.85,99.85,99.85,99.85
2020-12-30,NaN,NaN,NaN,NaN,NaN,NaN,NaN,NaN,NaN,NaN,NaN,NaN,NaN,NaN,NaN,NaN,NaN,NaN,NaN,NaN,NaN,NaN,NaN,NaN,NaN,NaN,NaN,NaN,NaN,NaN,NaN,NaN,NaN,99.9075,115449.0,2641.0,99.915,158772.0,4523.0,99.92,150287.0,2304.0,99.925,81556.0,5546.0,99.925,102829.0,2920.0,99.925,80119.0,2754.0,99.925,60266.0,12.0,99.925,76822.0,6654.0,99.92,46983.0,21.0,99.92,24687.0,593.0,99.915,33810.0,637.0,99.915,38339.0,174.0,99.915,18021.0,84.0,99.915,27949.0,89.0,99.91,22055.0,64.0,99.91,13783.0,NaN,99.91,29467.0,10.0,99.91,22543.0,147.0,99.91,1923.0,258.0,99.91,3845.0,1.0,99.905,573.0,9.0,99.895,26.0,10.0,99.895,86.0,NaN,99.89,8.0,NaN,99.865,99.85,99.85,99.85,99.85,99.85,99.85,99.85,99.85,99.85,99.85,99.85,99.85,99.85,99.85,99.85,99.85,99.85,99.85,99.85,99.85,99.85,99.85,99.85,99.85,99.85,99.85,99.85,99.85,99.85,99.85,99.85,99.85,99.85,99.85,99.85
2020-12-31,NaN,NaN,NaN,NaN,NaN,NaN,NaN,NaN,NaN,NaN,NaN,NaN,NaN,NaN,NaN,NaN,NaN,NaN,NaN,NaN,NaN,NaN,NaN,NaN,NaN,NaN,NaN,NaN,NaN,NaN,NaN,NaN,NaN,99.9125,120269.0,15788.0,99.92,158760.0,5274.0,99.92,151511.0,6630.0,99.925,83797.0,3454.0,99.93,102784.0,1036.0,99.93,79876.0,1533.0,99.925,60922.0,1123.0,99.925,76809.0,387.0,99.925,46509.0,2551.0,99.925,23017.0,2106.0,99.92,34816.0,2442.0,99.92,37633.0,2046.0,99.92,17984.0,66.0,99.92,27520.0,931.0,99.92,22949.0,2229.0,99.92,13654.0,542.0,99.92,29241.0,2407.0,99.92,22620.0,926.0,99.92,2029.0,512.0,99.92,5773.0,2110.0,99.915,573.0,NaN,99.905,27.0,1.0,99.905,87.0,1.0,99.9,8.0,NaN,99.875,99.86,99.86,99.86,99.86,99.86,99.86,99.86,99.86,99.86,99.86,99.86,99.86,99.86,99.86,99.86,99.86,99.86,99.86,99.86,99.86,99.86,99.86,99.86,99.86,99.86,99.86,99.86,99.86,99.86,99.86,99.86,99.86,99.86,99.86,99.86
