date,FFF12 Comdty|PX_LAST,FFF12 Comdty|OPEN_INT,FFF12 Comdty|PX_VOLUME,FFG12 Comdty|PX_LAST,FFG12 Comdty|OPEN_INT,FFG12 Comdty|PX_VOLUME,FFH12 Comdty|PX_LAST,FFH12 Comdty|OPEN_INT,FFH12 Comdty|PX_VOLUME,FFJ12 Comdty|PX_LAST,FFJ12 Comdty|OPEN_INT,FFJ12 Comdty|PX_VOLUME,FFK12 Comdty|PX_LAST,FFK12 Comdty|OPEN_INT,FFK12 Comdty|PX_VOLUME,FFM12 Comdty|PX_LAST,FFM12 Comdty|OPEN_INT,FFM12 Comdty|PX_VOLUME,FFN12 Comdty|PX_LAST,FFN12 Comdty|OPEN_INT,FFN12 Comdty|PX_VOLUME,FFQ12 Comdty|PX_LAST,FFQ12 Comdty|OPEN_INT,FFQ12 Comdty|PX_VOLUME,FFU12 Comdty|PX_LAST,FFU12 Comdty|OPEN_INT,FFU12 Comdty|PX_VOLUME,FFV12 Comdty|PX_LAST,FFV12 Comdty|OPEN_INT,FFV12 Comdty|PX_VOLUME,FFX12 Comdty|PX_LAST,FFX12 Comdty|OPEN_INT,FFX12 Comdty|PX_VOLUME,FFZ12 Comdty|PX_LAST,FFZ12 Comdty|OPEN_INT,FFZ12 Comdty|PX_VOLUME,FFF13 Comdty|PX_LAST,FFF13 Comdty|OPEN_INT,FFF13 Comdty|PX_VOLUME,FFG13 Comdty|PX_LAST,FFG13 Comdty|OPEN_INT,FFG13 Comdty|PX_VOLUME,FFH13 Comdty|PX_LAST,FFH13 Comdty|OPEN_INT,FFH13 Comdty|PX_VOLUME,FFJ13 Comdty|PX_LAST,FFJ13 Comdty|OPEN_INT,FFJ13 Comdty|PX_VOLUME,FFK13 Comdty|PX_LAST,FFK13 Comdty|OPEN_INT,FFK13 Comdty|PX_VOLUME,FFM13 Comdty|PX_LAST,FFM13 Comdty|OPEN_INT,FFM13 Comdty|PX_VOLUME,FFN13 Comdty|PX_LAST,FFN13 Comdty|OPEN_INT,FFN13 Comdty|PX_VOLUME,FFQ13 Comdty|PX_LAST,FFQ13 Comdty|OPEN_INT,FFQ13 Comdty|PX_VOLUME,FFU13 Comdty|PX_LAST,FFU13 Comdty|OPEN_INT,FFU13 Comdty|PX_VOLUME,FFV13 Comdty|PX_LAST,FFV13 Comdty|OPEN_INT,FFV13 Comdty|PX_VOLUME,FFX13 Comdty|PX_LAST,FFX13 Comdty|OPEN_INT,FFX13 Comdty|PX_VOLUME,FFZ13 Comdty|PX_LAST,FFZ13 Comdty|OPEN_INT,FFZ13 Comdty|PX_VOLUME,FFF14 Comdty|PX_LAST,FFF14 Comdty|OPEN_INT,FFF14 Comdty|PX_VOLUME,FFG14 Comdty|PX_LAST,FFG14 Comdty|OPEN_INT,FFG14 Comdty|PX_VOLUME,FFH14 Comdty|PX_LAST,FFH14 Comdty|OPEN_INT,FFH14 Comdty|PX_VOLUME,FFJ14 Comdty|PX_LAST,FFJ14 Comdty|OPEN_INT,FFJ14 Comdty|PX_VOLUME,FFK14 Comdty|PX_LAST,FFK14 Comdty|OPEN_INT,FFK14 Comdty|PX_VOLUME,FFM14 Comdty|PX_LAST,FFM14 Comdty|OPEN_INT,FFM14 Comdty|PX_VOLUME,FFN14 Comdty|PX_LAST,FFN14 Comdty|OPEN_INT,FFN14 Comdty|PX_VOLUME,FFQ14 Comdty|PX_LAST,FFQ14 Comdty|OPEN_INT,FFQ14 Comdty|PX_VOLUME,FFU14 Comdty|PX_LAST,FFU14 Comdty|OPEN_INT,FFU14 Comdty|PX_VOLUME,FFV14 Comdty|PX_LAST,FFV14 Comdty|OPEN_INT,FFV14 Comdty|PX_VOLUME,FFX14 Comdty|PX_LAST,FFX14 Comdty|OPEN_INT,FFX14 Comdty|PX_VOLUME,FFZ14 Comdty|PX_LAST,FFF15 Comdty|PX_LAST,FFG15 Comdty|PX_LAST,FFH15 Comdty|PX_LAST,FFJ15 Comdty|PX_LAST,FFK15 Comdty|PX_LAST,FFM15 Comdty|PX_LAST,FFN15 Comdty|PX_LAST,FFQ15 Comdty|PX_LAST,FFU15 Comdty|PX_LAST,FFV15 Comdty|PX_LAST,FFX15 Comdty|PX_LAST,FFZ15 Comdty|PX_LAST,FFF16 Comdty|PX_LAST,FFG16 Comdty|PX_LAST,FFH16 Comdty|PX_LAST,FFJ16 Comdty|PX_LAST,FFK16 Comdty|PX_LAST,FFM16 Comdty|PX_LAST,FFN16 Comdty|PX_LAST,FFQ16 Comdty|PX_LAST,FFU16 Comdty|PX_LAST,FFV16 Comdty|PX_LAST,FFX16 Comdty|PX_LAST,FFZ16 Comdty|PX_LAST,FFF17 Comdty|PX_LAST,FFG17 Comdty|PX_LAST,FFH17 Comdty|PX_LAST,FFJ17 Comdty|PX_LAST,FFK17 Comdty|PX_LAST,FFM17 Comdty|PX_LAST,FFN17 Comdty|PX_LAST,FFQ17 Comdty|PX_LAST,FFU17 Comdty|PX_LAST,FFV17 Comdty|PX_LAST,FFX17 Comdty|PX_LAST
2012-01-03,99.9225,68785.0,3346.0,99.915,54710.0,2041.0,99.915,34298.0,2417.0,99.905,36700.0,1491.0,99.9,43574.0,1225.0,99.895,30949.0,1656.0,99.885,35287.0,848.0,99.88,35838.0,2299.0,99.87,16777.0,1027.0,99.86,38963.0,1018.0,99.855,15475.0,1983.0,99.855,17334.0,1429.0,99.855,15672.0,758.0,99.845,6417.0,923.0,99.84,9372.0,994.0,99.835,10062.0,652.0,99.835,18441.0,1508.0,99.83,7071.0,2236.0,99.815,6512.0,1563.0,99.795,4349.0,1027.0,99.775,1310.0,499.0,99.76,1765.0,209.0,99.735,413.0,11.0,99.715,801.0,10.0,99.695,1440.0,24.0,99.65,382.0,9.0,99.615,156.0,NaN,99.58,38.0,NaN,99.535,23.0,NaN,99.505,34.0,NaN,99.455,10.0,NaN,99.385,103.0,3.0,99.355,30.0,NaN,99.315,100.0,NaN,99.245,NaN,NaN,99.2,NaN,NaN,NaN,NaN,NaN,NaN,NaN,NaN,NaN,NaN,NaN,NaN,NaN,NaN,NaN,NaN,NaN,NaN,NaN,NaN,NaN,NaN,NaN,NaN,NaN,NaN,NaN,NaN,NaN,NaN,NaN,NaN,NaN,NaN,NaN
2012-01-04,99.925,69344.0,3583.0,99.915,54593.0,960.0,99.915,34044.0,1634.0,99.905,37798.0,2397.0,99.9,43727.0,483.0,99.895,32022.0,2392.0,99.89,34657.0,5000.0,99.88,34228.0,4829.0,99.87,16661.0,869.0,99.86,39245.0,1193.0,99.86,15970.0,988.0,99.855,17262.0,680.0,99.855,15629.0,137.0,99.845,6350.0,320.0,99.84,9204.0,557.0,99.83,10024.0,161.0,99.825,18455.0,161.0,99.82,7167.0,214.0,99.805,6688.0,637.0,99.785,4222.0,281.0,99.765,1331.0,114.0,99.75,2079.0,368.0,99.725,418.0,56.0,99.705,801.0,1.0,99.685,1440.0,2.0,99.64,382.0,NaN,99.605,156.0,NaN,99.57,38.0,NaN,99.525,23.0,NaN,99.495,34.0,NaN,99.445,10.0,NaN,99.375,103.0,NaN,99.345,30.0,NaN,99.295,100.0,NaN,99.225,NaN,NaN,99.18,NaN,NaN,NaN,NaN,NaN,NaN,NaN,NaN,NaN,NaN,NaN,NaN,NaN,NaN,NaN,NaN,NaN,NaN,NaN,NaN,NaN,NaN,NaN,NaN,NaN,NaN,NaN,NaN,NaN,NaN,NaN,NaN,NaN,NaN,NaN
2012-01-05,99.925,69443.0,1346.0,99.92,54646.0,1352.0,99.915,34432.0,1512.0,99.91,36849.0,2811.0,99.9,43769.0,1231.0,99.895,32589.0,2362.0,99.89,34515.0,2528.0,99.885,33365.0,2866.0,99.875,16839.0,558.0,99.865,39388.0,367.0,99.865,15983.0,246.0,99.86,17254.0,212.0,99.855,15644.0,364.0,99.845,6314.0,170.0,99.84,8786.0,648.0,99.83,10017.0,229.0,99.825,18482.0,224.0,99.82,7289.0,315.0,99.805,7039.0,404.0,99.785,4150.0,115.0,99.765,1379.0,365.0,99.75,2628.0,616.0,99.725,418.0,15.0,99.705,858.0,58.0,99.685,1524.0,85.0,99.645,419.0,38.0,99.61,156.0,NaN,99.575,39.0,2.0,99.535,32.0,9.0,99.505,265.0,232.0,99.46,10.0,NaN,99.395,103.0,NaN,99.37,30.0,NaN,99.32,100.0,NaN,99.25,NaN,NaN,99.205,NaN,NaN,NaN,NaN,NaN,NaN,NaN,NaN,NaN,NaN,NaN,NaN,NaN,NaN,NaN,NaN,NaN,NaN,NaN,NaN,NaN,NaN,NaN,NaN,NaN,NaN,NaN,NaN,NaN,NaN,NaN,NaN,NaN,NaN,NaN
2012-01-06,99.9275,68918.0,992.0,99.92,54616.0,356.0,99.915,34486.0,859.0,99.91,36628.0,594.0,99.905,43986.0,2160.0,99.9,32764.0,437.0,99.895,34499.0,1506.0,99.885,33116.0,1245.0,99.88,16594.0,437.0,99.87,39395.0,1093.0,99.865,16266.0,792.0,99.865,17211.0,850.0,99.855,15616.0,136.0,99.845,6363.0,248.0,99.84,8506.0,1303.0,99.83,10339.0,876.0,99.82,18845.0,1249.0,99.815,8075.0,1082.0,99.8,7219.0,292.0,99.78,4251.0,189.0,99.77,1466.0,401.0,99.755,2699.0,114.0,99.735,848.0,432.0,99.715,979.0,141.0,99.705,1676.0,172.0,99.665,434.0,55.0,99.63,156.0,NaN,99.6,44.0,5.0,99.56,37.0,5.0,99.53,270.0,5.0,99.485,10.0,NaN,99.42,103.0,NaN,99.395,30.0,NaN,99.345,100.0,NaN,99.275,NaN,NaN,99.23,NaN,NaN,NaN,NaN,NaN,NaN,NaN,NaN,NaN,NaN,NaN,NaN,NaN,NaN,NaN,NaN,NaN,NaN,NaN,NaN,NaN,NaN,NaN,NaN,NaN,NaN,NaN,NaN,NaN,NaN,NaN,NaN,NaN,NaN,NaN
2012-01-09,99.9275,68882.0,1410.0,99.92,54001.0,2413.0,99.915,34579.0,366.0,99.91,36650.0,305.0,99.905,44057.0,218.0,99.9,33249.0,681.0,99.895,34677.0,2441.0,99.89,32982.0,1726.0,99.88,16763.0,529.0,99.87,39395.0,71.0,99.865,16360.0,98.0,99.865,17208.0,201.0,99.86,15576.0,99.0,99.85,6385.0,79.0,99.85,8545.0,135.0,99.845,10332.0,156.0,99.835,18819.0,210.0,99.83,8065.0,304.0,99.815,7393.0,401.0,99.8,4351.0,440.0,99.79,1434.0,32.0,99.775,2690.0,16.0,99.755,894.0,58.0,99.735,977.0,8.0,99.725,1686.0,10.0,99.685,434.0,60.0,99.65,156.0,NaN,99.62,44.0,NaN,99.58,37.0,NaN,99.55,270.0,NaN,99.505,10.0,NaN,99.44,103.0,NaN,99.415,30.0,NaN,99.36,100.0,10.0,99.29,NaN,NaN,99.245,NaN,NaN,NaN,NaN,NaN,NaN,NaN,NaN,NaN,NaN,NaN,NaN,NaN,NaN,NaN,NaN,NaN,NaN,NaN,NaN,NaN,NaN,NaN,NaN,NaN,NaN,NaN,NaN,NaN,NaN,NaN,NaN,NaN,NaN,NaN
2012-01-10,99.9275,68373.0,1068.0,99.92,53941.0,475.0,99.915,34653.0,599.0,99.91,36554.0,791.0,99.905,43866.0,443.0,99.905,33107.0,1438.0,99.895,35176.0,1967.0,99.89,32572.0,938.0,99.885,16827.0,561.0,99.88,39040.0,1447.0,99.875,16348.0,633.0,99.87,17561.0,811.0,99.865,15609.0,228.0,99.855,6384.0,141.0,99.855,8631.0,93.0,99.85,10331.0,60.0,99.84,18861.0,126.0,99.835,8146.0,127.0,99.82,7309.0,242.0,99.805,4285.0,70.0,99.795,1431.0,4.0,99.78,2690.0,11.0,99.76,929.0,39.0,99.74,822.0,243.0,99.73,1686.0,5.0,99.685,434.0,NaN,99.65,156.0,NaN,99.62,44.0,NaN,99.575,37.0,NaN,99.545,270.0,NaN,99.5,10.0,NaN,99.435,103.0,NaN,99.405,30.0,NaN,99.34,100.0,NaN,99.265,NaN,NaN,99.22,NaN,NaN,NaN,NaN,NaN,NaN,NaN,NaN,NaN,NaN,NaN,NaN,NaN,NaN,NaN,NaN,NaN,NaN,NaN,NaN,NaN,NaN,NaN,NaN,NaN,NaN,NaN,NaN,NaN,NaN,NaN,NaN,NaN,NaN,NaN
2012-01-11,99.925,67198.0,2421.0,99.92,53564.0,1288.0,99.915,34558.0,540.0,99.91,36729.0,2016.0,99.905,43734.0,1438.0,99.905,32634.0,1999.0,99.9,34522.0,1139.0,99.895,32443.0,750.0,99.895,16944.0,856.0,99.885,38755.0,1470.0,99.885,16709.0,938.0,99.88,17528.0,161.0,99.88,15594.0,156.0,99.87,6372.0,234.0,99.87,8722.0,185.0,99.865,10468.0,147.0,99.855,18912.0,247.0,99.85,8207.0,160.0,99.835,7545.0,257.0,99.82,4280.0,11.0,99.81,1433.0,107.0,99.795,2695.0,12.0,99.775,928.0,1.0,99.755,822.0,15.0,99.745,1747.0,70.0,99.7,510.0,76.0,99.67,156.0,NaN,99.64,64.0,20.0,99.595,42.0,5.0,99.565,276.0,6.0,99.52,10.0,NaN,99.46,103.0,NaN,99.43,30.0,NaN,99.365,100.0,NaN,99.295,NaN,NaN,99.255,NaN,NaN,NaN,NaN,NaN,NaN,NaN,NaN,NaN,NaN,NaN,NaN,NaN,NaN,NaN,NaN,NaN,NaN,NaN,NaN,NaN,NaN,NaN,NaN,NaN,NaN,NaN,NaN,NaN,NaN,NaN,NaN,NaN,NaN,NaN
2012-01-12,99.925,67181.0,1098.0,99.92,53514.0,710.0,99.915,33858.0,1348.0,99.91,37027.0,1004.0,99.905,44803.0,2910.0,99.905,32358.0,2001.0,99.9,34359.0,813.0,99.895,32530.0,797.0,99.895,17128.0,1584.0,99.89,39335.0,1572.0,99.89,16414.0,1580.0,99.89,17491.0,2507.0,99.885,15726.0,281.0,99.875,6365.0,151.0,99.875,8639.0,233.0,99.87,10418.0,229.0,99.86,18961.0,215.0,99.855,8181.0,83.0,99.84,7713.0,430.0,99.825,4289.0,11.0,99.815,1433.0,NaN,99.8,2707.0,40.0,99.78,868.0,94.0,99.76,683.0,434.0,99.75,1747.0,41.0,99.705,515.0,5.0,99.675,176.0,20.0,99.645,64.0,NaN,99.6,42.0,NaN,99.57,296.0,20.0,99.525,10.0,NaN,99.465,108.0,5.0,99.44,30.0,NaN,99.375,100.0,NaN,99.305,NaN,NaN,99.265,NaN,NaN,NaN,NaN,NaN,NaN,NaN,NaN,NaN,NaN,NaN,NaN,NaN,NaN,NaN,NaN,NaN,NaN,NaN,NaN,NaN,NaN,NaN,NaN,NaN,NaN,NaN,NaN,NaN,NaN,NaN,NaN,NaN,NaN,NaN
2012-01-13,99.925,66829.0,1028.0,99.92,53665.0,615.0,99.915,34661.0,2530.0,99.91,36624.0,1693.0,99.905,44449.0,701.0,99.905,32339.0,655.0,99.9,34861.0,1154.0,99.895,32653.0,846.0,99.895,17565.0,1417.0,99.89,40198.0,1521.0,99.89,16353.0,1056.0,99.89,17470.0,1270.0,99.885,15922.0,545.0,99.88,6382.0,104.0,99.88,8382.0,399.0,99.875,10878.0,736.0,99.865,19004.0,187.0,99.86,8190.0,110.0,99.845,7695.0,241.0,99.83,4289.0,20.0,99.82,1860.0,710.0,99.805,2816.0,122.0,99.785,844.0,47.0,99.775,765.0,212.0,99.765,1843.0,139.0,99.735,816.0,302.0,99.705,176.0,NaN,99.675,64.0,NaN,99.63,47.0,5.0,99.61,468.0,172.0,99.57,10.0,NaN,99.51,108.0,NaN,99.485,30.0,NaN,99.42,100.0,NaN,99.35,NaN,NaN,99.31,NaN,NaN,NaN,NaN,NaN,NaN,NaN,NaN,NaN,NaN,NaN,NaN,NaN,NaN,NaN,NaN,NaN,NaN,NaN,NaN,NaN,NaN,NaN,NaN,NaN,NaN,NaN,NaN,NaN,NaN,NaN,NaN,NaN,NaN,NaN
2012-01-17,99.9225,67092.0,2205.0,99.92,53882.0,1821.0,99.915,34722.0,1241.0,99.91,37027.0,1419.0,99.905,44158.0,854.0,99.905,32710.0,515.0,99.9,35033.0,417.0,99.895,32884.0,549.0,99.895,17603.0,235.0,99.89,40251.0,416.0,99.89,16323.0,47.0,99.895,17493.0,311.0,99.89,16187.0,639.0,99.885,6236.0,823.0,99.885,8375.0,469.0,99.88,11129.0,658.0,99.87,18944.0,753.0,99.865,8314.0,263.0,99.85,7832.0,166.0,99.835,4311.0,94.0,99.825,2066.0,219.0,99.81,2814.0,8.0,99.79,844.0,NaN,99.78,759.0,67.0,99.77,1852.0,51.0,99.74,817.0,3.0,99.71,176.0,NaN,99.68,69.0,5.0,99.635,52.0,5.0,99.615,473.0,5.0,99.575,10.0,NaN,99.515,107.0,1.0,99.49,30.0,NaN,99.425,100.0,NaN,99.355,NaN,NaN,99.32,NaN,NaN,NaN,NaN,NaN,NaN,NaN,NaN,NaN,NaN,NaN,NaN,NaN,NaN,NaN,NaN,NaN,NaN,NaN,NaN,NaN,NaN,NaN,NaN,NaN,NaN,NaN,NaN,NaN,NaN,NaN,NaN,NaN,NaN,NaN
2012-01-18,99.92,66658.0,1531.0,99.915,54567.0,2573.0,99.915,34863.0,1877.0,99.905,37256.0,1772.0,99.905,44690.0,1290.0,99.905,31993.0,1324.0,99.9,35170.0,557.0,99.895,33396.0,574.0,99.895,17470.0,1107.0,99.89,40344.0,372.0,99.89,16336.0,443.0,99.89,17570.0,589.0,99.885,16134.0,299.0,99.88,6312.0,671.0,99.875,8473.0,527.0,99.865,11200.0,879.0,99.855,18953.0,392.0,99.85,8385.0,113.0,99.84,7981.0,204.0,99.825,4326.0,26.0,99.815,2102.0,90.0,99.8,2740.0,87.0,99.78,842.0,14.0,99.77,764.0,5.0,99.76,1859.0,7.0,99.73,801.0,16.0,99.7,176.0,NaN,99.67,69.0,NaN,99.625,52.0,NaN,99.605,497.0,24.0,99.565,10.0,NaN,99.505,106.0,1.0,99.47,30.0,NaN,99.405,100.0,NaN,99.335,NaN,NaN,99.3,NaN,NaN,NaN,NaN,NaN,NaN,NaN,NaN,NaN,NaN,NaN,NaN,NaN,NaN,NaN,NaN,NaN,NaN,NaN,NaN,NaN,NaN,NaN,NaN,NaN,NaN,NaN,NaN,NaN,NaN,NaN,NaN,NaN,NaN,NaN
2012-01-19,99.92,66743.0,820.0,99.915,54991.0,2019.0,99.91,35057.0,2370.0,99.905,37055.0,2424.0,99.905,44029.0,1919.0,99.905,31981.0,743.0,99.9,35373.0,757.0,99.895,33627.0,345.0,99.895,17432.0,123.0,99.89,40391.0,247.0,99.89,16218.0,383.0,99.89,17696.0,939.0,99.885,16076.0,1245.0,99.88,7421.0,1818.0,99.87,8942.0,1256.0,99.86,11352.0,513.0,99.85,18960.0,334.0,99.845,8285.0,405.0,99.835,7838.0,375.0,99.82,4305.0,304.0,99.81,2199.0,211.0,99.795,2687.0,50.0,99.775,844.0,17.0,99.765,963.0,297.0,99.75,2123.0,266.0,99.715,1312.0,516.0,99.68,176.0,NaN,99.65,69.0,NaN,99.605,52.0,NaN,99.575,415.0,86.0,99.53,10.0,NaN,99.465,106.0,NaN,99.425,30.0,NaN,99.36,100.0,NaN,99.29,NaN,NaN,99.255,NaN,NaN,NaN,NaN,NaN,NaN,NaN,NaN,NaN,NaN,NaN,NaN,NaN,NaN,NaN,NaN,NaN,NaN,NaN,NaN,NaN,NaN,NaN,NaN,NaN,NaN,NaN,NaN,NaN,NaN,NaN,NaN,NaN,NaN,NaN
2012-01-20,99.9175,66712.0,9903.0,99.915,55806.0,6724.0,99.91,34587.0,6620.0,99.905,36925.0,946.0,99.905,44290.0,1417.0,99.905,31239.0,1631.0,99.9,35610.0,383.0,99.895,34165.0,743.0,99.89,17876.0,1107.0,99.89,40707.0,1260.0,99.885,16019.0,963.0,99.885,17384.0,1091.0,99.885,16412.0,1799.0,99.875,7517.0,402.0,99.865,8953.0,249.0,99.855,11334.0,327.0,99.845,19043.0,440.0,99.84,10328.0,2313.0,99.83,7745.0,384.0,99.805,4454.0,286.0,99.79,2198.0,57.0,99.775,2629.0,68.0,99.755,825.0,58.0,99.73,1070.0,573.0,99.715,2118.0,32.0,99.68,1292.0,63.0,99.645,189.0,13.0,99.615,69.0,NaN,99.57,52.0,NaN,99.54,415.0,NaN,99.495,10.0,NaN,99.43,105.0,1.0,99.39,30.0,NaN,99.325,100.0,NaN,99.255,NaN,NaN,99.22,NaN,NaN,NaN,NaN,NaN,NaN,NaN,NaN,NaN,NaN,NaN,NaN,NaN,NaN,NaN,NaN,NaN,NaN,NaN,NaN,NaN,NaN,NaN,NaN,NaN,NaN,NaN,NaN,NaN,NaN,NaN,NaN,NaN,NaN,NaN
2012-01-23,99.9175,66968.0,2957.0,99.915,55799.0,684.0,99.91,34332.0,2197.0,99.905,37017.0,1559.0,99.905,43237.0,2401.0,99.905,31995.0,2728.0,99.9,36176.0,3491.0,99.895,34891.0,2887.0,99.89,17854.0,1922.0,99.89,41633.0,1989.0,99.885,16974.0,1441.0,99.885,17479.0,229.0,99.885,16412.0,55.0,99.875,7465.0,173.0,99.865,8884.0,208.0,99.855,11346.0,75.0,99.845,19095.0,165.0,99.84,10330.0,58.0,99.83,7728.0,93.0,99.805,4498.0,63.0,99.79,2198.0,6.0,99.775,2630.0,2.0,99.755,820.0,7.0,99.73,1075.0,53.0,99.715,2123.0,6.0,99.68,1292.0,1.0,99.645,189.0,NaN,99.615,69.0,NaN,99.565,52.0,NaN,99.535,407.0,24.0,99.48,10.0,NaN,99.41,105.0,NaN,99.37,30.0,NaN,99.305,100.0,NaN,99.23,NaN,NaN,99.19,NaN,NaN,NaN,NaN,NaN,NaN,NaN,NaN,NaN,NaN,NaN,NaN,NaN,NaN,NaN,NaN,NaN,NaN,NaN,NaN,NaN,NaN,NaN,NaN,NaN,NaN,NaN,NaN,NaN,NaN,NaN,NaN,NaN,NaN,NaN
2012-01-24,99.9175,66818.0,238.0,99.915,55592.0,702.0,99.91,34633.0,838.0,99.905,36723.0,1203.0,99.905,43276.0,1254.0,99.9,31853.0,815.0,99.895,36056.0,613.0,99.895,34919.0,420.0,99.89,17873.0,1307.0,99.89,41333.0,377.0,99.885,17122.0,520.0,99.885,17661.0,771.0,99.88,16392.0,155.0,99.87,7323.0,215.0,99.86,8864.0,83.0,99.855,11346.0,121.0,99.845,19116.0,99.0,99.84,10171.0,218.0,99.83,7713.0,128.0,99.805,4505.0,85.0,99.79,2219.0,33.0,99.775,2638.0,10.0,99.755,820.0,35.0,99.74,1081.0,47.0,99.725,2048.0,89.0,99.69,1162.0,137.0,99.655,189.0,NaN,99.625,69.0,NaN,99.575,52.0,NaN,99.545,407.0,NaN,99.49,10.0,NaN,99.42,105.0,NaN,99.39,30.0,NaN,99.325,100.0,NaN,99.25,NaN,NaN,99.21,NaN,NaN,NaN,NaN,NaN,NaN,NaN,NaN,NaN,NaN,NaN,NaN,NaN,NaN,NaN,NaN,NaN,NaN,NaN,NaN,NaN,NaN,NaN,NaN,NaN,NaN,NaN,NaN,NaN,NaN,NaN,NaN,NaN,NaN,NaN
2012-01-25,99.9175,66837.0,631.0,99.915,55778.0,1389.0,99.91,35686.0,3269.0,99.905,36561.0,1122.0,99.9,43007.0,1518.0,99.9,30056.0,792.0,99.895,34100.0,661.0,99.895,34844.0,257.0,99.89,18143.0,1943.0,99.89,41216.0,1163.0,99.885,17474.0,750.0,99.885,17560.0,1047.0,99.885,16941.0,1059.0,99.875,7487.0,1940.0,99.87,9310.0,809.0,99.865,12110.0,1421.0,99.86,19727.0,1936.0,99.855,10408.0,1119.0,99.845,7774.0,606.0,99.83,4535.0,735.0,99.815,2484.0,735.0,99.8,2599.0,874.0,99.79,871.0,719.0,99.78,1954.0,1346.0,99.765,1990.0,862.0,99.73,1269.0,420.0,99.71,229.0,46.0,99.685,127.0,58.0,99.65,41.0,28.0,99.645,477.0,90.0,99.595,5.0,15.0,99.535,104.0,5.0,99.515,NaN,30.0,99.455,100.0,NaN,99.395,NaN,NaN,99.355,NaN,NaN,NaN,NaN,NaN,NaN,NaN,NaN,NaN,NaN,NaN,NaN,NaN,NaN,NaN,NaN,NaN,NaN,NaN,NaN,NaN,NaN,NaN,NaN,NaN,NaN,NaN,NaN,NaN,NaN,NaN,NaN,NaN,NaN,NaN
2012-01-26,99.9175,66795.0,3293.0,99.915,57670.0,3887.0,99.91,35809.0,827.0,99.905,36331.0,629.0,99.9,42888.0,609.0,99.9,30075.0,565.0,99.895,34187.0,596.0,99.895,34418.0,936.0,99.895,17890.0,1434.0,99.89,41528.0,688.0,99.89,17538.0,228.0,99.89,17802.0,1354.0,99.89,17432.0,1250.0,99.885,7647.0,1009.0,99.885,9114.0,304.0,99.88,12258.0,224.0,99.87,19739.0,792.0,99.865,10293.0,665.0,99.855,7774.0,61.0,99.845,4648.0,185.0,99.835,2609.0,213.0,99.825,2616.0,73.0,99.815,865.0,33.0,99.805,1976.0,195.0,99.79,2023.0,313.0,99.76,1281.0,231.0,99.74,264.0,35.0,99.715,130.0,3.0,99.69,101.0,78.0,99.685,562.0,85.0,99.635,5.0,NaN,99.585,104.0,NaN,99.57,NaN,NaN,99.51,100.0,NaN,99.45,NaN,NaN,99.41,NaN,NaN,NaN,NaN,NaN,NaN,NaN,NaN,NaN,NaN,NaN,NaN,NaN,NaN,NaN,NaN,NaN,NaN,NaN,NaN,NaN,NaN,NaN,NaN,NaN,NaN,NaN,NaN,NaN,NaN,NaN,NaN,NaN,NaN,NaN
2012-01-27,99.92,66400.0,1831.0,99.915,57673.0,856.0,99.91,36595.0,1207.0,99.905,36584.0,1441.0,99.9,42914.0,700.0,99.9,30235.0,510.0,99.895,34128.0,237.0,99.895,34715.0,616.0,99.895,18384.0,829.0,99.89,41558.0,388.0,99.885,17546.0,76.0,99.885,17955.0,1047.0,99.885,17484.0,322.0,99.88,7650.0,332.0,99.88,8522.0,882.0,99.87,12281.0,94.0,99.865,19921.0,268.0,99.86,10381.0,97.0,99.85,7789.0,24.0,99.84,4672.0,26.0,99.83,2609.0,NaN,99.82,2616.0,NaN,99.81,865.0,NaN,99.8,1996.0,122.0,99.79,2023.0,101.0,99.76,1287.0,83.0,99.74,681.0,460.0,99.715,169.0,39.0,99.69,152.0,111.0,99.685,562.0,NaN,99.635,5.0,NaN,99.585,104.0,NaN,99.56,NaN,NaN,99.5,250.0,150.0,99.44,NaN,NaN,99.4,NaN,NaN,NaN,NaN,NaN,NaN,NaN,NaN,NaN,NaN,NaN,NaN,NaN,NaN,NaN,NaN,NaN,NaN,NaN,NaN,NaN,NaN,NaN,NaN,NaN,NaN,NaN,NaN,NaN,NaN,NaN,NaN,NaN,NaN,NaN
2012-01-30,99.9175,66153.0,1682.0,99.915,57498.0,1042.0,99.91,37311.0,1741.0,99.905,36791.0,1764.0,99.9,43716.0,4167.0,99.9,30242.0,1291.0,99.9,33974.0,1574.0,99.895,34654.0,1032.0,99.895,18690.0,1155.0,99.89,41479.0,1749.0,99.885,17730.0,988.0,99.885,18051.0,675.0,99.885,17673.0,511.0,99.88,7811.0,243.0,99.88,8503.0,49.0,99.87,12283.0,6.0,99.865,19967.0,89.0,99.86,10384.0,65.0,99.85,7823.0,50.0,99.84,4650.0,23.0,99.83,2608.0,3.0,99.825,2616.0,NaN,99.815,865.0,NaN,99.805,2131.0,135.0,99.795,2028.0,5.0,99.765,1287.0,NaN,99.745,674.0,51.0,99.72,226.0,57.0,99.695,152.0,NaN,99.685,567.0,5.0,99.635,5.0,NaN,99.585,104.0,NaN,99.56,NaN,NaN,99.505,250.0,NaN,99.445,NaN,NaN,99.405,NaN,NaN,NaN,NaN,NaN,NaN,NaN,NaN,NaN,NaN,NaN,NaN,NaN,NaN,NaN,NaN,NaN,NaN,NaN,NaN,NaN,NaN,NaN,NaN,NaN,NaN,NaN,NaN,NaN,NaN,NaN,NaN,NaN,NaN,NaN
2012-01-31,99.9175,66391.0,1252.0,99.91,66096.0,10812.0,99.905,37431.0,2246.0,99.905,36869.0,784.0,99.9,44120.0,992.0,99.9,30237.0,254.0,99.9,34134.0,345.0,99.895,34705.0,331.0,99.895,18646.0,285.0,99.89,41445.0,311.0,99.885,17737.0,313.0,99.885,18069.0,518.0,99.885,17652.0,288.0,99.88,7759.0,251.0,99.875,8485.0,161.0,99.865,12270.0,21.0,99.86,19922.0,172.0,99.855,10384.0,NaN,99.845,7824.0,2.0,99.835,4640.0,34.0,99.825,2608.0,NaN,99.82,2616.0,NaN,99.81,865.0,NaN,99.805,2435.0,332.0,99.795,2058.0,44.0,99.765,1286.0,1.0,99.745,678.0,16.0,99.72,228.0,3.0,99.695,189.0,45.0,99.685,572.0,6.0,99.64,5.0,NaN,99.59,103.0,1.0,99.57,NaN,NaN,99.525,250.0,NaN,99.47,NaN,NaN,99.43,NaN,NaN,NaN,NaN,NaN,NaN,NaN,NaN,NaN,NaN,NaN,NaN,NaN,NaN,NaN,NaN,NaN,NaN,NaN,NaN,NaN,NaN,NaN,NaN,NaN,NaN,NaN,NaN,NaN,NaN,NaN,NaN,NaN,NaN,NaN
2012-02-01,NaN,NaN,NaN,99.9,72024.0,15131.0,99.895,36756.0,8400.0,99.895,38576.0,4952.0,99.895,44707.0,3638.0,99.89,29755.0,3051.0,99.89,34693.0,1195.0,99.885,37450.0,5641.0,99.88,18482.0,1807.0,99.88,41111.0,3050.0,99.875,17561.0,1269.0,99.875,17949.0,1720.0,99.87,17869.0,624.0,99.865,7894.0,436.0,99.86,8494.0,349.0,99.85,12275.0,56.0,99.845,20058.0,229.0,99.835,10422.0,89.0,99.825,7856.0,126.0,99.815,4714.0,169.0,99.81,2762.0,383.0,99.805,2710.0,131.0,99.795,868.0,62.0,99.79,2694.0,308.0,99.78,1943.0,148.0,99.75,1248.0,63.0,99.735,738.0,90.0,99.72,253.0,66.0,99.695,185.0,61.0,99.685,643.0,71.0,99.64,10.0,5.0,99.595,108.0,5.0,99.575,NaN,NaN,99.53,250.0,NaN,99.475,NaN,NaN,99.435,99.375,NaN,NaN,NaN,NaN,NaN,NaN,NaN,NaN,NaN,NaN,NaN,NaN,NaN,NaN,NaN,NaN,NaN,NaN,NaN,NaN,NaN,NaN,NaN,NaN,NaN,NaN,NaN,NaN,NaN,NaN,NaN,NaN,NaN,NaN
2012-02-02,NaN,NaN,NaN,99.895,67999.0,12976.0,99.895,36820.0,5121.0,99.895,37165.0,3756.0,99.89,43455.0,4132.0,99.89,28991.0,2753.0,99.885,36509.0,6660.0,99.88,36382.0,5061.0,99.88,18519.0,1417.0,99.875,41005.0,2500.0,99.87,17467.0,418.0,99.87,16945.0,3541.0,99.86,17736.0,4896.0,99.855,8303.0,1068.0,99.85,8583.0,696.0,99.845,12037.0,510.0,99.835,20287.0,580.0,99.835,10637.0,404.0,99.825,7979.0,215.0,99.815,4665.0,120.0,99.81,2741.0,162.0,99.805,2669.0,242.0,99.795,901.0,131.0,99.79,2705.0,153.0,99.78,1923.0,68.0,99.75,1250.0,39.0,99.735,738.0,NaN,99.72,248.0,5.0,99.695,185.0,NaN,99.68,648.0,5.0,99.635,10.0,NaN,99.59,108.0,NaN,99.57,NaN,NaN,99.525,250.0,NaN,99.47,NaN,NaN,99.435,99.38,NaN,NaN,NaN,NaN,NaN,NaN,NaN,NaN,NaN,NaN,NaN,NaN,NaN,NaN,NaN,NaN,NaN,NaN,NaN,NaN,NaN,NaN,NaN,NaN,NaN,NaN,NaN,NaN,NaN,NaN,NaN,NaN,NaN,NaN
2012-02-03,NaN,NaN,NaN,99.895,68488.0,5548.0,99.89,37722.0,3815.0,99.89,36598.0,2515.0,99.885,43651.0,2661.0,99.885,30185.0,6129.0,99.88,36203.0,3815.0,99.875,35746.0,1786.0,99.87,18418.0,1063.0,99.87,40900.0,1843.0,99.865,17549.0,1650.0,99.865,18218.0,4336.0,99.86,16910.0,4969.0,99.855,7433.0,6144.0,99.85,10176.0,6453.0,99.845,11857.0,1759.0,99.83,19403.0,4788.0,99.825,10653.0,1249.0,99.815,8142.0,1146.0,99.805,5037.0,930.0,99.795,2965.0,1337.0,99.785,2822.0,1004.0,99.77,1277.0,1027.0,99.755,3008.0,862.0,99.735,2202.0,444.0,99.705,1268.0,203.0,99.685,710.0,56.0,99.66,233.0,28.0,99.625,335.0,150.0,99.605,671.0,31.0,99.56,180.0,170.0,99.515,110.0,8.0,99.48,NaN,NaN,99.435,250.0,NaN,99.38,NaN,NaN,99.345,99.29,NaN,NaN,NaN,NaN,NaN,NaN,NaN,NaN,NaN,NaN,NaN,NaN,NaN,NaN,NaN,NaN,NaN,NaN,NaN,NaN,NaN,NaN,NaN,NaN,NaN,NaN,NaN,NaN,NaN,NaN,NaN,NaN,NaN,NaN
2012-02-06,NaN,NaN,NaN,99.89,64902.0,10288.0,99.89,38833.0,12184.0,99.89,37551.0,4210.0,99.885,42883.0,2194.0,99.88,29846.0,887.0,99.875,36317.0,1804.0,99.87,35497.0,2115.0,99.865,18864.0,2457.0,99.86,41173.0,2575.0,99.86,18714.0,3381.0,99.86,18552.0,2333.0,99.855,17820.0,1924.0,99.85,7730.0,1485.0,99.85,10651.0,1976.0,99.845,13481.0,2638.0,99.83,19013.0,1163.0,99.825,10807.0,305.0,99.815,8139.0,177.0,99.805,5029.0,182.0,99.795,3109.0,326.0,99.785,2943.0,310.0,99.77,1318.0,229.0,99.76,2976.0,412.0,99.745,2525.0,496.0,99.715,1227.0,162.0,99.695,810.0,100.0,99.675,328.0,105.0,99.64,435.0,100.0,99.62,802.0,131.0,99.59,305.0,125.0,99.545,230.0,120.0,99.51,105.0,105.0,99.465,270.0,20.0,99.41,NaN,NaN,99.37,99.31,NaN,NaN,NaN,NaN,NaN,NaN,NaN,NaN,NaN,NaN,NaN,NaN,NaN,NaN,NaN,NaN,NaN,NaN,NaN,NaN,NaN,NaN,NaN,NaN,NaN,NaN,NaN,NaN,NaN,NaN,NaN,NaN,NaN,NaN
2012-02-07,NaN,NaN,NaN,99.89,66643.0,8730.0,99.89,41789.0,11679.0,99.89,37635.0,5011.0,99.885,42735.0,4979.0,99.88,32271.0,6649.0,99.875,38230.0,6312.0,99.87,35426.0,2794.0,99.865,21253.0,3999.0,99.855,42284.0,2523.0,99.85,18581.0,3476.0,99.85,19410.0,2772.0,99.845,18794.0,2794.0,99.835,7657.0,1739.0,99.825,10860.0,3014.0,99.815,13413.0,1462.0,99.8,19005.0,1859.0,99.795,11069.0,1013.0,99.785,8375.0,1472.0,99.775,5178.0,745.0,99.765,3214.0,700.0,99.755,3184.0,871.0,99.74,2055.0,934.0,99.73,4060.0,1393.0,99.715,2527.0,109.0,99.685,1117.0,174.0,99.66,810.0,5.0,99.635,330.0,5.0,99.595,435.0,32.0,99.575,824.0,48.0,99.54,305.0,NaN,99.49,230.0,NaN,99.445,105.0,NaN,99.4,270.0,NaN,99.345,NaN,NaN,99.305,99.245,NaN,NaN,NaN,NaN,NaN,NaN,NaN,NaN,NaN,NaN,NaN,NaN,NaN,NaN,NaN,NaN,NaN,NaN,NaN,NaN,NaN,NaN,NaN,NaN,NaN,NaN,NaN,NaN,NaN,NaN,NaN,NaN,NaN,NaN
2012-02-08,NaN,NaN,NaN,99.89,67127.0,4447.0,99.89,43203.0,3618.0,99.89,38386.0,2982.0,99.885,41772.0,2047.0,99.88,29090.0,1655.0,99.875,35930.0,1259.0,99.87,35374.0,682.0,99.865,21692.0,1368.0,99.855,42523.0,1733.0,99.85,18802.0,2201.0,99.85,20189.0,3022.0,99.84,18572.0,1632.0,99.83,7510.0,2145.0,99.825,10301.0,1814.0,99.81,13367.0,799.0,99.79,18443.0,1128.0,99.785,11056.0,272.0,99.775,8282.0,272.0,99.765,5200.0,304.0,99.755,3242.0,736.0,99.745,3376.0,501.0,99.73,2331.0,614.0,99.72,4064.0,245.0,99.705,2770.0,281.0,99.675,1118.0,14.0,99.65,948.0,141.0,99.625,371.0,41.0,99.585,435.0,NaN,99.565,824.0,NaN,99.53,305.0,NaN,99.48,230.0,NaN,99.435,105.0,NaN,99.39,270.0,NaN,99.335,NaN,NaN,99.295,99.235,NaN,NaN,NaN,NaN,NaN,NaN,NaN,NaN,NaN,NaN,NaN,NaN,NaN,NaN,NaN,NaN,NaN,NaN,NaN,NaN,NaN,NaN,NaN,NaN,NaN,NaN,NaN,NaN,NaN,NaN,NaN,NaN,NaN,NaN
2012-02-09,NaN,NaN,NaN,99.885,70502.0,8380.0,99.88,44944.0,7255.0,99.88,38961.0,7349.0,99.88,41872.0,3493.0,99.88,28544.0,2606.0,99.875,35715.0,2096.0,99.865,35432.0,972.0,99.86,21498.0,2430.0,99.85,43827.0,1999.0,99.845,18822.0,1239.0,99.845,20348.0,2600.0,99.835,19051.0,2485.0,99.825,7101.0,1335.0,99.82,10380.0,2119.0,99.81,13487.0,1557.0,99.79,18384.0,1167.0,99.78,11077.0,169.0,99.77,8200.0,211.0,99.755,5192.0,95.0,99.745,3116.0,289.0,99.73,3571.0,411.0,99.715,2499.0,365.0,99.695,4316.0,457.0,99.68,2952.0,601.0,99.65,1073.0,61.0,99.625,1168.0,220.0,99.6,371.0,NaN,99.56,435.0,1.0,99.54,824.0,1.0,99.5,305.0,NaN,99.44,230.0,NaN,99.395,105.0,NaN,99.35,270.0,NaN,99.29,NaN,NaN,99.25,99.19,NaN,NaN,NaN,NaN,NaN,NaN,NaN,NaN,NaN,NaN,NaN,NaN,NaN,NaN,NaN,NaN,NaN,NaN,NaN,NaN,NaN,NaN,NaN,NaN,NaN,NaN,NaN,NaN,NaN,NaN,NaN,NaN,NaN,NaN
2012-02-10,NaN,NaN,NaN,99.8825,69695.0,10080.0,99.87,47449.0,7238.0,99.87,39426.0,6022.0,99.87,41582.0,4544.0,99.87,29415.0,3271.0,99.87,35892.0,596.0,99.86,35115.0,1513.0,99.855,21354.0,832.0,99.85,43834.0,986.0,99.845,18882.0,1741.0,99.845,20400.0,1431.0,99.835,18373.0,1723.0,99.825,7190.0,790.0,99.82,10702.0,921.0,99.815,13665.0,1369.0,99.8,18361.0,442.0,99.795,11069.0,323.0,99.785,8206.0,91.0,99.77,5200.0,89.0,99.76,3112.0,132.0,99.745,3582.0,148.0,99.73,2490.0,63.0,99.71,4306.0,333.0,99.695,3474.0,750.0,99.665,1312.0,389.0,99.64,1348.0,268.0,99.615,375.0,6.0,99.58,435.0,5.0,99.56,829.0,10.0,99.52,315.0,25.0,99.47,240.0,21.0,99.435,115.0,10.0,99.395,270.0,NaN,99.335,NaN,NaN,99.295,99.235,NaN,NaN,NaN,NaN,NaN,NaN,NaN,NaN,NaN,NaN,NaN,NaN,NaN,NaN,NaN,NaN,NaN,NaN,NaN,NaN,NaN,NaN,NaN,NaN,NaN,NaN,NaN,NaN,NaN,NaN,NaN,NaN,NaN,NaN
2012-02-13,NaN,NaN,NaN,99.88,68833.0,4012.0,99.87,49366.0,5141.0,99.87,39289.0,2900.0,99.87,41478.0,2026.0,99.87,29247.0,2091.0,99.865,37683.0,2822.0,99.86,35023.0,986.0,99.855,22194.0,1762.0,99.85,43599.0,1541.0,99.845,18869.0,199.0,99.845,20588.0,389.0,99.835,18271.0,235.0,99.825,7216.0,312.0,99.82,10796.0,468.0,99.815,13630.0,527.0,99.795,18343.0,819.0,99.79,11091.0,157.0,99.78,8227.0,44.0,99.76,5170.0,83.0,99.75,3112.0,63.0,99.735,3726.0,169.0,99.72,2528.0,237.0,99.705,4471.0,209.0,99.69,3541.0,91.0,99.66,1294.0,31.0,99.635,1348.0,NaN,99.61,375.0,NaN,99.575,435.0,1.0,99.555,829.0,NaN,99.515,315.0,NaN,99.465,240.0,NaN,99.425,115.0,NaN,99.385,270.0,NaN,99.32,NaN,NaN,99.275,99.215,NaN,NaN,NaN,NaN,NaN,NaN,NaN,NaN,NaN,NaN,NaN,NaN,NaN,NaN,NaN,NaN,NaN,NaN,NaN,NaN,NaN,NaN,NaN,NaN,NaN,NaN,NaN,NaN,NaN,NaN,NaN,NaN,NaN,NaN
2012-02-14,NaN,NaN,NaN,99.88,68705.0,1483.0,99.87,49442.0,2591.0,99.87,38281.0,2926.0,99.87,42358.0,3236.0,99.87,31490.0,3867.0,99.865,37428.0,3098.0,99.855,34934.0,2223.0,99.85,22363.0,840.0,99.84,43449.0,1800.0,99.835,18847.0,1968.0,99.835,21798.0,2067.0,99.83,18312.0,668.0,99.82,7330.0,436.0,99.815,11059.0,562.0,99.805,13700.0,291.0,99.79,18410.0,406.0,99.785,11300.0,633.0,99.775,8368.0,276.0,99.755,5138.0,197.0,99.745,3083.0,395.0,99.73,3790.0,260.0,99.715,2887.0,386.0,99.7,4908.0,622.0,99.685,3700.0,340.0,99.655,1209.0,132.0,99.63,1392.0,44.0,99.605,361.0,14.0,99.575,435.0,NaN,99.555,829.0,NaN,99.525,333.0,20.0,99.475,255.0,17.0,99.445,125.0,10.0,99.405,277.0,7.0,99.34,NaN,NaN,99.3,99.265,NaN,NaN,NaN,NaN,NaN,NaN,NaN,NaN,NaN,NaN,NaN,NaN,NaN,NaN,NaN,NaN,NaN,NaN,NaN,NaN,NaN,NaN,NaN,NaN,NaN,NaN,NaN,NaN,NaN,NaN,NaN,NaN,NaN,NaN
2012-02-15,NaN,NaN,NaN,99.8825,67134.0,2795.0,99.875,50298.0,6889.0,99.875,38679.0,3253.0,99.875,42883.0,3528.0,99.875,32124.0,3280.0,99.87,37579.0,2501.0,99.86,34812.0,2263.0,99.855,22638.0,1612.0,99.845,42758.0,3337.0,99.84,18899.0,1329.0,99.84,21344.0,2046.0,99.835,18205.0,1114.0,99.825,8376.0,2522.0,99.82,11122.0,1045.0,99.815,14058.0,762.0,99.8,18432.0,761.0,99.79,11281.0,157.0,99.785,8373.0,171.0,99.76,5075.0,242.0,99.75,3082.0,280.0,99.735,3902.0,223.0,99.72,2978.0,214.0,99.705,5047.0,440.0,99.69,4079.0,509.0,99.67,1207.0,12.0,99.645,1392.0,1.0,99.62,361.0,NaN,99.595,435.0,10.0,99.575,830.0,11.0,99.545,338.0,5.0,99.495,260.0,6.0,99.465,135.0,10.0,99.425,282.0,5.0,99.36,NaN,NaN,99.325,99.29,NaN,NaN,NaN,NaN,NaN,NaN,NaN,NaN,NaN,NaN,NaN,NaN,NaN,NaN,NaN,NaN,NaN,NaN,NaN,NaN,NaN,NaN,NaN,NaN,NaN,NaN,NaN,NaN,NaN,NaN,NaN,NaN,NaN,NaN
2012-02-16,NaN,NaN,NaN,99.8825,67030.0,4133.0,99.875,50890.0,5565.0,99.875,40518.0,4369.0,99.875,43399.0,2588.0,99.875,32800.0,1685.0,99.87,36106.0,5892.0,99.865,32774.0,3801.0,99.855,22880.0,2097.0,99.845,43686.0,2447.0,99.84,20182.0,2268.0,99.84,21795.0,2227.0,99.83,18130.0,592.0,99.82,8660.0,1326.0,99.815,11483.0,773.0,99.81,14052.0,508.0,99.795,18494.0,593.0,99.79,11297.0,181.0,99.78,8367.0,143.0,99.76,5067.0,150.0,99.75,3124.0,195.0,99.735,4011.0,208.0,99.715,2794.0,308.0,99.7,5047.0,327.0,99.685,4046.0,260.0,99.65,1171.0,90.0,99.625,1516.0,175.0,99.6,430.0,69.0,99.56,435.0,20.0,99.53,811.0,20.0,99.5,338.0,NaN,99.45,260.0,NaN,99.42,135.0,NaN,99.375,282.0,NaN,99.31,2.0,2.0,99.275,99.24,NaN,NaN,NaN,NaN,NaN,NaN,NaN,NaN,NaN,NaN,NaN,NaN,NaN,NaN,NaN,NaN,NaN,NaN,NaN,NaN,NaN,NaN,NaN,NaN,NaN,NaN,NaN,NaN,NaN,NaN,NaN,NaN,NaN,NaN
2012-02-17,NaN,NaN,NaN,99.89,66564.0,4026.0,99.885,52462.0,5983.0,99.885,42406.0,3142.0,99.88,44100.0,1516.0,99.88,34180.0,2825.0,99.875,36392.0,799.0,99.87,32648.0,1051.0,99.86,23265.0,741.0,99.855,43750.0,950.0,99.845,20139.0,882.0,99.845,21795.0,1026.0,99.835,17506.0,1397.0,99.825,8601.0,373.0,99.815,11474.0,380.0,99.81,14153.0,209.0,99.795,18513.0,403.0,99.79,11297.0,164.0,99.78,8381.0,107.0,99.76,5115.0,124.0,99.75,3205.0,181.0,99.735,4187.0,216.0,99.715,2805.0,102.0,99.7,5164.0,273.0,99.685,4102.0,204.0,99.645,1168.0,156.0,99.62,1617.0,152.0,99.595,430.0,NaN,99.555,435.0,4.0,99.525,764.0,58.0,99.495,338.0,NaN,99.445,260.0,NaN,99.41,135.0,NaN,99.365,282.0,NaN,99.3,2.0,NaN,99.26,99.21,NaN,NaN,NaN,NaN,NaN,NaN,NaN,NaN,NaN,NaN,NaN,NaN,NaN,NaN,NaN,NaN,NaN,NaN,NaN,NaN,NaN,NaN,NaN,NaN,NaN,NaN,NaN,NaN,NaN,NaN,NaN,NaN,NaN,NaN
2012-02-21,NaN,NaN,NaN,99.8925,69286.0,6077.0,99.89,52796.0,8097.0,99.89,43106.0,2601.0,99.885,44475.0,2920.0,99.885,34093.0,1134.0,99.88,38034.0,3588.0,99.87,33497.0,1395.0,99.865,23461.0,1182.0,99.855,43502.0,1392.0,99.845,19878.0,2807.0,99.845,22300.0,2223.0,99.835,18084.0,1748.0,99.825,8723.0,348.0,99.815,11318.0,536.0,99.805,14365.0,725.0,99.785,18893.0,1082.0,99.775,11334.0,553.0,99.765,8628.0,422.0,99.745,5207.0,366.0,99.735,3281.0,361.0,99.72,4427.0,359.0,99.7,2930.0,202.0,99.685,5143.0,170.0,99.67,4108.0,48.0,99.63,1319.0,210.0,99.6,1639.0,103.0,99.575,430.0,NaN,99.535,435.0,2.0,99.505,764.0,2.0,99.475,338.0,NaN,99.42,260.0,NaN,99.38,135.0,NaN,99.33,282.0,NaN,99.265,2.0,NaN,99.225,99.175,NaN,NaN,NaN,NaN,NaN,NaN,NaN,NaN,NaN,NaN,NaN,NaN,NaN,NaN,NaN,NaN,NaN,NaN,NaN,NaN,NaN,NaN,NaN,NaN,NaN,NaN,NaN,NaN,NaN,NaN,NaN,NaN,NaN,NaN
2012-02-22,NaN,NaN,NaN,99.8925,69238.0,511.0,99.89,54719.0,5436.0,99.89,42487.0,2540.0,99.885,44406.0,1395.0,99.885,33748.0,2547.0,99.88,38667.0,1610.0,99.87,33644.0,900.0,99.865,24613.0,1330.0,99.855,43708.0,704.0,99.845,20336.0,1136.0,99.845,22185.0,881.0,99.835,18111.0,484.0,99.825,8706.0,554.0,99.815,11509.0,545.0,99.81,14537.0,248.0,99.795,19165.0,538.0,99.785,11346.0,600.0,99.775,8674.0,129.0,99.755,5220.0,135.0,99.745,3429.0,208.0,99.73,4560.0,174.0,99.71,2950.0,104.0,99.695,5116.0,343.0,99.68,4203.0,129.0,99.64,1319.0,NaN,99.615,1789.0,150.0,99.59,430.0,NaN,99.555,435.0,NaN,99.525,764.0,NaN,99.495,338.0,NaN,99.445,260.0,NaN,99.41,135.0,NaN,99.365,282.0,NaN,99.3,2.0,NaN,99.26,99.21,NaN,NaN,NaN,NaN,NaN,NaN,NaN,NaN,NaN,NaN,NaN,NaN,NaN,NaN,NaN,NaN,NaN,NaN,NaN,NaN,NaN,NaN,NaN,NaN,NaN,NaN,NaN,NaN,NaN,NaN,NaN,NaN,NaN,NaN
2012-02-23,NaN,NaN,NaN,99.895,68411.0,4148.0,99.89,58303.0,11186.0,99.885,42311.0,4667.0,99.885,47367.0,5818.0,99.88,33406.0,1021.0,99.875,39278.0,3181.0,99.865,33815.0,919.0,99.86,24795.0,401.0,99.855,43785.0,522.0,99.845,20661.0,762.0,99.845,22168.0,1544.0,99.835,18194.0,884.0,99.82,8930.0,814.0,99.81,11593.0,332.0,99.805,14855.0,470.0,99.79,19253.0,292.0,99.785,11342.0,41.0,99.77,8794.0,236.0,99.75,5363.0,460.0,99.74,3629.0,353.0,99.725,4854.0,331.0,99.705,2951.0,71.0,99.69,5307.0,184.0,99.675,4290.0,143.0,99.635,1309.0,10.0,99.61,1789.0,NaN,99.585,430.0,NaN,99.55,435.0,NaN,99.525,764.0,NaN,99.495,353.0,15.0,99.445,260.0,4.0,99.41,135.0,NaN,99.365,282.0,NaN,99.3,2.0,NaN,99.26,99.21,NaN,NaN,NaN,NaN,NaN,NaN,NaN,NaN,NaN,NaN,NaN,NaN,NaN,NaN,NaN,NaN,NaN,NaN,NaN,NaN,NaN,NaN,NaN,NaN,NaN,NaN,NaN,NaN,NaN,NaN,NaN,NaN,NaN,NaN
2012-02-24,NaN,NaN,NaN,99.895,68302.0,181.0,99.885,59833.0,4705.0,99.885,42162.0,1513.0,99.88,47647.0,1739.0,99.88,33394.0,1288.0,99.87,38905.0,3076.0,99.86,34339.0,2760.0,99.855,24888.0,763.0,99.85,43980.0,689.0,99.84,20692.0,218.0,99.835,22324.0,354.0,99.825,17973.0,438.0,99.815,8900.0,558.0,99.81,11565.0,425.0,99.805,15043.0,432.0,99.79,19443.0,444.0,99.785,11367.0,188.0,99.77,8922.0,173.0,99.75,5340.0,97.0,99.74,3709.0,101.0,99.725,4884.0,69.0,99.705,2951.0,5.0,99.69,5357.0,100.0,99.67,4293.0,13.0,99.63,1309.0,3.0,99.605,1789.0,NaN,99.58,434.0,4.0,99.545,435.0,14.0,99.52,768.0,23.0,99.49,357.0,9.0,99.44,260.0,4.0,99.405,135.0,NaN,99.36,282.0,NaN,99.295,2.0,NaN,99.255,99.205,NaN,NaN,NaN,NaN,NaN,NaN,NaN,NaN,NaN,NaN,NaN,NaN,NaN,NaN,NaN,NaN,NaN,NaN,NaN,NaN,NaN,NaN,NaN,NaN,NaN,NaN,NaN,NaN,NaN,NaN,NaN,NaN,NaN,NaN
2012-02-27,NaN,NaN,NaN,99.895,68255.0,68.0,99.885,60135.0,1335.0,99.885,42752.0,1183.0,99.88,47562.0,2031.0,99.88,33281.0,1709.0,99.87,38683.0,740.0,99.86,34181.0,955.0,99.855,25433.0,934.0,99.85,44083.0,2101.0,99.84,20549.0,1425.0,99.835,23243.0,2623.0,99.825,18280.0,529.0,99.815,8831.0,1309.0,99.81,11710.0,290.0,99.805,15424.0,576.0,99.795,19845.0,641.0,99.785,11390.0,38.0,99.77,8879.0,69.0,99.755,5374.0,298.0,99.745,4457.0,849.0,99.735,5735.0,1002.0,99.715,3440.0,725.0,99.7,5549.0,1912.0,99.68,4316.0,104.0,99.645,1313.0,60.0,99.62,1750.0,59.0,99.595,478.0,44.0,99.56,435.0,NaN,99.54,768.0,3.0,99.51,360.0,3.0,99.46,260.0,NaN,99.425,135.0,NaN,99.39,282.0,NaN,99.33,2.0,NaN,99.295,99.25,NaN,NaN,NaN,NaN,NaN,NaN,NaN,NaN,NaN,NaN,NaN,NaN,NaN,NaN,NaN,NaN,NaN,NaN,NaN,NaN,NaN,NaN,NaN,NaN,NaN,NaN,NaN,NaN,NaN,NaN,NaN,NaN,NaN,NaN
2012-02-28,NaN,NaN,NaN,99.895,68200.0,65.0,99.885,59988.0,936.0,99.885,42489.0,423.0,99.88,47194.0,1829.0,99.88,32627.0,1702.0,99.87,38830.0,1152.0,99.86,34111.0,613.0,99.855,25302.0,590.0,99.85,44113.0,608.0,99.84,20693.0,851.0,99.84,22941.0,873.0,99.835,18305.0,1015.0,99.825,9096.0,1187.0,99.82,11873.0,825.0,99.815,15447.0,321.0,99.805,19819.0,173.0,99.795,11446.0,101.0,99.78,8844.0,156.0,99.765,5365.0,240.0,99.755,4582.0,399.0,99.745,5881.0,220.0,99.725,3479.0,116.0,99.71,5510.0,279.0,99.69,4329.0,40.0,99.66,1379.0,66.0,99.64,1642.0,197.0,99.615,478.0,NaN,99.585,435.0,30.0,99.565,692.0,108.0,99.535,365.0,5.0,99.49,260.0,NaN,99.455,135.0,1.0,99.42,282.0,NaN,99.36,2.0,NaN,99.325,99.28,NaN,NaN,NaN,NaN,NaN,NaN,NaN,NaN,NaN,NaN,NaN,NaN,NaN,NaN,NaN,NaN,NaN,NaN,NaN,NaN,NaN,NaN,NaN,NaN,NaN,NaN,NaN,NaN,NaN,NaN,NaN,NaN,NaN,NaN
2012-02-29,NaN,NaN,NaN,99.895,68199.0,1.0,99.885,59978.0,1115.0,99.885,43982.0,3138.0,99.88,47473.0,2085.0,99.88,32850.0,1209.0,99.87,39387.0,1353.0,99.865,34477.0,649.0,99.86,25081.0,853.0,99.855,44331.0,1094.0,99.845,20696.0,585.0,99.84,23328.0,1526.0,99.835,18267.0,904.0,99.825,9050.0,1021.0,99.82,11900.0,92.0,99.815,15507.0,306.0,99.8,19926.0,205.0,99.79,11441.0,23.0,99.775,8841.0,23.0,99.76,5479.0,208.0,99.745,4702.0,165.0,99.735,5890.0,308.0,99.715,3531.0,81.0,99.695,5758.0,909.0,99.675,4593.0,272.0,99.645,1601.0,261.0,99.625,1642.0,1.0,99.6,478.0,NaN,99.57,435.0,NaN,99.55,692.0,1.0,99.52,366.0,2.0,99.47,260.0,NaN,99.425,285.0,160.0,99.39,282.0,NaN,99.33,92.0,92.0,99.295,99.245,NaN,NaN,NaN,NaN,NaN,NaN,NaN,NaN,NaN,NaN,NaN,NaN,NaN,NaN,NaN,NaN,NaN,NaN,NaN,NaN,NaN,NaN,NaN,NaN,NaN,NaN,NaN,NaN,NaN,NaN,NaN,NaN,NaN,NaN
2012-03-01,NaN,NaN,NaN,NaN,NaN,NaN,99.885,60708.0,1296.0,99.885,43595.0,2821.0,99.885,47964.0,1608.0,99.88,33086.0,350.0,99.875,39644.0,1614.0,99.865,34465.0,85.0,99.86,25081.0,120.0,99.855,44459.0,212.0,99.845,20735.0,205.0,99.84,23474.0,425.0,99.835,18345.0,383.0,99.825,9232.0,377.0,99.82,12027.0,205.0,99.815,15613.0,373.0,99.8,20022.0,336.0,99.795,11702.0,502.0,99.78,8986.0,431.0,99.76,5529.0,143.0,99.74,4689.0,30.0,99.73,5982.0,377.0,99.71,3641.0,245.0,99.69,5803.0,112.0,99.67,4696.0,169.0,99.64,1713.0,247.0,99.615,1669.0,106.0,99.59,483.0,5.0,99.555,435.0,NaN,99.53,692.0,NaN,99.5,366.0,NaN,99.45,260.0,NaN,99.405,285.0,NaN,99.37,282.0,NaN,99.31,92.0,NaN,99.27,99.22,99.15,NaN,NaN,NaN,NaN,NaN,NaN,NaN,NaN,NaN,NaN,NaN,NaN,NaN,NaN,NaN,NaN,NaN,NaN,NaN,NaN,NaN,NaN,NaN,NaN,NaN,NaN,NaN,NaN,NaN,NaN,NaN,NaN,NaN
2012-03-02,NaN,NaN,NaN,NaN,NaN,NaN,99.89,61373.0,4404.0,99.885,43847.0,3645.0,99.885,47866.0,729.0,99.88,33101.0,1556.0,99.875,39594.0,750.0,99.87,34164.0,953.0,99.865,24665.0,1224.0,99.86,44045.0,2335.0,99.85,20585.0,1356.0,99.845,23678.0,3338.0,99.84,17902.0,2083.0,99.83,9180.0,936.0,99.825,12147.0,553.0,99.815,15882.0,703.0,99.8,20054.0,835.0,99.795,11861.0,398.0,99.78,9521.0,686.0,99.76,5599.0,195.0,99.74,4810.0,164.0,99.73,6037.0,204.0,99.71,3743.0,236.0,99.69,5945.0,740.0,99.67,4715.0,23.0,99.645,1712.0,17.0,99.62,1669.0,1.0,99.595,444.0,49.0,99.565,450.0,51.0,99.54,693.0,5.0,99.51,373.0,7.0,99.46,260.0,NaN,99.425,285.0,NaN,99.39,370.0,88.0,99.33,150.0,178.0,99.29,99.24,99.175,NaN,NaN,NaN,NaN,NaN,NaN,NaN,NaN,NaN,NaN,NaN,NaN,NaN,NaN,NaN,NaN,NaN,NaN,NaN,NaN,NaN,NaN,NaN,NaN,NaN,NaN,NaN,NaN,NaN,NaN,NaN,NaN,NaN
2012-03-05,NaN,NaN,NaN,NaN,NaN,NaN,99.89,61300.0,1160.0,99.885,44238.0,817.0,99.885,47888.0,508.0,99.88,33303.0,432.0,99.875,40136.0,1304.0,99.87,33854.0,2139.0,99.865,24458.0,2314.0,99.855,45394.0,3387.0,99.845,21556.0,5048.0,99.84,24175.0,3073.0,99.83,17642.0,1399.0,99.82,9608.0,2125.0,99.815,11984.0,1195.0,99.805,15640.0,503.0,99.785,20194.0,662.0,99.775,11940.0,340.0,99.76,9515.0,166.0,99.735,5731.0,242.0,99.715,4886.0,104.0,99.705,6067.0,178.0,99.685,3786.0,182.0,99.665,5964.0,343.0,99.645,4878.0,304.0,99.62,1818.0,107.0,99.595,1670.0,1.0,99.57,444.0,NaN,99.54,469.0,19.0,99.515,693.0,NaN,99.485,395.0,22.0,99.435,410.0,150.0,99.4,305.0,29.0,99.365,394.0,24.0,99.305,228.0,106.0,99.27,99.22,99.155,NaN,NaN,NaN,NaN,NaN,NaN,NaN,NaN,NaN,NaN,NaN,NaN,NaN,NaN,NaN,NaN,NaN,NaN,NaN,NaN,NaN,NaN,NaN,NaN,NaN,NaN,NaN,NaN,NaN,NaN,NaN,NaN,NaN
2012-03-06,NaN,NaN,NaN,NaN,NaN,NaN,99.89,61307.0,197.0,99.885,44669.0,1485.0,99.885,48249.0,1792.0,99.88,33809.0,1510.0,99.875,39982.0,1960.0,99.87,34030.0,792.0,99.865,24447.0,1269.0,99.855,45322.0,110.0,99.845,21552.0,750.0,99.84,24113.0,1337.0,99.83,17888.0,754.0,99.82,9725.0,1118.0,99.815,11618.0,1173.0,99.805,15586.0,491.0,99.795,20496.0,652.0,99.785,11946.0,191.0,99.77,9550.0,174.0,99.75,5711.0,95.0,99.73,4890.0,84.0,99.72,6135.0,109.0,99.7,3808.0,61.0,99.685,5949.0,182.0,99.67,4872.0,58.0,99.645,1818.0,NaN,99.62,1670.0,NaN,99.595,444.0,NaN,99.565,469.0,NaN,99.54,693.0,NaN,99.51,395.0,NaN,99.47,410.0,38.0,99.435,305.0,38.0,99.405,432.0,38.0,99.345,228.0,NaN,99.31,99.26,99.195,NaN,NaN,NaN,NaN,NaN,NaN,NaN,NaN,NaN,NaN,NaN,NaN,NaN,NaN,NaN,NaN,NaN,NaN,NaN,NaN,NaN,NaN,NaN,NaN,NaN,NaN,NaN,NaN,NaN,NaN,NaN,NaN,NaN
2012-03-07,NaN,NaN,NaN,NaN,NaN,NaN,99.89,61792.0,5029.0,99.885,44391.0,2505.0,99.885,49315.0,3265.0,99.875,34296.0,5691.0,99.87,41541.0,6769.0,99.865,34727.0,2873.0,99.86,25234.0,2937.0,99.85,45159.0,1094.0,99.84,21472.0,891.0,99.835,24264.0,1889.0,99.825,17773.0,1137.0,99.815,9864.0,1317.0,99.805,11653.0,655.0,99.8,15373.0,1142.0,99.785,20548.0,874.0,99.77,11845.0,473.0,99.755,9599.0,158.0,99.735,5598.0,180.0,99.715,4969.0,153.0,99.705,6053.0,770.0,99.685,3880.0,310.0,99.67,6147.0,588.0,99.655,5269.0,498.0,99.63,1922.0,114.0,99.605,1689.0,19.0,99.58,444.0,NaN,99.55,469.0,NaN,99.525,694.0,1.0,99.495,395.0,NaN,99.455,410.0,NaN,99.42,305.0,NaN,99.39,460.0,28.0,99.33,256.0,28.0,99.295,99.245,99.18,NaN,NaN,NaN,NaN,NaN,NaN,NaN,NaN,NaN,NaN,NaN,NaN,NaN,NaN,NaN,NaN,NaN,NaN,NaN,NaN,NaN,NaN,NaN,NaN,NaN,NaN,NaN,NaN,NaN,NaN,NaN,NaN,NaN
2012-03-08,NaN,NaN,NaN,NaN,NaN,NaN,99.8875,59097.0,7770.0,99.885,44081.0,3688.0,99.88,49355.0,1795.0,99.875,34155.0,2439.0,99.865,42177.0,3632.0,99.855,34922.0,1747.0,99.85,25618.0,1360.0,99.845,44647.0,2899.0,99.84,21413.0,1087.0,99.835,25127.0,2590.0,99.825,17619.0,1467.0,99.815,9872.0,743.0,99.805,11844.0,446.0,99.8,15414.0,251.0,99.785,21294.0,1292.0,99.77,11777.0,157.0,99.755,9680.0,137.0,99.735,5675.0,367.0,99.715,5070.0,228.0,99.705,6060.0,224.0,99.68,3878.0,33.0,99.665,6214.0,346.0,99.645,5266.0,202.0,99.615,1900.0,168.0,99.59,1612.0,142.0,99.565,483.0,40.0,99.535,476.0,120.0,99.51,1473.0,1000.0,99.48,671.0,276.0,99.44,415.0,94.0,99.405,310.0,10.0,99.37,481.0,21.0,99.31,262.0,6.0,99.275,99.225,99.16,NaN,NaN,NaN,NaN,NaN,NaN,NaN,NaN,NaN,NaN,NaN,NaN,NaN,NaN,NaN,NaN,NaN,NaN,NaN,NaN,NaN,NaN,NaN,NaN,NaN,NaN,NaN,NaN,NaN,NaN,NaN,NaN,NaN
2012-03-09,NaN,NaN,NaN,NaN,NaN,NaN,99.885,59450.0,3411.0,99.88,44161.0,1021.0,99.88,49406.0,3147.0,99.87,34136.0,3989.0,99.865,43463.0,2928.0,99.855,34798.0,1393.0,99.85,25705.0,1454.0,99.845,44742.0,1008.0,99.84,21493.0,647.0,99.835,24819.0,1528.0,99.825,17428.0,2551.0,99.815,10040.0,604.0,99.805,12216.0,1160.0,99.795,15455.0,1075.0,99.78,21207.0,1333.0,99.76,11843.0,1375.0,99.745,9768.0,151.0,99.725,5710.0,195.0,99.705,5079.0,526.0,99.69,5971.0,443.0,99.665,3929.0,86.0,99.645,6416.0,210.0,99.625,5532.0,427.0,99.595,1840.0,240.0,99.57,1582.0,68.0,99.545,516.0,46.0,99.515,476.0,NaN,99.49,1474.0,1.0,99.46,671.0,NaN,99.42,415.0,NaN,99.385,310.0,1.0,99.35,509.0,28.0,99.29,290.0,28.0,99.255,99.205,99.14,NaN,NaN,NaN,NaN,NaN,NaN,NaN,NaN,NaN,NaN,NaN,NaN,NaN,NaN,NaN,NaN,NaN,NaN,NaN,NaN,NaN,NaN,NaN,NaN,NaN,NaN,NaN,NaN,NaN,NaN,NaN,NaN,NaN
2012-03-12,NaN,NaN,NaN,NaN,NaN,NaN,99.885,59964.0,3059.0,99.88,45442.0,5817.0,99.875,49724.0,1779.0,99.865,34286.0,1665.0,99.86,43782.0,1354.0,99.85,34639.0,1183.0,99.845,25775.0,329.0,99.84,44592.0,327.0,99.835,21485.0,197.0,99.83,24978.0,518.0,99.82,17432.0,84.0,99.81,9988.0,97.0,99.8,12237.0,150.0,99.79,15447.0,217.0,99.775,21247.0,170.0,99.76,11938.0,169.0,99.745,9902.0,194.0,99.725,5746.0,88.0,99.705,5097.0,191.0,99.69,5971.0,20.0,99.665,3921.0,29.0,99.645,6640.0,270.0,99.63,5734.0,205.0,99.6,1845.0,5.0,99.575,1583.0,1.0,99.55,516.0,NaN,99.52,476.0,NaN,99.495,1470.0,6.0,99.465,754.0,88.0,99.425,415.0,NaN,99.39,310.0,NaN,99.355,509.0,NaN,99.295,290.0,NaN,99.26,99.21,99.145,NaN,NaN,NaN,NaN,NaN,NaN,NaN,NaN,NaN,NaN,NaN,NaN,NaN,NaN,NaN,NaN,NaN,NaN,NaN,NaN,NaN,NaN,NaN,NaN,NaN,NaN,NaN,NaN,NaN,NaN,NaN,NaN,NaN
2012-03-13,NaN,NaN,NaN,NaN,NaN,NaN,99.8825,58636.0,3341.0,99.875,44112.0,4320.0,99.87,50366.0,3082.0,99.86,36715.0,6588.0,99.855,47523.0,6869.0,99.845,34809.0,1077.0,99.84,25801.0,869.0,99.835,44571.0,765.0,99.83,20947.0,1071.0,99.825,25551.0,2133.0,99.82,17686.0,1233.0,99.81,10621.0,1254.0,99.8,12263.0,439.0,99.785,15475.0,239.0,99.765,21430.0,562.0,99.755,12123.0,685.0,99.74,10159.0,593.0,99.71,5967.0,449.0,99.69,5216.0,240.0,99.67,5972.0,244.0,99.64,3945.0,270.0,99.62,6792.0,386.0,99.605,5816.0,225.0,99.57,1622.0,404.0,99.545,1647.0,112.0,99.51,516.0,NaN,99.48,476.0,1.0,99.455,1387.0,193.0,99.425,766.0,12.0,99.375,415.0,NaN,99.335,310.0,NaN,99.295,509.0,NaN,99.235,293.0,3.0,99.195,99.145,99.08,NaN,NaN,NaN,NaN,NaN,NaN,NaN,NaN,NaN,NaN,NaN,NaN,NaN,NaN,NaN,NaN,NaN,NaN,NaN,NaN,NaN,NaN,NaN,NaN,NaN,NaN,NaN,NaN,NaN,NaN,NaN,NaN,NaN
2012-03-14,NaN,NaN,NaN,NaN,NaN,NaN,99.88,57636.0,1856.0,99.875,44881.0,5333.0,99.87,51025.0,3345.0,99.86,36040.0,3932.0,99.85,47324.0,1599.0,99.845,35841.0,2128.0,99.84,25895.0,3513.0,99.83,45328.0,1429.0,99.82,21468.0,1903.0,99.815,26007.0,3337.0,99.8,18275.0,4089.0,99.785,11414.0,3481.0,99.765,11701.0,6653.0,99.745,17237.0,4169.0,99.715,21810.0,3388.0,99.695,11663.0,1336.0,99.675,10198.0,1547.0,99.645,6471.0,867.0,99.62,5264.0,376.0,99.6,5889.0,426.0,99.56,3882.0,424.0,99.53,7065.0,880.0,99.505,5937.0,482.0,99.465,1332.0,368.0,99.43,1176.0,536.0,99.395,528.0,29.0,99.35,496.0,28.0,99.32,1341.0,58.0,99.29,766.0,NaN,99.235,415.0,NaN,99.195,310.0,10.0,99.155,509.0,NaN,99.09,289.0,4.0,99.05,99.0,98.935,NaN,NaN,NaN,NaN,NaN,NaN,NaN,NaN,NaN,NaN,NaN,NaN,NaN,NaN,NaN,NaN,NaN,NaN,NaN,NaN,NaN,NaN,NaN,NaN,NaN,NaN,NaN,NaN,NaN,NaN,NaN,NaN,NaN
2012-03-15,NaN,NaN,NaN,NaN,NaN,NaN,99.8775,57928.0,4798.0,99.875,45952.0,4150.0,99.87,51201.0,2874.0,99.86,37601.0,4255.0,99.85,47541.0,1585.0,99.845,36521.0,2512.0,99.835,25987.0,3624.0,99.83,45475.0,2188.0,99.82,21279.0,1390.0,99.815,26474.0,3394.0,99.8,18161.0,2260.0,99.785,12590.0,2895.0,99.765,12024.0,1826.0,99.75,17373.0,1549.0,99.73,21837.0,1077.0,99.71,11630.0,755.0,99.685,10473.0,807.0,99.65,6882.0,897.0,99.62,5167.0,417.0,99.6,5623.0,487.0,99.565,3995.0,302.0,99.535,7170.0,520.0,99.51,5996.0,115.0,99.47,1328.0,206.0,99.435,1174.0,2.0,99.395,516.0,15.0,99.35,496.0,NaN,99.32,1332.0,115.0,99.28,764.0,2.0,99.22,415.0,NaN,99.18,310.0,NaN,99.135,509.0,NaN,99.07,289.0,NaN,99.03,98.98,98.915,NaN,NaN,NaN,NaN,NaN,NaN,NaN,NaN,NaN,NaN,NaN,NaN,NaN,NaN,NaN,NaN,NaN,NaN,NaN,NaN,NaN,NaN,NaN,NaN,NaN,NaN,NaN,NaN,NaN,NaN,NaN,NaN,NaN
2012-03-16,NaN,NaN,NaN,NaN,NaN,NaN,99.8775,57265.0,1979.0,99.87,48022.0,4373.0,99.87,51667.0,4191.0,99.86,37740.0,2164.0,99.85,47883.0,1306.0,99.845,36485.0,604.0,99.835,26146.0,990.0,99.83,45902.0,1151.0,99.82,21110.0,764.0,99.82,26520.0,856.0,99.805,18864.0,1358.0,99.79,12760.0,1651.0,99.775,12072.0,3008.0,99.76,17803.0,2249.0,99.74,22006.0,1670.0,99.725,11745.0,1288.0,99.7,10737.0,854.0,99.665,7272.0,553.0,99.635,5322.0,683.0,99.615,5791.0,432.0,99.58,4065.0,418.0,99.55,7270.0,511.0,99.525,6023.0,201.0,99.475,1469.0,229.0,99.44,1201.0,37.0,99.4,516.0,15.0,99.35,496.0,NaN,99.305,1324.0,8.0,99.265,756.0,8.0,99.205,415.0,NaN,99.165,310.0,NaN,99.12,537.0,43.0,99.05,317.0,28.0,99.01,98.955,98.885,NaN,NaN,NaN,NaN,NaN,NaN,NaN,NaN,NaN,NaN,NaN,NaN,NaN,NaN,NaN,NaN,NaN,NaN,NaN,NaN,NaN,NaN,NaN,NaN,NaN,NaN,NaN,NaN,NaN,NaN,NaN,NaN,NaN
2012-03-19,NaN,NaN,NaN,NaN,NaN,NaN,99.8725,55721.0,3598.0,99.865,47078.0,6204.0,99.865,52118.0,2270.0,99.855,38139.0,2321.0,99.845,47862.0,574.0,99.84,36542.0,590.0,99.83,26085.0,1386.0,99.825,45729.0,612.0,99.815,21043.0,284.0,99.815,27284.0,1257.0,99.805,18812.0,352.0,99.785,12815.0,1036.0,99.77,12157.0,978.0,99.75,17767.0,554.0,99.73,22119.0,1564.0,99.71,11563.0,715.0,99.685,10691.0,480.0,99.645,7375.0,570.0,99.615,5275.0,268.0,99.585,5822.0,432.0,99.545,4053.0,164.0,99.505,7469.0,164.0,99.475,6037.0,47.0,99.415,1479.0,24.0,99.375,1191.0,10.0,99.325,509.0,9.0,99.27,491.0,13.0,99.225,1318.0,8.0,99.185,756.0,NaN,99.125,415.0,NaN,99.085,310.0,NaN,99.025,541.0,4.0,98.94,321.0,4.0,98.895,98.84,98.765,NaN,NaN,NaN,NaN,NaN,NaN,NaN,NaN,NaN,NaN,NaN,NaN,NaN,NaN,NaN,NaN,NaN,NaN,NaN,NaN,NaN,NaN,NaN,NaN,NaN,NaN,NaN,NaN,NaN,NaN,NaN,NaN,NaN
2012-03-20,NaN,NaN,NaN,NaN,NaN,NaN,99.8675,58258.0,5276.0,99.86,48386.0,6143.0,99.86,52810.0,2521.0,99.85,38580.0,1042.0,99.84,48249.0,1814.0,99.83,36899.0,959.0,99.825,26595.0,1467.0,99.82,45834.0,1348.0,99.81,21112.0,730.0,99.81,26822.0,797.0,99.8,18983.0,782.0,99.78,12948.0,936.0,99.77,12289.0,527.0,99.75,17490.0,1369.0,99.72,22108.0,1521.0,99.705,11587.0,325.0,99.675,10719.0,223.0,99.63,7421.0,282.0,99.6,5260.0,135.0,99.57,5825.0,176.0,99.52,4015.0,212.0,99.48,7541.0,117.0,99.45,6079.0,62.0,99.39,1523.0,70.0,99.35,1191.0,56.0,99.3,535.0,32.0,99.245,490.0,15.0,99.21,1340.0,36.0,99.17,756.0,30.0,99.1,415.0,5.0,99.055,310.0,NaN,98.995,541.0,NaN,98.91,321.0,NaN,98.865,98.81,98.735,NaN,NaN,NaN,NaN,NaN,NaN,NaN,NaN,NaN,NaN,NaN,NaN,NaN,NaN,NaN,NaN,NaN,NaN,NaN,NaN,NaN,NaN,NaN,NaN,NaN,NaN,NaN,NaN,NaN,NaN,NaN,NaN,NaN
2012-03-21,NaN,NaN,NaN,NaN,NaN,NaN,99.8675,59151.0,1782.0,99.86,49262.0,2984.0,99.86,53068.0,4364.0,99.85,40217.0,2725.0,99.84,48722.0,2498.0,99.83,37357.0,1297.0,99.825,26965.0,822.0,99.82,46107.0,2665.0,99.815,21181.0,1959.0,99.815,27357.0,892.0,99.805,18960.0,628.0,99.785,12967.0,912.0,99.77,12716.0,930.0,99.755,17383.0,701.0,99.725,22051.0,1015.0,99.71,11312.0,719.0,99.68,10687.0,368.0,99.64,7469.0,397.0,99.61,5163.0,203.0,99.58,5796.0,96.0,99.54,3966.0,100.0,99.51,7636.0,328.0,99.485,6246.0,345.0,99.43,1442.0,192.0,99.39,1218.0,28.0,99.35,548.0,37.0,99.3,490.0,4.0,99.265,1341.0,1.0,99.225,756.0,NaN,99.16,415.0,NaN,99.115,310.0,NaN,99.055,541.0,NaN,98.985,383.0,62.0,98.94,98.885,98.81,NaN,NaN,NaN,NaN,NaN,NaN,NaN,NaN,NaN,NaN,NaN,NaN,NaN,NaN,NaN,NaN,NaN,NaN,NaN,NaN,NaN,NaN,NaN,NaN,NaN,NaN,NaN,NaN,NaN,NaN,NaN,NaN,NaN
2012-03-22,NaN,NaN,NaN,NaN,NaN,NaN,99.87,60990.0,4337.0,99.865,50604.0,3207.0,99.865,53585.0,3882.0,99.855,41035.0,1329.0,99.85,48473.0,2005.0,99.84,37856.0,1777.0,99.835,27779.0,2064.0,99.83,45869.0,1516.0,99.825,21218.0,984.0,99.82,27708.0,912.0,99.81,18516.0,1099.0,99.79,12888.0,725.0,99.775,11720.0,1869.0,99.76,17268.0,236.0,99.73,21768.0,525.0,99.71,11487.0,1329.0,99.69,10730.0,190.0,99.65,7484.0,83.0,99.62,5175.0,43.0,99.6,5847.0,66.0,99.56,3967.0,81.0,99.53,7754.0,145.0,99.505,6259.0,146.0,99.45,1337.0,641.0,99.41,1218.0,141.0,99.37,573.0,132.0,99.325,518.0,30.0,99.29,1342.0,1.0,99.25,756.0,NaN,99.185,415.0,NaN,99.14,310.0,NaN,99.085,541.0,NaN,99.015,383.0,NaN,98.97,98.915,98.84,NaN,NaN,NaN,NaN,NaN,NaN,NaN,NaN,NaN,NaN,NaN,NaN,NaN,NaN,NaN,NaN,NaN,NaN,NaN,NaN,NaN,NaN,NaN,NaN,NaN,NaN,NaN,NaN,NaN,NaN,NaN,NaN,NaN
2012-03-23,NaN,NaN,NaN,NaN,NaN,NaN,99.87,59683.0,5590.0,99.865,51632.0,6636.0,99.865,54666.0,3177.0,99.86,41620.0,1343.0,99.85,48110.0,1339.0,99.84,37563.0,2164.0,99.835,27916.0,836.0,99.83,45725.0,1474.0,99.825,21276.0,583.0,99.82,27639.0,695.0,99.81,18210.0,672.0,99.795,12797.0,136.0,99.78,11766.0,168.0,99.765,17278.0,191.0,99.74,21689.0,740.0,99.725,11289.0,1672.0,99.705,10728.0,750.0,99.665,7217.0,390.0,99.635,5173.0,17.0,99.615,5833.0,43.0,99.58,3985.0,64.0,99.55,7748.0,96.0,99.525,6272.0,95.0,99.48,1301.0,76.0,99.44,1268.0,50.0,99.4,573.0,27.0,99.355,518.0,NaN,99.32,1342.0,NaN,99.28,756.0,NaN,99.215,415.0,NaN,99.17,310.0,NaN,99.125,541.0,NaN,99.055,383.0,NaN,99.01,98.955,98.88,NaN,NaN,NaN,NaN,NaN,NaN,NaN,NaN,NaN,NaN,NaN,NaN,NaN,NaN,NaN,NaN,NaN,NaN,NaN,NaN,NaN,NaN,NaN,NaN,NaN,NaN,NaN,NaN,NaN,NaN,NaN,NaN,NaN
2012-03-26,NaN,NaN,NaN,NaN,NaN,NaN,99.87,59724.0,637.0,99.865,52595.0,2744.0,99.865,53925.0,3268.0,99.86,42766.0,4038.0,99.85,48254.0,862.0,99.84,38194.0,1487.0,99.835,29580.0,2650.0,99.83,46009.0,1179.0,99.83,21632.0,1100.0,99.825,27831.0,1047.0,99.82,18862.0,2671.0,99.81,12881.0,1416.0,99.795,11710.0,594.0,99.78,17402.0,733.0,99.76,22071.0,1429.0,99.745,11541.0,1081.0,99.725,10847.0,459.0,99.69,7171.0,643.0,99.66,5294.0,566.0,99.64,5659.0,222.0,99.605,3867.0,314.0,99.575,8074.0,479.0,99.55,6471.0,309.0,99.5,1355.0,155.0,99.465,1271.0,3.0,99.425,573.0,NaN,99.38,518.0,NaN,99.345,1342.0,NaN,99.305,756.0,NaN,99.24,415.0,NaN,99.195,310.0,NaN,99.15,541.0,NaN,99.08,383.0,NaN,99.035,98.98,98.905,NaN,NaN,NaN,NaN,NaN,NaN,NaN,NaN,NaN,NaN,NaN,NaN,NaN,NaN,NaN,NaN,NaN,NaN,NaN,NaN,NaN,NaN,NaN,NaN,NaN,NaN,NaN,NaN,NaN,NaN,NaN,NaN,NaN
2012-03-27,NaN,NaN,NaN,NaN,NaN,NaN,99.87,59679.0,222.0,99.87,53590.0,6187.0,99.87,53909.0,2056.0,99.865,42762.0,833.0,99.855,48601.0,1305.0,99.85,37509.0,1417.0,99.845,29383.0,2068.0,99.84,46235.0,1586.0,99.835,21948.0,850.0,99.835,27566.0,2108.0,99.83,19171.0,1643.0,99.82,13147.0,1079.0,99.815,11883.0,989.0,99.8,17301.0,230.0,99.78,22146.0,489.0,99.765,11480.0,428.0,99.745,11094.0,617.0,99.72,7199.0,320.0,99.69,5377.0,360.0,99.67,5565.0,225.0,99.635,3812.0,175.0,99.61,7881.0,251.0,99.59,6476.0,33.0,99.545,1384.0,67.0,99.52,1109.0,258.0,99.48,541.0,126.0,99.435,518.0,44.0,99.405,1344.0,5.0,99.365,773.0,20.0,99.305,425.0,10.0,99.265,315.0,10.0,99.22,546.0,5.0,99.155,383.0,NaN,99.11,99.06,98.99,NaN,NaN,NaN,NaN,NaN,NaN,NaN,NaN,NaN,NaN,NaN,NaN,NaN,NaN,NaN,NaN,NaN,NaN,NaN,NaN,NaN,NaN,NaN,NaN,NaN,NaN,NaN,NaN,NaN,NaN,NaN,NaN,NaN
2012-03-28,NaN,NaN,NaN,NaN,NaN,NaN,99.87,59462.0,400.0,99.87,53652.0,3813.0,99.87,53816.0,3861.0,99.865,43698.0,3934.0,99.855,48745.0,3020.0,99.85,38256.0,4425.0,99.845,30188.0,4424.0,99.84,46080.0,1256.0,99.835,22111.0,904.0,99.835,27018.0,1507.0,99.83,19152.0,1763.0,99.82,13687.0,1897.0,99.815,12041.0,2584.0,99.8,17073.0,812.0,99.78,22271.0,705.0,99.765,11608.0,412.0,99.745,11112.0,379.0,99.72,7318.0,423.0,99.69,5235.0,301.0,99.67,5558.0,25.0,99.635,3767.0,154.0,99.61,8026.0,216.0,99.59,6469.0,38.0,99.545,1383.0,26.0,99.52,970.0,152.0,99.48,541.0,2.0,99.435,515.0,8.0,99.405,1354.0,18.0,99.365,783.0,19.0,99.305,435.0,39.0,99.265,359.0,45.0,99.22,556.0,10.0,99.155,383.0,NaN,99.11,99.06,98.99,NaN,NaN,NaN,NaN,NaN,NaN,NaN,NaN,NaN,NaN,NaN,NaN,NaN,NaN,NaN,NaN,NaN,NaN,NaN,NaN,NaN,NaN,NaN,NaN,NaN,NaN,NaN,NaN,NaN,NaN,NaN,NaN,NaN
2012-03-29,NaN,NaN,NaN,NaN,NaN,NaN,99.87,59252.0,251.0,99.87,53591.0,232.0,99.87,53665.0,446.0,99.865,43540.0,915.0,99.855,48636.0,2357.0,99.85,37477.0,2163.0,99.845,29768.0,1255.0,99.84,46094.0,794.0,99.835,22544.0,829.0,99.835,27158.0,547.0,99.83,20213.0,2564.0,99.82,14757.0,2893.0,99.815,12414.0,953.0,99.8,17075.0,1055.0,99.78,22524.0,947.0,99.765,11644.0,152.0,99.745,11209.0,243.0,99.72,7315.0,158.0,99.69,5227.0,20.0,99.67,5569.0,38.0,99.635,3790.0,23.0,99.615,8028.0,7.0,99.6,6453.0,43.0,99.56,1383.0,40.0,99.535,970.0,NaN,99.495,541.0,NaN,99.45,515.0,3.0,99.43,1354.0,NaN,99.39,808.0,25.0,99.33,445.0,10.0,99.295,359.0,10.0,99.255,576.0,20.0,99.19,383.0,10.0,99.15,99.1,99.035,NaN,NaN,NaN,NaN,NaN,NaN,NaN,NaN,NaN,NaN,NaN,NaN,NaN,NaN,NaN,NaN,NaN,NaN,NaN,NaN,NaN,NaN,NaN,NaN,NaN,NaN,NaN,NaN,NaN,NaN,NaN,NaN,NaN
2012-03-30,NaN,NaN,NaN,NaN,NaN,NaN,99.8725,59643.0,2092.0,99.875,54559.0,7089.0,99.875,54589.0,3075.0,99.865,43770.0,1159.0,99.855,48604.0,1635.0,99.85,37566.0,1287.0,99.845,29852.0,1535.0,99.84,46192.0,1269.0,99.835,22607.0,654.0,99.83,27017.0,811.0,99.825,20294.0,1380.0,99.815,14837.0,897.0,99.81,12990.0,946.0,99.795,17105.0,456.0,99.775,22607.0,925.0,99.76,11866.0,358.0,99.745,11605.0,530.0,99.715,7142.0,365.0,99.69,5117.0,413.0,99.67,5568.0,1.0,99.635,3682.0,163.0,99.615,8248.0,268.0,99.6,6466.0,56.0,99.56,1393.0,47.0,99.525,970.0,NaN,99.485,541.0,NaN,99.44,515.0,NaN,99.42,1354.0,200.0,99.375,1008.0,200.0,99.31,445.0,NaN,99.27,359.0,NaN,99.23,576.0,30.0,99.155,383.0,NaN,99.11,99.06,98.99,NaN,NaN,NaN,NaN,NaN,NaN,NaN,NaN,NaN,NaN,NaN,NaN,NaN,NaN,NaN,NaN,NaN,NaN,NaN,NaN,NaN,NaN,NaN,NaN,NaN,NaN,NaN,NaN,NaN,NaN,NaN,NaN,NaN
2012-04-02,NaN,NaN,NaN,NaN,NaN,NaN,NaN,NaN,NaN,99.8725,51228.0,8829.0,99.875,56634.0,4935.0,99.865,44836.0,2777.0,99.855,48782.0,1009.0,99.85,37424.0,574.0,99.845,29866.0,287.0,99.84,46209.0,119.0,99.835,22762.0,341.0,99.835,27042.0,790.0,99.825,20377.0,124.0,99.815,14635.0,326.0,99.81,13065.0,176.0,99.795,17185.0,130.0,99.78,22673.0,175.0,99.765,11884.0,91.0,99.75,11619.0,68.0,99.72,6900.0,366.0,99.695,5013.0,286.0,99.675,5484.0,141.0,99.64,3665.0,88.0,99.62,8246.0,129.0,99.6,6405.0,80.0,99.56,1405.0,70.0,99.525,978.0,8.0,99.485,551.0,10.0,99.445,530.0,15.0,99.425,1359.0,8.0,99.38,1025.0,20.0,99.315,450.0,5.0,99.275,359.0,2.0,99.235,578.0,2.0,99.165,383.0,NaN,99.12,99.07,99.0,98.94,NaN,NaN,NaN,NaN,NaN,NaN,NaN,NaN,NaN,NaN,NaN,NaN,NaN,NaN,NaN,NaN,NaN,NaN,NaN,NaN,NaN,NaN,NaN,NaN,NaN,NaN,NaN,NaN,NaN,NaN,NaN,NaN
2012-04-03,NaN,NaN,NaN,NaN,NaN,NaN,NaN,NaN,NaN,99.8675,49515.0,4916.0,99.87,56056.0,5247.0,99.86,45548.0,3399.0,99.85,48488.0,5433.0,99.84,37441.0,3457.0,99.835,30249.0,805.0,99.83,45934.0,1271.0,99.825,22676.0,1501.0,99.82,27594.0,1347.0,99.81,19920.0,2173.0,99.8,14435.0,1417.0,99.795,13816.0,1642.0,99.78,17167.0,594.0,99.755,22827.0,1678.0,99.74,12006.0,616.0,99.72,12151.0,973.0,99.69,6660.0,515.0,99.665,5175.0,545.0,99.645,5428.0,441.0,99.615,3603.0,209.0,99.59,8409.0,332.0,99.565,6523.0,170.0,99.515,1463.0,122.0,99.475,1150.0,172.0,99.435,559.0,30.0,99.395,530.0,11.0,99.36,1366.0,28.0,99.315,1033.0,34.0,99.25,455.0,204.0,99.195,321.0,272.0,99.155,651.0,78.0,99.085,388.0,10.0,99.04,98.99,98.915,98.85,NaN,NaN,NaN,NaN,NaN,NaN,NaN,NaN,NaN,NaN,NaN,NaN,NaN,NaN,NaN,NaN,NaN,NaN,NaN,NaN,NaN,NaN,NaN,NaN,NaN,NaN,NaN,NaN,NaN,NaN,NaN,NaN
2012-04-04,NaN,NaN,NaN,NaN,NaN,NaN,NaN,NaN,NaN,99.8625,49394.0,2688.0,99.865,55783.0,4294.0,99.855,46554.0,2934.0,99.845,47998.0,1382.0,99.84,37449.0,201.0,99.835,30328.0,178.0,99.83,45847.0,251.0,99.825,22908.0,583.0,99.82,27682.0,152.0,99.81,20016.0,560.0,99.8,14387.0,375.0,99.795,13947.0,1055.0,99.78,18004.0,1399.0,99.76,22909.0,488.0,99.75,12012.0,524.0,99.73,12290.0,649.0,99.7,6823.0,584.0,99.675,5117.0,970.0,99.655,5339.0,162.0,99.625,3626.0,55.0,99.6,8421.0,160.0,99.575,6667.0,154.0,99.525,1785.0,414.0,99.49,1251.0,617.0,99.45,684.0,128.0,99.41,530.0,NaN,99.38,1306.0,152.0,99.34,1083.0,50.0,99.285,455.0,29.0,99.235,321.0,29.0,99.205,651.0,NaN,99.14,388.0,NaN,99.1,99.05,98.975,98.91,NaN,NaN,NaN,NaN,NaN,NaN,NaN,NaN,NaN,NaN,NaN,NaN,NaN,NaN,NaN,NaN,NaN,NaN,NaN,NaN,NaN,NaN,NaN,NaN,NaN,NaN,NaN,NaN,NaN,NaN,NaN,NaN
2012-04-05,NaN,NaN,NaN,NaN,NaN,NaN,NaN,NaN,NaN,99.86,49236.0,1354.0,99.86,56763.0,3019.0,99.855,46817.0,941.0,99.845,48349.0,3559.0,99.835,37216.0,874.0,99.83,30260.0,638.0,99.825,46195.0,1664.0,99.82,23192.0,1030.0,99.82,27678.0,718.0,99.81,20234.0,933.0,99.8,15259.0,1800.0,99.795,14185.0,1458.0,99.78,18402.0,1405.0,99.76,22875.0,1105.0,99.755,12129.0,734.0,99.735,12367.0,629.0,99.705,6940.0,550.0,99.68,4977.0,402.0,99.66,5275.0,161.0,99.63,3624.0,224.0,99.605,8274.0,299.0,99.585,6580.0,154.0,99.545,1791.0,68.0,99.51,1251.0,NaN,99.48,684.0,10.0,99.44,530.0,10.0,99.42,1356.0,54.0,99.38,1142.0,59.0,99.325,455.0,NaN,99.28,321.0,NaN,99.25,651.0,NaN,99.185,388.0,NaN,99.145,99.095,99.025,98.965,NaN,NaN,NaN,NaN,NaN,NaN,NaN,NaN,NaN,NaN,NaN,NaN,NaN,NaN,NaN,NaN,NaN,NaN,NaN,NaN,NaN,NaN,NaN,NaN,NaN,NaN,NaN,NaN,NaN,NaN,NaN,NaN
2012-04-06,NaN,NaN,NaN,NaN,NaN,NaN,NaN,NaN,NaN,99.86,50347.0,5031.0,99.86,55723.0,3461.0,99.855,47088.0,2052.0,99.845,46715.0,2828.0,99.835,36902.0,2496.0,99.83,30279.0,1100.0,99.825,46103.0,539.0,99.82,23652.0,1339.0,99.82,27463.0,1804.0,99.81,20238.0,689.0,99.8,15571.0,953.0,99.795,14355.0,744.0,99.79,18515.0,610.0,99.775,22819.0,831.0,99.77,12245.0,424.0,99.76,12323.0,312.0,99.735,6888.0,251.0,99.715,4831.0,272.0,99.7,5195.0,160.0,99.685,3557.0,282.0,99.665,8281.0,516.0,99.655,6493.0,210.0,99.615,2034.0,302.0,99.59,1273.0,107.0,99.56,684.0,38.0,99.53,555.0,60.0,99.52,1465.0,256.0,99.485,1331.0,244.0,99.43,455.0,40.0,99.405,331.0,40.0,99.375,691.0,40.0,99.31,388.0,NaN,99.275,99.23,99.165,99.11,NaN,NaN,NaN,NaN,NaN,NaN,NaN,NaN,NaN,NaN,NaN,NaN,NaN,NaN,NaN,NaN,NaN,NaN,NaN,NaN,NaN,NaN,NaN,NaN,NaN,NaN,NaN,NaN,NaN,NaN,NaN,NaN
2012-04-09,NaN,NaN,NaN,NaN,NaN,NaN,NaN,NaN,NaN,99.8625,49805.0,3576.0,99.86,56148.0,1777.0,99.855,47253.0,1138.0,99.845,46767.0,1041.0,99.835,36757.0,344.0,99.825,30392.0,309.0,99.82,46076.0,1079.0,99.82,23653.0,586.0,99.815,27386.0,904.0,99.81,20360.0,734.0,99.8,16398.0,2590.0,99.795,14356.0,682.0,99.79,18505.0,844.0,99.775,22803.0,1464.0,99.775,12100.0,773.0,99.765,12283.0,450.0,99.74,6873.0,143.0,99.725,4677.0,228.0,99.71,5194.0,23.0,99.695,3577.0,108.0,99.68,8299.0,197.0,99.67,6506.0,49.0,99.63,2039.0,24.0,99.61,1077.0,199.0,99.58,684.0,NaN,99.55,555.0,NaN,99.54,1465.0,NaN,99.505,1349.0,23.0,99.45,460.0,29.0,99.425,336.0,79.0,99.395,775.0,89.0,99.33,397.0,14.0,99.295,99.25,99.185,99.13,NaN,NaN,NaN,NaN,NaN,NaN,NaN,NaN,NaN,NaN,NaN,NaN,NaN,NaN,NaN,NaN,NaN,NaN,NaN,NaN,NaN,NaN,NaN,NaN,NaN,NaN,NaN,NaN,NaN,NaN,NaN,NaN
2012-04-10,NaN,NaN,NaN,NaN,NaN,NaN,NaN,NaN,NaN,99.86,48153.0,1870.0,99.86,55608.0,5328.0,99.855,46411.0,4241.0,99.845,43350.0,7781.0,99.84,36382.0,1206.0,99.83,29889.0,3235.0,99.83,45562.0,3280.0,99.825,24571.0,2352.0,99.825,27446.0,1820.0,99.82,20406.0,2325.0,99.82,16885.0,3566.0,99.815,14041.0,2470.0,99.81,18421.0,3018.0,99.8,23115.0,3147.0,99.795,12327.0,2186.0,99.785,12669.0,1368.0,99.765,6773.0,539.0,99.75,4614.0,647.0,99.74,5176.0,643.0,99.725,3677.0,575.0,99.71,8304.0,640.0,99.7,6408.0,328.0,99.66,2329.0,364.0,99.64,907.0,504.0,99.61,675.0,53.0,99.58,560.0,5.0,99.57,1520.0,55.0,99.535,1379.0,30.0,99.48,474.0,15.0,99.455,349.0,45.0,99.425,832.0,57.0,99.36,399.0,14.0,99.325,99.28,99.215,99.16,NaN,NaN,NaN,NaN,NaN,NaN,NaN,NaN,NaN,NaN,NaN,NaN,NaN,NaN,NaN,NaN,NaN,NaN,NaN,NaN,NaN,NaN,NaN,NaN,NaN,NaN,NaN,NaN,NaN,NaN,NaN,NaN
2012-04-11,NaN,NaN,NaN,NaN,NaN,NaN,NaN,NaN,NaN,99.86,47950.0,401.0,99.86,56371.0,2924.0,99.855,46517.0,2736.0,99.845,43130.0,1368.0,99.84,36426.0,1528.0,99.83,30045.0,651.0,99.83,45961.0,940.0,99.825,25117.0,1206.0,99.825,27550.0,350.0,99.825,20510.0,472.0,99.825,16974.0,862.0,99.82,14144.0,367.0,99.815,18433.0,194.0,99.805,23398.0,750.0,99.805,12433.0,869.0,99.795,12808.0,516.0,99.775,6686.0,375.0,99.76,4644.0,105.0,99.75,5115.0,166.0,99.73,3898.0,365.0,99.715,8428.0,271.0,99.705,6203.0,379.0,99.665,2333.0,434.0,99.645,941.0,40.0,99.615,679.0,9.0,99.585,560.0,5.0,99.575,1515.0,5.0,99.54,1379.0,5.0,99.485,477.0,3.0,99.45,352.0,3.0,99.42,835.0,3.0,99.355,399.0,3.0,99.32,99.275,99.21,99.155,NaN,NaN,NaN,NaN,NaN,NaN,NaN,NaN,NaN,NaN,NaN,NaN,NaN,NaN,NaN,NaN,NaN,NaN,NaN,NaN,NaN,NaN,NaN,NaN,NaN,NaN,NaN,NaN,NaN,NaN,NaN,NaN
2012-04-12,NaN,NaN,NaN,NaN,NaN,NaN,NaN,NaN,NaN,99.86,47605.0,4615.0,99.86,56669.0,6554.0,99.855,43400.0,13025.0,99.85,43316.0,4085.0,99.845,35257.0,2883.0,99.84,30013.0,4115.0,99.835,46168.0,1480.0,99.835,26023.0,1527.0,99.835,26530.0,2000.0,99.83,20459.0,1292.0,99.83,16573.0,1659.0,99.83,14825.0,2711.0,99.825,18912.0,846.0,99.815,23767.0,2295.0,99.81,12465.0,2006.0,99.805,12831.0,607.0,99.785,6482.0,526.0,99.77,4475.0,823.0,99.76,4988.0,460.0,99.74,3844.0,282.0,99.725,8285.0,704.0,99.715,6073.0,504.0,99.675,2360.0,202.0,99.655,1063.0,231.0,99.625,721.0,50.0,99.595,560.0,NaN,99.57,1533.0,33.0,99.535,1628.0,259.0,99.48,633.0,417.0,99.445,510.0,195.0,99.415,874.0,39.0,99.35,429.0,30.0,99.315,99.27,99.205,99.15,NaN,NaN,NaN,NaN,NaN,NaN,NaN,NaN,NaN,NaN,NaN,NaN,NaN,NaN,NaN,NaN,NaN,NaN,NaN,NaN,NaN,NaN,NaN,NaN,NaN,NaN,NaN,NaN,NaN,NaN,NaN,NaN
2012-04-13,NaN,NaN,NaN,NaN,NaN,NaN,NaN,NaN,NaN,99.86,48103.0,2125.0,99.86,54569.0,5231.0,99.855,45594.0,19977.0,99.85,42909.0,5863.0,99.845,35432.0,2693.0,99.84,30415.0,2239.0,99.835,46224.0,814.0,99.835,26268.0,756.0,99.835,26213.0,576.0,99.835,20288.0,2238.0,99.835,16302.0,927.0,99.835,15447.0,1712.0,99.83,19818.0,1580.0,99.82,24153.0,1262.0,99.815,12639.0,511.0,99.81,13292.0,824.0,99.79,6483.0,182.0,99.775,4477.0,262.0,99.765,4851.0,226.0,99.75,3848.0,229.0,99.735,8280.0,104.0,99.72,6046.0,35.0,99.68,2428.0,97.0,99.66,1071.0,26.0,99.63,721.0,NaN,99.6,560.0,NaN,99.575,1545.0,69.0,99.54,1786.0,158.0,99.485,770.0,137.0,99.45,546.0,56.0,99.42,914.0,41.0,99.36,430.0,11.0,99.33,99.285,99.22,99.165,NaN,NaN,NaN,NaN,NaN,NaN,NaN,NaN,NaN,NaN,NaN,NaN,NaN,NaN,NaN,NaN,NaN,NaN,NaN,NaN,NaN,NaN,NaN,NaN,NaN,NaN,NaN,NaN,NaN,NaN,NaN,NaN
2012-04-16,NaN,NaN,NaN,NaN,NaN,NaN,NaN,NaN,NaN,99.8575,47220.0,1501.0,99.86,54399.0,948.0,99.855,45385.0,1280.0,99.85,43163.0,692.0,99.845,35413.0,168.0,99.845,30359.0,914.0,99.84,46387.0,889.0,99.84,26271.0,501.0,99.84,26298.0,685.0,99.84,20874.0,1515.0,99.835,16254.0,522.0,99.835,15502.0,493.0,99.83,20202.0,889.0,99.82,23924.0,2433.0,99.815,12257.0,1888.0,99.81,14415.0,1484.0,99.79,6389.0,1504.0,99.775,4527.0,202.0,99.765,4786.0,387.0,99.75,3756.0,718.0,99.73,8343.0,509.0,99.715,5971.0,628.0,99.675,2262.0,238.0,99.655,1068.0,8.0,99.625,721.0,1.0,99.595,559.0,1.0,99.57,1545.0,NaN,99.535,1786.0,NaN,99.48,770.0,NaN,99.445,547.0,3.0,99.415,920.0,6.0,99.355,433.0,6.0,99.325,99.28,99.215,99.16,NaN,NaN,NaN,NaN,NaN,NaN,NaN,NaN,NaN,NaN,NaN,NaN,NaN,NaN,NaN,NaN,NaN,NaN,NaN,NaN,NaN,NaN,NaN,NaN,NaN,NaN,NaN,NaN,NaN,NaN,NaN,NaN
2012-04-17,NaN,NaN,NaN,NaN,NaN,NaN,NaN,NaN,NaN,99.8575,45161.0,1040.0,99.86,53806.0,2566.0,99.855,44078.0,3494.0,99.85,46473.0,8352.0,99.845,35669.0,1173.0,99.845,30350.0,1864.0,99.845,43548.0,3176.0,99.84,25713.0,1183.0,99.84,25879.0,1089.0,99.84,20722.0,646.0,99.84,15857.0,544.0,99.835,15863.0,1131.0,99.83,19694.0,2518.0,99.82,24012.0,1458.0,99.815,12492.0,1169.0,99.81,14313.0,203.0,99.79,6340.0,93.0,99.78,4666.0,641.0,99.77,4668.0,195.0,99.755,3390.0,736.0,99.735,7804.0,1383.0,99.72,5723.0,575.0,99.69,2603.0,560.0,99.67,1070.0,111.0,99.64,721.0,2.0,99.61,557.0,9.0,99.585,1546.0,25.0,99.55,1816.0,61.0,99.495,772.0,110.0,99.46,571.0,58.0,99.43,980.0,60.0,99.37,433.0,28.0,99.34,99.295,99.23,99.175,NaN,NaN,NaN,NaN,NaN,NaN,NaN,NaN,NaN,NaN,NaN,NaN,NaN,NaN,NaN,NaN,NaN,NaN,NaN,NaN,NaN,NaN,NaN,NaN,NaN,NaN,NaN,NaN,NaN,NaN,NaN,NaN
2012-04-18,NaN,NaN,NaN,NaN,NaN,NaN,NaN,NaN,NaN,99.8575,45021.0,1542.0,99.865,55916.0,5397.0,99.86,43960.0,3052.0,99.85,46412.0,1942.0,99.85,35629.0,1697.0,99.845,30346.0,135.0,99.845,43379.0,438.0,99.84,26075.0,1147.0,99.84,26091.0,1606.0,99.84,20727.0,429.0,99.84,15648.0,746.0,99.835,15803.0,1032.0,99.83,20294.0,1112.0,99.82,24075.0,1089.0,99.815,12516.0,1995.0,99.81,14576.0,1257.0,99.795,6350.0,424.0,99.785,4960.0,605.0,99.775,4710.0,148.0,99.76,3495.0,291.0,99.74,7839.0,537.0,99.725,5693.0,79.0,99.695,2636.0,198.0,99.675,1174.0,131.0,99.645,739.0,55.0,99.615,555.0,10.0,99.59,1546.0,NaN,99.565,1844.0,28.0,99.51,772.0,NaN,99.475,571.0,NaN,99.445,983.0,3.0,99.385,433.0,NaN,99.355,99.31,99.245,99.19,NaN,NaN,NaN,NaN,NaN,NaN,NaN,NaN,NaN,NaN,NaN,NaN,NaN,NaN,NaN,NaN,NaN,NaN,NaN,NaN,NaN,NaN,NaN,NaN,NaN,NaN,NaN,NaN,NaN,NaN,NaN,NaN
2012-04-19,NaN,NaN,NaN,NaN,NaN,NaN,NaN,NaN,NaN,99.8575,45930.0,2395.0,99.865,55783.0,2460.0,99.86,42949.0,2795.0,99.855,46241.0,1400.0,99.855,35159.0,1050.0,99.85,30439.0,1102.0,99.845,43590.0,889.0,99.845,26176.0,1787.0,99.845,26073.0,451.0,99.845,20868.0,1879.0,99.84,15639.0,629.0,99.84,15790.0,656.0,99.835,20364.0,553.0,99.825,24129.0,548.0,99.82,12616.0,253.0,99.81,14569.0,170.0,99.795,6326.0,287.0,99.785,5417.0,911.0,99.775,4746.0,481.0,99.76,3463.0,176.0,99.745,7503.0,413.0,99.73,5699.0,14.0,99.705,2703.0,201.0,99.685,1237.0,84.0,99.655,759.0,64.0,99.625,560.0,13.0,99.6,1546.0,NaN,99.575,1854.0,10.0,99.525,772.0,NaN,99.49,571.0,NaN,99.46,983.0,NaN,99.4,433.0,NaN,99.37,99.325,99.26,99.205,NaN,NaN,NaN,NaN,NaN,NaN,NaN,NaN,NaN,NaN,NaN,NaN,NaN,NaN,NaN,NaN,NaN,NaN,NaN,NaN,NaN,NaN,NaN,NaN,NaN,NaN,NaN,NaN,NaN,NaN,NaN,NaN
2012-04-20,NaN,NaN,NaN,NaN,NaN,NaN,NaN,NaN,NaN,99.8625,45643.0,2881.0,99.865,55168.0,2418.0,99.865,41835.0,2228.0,99.86,46481.0,1737.0,99.855,34787.0,1100.0,99.85,30042.0,1218.0,99.845,43072.0,776.0,99.845,25982.0,443.0,99.845,26116.0,456.0,99.845,20997.0,736.0,99.84,15666.0,336.0,99.84,16392.0,1223.0,99.835,20175.0,619.0,99.825,24178.0,378.0,99.82,12495.0,468.0,99.81,14237.0,721.0,99.795,6326.0,2270.0,99.785,5288.0,588.0,99.775,4844.0,549.0,99.76,3336.0,252.0,99.745,7394.0,197.0,99.73,5698.0,47.0,99.705,2701.0,69.0,99.685,1202.0,43.0,99.655,758.0,1.0,99.625,560.0,NaN,99.6,1546.0,NaN,99.575,1859.0,114.0,99.525,772.0,9.0,99.49,571.0,12.0,99.46,986.0,15.0,99.4,433.0,NaN,99.37,99.325,99.26,99.205,NaN,NaN,NaN,NaN,NaN,NaN,NaN,NaN,NaN,NaN,NaN,NaN,NaN,NaN,NaN,NaN,NaN,NaN,NaN,NaN,NaN,NaN,NaN,NaN,NaN,NaN,NaN,NaN,NaN,NaN,NaN,NaN
2012-04-23,NaN,NaN,NaN,NaN,NaN,NaN,NaN,NaN,NaN,99.8625,45697.0,903.0,99.87,56410.0,3675.0,99.865,40686.0,4115.0,99.86,45907.0,1429.0,99.855,34722.0,1044.0,99.855,30487.0,3497.0,99.85,45340.0,4357.0,99.845,26098.0,1453.0,99.85,26061.0,2579.0,99.845,22226.0,3356.0,99.845,15782.0,1743.0,99.845,16813.0,2450.0,99.84,20462.0,2914.0,99.835,24299.0,939.0,99.83,13100.0,1106.0,99.82,14152.0,538.0,99.805,6278.0,1231.0,99.795,5575.0,1094.0,99.785,4851.0,287.0,99.77,3635.0,1022.0,99.755,6722.0,1545.0,99.74,7015.0,2405.0,99.715,3087.0,657.0,99.695,1362.0,168.0,99.67,724.0,43.0,99.64,560.0,58.0,99.625,1565.0,20.0,99.6,1871.0,56.0,99.55,782.0,64.0,99.515,608.0,46.0,99.485,1014.0,28.0,99.425,435.0,3.0,99.395,99.35,99.285,99.23,NaN,NaN,NaN,NaN,NaN,NaN,NaN,NaN,NaN,NaN,NaN,NaN,NaN,NaN,NaN,NaN,NaN,NaN,NaN,NaN,NaN,NaN,NaN,NaN,NaN,NaN,NaN,NaN,NaN,NaN,NaN,NaN
2012-04-24,NaN,NaN,NaN,NaN,NaN,NaN,NaN,NaN,NaN,99.8625,44162.0,2857.0,99.87,53902.0,8472.0,99.865,38935.0,3302.0,99.86,44640.0,3001.0,99.855,34634.0,1178.0,99.85,30217.0,3434.0,99.845,47429.0,3883.0,99.84,27819.0,2903.0,99.845,25957.0,1929.0,99.84,22286.0,787.0,99.84,15565.0,567.0,99.84,16693.0,831.0,99.835,20729.0,553.0,99.825,24546.0,947.0,99.82,13022.0,443.0,99.815,14514.0,647.0,99.8,6532.0,462.0,99.79,5494.0,382.0,99.78,4834.0,474.0,99.765,3680.0,567.0,99.75,6824.0,947.0,99.735,7385.0,520.0,99.71,3583.0,689.0,99.69,1467.0,417.0,99.665,736.0,34.0,99.635,560.0,20.0,99.615,1565.0,3.0,99.585,1867.0,31.0,99.535,792.0,35.0,99.5,608.0,NaN,99.47,1014.0,NaN,99.41,457.0,22.0,99.375,99.33,99.265,99.21,NaN,NaN,NaN,NaN,NaN,NaN,NaN,NaN,NaN,NaN,NaN,NaN,NaN,NaN,NaN,NaN,NaN,NaN,NaN,NaN,NaN,NaN,NaN,NaN,NaN,NaN,NaN,NaN,NaN,NaN,NaN,NaN
2012-04-25,NaN,NaN,NaN,NaN,NaN,NaN,NaN,NaN,NaN,99.8625,44669.0,2868.0,99.865,53405.0,4123.0,99.865,38022.0,1480.0,99.855,43938.0,1957.0,99.855,34376.0,1254.0,99.85,29902.0,1744.0,99.845,47855.0,1608.0,99.84,27820.0,526.0,99.845,25697.0,1851.0,99.84,22326.0,376.0,99.84,15778.0,532.0,99.84,17081.0,1078.0,99.835,20599.0,787.0,99.825,24837.0,1734.0,99.82,13493.0,2333.0,99.815,14543.0,672.0,99.8,6461.0,510.0,99.79,5572.0,298.0,99.78,4850.0,133.0,99.765,3759.0,166.0,99.75,6960.0,1010.0,99.735,7280.0,1877.0,99.71,3537.0,617.0,99.69,1477.0,441.0,99.665,736.0,NaN,99.63,548.0,53.0,99.61,1618.0,58.0,99.58,1869.0,65.0,99.53,792.0,NaN,99.495,608.0,NaN,99.46,1014.0,NaN,99.4,457.0,NaN,99.36,99.315,99.25,99.195,NaN,NaN,NaN,NaN,NaN,NaN,NaN,NaN,NaN,NaN,NaN,NaN,NaN,NaN,NaN,NaN,NaN,NaN,NaN,NaN,NaN,NaN,NaN,NaN,NaN,NaN,NaN,NaN,NaN,NaN,NaN,NaN
2012-04-26,NaN,NaN,NaN,NaN,NaN,NaN,NaN,NaN,NaN,99.8625,44805.0,2420.0,99.865,52972.0,1290.0,99.865,37890.0,1662.0,99.855,43532.0,836.0,99.855,34255.0,311.0,99.85,29935.0,197.0,99.845,47852.0,704.0,99.84,28265.0,2551.0,99.845,25655.0,967.0,99.84,22372.0,370.0,99.84,16025.0,976.0,99.84,17398.0,603.0,99.835,20845.0,571.0,99.825,25078.0,317.0,99.82,13688.0,294.0,99.815,14463.0,720.0,99.8,6601.0,278.0,99.79,5561.0,266.0,99.78,5062.0,548.0,99.77,3914.0,528.0,99.755,7284.0,441.0,99.74,7382.0,458.0,99.715,4002.0,753.0,99.695,1894.0,804.0,99.67,971.0,245.0,99.64,548.0,11.0,99.62,1633.0,49.0,99.59,1933.0,154.0,99.54,895.0,119.0,99.505,648.0,40.0,99.47,1117.0,110.0,99.41,592.0,158.0,99.375,99.33,99.265,99.21,NaN,NaN,NaN,NaN,NaN,NaN,NaN,NaN,NaN,NaN,NaN,NaN,NaN,NaN,NaN,NaN,NaN,NaN,NaN,NaN,NaN,NaN,NaN,NaN,NaN,NaN,NaN,NaN,NaN,NaN,NaN,NaN
2012-04-27,NaN,NaN,NaN,NaN,NaN,NaN,NaN,NaN,NaN,99.8625,45084.0,1146.0,99.865,52692.0,606.0,99.865,37770.0,290.0,99.855,42035.0,4008.0,99.855,36071.0,3288.0,99.85,30160.0,361.0,99.845,47958.0,252.0,99.84,28423.0,542.0,99.845,25800.0,230.0,99.84,22378.0,50.0,99.84,16031.0,45.0,99.84,17499.0,277.0,99.835,20916.0,95.0,99.825,25116.0,46.0,99.82,13757.0,146.0,99.815,14465.0,35.0,99.8,6703.0,206.0,99.79,5578.0,112.0,99.78,5216.0,244.0,99.77,4076.0,219.0,99.755,7353.0,79.0,99.74,7388.0,10.0,99.715,4000.0,13.0,99.695,1894.0,1.0,99.67,971.0,NaN,99.64,547.0,1.0,99.62,1633.0,1.0,99.59,1933.0,1.0,99.54,895.0,NaN,99.505,648.0,NaN,99.47,1117.0,NaN,99.41,602.0,10.0,99.375,99.33,99.265,99.21,NaN,NaN,NaN,NaN,NaN,NaN,NaN,NaN,NaN,NaN,NaN,NaN,NaN,NaN,NaN,NaN,NaN,NaN,NaN,NaN,NaN,NaN,NaN,NaN,NaN,NaN,NaN,NaN,NaN,NaN,NaN,NaN
2012-04-30,NaN,NaN,NaN,NaN,NaN,NaN,NaN,NaN,NaN,99.8625,45005.0,333.0,99.865,52943.0,2423.0,99.865,38261.0,1181.0,99.855,42325.0,1572.0,99.855,36917.0,1956.0,99.85,29550.0,386.0,99.85,47986.0,561.0,99.845,28471.0,545.0,99.845,26698.0,1012.0,99.845,22476.0,132.0,99.84,16188.0,215.0,99.84,17648.0,408.0,99.835,20971.0,278.0,99.825,25127.0,139.0,99.825,13806.0,156.0,99.82,14520.0,140.0,99.805,6944.0,580.0,99.8,5652.0,135.0,99.79,5420.0,489.0,99.78,4240.0,467.0,99.765,7809.0,564.0,99.755,7587.0,343.0,99.735,4105.0,216.0,99.715,1928.0,35.0,99.69,888.0,83.0,99.665,547.0,NaN,99.645,1633.0,NaN,99.62,1943.0,10.0,99.57,895.0,NaN,99.535,648.0,1.0,99.505,1200.0,87.0,99.445,883.0,287.0,99.41,99.365,99.3,99.245,NaN,NaN,NaN,NaN,NaN,NaN,NaN,NaN,NaN,NaN,NaN,NaN,NaN,NaN,NaN,NaN,NaN,NaN,NaN,NaN,NaN,NaN,NaN,NaN,NaN,NaN,NaN,NaN,NaN,NaN,NaN,NaN
2012-05-01,NaN,NaN,NaN,NaN,NaN,NaN,NaN,NaN,NaN,NaN,NaN,NaN,99.8625,51236.0,5108.0,99.86,37582.0,2528.0,99.855,42586.0,863.0,99.855,36951.0,754.0,99.85,31068.0,1892.0,99.845,47932.0,482.0,99.84,28601.0,372.0,99.845,26896.0,762.0,99.845,22440.0,1280.0,99.84,16315.0,549.0,99.84,17663.0,558.0,99.835,20989.0,500.0,99.825,25333.0,390.0,99.82,13867.0,366.0,99.815,15376.0,2609.0,99.8,6680.0,1472.0,99.795,5665.0,176.0,99.785,5443.0,248.0,99.775,4359.0,618.0,99.76,8138.0,420.0,99.755,7686.0,1034.0,99.735,4509.0,478.0,99.71,2246.0,327.0,99.685,897.0,23.0,99.66,577.0,30.0,99.64,1641.0,8.0,99.605,1915.0,30.0,99.555,867.0,28.0,99.52,648.0,NaN,99.485,1189.0,17.0,99.425,909.0,43.0,99.39,99.34,99.275,99.22,99.165,NaN,NaN,NaN,NaN,NaN,NaN,NaN,NaN,NaN,NaN,NaN,NaN,NaN,NaN,NaN,NaN,NaN,NaN,NaN,NaN,NaN,NaN,NaN,NaN,NaN,NaN,NaN,NaN,NaN,NaN,NaN
2012-05-02,NaN,NaN,NaN,NaN,NaN,NaN,NaN,NaN,NaN,NaN,NaN,NaN,99.8625,51143.0,1524.0,99.86,37566.0,132.0,99.855,42347.0,477.0,99.85,36715.0,436.0,99.85,30717.0,1143.0,99.845,47865.0,596.0,99.84,28342.0,949.0,99.845,27283.0,1343.0,99.845,22550.0,1053.0,99.84,16447.0,1434.0,99.835,17860.0,1300.0,99.83,21702.0,1152.0,99.825,25801.0,1834.0,99.82,13787.0,631.0,99.815,15755.0,1084.0,99.8,6472.0,717.0,99.795,5808.0,354.0,99.785,5523.0,307.0,99.775,4489.0,386.0,99.76,8040.0,320.0,99.755,7706.0,658.0,99.735,4540.0,50.0,99.71,2292.0,69.0,99.685,897.0,NaN,99.66,569.0,10.0,99.64,1643.0,49.0,99.605,1915.0,NaN,99.555,867.0,NaN,99.525,655.0,8.0,99.49,1191.0,10.0,99.43,919.0,14.0,99.395,99.35,99.285,99.23,99.185,NaN,NaN,NaN,NaN,NaN,NaN,NaN,NaN,NaN,NaN,NaN,NaN,NaN,NaN,NaN,NaN,NaN,NaN,NaN,NaN,NaN,NaN,NaN,NaN,NaN,NaN,NaN,NaN,NaN,NaN,NaN
2012-05-03,NaN,NaN,NaN,NaN,NaN,NaN,NaN,NaN,NaN,NaN,NaN,NaN,99.8575,49189.0,3234.0,99.86,38592.0,2335.0,99.855,42300.0,1259.0,99.85,36898.0,926.0,99.85,30745.0,123.0,99.845,47951.0,544.0,99.84,27710.0,1360.0,99.845,27230.0,2018.0,99.845,22674.0,944.0,99.84,16368.0,1617.0,99.835,17782.0,1221.0,99.83,22095.0,854.0,99.825,26333.0,1857.0,99.82,13942.0,989.0,99.815,16515.0,1655.0,99.805,6485.0,306.0,99.8,5903.0,191.0,99.79,5244.0,489.0,99.78,4423.0,504.0,99.765,7911.0,263.0,99.755,7673.0,284.0,99.735,4544.0,18.0,99.71,2297.0,5.0,99.685,897.0,NaN,99.66,569.0,NaN,99.64,1643.0,NaN,99.605,1915.0,NaN,99.555,867.0,NaN,99.525,655.0,NaN,99.49,1201.0,10.0,99.43,919.0,5.0,99.395,99.35,99.285,99.23,99.185,NaN,NaN,NaN,NaN,NaN,NaN,NaN,NaN,NaN,NaN,NaN,NaN,NaN,NaN,NaN,NaN,NaN,NaN,NaN,NaN,NaN,NaN,NaN,NaN,NaN,NaN,NaN,NaN,NaN,NaN,NaN
2012-05-04,NaN,NaN,NaN,NaN,NaN,NaN,NaN,NaN,NaN,NaN,NaN,NaN,99.8575,49162.0,4123.0,99.86,38523.0,3109.0,99.855,43310.0,2515.0,99.85,36856.0,700.0,99.85,30951.0,603.0,99.845,47926.0,568.0,99.84,28179.0,4414.0,99.845,28351.0,4929.0,99.845,22735.0,586.0,99.84,16489.0,293.0,99.835,17763.0,201.0,99.83,21994.0,310.0,99.825,26753.0,993.0,99.825,13979.0,546.0,99.815,16322.0,1047.0,99.805,6434.0,568.0,99.8,5986.0,230.0,99.79,5269.0,51.0,99.78,4597.0,265.0,99.765,7633.0,508.0,99.76,8024.0,628.0,99.74,4771.0,282.0,99.715,4462.0,2166.0,99.69,900.0,5.0,99.665,573.0,4.0,99.645,1655.0,30.0,99.61,1915.0,10.0,99.565,867.0,NaN,99.535,655.0,NaN,99.5,1201.0,NaN,99.44,923.0,4.0,99.41,99.365,99.3,99.255,99.21,NaN,NaN,NaN,NaN,NaN,NaN,NaN,NaN,NaN,NaN,NaN,NaN,NaN,NaN,NaN,NaN,NaN,NaN,NaN,NaN,NaN,NaN,NaN,NaN,NaN,NaN,NaN,NaN,NaN,NaN,NaN
2012-05-07,NaN,NaN,NaN,NaN,NaN,NaN,NaN,NaN,NaN,NaN,NaN,NaN,99.8575,49211.0,117.0,99.855,37929.0,1952.0,99.855,43531.0,596.0,99.85,36730.0,659.0,99.845,31514.0,798.0,99.845,48279.0,626.0,99.84,28116.0,417.0,99.845,28654.0,1219.0,99.845,23118.0,942.0,99.84,16761.0,474.0,99.835,18047.0,810.0,99.83,22155.0,361.0,99.825,26705.0,576.0,99.825,14113.0,741.0,99.82,16319.0,1003.0,99.81,6514.0,637.0,99.805,6052.0,433.0,99.795,5270.0,119.0,99.785,4543.0,279.0,99.77,7190.0,1247.0,99.765,8200.0,675.0,99.745,4779.0,231.0,99.72,4451.0,31.0,99.695,901.0,1.0,99.67,573.0,1.0,99.65,1655.0,10.0,99.62,1915.0,NaN,99.575,867.0,NaN,99.545,655.0,NaN,99.51,1201.0,NaN,99.455,923.0,NaN,99.425,99.38,99.32,99.275,99.23,NaN,NaN,NaN,NaN,NaN,NaN,NaN,NaN,NaN,NaN,NaN,NaN,NaN,NaN,NaN,NaN,NaN,NaN,NaN,NaN,NaN,NaN,NaN,NaN,NaN,NaN,NaN,NaN,NaN,NaN,NaN
2012-05-08,NaN,NaN,NaN,NaN,NaN,NaN,NaN,NaN,NaN,NaN,NaN,NaN,99.8525,49970.0,2439.0,99.855,35757.0,5269.0,99.85,43607.0,2063.0,99.85,37589.0,1445.0,99.845,32013.0,1897.0,99.84,48254.0,854.0,99.84,28237.0,702.0,99.845,28908.0,1006.0,99.84,23467.0,983.0,99.84,16565.0,701.0,99.835,17992.0,380.0,99.83,21462.0,1306.0,99.825,26447.0,673.0,99.825,14199.0,377.0,99.815,16411.0,433.0,99.805,6368.0,824.0,99.8,6189.0,700.0,99.795,5466.0,590.0,99.785,4650.0,561.0,99.77,7285.0,770.0,99.765,8634.0,654.0,99.75,4585.0,460.0,99.735,4586.0,398.0,99.715,872.0,49.0,99.69,573.0,20.0,99.67,1707.0,52.0,99.64,1935.0,20.0,99.595,867.0,NaN,99.565,655.0,NaN,99.535,1203.0,3.0,99.48,922.0,14.0,99.45,99.405,99.345,99.3,99.255,NaN,NaN,NaN,NaN,NaN,NaN,NaN,NaN,NaN,NaN,NaN,NaN,NaN,NaN,NaN,NaN,NaN,NaN,NaN,NaN,NaN,NaN,NaN,NaN,NaN,NaN,NaN,NaN,NaN,NaN,NaN
2012-05-09,NaN,NaN,NaN,NaN,NaN,NaN,NaN,NaN,NaN,NaN,NaN,NaN,99.85,52472.0,6302.0,99.855,33573.0,6458.0,99.85,43366.0,3210.0,99.85,39013.0,2669.0,99.845,32296.0,2031.0,99.84,49169.0,1589.0,99.835,28748.0,2275.0,99.84,29830.0,1963.0,99.84,23565.0,266.0,99.84,16697.0,938.0,99.835,18113.0,814.0,99.83,21132.0,670.0,99.825,26519.0,608.0,99.825,14435.0,824.0,99.815,16557.0,517.0,99.805,6403.0,450.0,99.8,6339.0,949.0,99.795,6056.0,1374.0,99.785,5142.0,1782.0,99.775,7185.0,581.0,99.77,9260.0,1037.0,99.755,4276.0,1390.0,99.74,4747.0,519.0,99.72,924.0,118.0,99.695,553.0,30.0,99.675,1706.0,40.0,99.645,1960.0,29.0,99.6,872.0,14.0,99.58,659.0,4.0,99.55,1207.0,4.0,99.495,922.0,NaN,99.465,99.42,99.36,99.315,99.27,NaN,NaN,NaN,NaN,NaN,NaN,NaN,NaN,NaN,NaN,NaN,NaN,NaN,NaN,NaN,NaN,NaN,NaN,NaN,NaN,NaN,NaN,NaN,NaN,NaN,NaN,NaN,NaN,NaN,NaN,NaN
2012-05-10,NaN,NaN,NaN,NaN,NaN,NaN,NaN,NaN,NaN,NaN,NaN,NaN,99.8475,52307.0,1635.0,99.85,37288.0,6886.0,99.85,43916.0,1457.0,99.85,39139.0,188.0,99.845,32293.0,340.0,99.84,49280.0,233.0,99.835,29126.0,675.0,99.84,30639.0,813.0,99.84,23570.0,18.0,99.835,16872.0,250.0,99.835,18119.0,370.0,99.83,21326.0,807.0,99.825,26550.0,641.0,99.825,14661.0,714.0,99.815,16671.0,225.0,99.805,6393.0,140.0,99.8,6327.0,170.0,99.795,6071.0,41.0,99.785,5200.0,114.0,99.775,7232.0,209.0,99.77,9156.0,251.0,99.75,4237.0,104.0,99.73,4746.0,1.0,99.71,922.0,3.0,99.685,553.0,NaN,99.665,1708.0,2.0,99.635,1961.0,2.0,99.59,872.0,NaN,99.57,659.0,NaN,99.54,1210.0,3.0,99.485,922.0,NaN,99.455,99.41,99.35,99.305,99.26,NaN,NaN,NaN,NaN,NaN,NaN,NaN,NaN,NaN,NaN,NaN,NaN,NaN,NaN,NaN,NaN,NaN,NaN,NaN,NaN,NaN,NaN,NaN,NaN,NaN,NaN,NaN,NaN,NaN,NaN,NaN
2012-05-11,NaN,NaN,NaN,NaN,NaN,NaN,NaN,NaN,NaN,NaN,NaN,NaN,99.845,52804.0,2249.0,99.85,38273.0,3453.0,99.85,44482.0,1483.0,99.85,39711.0,1650.0,99.84,32071.0,2118.0,99.835,50003.0,2110.0,99.835,30393.0,2155.0,99.835,29795.0,2260.0,99.835,23536.0,520.0,99.835,16741.0,379.0,99.835,18340.0,1312.0,99.83,22015.0,920.0,99.825,26808.0,763.0,99.82,15067.0,705.0,99.815,16731.0,309.0,99.805,6389.0,176.0,99.8,6371.0,403.0,99.795,6150.0,254.0,99.785,5157.0,113.0,99.775,6482.0,1901.0,99.77,9215.0,271.0,99.75,4234.0,15.0,99.73,4769.0,180.0,99.71,907.0,89.0,99.685,562.0,20.0,99.665,1721.0,19.0,99.64,1961.0,NaN,99.6,872.0,NaN,99.58,659.0,NaN,99.55,1210.0,NaN,99.495,935.0,13.0,99.465,99.42,99.365,99.32,99.275,NaN,NaN,NaN,NaN,NaN,NaN,NaN,NaN,NaN,NaN,NaN,NaN,NaN,NaN,NaN,NaN,NaN,NaN,NaN,NaN,NaN,NaN,NaN,NaN,NaN,NaN,NaN,NaN,NaN,NaN,NaN
2012-05-14,NaN,NaN,NaN,NaN,NaN,NaN,NaN,NaN,NaN,NaN,NaN,NaN,99.8425,53042.0,2156.0,99.845,38083.0,1021.0,99.845,45901.0,3936.0,99.845,41815.0,3518.0,99.84,32488.0,1371.0,99.835,50374.0,1175.0,99.835,29876.0,884.0,99.835,29064.0,1641.0,99.835,22912.0,1408.0,99.835,16921.0,962.0,99.835,18352.0,494.0,99.83,22216.0,751.0,99.825,26748.0,133.0,99.82,15253.0,252.0,99.815,16668.0,144.0,99.805,6515.0,164.0,99.8,6517.0,177.0,99.795,6132.0,38.0,99.785,5152.0,35.0,99.775,6271.0,326.0,99.77,9141.0,166.0,99.75,4210.0,144.0,99.73,4783.0,17.0,99.71,868.0,39.0,99.685,545.0,21.0,99.675,1722.0,10.0,99.65,1966.0,19.0,99.61,891.0,19.0,99.59,645.0,39.0,99.56,1229.0,39.0,99.51,935.0,81.0,99.485,99.45,99.395,99.355,99.315,NaN,NaN,NaN,NaN,NaN,NaN,NaN,NaN,NaN,NaN,NaN,NaN,NaN,NaN,NaN,NaN,NaN,NaN,NaN,NaN,NaN,NaN,NaN,NaN,NaN,NaN,NaN,NaN,NaN,NaN,NaN
2012-05-15,NaN,NaN,NaN,NaN,NaN,NaN,NaN,NaN,NaN,NaN,NaN,NaN,99.8425,54243.0,2136.0,99.845,42991.0,6656.0,99.845,46408.0,4284.0,99.845,42708.0,3097.0,99.84,32742.0,1698.0,99.835,50721.0,922.0,99.835,30587.0,2844.0,99.835,29030.0,665.0,99.835,23133.0,621.0,99.835,16807.0,828.0,99.835,18269.0,1009.0,99.83,22490.0,731.0,99.825,26695.0,903.0,99.82,15086.0,214.0,99.81,16495.0,258.0,99.8,6538.0,301.0,99.795,6484.0,262.0,99.79,6147.0,31.0,99.78,5109.0,109.0,99.77,6247.0,182.0,99.765,9141.0,59.0,99.745,4228.0,70.0,99.725,4833.0,66.0,99.705,865.0,18.0,99.68,545.0,NaN,99.67,1722.0,1.0,99.64,2051.0,86.0,99.6,976.0,86.0,99.575,644.0,1.0,99.545,1229.0,NaN,99.495,935.0,11.0,99.47,99.435,99.375,99.33,99.285,NaN,NaN,NaN,NaN,NaN,NaN,NaN,NaN,NaN,NaN,NaN,NaN,NaN,NaN,NaN,NaN,NaN,NaN,NaN,NaN,NaN,NaN,NaN,NaN,NaN,NaN,NaN,NaN,NaN,NaN,NaN
2012-05-16,NaN,NaN,NaN,NaN,NaN,NaN,NaN,NaN,NaN,NaN,NaN,NaN,99.8425,54608.0,1065.0,99.84,43488.0,3297.0,99.84,46920.0,3042.0,99.84,42349.0,1167.0,99.835,32563.0,1829.0,99.835,51193.0,2067.0,99.83,30930.0,1409.0,99.835,28943.0,1000.0,99.83,23040.0,395.0,99.83,16957.0,611.0,99.83,18251.0,1104.0,99.825,22671.0,1033.0,99.82,26699.0,1265.0,99.815,15897.0,1823.0,99.805,16703.0,1195.0,99.795,6480.0,798.0,99.79,6410.0,1070.0,99.78,6401.0,723.0,99.77,5061.0,486.0,99.76,6245.0,639.0,99.755,9167.0,308.0,99.735,4326.0,239.0,99.72,4902.0,296.0,99.7,829.0,170.0,99.68,560.0,23.0,99.67,1753.0,48.0,99.64,2066.0,96.0,99.605,985.0,56.0,99.58,643.0,67.0,99.555,1229.0,96.0,99.51,890.0,165.0,99.485,99.45,99.4,99.355,99.315,NaN,NaN,NaN,NaN,NaN,NaN,NaN,NaN,NaN,NaN,NaN,NaN,NaN,NaN,NaN,NaN,NaN,NaN,NaN,NaN,NaN,NaN,NaN,NaN,NaN,NaN,NaN,NaN,NaN,NaN,NaN
2012-05-17,NaN,NaN,NaN,NaN,NaN,NaN,NaN,NaN,NaN,NaN,NaN,NaN,99.84,53876.0,5312.0,99.835,42941.0,2339.0,99.835,46978.0,3336.0,99.835,42441.0,2565.0,99.83,32651.0,1243.0,99.83,51279.0,1215.0,99.825,30703.0,1310.0,99.83,28832.0,581.0,99.825,23196.0,657.0,99.825,17313.0,786.0,99.825,18062.0,707.0,99.82,22719.0,315.0,99.815,26756.0,215.0,99.81,15873.0,530.0,99.8,16814.0,603.0,99.79,6493.0,222.0,99.78,6423.0,78.0,99.77,6367.0,50.0,99.76,5035.0,52.0,99.75,6285.0,97.0,99.745,9213.0,69.0,99.725,4467.0,169.0,99.71,4801.0,244.0,99.69,830.0,18.0,99.67,563.0,93.0,99.66,2242.0,565.0,99.635,2488.0,638.0,99.6,931.0,187.0,99.575,654.0,50.0,99.55,1144.0,156.0,99.505,735.0,176.0,99.48,99.445,99.395,99.355,99.32,NaN,NaN,NaN,NaN,NaN,NaN,NaN,NaN,NaN,NaN,NaN,NaN,NaN,NaN,NaN,NaN,NaN,NaN,NaN,NaN,NaN,NaN,NaN,NaN,NaN,NaN,NaN,NaN,NaN,NaN,NaN
2012-05-18,NaN,NaN,NaN,NaN,NaN,NaN,NaN,NaN,NaN,NaN,NaN,NaN,99.84,54367.0,1431.0,99.835,43016.0,1380.0,99.835,47613.0,1755.0,99.835,42485.0,202.0,99.83,32705.0,130.0,99.83,51131.0,579.0,99.825,30659.0,308.0,99.83,28732.0,189.0,99.825,23215.0,37.0,99.82,17290.0,190.0,99.82,18060.0,250.0,99.815,22809.0,363.0,99.81,26638.0,413.0,99.805,15899.0,271.0,99.795,16773.0,183.0,99.785,6360.0,279.0,99.775,6432.0,226.0,99.765,6542.0,309.0,99.755,5071.0,321.0,99.745,6283.0,60.0,99.74,9194.0,156.0,99.72,4447.0,42.0,99.705,4803.0,24.0,99.685,830.0,85.0,99.665,600.0,86.0,99.655,2326.0,213.0,99.63,2567.0,84.0,99.595,931.0,NaN,99.57,654.0,NaN,99.545,1158.0,34.0,99.5,735.0,34.0,99.475,99.44,99.39,99.35,99.315,NaN,NaN,NaN,NaN,NaN,NaN,NaN,NaN,NaN,NaN,NaN,NaN,NaN,NaN,NaN,NaN,NaN,NaN,NaN,NaN,NaN,NaN,NaN,NaN,NaN,NaN,NaN,NaN,NaN,NaN,NaN
2012-05-21,NaN,NaN,NaN,NaN,NaN,NaN,NaN,NaN,NaN,NaN,NaN,NaN,99.84,54913.0,1024.0,99.835,42940.0,663.0,99.835,48890.0,1617.0,99.835,42419.0,667.0,99.83,33166.0,978.0,99.83,51223.0,802.0,99.825,31307.0,1231.0,99.83,28311.0,1301.0,99.825,23162.0,74.0,99.82,17256.0,108.0,99.82,18159.0,111.0,99.815,22811.0,527.0,99.81,26713.0,217.0,99.8,16053.0,351.0,99.795,16678.0,413.0,99.78,6364.0,72.0,99.77,6503.0,81.0,99.76,6542.0,9.0,99.75,5082.0,65.0,99.745,6285.0,204.0,99.735,9174.0,106.0,99.72,4408.0,75.0,99.705,4803.0,NaN,99.685,830.0,NaN,99.675,600.0,NaN,99.665,2390.0,64.0,99.64,2631.0,64.0,99.605,931.0,NaN,99.58,654.0,NaN,99.555,1158.0,NaN,99.51,735.0,NaN,99.485,99.45,99.4,99.36,99.325,NaN,NaN,NaN,NaN,NaN,NaN,NaN,NaN,NaN,NaN,NaN,NaN,NaN,NaN,NaN,NaN,NaN,NaN,NaN,NaN,NaN,NaN,NaN,NaN,NaN,NaN,NaN,NaN,NaN,NaN,NaN
2012-05-22,NaN,NaN,NaN,NaN,NaN,NaN,NaN,NaN,NaN,NaN,NaN,NaN,99.84,54921.0,2011.0,99.84,42195.0,8045.0,99.84,49579.0,6306.0,99.835,42693.0,1649.0,99.83,34759.0,3717.0,99.83,51638.0,679.0,99.825,31046.0,1779.0,99.83,28486.0,1717.0,99.825,23300.0,860.0,99.82,17053.0,803.0,99.82,18397.0,611.0,99.815,22985.0,1844.0,99.805,26586.0,2391.0,99.8,15410.0,1724.0,99.795,16477.0,698.0,99.78,6788.0,696.0,99.77,6797.0,399.0,99.76,6591.0,305.0,99.75,5543.0,706.0,99.745,6247.0,517.0,99.735,9313.0,353.0,99.72,4427.0,280.0,99.71,4873.0,252.0,99.7,965.0,250.0,99.68,992.0,588.0,99.675,2493.0,709.0,99.65,2696.0,75.0,99.615,1006.0,75.0,99.59,654.0,75.0,99.565,1158.0,NaN,99.52,735.0,NaN,99.495,99.46,99.41,99.37,99.335,NaN,NaN,NaN,NaN,NaN,NaN,NaN,NaN,NaN,NaN,NaN,NaN,NaN,NaN,NaN,NaN,NaN,NaN,NaN,NaN,NaN,NaN,NaN,NaN,NaN,NaN,NaN,NaN,NaN,NaN,NaN
2012-05-23,NaN,NaN,NaN,NaN,NaN,NaN,NaN,NaN,NaN,NaN,NaN,NaN,99.8425,54475.0,3539.0,99.845,42234.0,1355.0,99.84,50159.0,2783.0,99.84,42755.0,741.0,99.835,34820.0,4827.0,99.83,51602.0,2024.0,99.83,30082.0,2611.0,99.83,28480.0,142.0,99.825,23497.0,1434.0,99.82,17088.0,763.0,99.82,17599.0,1593.0,99.815,22133.0,1914.0,99.805,26524.0,519.0,99.8,15281.0,675.0,99.79,15974.0,813.0,99.775,6805.0,316.0,99.77,6799.0,138.0,99.765,6678.0,196.0,99.755,5526.0,168.0,99.75,6179.0,190.0,99.74,9317.0,171.0,99.725,4426.0,86.0,99.715,4874.0,2.0,99.705,986.0,21.0,99.685,1023.0,31.0,99.68,2582.0,121.0,99.655,2764.0,106.0,99.62,1006.0,NaN,99.595,654.0,NaN,99.57,1158.0,NaN,99.525,735.0,NaN,99.5,99.465,99.415,99.375,99.34,NaN,NaN,NaN,NaN,NaN,NaN,NaN,NaN,NaN,NaN,NaN,NaN,NaN,NaN,NaN,NaN,NaN,NaN,NaN,NaN,NaN,NaN,NaN,NaN,NaN,NaN,NaN,NaN,NaN,NaN,NaN
2012-05-24,NaN,NaN,NaN,NaN,NaN,NaN,NaN,NaN,NaN,NaN,NaN,NaN,99.8425,54147.0,6743.0,99.845,40744.0,6240.0,99.84,50850.0,2328.0,99.84,42639.0,2762.0,99.835,35027.0,949.0,99.83,51664.0,1876.0,99.83,30465.0,1000.0,99.83,28411.0,559.0,99.825,23486.0,331.0,99.82,17271.0,643.0,99.82,17596.0,227.0,99.815,22089.0,290.0,99.805,26482.0,311.0,99.8,15372.0,261.0,99.79,15851.0,369.0,99.775,7046.0,464.0,99.77,6741.0,364.0,99.765,6748.0,134.0,99.755,5577.0,182.0,99.75,6148.0,332.0,99.74,9436.0,235.0,99.725,4496.0,120.0,99.715,4868.0,44.0,99.705,999.0,20.0,99.685,1029.0,16.0,99.675,2582.0,10.0,99.65,2764.0,NaN,99.615,1006.0,NaN,99.59,654.0,NaN,99.565,1158.0,NaN,99.52,735.0,NaN,99.495,99.46,99.41,99.37,99.335,NaN,NaN,NaN,NaN,NaN,NaN,NaN,NaN,NaN,NaN,NaN,NaN,NaN,NaN,NaN,NaN,NaN,NaN,NaN,NaN,NaN,NaN,NaN,NaN,NaN,NaN,NaN,NaN,NaN,NaN,NaN
2012-05-25,NaN,NaN,NaN,NaN,NaN,NaN,NaN,NaN,NaN,NaN,NaN,NaN,99.8425,55980.0,2915.0,99.845,42014.0,4128.0,99.84,50454.0,2078.0,99.835,42743.0,1111.0,99.83,35389.0,2405.0,99.825,51912.0,1317.0,99.825,30393.0,857.0,99.83,28196.0,1219.0,99.825,23452.0,394.0,99.82,17310.0,572.0,99.815,17505.0,416.0,99.81,22058.0,435.0,99.8,26352.0,960.0,99.795,15276.0,473.0,99.79,15664.0,418.0,99.775,7073.0,257.0,99.77,6745.0,76.0,99.765,6732.0,477.0,99.755,5530.0,115.0,99.75,6165.0,259.0,99.74,9440.0,40.0,99.725,4504.0,11.0,99.715,4874.0,13.0,99.705,1002.0,4.0,99.685,1030.0,4.0,99.675,2632.0,731.0,99.65,2923.0,253.0,99.615,1067.0,80.0,99.59,673.0,103.0,99.565,1144.0,58.0,99.52,735.0,NaN,99.495,99.46,99.41,99.37,99.335,NaN,NaN,NaN,NaN,NaN,NaN,NaN,NaN,NaN,NaN,NaN,NaN,NaN,NaN,NaN,NaN,NaN,NaN,NaN,NaN,NaN,NaN,NaN,NaN,NaN,NaN,NaN,NaN,NaN,NaN,NaN
2012-05-29,NaN,NaN,NaN,NaN,NaN,NaN,NaN,NaN,NaN,NaN,NaN,NaN,99.8425,55863.0,279.0,99.845,42338.0,3045.0,99.84,50496.0,798.0,99.835,43055.0,2744.0,99.83,35446.0,1424.0,99.825,52069.0,1325.0,99.825,30110.0,1034.0,99.83,28404.0,1160.0,99.825,23855.0,962.0,99.82,17030.0,1095.0,99.82,17444.0,942.0,99.815,22124.0,478.0,99.805,26065.0,1260.0,99.8,14846.0,591.0,99.795,15947.0,722.0,99.78,6911.0,381.0,99.775,6685.0,247.0,99.77,6854.0,235.0,99.76,5505.0,402.0,99.755,6262.0,736.0,99.745,9442.0,62.0,99.73,4506.0,52.0,99.72,4874.0,37.0,99.705,997.0,15.0,99.685,1015.0,29.0,99.665,2621.0,17.0,99.64,2926.0,3.0,99.605,1067.0,63.0,99.58,673.0,93.0,99.555,1112.0,46.0,99.51,720.0,26.0,99.485,99.45,99.4,99.36,99.32,NaN,NaN,NaN,NaN,NaN,NaN,NaN,NaN,NaN,NaN,NaN,NaN,NaN,NaN,NaN,NaN,NaN,NaN,NaN,NaN,NaN,NaN,NaN,NaN,NaN,NaN,NaN,NaN,NaN,NaN,NaN
2012-05-30,NaN,NaN,NaN,NaN,NaN,NaN,NaN,NaN,NaN,NaN,NaN,NaN,99.8425,55894.0,127.0,99.845,44039.0,3207.0,99.84,50375.0,3186.0,99.835,43185.0,2124.0,99.83,35528.0,1899.0,99.83,51547.0,1452.0,99.825,30061.0,1302.0,99.83,28016.0,1279.0,99.83,23508.0,997.0,99.825,16956.0,830.0,99.825,17167.0,1045.0,99.82,21627.0,987.0,99.815,25489.0,769.0,99.81,14451.0,1076.0,99.805,15273.0,1417.0,99.795,6279.0,1767.0,99.79,6490.0,1547.0,99.785,7014.0,1057.0,99.775,5455.0,1041.0,99.77,6217.0,1113.0,99.76,9358.0,196.0,99.75,4350.0,273.0,99.74,4882.0,184.0,99.735,1118.0,481.0,99.715,1133.0,396.0,99.705,2892.0,415.0,99.685,3561.0,819.0,99.655,1002.0,308.0,99.635,742.0,240.0,99.61,1083.0,140.0,99.575,713.0,200.0,99.565,99.53,99.48,99.445,99.415,NaN,NaN,NaN,NaN,NaN,NaN,NaN,NaN,NaN,NaN,NaN,NaN,NaN,NaN,NaN,NaN,NaN,NaN,NaN,NaN,NaN,NaN,NaN,NaN,NaN,NaN,NaN,NaN,NaN,NaN,NaN
2012-05-31,NaN,NaN,NaN,NaN,NaN,NaN,NaN,NaN,NaN,NaN,NaN,NaN,99.8425,55989.0,177.0,99.845,45366.0,3839.0,99.84,49972.0,4831.0,99.835,44353.0,3649.0,99.83,36458.0,3310.0,99.83,53155.0,3421.0,99.83,30890.0,4086.0,99.835,28867.0,2952.0,99.83,23895.0,1178.0,99.83,17153.0,433.0,99.83,17241.0,1351.0,99.825,21584.0,388.0,99.82,26140.0,1742.0,99.815,14528.0,414.0,99.81,15291.0,430.0,99.8,7002.0,1057.0,99.795,7090.0,870.0,99.79,7098.0,695.0,99.78,5486.0,1079.0,99.775,7335.0,2935.0,99.765,10283.0,2366.0,99.755,5492.0,2223.0,99.745,6255.0,2750.0,99.74,1650.0,1067.0,99.73,1537.0,872.0,99.72,3453.0,850.0,99.7,4012.0,665.0,99.67,991.0,41.0,99.65,755.0,28.0,99.63,1017.0,149.0,99.595,693.0,194.0,99.585,99.55,99.5,99.465,99.435,NaN,NaN,NaN,NaN,NaN,NaN,NaN,NaN,NaN,NaN,NaN,NaN,NaN,NaN,NaN,NaN,NaN,NaN,NaN,NaN,NaN,NaN,NaN,NaN,NaN,NaN,NaN,NaN,NaN,NaN,NaN
2012-06-01,NaN,NaN,NaN,NaN,NaN,NaN,NaN,NaN,NaN,NaN,NaN,NaN,NaN,NaN,NaN,99.845,44992.0,1166.0,99.84,51366.0,3855.0,99.84,44827.0,3829.0,99.84,38428.0,8730.0,99.84,51619.0,2750.0,99.84,31202.0,2473.0,99.845,28417.0,1724.0,99.845,23664.0,1771.0,99.84,16761.0,1519.0,99.84,17182.0,1544.0,99.835,20610.0,2054.0,99.83,25910.0,1181.0,99.825,13854.0,1380.0,99.815,14940.0,1034.0,99.81,6825.0,845.0,99.805,7014.0,677.0,99.805,6664.0,1191.0,99.795,5310.0,1261.0,99.795,7238.0,1633.0,99.795,10549.0,1047.0,99.785,5511.0,367.0,99.775,6469.0,416.0,99.77,1694.0,93.0,99.76,1563.0,203.0,99.75,3489.0,140.0,99.73,3992.0,27.0,99.705,1041.0,55.0,99.69,705.0,60.0,99.67,1027.0,20.0,99.64,693.0,10.0,99.63,99.595,99.555,99.525,99.495,99.46,NaN,NaN,NaN,NaN,NaN,NaN,NaN,NaN,NaN,NaN,NaN,NaN,NaN,NaN,NaN,NaN,NaN,NaN,NaN,NaN,NaN,NaN,NaN,NaN,NaN,NaN,NaN,NaN,NaN,NaN
2012-06-04,NaN,NaN,NaN,NaN,NaN,NaN,NaN,NaN,NaN,NaN,NaN,NaN,NaN,NaN,NaN,99.8425,44910.0,2440.0,99.84,51429.0,307.0,99.84,45119.0,1895.0,99.84,38520.0,2165.0,99.84,51204.0,1263.0,99.84,32129.0,1602.0,99.845,28424.0,1218.0,99.845,23480.0,984.0,99.84,16816.0,382.0,99.84,17064.0,892.0,99.835,20274.0,600.0,99.825,25804.0,136.0,99.825,13678.0,315.0,99.815,14626.0,550.0,99.81,6820.0,244.0,99.805,6968.0,150.0,99.805,6614.0,168.0,99.795,5271.0,84.0,99.795,7265.0,277.0,99.795,10379.0,426.0,99.785,5481.0,148.0,99.77,6290.0,341.0,99.765,1695.0,26.0,99.745,1594.0,127.0,99.735,3432.0,84.0,99.715,3992.0,NaN,99.69,1041.0,NaN,99.675,705.0,NaN,99.655,1027.0,NaN,99.625,695.0,2.0,99.605,99.57,99.53,99.5,99.465,99.43,NaN,NaN,NaN,NaN,NaN,NaN,NaN,NaN,NaN,NaN,NaN,NaN,NaN,NaN,NaN,NaN,NaN,NaN,NaN,NaN,NaN,NaN,NaN,NaN,NaN,NaN,NaN,NaN,NaN,NaN
2012-06-05,NaN,NaN,NaN,NaN,NaN,NaN,NaN,NaN,NaN,NaN,NaN,NaN,NaN,NaN,NaN,99.8425,44407.0,729.0,99.84,51547.0,1646.0,99.84,45293.0,3407.0,99.84,38334.0,581.0,99.84,51437.0,1397.0,99.84,32690.0,2026.0,99.845,27911.0,1659.0,99.84,23462.0,1274.0,99.84,16742.0,508.0,99.835,17031.0,827.0,99.835,20258.0,304.0,99.825,25759.0,115.0,99.825,13653.0,185.0,99.815,14229.0,695.0,99.81,6599.0,469.0,99.805,6908.0,235.0,99.805,6496.0,384.0,99.8,5275.0,273.0,99.8,7223.0,651.0,99.795,10360.0,527.0,99.785,5405.0,186.0,99.775,6500.0,375.0,99.77,1691.0,76.0,99.75,1574.0,40.0,99.74,3482.0,62.0,99.72,3993.0,205.0,99.695,1042.0,1.0,99.68,705.0,1.0,99.66,1027.0,NaN,99.63,695.0,NaN,99.61,99.575,99.535,99.505,99.47,99.435,NaN,NaN,NaN,NaN,NaN,NaN,NaN,NaN,NaN,NaN,NaN,NaN,NaN,NaN,NaN,NaN,NaN,NaN,NaN,NaN,NaN,NaN,NaN,NaN,NaN,NaN,NaN,NaN,NaN,NaN
2012-06-06,NaN,NaN,NaN,NaN,NaN,NaN,NaN,NaN,NaN,NaN,NaN,NaN,NaN,NaN,NaN,99.8425,44431.0,384.0,99.84,51910.0,1041.0,99.84,45830.0,1599.0,99.84,38467.0,937.0,99.84,51283.0,591.0,99.84,32659.0,659.0,99.845,28291.0,999.0,99.84,23510.0,457.0,99.84,16552.0,361.0,99.835,17314.0,915.0,99.835,20330.0,298.0,99.825,25563.0,398.0,99.825,13780.0,590.0,99.815,14084.0,365.0,99.81,6547.0,258.0,99.805,6858.0,383.0,99.805,6404.0,226.0,99.795,5550.0,692.0,99.795,7085.0,682.0,99.785,10446.0,277.0,99.775,5405.0,84.0,99.765,6266.0,278.0,99.745,1644.0,104.0,99.725,1560.0,54.0,99.715,3502.0,26.0,99.695,3993.0,NaN,99.67,1049.0,7.0,99.655,705.0,13.0,99.63,1049.0,75.0,99.59,722.0,75.0,99.57,99.535,99.49,99.45,99.415,99.375,NaN,NaN,NaN,NaN,NaN,NaN,NaN,NaN,NaN,NaN,NaN,NaN,NaN,NaN,NaN,NaN,NaN,NaN,NaN,NaN,NaN,NaN,NaN,NaN,NaN,NaN,NaN,NaN,NaN,NaN
2012-06-07,NaN,NaN,NaN,NaN,NaN,NaN,NaN,NaN,NaN,NaN,NaN,NaN,NaN,NaN,NaN,99.8425,44449.0,238.0,99.84,52274.0,2109.0,99.84,46483.0,2055.0,99.84,38219.0,933.0,99.84,51196.0,358.0,99.84,32909.0,1083.0,99.845,27403.0,1979.0,99.84,23522.0,1158.0,99.84,16659.0,482.0,99.835,17226.0,989.0,99.835,21400.0,1587.0,99.825,25661.0,358.0,99.825,13837.0,244.0,99.815,14130.0,183.0,99.81,6564.0,245.0,99.805,6725.0,407.0,99.805,6454.0,171.0,99.795,5613.0,172.0,99.795,7190.0,213.0,99.785,10703.0,404.0,99.775,5575.0,288.0,99.765,6184.0,282.0,99.745,1653.0,30.0,99.73,1648.0,164.0,99.72,3576.0,453.0,99.7,3999.0,74.0,99.675,1049.0,6.0,99.66,705.0,6.0,99.635,1049.0,NaN,99.595,722.0,NaN,99.575,99.535,99.49,99.45,99.415,99.375,NaN,NaN,NaN,NaN,NaN,NaN,NaN,NaN,NaN,NaN,NaN,NaN,NaN,NaN,NaN,NaN,NaN,NaN,NaN,NaN,NaN,NaN,NaN,NaN,NaN,NaN,NaN,NaN,NaN,NaN
2012-06-08,NaN,NaN,NaN,NaN,NaN,NaN,NaN,NaN,NaN,NaN,NaN,NaN,NaN,NaN,NaN,99.8425,44459.0,118.0,99.84,52719.0,2125.0,99.84,46399.0,574.0,99.84,37962.0,359.0,99.84,51030.0,706.0,99.835,32848.0,338.0,99.84,27521.0,437.0,99.84,23536.0,69.0,99.835,16749.0,117.0,99.835,17332.0,177.0,99.835,21443.0,127.0,99.825,25592.0,287.0,99.825,14137.0,474.0,99.815,14145.0,103.0,99.81,6565.0,95.0,99.805,6706.0,39.0,99.805,6572.0,188.0,99.795,5762.0,257.0,99.795,7592.0,452.0,99.785,10772.0,271.0,99.775,5602.0,135.0,99.765,5905.0,279.0,99.745,1653.0,NaN,99.73,1649.0,1.0,99.72,3578.0,53.0,99.7,4019.0,101.0,99.675,1096.0,50.0,99.66,754.0,49.0,99.635,1049.0,NaN,99.595,722.0,NaN,99.575,99.54,99.495,99.455,99.42,99.38,NaN,NaN,NaN,NaN,NaN,NaN,NaN,NaN,NaN,NaN,NaN,NaN,NaN,NaN,NaN,NaN,NaN,NaN,NaN,NaN,NaN,NaN,NaN,NaN,NaN,NaN,NaN,NaN,NaN,NaN
2012-06-11,NaN,NaN,NaN,NaN,NaN,NaN,NaN,NaN,NaN,NaN,NaN,NaN,NaN,NaN,NaN,99.835,44348.0,1891.0,99.835,53408.0,3096.0,99.835,46313.0,940.0,99.835,37978.0,589.0,99.835,50329.0,1553.0,99.83,32634.0,651.0,99.835,27369.0,883.0,99.835,23332.0,755.0,99.835,16755.0,54.0,99.835,17362.0,309.0,99.83,21447.0,763.0,99.825,25721.0,713.0,99.825,14155.0,246.0,99.815,14225.0,262.0,99.81,6487.0,223.0,99.805,6674.0,91.0,99.805,6625.0,170.0,99.795,5644.0,259.0,99.795,7622.0,204.0,99.785,10763.0,181.0,99.775,5665.0,314.0,99.765,5946.0,209.0,99.745,1635.0,99.0,99.73,1635.0,92.0,99.72,3579.0,89.0,99.7,4021.0,84.0,99.675,1137.0,187.0,99.66,934.0,232.0,99.635,1049.0,NaN,99.595,722.0,NaN,99.575,99.545,99.5,99.465,99.43,99.39,NaN,NaN,NaN,NaN,NaN,NaN,NaN,NaN,NaN,NaN,NaN,NaN,NaN,NaN,NaN,NaN,NaN,NaN,NaN,NaN,NaN,NaN,NaN,NaN,NaN,NaN,NaN,NaN,NaN,NaN
2012-06-12,NaN,NaN,NaN,NaN,NaN,NaN,NaN,NaN,NaN,NaN,NaN,NaN,NaN,NaN,NaN,99.8325,42359.0,5052.0,99.83,53376.0,11653.0,99.825,46785.0,12827.0,99.825,38376.0,6128.0,99.825,50670.0,2251.0,99.825,32060.0,3266.0,99.83,27444.0,2170.0,99.825,22823.0,2632.0,99.825,16581.0,1251.0,99.825,18188.0,1704.0,99.82,22119.0,1997.0,99.82,25844.0,1165.0,99.82,15099.0,1622.0,99.81,13498.0,1765.0,99.805,6332.0,467.0,99.8,6641.0,107.0,99.8,6456.0,695.0,99.79,5578.0,579.0,99.785,7680.0,638.0,99.775,10756.0,337.0,99.765,5693.0,519.0,99.75,6080.0,441.0,99.735,1718.0,97.0,99.72,1772.0,211.0,99.71,3535.0,82.0,99.69,4043.0,44.0,99.665,1209.0,89.0,99.65,979.0,45.0,99.625,1049.0,NaN,99.585,722.0,NaN,99.565,99.535,99.49,99.455,99.41,99.38,NaN,NaN,NaN,NaN,NaN,NaN,NaN,NaN,NaN,NaN,NaN,NaN,NaN,NaN,NaN,NaN,NaN,NaN,NaN,NaN,NaN,NaN,NaN,NaN,NaN,NaN,NaN,NaN,NaN,NaN
2012-06-13,NaN,NaN,NaN,NaN,NaN,NaN,NaN,NaN,NaN,NaN,NaN,NaN,NaN,NaN,NaN,99.8325,41301.0,3305.0,99.83,55700.0,4405.0,99.825,47476.0,1621.0,99.825,40506.0,6714.0,99.825,50649.0,2145.0,99.825,32426.0,774.0,99.83,27531.0,1040.0,99.825,22936.0,968.0,99.825,17120.0,2249.0,99.825,18619.0,1797.0,99.82,21969.0,1425.0,99.82,26491.0,1762.0,99.82,15179.0,621.0,99.81,13523.0,180.0,99.805,6146.0,972.0,99.8,6691.0,615.0,99.795,6166.0,876.0,99.785,5735.0,286.0,99.78,7679.0,547.0,99.775,10743.0,243.0,99.765,5661.0,62.0,99.75,6080.0,20.0,99.735,1718.0,1.0,99.72,1779.0,8.0,99.71,3549.0,16.0,99.695,4043.0,NaN,99.67,1249.0,40.0,99.655,1019.0,40.0,99.635,1049.0,NaN,99.6,712.0,45.0,99.58,99.55,99.51,99.475,99.445,99.415,NaN,NaN,NaN,NaN,NaN,NaN,NaN,NaN,NaN,NaN,NaN,NaN,NaN,NaN,NaN,NaN,NaN,NaN,NaN,NaN,NaN,NaN,NaN,NaN,NaN,NaN,NaN,NaN,NaN,NaN
2012-06-14,NaN,NaN,NaN,NaN,NaN,NaN,NaN,NaN,NaN,NaN,NaN,NaN,NaN,NaN,NaN,99.8325,40697.0,3581.0,99.83,57117.0,4150.0,99.825,47546.0,970.0,99.825,44408.0,6847.0,99.825,50653.0,813.0,99.825,32685.0,826.0,99.83,27650.0,678.0,99.825,23332.0,747.0,99.825,17230.0,615.0,99.825,18880.0,957.0,99.82,23102.0,2458.0,99.82,26769.0,687.0,99.82,15030.0,918.0,99.81,13656.0,205.0,99.805,6166.0,297.0,99.8,6976.0,425.0,99.795,6124.0,85.0,99.785,5724.0,306.0,99.78,7545.0,1134.0,99.775,11067.0,742.0,99.765,5614.0,62.0,99.75,5976.0,117.0,99.735,1720.0,8.0,99.72,1780.0,2.0,99.71,3549.0,2.0,99.69,3970.0,126.0,99.66,1282.0,77.0,99.64,1119.0,102.0,99.62,1050.0,1.0,99.585,728.0,16.0,99.565,99.535,99.495,99.46,99.43,99.4,NaN,NaN,NaN,NaN,NaN,NaN,NaN,NaN,NaN,NaN,NaN,NaN,NaN,NaN,NaN,NaN,NaN,NaN,NaN,NaN,NaN,NaN,NaN,NaN,NaN,NaN,NaN,NaN,NaN,NaN
2012-06-15,NaN,NaN,NaN,NaN,NaN,NaN,NaN,NaN,NaN,NaN,NaN,NaN,NaN,NaN,NaN,99.835,40704.0,1098.0,99.835,59382.0,6149.0,99.835,52570.0,10862.0,99.835,45323.0,5630.0,99.835,50757.0,1888.0,99.835,32463.0,1783.0,99.84,27598.0,471.0,99.84,23106.0,556.0,99.835,17389.0,721.0,99.835,18797.0,563.0,99.83,23146.0,1229.0,99.83,26883.0,1339.0,99.83,15802.0,1584.0,99.825,13883.0,1189.0,99.82,6028.0,977.0,99.815,6849.0,843.0,99.81,6307.0,331.0,99.805,5827.0,519.0,99.8,7776.0,1128.0,99.795,11393.0,822.0,99.785,5566.0,325.0,99.77,5971.0,271.0,99.76,1750.0,34.0,99.745,1783.0,40.0,99.74,3454.0,352.0,99.725,3991.0,118.0,99.7,1293.0,11.0,99.68,1125.0,6.0,99.66,1053.0,3.0,99.63,728.0,1.0,99.61,99.58,99.54,99.505,99.475,99.445,NaN,NaN,NaN,NaN,NaN,NaN,NaN,NaN,NaN,NaN,NaN,NaN,NaN,NaN,NaN,NaN,NaN,NaN,NaN,NaN,NaN,NaN,NaN,NaN,NaN,NaN,NaN,NaN,NaN,NaN
2012-06-18,NaN,NaN,NaN,NaN,NaN,NaN,NaN,NaN,NaN,NaN,NaN,NaN,NaN,NaN,NaN,99.8375,36601.0,7811.0,99.835,60768.0,6605.0,99.835,53372.0,5296.0,99.835,45684.0,1729.0,99.835,50511.0,585.0,99.835,32442.0,236.0,99.84,27549.0,423.0,99.84,22834.0,1600.0,99.835,17289.0,867.0,99.84,18918.0,1025.0,99.835,22646.0,1935.0,99.835,26515.0,2498.0,99.835,15930.0,1912.0,99.835,13995.0,759.0,99.83,5892.0,891.0,99.825,6781.0,419.0,99.82,6254.0,374.0,99.815,5781.0,418.0,99.815,8134.0,638.0,99.815,11478.0,665.0,99.805,5401.0,459.0,99.79,6084.0,204.0,99.78,1757.0,113.0,99.765,1814.0,142.0,99.76,3446.0,54.0,99.745,3980.0,49.0,99.72,1296.0,20.0,99.7,1131.0,8.0,99.68,1054.0,2.0,99.65,728.0,NaN,99.63,99.6,99.56,99.525,99.495,99.465,NaN,NaN,NaN,NaN,NaN,NaN,NaN,NaN,NaN,NaN,NaN,NaN,NaN,NaN,NaN,NaN,NaN,NaN,NaN,NaN,NaN,NaN,NaN,NaN,NaN,NaN,NaN,NaN,NaN,NaN
2012-06-19,NaN,NaN,NaN,NaN,NaN,NaN,NaN,NaN,NaN,NaN,NaN,NaN,NaN,NaN,NaN,99.835,36957.0,5756.0,99.835,57742.0,8608.0,99.835,54480.0,5042.0,99.835,46933.0,5080.0,99.835,50925.0,2301.0,99.835,32592.0,2231.0,99.84,26568.0,1578.0,99.835,22486.0,1903.0,99.83,16875.0,3142.0,99.835,18510.0,2321.0,99.83,22320.0,674.0,99.825,26289.0,650.0,99.825,15485.0,848.0,99.82,14020.0,342.0,99.815,5856.0,430.0,99.81,6695.0,141.0,99.805,6258.0,282.0,99.8,5782.0,165.0,99.8,8222.0,178.0,99.795,11517.0,120.0,99.785,5344.0,148.0,99.77,5562.0,616.0,99.76,1756.0,19.0,99.75,1830.0,18.0,99.745,3446.0,NaN,99.73,3980.0,NaN,99.705,1296.0,NaN,99.685,1131.0,NaN,99.665,1054.0,NaN,99.635,738.0,10.0,99.615,99.585,99.545,99.51,99.48,99.45,NaN,NaN,NaN,NaN,NaN,NaN,NaN,NaN,NaN,NaN,NaN,NaN,NaN,NaN,NaN,NaN,NaN,NaN,NaN,NaN,NaN,NaN,NaN,NaN,NaN,NaN,NaN,NaN,NaN,NaN
2012-06-20,NaN,NaN,NaN,NaN,NaN,NaN,NaN,NaN,NaN,NaN,NaN,NaN,NaN,NaN,NaN,99.835,37257.0,2976.0,99.83,58724.0,9694.0,99.83,54712.0,7614.0,99.825,48031.0,4340.0,99.825,51411.0,3274.0,99.825,32840.0,4025.0,99.83,26794.0,3655.0,99.825,22829.0,3232.0,99.825,17119.0,2091.0,99.825,18209.0,1607.0,99.825,21906.0,1673.0,99.82,26209.0,975.0,99.82,14846.0,2053.0,99.815,14079.0,1154.0,99.81,5783.0,834.0,99.805,6151.0,1613.0,99.8,6285.0,791.0,99.795,5654.0,883.0,99.79,7995.0,865.0,99.78,11431.0,818.0,99.77,5149.0,606.0,99.755,5396.0,371.0,99.745,1726.0,94.0,99.735,1895.0,132.0,99.725,3605.0,875.0,99.705,3944.0,93.0,99.68,1302.0,70.0,99.66,1158.0,28.0,99.64,1054.0,1.0,99.6,738.0,NaN,99.58,99.545,99.505,99.47,99.435,99.405,NaN,NaN,NaN,NaN,NaN,NaN,NaN,NaN,NaN,NaN,NaN,NaN,NaN,NaN,NaN,NaN,NaN,NaN,NaN,NaN,NaN,NaN,NaN,NaN,NaN,NaN,NaN,NaN,NaN,NaN
2012-06-21,NaN,NaN,NaN,NaN,NaN,NaN,NaN,NaN,NaN,NaN,NaN,NaN,NaN,NaN,NaN,99.8325,44152.0,9701.0,99.83,60016.0,2434.0,99.83,55137.0,2431.0,99.825,48584.0,2914.0,99.825,51475.0,871.0,99.825,33083.0,993.0,99.83,26248.0,1442.0,99.825,22940.0,576.0,99.82,16457.0,1471.0,99.82,17761.0,1046.0,99.82,19333.0,350.0,99.82,26235.0,129.0,99.82,14754.0,402.0,99.815,14085.0,181.0,99.81,5710.0,225.0,99.805,5945.0,521.0,99.8,6238.0,213.0,99.795,5475.0,414.0,99.79,7947.0,334.0,99.78,11657.0,521.0,99.77,4980.0,411.0,99.755,5436.0,505.0,99.745,1652.0,235.0,99.735,1682.0,380.0,99.72,3790.0,338.0,99.7,3921.0,39.0,99.67,1292.0,10.0,99.65,1138.0,20.0,99.63,1049.0,5.0,99.59,738.0,5.0,99.57,99.54,99.5,99.465,99.43,99.4,NaN,NaN,NaN,NaN,NaN,NaN,NaN,NaN,NaN,NaN,NaN,NaN,NaN,NaN,NaN,NaN,NaN,NaN,NaN,NaN,NaN,NaN,NaN,NaN,NaN,NaN,NaN,NaN,NaN,NaN
2012-06-22,NaN,NaN,NaN,NaN,NaN,NaN,NaN,NaN,NaN,NaN,NaN,NaN,NaN,NaN,NaN,99.8325,44379.0,819.0,99.825,62206.0,5227.0,99.825,55484.0,2295.0,99.82,48738.0,1550.0,99.82,51445.0,1563.0,99.82,33342.0,527.0,99.82,28964.0,5628.0,99.82,23803.0,3952.0,99.82,17148.0,1402.0,99.815,17420.0,822.0,99.815,21641.0,324.0,99.815,26376.0,697.0,99.81,14822.0,276.0,99.805,14214.0,696.0,99.8,5415.0,456.0,99.795,5877.0,249.0,99.79,6165.0,324.0,99.785,5533.0,248.0,99.78,8010.0,1007.0,99.77,11502.0,1596.0,99.755,4939.0,180.0,99.74,5448.0,177.0,99.73,1628.0,130.0,99.71,1561.0,309.0,99.695,3912.0,180.0,99.675,3919.0,3.0,99.645,1292.0,NaN,99.625,1138.0,NaN,99.6,1049.0,NaN,99.56,738.0,NaN,99.54,99.51,99.47,99.43,99.395,99.355,NaN,NaN,NaN,NaN,NaN,NaN,NaN,NaN,NaN,NaN,NaN,NaN,NaN,NaN,NaN,NaN,NaN,NaN,NaN,NaN,NaN,NaN,NaN,NaN,NaN,NaN,NaN,NaN,NaN,NaN
2012-06-25,NaN,NaN,NaN,NaN,NaN,NaN,NaN,NaN,NaN,NaN,NaN,NaN,NaN,NaN,NaN,99.8325,44299.0,135.0,99.825,62123.0,4738.0,99.825,54397.0,2979.0,99.82,48186.0,1540.0,99.82,51785.0,977.0,99.82,33416.0,186.0,99.82,28360.0,1235.0,99.82,23827.0,575.0,99.82,17244.0,522.0,99.815,17037.0,897.0,99.815,21683.0,562.0,99.815,26198.0,510.0,99.815,14817.0,127.0,99.81,13983.0,444.0,99.805,5294.0,228.0,99.8,5853.0,89.0,99.795,6160.0,15.0,99.79,5493.0,278.0,99.785,7948.0,228.0,99.775,11493.0,141.0,99.76,4857.0,150.0,99.745,5443.0,8.0,99.735,1579.0,52.0,99.715,1567.0,51.0,99.7,3907.0,47.0,99.68,3919.0,NaN,99.65,1292.0,NaN,99.63,1138.0,NaN,99.605,1049.0,NaN,99.565,738.0,7.0,99.545,99.525,99.485,99.445,99.41,99.37,NaN,NaN,NaN,NaN,NaN,NaN,NaN,NaN,NaN,NaN,NaN,NaN,NaN,NaN,NaN,NaN,NaN,NaN,NaN,NaN,NaN,NaN,NaN,NaN,NaN,NaN,NaN,NaN,NaN,NaN
2012-06-26,NaN,NaN,NaN,NaN,NaN,NaN,NaN,NaN,NaN,NaN,NaN,NaN,NaN,NaN,NaN,99.8325,44171.0,1341.0,99.825,61806.0,738.0,99.825,54523.0,1669.0,99.82,48355.0,705.0,99.82,51858.0,391.0,99.82,33459.0,384.0,99.82,27875.0,1886.0,99.82,23576.0,1132.0,99.82,17244.0,198.0,99.815,17360.0,486.0,99.815,21645.0,256.0,99.815,26184.0,156.0,99.81,14899.0,300.0,99.805,14011.0,67.0,99.8,5296.0,296.0,99.795,5872.0,154.0,99.79,6085.0,173.0,99.785,5453.0,125.0,99.78,7939.0,36.0,99.77,11546.0,326.0,99.755,4755.0,387.0,99.74,5206.0,431.0,99.73,1544.0,122.0,99.71,1686.0,123.0,99.695,3954.0,103.0,99.675,3980.0,114.0,99.65,1278.0,14.0,99.63,1138.0,NaN,99.61,1049.0,NaN,99.575,738.0,NaN,99.555,99.535,99.495,99.455,99.425,99.385,NaN,NaN,NaN,NaN,NaN,NaN,NaN,NaN,NaN,NaN,NaN,NaN,NaN,NaN,NaN,NaN,NaN,NaN,NaN,NaN,NaN,NaN,NaN,NaN,NaN,NaN,NaN,NaN,NaN,NaN
2012-06-27,NaN,NaN,NaN,NaN,NaN,NaN,NaN,NaN,NaN,NaN,NaN,NaN,NaN,NaN,NaN,99.8325,44169.0,352.0,99.825,60756.0,4280.0,99.825,54769.0,963.0,99.82,48992.0,839.0,99.82,52257.0,1661.0,99.82,33607.0,723.0,99.82,27261.0,2927.0,99.82,23687.0,1424.0,99.82,17127.0,1236.0,99.815,17173.0,693.0,99.815,21456.0,587.0,99.81,26251.0,247.0,99.81,14951.0,412.0,99.805,14029.0,188.0,99.795,5185.0,276.0,99.79,5638.0,519.0,99.785,6063.0,37.0,99.78,5452.0,144.0,99.775,7931.0,65.0,99.77,11547.0,78.0,99.755,4801.0,51.0,99.74,5206.0,NaN,99.73,1544.0,NaN,99.71,1686.0,7.0,99.695,3937.0,25.0,99.68,3991.0,40.0,99.655,1215.0,155.0,99.635,1148.0,155.0,99.615,1200.0,151.0,99.58,853.0,115.0,99.56,99.54,99.5,99.465,99.435,99.4,NaN,NaN,NaN,NaN,NaN,NaN,NaN,NaN,NaN,NaN,NaN,NaN,NaN,NaN,NaN,NaN,NaN,NaN,NaN,NaN,NaN,NaN,NaN,NaN,NaN,NaN,NaN,NaN,NaN,NaN
2012-06-28,NaN,NaN,NaN,NaN,NaN,NaN,NaN,NaN,NaN,NaN,NaN,NaN,NaN,NaN,NaN,99.835,44615.0,859.0,99.825,61421.0,2377.0,99.825,54974.0,1597.0,99.82,49499.0,949.0,99.82,52548.0,520.0,99.82,33669.0,186.0,99.82,27236.0,679.0,99.82,23658.0,486.0,99.82,17087.0,877.0,99.815,17338.0,444.0,99.815,21156.0,624.0,99.81,26279.0,118.0,99.81,14947.0,434.0,99.805,13732.0,994.0,99.795,5522.0,483.0,99.79,5733.0,798.0,99.785,6146.0,289.0,99.78,5512.0,227.0,99.78,8081.0,678.0,99.775,12123.0,1739.0,99.76,4620.0,478.0,99.75,5153.0,654.0,99.74,1768.0,380.0,99.725,1873.0,303.0,99.72,4006.0,291.0,99.705,3971.0,20.0,99.68,1190.0,79.0,99.66,1118.0,86.0,99.645,1216.0,16.0,99.615,853.0,NaN,99.6,99.58,99.54,99.515,99.49,99.455,NaN,NaN,NaN,NaN,NaN,NaN,NaN,NaN,NaN,NaN,NaN,NaN,NaN,NaN,NaN,NaN,NaN,NaN,NaN,NaN,NaN,NaN,NaN,NaN,NaN,NaN,NaN,NaN,NaN,NaN
2012-06-29,NaN,NaN,NaN,NaN,NaN,NaN,NaN,NaN,NaN,NaN,NaN,NaN,NaN,NaN,NaN,99.835,44952.0,1054.0,99.825,61022.0,1174.0,99.825,55368.0,2357.0,99.82,49890.0,3699.0,99.82,52562.0,1037.0,99.82,33796.0,1160.0,99.82,26803.0,2315.0,99.82,23989.0,1357.0,99.82,16886.0,1449.0,99.815,17515.0,899.0,99.81,20873.0,1459.0,99.805,26309.0,391.0,99.805,14958.0,207.0,99.795,13663.0,580.0,99.785,5481.0,98.0,99.78,5381.0,1087.0,99.775,6262.0,215.0,99.77,5439.0,202.0,99.77,7977.0,152.0,99.76,12123.0,119.0,99.745,4628.0,173.0,99.735,5149.0,17.0,99.725,1864.0,103.0,99.71,1913.0,43.0,99.705,4006.0,3.0,99.69,3980.0,20.0,99.665,1179.0,11.0,99.645,1118.0,NaN,99.63,1226.0,10.0,99.6,853.0,10.0,99.585,99.565,99.525,99.495,99.47,99.435,NaN,NaN,NaN,NaN,NaN,NaN,NaN,NaN,NaN,NaN,NaN,NaN,NaN,NaN,NaN,NaN,NaN,NaN,NaN,NaN,NaN,NaN,NaN,NaN,NaN,NaN,NaN,NaN,NaN,NaN
2012-07-02,NaN,NaN,NaN,NaN,NaN,NaN,NaN,NaN,NaN,NaN,NaN,NaN,NaN,NaN,NaN,NaN,NaN,NaN,99.8275,60692.0,1001.0,99.825,55155.0,677.0,99.82,49896.0,1114.0,99.82,52618.0,693.0,99.82,33677.0,489.0,99.82,26751.0,205.0,99.82,24006.0,357.0,99.82,17063.0,744.0,99.815,17492.0,258.0,99.81,21091.0,702.0,99.81,26775.0,969.0,99.805,14994.0,208.0,99.8,13617.0,257.0,99.79,5684.0,596.0,99.785,5660.0,326.0,99.78,6274.0,160.0,99.775,5689.0,371.0,99.775,8063.0,303.0,99.77,12152.0,353.0,99.76,4514.0,451.0,99.755,5371.0,461.0,99.75,1899.0,121.0,99.735,2526.0,804.0,99.73,4347.0,795.0,99.715,3948.0,254.0,99.69,1174.0,281.0,99.675,1170.0,156.0,99.665,1233.0,113.0,99.64,848.0,20.0,99.625,99.605,99.565,99.545,99.52,99.485,99.45,NaN,NaN,NaN,NaN,NaN,NaN,NaN,NaN,NaN,NaN,NaN,NaN,NaN,NaN,NaN,NaN,NaN,NaN,NaN,NaN,NaN,NaN,NaN,NaN,NaN,NaN,NaN,NaN,NaN
2012-07-03,NaN,NaN,NaN,NaN,NaN,NaN,NaN,NaN,NaN,NaN,NaN,NaN,NaN,NaN,NaN,NaN,NaN,NaN,99.8275,60607.0,4081.0,99.825,55370.0,5739.0,99.82,50016.0,1672.0,99.815,51810.0,3172.0,99.815,33415.0,838.0,99.815,26136.0,3192.0,99.815,23866.0,4943.0,99.81,16391.0,3314.0,99.81,17738.0,1669.0,99.81,21467.0,1020.0,99.805,26680.0,724.0,99.805,15118.0,367.0,99.8,13628.0,170.0,99.79,5720.0,154.0,99.785,5777.0,194.0,99.78,6316.0,128.0,99.775,5679.0,19.0,99.775,8121.0,89.0,99.77,12294.0,173.0,99.76,4457.0,221.0,99.755,5483.0,320.0,99.75,1950.0,57.0,99.735,2745.0,239.0,99.73,4597.0,351.0,99.715,3958.0,15.0,99.69,1171.0,3.0,99.675,1170.0,2.0,99.665,1233.0,2.0,99.635,848.0,NaN,99.62,99.6,99.56,99.535,99.51,99.475,99.44,NaN,NaN,NaN,NaN,NaN,NaN,NaN,NaN,NaN,NaN,NaN,NaN,NaN,NaN,NaN,NaN,NaN,NaN,NaN,NaN,NaN,NaN,NaN,NaN,NaN,NaN,NaN,NaN,NaN
2012-07-05,NaN,NaN,NaN,NaN,NaN,NaN,NaN,NaN,NaN,NaN,NaN,NaN,NaN,NaN,NaN,NaN,NaN,NaN,99.83,60633.0,1787.0,99.825,55537.0,657.0,99.82,48961.0,3187.0,99.82,50996.0,2049.0,99.82,33867.0,2290.0,99.825,26200.0,555.0,99.82,24027.0,665.0,99.82,16537.0,391.0,99.82,17220.0,1926.0,99.815,21106.0,880.0,99.815,26548.0,553.0,99.815,15025.0,350.0,99.81,13633.0,54.0,99.8,5740.0,65.0,99.795,5788.0,29.0,99.795,6284.0,191.0,99.79,5755.0,244.0,99.79,8266.0,189.0,99.78,12276.0,50.0,99.77,4398.0,162.0,99.765,5479.0,36.0,99.76,1999.0,123.0,99.75,2890.0,149.0,99.74,4670.0,346.0,99.725,3996.0,104.0,99.7,1174.0,4.0,99.685,1170.0,NaN,99.675,1233.0,NaN,99.645,849.0,13.0,99.63,99.61,99.57,99.545,99.52,99.485,99.455,NaN,NaN,NaN,NaN,NaN,NaN,NaN,NaN,NaN,NaN,NaN,NaN,NaN,NaN,NaN,NaN,NaN,NaN,NaN,NaN,NaN,NaN,NaN,NaN,NaN,NaN,NaN,NaN,NaN
2012-07-06,NaN,NaN,NaN,NaN,NaN,NaN,NaN,NaN,NaN,NaN,NaN,NaN,NaN,NaN,NaN,NaN,NaN,NaN,99.835,60326.0,3102.0,99.83,55372.0,2674.0,99.83,48913.0,3011.0,99.83,51533.0,4492.0,99.83,36332.0,4726.0,99.835,26342.0,1610.0,99.83,24759.0,2740.0,99.83,16485.0,1039.0,99.83,17309.0,1239.0,99.825,21142.0,915.0,99.825,26828.0,593.0,99.825,15104.0,1115.0,99.82,13708.0,582.0,99.81,5779.0,233.0,99.81,5697.0,292.0,99.81,6040.0,347.0,99.805,5796.0,164.0,99.805,8360.0,360.0,99.8,12326.0,144.0,99.79,4271.0,279.0,99.785,5582.0,215.0,99.78,2032.0,90.0,99.77,2885.0,79.0,99.76,4660.0,514.0,99.745,4085.0,179.0,99.72,1169.0,57.0,99.705,1174.0,37.0,99.695,1250.0,52.0,99.665,849.0,44.0,99.65,99.63,99.59,99.565,99.545,99.51,99.49,NaN,NaN,NaN,NaN,NaN,NaN,NaN,NaN,NaN,NaN,NaN,NaN,NaN,NaN,NaN,NaN,NaN,NaN,NaN,NaN,NaN,NaN,NaN,NaN,NaN,NaN,NaN,NaN,NaN
2012-07-09,NaN,NaN,NaN,NaN,NaN,NaN,NaN,NaN,NaN,NaN,NaN,NaN,NaN,NaN,NaN,NaN,NaN,NaN,99.835,61099.0,3287.0,99.83,55951.0,3101.0,99.83,48593.0,1444.0,99.83,51238.0,2409.0,99.835,36368.0,857.0,99.84,26424.0,479.0,99.835,24382.0,1657.0,99.835,16581.0,481.0,99.835,17232.0,506.0,99.835,21046.0,750.0,99.83,26966.0,310.0,99.83,15164.0,342.0,99.83,13690.0,309.0,99.82,5766.0,341.0,99.82,5585.0,257.0,99.82,6029.0,174.0,99.815,5867.0,177.0,99.815,8282.0,599.0,99.805,12363.0,197.0,99.795,4119.0,216.0,99.79,5610.0,203.0,99.785,1965.0,120.0,99.775,2828.0,61.0,99.765,4670.0,10.0,99.75,4080.0,13.0,99.73,1162.0,55.0,99.72,1174.0,NaN,99.71,1250.0,NaN,99.68,845.0,14.0,99.665,99.645,99.605,99.58,99.56,99.525,99.505,NaN,NaN,NaN,NaN,NaN,NaN,NaN,NaN,NaN,NaN,NaN,NaN,NaN,NaN,NaN,NaN,NaN,NaN,NaN,NaN,NaN,NaN,NaN,NaN,NaN,NaN,NaN,NaN,NaN
2012-07-10,NaN,NaN,NaN,NaN,NaN,NaN,NaN,NaN,NaN,NaN,NaN,NaN,NaN,NaN,NaN,NaN,NaN,NaN,99.835,60579.0,2519.0,99.835,55229.0,2538.0,99.83,48601.0,1037.0,99.83,51063.0,1391.0,99.835,36837.0,906.0,99.84,26077.0,927.0,99.835,24863.0,1373.0,99.835,16585.0,1947.0,99.835,16701.0,1351.0,99.835,20834.0,838.0,99.83,26889.0,867.0,99.83,15684.0,918.0,99.83,13548.0,950.0,99.82,5827.0,511.0,99.82,5623.0,446.0,99.82,6117.0,202.0,99.815,5930.0,581.0,99.815,8949.0,1050.0,99.81,12238.0,1617.0,99.8,3954.0,321.0,99.795,5774.0,205.0,99.79,1972.0,43.0,99.78,2828.0,42.0,99.77,4670.0,24.0,99.755,4044.0,97.0,99.735,1062.0,163.0,99.725,1126.0,65.0,99.715,1118.0,146.0,99.685,839.0,10.0,99.67,99.65,99.61,99.585,99.565,99.53,99.51,NaN,NaN,NaN,NaN,NaN,NaN,NaN,NaN,NaN,NaN,NaN,NaN,NaN,NaN,NaN,NaN,NaN,NaN,NaN,NaN,NaN,NaN,NaN,NaN,NaN,NaN,NaN,NaN,NaN
2012-07-11,NaN,NaN,NaN,NaN,NaN,NaN,NaN,NaN,NaN,NaN,NaN,NaN,NaN,NaN,NaN,NaN,NaN,NaN,99.835,59953.0,3642.0,99.835,53053.0,6015.0,99.835,47954.0,5027.0,99.835,52104.0,5806.0,99.835,37128.0,1333.0,99.84,26284.0,1302.0,99.84,25116.0,1242.0,99.835,17063.0,833.0,99.835,16542.0,303.0,99.835,21149.0,1028.0,99.83,26820.0,479.0,99.835,15566.0,260.0,99.83,13675.0,280.0,99.825,5751.0,421.0,99.825,5641.0,371.0,99.825,6089.0,380.0,99.82,5914.0,378.0,99.82,9133.0,303.0,99.81,12189.0,80.0,99.8,3985.0,58.0,99.795,5739.0,230.0,99.79,1825.0,382.0,99.78,2833.0,72.0,99.77,4695.0,132.0,99.755,4044.0,NaN,99.735,1065.0,14.0,99.725,1121.0,15.0,99.715,1111.0,7.0,99.685,839.0,NaN,99.67,99.65,99.61,99.585,99.56,99.525,99.505,NaN,NaN,NaN,NaN,NaN,NaN,NaN,NaN,NaN,NaN,NaN,NaN,NaN,NaN,NaN,NaN,NaN,NaN,NaN,NaN,NaN,NaN,NaN,NaN,NaN,NaN,NaN,NaN,NaN
2012-07-12,NaN,NaN,NaN,NaN,NaN,NaN,NaN,NaN,NaN,NaN,NaN,NaN,NaN,NaN,NaN,NaN,NaN,NaN,99.835,60033.0,1462.0,99.84,52195.0,3428.0,99.84,47543.0,3390.0,99.84,51974.0,5803.0,99.84,37163.0,1296.0,99.845,25949.0,814.0,99.84,25042.0,2207.0,99.84,17635.0,1195.0,99.84,16542.0,1405.0,99.84,21335.0,1088.0,99.84,26686.0,1222.0,99.84,15951.0,487.0,99.84,13558.0,207.0,99.835,5656.0,245.0,99.835,5896.0,674.0,99.835,5949.0,195.0,99.83,5626.0,477.0,99.83,8940.0,343.0,99.82,12114.0,262.0,99.815,3852.0,354.0,99.81,5920.0,326.0,99.805,1825.0,NaN,99.795,2859.0,75.0,99.785,4695.0,NaN,99.77,4044.0,NaN,99.75,1065.0,NaN,99.74,1121.0,NaN,99.73,1111.0,NaN,99.7,839.0,NaN,99.68,99.655,99.615,99.59,99.565,99.53,99.51,NaN,NaN,NaN,NaN,NaN,NaN,NaN,NaN,NaN,NaN,NaN,NaN,NaN,NaN,NaN,NaN,NaN,NaN,NaN,NaN,NaN,NaN,NaN,NaN,NaN,NaN,NaN,NaN,NaN
2012-07-13,NaN,NaN,NaN,NaN,NaN,NaN,NaN,NaN,NaN,NaN,NaN,NaN,NaN,NaN,NaN,NaN,NaN,NaN,99.835,61350.0,5552.0,99.84,53063.0,8303.0,99.84,46716.0,4052.0,99.84,53448.0,4471.0,99.845,38909.0,5332.0,99.85,26450.0,2668.0,99.845,25373.0,2476.0,99.845,17802.0,1102.0,99.845,16827.0,2006.0,99.845,22057.0,1845.0,99.845,26890.0,1101.0,99.845,16064.0,555.0,99.84,14009.0,736.0,99.84,5378.0,668.0,99.84,5805.0,700.0,99.84,6059.0,446.0,99.835,5647.0,845.0,99.835,8818.0,1005.0,99.825,12268.0,799.0,99.82,3769.0,446.0,99.815,5787.0,561.0,99.805,1707.0,267.0,99.795,2976.0,269.0,99.785,4670.0,224.0,99.77,3965.0,211.0,99.75,1062.0,33.0,99.735,1122.0,47.0,99.715,1111.0,12.0,99.685,838.0,17.0,99.665,99.64,99.6,99.575,99.55,99.515,99.495,NaN,NaN,NaN,NaN,NaN,NaN,NaN,NaN,NaN,NaN,NaN,NaN,NaN,NaN,NaN,NaN,NaN,NaN,NaN,NaN,NaN,NaN,NaN,NaN,NaN,NaN,NaN,NaN,NaN
2012-07-16,NaN,NaN,NaN,NaN,NaN,NaN,NaN,NaN,NaN,NaN,NaN,NaN,NaN,NaN,NaN,NaN,NaN,NaN,99.8325,62081.0,2225.0,99.845,51761.0,4272.0,99.85,45929.0,3257.0,99.855,53244.0,4091.0,99.855,36780.0,4248.0,99.86,26176.0,2065.0,99.86,24619.0,3536.0,99.86,17710.0,1771.0,99.86,16831.0,2060.0,99.855,22060.0,1712.0,99.855,27312.0,1520.0,99.855,16489.0,1965.0,99.855,14654.0,1144.0,99.855,5268.0,931.0,99.855,5532.0,1431.0,99.855,6169.0,667.0,99.85,5402.0,639.0,99.85,8795.0,649.0,99.845,12112.0,356.0,99.84,3701.0,117.0,99.835,6106.0,453.0,99.825,1709.0,89.0,99.815,2977.0,78.0,99.805,4477.0,295.0,99.79,3975.0,72.0,99.77,1060.0,12.0,99.755,1127.0,5.0,99.74,1108.0,3.0,99.71,833.0,15.0,99.695,99.67,99.635,99.615,99.59,99.555,99.535,NaN,NaN,NaN,NaN,NaN,NaN,NaN,NaN,NaN,NaN,NaN,NaN,NaN,NaN,NaN,NaN,NaN,NaN,NaN,NaN,NaN,NaN,NaN,NaN,NaN,NaN,NaN,NaN,NaN
2012-07-17,NaN,NaN,NaN,NaN,NaN,NaN,NaN,NaN,NaN,NaN,NaN,NaN,NaN,NaN,NaN,NaN,NaN,NaN,99.8325,61872.0,1386.0,99.845,51025.0,7701.0,99.85,44789.0,7309.0,99.855,54901.0,6704.0,99.855,37089.0,6805.0,99.86,25702.0,5089.0,99.86,23035.0,3331.0,99.86,18034.0,1868.0,99.86,16757.0,2064.0,99.855,22056.0,1422.0,99.855,26918.0,1368.0,99.855,16307.0,690.0,99.855,15296.0,1276.0,99.855,5693.0,892.0,99.855,5596.0,463.0,99.855,6230.0,445.0,99.85,5276.0,659.0,99.85,8789.0,835.0,99.845,12026.0,786.0,99.84,3694.0,115.0,99.835,6084.0,179.0,99.825,1651.0,203.0,99.81,2988.0,98.0,99.8,4475.0,8.0,99.785,3973.0,3.0,99.765,1059.0,1.0,99.75,1127.0,NaN,99.73,1108.0,NaN,99.7,829.0,22.0,99.685,99.66,99.625,99.6,99.565,99.53,99.51,NaN,NaN,NaN,NaN,NaN,NaN,NaN,NaN,NaN,NaN,NaN,NaN,NaN,NaN,NaN,NaN,NaN,NaN,NaN,NaN,NaN,NaN,NaN,NaN,NaN,NaN,NaN,NaN,NaN
2012-07-18,NaN,NaN,NaN,NaN,NaN,NaN,NaN,NaN,NaN,NaN,NaN,NaN,NaN,NaN,NaN,NaN,NaN,NaN,99.8325,60095.0,3283.0,99.85,52097.0,6239.0,99.855,43834.0,3342.0,99.86,54258.0,2448.0,99.86,36700.0,816.0,99.865,25801.0,811.0,99.865,21603.0,2145.0,99.865,18030.0,995.0,99.865,16942.0,729.0,99.865,21916.0,407.0,99.865,26839.0,350.0,99.865,16274.0,306.0,99.86,15202.0,489.0,99.86,5618.0,372.0,99.86,5485.0,238.0,99.86,6275.0,237.0,99.855,5185.0,121.0,99.855,8784.0,30.0,99.85,12050.0,112.0,99.845,3584.0,204.0,99.84,6107.0,93.0,99.83,1657.0,64.0,99.815,2975.0,202.0,99.805,4620.0,340.0,99.79,3916.0,69.0,99.77,1068.0,9.0,99.755,1106.0,39.0,99.735,1171.0,103.0,99.705,877.0,128.0,99.69,99.665,99.63,99.605,99.575,99.54,99.52,NaN,NaN,NaN,NaN,NaN,NaN,NaN,NaN,NaN,NaN,NaN,NaN,NaN,NaN,NaN,NaN,NaN,NaN,NaN,NaN,NaN,NaN,NaN,NaN,NaN,NaN,NaN,NaN,NaN
2012-07-19,NaN,NaN,NaN,NaN,NaN,NaN,NaN,NaN,NaN,NaN,NaN,NaN,NaN,NaN,NaN,NaN,NaN,NaN,99.835,62002.0,5609.0,99.85,51861.0,3517.0,99.855,42112.0,6220.0,99.86,54364.0,1862.0,99.865,36837.0,2947.0,99.87,26190.0,3545.0,99.87,22567.0,3601.0,99.865,18011.0,3551.0,99.865,16868.0,1642.0,99.865,21651.0,1212.0,99.865,26995.0,907.0,99.865,16411.0,2280.0,99.86,15074.0,767.0,99.86,5543.0,712.0,99.86,5299.0,655.0,99.86,6302.0,327.0,99.855,5246.0,285.0,99.86,8594.0,307.0,99.855,12091.0,239.0,99.85,3542.0,117.0,99.845,6119.0,61.0,99.83,1568.0,251.0,99.815,2847.0,301.0,99.805,4780.0,165.0,99.79,3917.0,1.0,99.77,1068.0,28.0,99.755,1105.0,28.0,99.735,1171.0,NaN,99.705,817.0,62.0,99.69,99.665,99.63,99.605,99.575,99.54,99.52,NaN,NaN,NaN,NaN,NaN,NaN,NaN,NaN,NaN,NaN,NaN,NaN,NaN,NaN,NaN,NaN,NaN,NaN,NaN,NaN,NaN,NaN,NaN,NaN,NaN,NaN,NaN,NaN,NaN
2012-07-20,NaN,NaN,NaN,NaN,NaN,NaN,NaN,NaN,NaN,NaN,NaN,NaN,NaN,NaN,NaN,NaN,NaN,NaN,99.84,63030.0,4702.0,99.85,55439.0,8016.0,99.855,41020.0,4827.0,99.86,54527.0,1717.0,99.865,37439.0,1408.0,99.87,26262.0,2699.0,99.87,22878.0,924.0,99.87,19359.0,2186.0,99.87,16996.0,865.0,99.87,21471.0,622.0,99.865,26695.0,347.0,99.87,16450.0,293.0,99.865,15073.0,633.0,99.865,5601.0,290.0,99.865,5282.0,261.0,99.865,6294.0,44.0,99.86,5178.0,140.0,99.865,8155.0,687.0,99.86,12262.0,277.0,99.855,3539.0,41.0,99.845,6087.0,173.0,99.835,1629.0,110.0,99.82,2899.0,60.0,99.81,5032.0,272.0,99.795,3980.0,157.0,99.775,1068.0,NaN,99.765,1105.0,NaN,99.745,1171.0,NaN,99.72,833.0,16.0,99.71,99.685,99.65,99.625,99.595,99.56,99.545,NaN,NaN,NaN,NaN,NaN,NaN,NaN,NaN,NaN,NaN,NaN,NaN,NaN,NaN,NaN,NaN,NaN,NaN,NaN,NaN,NaN,NaN,NaN,NaN,NaN,NaN,NaN,NaN,NaN
2012-07-23,NaN,NaN,NaN,NaN,NaN,NaN,NaN,NaN,NaN,NaN,NaN,NaN,NaN,NaN,NaN,NaN,NaN,NaN,99.8425,62601.0,968.0,99.85,55530.0,615.0,99.855,40959.0,972.0,99.86,54756.0,1475.0,99.865,37994.0,1042.0,99.875,26012.0,1426.0,99.87,23107.0,551.0,99.87,19444.0,474.0,99.87,16885.0,518.0,99.87,21531.0,191.0,99.865,26640.0,470.0,99.87,16482.0,828.0,99.87,14979.0,416.0,99.87,5551.0,132.0,99.87,5266.0,39.0,99.87,6076.0,306.0,99.865,5103.0,354.0,99.87,7949.0,385.0,99.86,12105.0,436.0,99.855,3476.0,156.0,99.845,6197.0,328.0,99.835,1639.0,58.0,99.82,2900.0,19.0,99.815,5039.0,11.0,99.805,3982.0,4.0,99.785,1067.0,1.0,99.775,1104.0,1.0,99.755,1137.0,34.0,99.73,799.0,34.0,99.72,99.695,99.66,99.645,99.62,99.59,99.575,NaN,NaN,NaN,NaN,NaN,NaN,NaN,NaN,NaN,NaN,NaN,NaN,NaN,NaN,NaN,NaN,NaN,NaN,NaN,NaN,NaN,NaN,NaN,NaN,NaN,NaN,NaN,NaN,NaN
2012-07-24,NaN,NaN,NaN,NaN,NaN,NaN,NaN,NaN,NaN,NaN,NaN,NaN,NaN,NaN,NaN,NaN,NaN,NaN,99.84,62330.0,419.0,99.85,56109.0,7200.0,99.855,41380.0,5113.0,99.86,54780.0,1937.0,99.865,39651.0,3161.0,99.87,26450.0,1643.0,99.87,23836.0,1348.0,99.87,20262.0,2203.0,99.87,17005.0,1393.0,99.87,21532.0,392.0,99.865,26635.0,503.0,99.87,16139.0,1303.0,99.865,14973.0,203.0,99.865,5600.0,397.0,99.865,5226.0,104.0,99.865,6082.0,34.0,99.86,5127.0,32.0,99.865,7959.0,23.0,99.86,11969.0,244.0,99.855,3451.0,117.0,99.845,6239.0,178.0,99.835,1641.0,2.0,99.82,2900.0,11.0,99.815,5064.0,36.0,99.805,3982.0,NaN,99.785,1067.0,NaN,99.775,1104.0,NaN,99.755,1137.0,NaN,99.735,799.0,10.0,99.725,99.705,99.675,99.66,99.635,99.61,99.595,NaN,NaN,NaN,NaN,NaN,NaN,NaN,NaN,NaN,NaN,NaN,NaN,NaN,NaN,NaN,NaN,NaN,NaN,NaN,NaN,NaN,NaN,NaN,NaN,NaN,NaN,NaN,NaN,NaN
2012-07-25,NaN,NaN,NaN,NaN,NaN,NaN,NaN,NaN,NaN,NaN,NaN,NaN,NaN,NaN,NaN,NaN,NaN,NaN,99.84,62308.0,34.0,99.85,54791.0,2860.0,99.855,41555.0,2604.0,99.86,56570.0,3435.0,99.865,39860.0,1379.0,99.87,26383.0,356.0,99.87,24028.0,1094.0,99.87,20192.0,584.0,99.87,16990.0,211.0,99.87,21363.0,578.0,99.865,26552.0,282.0,99.87,16265.0,781.0,99.865,15070.0,271.0,99.865,5589.0,281.0,99.865,5229.0,264.0,99.865,6171.0,114.0,99.86,5055.0,129.0,99.865,7923.0,301.0,99.86,11878.0,204.0,99.855,3456.0,61.0,99.845,6239.0,64.0,99.835,1649.0,65.0,99.82,2933.0,67.0,99.815,5062.0,29.0,99.805,3990.0,19.0,99.79,1067.0,NaN,99.78,1104.0,NaN,99.765,1137.0,NaN,99.745,799.0,NaN,99.735,99.715,99.685,99.67,99.645,99.615,99.62,NaN,NaN,NaN,NaN,NaN,NaN,NaN,NaN,NaN,NaN,NaN,NaN,NaN,NaN,NaN,NaN,NaN,NaN,NaN,NaN,NaN,NaN,NaN,NaN,NaN,NaN,NaN,NaN,NaN
2012-07-26,NaN,NaN,NaN,NaN,NaN,NaN,NaN,NaN,NaN,NaN,NaN,NaN,NaN,NaN,NaN,NaN,NaN,NaN,99.84,68094.0,8148.0,99.85,54253.0,2355.0,99.855,43073.0,3852.0,99.86,55899.0,2182.0,99.865,40010.0,1620.0,99.87,26469.0,798.0,99.87,24112.0,1353.0,99.87,20094.0,415.0,99.87,16853.0,291.0,99.87,21206.0,261.0,99.865,26540.0,167.0,99.87,16090.0,503.0,99.865,15067.0,133.0,99.865,5586.0,17.0,99.865,5225.0,42.0,99.865,6129.0,85.0,99.86,5058.0,29.0,99.86,7892.0,41.0,99.855,11770.0,238.0,99.85,3458.0,2.0,99.84,6229.0,182.0,99.83,1666.0,94.0,99.815,3058.0,197.0,99.81,5080.0,50.0,99.8,4003.0,55.0,99.785,1067.0,5.0,99.775,1104.0,NaN,99.76,1135.0,2.0,99.74,797.0,4.0,99.73,99.71,99.68,99.665,99.64,99.6,99.595,NaN,NaN,NaN,NaN,NaN,NaN,NaN,NaN,NaN,NaN,NaN,NaN,NaN,NaN,NaN,NaN,NaN,NaN,NaN,NaN,NaN,NaN,NaN,NaN,NaN,NaN,NaN,NaN,NaN
2012-07-27,NaN,NaN,NaN,NaN,NaN,NaN,NaN,NaN,NaN,NaN,NaN,NaN,NaN,NaN,NaN,NaN,NaN,NaN,99.84,68189.0,471.0,99.85,56424.0,3182.0,99.855,43978.0,2645.0,99.86,55853.0,1733.0,99.86,40179.0,1199.0,99.865,26340.0,1609.0,99.865,23669.0,1814.0,99.865,19929.0,1021.0,99.865,16734.0,1241.0,99.86,21067.0,931.0,99.86,26478.0,511.0,99.86,15614.0,2086.0,99.855,14855.0,1744.0,99.855,5293.0,666.0,99.855,5302.0,533.0,99.855,6218.0,698.0,99.85,4956.0,390.0,99.845,7826.0,381.0,99.835,11784.0,256.0,99.82,3432.0,253.0,99.81,5573.0,1026.0,99.8,1630.0,475.0,99.785,3137.0,462.0,99.78,5118.0,783.0,99.77,3711.0,500.0,99.745,1105.0,245.0,99.735,1101.0,81.0,99.715,1135.0,37.0,99.69,792.0,5.0,99.675,99.65,99.62,99.59,99.565,99.52,99.515,NaN,NaN,NaN,NaN,NaN,NaN,NaN,NaN,NaN,NaN,NaN,NaN,NaN,NaN,NaN,NaN,NaN,NaN,NaN,NaN,NaN,NaN,NaN,NaN,NaN,NaN,NaN,NaN,NaN
2012-07-30,NaN,NaN,NaN,NaN,NaN,NaN,NaN,NaN,NaN,NaN,NaN,NaN,NaN,NaN,NaN,NaN,NaN,NaN,99.84,73511.0,7539.0,99.86,58495.0,5343.0,99.86,44541.0,7626.0,99.865,58154.0,8591.0,99.87,39751.0,4097.0,99.875,26666.0,2556.0,99.87,23128.0,2645.0,99.87,19197.0,2570.0,99.865,16371.0,1049.0,99.865,21030.0,381.0,99.865,26617.0,1842.0,99.865,15423.0,792.0,99.865,14754.0,326.0,99.865,5168.0,453.0,99.865,5388.0,348.0,99.86,6245.0,223.0,99.855,4954.0,88.0,99.85,7823.0,18.0,99.85,11750.0,166.0,99.835,3427.0,101.0,99.83,5543.0,135.0,99.82,1643.0,173.0,99.81,3137.0,2.0,99.805,5030.0,154.0,99.795,3719.0,17.0,99.77,1106.0,1.0,99.76,1101.0,NaN,99.74,1135.0,NaN,99.715,792.0,15.0,99.7,99.675,99.645,99.615,99.59,99.555,99.55,NaN,NaN,NaN,NaN,NaN,NaN,NaN,NaN,NaN,NaN,NaN,NaN,NaN,NaN,NaN,NaN,NaN,NaN,NaN,NaN,NaN,NaN,NaN,NaN,NaN,NaN,NaN,NaN,NaN
2012-07-31,NaN,NaN,NaN,NaN,NaN,NaN,NaN,NaN,NaN,NaN,NaN,NaN,NaN,NaN,NaN,NaN,NaN,NaN,99.8425,73527.0,259.0,99.86,57946.0,5665.0,99.86,43407.0,6387.0,99.865,57259.0,2995.0,99.87,39772.0,3117.0,99.875,26530.0,3164.0,99.87,22558.0,3210.0,99.87,19051.0,1581.0,99.865,16392.0,1194.0,99.865,20811.0,1619.0,99.865,26564.0,1790.0,99.865,15516.0,982.0,99.865,14162.0,1470.0,99.865,5094.0,389.0,99.865,5359.0,513.0,99.86,6166.0,277.0,99.855,4839.0,171.0,99.85,7773.0,67.0,99.85,11503.0,279.0,99.835,3456.0,165.0,99.83,5477.0,129.0,99.82,1627.0,52.0,99.81,3140.0,21.0,99.805,5041.0,16.0,99.795,3689.0,102.0,99.77,1118.0,48.0,99.76,1099.0,19.0,99.74,1135.0,6.0,99.715,792.0,NaN,99.705,99.68,99.65,99.625,99.605,99.575,99.565,NaN,NaN,NaN,NaN,NaN,NaN,NaN,NaN,NaN,NaN,NaN,NaN,NaN,NaN,NaN,NaN,NaN,NaN,NaN,NaN,NaN,NaN,NaN,NaN,NaN,NaN,NaN,NaN,NaN
2012-08-01,NaN,NaN,NaN,NaN,NaN,NaN,NaN,NaN,NaN,NaN,NaN,NaN,NaN,NaN,NaN,NaN,NaN,NaN,NaN,NaN,NaN,99.855,59916.0,11210.0,99.86,44476.0,6265.0,99.86,56604.0,4416.0,99.865,39143.0,2159.0,99.87,26648.0,4324.0,99.87,20788.0,4193.0,99.87,19198.0,1272.0,99.865,15503.0,2167.0,99.865,20788.0,705.0,99.86,26866.0,1293.0,99.86,15805.0,1917.0,99.86,14104.0,464.0,99.86,4985.0,297.0,99.855,5026.0,760.0,99.85,6188.0,262.0,99.845,4738.0,205.0,99.84,7451.0,552.0,99.84,11486.0,111.0,99.825,3393.0,253.0,99.82,5392.0,347.0,99.81,1596.0,315.0,99.8,3059.0,212.0,99.795,5040.0,52.0,99.78,3686.0,30.0,99.755,1179.0,67.0,99.745,1108.0,53.0,99.725,1130.0,17.0,99.695,800.0,24.0,99.68,99.655,99.615,99.585,99.56,99.525,99.51,99.475,NaN,NaN,NaN,NaN,NaN,NaN,NaN,NaN,NaN,NaN,NaN,NaN,NaN,NaN,NaN,NaN,NaN,NaN,NaN,NaN,NaN,NaN,NaN,NaN,NaN,NaN,NaN,NaN
2012-08-02,NaN,NaN,NaN,NaN,NaN,NaN,NaN,NaN,NaN,NaN,NaN,NaN,NaN,NaN,NaN,NaN,NaN,NaN,NaN,NaN,NaN,99.855,61462.0,8653.0,99.86,44213.0,3788.0,99.86,55726.0,2133.0,99.865,38507.0,1158.0,99.87,26418.0,702.0,99.87,20495.0,458.0,99.87,18965.0,612.0,99.865,15720.0,1306.0,99.865,20814.0,1001.0,99.865,26691.0,257.0,99.865,16083.0,520.0,99.86,14097.0,251.0,99.86,4940.0,754.0,99.855,4956.0,469.0,99.855,6174.0,531.0,99.85,4755.0,310.0,99.85,7400.0,247.0,99.845,11575.0,262.0,99.83,3241.0,179.0,99.825,5237.0,260.0,99.815,1540.0,275.0,99.805,2802.0,296.0,99.8,5040.0,5.0,99.785,3671.0,42.0,99.76,1194.0,17.0,99.75,1108.0,4.0,99.73,1130.0,2.0,99.7,800.0,NaN,99.68,99.655,99.62,99.595,99.575,99.545,99.53,99.495,NaN,NaN,NaN,NaN,NaN,NaN,NaN,NaN,NaN,NaN,NaN,NaN,NaN,NaN,NaN,NaN,NaN,NaN,NaN,NaN,NaN,NaN,NaN,NaN,NaN,NaN,NaN,NaN
2012-08-03,NaN,NaN,NaN,NaN,NaN,NaN,NaN,NaN,NaN,NaN,NaN,NaN,NaN,NaN,NaN,NaN,NaN,NaN,NaN,NaN,NaN,99.855,63340.0,4585.0,99.86,45916.0,3399.0,99.86,54784.0,606.0,99.865,38675.0,1328.0,99.87,26183.0,907.0,99.87,20423.0,609.0,99.865,18995.0,443.0,99.865,15591.0,348.0,99.865,20637.0,681.0,99.865,26594.0,621.0,99.865,15947.0,317.0,99.86,14015.0,771.0,99.86,5152.0,973.0,99.855,5244.0,586.0,99.85,6184.0,434.0,99.845,4618.0,286.0,99.84,7472.0,207.0,99.83,11322.0,536.0,99.815,3269.0,244.0,99.81,5032.0,513.0,99.8,1529.0,65.0,99.78,2824.0,113.0,99.775,5145.0,223.0,99.755,3777.0,158.0,99.725,1199.0,161.0,99.71,1017.0,91.0,99.69,1196.0,90.0,99.66,829.0,78.0,99.64,99.615,99.58,99.555,99.53,99.495,99.47,99.435,NaN,NaN,NaN,NaN,NaN,NaN,NaN,NaN,NaN,NaN,NaN,NaN,NaN,NaN,NaN,NaN,NaN,NaN,NaN,NaN,NaN,NaN,NaN,NaN,NaN,NaN,NaN,NaN
2012-08-06,NaN,NaN,NaN,NaN,NaN,NaN,NaN,NaN,NaN,NaN,NaN,NaN,NaN,NaN,NaN,NaN,NaN,NaN,NaN,NaN,NaN,99.855,63145.0,1505.0,99.86,45555.0,467.0,99.86,54711.0,16.0,99.865,38633.0,187.0,99.87,26092.0,335.0,99.87,20395.0,95.0,99.865,18979.0,103.0,99.865,15520.0,104.0,99.865,20626.0,72.0,99.865,26594.0,35.0,99.865,15936.0,28.0,99.86,14019.0,91.0,99.86,5163.0,138.0,99.855,5150.0,251.0,99.85,6133.0,86.0,99.845,4656.0,107.0,99.84,7559.0,157.0,99.835,11395.0,162.0,99.825,3356.0,266.0,99.82,4968.0,216.0,99.81,1523.0,97.0,99.79,2822.0,2.0,99.785,5144.0,1.0,99.765,3776.0,1.0,99.735,1199.0,NaN,99.72,1017.0,NaN,99.705,1196.0,NaN,99.675,829.0,NaN,99.655,99.635,99.6,99.575,99.555,99.52,99.5,99.465,NaN,NaN,NaN,NaN,NaN,NaN,NaN,NaN,NaN,NaN,NaN,NaN,NaN,NaN,NaN,NaN,NaN,NaN,NaN,NaN,NaN,NaN,NaN,NaN,NaN,NaN,NaN,NaN
2012-08-07,NaN,NaN,NaN,NaN,NaN,NaN,NaN,NaN,NaN,NaN,NaN,NaN,NaN,NaN,NaN,NaN,NaN,NaN,NaN,NaN,NaN,99.855,65874.0,6234.0,99.86,47331.0,4851.0,99.86,55116.0,4827.0,99.865,39136.0,1791.0,99.87,26340.0,674.0,99.865,19503.0,1906.0,99.865,19476.0,1988.0,99.865,15665.0,1736.0,99.865,20400.0,2721.0,99.86,26738.0,814.0,99.86,15879.0,849.0,99.86,13299.0,2011.0,99.855,5144.0,894.0,99.85,5372.0,1045.0,99.845,6320.0,757.0,99.835,4952.0,534.0,99.83,7695.0,467.0,99.825,11707.0,1084.0,99.81,3592.0,594.0,99.795,4866.0,820.0,99.785,1542.0,589.0,99.765,2937.0,333.0,99.76,5292.0,318.0,99.74,3758.0,698.0,99.71,1639.0,617.0,99.685,1046.0,50.0,99.67,1196.0,24.0,99.635,868.0,39.0,99.615,99.595,99.555,99.53,99.51,99.47,99.45,99.415,NaN,NaN,NaN,NaN,NaN,NaN,NaN,NaN,NaN,NaN,NaN,NaN,NaN,NaN,NaN,NaN,NaN,NaN,NaN,NaN,NaN,NaN,NaN,NaN,NaN,NaN,NaN,NaN
2012-08-08,NaN,NaN,NaN,NaN,NaN,NaN,NaN,NaN,NaN,NaN,NaN,NaN,NaN,NaN,NaN,NaN,NaN,NaN,NaN,NaN,NaN,99.855,66881.0,4654.0,99.855,46684.0,6430.0,99.855,54607.0,2361.0,99.86,39203.0,732.0,99.865,27432.0,1807.0,99.86,18762.0,1730.0,99.86,19113.0,1134.0,99.86,15082.0,1207.0,99.855,19844.0,1724.0,99.85,26805.0,745.0,99.85,14844.0,1963.0,99.845,12860.0,994.0,99.84,4920.0,812.0,99.83,5414.0,981.0,99.82,6000.0,940.0,99.81,5071.0,1659.0,99.805,7875.0,2106.0,99.8,11645.0,1249.0,99.78,3799.0,562.0,99.765,4894.0,1389.0,99.75,1572.0,462.0,99.73,2885.0,130.0,99.72,5340.0,118.0,99.7,3752.0,12.0,99.67,1728.0,101.0,99.645,1042.0,6.0,99.63,1194.0,8.0,99.595,873.0,10.0,99.575,99.555,99.515,99.49,99.47,99.43,99.41,99.375,NaN,NaN,NaN,NaN,NaN,NaN,NaN,NaN,NaN,NaN,NaN,NaN,NaN,NaN,NaN,NaN,NaN,NaN,NaN,NaN,NaN,NaN,NaN,NaN,NaN,NaN,NaN,NaN
2012-08-09,NaN,NaN,NaN,NaN,NaN,NaN,NaN,NaN,NaN,NaN,NaN,NaN,NaN,NaN,NaN,NaN,NaN,NaN,NaN,NaN,NaN,99.855,70322.0,5008.0,99.855,46278.0,2023.0,99.855,54213.0,1644.0,99.86,39437.0,405.0,99.865,27102.0,632.0,99.86,18928.0,803.0,99.86,19035.0,1068.0,99.86,15039.0,225.0,99.855,19895.0,385.0,99.85,24901.0,2951.0,99.85,14596.0,532.0,99.845,12205.0,1582.0,99.835,5118.0,403.0,99.825,5962.0,1263.0,99.815,6004.0,1102.0,99.805,5211.0,834.0,99.8,7835.0,840.0,99.795,11678.0,870.0,99.775,3962.0,459.0,99.76,5179.0,665.0,99.745,1622.0,297.0,99.725,2855.0,244.0,99.715,5307.0,281.0,99.695,3768.0,258.0,99.665,1748.0,29.0,99.64,1042.0,NaN,99.625,1194.0,NaN,99.59,873.0,NaN,99.57,99.55,99.515,99.49,99.475,99.435,99.415,99.38,NaN,NaN,NaN,NaN,NaN,NaN,NaN,NaN,NaN,NaN,NaN,NaN,NaN,NaN,NaN,NaN,NaN,NaN,NaN,NaN,NaN,NaN,NaN,NaN,NaN,NaN,NaN,NaN
2012-08-10,NaN,NaN,NaN,NaN,NaN,NaN,NaN,NaN,NaN,NaN,NaN,NaN,NaN,NaN,NaN,NaN,NaN,NaN,NaN,NaN,NaN,99.855,75841.0,8705.0,99.855,46987.0,1385.0,99.855,54193.0,106.0,99.86,39526.0,271.0,99.865,27122.0,175.0,99.865,18827.0,312.0,99.86,18956.0,307.0,99.86,15026.0,118.0,99.86,20142.0,377.0,99.855,24781.0,276.0,99.855,14583.0,372.0,99.85,12246.0,210.0,99.84,5185.0,189.0,99.835,6085.0,260.0,99.825,6218.0,385.0,99.815,5165.0,484.0,99.815,7788.0,181.0,99.81,11708.0,61.0,99.79,3969.0,115.0,99.775,5219.0,89.0,99.765,1631.0,150.0,99.745,2916.0,88.0,99.735,5297.0,81.0,99.715,3752.0,47.0,99.685,1765.0,21.0,99.67,1042.0,1.0,99.655,1194.0,NaN,99.62,873.0,18.0,99.605,99.585,99.55,99.525,99.51,99.475,99.455,99.425,NaN,NaN,NaN,NaN,NaN,NaN,NaN,NaN,NaN,NaN,NaN,NaN,NaN,NaN,NaN,NaN,NaN,NaN,NaN,NaN,NaN,NaN,NaN,NaN,NaN,NaN,NaN,NaN
2012-08-13,NaN,NaN,NaN,NaN,NaN,NaN,NaN,NaN,NaN,NaN,NaN,NaN,NaN,NaN,NaN,NaN,NaN,NaN,NaN,NaN,NaN,99.855,75882.0,4369.0,99.855,46482.0,1222.0,99.855,53724.0,1144.0,99.86,39543.0,192.0,99.865,27425.0,687.0,99.865,18479.0,572.0,99.86,18937.0,294.0,99.86,14973.0,90.0,99.86,20269.0,247.0,99.855,24772.0,388.0,99.855,14600.0,133.0,99.85,12182.0,154.0,99.84,5231.0,143.0,99.835,6071.0,39.0,99.825,6324.0,120.0,99.815,5184.0,87.0,99.815,7784.0,12.0,99.81,11759.0,94.0,99.79,3976.0,93.0,99.775,5233.0,22.0,99.765,1633.0,18.0,99.745,2917.0,1.0,99.735,5297.0,NaN,99.715,3752.0,NaN,99.69,1765.0,NaN,99.675,1042.0,NaN,99.66,1194.0,NaN,99.625,873.0,NaN,99.61,99.59,99.555,99.53,99.515,99.48,99.46,99.43,NaN,NaN,NaN,NaN,NaN,NaN,NaN,NaN,NaN,NaN,NaN,NaN,NaN,NaN,NaN,NaN,NaN,NaN,NaN,NaN,NaN,NaN,NaN,NaN,NaN,NaN,NaN,NaN
2012-08-14,NaN,NaN,NaN,NaN,NaN,NaN,NaN,NaN,NaN,NaN,NaN,NaN,NaN,NaN,NaN,NaN,NaN,NaN,NaN,NaN,NaN,99.8575,76133.0,2040.0,99.855,47271.0,3207.0,99.855,55582.0,3131.0,99.86,40301.0,1587.0,99.865,27564.0,774.0,99.865,18766.0,934.0,99.86,18972.0,930.0,99.86,15010.0,851.0,99.86,20324.0,450.0,99.855,24749.0,1149.0,99.85,14148.0,1149.0,99.845,12287.0,448.0,99.835,5268.0,453.0,99.83,6054.0,383.0,99.82,6563.0,447.0,99.81,5328.0,576.0,99.81,8159.0,912.0,99.8,11806.0,506.0,99.78,3985.0,179.0,99.765,5291.0,280.0,99.755,1710.0,192.0,99.735,2918.0,126.0,99.725,5361.0,190.0,99.705,3724.0,57.0,99.68,1765.0,NaN,99.665,1042.0,NaN,99.645,1194.0,NaN,99.61,887.0,17.0,99.595,99.57,99.535,99.51,99.49,99.455,99.435,99.405,NaN,NaN,NaN,NaN,NaN,NaN,NaN,NaN,NaN,NaN,NaN,NaN,NaN,NaN,NaN,NaN,NaN,NaN,NaN,NaN,NaN,NaN,NaN,NaN,NaN,NaN,NaN,NaN
2012-08-15,NaN,NaN,NaN,NaN,NaN,NaN,NaN,NaN,NaN,NaN,NaN,NaN,NaN,NaN,NaN,NaN,NaN,NaN,NaN,NaN,NaN,99.86,76237.0,141.0,99.855,47249.0,752.0,99.86,56055.0,1509.0,99.86,40814.0,1265.0,99.865,27670.0,1832.0,99.865,19245.0,762.0,99.86,18773.0,1008.0,99.86,15615.0,912.0,99.855,20402.0,677.0,99.855,25202.0,1284.0,99.85,14479.0,613.0,99.84,12576.0,673.0,99.83,5792.0,1511.0,99.825,6695.0,1378.0,99.815,6886.0,1113.0,99.805,5509.0,893.0,99.8,8107.0,932.0,99.785,12136.0,1085.0,99.765,4266.0,610.0,99.75,5388.0,520.0,99.74,1974.0,569.0,99.72,2937.0,421.0,99.71,5565.0,799.0,99.69,3780.0,271.0,99.665,1757.0,71.0,99.65,1042.0,NaN,99.63,1194.0,NaN,99.595,887.0,NaN,99.58,99.555,99.52,99.495,99.475,99.44,99.42,99.39,NaN,NaN,NaN,NaN,NaN,NaN,NaN,NaN,NaN,NaN,NaN,NaN,NaN,NaN,NaN,NaN,NaN,NaN,NaN,NaN,NaN,NaN,NaN,NaN,NaN,NaN,NaN,NaN
2012-08-16,NaN,NaN,NaN,NaN,NaN,NaN,NaN,NaN,NaN,NaN,NaN,NaN,NaN,NaN,NaN,NaN,NaN,NaN,NaN,NaN,NaN,99.8625,74041.0,4496.0,99.86,46583.0,2198.0,99.86,55609.0,992.0,99.86,41531.0,1557.0,99.865,27132.0,934.0,99.86,19475.0,435.0,99.86,18602.0,775.0,99.86,15694.0,679.0,99.855,20318.0,347.0,99.855,25119.0,816.0,99.85,14722.0,750.0,99.84,12604.0,655.0,99.83,5750.0,510.0,99.82,6931.0,793.0,99.81,7330.0,664.0,99.8,5661.0,404.0,99.795,8204.0,199.0,99.78,12204.0,256.0,99.76,4284.0,112.0,99.745,5408.0,60.0,99.735,1982.0,190.0,99.715,2933.0,209.0,99.705,5744.0,454.0,99.685,3744.0,89.0,99.66,1756.0,4.0,99.645,1043.0,1.0,99.625,1194.0,NaN,99.59,887.0,NaN,99.575,99.55,99.515,99.49,99.47,99.435,99.415,99.385,NaN,NaN,NaN,NaN,NaN,NaN,NaN,NaN,NaN,NaN,NaN,NaN,NaN,NaN,NaN,NaN,NaN,NaN,NaN,NaN,NaN,NaN,NaN,NaN,NaN,NaN,NaN,NaN
2012-08-17,NaN,NaN,NaN,NaN,NaN,NaN,NaN,NaN,NaN,NaN,NaN,NaN,NaN,NaN,NaN,NaN,NaN,NaN,NaN,NaN,NaN,99.8625,74833.0,2526.0,99.86,47162.0,2776.0,99.86,55442.0,653.0,99.86,41926.0,1159.0,99.865,27469.0,885.0,99.86,19582.0,539.0,99.86,18461.0,165.0,99.86,15898.0,1060.0,99.855,20241.0,233.0,99.855,25215.0,422.0,99.85,14498.0,74.0,99.84,12518.0,67.0,99.83,5873.0,206.0,99.82,6930.0,153.0,99.81,7323.0,139.0,99.8,5384.0,100.0,99.795,8201.0,8.0,99.78,12202.0,15.0,99.76,4275.0,12.0,99.745,5408.0,NaN,99.735,1976.0,8.0,99.715,2934.0,43.0,99.705,5724.0,52.0,99.685,3744.0,NaN,99.66,1756.0,NaN,99.645,1043.0,NaN,99.625,1194.0,NaN,99.59,887.0,NaN,99.575,99.55,99.515,99.49,99.47,99.435,99.415,99.385,NaN,NaN,NaN,NaN,NaN,NaN,NaN,NaN,NaN,NaN,NaN,NaN,NaN,NaN,NaN,NaN,NaN,NaN,NaN,NaN,NaN,NaN,NaN,NaN,NaN,NaN,NaN,NaN
2012-08-20,NaN,NaN,NaN,NaN,NaN,NaN,NaN,NaN,NaN,NaN,NaN,NaN,NaN,NaN,NaN,NaN,NaN,NaN,NaN,NaN,NaN,99.8625,72491.0,3179.0,99.86,47346.0,1937.0,99.86,55430.0,390.0,99.86,41967.0,124.0,99.865,27519.0,619.0,99.86,19757.0,378.0,99.86,18604.0,464.0,99.86,15829.0,237.0,99.855,20269.0,268.0,99.855,25254.0,1391.0,99.85,14523.0,277.0,99.84,12647.0,352.0,99.83,5870.0,269.0,99.82,6939.0,173.0,99.81,7309.0,190.0,99.8,5399.0,140.0,99.795,8250.0,116.0,99.78,12190.0,103.0,99.76,4288.0,92.0,99.745,5417.0,85.0,99.735,1998.0,61.0,99.715,2933.0,41.0,99.705,5705.0,73.0,99.685,3744.0,5.0,99.66,1756.0,NaN,99.645,1043.0,NaN,99.625,1194.0,NaN,99.59,887.0,NaN,99.575,99.55,99.515,99.49,99.47,99.435,99.415,99.385,NaN,NaN,NaN,NaN,NaN,NaN,NaN,NaN,NaN,NaN,NaN,NaN,NaN,NaN,NaN,NaN,NaN,NaN,NaN,NaN,NaN,NaN,NaN,NaN,NaN,NaN,NaN,NaN
2012-08-21,NaN,NaN,NaN,NaN,NaN,NaN,NaN,NaN,NaN,NaN,NaN,NaN,NaN,NaN,NaN,NaN,NaN,NaN,NaN,NaN,NaN,99.8625,80800.0,8677.0,99.86,46999.0,2383.0,99.86,55140.0,623.0,99.86,42339.0,652.0,99.86,27435.0,1812.0,99.86,19971.0,717.0,99.855,18521.0,869.0,99.855,16090.0,722.0,99.855,20527.0,1345.0,99.855,24791.0,2569.0,99.85,14606.0,1275.0,99.835,12831.0,1500.0,99.825,5824.0,222.0,99.815,6839.0,379.0,99.805,7347.0,540.0,99.795,5527.0,405.0,99.79,8246.0,40.0,99.775,12179.0,42.0,99.755,4280.0,19.0,99.74,5421.0,37.0,99.73,1995.0,14.0,99.71,2914.0,72.0,99.7,5733.0,108.0,99.68,3744.0,NaN,99.655,1756.0,NaN,99.64,1043.0,NaN,99.62,1194.0,NaN,99.585,887.0,NaN,99.57,99.545,99.51,99.485,99.465,99.43,99.41,99.38,NaN,NaN,NaN,NaN,NaN,NaN,NaN,NaN,NaN,NaN,NaN,NaN,NaN,NaN,NaN,NaN,NaN,NaN,NaN,NaN,NaN,NaN,NaN,NaN,NaN,NaN,NaN,NaN
2012-08-22,NaN,NaN,NaN,NaN,NaN,NaN,NaN,NaN,NaN,NaN,NaN,NaN,NaN,NaN,NaN,NaN,NaN,NaN,NaN,NaN,NaN,99.8625,80914.0,1159.0,99.86,47742.0,3448.0,99.86,55485.0,1394.0,99.86,43115.0,1680.0,99.86,27413.0,1471.0,99.86,19834.0,550.0,99.855,18782.0,896.0,99.855,15797.0,1668.0,99.855,21137.0,1455.0,99.855,25230.0,1267.0,99.85,14758.0,1038.0,99.845,13120.0,853.0,99.835,6080.0,1224.0,99.825,7037.0,727.0,99.82,7519.0,1143.0,99.81,5834.0,1139.0,99.805,8230.0,554.0,99.8,12141.0,280.0,99.785,4253.0,361.0,99.775,5533.0,427.0,99.77,1978.0,308.0,99.76,2935.0,125.0,99.75,5775.0,187.0,99.735,3820.0,99.0,99.705,1756.0,1.0,99.69,1050.0,10.0,99.67,1194.0,10.0,99.635,887.0,34.0,99.62,99.595,99.56,99.535,99.515,99.48,99.46,99.43,NaN,NaN,NaN,NaN,NaN,NaN,NaN,NaN,NaN,NaN,NaN,NaN,NaN,NaN,NaN,NaN,NaN,NaN,NaN,NaN,NaN,NaN,NaN,NaN,NaN,NaN,NaN,NaN
2012-08-23,NaN,NaN,NaN,NaN,NaN,NaN,NaN,NaN,NaN,NaN,NaN,NaN,NaN,NaN,NaN,NaN,NaN,NaN,NaN,NaN,NaN,99.8625,84190.0,6069.0,99.86,48008.0,3780.0,99.86,55982.0,1253.0,99.865,43734.0,1846.0,99.87,27538.0,3542.0,99.865,19357.0,1261.0,99.86,18979.0,2782.0,99.86,15932.0,472.0,99.86,21305.0,423.0,99.86,24554.0,1920.0,99.86,15761.0,1725.0,99.855,13576.0,1774.0,99.85,5797.0,1220.0,99.845,6937.0,1492.0,99.84,7744.0,869.0,99.83,6022.0,702.0,99.825,8256.0,192.0,99.82,12040.0,338.0,99.805,4310.0,331.0,99.795,5549.0,121.0,99.79,1964.0,96.0,99.78,2935.0,17.0,99.77,5790.0,44.0,99.755,3828.0,26.0,99.725,1758.0,4.0,99.71,1049.0,1.0,99.69,1194.0,NaN,99.655,887.0,NaN,99.64,99.615,99.58,99.555,99.535,99.5,99.48,99.45,NaN,NaN,NaN,NaN,NaN,NaN,NaN,NaN,NaN,NaN,NaN,NaN,NaN,NaN,NaN,NaN,NaN,NaN,NaN,NaN,NaN,NaN,NaN,NaN,NaN,NaN,NaN,NaN
2012-08-24,NaN,NaN,NaN,NaN,NaN,NaN,NaN,NaN,NaN,NaN,NaN,NaN,NaN,NaN,NaN,NaN,NaN,NaN,NaN,NaN,NaN,99.865,84179.0,2731.0,99.865,49060.0,1810.0,99.865,56227.0,673.0,99.87,43914.0,1399.0,99.87,28154.0,1545.0,99.87,19076.0,948.0,99.87,18777.0,1089.0,99.865,15852.0,304.0,99.865,21228.0,194.0,99.865,24778.0,1011.0,99.86,15699.0,243.0,99.86,13559.0,402.0,99.855,6158.0,739.0,99.85,6797.0,497.0,99.845,7514.0,477.0,99.835,6053.0,174.0,99.83,8310.0,379.0,99.825,12113.0,250.0,99.81,4296.0,146.0,99.8,5598.0,83.0,99.795,1956.0,168.0,99.785,2957.0,65.0,99.775,5812.0,112.0,99.765,3854.0,107.0,99.745,1786.0,77.0,99.73,1049.0,NaN,99.71,1194.0,NaN,99.675,887.0,NaN,99.66,99.635,99.6,99.575,99.555,99.52,99.5,99.47,NaN,NaN,NaN,NaN,NaN,NaN,NaN,NaN,NaN,NaN,NaN,NaN,NaN,NaN,NaN,NaN,NaN,NaN,NaN,NaN,NaN,NaN,NaN,NaN,NaN,NaN,NaN,NaN
2012-08-27,NaN,NaN,NaN,NaN,NaN,NaN,NaN,NaN,NaN,NaN,NaN,NaN,NaN,NaN,NaN,NaN,NaN,NaN,NaN,NaN,NaN,99.865,89141.0,5117.0,99.865,49021.0,737.0,99.865,56035.0,460.0,99.87,44226.0,1070.0,99.87,28020.0,489.0,99.87,19007.0,226.0,99.87,18779.0,316.0,99.865,15804.0,63.0,99.865,21319.0,784.0,99.865,24722.0,532.0,99.86,15680.0,144.0,99.86,13592.0,185.0,99.855,6164.0,103.0,99.85,6828.0,55.0,99.845,7452.0,115.0,99.835,6013.0,55.0,99.83,8284.0,90.0,99.82,12098.0,72.0,99.805,4313.0,54.0,99.795,5634.0,55.0,99.79,1963.0,78.0,99.78,2958.0,45.0,99.77,5808.0,76.0,99.76,3803.0,51.0,99.74,1785.0,1.0,99.725,1049.0,38.0,99.705,1194.0,38.0,99.67,887.0,NaN,99.655,99.63,99.595,99.57,99.55,99.515,99.495,99.465,NaN,NaN,NaN,NaN,NaN,NaN,NaN,NaN,NaN,NaN,NaN,NaN,NaN,NaN,NaN,NaN,NaN,NaN,NaN,NaN,NaN,NaN,NaN,NaN,NaN,NaN,NaN,NaN
2012-08-28,NaN,NaN,NaN,NaN,NaN,NaN,NaN,NaN,NaN,NaN,NaN,NaN,NaN,NaN,NaN,NaN,NaN,NaN,NaN,NaN,NaN,99.865,93669.0,5345.0,99.865,49731.0,1796.0,99.865,56294.0,857.0,99.87,45036.0,2007.0,99.87,29882.0,2592.0,99.87,19408.0,776.0,99.87,18847.0,476.0,99.865,15802.0,27.0,99.865,21331.0,84.0,99.865,24729.0,197.0,99.86,15552.0,254.0,99.86,13495.0,248.0,99.855,6109.0,111.0,99.85,6952.0,235.0,99.84,7497.0,182.0,99.83,6039.0,147.0,99.825,8355.0,261.0,99.82,12114.0,156.0,99.805,4297.0,176.0,99.795,5788.0,262.0,99.79,2017.0,108.0,99.78,2998.0,170.0,99.77,5709.0,266.0,99.765,3911.0,457.0,99.745,1815.0,271.0,99.73,1048.0,47.0,99.71,1194.0,33.0,99.675,855.0,32.0,99.66,99.635,99.6,99.575,99.555,99.52,99.5,99.47,NaN,NaN,NaN,NaN,NaN,NaN,NaN,NaN,NaN,NaN,NaN,NaN,NaN,NaN,NaN,NaN,NaN,NaN,NaN,NaN,NaN,NaN,NaN,NaN,NaN,NaN,NaN,NaN
2012-08-29,NaN,NaN,NaN,NaN,NaN,NaN,NaN,NaN,NaN,NaN,NaN,NaN,NaN,NaN,NaN,NaN,NaN,NaN,NaN,NaN,NaN,99.865,97659.0,4033.0,99.865,50725.0,1126.0,99.865,58348.0,2815.0,99.87,47088.0,3544.0,99.87,30144.0,1399.0,99.87,19363.0,363.0,99.87,18720.0,449.0,99.865,15780.0,298.0,99.865,21252.0,341.0,99.865,24757.0,193.0,99.86,15614.0,248.0,99.86,13536.0,405.0,99.85,6073.0,376.0,99.845,6958.0,489.0,99.835,7585.0,742.0,99.825,6160.0,614.0,99.82,8395.0,356.0,99.81,12024.0,329.0,99.795,4342.0,321.0,99.785,5913.0,310.0,99.78,2038.0,225.0,99.765,3047.0,167.0,99.755,5838.0,155.0,99.75,3903.0,27.0,99.725,1825.0,13.0,99.71,1048.0,NaN,99.69,1194.0,NaN,99.655,855.0,NaN,99.645,99.62,99.595,99.575,99.555,99.525,99.505,99.475,NaN,NaN,NaN,NaN,NaN,NaN,NaN,NaN,NaN,NaN,NaN,NaN,NaN,NaN,NaN,NaN,NaN,NaN,NaN,NaN,NaN,NaN,NaN,NaN,NaN,NaN,NaN,NaN
2012-08-30,NaN,NaN,NaN,NaN,NaN,NaN,NaN,NaN,NaN,NaN,NaN,NaN,NaN,NaN,NaN,NaN,NaN,NaN,NaN,NaN,NaN,99.865,98506.0,1488.0,99.865,50851.0,508.0,99.865,57816.0,3143.0,99.87,47994.0,1620.0,99.87,30075.0,203.0,99.87,19362.0,306.0,99.87,19121.0,755.0,99.865,15957.0,473.0,99.865,21496.0,542.0,99.865,25158.0,1304.0,99.86,15498.0,1063.0,99.86,13648.0,897.0,99.855,6130.0,454.0,99.85,7032.0,720.0,99.845,7890.0,832.0,99.835,5941.0,847.0,99.835,7952.0,1734.0,99.83,12148.0,567.0,99.815,4883.0,1044.0,99.805,6368.0,921.0,99.8,2028.0,356.0,99.785,2971.0,282.0,99.775,5882.0,353.0,99.77,3928.0,260.0,99.745,1824.0,1.0,99.735,1048.0,1.0,99.725,1193.0,1.0,99.695,846.0,19.0,99.685,99.665,99.64,99.62,99.6,99.57,99.55,99.52,NaN,NaN,NaN,NaN,NaN,NaN,NaN,NaN,NaN,NaN,NaN,NaN,NaN,NaN,NaN,NaN,NaN,NaN,NaN,NaN,NaN,NaN,NaN,NaN,NaN,NaN,NaN,NaN
2012-08-31,NaN,NaN,NaN,NaN,NaN,NaN,NaN,NaN,NaN,NaN,NaN,NaN,NaN,NaN,NaN,NaN,NaN,NaN,NaN,NaN,NaN,99.865,NaN,451.0,99.865,63757.0,21803.0,99.87,57599.0,5123.0,99.875,48508.0,4347.0,99.88,29924.0,3091.0,99.88,19248.0,1858.0,99.875,19238.0,1626.0,99.88,16121.0,2291.0,99.88,21305.0,1837.0,99.88,25173.0,2089.0,99.875,15604.0,1455.0,99.875,13702.0,1697.0,99.87,5933.0,2169.0,99.87,7138.0,1471.0,99.865,7509.0,1631.0,99.865,5728.0,1328.0,99.865,8093.0,1316.0,99.86,12223.0,744.0,99.845,4883.0,490.0,99.835,6278.0,482.0,99.83,2051.0,660.0,99.815,3374.0,1147.0,99.805,5939.0,1797.0,99.8,4077.0,632.0,99.78,1883.0,264.0,99.77,1196.0,193.0,99.76,1178.0,33.0,99.735,827.0,41.0,99.725,99.715,99.69,99.67,99.65,99.62,99.605,99.585,NaN,NaN,NaN,NaN,NaN,NaN,NaN,NaN,NaN,NaN,NaN,NaN,NaN,NaN,NaN,NaN,NaN,NaN,NaN,NaN,NaN,NaN,NaN,NaN,NaN,NaN,NaN,NaN
2012-09-04,NaN,NaN,NaN,NaN,NaN,NaN,NaN,NaN,NaN,NaN,NaN,NaN,NaN,NaN,NaN,NaN,NaN,NaN,NaN,NaN,NaN,NaN,NaN,NaN,99.87,64107.0,2240.0,99.875,57755.0,978.0,99.88,48198.0,3999.0,99.88,30030.0,1379.0,99.885,19691.0,1634.0,99.88,19607.0,1580.0,99.885,16724.0,1127.0,99.885,21461.0,557.0,99.88,24827.0,740.0,99.88,15576.0,224.0,99.88,13730.0,216.0,99.875,5887.0,149.0,99.875,7043.0,275.0,99.87,7540.0,78.0,99.87,5790.0,718.0,99.87,8057.0,615.0,99.86,12184.0,528.0,99.845,4885.0,127.0,99.84,6298.0,124.0,99.835,2089.0,99.0,99.82,3418.0,189.0,99.81,5886.0,200.0,99.805,4082.0,48.0,99.785,1858.0,27.0,99.775,1187.0,12.0,99.765,1176.0,2.0,99.74,827.0,NaN,99.73,99.72,99.695,99.675,99.655,99.625,99.61,99.59,99.55,NaN,NaN,NaN,NaN,NaN,NaN,NaN,NaN,NaN,NaN,NaN,NaN,NaN,NaN,NaN,NaN,NaN,NaN,NaN,NaN,NaN,NaN,NaN,NaN,NaN,NaN,NaN
2012-09-05,NaN,NaN,NaN,NaN,NaN,NaN,NaN,NaN,NaN,NaN,NaN,NaN,NaN,NaN,NaN,NaN,NaN,NaN,NaN,NaN,NaN,NaN,NaN,NaN,99.865,63980.0,3428.0,99.875,57718.0,846.0,99.88,48196.0,657.0,99.88,29853.0,637.0,99.885,19633.0,651.0,99.88,20514.0,1812.0,99.88,17233.0,2171.0,99.88,21764.0,752.0,99.88,24840.0,451.0,99.88,15467.0,572.0,99.875,13803.0,527.0,99.87,6112.0,952.0,99.87,6967.0,543.0,99.865,7656.0,368.0,99.865,6082.0,809.0,99.865,8097.0,1262.0,99.855,12399.0,1088.0,99.84,4897.0,340.0,99.835,6147.0,694.0,99.83,2126.0,265.0,99.815,3467.0,286.0,99.81,5901.0,567.0,99.8,4119.0,68.0,99.785,1840.0,52.0,99.775,1171.0,16.0,99.765,1176.0,NaN,99.74,827.0,NaN,99.73,99.72,99.695,99.675,99.655,99.625,99.61,99.59,99.55,NaN,NaN,NaN,NaN,NaN,NaN,NaN,NaN,NaN,NaN,NaN,NaN,NaN,NaN,NaN,NaN,NaN,NaN,NaN,NaN,NaN,NaN,NaN,NaN,NaN,NaN,NaN
2012-09-06,NaN,NaN,NaN,NaN,NaN,NaN,NaN,NaN,NaN,NaN,NaN,NaN,NaN,NaN,NaN,NaN,NaN,NaN,NaN,NaN,NaN,NaN,NaN,NaN,99.86,66935.0,11544.0,99.87,58424.0,5164.0,99.875,49687.0,3830.0,99.88,29859.0,2822.0,99.88,20419.0,3118.0,99.88,20348.0,1361.0,99.88,16849.0,1140.0,99.88,21322.0,2854.0,99.875,24643.0,637.0,99.875,15337.0,1390.0,99.87,14026.0,1924.0,99.865,6073.0,1034.0,99.86,7459.0,1112.0,99.855,7527.0,775.0,99.85,6404.0,926.0,99.845,7994.0,803.0,99.835,12488.0,468.0,99.82,5035.0,342.0,99.815,6048.0,261.0,99.805,2152.0,187.0,99.79,3495.0,396.0,99.785,5760.0,619.0,99.77,3885.0,484.0,99.75,1762.0,104.0,99.74,1104.0,85.0,99.725,1176.0,NaN,99.7,825.0,2.0,99.69,99.675,99.645,99.625,99.605,99.575,99.55,99.53,99.485,NaN,NaN,NaN,NaN,NaN,NaN,NaN,NaN,NaN,NaN,NaN,NaN,NaN,NaN,NaN,NaN,NaN,NaN,NaN,NaN,NaN,NaN,NaN,NaN,NaN,NaN,NaN
2012-09-07,NaN,NaN,NaN,NaN,NaN,NaN,NaN,NaN,NaN,NaN,NaN,NaN,NaN,NaN,NaN,NaN,NaN,NaN,NaN,NaN,NaN,NaN,NaN,NaN,99.855,65896.0,4168.0,99.87,58784.0,3104.0,99.875,50589.0,3195.0,99.88,30194.0,2459.0,99.88,20806.0,1724.0,99.875,20527.0,842.0,99.875,17345.0,1748.0,99.875,21315.0,2105.0,99.87,24795.0,859.0,99.87,15358.0,950.0,99.865,14359.0,1727.0,99.86,6304.0,1436.0,99.855,7674.0,1540.0,99.855,7379.0,969.0,99.85,6210.0,844.0,99.85,8217.0,1277.0,99.84,12507.0,958.0,99.83,5091.0,651.0,99.825,6083.0,423.0,99.815,2192.0,318.0,99.805,3481.0,296.0,99.8,5924.0,374.0,99.785,3978.0,210.0,99.765,1923.0,239.0,99.755,1108.0,60.0,99.74,1176.0,98.0,99.715,802.0,93.0,99.705,99.69,99.66,99.64,99.625,99.595,99.57,99.55,99.505,NaN,NaN,NaN,NaN,NaN,NaN,NaN,NaN,NaN,NaN,NaN,NaN,NaN,NaN,NaN,NaN,NaN,NaN,NaN,NaN,NaN,NaN,NaN,NaN,NaN,NaN,NaN
2012-09-10,NaN,NaN,NaN,NaN,NaN,NaN,NaN,NaN,NaN,NaN,NaN,NaN,NaN,NaN,NaN,NaN,NaN,NaN,NaN,NaN,NaN,NaN,NaN,NaN,99.86,65986.0,2866.0,99.87,59358.0,1680.0,99.875,50868.0,1142.0,99.88,30350.0,366.0,99.88,20130.0,1145.0,99.875,20716.0,1026.0,99.875,17571.0,1156.0,99.875,21215.0,394.0,99.875,24973.0,902.0,99.87,15410.0,102.0,99.865,14232.0,178.0,99.86,6134.0,256.0,99.855,7782.0,188.0,99.855,7417.0,97.0,99.85,6438.0,325.0,99.85,8120.0,321.0,99.845,12511.0,71.0,99.835,5132.0,138.0,99.83,6108.0,89.0,99.815,2200.0,90.0,99.805,3481.0,106.0,99.8,6065.0,277.0,99.785,3932.0,124.0,99.765,1990.0,144.0,99.755,1122.0,26.0,99.74,1176.0,NaN,99.715,802.0,NaN,99.705,99.69,99.66,99.64,99.625,99.595,99.57,99.55,99.505,NaN,NaN,NaN,NaN,NaN,NaN,NaN,NaN,NaN,NaN,NaN,NaN,NaN,NaN,NaN,NaN,NaN,NaN,NaN,NaN,NaN,NaN,NaN,NaN,NaN,NaN,NaN
2012-09-11,NaN,NaN,NaN,NaN,NaN,NaN,NaN,NaN,NaN,NaN,NaN,NaN,NaN,NaN,NaN,NaN,NaN,NaN,NaN,NaN,NaN,NaN,NaN,NaN,99.8625,64953.0,4202.0,99.87,59804.0,873.0,99.875,50192.0,1932.0,99.88,30813.0,1068.0,99.88,19780.0,446.0,99.875,20669.0,101.0,99.875,17594.0,122.0,99.875,21202.0,21.0,99.875,25003.0,40.0,99.875,15253.0,306.0,99.87,14507.0,306.0,99.865,5991.0,301.0,99.86,7907.0,447.0,99.86,7352.0,869.0,99.855,6771.0,962.0,99.85,8655.0,1528.0,99.84,12562.0,594.0,99.83,5107.0,392.0,99.825,6231.0,245.0,99.81,2259.0,197.0,99.8,3280.0,512.0,99.795,6068.0,269.0,99.78,3904.0,44.0,99.76,1987.0,38.0,99.75,1138.0,32.0,99.735,1166.0,10.0,99.71,802.0,NaN,99.7,99.685,99.655,99.635,99.62,99.59,99.565,99.545,99.5,NaN,NaN,NaN,NaN,NaN,NaN,NaN,NaN,NaN,NaN,NaN,NaN,NaN,NaN,NaN,NaN,NaN,NaN,NaN,NaN,NaN,NaN,NaN,NaN,NaN,NaN,NaN
2012-09-12,NaN,NaN,NaN,NaN,NaN,NaN,NaN,NaN,NaN,NaN,NaN,NaN,NaN,NaN,NaN,NaN,NaN,NaN,NaN,NaN,NaN,NaN,NaN,NaN,99.8625,65208.0,2869.0,99.87,61297.0,3865.0,99.875,50314.0,4025.0,99.88,30276.0,2979.0,99.88,19766.0,605.0,99.875,20601.0,572.0,99.875,17548.0,817.0,99.875,21174.0,411.0,99.875,25293.0,1123.0,99.875,15869.0,1170.0,99.87,14592.0,488.0,99.865,5985.0,689.0,99.865,7851.0,464.0,99.86,7301.0,578.0,99.855,6708.0,183.0,99.85,8629.0,539.0,99.835,12593.0,555.0,99.825,5261.0,419.0,99.815,6456.0,335.0,99.8,2288.0,115.0,99.79,3114.0,273.0,99.785,6004.0,320.0,99.77,3856.0,110.0,99.745,2009.0,64.0,99.73,1187.0,53.0,99.715,1166.0,NaN,99.69,799.0,15.0,99.68,99.665,99.635,99.605,99.59,99.56,99.535,99.515,99.47,NaN,NaN,NaN,NaN,NaN,NaN,NaN,NaN,NaN,NaN,NaN,NaN,NaN,NaN,NaN,NaN,NaN,NaN,NaN,NaN,NaN,NaN,NaN,NaN,NaN,NaN,NaN
2012-09-13,NaN,NaN,NaN,NaN,NaN,NaN,NaN,NaN,NaN,NaN,NaN,NaN,NaN,NaN,NaN,NaN,NaN,NaN,NaN,NaN,NaN,NaN,NaN,NaN,99.8575,65313.0,3085.0,99.87,61953.0,8464.0,99.875,50604.0,9210.0,99.88,30304.0,8741.0,99.88,19764.0,3209.0,99.875,21352.0,2375.0,99.88,16847.0,2952.0,99.88,20960.0,545.0,99.875,25173.0,595.0,99.875,16540.0,1693.0,99.875,14332.0,782.0,99.87,5901.0,358.0,99.87,7779.0,730.0,99.865,7350.0,408.0,99.86,6688.0,378.0,99.86,8364.0,802.0,99.855,12742.0,438.0,99.845,5406.0,346.0,99.835,6481.0,175.0,99.82,2307.0,204.0,99.81,3253.0,667.0,99.805,6101.0,856.0,99.79,3832.0,59.0,99.77,2006.0,6.0,99.76,1186.0,4.0,99.745,1166.0,NaN,99.72,799.0,NaN,99.71,99.695,99.665,99.64,99.625,99.595,99.57,99.55,99.505,NaN,NaN,NaN,NaN,NaN,NaN,NaN,NaN,NaN,NaN,NaN,NaN,NaN,NaN,NaN,NaN,NaN,NaN,NaN,NaN,NaN,NaN,NaN,NaN,NaN,NaN,NaN
2012-09-14,NaN,NaN,NaN,NaN,NaN,NaN,NaN,NaN,NaN,NaN,NaN,NaN,NaN,NaN,NaN,NaN,NaN,NaN,NaN,NaN,NaN,NaN,NaN,NaN,99.855,65442.0,1597.0,99.865,62734.0,7833.0,99.87,51958.0,3846.0,99.875,30919.0,2992.0,99.875,19765.0,1144.0,99.875,20584.0,2213.0,99.875,16607.0,899.0,99.875,21028.0,652.0,99.875,25089.0,440.0,99.87,16415.0,211.0,99.865,14166.0,376.0,99.86,5642.0,552.0,99.86,7935.0,323.0,99.855,7480.0,327.0,99.85,6709.0,212.0,99.85,8314.0,315.0,99.84,12741.0,119.0,99.83,5374.0,192.0,99.82,6370.0,163.0,99.805,2327.0,121.0,99.795,3242.0,80.0,99.79,6025.0,137.0,99.775,3822.0,124.0,99.755,2053.0,122.0,99.74,1178.0,20.0,99.72,1234.0,79.0,99.69,870.0,156.0,99.675,99.65,99.62,99.595,99.58,99.545,99.52,99.495,99.445,NaN,NaN,NaN,NaN,NaN,NaN,NaN,NaN,NaN,NaN,NaN,NaN,NaN,NaN,NaN,NaN,NaN,NaN,NaN,NaN,NaN,NaN,NaN,NaN,NaN,NaN,NaN
2012-09-17,NaN,NaN,NaN,NaN,NaN,NaN,NaN,NaN,NaN,NaN,NaN,NaN,NaN,NaN,NaN,NaN,NaN,NaN,NaN,NaN,NaN,NaN,NaN,NaN,99.855,65287.0,2166.0,99.865,63021.0,458.0,99.87,52272.0,1062.0,99.87,31360.0,904.0,99.875,19709.0,227.0,99.875,20522.0,439.0,99.875,16505.0,103.0,99.875,20964.0,242.0,99.875,25075.0,27.0,99.87,16439.0,189.0,99.865,14136.0,152.0,99.86,5623.0,34.0,99.86,7963.0,54.0,99.855,7504.0,158.0,99.85,6689.0,125.0,99.85,8414.0,278.0,99.84,12861.0,286.0,99.83,5432.0,169.0,99.82,6353.0,155.0,99.805,2340.0,104.0,99.795,3252.0,47.0,99.79,6021.0,28.0,99.775,3856.0,86.0,99.755,2053.0,6.0,99.74,1178.0,NaN,99.72,1234.0,NaN,99.69,870.0,NaN,99.675,99.65,99.62,99.595,99.58,99.545,99.52,99.495,99.445,NaN,NaN,NaN,NaN,NaN,NaN,NaN,NaN,NaN,NaN,NaN,NaN,NaN,NaN,NaN,NaN,NaN,NaN,NaN,NaN,NaN,NaN,NaN,NaN,NaN,NaN,NaN
2012-09-18,NaN,NaN,NaN,NaN,NaN,NaN,NaN,NaN,NaN,NaN,NaN,NaN,NaN,NaN,NaN,NaN,NaN,NaN,NaN,NaN,NaN,NaN,NaN,NaN,99.855,65432.0,2161.0,99.86,62131.0,1334.0,99.865,52538.0,2661.0,99.87,31365.0,315.0,99.87,18969.0,1327.0,99.87,20005.0,1166.0,99.87,16243.0,846.0,99.87,21343.0,853.0,99.87,25049.0,1080.0,99.87,16465.0,109.0,99.86,14305.0,566.0,99.855,5840.0,672.0,99.855,7987.0,140.0,99.85,7490.0,484.0,99.845,6565.0,474.0,99.845,8322.0,285.0,99.84,13065.0,526.0,99.83,5563.0,300.0,99.82,6321.0,81.0,99.81,2356.0,111.0,99.8,3302.0,69.0,99.795,6020.0,28.0,99.78,3923.0,167.0,99.76,2094.0,120.0,99.745,1178.0,1.0,99.725,1234.0,NaN,99.705,869.0,1.0,99.69,99.665,99.635,99.615,99.6,99.565,99.54,99.515,99.47,NaN,NaN,NaN,NaN,NaN,NaN,NaN,NaN,NaN,NaN,NaN,NaN,NaN,NaN,NaN,NaN,NaN,NaN,NaN,NaN,NaN,NaN,NaN,NaN,NaN,NaN,NaN
2012-09-19,NaN,NaN,NaN,NaN,NaN,NaN,NaN,NaN,NaN,NaN,NaN,NaN,NaN,NaN,NaN,NaN,NaN,NaN,NaN,NaN,NaN,NaN,NaN,NaN,99.8525,65797.0,3344.0,99.855,63271.0,5468.0,99.86,51901.0,2153.0,99.865,31427.0,2248.0,99.87,18796.0,473.0,99.865,19980.0,2854.0,99.865,16061.0,749.0,99.87,21354.0,575.0,99.865,24861.0,863.0,99.865,16585.0,2101.0,99.86,14273.0,58.0,99.855,5754.0,389.0,99.855,7636.0,382.0,99.85,7485.0,12.0,99.845,6565.0,26.0,99.845,8573.0,301.0,99.835,13142.0,91.0,99.825,5573.0,21.0,99.815,6323.0,3.0,99.805,2355.0,17.0,99.795,3325.0,28.0,99.79,6008.0,25.0,99.775,3923.0,7.0,99.755,2094.0,NaN,99.74,1178.0,NaN,99.725,1234.0,NaN,99.705,869.0,NaN,99.69,99.67,99.64,99.62,99.605,99.57,99.545,99.525,99.48,NaN,NaN,NaN,NaN,NaN,NaN,NaN,NaN,NaN,NaN,NaN,NaN,NaN,NaN,NaN,NaN,NaN,NaN,NaN,NaN,NaN,NaN,NaN,NaN,NaN,NaN,NaN
2012-09-20,NaN,NaN,NaN,NaN,NaN,NaN,NaN,NaN,NaN,NaN,NaN,NaN,NaN,NaN,NaN,NaN,NaN,NaN,NaN,NaN,NaN,NaN,NaN,NaN,99.8525,66373.0,1181.0,99.855,63383.0,2814.0,99.86,52538.0,3074.0,99.87,31779.0,2325.0,99.87,18561.0,588.0,99.865,19905.0,598.0,99.865,16109.0,182.0,99.87,21600.0,364.0,99.87,24862.0,51.0,99.865,16606.0,101.0,99.86,13734.0,696.0,99.86,5709.0,124.0,99.86,7596.0,80.0,99.855,7319.0,235.0,99.85,6557.0,97.0,99.85,8683.0,422.0,99.84,13316.0,494.0,99.83,5520.0,310.0,99.82,6413.0,114.0,99.81,2357.0,82.0,99.8,3371.0,54.0,99.795,6034.0,254.0,99.78,3903.0,88.0,99.76,2016.0,117.0,99.745,1132.0,51.0,99.73,1234.0,NaN,99.71,869.0,NaN,99.695,99.68,99.655,99.635,99.62,99.585,99.56,99.545,99.505,NaN,NaN,NaN,NaN,NaN,NaN,NaN,NaN,NaN,NaN,NaN,NaN,NaN,NaN,NaN,NaN,NaN,NaN,NaN,NaN,NaN,NaN,NaN,NaN,NaN,NaN,NaN
2012-09-21,NaN,NaN,NaN,NaN,NaN,NaN,NaN,NaN,NaN,NaN,NaN,NaN,NaN,NaN,NaN,NaN,NaN,NaN,NaN,NaN,NaN,NaN,NaN,NaN,99.8525,67393.0,3893.0,99.855,63174.0,980.0,99.86,52471.0,751.0,99.87,31710.0,680.0,99.87,19355.0,1591.0,99.87,19908.0,864.0,99.87,16367.0,340.0,99.87,21574.0,201.0,99.87,24863.0,35.0,99.87,17413.0,903.0,99.865,13725.0,38.0,99.865,5900.0,228.0,99.865,7599.0,15.0,99.855,7278.0,56.0,99.85,6717.0,184.0,99.85,8653.0,81.0,99.84,13323.0,71.0,99.83,5556.0,41.0,99.82,6411.0,12.0,99.81,2344.0,57.0,99.8,3441.0,113.0,99.795,6056.0,76.0,99.78,3911.0,84.0,99.76,2008.0,10.0,99.75,1132.0,1.0,99.74,1234.0,1.0,99.72,868.0,1.0,99.71,99.695,99.67,99.65,99.635,99.6,99.575,99.56,99.52,NaN,NaN,NaN,NaN,NaN,NaN,NaN,NaN,NaN,NaN,NaN,NaN,NaN,NaN,NaN,NaN,NaN,NaN,NaN,NaN,NaN,NaN,NaN,NaN,NaN,NaN,NaN
2012-09-24,NaN,NaN,NaN,NaN,NaN,NaN,NaN,NaN,NaN,NaN,NaN,NaN,NaN,NaN,NaN,NaN,NaN,NaN,NaN,NaN,NaN,NaN,NaN,NaN,99.8525,67516.0,935.0,99.855,63006.0,599.0,99.86,53032.0,2371.0,99.87,31642.0,414.0,99.87,19584.0,806.0,99.87,19987.0,476.0,99.87,16708.0,565.0,99.87,21579.0,191.0,99.87,24870.0,347.0,99.87,17879.0,734.0,99.865,13735.0,12.0,99.865,5919.0,84.0,99.86,7858.0,385.0,99.85,7372.0,247.0,99.845,6768.0,87.0,99.845,8494.0,644.0,99.84,13329.0,43.0,99.83,5527.0,108.0,99.82,6410.0,7.0,99.81,2345.0,5.0,99.8,3423.0,24.0,99.795,6056.0,109.0,99.78,3898.0,96.0,99.76,1997.0,55.0,99.75,1132.0,2.0,99.74,1234.0,NaN,99.72,868.0,NaN,99.71,99.695,99.67,99.65,99.635,99.6,99.575,99.56,99.52,NaN,NaN,NaN,NaN,NaN,NaN,NaN,NaN,NaN,NaN,NaN,NaN,NaN,NaN,NaN,NaN,NaN,NaN,NaN,NaN,NaN,NaN,NaN,NaN,NaN,NaN,NaN
2012-09-25,NaN,NaN,NaN,NaN,NaN,NaN,NaN,NaN,NaN,NaN,NaN,NaN,NaN,NaN,NaN,NaN,NaN,NaN,NaN,NaN,NaN,NaN,NaN,NaN,99.8525,68715.0,2825.0,99.855,62198.0,1628.0,99.86,53002.0,2090.0,99.865,31480.0,388.0,99.87,19653.0,571.0,99.87,19974.0,656.0,99.87,16728.0,354.0,99.87,21718.0,431.0,99.87,24844.0,82.0,99.87,17933.0,324.0,99.86,13752.0,298.0,99.86,6253.0,664.0,99.855,7782.0,381.0,99.845,7440.0,466.0,99.84,7112.0,570.0,99.84,8164.0,857.0,99.83,13624.0,501.0,99.82,5717.0,324.0,99.81,6397.0,292.0,99.8,2408.0,187.0,99.79,3405.0,143.0,99.785,6061.0,110.0,99.77,3868.0,105.0,99.755,1928.0,190.0,99.745,1092.0,77.0,99.735,1237.0,34.0,99.715,923.0,93.0,99.705,99.69,99.665,99.645,99.63,99.595,99.57,99.555,99.515,NaN,NaN,NaN,NaN,NaN,NaN,NaN,NaN,NaN,NaN,NaN,NaN,NaN,NaN,NaN,NaN,NaN,NaN,NaN,NaN,NaN,NaN,NaN,NaN,NaN,NaN,NaN
2012-09-26,NaN,NaN,NaN,NaN,NaN,NaN,NaN,NaN,NaN,NaN,NaN,NaN,NaN,NaN,NaN,NaN,NaN,NaN,NaN,NaN,NaN,NaN,NaN,NaN,99.8525,80289.0,12998.0,99.855,62204.0,918.0,99.86,53227.0,771.0,99.865,31245.0,1184.0,99.87,19614.0,176.0,99.87,20195.0,297.0,99.87,16535.0,700.0,99.87,21523.0,691.0,99.87,24827.0,324.0,99.87,17986.0,451.0,99.86,13747.0,55.0,99.86,6529.0,503.0,99.855,7792.0,135.0,99.85,7473.0,573.0,99.845,7216.0,700.0,99.845,8186.0,461.0,99.84,13965.0,797.0,99.83,6060.0,600.0,99.82,6311.0,117.0,99.81,2407.0,89.0,99.8,3369.0,280.0,99.795,6042.0,240.0,99.78,3792.0,169.0,99.765,1846.0,140.0,99.755,1092.0,NaN,99.745,1236.0,1.0,99.725,923.0,1.0,99.715,99.705,99.68,99.665,99.65,99.63,99.605,99.595,99.56,NaN,NaN,NaN,NaN,NaN,NaN,NaN,NaN,NaN,NaN,NaN,NaN,NaN,NaN,NaN,NaN,NaN,NaN,NaN,NaN,NaN,NaN,NaN,NaN,NaN,NaN,NaN
2012-09-27,NaN,NaN,NaN,NaN,NaN,NaN,NaN,NaN,NaN,NaN,NaN,NaN,NaN,NaN,NaN,NaN,NaN,NaN,NaN,NaN,NaN,NaN,NaN,NaN,99.8525,79940.0,1547.0,99.855,61997.0,554.0,99.86,52990.0,757.0,99.865,31014.0,673.0,99.87,18768.0,1275.0,99.87,20565.0,711.0,99.87,16515.0,688.0,99.87,21447.0,423.0,99.87,24135.0,1235.0,99.87,17984.0,504.0,99.865,13902.0,282.0,99.865,6477.0,131.0,99.86,7805.0,32.0,99.855,7604.0,363.0,99.85,7209.0,143.0,99.85,8209.0,980.0,99.845,14227.0,332.0,99.835,6122.0,162.0,99.825,6451.0,237.0,99.815,2423.0,57.0,99.805,3352.0,26.0,99.8,5991.0,51.0,99.785,3786.0,26.0,99.77,1852.0,43.0,99.76,1092.0,26.0,99.75,1236.0,NaN,99.73,933.0,10.0,99.72,99.71,99.685,99.67,99.655,99.635,99.61,99.595,99.56,NaN,NaN,NaN,NaN,NaN,NaN,NaN,NaN,NaN,NaN,NaN,NaN,NaN,NaN,NaN,NaN,NaN,NaN,NaN,NaN,NaN,NaN,NaN,NaN,NaN,NaN,NaN
2012-09-28,NaN,NaN,NaN,NaN,NaN,NaN,NaN,NaN,NaN,NaN,NaN,NaN,NaN,NaN,NaN,NaN,NaN,NaN,NaN,NaN,NaN,NaN,NaN,NaN,99.855,80569.0,7153.0,99.855,61943.0,1981.0,99.86,52475.0,1644.0,99.87,30847.0,1697.0,99.87,18418.0,1364.0,99.875,21057.0,1758.0,99.88,17012.0,1987.0,99.875,21317.0,819.0,99.88,23747.0,1313.0,99.875,18131.0,1787.0,99.87,13944.0,1103.0,99.87,6491.0,408.0,99.87,7859.0,397.0,99.865,7553.0,608.0,99.865,7204.0,262.0,99.865,9152.0,1682.0,99.86,14427.0,1169.0,99.85,6134.0,277.0,99.84,6293.0,317.0,99.83,2504.0,247.0,99.82,3388.0,102.0,99.815,5918.0,283.0,99.8,3751.0,109.0,99.785,1858.0,87.0,99.775,1090.0,6.0,99.765,1236.0,NaN,99.745,933.0,NaN,99.735,99.715,99.69,99.675,99.66,99.64,99.615,99.595,99.56,NaN,NaN,NaN,NaN,NaN,NaN,NaN,NaN,NaN,NaN,NaN,NaN,NaN,NaN,NaN,NaN,NaN,NaN,NaN,NaN,NaN,NaN,NaN,NaN,NaN,NaN,NaN
2012-10-01,NaN,NaN,NaN,NaN,NaN,NaN,NaN,NaN,NaN,NaN,NaN,NaN,NaN,NaN,NaN,NaN,NaN,NaN,NaN,NaN,NaN,NaN,NaN,NaN,NaN,NaN,NaN,99.8525,62363.0,2021.0,99.86,53713.0,2709.0,99.87,30823.0,634.0,99.87,18400.0,650.0,99.875,21068.0,177.0,99.88,17016.0,324.0,99.875,21502.0,700.0,99.88,23460.0,448.0,99.88,18321.0,495.0,99.875,13943.0,96.0,99.875,6507.0,145.0,99.875,7844.0,22.0,99.87,7536.0,34.0,99.87,7246.0,109.0,99.87,9152.0,19.0,99.86,14428.0,106.0,99.85,6142.0,55.0,99.84,6307.0,81.0,99.835,2525.0,66.0,99.825,3434.0,200.0,99.82,5917.0,8.0,99.805,3773.0,40.0,99.79,1854.0,95.0,99.78,1090.0,11.0,99.77,1236.0,NaN,99.75,933.0,4.0,99.74,99.72,99.7,99.685,99.67,99.65,99.625,99.605,99.57,99.55,NaN,NaN,NaN,NaN,NaN,NaN,NaN,NaN,NaN,NaN,NaN,NaN,NaN,NaN,NaN,NaN,NaN,NaN,NaN,NaN,NaN,NaN,NaN,NaN,NaN,NaN
2012-10-02,NaN,NaN,NaN,NaN,NaN,NaN,NaN,NaN,NaN,NaN,NaN,NaN,NaN,NaN,NaN,NaN,NaN,NaN,NaN,NaN,NaN,NaN,NaN,NaN,NaN,NaN,NaN,99.855,60833.0,3227.0,99.86,53561.0,1671.0,99.87,31214.0,824.0,99.87,18416.0,1414.0,99.875,20985.0,979.0,99.88,17092.0,169.0,99.88,21519.0,63.0,99.88,23448.0,21.0,99.88,18258.0,168.0,99.88,14042.0,129.0,99.88,6560.0,374.0,99.88,7909.0,179.0,99.875,7529.0,84.0,99.875,7330.0,128.0,99.87,9175.0,35.0,99.86,14505.0,149.0,99.855,6121.0,47.0,99.85,6257.0,101.0,99.845,2525.0,7.0,99.835,3511.0,103.0,99.83,5891.0,161.0,99.815,3734.0,67.0,99.8,1770.0,179.0,99.79,1085.0,11.0,99.78,1236.0,10.0,99.765,920.0,15.0,99.76,99.74,99.72,99.705,99.69,99.67,99.645,99.625,99.59,99.57,NaN,NaN,NaN,NaN,NaN,NaN,NaN,NaN,NaN,NaN,NaN,NaN,NaN,NaN,NaN,NaN,NaN,NaN,NaN,NaN,NaN,NaN,NaN,NaN,NaN,NaN
2012-10-03,NaN,NaN,NaN,NaN,NaN,NaN,NaN,NaN,NaN,NaN,NaN,NaN,NaN,NaN,NaN,NaN,NaN,NaN,NaN,NaN,NaN,NaN,NaN,NaN,NaN,NaN,NaN,99.8525,61454.0,3419.0,99.86,53569.0,365.0,99.87,31494.0,1703.0,99.87,18916.0,1689.0,99.875,21270.0,738.0,99.88,17470.0,1454.0,99.88,21943.0,1202.0,99.88,23552.0,227.0,99.88,18424.0,720.0,99.88,14178.0,171.0,99.88,6682.0,235.0,99.88,8117.0,332.0,99.875,7681.0,177.0,99.875,7521.0,304.0,99.87,9359.0,514.0,99.865,14796.0,474.0,99.86,6342.0,407.0,99.855,6615.0,872.0,99.85,2775.0,284.0,99.84,3674.0,393.0,99.835,6031.0,214.0,99.825,3743.0,32.0,99.81,1761.0,20.0,99.8,1086.0,1.0,99.79,1236.0,3.0,99.775,920.0,1.0,99.77,99.75,99.73,99.715,99.7,99.68,99.655,99.635,99.605,99.585,NaN,NaN,NaN,NaN,NaN,NaN,NaN,NaN,NaN,NaN,NaN,NaN,NaN,NaN,NaN,NaN,NaN,NaN,NaN,NaN,NaN,NaN,NaN,NaN,NaN,NaN
2012-10-04,NaN,NaN,NaN,NaN,NaN,NaN,NaN,NaN,NaN,NaN,NaN,NaN,NaN,NaN,NaN,NaN,NaN,NaN,NaN,NaN,NaN,NaN,NaN,NaN,NaN,NaN,NaN,99.85,59652.0,3336.0,99.855,53574.0,1147.0,99.865,31075.0,2263.0,99.87,18652.0,1471.0,99.875,21609.0,1281.0,99.88,17492.0,374.0,99.88,22122.0,573.0,99.88,23374.0,1665.0,99.88,18524.0,656.0,99.88,13764.0,1323.0,99.88,6693.0,546.0,99.88,8110.0,763.0,99.875,7682.0,583.0,99.875,7531.0,1378.0,99.875,9837.0,2074.0,99.87,14945.0,655.0,99.865,6202.0,851.0,99.86,6561.0,735.0,99.855,2753.0,393.0,99.845,3860.0,584.0,99.84,5989.0,433.0,99.83,3714.0,105.0,99.815,1671.0,419.0,99.8,1094.0,45.0,99.79,1241.0,164.0,99.775,1046.0,150.0,99.77,99.75,99.73,99.715,99.695,99.675,99.65,99.63,99.6,99.575,NaN,NaN,NaN,NaN,NaN,NaN,NaN,NaN,NaN,NaN,NaN,NaN,NaN,NaN,NaN,NaN,NaN,NaN,NaN,NaN,NaN,NaN,NaN,NaN,NaN,NaN
2012-10-05,NaN,NaN,NaN,NaN,NaN,NaN,NaN,NaN,NaN,NaN,NaN,NaN,NaN,NaN,NaN,NaN,NaN,NaN,NaN,NaN,NaN,NaN,NaN,NaN,NaN,NaN,NaN,99.85,59372.0,535.0,99.855,54129.0,1804.0,99.865,30950.0,861.0,99.87,19591.0,1389.0,99.875,21220.0,1145.0,99.875,17245.0,844.0,99.875,22210.0,364.0,99.88,22199.0,2583.0,99.88,18630.0,952.0,99.875,14562.0,961.0,99.875,6676.0,279.0,99.87,8690.0,997.0,99.865,7274.0,2375.0,99.86,7431.0,1694.0,99.855,11016.0,2868.0,99.845,15313.0,1298.0,99.84,6100.0,740.0,99.83,6705.0,657.0,99.82,2848.0,232.0,99.81,3908.0,234.0,99.805,6031.0,160.0,99.795,3699.0,23.0,99.78,1628.0,62.0,99.765,1101.0,7.0,99.755,1243.0,2.0,99.74,1046.0,20.0,99.735,99.715,99.695,99.675,99.66,99.63,99.605,99.585,99.555,99.525,NaN,NaN,NaN,NaN,NaN,NaN,NaN,NaN,NaN,NaN,NaN,NaN,NaN,NaN,NaN,NaN,NaN,NaN,NaN,NaN,NaN,NaN,NaN,NaN,NaN,NaN
2012-10-08,NaN,NaN,NaN,NaN,NaN,NaN,NaN,NaN,NaN,NaN,NaN,NaN,NaN,NaN,NaN,NaN,NaN,NaN,NaN,NaN,NaN,NaN,NaN,NaN,NaN,NaN,NaN,99.85,59372.0,33.0,99.855,54137.0,49.0,99.865,30880.0,228.0,99.87,19598.0,51.0,99.87,21201.0,145.0,99.875,17221.0,78.0,99.875,22192.0,23.0,99.875,22118.0,117.0,99.875,18610.0,20.0,99.87,14562.0,1.0,99.87,6690.0,21.0,99.865,8689.0,2.0,99.86,7272.0,4.0,99.855,7429.0,12.0,99.855,11014.0,27.0,99.845,15313.0,20.0,99.84,6093.0,23.0,99.83,6701.0,4.0,99.82,2843.0,6.0,99.81,3915.0,17.0,99.805,6031.0,3.0,99.795,3695.0,51.0,99.78,1628.0,53.0,99.765,1101.0,NaN,99.755,1237.0,6.0,99.74,1046.0,NaN,99.735,99.715,99.695,99.675,99.66,99.63,99.605,99.585,99.555,99.525,NaN,NaN,NaN,NaN,NaN,NaN,NaN,NaN,NaN,NaN,NaN,NaN,NaN,NaN,NaN,NaN,NaN,NaN,NaN,NaN,NaN,NaN,NaN,NaN,NaN,NaN
2012-10-09,NaN,NaN,NaN,NaN,NaN,NaN,NaN,NaN,NaN,NaN,NaN,NaN,NaN,NaN,NaN,NaN,NaN,NaN,NaN,NaN,NaN,NaN,NaN,NaN,NaN,NaN,NaN,99.85,59190.0,734.0,99.855,54325.0,348.0,99.865,31071.0,2198.0,99.87,19525.0,1702.0,99.87,20992.0,379.0,99.875,17009.0,441.0,99.875,22276.0,168.0,99.875,22090.0,440.0,99.875,18328.0,1514.0,99.87,14485.0,223.0,99.87,6600.0,235.0,99.865,8711.0,26.0,99.86,7245.0,51.0,99.855,7420.0,23.0,99.855,10959.0,138.0,99.85,15419.0,124.0,99.845,6202.0,141.0,99.835,6730.0,72.0,99.825,2852.0,21.0,99.815,3898.0,84.0,99.81,6030.0,19.0,99.8,3695.0,14.0,99.785,1628.0,5.0,99.77,1101.0,NaN,99.76,1237.0,NaN,99.745,1046.0,NaN,99.74,99.72,99.695,99.675,99.66,99.63,99.605,99.585,99.555,99.525,NaN,NaN,NaN,NaN,NaN,NaN,NaN,NaN,NaN,NaN,NaN,NaN,NaN,NaN,NaN,NaN,NaN,NaN,NaN,NaN,NaN,NaN,NaN,NaN,NaN,NaN
2012-10-10,NaN,NaN,NaN,NaN,NaN,NaN,NaN,NaN,NaN,NaN,NaN,NaN,NaN,NaN,NaN,NaN,NaN,NaN,NaN,NaN,NaN,NaN,NaN,NaN,NaN,NaN,NaN,99.85,59946.0,1625.0,99.855,53228.0,2093.0,99.865,30818.0,1051.0,99.87,19235.0,484.0,99.87,20956.0,527.0,99.875,17057.0,155.0,99.875,22307.0,213.0,99.875,22107.0,172.0,99.875,18354.0,351.0,99.87,14387.0,555.0,99.87,6735.0,1809.0,99.865,8645.0,214.0,99.86,7167.0,441.0,99.85,7670.0,841.0,99.85,10786.0,515.0,99.84,15377.0,238.0,99.83,6075.0,576.0,99.82,6650.0,233.0,99.81,2762.0,147.0,99.8,3895.0,197.0,99.795,6044.0,120.0,99.785,3702.0,32.0,99.77,1672.0,114.0,99.755,1103.0,42.0,99.745,1248.0,38.0,99.73,1058.0,21.0,99.725,99.705,99.68,99.66,99.645,99.615,99.59,99.57,99.54,99.51,NaN,NaN,NaN,NaN,NaN,NaN,NaN,NaN,NaN,NaN,NaN,NaN,NaN,NaN,NaN,NaN,NaN,NaN,NaN,NaN,NaN,NaN,NaN,NaN,NaN,NaN
2012-10-11,NaN,NaN,NaN,NaN,NaN,NaN,NaN,NaN,NaN,NaN,NaN,NaN,NaN,NaN,NaN,NaN,NaN,NaN,NaN,NaN,NaN,NaN,NaN,NaN,NaN,NaN,NaN,99.85,60224.0,1161.0,99.855,52361.0,5672.0,99.865,30770.0,3409.0,99.87,19338.0,521.0,99.87,21059.0,905.0,99.875,18657.0,2056.0,99.875,22254.0,705.0,99.875,22180.0,154.0,99.875,18254.0,559.0,99.87,14027.0,1804.0,99.865,6518.0,1505.0,99.86,8642.0,149.0,99.855,7184.0,254.0,99.85,7587.0,235.0,99.85,11290.0,1834.0,99.84,15468.0,357.0,99.83,6201.0,386.0,99.82,6723.0,510.0,99.81,2753.0,224.0,99.8,3962.0,400.0,99.795,6042.0,56.0,99.785,3699.0,45.0,99.77,1691.0,73.0,99.755,1103.0,NaN,99.745,1246.0,7.0,99.73,1060.0,2.0,99.72,99.7,99.675,99.655,99.64,99.61,99.585,99.565,99.535,99.505,NaN,NaN,NaN,NaN,NaN,NaN,NaN,NaN,NaN,NaN,NaN,NaN,NaN,NaN,NaN,NaN,NaN,NaN,NaN,NaN,NaN,NaN,NaN,NaN,NaN,NaN
2012-10-12,NaN,NaN,NaN,NaN,NaN,NaN,NaN,NaN,NaN,NaN,NaN,NaN,NaN,NaN,NaN,NaN,NaN,NaN,NaN,NaN,NaN,NaN,NaN,NaN,NaN,NaN,NaN,99.85,60266.0,699.0,99.855,52266.0,927.0,99.865,30443.0,1090.0,99.87,19345.0,577.0,99.87,21089.0,280.0,99.875,18737.0,801.0,99.875,22038.0,853.0,99.875,22016.0,1001.0,99.875,18136.0,513.0,99.87,13656.0,575.0,99.865,6562.0,97.0,99.86,8814.0,375.0,99.855,7235.0,246.0,99.85,7599.0,349.0,99.85,11455.0,371.0,99.845,15413.0,312.0,99.835,6325.0,410.0,99.825,6772.0,144.0,99.815,2713.0,95.0,99.805,3963.0,66.0,99.8,6042.0,12.0,99.79,3699.0,4.0,99.775,1688.0,11.0,99.755,1103.0,NaN,99.745,1244.0,2.0,99.725,1061.0,1.0,99.715,99.695,99.67,99.65,99.635,99.605,99.58,99.56,99.53,99.5,NaN,NaN,NaN,NaN,NaN,NaN,NaN,NaN,NaN,NaN,NaN,NaN,NaN,NaN,NaN,NaN,NaN,NaN,NaN,NaN,NaN,NaN,NaN,NaN,NaN,NaN
2012-10-15,NaN,NaN,NaN,NaN,NaN,NaN,NaN,NaN,NaN,NaN,NaN,NaN,NaN,NaN,NaN,NaN,NaN,NaN,NaN,NaN,NaN,NaN,NaN,NaN,NaN,NaN,NaN,99.845,60734.0,3224.0,99.855,52432.0,1248.0,99.865,30642.0,2138.0,99.87,19000.0,873.0,99.87,21221.0,558.0,99.875,18583.0,393.0,99.875,21811.0,455.0,99.875,21973.0,96.0,99.875,18063.0,739.0,99.87,13713.0,185.0,99.865,6523.0,94.0,99.86,8769.0,56.0,99.86,7515.0,347.0,99.855,7599.0,98.0,99.85,11497.0,50.0,99.845,15396.0,114.0,99.835,6409.0,131.0,99.825,6768.0,176.0,99.815,2745.0,99.0,99.805,3856.0,411.0,99.8,6162.0,301.0,99.79,3749.0,103.0,99.775,1670.0,74.0,99.755,1104.0,7.0,99.745,1244.0,3.0,99.725,1061.0,NaN,99.715,99.695,99.67,99.65,99.635,99.605,99.58,99.56,99.53,99.5,NaN,NaN,NaN,NaN,NaN,NaN,NaN,NaN,NaN,NaN,NaN,NaN,NaN,NaN,NaN,NaN,NaN,NaN,NaN,NaN,NaN,NaN,NaN,NaN,NaN,NaN
2012-10-16,NaN,NaN,NaN,NaN,NaN,NaN,NaN,NaN,NaN,NaN,NaN,NaN,NaN,NaN,NaN,NaN,NaN,NaN,NaN,NaN,NaN,NaN,NaN,NaN,NaN,NaN,NaN,99.845,60700.0,444.0,99.855,52364.0,410.0,99.86,30470.0,2119.0,99.865,20866.0,3370.0,99.865,21504.0,4120.0,99.87,18855.0,1747.0,99.87,21676.0,1561.0,99.865,23317.0,3672.0,99.87,18309.0,1169.0,99.865,14271.0,1741.0,99.86,6776.0,585.0,99.855,8968.0,569.0,99.855,7453.0,483.0,99.85,7398.0,637.0,99.85,11942.0,747.0,99.845,15412.0,529.0,99.835,6514.0,316.0,99.825,7037.0,883.0,99.815,2780.0,217.0,99.805,3839.0,190.0,99.8,6239.0,1052.0,99.79,3747.0,91.0,99.77,1625.0,134.0,99.75,1126.0,58.0,99.74,1244.0,NaN,99.72,1061.0,NaN,99.71,99.69,99.665,99.64,99.62,99.59,99.565,99.545,99.505,99.475,NaN,NaN,NaN,NaN,NaN,NaN,NaN,NaN,NaN,NaN,NaN,NaN,NaN,NaN,NaN,NaN,NaN,NaN,NaN,NaN,NaN,NaN,NaN,NaN,NaN,NaN
2012-10-17,NaN,NaN,NaN,NaN,NaN,NaN,NaN,NaN,NaN,NaN,NaN,NaN,NaN,NaN,NaN,NaN,NaN,NaN,NaN,NaN,NaN,NaN,NaN,NaN,NaN,NaN,NaN,99.845,61494.0,2439.0,99.855,54381.0,6091.0,99.86,30688.0,2499.0,99.86,20551.0,1602.0,99.86,22068.0,3445.0,99.865,19108.0,2467.0,99.865,21039.0,4811.0,99.86,23179.0,2169.0,99.86,18254.0,963.0,99.855,14208.0,967.0,99.85,6704.0,610.0,99.845,8757.0,996.0,99.845,7367.0,613.0,99.835,7525.0,480.0,99.83,12129.0,868.0,99.82,15486.0,883.0,99.81,6694.0,936.0,99.8,6893.0,703.0,99.79,2707.0,579.0,99.78,3860.0,522.0,99.77,6150.0,447.0,99.755,3830.0,337.0,99.735,2009.0,672.0,99.715,1213.0,187.0,99.7,1250.0,96.0,99.665,1094.0,61.0,99.65,99.63,99.595,99.57,99.55,99.515,99.49,99.465,99.42,99.39,NaN,NaN,NaN,NaN,NaN,NaN,NaN,NaN,NaN,NaN,NaN,NaN,NaN,NaN,NaN,NaN,NaN,NaN,NaN,NaN,NaN,NaN,NaN,NaN,NaN,NaN
2012-10-18,NaN,NaN,NaN,NaN,NaN,NaN,NaN,NaN,NaN,NaN,NaN,NaN,NaN,NaN,NaN,NaN,NaN,NaN,NaN,NaN,NaN,NaN,NaN,NaN,NaN,NaN,NaN,99.845,61066.0,798.0,99.855,53350.0,3679.0,99.86,31887.0,3320.0,99.86,19869.0,2353.0,99.86,22453.0,1559.0,99.865,19048.0,509.0,99.865,21144.0,2010.0,99.86,23905.0,2500.0,99.86,18254.0,838.0,99.855,14597.0,1081.0,99.85,6756.0,209.0,99.845,8526.0,705.0,99.84,7176.0,411.0,99.83,7624.0,409.0,99.825,12133.0,266.0,99.815,15581.0,306.0,99.805,6700.0,238.0,99.795,6803.0,432.0,99.78,2751.0,298.0,99.765,4003.0,380.0,99.755,6188.0,244.0,99.74,3820.0,56.0,99.72,2201.0,258.0,99.7,1194.0,74.0,99.685,1250.0,56.0,99.65,1094.0,NaN,99.635,99.62,99.585,99.56,99.54,99.505,99.48,99.455,99.41,99.38,NaN,NaN,NaN,NaN,NaN,NaN,NaN,NaN,NaN,NaN,NaN,NaN,NaN,NaN,NaN,NaN,NaN,NaN,NaN,NaN,NaN,NaN,NaN,NaN,NaN,NaN
2012-10-19,NaN,NaN,NaN,NaN,NaN,NaN,NaN,NaN,NaN,NaN,NaN,NaN,NaN,NaN,NaN,NaN,NaN,NaN,NaN,NaN,NaN,NaN,NaN,NaN,NaN,NaN,NaN,99.845,59091.0,4253.0,99.855,53316.0,264.0,99.86,31640.0,1090.0,99.865,20901.0,2941.0,99.865,22352.0,1418.0,99.865,18967.0,627.0,99.865,21105.0,231.0,99.86,24093.0,332.0,99.86,18226.0,225.0,99.855,14556.0,207.0,99.85,6847.0,446.0,99.845,8499.0,376.0,99.835,7056.0,368.0,99.825,7442.0,854.0,99.82,11809.0,1013.0,99.815,15413.0,800.0,99.8,7083.0,954.0,99.79,6847.0,675.0,99.775,2818.0,259.0,99.76,3980.0,161.0,99.755,7071.0,959.0,99.74,3829.0,108.0,99.72,2195.0,122.0,99.7,1265.0,91.0,99.685,1245.0,57.0,99.655,1089.0,10.0,99.645,99.63,99.595,99.57,99.55,99.515,99.49,99.47,99.43,99.4,NaN,NaN,NaN,NaN,NaN,NaN,NaN,NaN,NaN,NaN,NaN,NaN,NaN,NaN,NaN,NaN,NaN,NaN,NaN,NaN,NaN,NaN,NaN,NaN,NaN,NaN
2012-10-22,NaN,NaN,NaN,NaN,NaN,NaN,NaN,NaN,NaN,NaN,NaN,NaN,NaN,NaN,NaN,NaN,NaN,NaN,NaN,NaN,NaN,NaN,NaN,NaN,NaN,NaN,NaN,99.845,60244.0,2299.0,99.855,53280.0,122.0,99.86,31268.0,1400.0,99.865,20923.0,693.0,99.865,21817.0,935.0,99.865,19311.0,1267.0,99.865,21060.0,531.0,99.86,24146.0,596.0,99.855,18179.0,491.0,99.85,14281.0,673.0,99.845,7384.0,979.0,99.835,9035.0,1059.0,99.825,7152.0,1175.0,99.82,6988.0,825.0,99.815,11962.0,684.0,99.805,15351.0,504.0,99.79,7291.0,370.0,99.78,7017.0,422.0,99.765,2862.0,345.0,99.75,3928.0,327.0,99.745,7067.0,244.0,99.73,3897.0,192.0,99.71,2795.0,766.0,99.69,1359.0,193.0,99.675,1243.0,10.0,99.645,1091.0,5.0,99.635,99.62,99.58,99.555,99.53,99.495,99.47,99.45,99.405,99.375,NaN,NaN,NaN,NaN,NaN,NaN,NaN,NaN,NaN,NaN,NaN,NaN,NaN,NaN,NaN,NaN,NaN,NaN,NaN,NaN,NaN,NaN,NaN,NaN,NaN,NaN
2012-10-23,NaN,NaN,NaN,NaN,NaN,NaN,NaN,NaN,NaN,NaN,NaN,NaN,NaN,NaN,NaN,NaN,NaN,NaN,NaN,NaN,NaN,NaN,NaN,NaN,NaN,NaN,NaN,99.845,60484.0,2347.0,99.855,52859.0,1023.0,99.86,31290.0,541.0,99.865,20957.0,632.0,99.865,22780.0,1377.0,99.865,19506.0,358.0,99.865,21029.0,267.0,99.86,24157.0,161.0,99.855,18508.0,454.0,99.85,14298.0,294.0,99.845,7430.0,437.0,99.835,9105.0,277.0,99.83,7222.0,205.0,99.825,6997.0,311.0,99.82,12504.0,911.0,99.81,15450.0,525.0,99.795,7233.0,514.0,99.785,6989.0,334.0,99.775,2995.0,355.0,99.76,3968.0,387.0,99.755,7066.0,183.0,99.74,3909.0,76.0,99.72,2899.0,217.0,99.7,1378.0,84.0,99.685,1243.0,NaN,99.66,1091.0,NaN,99.65,99.635,99.595,99.57,99.545,99.515,99.49,99.47,99.43,99.4,NaN,NaN,NaN,NaN,NaN,NaN,NaN,NaN,NaN,NaN,NaN,NaN,NaN,NaN,NaN,NaN,NaN,NaN,NaN,NaN,NaN,NaN,NaN,NaN,NaN,NaN
2012-10-24,NaN,NaN,NaN,NaN,NaN,NaN,NaN,NaN,NaN,NaN,NaN,NaN,NaN,NaN,NaN,NaN,NaN,NaN,NaN,NaN,NaN,NaN,NaN,NaN,NaN,NaN,NaN,99.845,65035.0,14539.0,99.855,55325.0,3467.0,99.86,31994.0,1776.0,99.865,20970.0,309.0,99.865,22428.0,615.0,99.865,19241.0,573.0,99.865,21232.0,1020.0,99.86,23997.0,1833.0,99.855,20242.0,4114.0,99.85,14382.0,1881.0,99.845,7466.0,953.0,99.84,8729.0,1131.0,99.835,7228.0,830.0,99.83,7018.0,494.0,99.825,13632.0,2432.0,99.82,15455.0,282.0,99.805,7188.0,801.0,99.795,6883.0,542.0,99.785,3020.0,541.0,99.77,3759.0,523.0,99.765,7100.0,318.0,99.75,3868.0,76.0,99.73,2900.0,106.0,99.715,1376.0,51.0,99.7,1238.0,59.0,99.675,1105.0,15.0,99.665,99.65,99.615,99.59,99.57,99.54,99.515,99.495,99.455,99.425,NaN,NaN,NaN,NaN,NaN,NaN,NaN,NaN,NaN,NaN,NaN,NaN,NaN,NaN,NaN,NaN,NaN,NaN,NaN,NaN,NaN,NaN,NaN,NaN,NaN,NaN
2012-10-25,NaN,NaN,NaN,NaN,NaN,NaN,NaN,NaN,NaN,NaN,NaN,NaN,NaN,NaN,NaN,NaN,NaN,NaN,NaN,NaN,NaN,NaN,NaN,NaN,NaN,NaN,NaN,99.8425,82480.0,21448.0,99.845,59510.0,12431.0,99.855,32695.0,4414.0,99.86,21244.0,1163.0,99.865,23774.0,3377.0,99.86,18835.0,2043.0,99.86,22506.0,2429.0,99.855,23518.0,1190.0,99.85,20239.0,697.0,99.845,14707.0,485.0,99.84,7421.0,727.0,99.835,8688.0,835.0,99.83,7026.0,1410.0,99.82,7309.0,851.0,99.815,13025.0,2818.0,99.8,15115.0,1742.0,99.785,7607.0,1572.0,99.775,7248.0,1611.0,99.765,3105.0,451.0,99.745,3627.0,326.0,99.74,6762.0,512.0,99.72,3816.0,260.0,99.69,2894.0,242.0,99.675,1386.0,53.0,99.655,1234.0,32.0,99.625,1115.0,14.0,99.61,99.595,99.56,99.535,99.515,99.48,99.455,99.435,99.395,99.365,NaN,NaN,NaN,NaN,NaN,NaN,NaN,NaN,NaN,NaN,NaN,NaN,NaN,NaN,NaN,NaN,NaN,NaN,NaN,NaN,NaN,NaN,NaN,NaN,NaN,NaN
2012-10-26,NaN,NaN,NaN,NaN,NaN,NaN,NaN,NaN,NaN,NaN,NaN,NaN,NaN,NaN,NaN,NaN,NaN,NaN,NaN,NaN,NaN,NaN,NaN,NaN,NaN,NaN,NaN,99.8425,81642.0,5361.0,99.845,58856.0,2561.0,99.85,33531.0,1722.0,99.86,21726.0,1454.0,99.865,23592.0,332.0,99.86,18657.0,661.0,99.86,20964.0,1717.0,99.855,22996.0,723.0,99.85,20346.0,295.0,99.845,14621.0,108.0,99.84,7538.0,888.0,99.835,8919.0,868.0,99.83,6861.0,344.0,99.82,6980.0,272.0,99.82,13224.0,950.0,99.81,14889.0,328.0,99.8,7394.0,250.0,99.79,7088.0,497.0,99.785,3257.0,758.0,99.765,3520.0,360.0,99.76,6643.0,207.0,99.74,3791.0,89.0,99.715,2894.0,48.0,99.7,1386.0,NaN,99.685,1265.0,35.0,99.655,1123.0,37.0,99.64,99.625,99.59,99.57,99.55,99.52,99.5,99.48,99.44,99.41,NaN,NaN,NaN,NaN,NaN,NaN,NaN,NaN,NaN,NaN,NaN,NaN,NaN,NaN,NaN,NaN,NaN,NaN,NaN,NaN,NaN,NaN,NaN,NaN,NaN,NaN
2012-10-29,NaN,NaN,NaN,NaN,NaN,NaN,NaN,NaN,NaN,NaN,NaN,NaN,NaN,NaN,NaN,NaN,NaN,NaN,NaN,NaN,NaN,NaN,NaN,NaN,NaN,NaN,NaN,99.84,81278.0,6013.0,99.84,58597.0,874.0,99.85,33612.0,263.0,99.86,21705.0,108.0,99.865,23608.0,247.0,99.86,18570.0,367.0,99.86,20991.0,115.0,99.855,22984.0,108.0,99.85,20320.0,26.0,99.85,14547.0,77.0,99.845,7470.0,151.0,99.84,8921.0,6.0,99.835,6802.0,100.0,99.825,7019.0,175.0,99.825,13217.0,24.0,99.82,14888.0,445.0,99.81,7410.0,115.0,99.8,7100.0,29.0,99.795,3250.0,122.0,99.775,3517.0,5.0,99.77,6720.0,114.0,99.755,3785.0,37.0,99.73,2894.0,24.0,99.715,1400.0,16.0,99.7,1272.0,7.0,99.675,1120.0,3.0,99.66,99.65,99.615,99.595,99.575,99.545,99.525,99.505,99.465,99.435,NaN,NaN,NaN,NaN,NaN,NaN,NaN,NaN,NaN,NaN,NaN,NaN,NaN,NaN,NaN,NaN,NaN,NaN,NaN,NaN,NaN,NaN,NaN,NaN,NaN,NaN
2012-10-30,NaN,NaN,NaN,NaN,NaN,NaN,NaN,NaN,NaN,NaN,NaN,NaN,NaN,NaN,NaN,NaN,NaN,NaN,NaN,NaN,NaN,NaN,NaN,NaN,NaN,NaN,NaN,99.84,80512.0,2447.0,99.84,59452.0,2525.0,99.845,34165.0,711.0,99.855,21758.0,136.0,99.86,23601.0,41.0,99.855,18578.0,31.0,99.855,20988.0,56.0,99.85,22978.0,30.0,99.85,20354.0,64.0,99.845,14538.0,114.0,99.84,7470.0,46.0,99.835,8905.0,21.0,99.83,6793.0,58.0,99.825,7017.0,55.0,99.825,13225.0,15.0,99.82,15355.0,588.0,99.805,7382.0,81.0,99.795,7099.0,40.0,99.79,3245.0,50.0,99.77,3553.0,44.0,99.765,6721.0,6.0,99.75,3785.0,18.0,99.725,2894.0,1.0,99.71,1400.0,NaN,99.695,1272.0,NaN,99.67,1120.0,NaN,99.655,99.645,99.61,99.59,99.57,99.54,99.52,99.5,99.46,99.43,NaN,NaN,NaN,NaN,NaN,NaN,NaN,NaN,NaN,NaN,NaN,NaN,NaN,NaN,NaN,NaN,NaN,NaN,NaN,NaN,NaN,NaN,NaN,NaN,NaN,NaN
2012-10-31,NaN,NaN,NaN,NaN,NaN,NaN,NaN,NaN,NaN,NaN,NaN,NaN,NaN,NaN,NaN,NaN,NaN,NaN,NaN,NaN,NaN,NaN,NaN,NaN,NaN,NaN,NaN,99.84,80897.0,428.0,99.84,60758.0,3323.0,99.845,34179.0,1850.0,99.855,22047.0,678.0,99.86,23812.0,555.0,99.855,18544.0,248.0,99.855,21030.0,638.0,99.855,22767.0,402.0,99.855,19994.0,688.0,99.85,14565.0,164.0,99.845,7457.0,247.0,99.84,8902.0,43.0,99.835,6776.0,256.0,99.83,7094.0,529.0,99.83,13230.0,16.0,99.825,15503.0,542.0,99.81,7404.0,400.0,99.8,7202.0,114.0,99.795,3268.0,164.0,99.785,3482.0,117.0,99.78,6801.0,263.0,99.765,3782.0,166.0,99.74,2863.0,56.0,99.725,1405.0,12.0,99.71,1287.0,19.0,99.69,1120.0,NaN,99.68,99.67,99.635,99.615,99.595,99.565,99.545,99.525,99.485,99.455,NaN,NaN,NaN,NaN,NaN,NaN,NaN,NaN,NaN,NaN,NaN,NaN,NaN,NaN,NaN,NaN,NaN,NaN,NaN,NaN,NaN,NaN,NaN,NaN,NaN,NaN
2012-11-01,NaN,NaN,NaN,NaN,NaN,NaN,NaN,NaN,NaN,NaN,NaN,NaN,NaN,NaN,NaN,NaN,NaN,NaN,NaN,NaN,NaN,NaN,NaN,NaN,NaN,NaN,NaN,NaN,NaN,NaN,99.84,67501.0,12594.0,99.845,34384.0,1234.0,99.855,23297.0,1818.0,99.86,24828.0,1358.0,99.86,18584.0,285.0,99.855,21620.0,1085.0,99.855,23066.0,1042.0,99.855,20862.0,1810.0,99.85,14775.0,353.0,99.845,7787.0,472.0,99.84,8944.0,235.0,99.835,6959.0,744.0,99.835,6965.0,826.0,99.83,13785.0,1304.0,99.825,16137.0,930.0,99.815,7282.0,475.0,99.805,7592.0,546.0,99.8,3355.0,180.0,99.79,3504.0,153.0,99.785,6737.0,312.0,99.77,3742.0,88.0,99.75,2857.0,85.0,99.735,1408.0,81.0,99.72,1291.0,90.0,99.7,1106.0,28.0,99.69,99.68,99.645,99.625,99.605,99.575,99.555,99.535,99.495,99.465,99.44,NaN,NaN,NaN,NaN,NaN,NaN,NaN,NaN,NaN,NaN,NaN,NaN,NaN,NaN,NaN,NaN,NaN,NaN,NaN,NaN,NaN,NaN,NaN,NaN,NaN
2012-11-02,NaN,NaN,NaN,NaN,NaN,NaN,NaN,NaN,NaN,NaN,NaN,NaN,NaN,NaN,NaN,NaN,NaN,NaN,NaN,NaN,NaN,NaN,NaN,NaN,NaN,NaN,NaN,NaN,NaN,NaN,99.84,66590.0,6950.0,99.845,34821.0,1125.0,99.855,23813.0,663.0,99.86,24782.0,380.0,99.86,18622.0,204.0,99.855,21644.0,637.0,99.855,23244.0,830.0,99.855,20682.0,343.0,99.85,14839.0,142.0,99.845,7929.0,220.0,99.84,8984.0,142.0,99.835,6878.0,781.0,99.835,6906.0,418.0,99.83,14123.0,698.0,99.825,16657.0,1548.0,99.815,7331.0,1153.0,99.805,7863.0,960.0,99.8,3372.0,161.0,99.79,3651.0,368.0,99.785,7331.0,994.0,99.77,3738.0,127.0,99.75,2857.0,141.0,99.735,1375.0,93.0,99.725,1296.0,10.0,99.705,1106.0,6.0,99.695,99.685,99.65,99.63,99.61,99.58,99.56,99.54,99.5,99.47,99.445,NaN,NaN,NaN,NaN,NaN,NaN,NaN,NaN,NaN,NaN,NaN,NaN,NaN,NaN,NaN,NaN,NaN,NaN,NaN,NaN,NaN,NaN,NaN,NaN,NaN
2012-11-05,NaN,NaN,NaN,NaN,NaN,NaN,NaN,NaN,NaN,NaN,NaN,NaN,NaN,NaN,NaN,NaN,NaN,NaN,NaN,NaN,NaN,NaN,NaN,NaN,NaN,NaN,NaN,NaN,NaN,NaN,99.8375,66538.0,743.0,99.845,35220.0,1247.0,99.855,23729.0,265.0,99.86,24369.0,983.0,99.86,18714.0,482.0,99.86,21824.0,842.0,99.855,23052.0,547.0,99.855,20612.0,314.0,99.855,15149.0,1220.0,99.85,7843.0,789.0,99.845,9008.0,558.0,99.845,7019.0,345.0,99.845,6884.0,521.0,99.84,14230.0,628.0,99.835,17050.0,987.0,99.825,7343.0,711.0,99.82,7891.0,431.0,99.815,3439.0,115.0,99.805,3661.0,81.0,99.8,7566.0,400.0,99.785,3803.0,195.0,99.77,2858.0,103.0,99.76,1317.0,99.0,99.75,1318.0,45.0,99.73,1106.0,NaN,99.72,99.71,99.675,99.655,99.635,99.605,99.585,99.565,99.525,99.495,99.47,NaN,NaN,NaN,NaN,NaN,NaN,NaN,NaN,NaN,NaN,NaN,NaN,NaN,NaN,NaN,NaN,NaN,NaN,NaN,NaN,NaN,NaN,NaN,NaN,NaN
2012-11-06,NaN,NaN,NaN,NaN,NaN,NaN,NaN,NaN,NaN,NaN,NaN,NaN,NaN,NaN,NaN,NaN,NaN,NaN,NaN,NaN,NaN,NaN,NaN,NaN,NaN,NaN,NaN,NaN,NaN,NaN,99.8375,67696.0,4597.0,99.845,35448.0,548.0,99.855,24179.0,1118.0,99.86,24894.0,2876.0,99.865,20229.0,5282.0,99.86,21537.0,1221.0,99.86,22922.0,633.0,99.855,20606.0,115.0,99.855,15102.0,197.0,99.85,7827.0,92.0,99.845,8959.0,631.0,99.845,7001.0,215.0,99.845,6954.0,825.0,99.84,14524.0,727.0,99.83,17026.0,689.0,99.82,7386.0,823.0,99.815,7811.0,847.0,99.805,3264.0,661.0,99.79,4006.0,657.0,99.785,7405.0,584.0,99.765,3791.0,271.0,99.745,2868.0,123.0,99.73,1329.0,21.0,99.715,1315.0,40.0,99.69,1126.0,30.0,99.675,99.655,99.62,99.6,99.58,99.55,99.53,99.51,99.465,99.435,99.41,NaN,NaN,NaN,NaN,NaN,NaN,NaN,NaN,NaN,NaN,NaN,NaN,NaN,NaN,NaN,NaN,NaN,NaN,NaN,NaN,NaN,NaN,NaN,NaN,NaN
2012-11-07,NaN,NaN,NaN,NaN,NaN,NaN,NaN,NaN,NaN,NaN,NaN,NaN,NaN,NaN,NaN,NaN,NaN,NaN,NaN,NaN,NaN,NaN,NaN,NaN,NaN,NaN,NaN,NaN,NaN,NaN,99.835,70174.0,3540.0,99.845,35582.0,980.0,99.86,24148.0,836.0,99.865,25319.0,1325.0,99.865,20160.0,853.0,99.865,21781.0,817.0,99.86,23444.0,1041.0,99.86,21067.0,1307.0,99.86,15187.0,331.0,99.855,7972.0,811.0,99.85,8872.0,424.0,99.85,7322.0,653.0,99.85,7220.0,699.0,99.85,15001.0,1231.0,99.845,17235.0,821.0,99.835,7272.0,604.0,99.83,7782.0,354.0,99.82,3497.0,582.0,99.81,3814.0,873.0,99.805,7547.0,729.0,99.795,3710.0,397.0,99.78,2904.0,256.0,99.77,1294.0,84.0,99.76,1320.0,21.0,99.74,1135.0,28.0,99.735,99.725,99.69,99.67,99.66,99.635,99.62,99.6,99.565,99.54,99.515,NaN,NaN,NaN,NaN,NaN,NaN,NaN,NaN,NaN,NaN,NaN,NaN,NaN,NaN,NaN,NaN,NaN,NaN,NaN,NaN,NaN,NaN,NaN,NaN,NaN
2012-11-08,NaN,NaN,NaN,NaN,NaN,NaN,NaN,NaN,NaN,NaN,NaN,NaN,NaN,NaN,NaN,NaN,NaN,NaN,NaN,NaN,NaN,NaN,NaN,NaN,NaN,NaN,NaN,NaN,NaN,NaN,99.8375,70206.0,1028.0,99.85,35851.0,2060.0,99.86,25663.0,2038.0,99.865,25525.0,338.0,99.865,20221.0,374.0,99.865,21794.0,254.0,99.86,23436.0,124.0,99.86,21734.0,1029.0,99.86,15288.0,251.0,99.855,8052.0,131.0,99.85,8996.0,184.0,99.85,7505.0,217.0,99.85,7261.0,63.0,99.845,15013.0,31.0,99.84,17218.0,125.0,99.83,7297.0,325.0,99.825,7802.0,111.0,99.82,3460.0,76.0,99.81,3727.0,154.0,99.805,7514.0,1001.0,99.795,3647.0,730.0,99.785,2605.0,402.0,99.775,1309.0,259.0,99.765,1463.0,205.0,99.75,1207.0,139.0,99.745,99.735,99.705,99.685,99.675,99.65,99.635,99.615,99.585,99.56,99.54,NaN,NaN,NaN,NaN,NaN,NaN,NaN,NaN,NaN,NaN,NaN,NaN,NaN,NaN,NaN,NaN,NaN,NaN,NaN,NaN,NaN,NaN,NaN,NaN,NaN
2012-11-09,NaN,NaN,NaN,NaN,NaN,NaN,NaN,NaN,NaN,NaN,NaN,NaN,NaN,NaN,NaN,NaN,NaN,NaN,NaN,NaN,NaN,NaN,NaN,NaN,NaN,NaN,NaN,NaN,NaN,NaN,99.8375,70165.0,379.0,99.85,35877.0,643.0,99.86,25841.0,522.0,99.865,25570.0,438.0,99.865,20247.0,189.0,99.865,21684.0,547.0,99.86,23577.0,422.0,99.86,21172.0,205.0,99.86,15302.0,203.0,99.855,8280.0,538.0,99.85,8944.0,1080.0,99.85,7582.0,1020.0,99.85,7893.0,1030.0,99.845,15139.0,475.0,99.84,17184.0,604.0,99.835,7237.0,362.0,99.83,7931.0,333.0,99.825,3619.0,441.0,99.815,3773.0,243.0,99.81,7582.0,242.0,99.8,3609.0,142.0,99.79,2609.0,194.0,99.78,1307.0,19.0,99.77,1480.0,222.0,99.755,1309.0,222.0,99.745,99.735,99.705,99.685,99.675,99.65,99.635,99.615,99.585,99.56,99.54,NaN,NaN,NaN,NaN,NaN,NaN,NaN,NaN,NaN,NaN,NaN,NaN,NaN,NaN,NaN,NaN,NaN,NaN,NaN,NaN,NaN,NaN,NaN,NaN,NaN
2012-11-12,NaN,NaN,NaN,NaN,NaN,NaN,NaN,NaN,NaN,NaN,NaN,NaN,NaN,NaN,NaN,NaN,NaN,NaN,NaN,NaN,NaN,NaN,NaN,NaN,NaN,NaN,NaN,NaN,NaN,NaN,99.8375,70084.0,136.0,99.85,35840.0,47.0,99.86,25859.0,183.0,99.865,25500.0,128.0,99.865,20276.0,147.0,99.865,21652.0,186.0,99.865,23670.0,172.0,99.865,21145.0,202.0,99.86,15338.0,37.0,99.855,8275.0,59.0,99.855,8942.0,7.0,99.855,7561.0,38.0,99.855,7940.0,62.0,99.85,15139.0,6.0,99.845,17201.0,52.0,99.84,7245.0,35.0,99.835,7955.0,24.0,99.83,3618.0,19.0,99.82,3771.0,2.0,99.815,7608.0,43.0,99.805,3617.0,8.0,99.795,2609.0,NaN,99.785,1307.0,NaN,99.775,1480.0,NaN,99.76,1309.0,NaN,99.75,99.74,99.71,99.69,99.68,99.655,99.64,99.62,99.59,99.565,99.545,NaN,NaN,NaN,NaN,NaN,NaN,NaN,NaN,NaN,NaN,NaN,NaN,NaN,NaN,NaN,NaN,NaN,NaN,NaN,NaN,NaN,NaN,NaN,NaN,NaN
2012-11-13,NaN,NaN,NaN,NaN,NaN,NaN,NaN,NaN,NaN,NaN,NaN,NaN,NaN,NaN,NaN,NaN,NaN,NaN,NaN,NaN,NaN,NaN,NaN,NaN,NaN,NaN,NaN,NaN,NaN,NaN,99.8375,70259.0,727.0,99.85,35760.0,139.0,99.86,25876.0,232.0,99.865,25566.0,305.0,99.865,20172.0,432.0,99.865,21692.0,242.0,99.865,23748.0,212.0,99.865,21243.0,241.0,99.86,15760.0,458.0,99.855,8418.0,453.0,99.855,9052.0,204.0,99.855,7661.0,236.0,99.855,8200.0,419.0,99.85,15295.0,345.0,99.845,17548.0,678.0,99.84,7281.0,150.0,99.835,8006.0,579.0,99.83,3828.0,731.0,99.82,3667.0,697.0,99.815,7505.0,750.0,99.805,3651.0,123.0,99.795,2607.0,29.0,99.785,1296.0,35.0,99.775,1679.0,205.0,99.765,1308.0,21.0,99.76,99.75,99.72,99.7,99.69,99.665,99.65,99.63,99.6,99.575,99.555,NaN,NaN,NaN,NaN,NaN,NaN,NaN,NaN,NaN,NaN,NaN,NaN,NaN,NaN,NaN,NaN,NaN,NaN,NaN,NaN,NaN,NaN,NaN,NaN,NaN
2012-11-14,NaN,NaN,NaN,NaN,NaN,NaN,NaN,NaN,NaN,NaN,NaN,NaN,NaN,NaN,NaN,NaN,NaN,NaN,NaN,NaN,NaN,NaN,NaN,NaN,NaN,NaN,NaN,NaN,NaN,NaN,99.8375,69873.0,2004.0,99.845,35292.0,2043.0,99.86,25289.0,1415.0,99.865,25207.0,1674.0,99.865,20017.0,1380.0,99.865,21811.0,969.0,99.865,24148.0,1008.0,99.865,21592.0,1090.0,99.865,16108.0,696.0,99.865,9157.0,1790.0,99.865,9459.0,1150.0,99.865,7791.0,939.0,99.865,8625.0,1371.0,99.86,15687.0,686.0,99.86,17410.0,449.0,99.855,7339.0,454.0,99.85,8070.0,556.0,99.845,3891.0,304.0,99.835,3603.0,153.0,99.83,7586.0,129.0,99.82,3738.0,126.0,99.81,2604.0,239.0,99.8,1410.0,128.0,99.79,1862.0,199.0,99.775,1308.0,20.0,99.765,99.755,99.725,99.705,99.695,99.67,99.655,99.635,99.605,99.58,99.55,NaN,NaN,NaN,NaN,NaN,NaN,NaN,NaN,NaN,NaN,NaN,NaN,NaN,NaN,NaN,NaN,NaN,NaN,NaN,NaN,NaN,NaN,NaN,NaN,NaN
2012-11-15,NaN,NaN,NaN,NaN,NaN,NaN,NaN,NaN,NaN,NaN,NaN,NaN,NaN,NaN,NaN,NaN,NaN,NaN,NaN,NaN,NaN,NaN,NaN,NaN,NaN,NaN,NaN,NaN,NaN,NaN,99.8375,76160.0,8729.0,99.845,37411.0,6591.0,99.86,25736.0,1291.0,99.865,25244.0,290.0,99.865,19988.0,125.0,99.865,21893.0,1289.0,99.865,24241.0,298.0,99.865,21099.0,294.0,99.865,16125.0,95.0,99.865,9191.0,91.0,99.865,9424.0,728.0,99.865,8122.0,665.0,99.865,8565.0,439.0,99.86,15721.0,210.0,99.86,17435.0,358.0,99.855,7382.0,396.0,99.85,8096.0,156.0,99.845,3878.0,17.0,99.835,3613.0,59.0,99.83,7640.0,90.0,99.82,3736.0,18.0,99.81,2604.0,8.0,99.8,1410.0,1.0,99.79,1862.0,7.0,99.775,1308.0,7.0,99.765,99.755,99.725,99.705,99.695,99.67,99.655,99.635,99.605,99.58,99.55,NaN,NaN,NaN,NaN,NaN,NaN,NaN,NaN,NaN,NaN,NaN,NaN,NaN,NaN,NaN,NaN,NaN,NaN,NaN,NaN,NaN,NaN,NaN,NaN,NaN
2012-11-16,NaN,NaN,NaN,NaN,NaN,NaN,NaN,NaN,NaN,NaN,NaN,NaN,NaN,NaN,NaN,NaN,NaN,NaN,NaN,NaN,NaN,NaN,NaN,NaN,NaN,NaN,NaN,NaN,NaN,NaN,99.8375,71146.0,6118.0,99.845,37048.0,787.0,99.86,25938.0,364.0,99.865,25051.0,584.0,99.865,20906.0,1513.0,99.865,21860.0,774.0,99.865,24331.0,276.0,99.865,20890.0,377.0,99.865,16272.0,654.0,99.865,9141.0,321.0,99.865,9411.0,122.0,99.865,8203.0,235.0,99.865,8558.0,64.0,99.86,15815.0,210.0,99.86,17454.0,220.0,99.855,7428.0,277.0,99.85,8243.0,288.0,99.845,4017.0,363.0,99.835,3609.0,327.0,99.83,7660.0,97.0,99.825,3941.0,310.0,99.815,2614.0,29.0,99.805,1411.0,19.0,99.795,1927.0,66.0,99.78,1327.0,21.0,99.77,99.76,99.73,99.71,99.7,99.675,99.66,99.64,99.61,99.585,99.555,NaN,NaN,NaN,NaN,NaN,NaN,NaN,NaN,NaN,NaN,NaN,NaN,NaN,NaN,NaN,NaN,NaN,NaN,NaN,NaN,NaN,NaN,NaN,NaN,NaN
2012-11-19,NaN,NaN,NaN,NaN,NaN,NaN,NaN,NaN,NaN,NaN,NaN,NaN,NaN,NaN,NaN,NaN,NaN,NaN,NaN,NaN,NaN,NaN,NaN,NaN,NaN,NaN,NaN,NaN,NaN,NaN,99.8375,70958.0,293.0,99.845,37140.0,677.0,99.86,25919.0,346.0,99.865,24751.0,571.0,99.865,20941.0,129.0,99.865,22077.0,1107.0,99.865,24261.0,465.0,99.865,20930.0,430.0,99.865,16291.0,78.0,99.865,8966.0,290.0,99.865,9379.0,106.0,99.865,8945.0,1009.0,99.865,8575.0,110.0,99.86,15828.0,143.0,99.86,17635.0,308.0,99.855,7466.0,85.0,99.85,8312.0,186.0,99.845,4097.0,128.0,99.84,3615.0,116.0,99.835,7663.0,12.0,99.83,3941.0,29.0,99.815,2614.0,NaN,99.805,1411.0,NaN,99.795,1927.0,NaN,99.78,1325.0,2.0,99.77,99.76,99.73,99.71,99.7,99.675,99.66,99.64,99.605,99.58,99.55,NaN,NaN,NaN,NaN,NaN,NaN,NaN,NaN,NaN,NaN,NaN,NaN,NaN,NaN,NaN,NaN,NaN,NaN,NaN,NaN,NaN,NaN,NaN,NaN,NaN
2012-11-20,NaN,NaN,NaN,NaN,NaN,NaN,NaN,NaN,NaN,NaN,NaN,NaN,NaN,NaN,NaN,NaN,NaN,NaN,NaN,NaN,NaN,NaN,NaN,NaN,NaN,NaN,NaN,NaN,NaN,NaN,99.8375,71508.0,1371.0,99.845,37282.0,414.0,99.86,25950.0,305.0,99.865,24422.0,1167.0,99.865,21435.0,1836.0,99.865,22052.0,372.0,99.865,24421.0,494.0,99.865,20843.0,520.0,99.865,16264.0,350.0,99.865,9033.0,669.0,99.865,9467.0,687.0,99.865,8909.0,512.0,99.865,8583.0,221.0,99.86,15998.0,702.0,99.855,17798.0,654.0,99.85,7392.0,310.0,99.845,8415.0,708.0,99.84,4073.0,369.0,99.83,3818.0,461.0,99.825,7759.0,361.0,99.82,3929.0,179.0,99.805,2643.0,75.0,99.795,1465.0,66.0,99.785,1922.0,25.0,99.77,1325.0,NaN,99.76,99.75,99.72,99.7,99.69,99.665,99.645,99.625,99.59,99.565,99.535,NaN,NaN,NaN,NaN,NaN,NaN,NaN,NaN,NaN,NaN,NaN,NaN,NaN,NaN,NaN,NaN,NaN,NaN,NaN,NaN,NaN,NaN,NaN,NaN,NaN
2012-11-21,NaN,NaN,NaN,NaN,NaN,NaN,NaN,NaN,NaN,NaN,NaN,NaN,NaN,NaN,NaN,NaN,NaN,NaN,NaN,NaN,NaN,NaN,NaN,NaN,NaN,NaN,NaN,NaN,NaN,NaN,99.8375,71530.0,292.0,99.845,36702.0,2684.0,99.86,26024.0,707.0,99.865,24393.0,772.0,99.865,22542.0,2845.0,99.865,22949.0,3306.0,99.865,24734.0,1267.0,99.865,20466.0,939.0,99.865,16248.0,289.0,99.86,9049.0,179.0,99.86,9312.0,227.0,99.855,8845.0,536.0,99.855,9132.0,829.0,99.85,16035.0,959.0,99.845,17663.0,875.0,99.835,7814.0,800.0,99.83,8462.0,482.0,99.825,4098.0,231.0,99.81,3809.0,186.0,99.805,7666.0,591.0,99.795,3958.0,490.0,99.78,2648.0,15.0,99.77,1457.0,31.0,99.76,1924.0,8.0,99.74,1325.0,NaN,99.73,99.72,99.69,99.665,99.655,99.63,99.61,99.59,99.555,99.53,99.5,NaN,NaN,NaN,NaN,NaN,NaN,NaN,NaN,NaN,NaN,NaN,NaN,NaN,NaN,NaN,NaN,NaN,NaN,NaN,NaN,NaN,NaN,NaN,NaN,NaN
2012-11-23,NaN,NaN,NaN,NaN,NaN,NaN,NaN,NaN,NaN,NaN,NaN,NaN,NaN,NaN,NaN,NaN,NaN,NaN,NaN,NaN,NaN,NaN,NaN,NaN,NaN,NaN,NaN,NaN,NaN,NaN,99.8375,71481.0,151.0,99.845,36740.0,490.0,99.86,26004.0,229.0,99.865,24283.0,286.0,99.865,22495.0,295.0,99.865,22893.0,356.0,99.865,24527.0,324.0,99.865,20433.0,94.0,99.865,16240.0,127.0,99.86,9069.0,357.0,99.86,9253.0,224.0,99.855,8773.0,211.0,99.855,9101.0,107.0,99.85,16064.0,47.0,99.845,17635.0,248.0,99.835,7771.0,93.0,99.825,8432.0,136.0,99.815,4135.0,189.0,99.8,3894.0,175.0,99.795,7661.0,46.0,99.785,3953.0,22.0,99.77,2654.0,208.0,99.76,1456.0,2.0,99.75,2001.0,77.0,99.73,1325.0,NaN,99.72,99.71,99.68,99.655,99.645,99.62,99.6,99.58,99.545,99.52,99.49,NaN,NaN,NaN,NaN,NaN,NaN,NaN,NaN,NaN,NaN,NaN,NaN,NaN,NaN,NaN,NaN,NaN,NaN,NaN,NaN,NaN,NaN,NaN,NaN,NaN
2012-11-26,NaN,NaN,NaN,NaN,NaN,NaN,NaN,NaN,NaN,NaN,NaN,NaN,NaN,NaN,NaN,NaN,NaN,NaN,NaN,NaN,NaN,NaN,NaN,NaN,NaN,NaN,NaN,NaN,NaN,NaN,99.8375,71470.0,2234.0,99.845,44738.0,15514.0,99.86,25232.0,2435.0,99.865,24258.0,1874.0,99.865,22240.0,844.0,99.865,22746.0,534.0,99.865,24445.0,384.0,99.865,20450.0,299.0,99.86,16085.0,1322.0,99.855,8758.0,1276.0,99.855,9183.0,294.0,99.85,8784.0,343.0,99.85,9026.0,377.0,99.845,16038.0,917.0,99.84,17137.0,1447.0,99.83,7905.0,588.0,99.82,8453.0,278.0,99.81,4206.0,353.0,99.8,3700.0,272.0,99.795,7766.0,335.0,99.785,3921.0,93.0,99.77,2718.0,112.0,99.76,1456.0,47.0,99.75,2000.0,4.0,99.725,1324.0,13.0,99.715,99.705,99.675,99.65,99.64,99.615,99.595,99.575,99.54,99.515,99.495,NaN,NaN,NaN,NaN,NaN,NaN,NaN,NaN,NaN,NaN,NaN,NaN,NaN,NaN,NaN,NaN,NaN,NaN,NaN,NaN,NaN,NaN,NaN,NaN,NaN
2012-11-27,NaN,NaN,NaN,NaN,NaN,NaN,NaN,NaN,NaN,NaN,NaN,NaN,NaN,NaN,NaN,NaN,NaN,NaN,NaN,NaN,NaN,NaN,NaN,NaN,NaN,NaN,NaN,NaN,NaN,NaN,99.8375,71492.0,179.0,99.845,46904.0,3650.0,99.855,25189.0,542.0,99.86,24308.0,899.0,99.865,22029.0,1215.0,99.865,23384.0,1572.0,99.865,24639.0,1729.0,99.865,20448.0,693.0,99.86,16619.0,1314.0,99.855,8601.0,1817.0,99.855,9203.0,302.0,99.85,8725.0,164.0,99.85,9371.0,740.0,99.845,16050.0,326.0,99.84,17241.0,352.0,99.835,7893.0,168.0,99.825,8480.0,82.0,99.82,4248.0,187.0,99.81,3800.0,180.0,99.805,7782.0,51.0,99.795,3926.0,44.0,99.78,2725.0,15.0,99.77,1461.0,31.0,99.76,2000.0,35.0,99.735,1324.0,NaN,99.725,99.715,99.685,99.665,99.655,99.63,99.61,99.59,99.555,99.535,99.515,NaN,NaN,NaN,NaN,NaN,NaN,NaN,NaN,NaN,NaN,NaN,NaN,NaN,NaN,NaN,NaN,NaN,NaN,NaN,NaN,NaN,NaN,NaN,NaN,NaN
2012-11-28,NaN,NaN,NaN,NaN,NaN,NaN,NaN,NaN,NaN,NaN,NaN,NaN,NaN,NaN,NaN,NaN,NaN,NaN,NaN,NaN,NaN,NaN,NaN,NaN,NaN,NaN,NaN,NaN,NaN,NaN,99.8375,71396.0,161.0,99.845,47125.0,1205.0,99.855,26104.0,1201.0,99.86,24320.0,86.0,99.865,21863.0,1691.0,99.865,23359.0,163.0,99.865,24056.0,1642.0,99.865,20180.0,592.0,99.86,16781.0,716.0,99.86,9002.0,610.0,99.86,9478.0,589.0,99.855,8695.0,81.0,99.855,9262.0,894.0,99.85,16165.0,280.0,99.845,17413.0,491.0,99.84,8048.0,736.0,99.83,8686.0,511.0,99.825,4554.0,633.0,99.815,3789.0,257.0,99.81,7793.0,261.0,99.8,3854.0,103.0,99.785,2681.0,117.0,99.775,1453.0,88.0,99.765,2073.0,115.0,99.75,1337.0,30.0,99.745,99.735,99.705,99.685,99.675,99.65,99.63,99.615,99.58,99.56,99.54,NaN,NaN,NaN,NaN,NaN,NaN,NaN,NaN,NaN,NaN,NaN,NaN,NaN,NaN,NaN,NaN,NaN,NaN,NaN,NaN,NaN,NaN,NaN,NaN,NaN
2012-11-29,NaN,NaN,NaN,NaN,NaN,NaN,NaN,NaN,NaN,NaN,NaN,NaN,NaN,NaN,NaN,NaN,NaN,NaN,NaN,NaN,NaN,NaN,NaN,NaN,NaN,NaN,NaN,NaN,NaN,NaN,99.8375,71355.0,383.0,99.845,46201.0,4630.0,99.855,25684.0,2443.0,99.86,24513.0,1662.0,99.865,21881.0,185.0,99.865,22906.0,850.0,99.865,24061.0,358.0,99.865,20347.0,475.0,99.86,16872.0,1045.0,99.86,9123.0,318.0,99.86,9656.0,405.0,99.855,8913.0,325.0,99.855,9458.0,293.0,99.85,16170.0,105.0,99.85,17516.0,222.0,99.845,8133.0,238.0,99.835,8717.0,175.0,99.83,4576.0,70.0,99.82,3765.0,107.0,99.815,7793.0,4.0,99.805,3816.0,92.0,99.79,2677.0,27.0,99.78,1449.0,16.0,99.77,2072.0,51.0,99.755,1337.0,1.0,99.75,99.74,99.715,99.7,99.69,99.665,99.655,99.64,99.605,99.585,99.565,NaN,NaN,NaN,NaN,NaN,NaN,NaN,NaN,NaN,NaN,NaN,NaN,NaN,NaN,NaN,NaN,NaN,NaN,NaN,NaN,NaN,NaN,NaN,NaN,NaN
2012-11-30,NaN,NaN,NaN,NaN,NaN,NaN,NaN,NaN,NaN,NaN,NaN,NaN,NaN,NaN,NaN,NaN,NaN,NaN,NaN,NaN,NaN,NaN,NaN,NaN,NaN,NaN,NaN,NaN,NaN,NaN,99.8375,71257.0,419.0,99.845,46072.0,379.0,99.855,25792.0,685.0,99.86,24955.0,1145.0,99.865,22059.0,869.0,99.865,23034.0,1791.0,99.865,24400.0,1290.0,99.865,20600.0,665.0,99.865,17094.0,1268.0,99.865,9559.0,740.0,99.865,9629.0,496.0,99.86,9850.0,2077.0,99.86,9663.0,652.0,99.855,16208.0,375.0,99.855,18416.0,1273.0,99.85,8078.0,368.0,99.84,8734.0,367.0,99.835,4635.0,214.0,99.825,3763.0,67.0,99.82,7857.0,104.0,99.81,3818.0,33.0,99.8,2674.0,32.0,99.79,1446.0,29.0,99.78,2072.0,NaN,99.77,1337.0,NaN,99.765,99.755,99.73,99.715,99.705,99.68,99.67,99.655,99.62,99.6,99.58,NaN,NaN,NaN,NaN,NaN,NaN,NaN,NaN,NaN,NaN,NaN,NaN,NaN,NaN,NaN,NaN,NaN,NaN,NaN,NaN,NaN,NaN,NaN,NaN,NaN
2012-12-03,NaN,NaN,NaN,NaN,NaN,NaN,NaN,NaN,NaN,NaN,NaN,NaN,NaN,NaN,NaN,NaN,NaN,NaN,NaN,NaN,NaN,NaN,NaN,NaN,NaN,NaN,NaN,NaN,NaN,NaN,NaN,NaN,NaN,99.845,46316.0,3889.0,99.855,25800.0,368.0,99.86,25073.0,1305.0,99.865,22428.0,528.0,99.865,23141.0,526.0,99.865,24524.0,355.0,99.865,20747.0,170.0,99.865,17094.0,3.0,99.865,9549.0,13.0,99.865,9624.0,28.0,99.86,9848.0,83.0,99.86,9665.0,136.0,99.855,16263.0,205.0,99.855,18406.0,38.0,99.85,7998.0,126.0,99.84,8768.0,199.0,99.835,4665.0,162.0,99.825,3705.0,138.0,99.82,7862.0,7.0,99.81,3818.0,1.0,99.8,2671.0,3.0,99.79,1460.0,31.0,99.78,2074.0,28.0,99.77,1336.0,3.0,99.765,99.755,99.73,99.715,99.705,99.68,99.67,99.65,99.615,99.595,99.575,99.545,NaN,NaN,NaN,NaN,NaN,NaN,NaN,NaN,NaN,NaN,NaN,NaN,NaN,NaN,NaN,NaN,NaN,NaN,NaN,NaN,NaN,NaN,NaN,NaN
2012-12-04,NaN,NaN,NaN,NaN,NaN,NaN,NaN,NaN,NaN,NaN,NaN,NaN,NaN,NaN,NaN,NaN,NaN,NaN,NaN,NaN,NaN,NaN,NaN,NaN,NaN,NaN,NaN,NaN,NaN,NaN,NaN,NaN,NaN,99.845,45448.0,2720.0,99.855,26935.0,2190.0,99.86,25387.0,764.0,99.865,22160.0,1349.0,99.865,23361.0,634.0,99.865,24981.0,893.0,99.865,21113.0,873.0,99.865,17229.0,414.0,99.865,9549.0,82.0,99.865,9617.0,123.0,99.865,10059.0,348.0,99.865,9676.0,622.0,99.86,16549.0,943.0,99.86,18792.0,1826.0,99.855,7714.0,876.0,99.85,8588.0,721.0,99.845,5054.0,605.0,99.835,3935.0,441.0,99.83,7877.0,92.0,99.825,3984.0,259.0,99.815,2707.0,57.0,99.805,1480.0,38.0,99.795,2212.0,365.0,99.785,1358.0,219.0,99.775,99.765,99.74,99.725,99.715,99.69,99.68,99.66,99.625,99.605,99.585,99.545,NaN,NaN,NaN,NaN,NaN,NaN,NaN,NaN,NaN,NaN,NaN,NaN,NaN,NaN,NaN,NaN,NaN,NaN,NaN,NaN,NaN,NaN,NaN,NaN
2012-12-05,NaN,NaN,NaN,NaN,NaN,NaN,NaN,NaN,NaN,NaN,NaN,NaN,NaN,NaN,NaN,NaN,NaN,NaN,NaN,NaN,NaN,NaN,NaN,NaN,NaN,NaN,NaN,NaN,NaN,NaN,NaN,NaN,NaN,99.8425,45542.0,748.0,99.855,29290.0,4265.0,99.86,25568.0,1201.0,99.865,22216.0,2339.0,99.865,23733.0,897.0,99.865,25118.0,339.0,99.87,21407.0,1493.0,99.865,17301.0,163.0,99.865,9490.0,585.0,99.865,9805.0,364.0,99.865,10077.0,134.0,99.865,9915.0,500.0,99.865,17368.0,1683.0,99.865,19129.0,515.0,99.86,7687.0,203.0,99.855,8495.0,1897.0,99.85,5589.0,1128.0,99.845,4084.0,506.0,99.84,8107.0,479.0,99.835,4138.0,242.0,99.825,2718.0,263.0,99.815,1494.0,228.0,99.805,2506.0,476.0,99.795,1359.0,9.0,99.785,99.775,99.75,99.735,99.725,99.7,99.69,99.67,99.64,99.62,99.6,99.56,NaN,NaN,NaN,NaN,NaN,NaN,NaN,NaN,NaN,NaN,NaN,NaN,NaN,NaN,NaN,NaN,NaN,NaN,NaN,NaN,NaN,NaN,NaN,NaN
2012-12-06,NaN,NaN,NaN,NaN,NaN,NaN,NaN,NaN,NaN,NaN,NaN,NaN,NaN,NaN,NaN,NaN,NaN,NaN,NaN,NaN,NaN,NaN,NaN,NaN,NaN,NaN,NaN,NaN,NaN,NaN,NaN,NaN,NaN,99.8425,45793.0,1188.0,99.855,30123.0,1534.0,99.86,25796.0,954.0,99.865,22220.0,612.0,99.865,24270.0,1311.0,99.865,24940.0,662.0,99.87,21546.0,797.0,99.865,17309.0,406.0,99.865,9468.0,298.0,99.865,9820.0,443.0,99.865,10268.0,631.0,99.865,9993.0,716.0,99.865,17887.0,805.0,99.865,19188.0,841.0,99.86,7859.0,810.0,99.855,8280.0,776.0,99.85,6041.0,568.0,99.845,4441.0,414.0,99.84,8229.0,161.0,99.835,4133.0,14.0,99.825,2699.0,21.0,99.815,1478.0,34.0,99.805,2507.0,16.0,99.795,1359.0,NaN,99.785,99.775,99.75,99.74,99.73,99.705,99.695,99.675,99.645,99.625,99.605,99.565,NaN,NaN,NaN,NaN,NaN,NaN,NaN,NaN,NaN,NaN,NaN,NaN,NaN,NaN,NaN,NaN,NaN,NaN,NaN,NaN,NaN,NaN,NaN,NaN
2012-12-07,NaN,NaN,NaN,NaN,NaN,NaN,NaN,NaN,NaN,NaN,NaN,NaN,NaN,NaN,NaN,NaN,NaN,NaN,NaN,NaN,NaN,NaN,NaN,NaN,NaN,NaN,NaN,NaN,NaN,NaN,NaN,NaN,NaN,99.8425,45560.0,422.0,99.855,30458.0,629.0,99.86,25939.0,831.0,99.865,22229.0,1003.0,99.865,24150.0,334.0,99.865,25105.0,344.0,99.87,21540.0,379.0,99.865,17318.0,86.0,99.865,9436.0,114.0,99.865,9786.0,35.0,99.865,10260.0,105.0,99.865,9946.0,58.0,99.865,17941.0,186.0,99.865,19242.0,149.0,99.86,7995.0,323.0,99.855,8344.0,168.0,99.85,6168.0,173.0,99.845,4522.0,244.0,99.84,8247.0,125.0,99.835,4128.0,19.0,99.825,2709.0,17.0,99.815,1478.0,43.0,99.805,2507.0,31.0,99.795,1359.0,NaN,99.785,99.775,99.75,99.74,99.73,99.705,99.695,99.675,99.645,99.625,99.605,99.565,NaN,NaN,NaN,NaN,NaN,NaN,NaN,NaN,NaN,NaN,NaN,NaN,NaN,NaN,NaN,NaN,NaN,NaN,NaN,NaN,NaN,NaN,NaN,NaN
2012-12-10,NaN,NaN,NaN,NaN,NaN,NaN,NaN,NaN,NaN,NaN,NaN,NaN,NaN,NaN,NaN,NaN,NaN,NaN,NaN,NaN,NaN,NaN,NaN,NaN,NaN,NaN,NaN,NaN,NaN,NaN,NaN,NaN,NaN,99.8425,44710.0,1495.0,99.855,30383.0,579.0,99.86,25355.0,818.0,99.865,22028.0,634.0,99.865,24620.0,1212.0,99.87,25841.0,1867.0,99.87,21673.0,233.0,99.87,17499.0,337.0,99.87,9544.0,168.0,99.87,9810.0,86.0,99.865,10316.0,127.0,99.865,9944.0,17.0,99.865,17947.0,70.0,99.865,19242.0,10.0,99.86,7995.0,6.0,99.855,8429.0,138.0,99.85,6193.0,83.0,99.845,4581.0,150.0,99.84,8273.0,85.0,99.835,4117.0,107.0,99.825,2708.0,110.0,99.815,1442.0,57.0,99.805,2507.0,18.0,99.795,1359.0,NaN,99.785,99.775,99.75,99.74,99.73,99.705,99.695,99.675,99.645,99.625,99.605,99.565,NaN,NaN,NaN,NaN,NaN,NaN,NaN,NaN,NaN,NaN,NaN,NaN,NaN,NaN,NaN,NaN,NaN,NaN,NaN,NaN,NaN,NaN,NaN,NaN
2012-12-11,NaN,NaN,NaN,NaN,NaN,NaN,NaN,NaN,NaN,NaN,NaN,NaN,NaN,NaN,NaN,NaN,NaN,NaN,NaN,NaN,NaN,NaN,NaN,NaN,NaN,NaN,NaN,NaN,NaN,NaN,NaN,NaN,NaN,99.8425,45180.0,825.0,99.855,31147.0,1924.0,99.86,24570.0,2134.0,99.865,22512.0,1240.0,99.87,24828.0,351.0,99.87,26117.0,470.0,99.87,22052.0,551.0,99.87,17618.0,278.0,99.87,9590.0,163.0,99.87,10093.0,886.0,99.865,10308.0,283.0,99.865,9977.0,231.0,99.865,18030.0,137.0,99.865,19241.0,226.0,99.86,8036.0,157.0,99.855,8343.0,124.0,99.85,6116.0,108.0,99.845,4476.0,155.0,99.84,8348.0,116.0,99.835,4164.0,72.0,99.825,2706.0,35.0,99.815,1441.0,11.0,99.805,2507.0,19.0,99.795,1359.0,NaN,99.785,99.775,99.75,99.74,99.73,99.705,99.695,99.675,99.645,99.625,99.605,99.565,NaN,NaN,NaN,NaN,NaN,NaN,NaN,NaN,NaN,NaN,NaN,NaN,NaN,NaN,NaN,NaN,NaN,NaN,NaN,NaN,NaN,NaN,NaN,NaN
2012-12-12,NaN,NaN,NaN,NaN,NaN,NaN,NaN,NaN,NaN,NaN,NaN,NaN,NaN,NaN,NaN,NaN,NaN,NaN,NaN,NaN,NaN,NaN,NaN,NaN,NaN,NaN,NaN,NaN,NaN,NaN,NaN,NaN,NaN,99.8425,44573.0,1353.0,99.855,31732.0,2537.0,99.86,24723.0,1366.0,99.865,22640.0,1132.0,99.87,25445.0,1471.0,99.87,26180.0,1590.0,99.875,22687.0,1338.0,99.875,17621.0,225.0,99.875,9581.0,123.0,99.87,10094.0,21.0,99.87,10403.0,207.0,99.87,9884.0,141.0,99.87,18031.0,99.0,99.865,19357.0,554.0,99.86,8017.0,751.0,99.855,8256.0,320.0,99.85,6050.0,283.0,99.845,4526.0,195.0,99.84,8532.0,437.0,99.83,4284.0,256.0,99.82,2700.0,78.0,99.81,1441.0,89.0,99.8,2508.0,40.0,99.79,1359.0,6.0,99.78,99.77,99.745,99.735,99.725,99.7,99.69,99.67,99.64,99.62,99.6,99.56,NaN,NaN,NaN,NaN,NaN,NaN,NaN,NaN,NaN,NaN,NaN,NaN,NaN,NaN,NaN,NaN,NaN,NaN,NaN,NaN,NaN,NaN,NaN,NaN
2012-12-13,NaN,NaN,NaN,NaN,NaN,NaN,NaN,NaN,NaN,NaN,NaN,NaN,NaN,NaN,NaN,NaN,NaN,NaN,NaN,NaN,NaN,NaN,NaN,NaN,NaN,NaN,NaN,NaN,NaN,NaN,NaN,NaN,NaN,99.8425,49390.0,7077.0,99.855,33044.0,2346.0,99.86,24061.0,3535.0,99.865,23435.0,3046.0,99.87,26459.0,2007.0,99.875,26512.0,616.0,99.875,23519.0,1530.0,99.875,17685.0,552.0,99.875,10082.0,1365.0,99.875,10896.0,1031.0,99.87,10370.0,347.0,99.87,9913.0,547.0,99.87,18078.0,294.0,99.865,19360.0,93.0,99.86,8063.0,319.0,99.855,8277.0,291.0,99.85,5981.0,290.0,99.845,4581.0,288.0,99.835,8488.0,208.0,99.825,4269.0,248.0,99.815,2677.0,46.0,99.805,1441.0,6.0,99.795,2504.0,41.0,99.78,1360.0,15.0,99.77,99.76,99.735,99.725,99.715,99.69,99.675,99.655,99.625,99.605,99.585,99.545,NaN,NaN,NaN,NaN,NaN,NaN,NaN,NaN,NaN,NaN,NaN,NaN,NaN,NaN,NaN,NaN,NaN,NaN,NaN,NaN,NaN,NaN,NaN,NaN
2012-12-14,NaN,NaN,NaN,NaN,NaN,NaN,NaN,NaN,NaN,NaN,NaN,NaN,NaN,NaN,NaN,NaN,NaN,NaN,NaN,NaN,NaN,NaN,NaN,NaN,NaN,NaN,NaN,NaN,NaN,NaN,NaN,NaN,NaN,99.8425,49344.0,122.0,99.855,33852.0,1481.0,99.865,24277.0,929.0,99.87,23605.0,720.0,99.875,26670.0,669.0,99.875,27784.0,2223.0,99.88,23969.0,1289.0,99.875,17609.0,469.0,99.875,10115.0,229.0,99.875,11817.0,1595.0,99.87,10511.0,1009.0,99.87,9923.0,245.0,99.87,18147.0,120.0,99.87,19407.0,460.0,99.865,8088.0,503.0,99.86,8297.0,42.0,99.855,6005.0,173.0,99.845,4566.0,221.0,99.835,8484.0,27.0,99.825,4245.0,136.0,99.815,2681.0,92.0,99.805,1440.0,27.0,99.795,2499.0,22.0,99.78,1359.0,10.0,99.77,99.76,99.735,99.725,99.715,99.69,99.675,99.655,99.625,99.605,99.585,99.545,NaN,NaN,NaN,NaN,NaN,NaN,NaN,NaN,NaN,NaN,NaN,NaN,NaN,NaN,NaN,NaN,NaN,NaN,NaN,NaN,NaN,NaN,NaN,NaN
2012-12-17,NaN,NaN,NaN,NaN,NaN,NaN,NaN,NaN,NaN,NaN,NaN,NaN,NaN,NaN,NaN,NaN,NaN,NaN,NaN,NaN,NaN,NaN,NaN,NaN,NaN,NaN,NaN,NaN,NaN,NaN,NaN,NaN,NaN,99.84,58131.0,13090.0,99.855,33088.0,5785.0,99.865,24585.0,1555.0,99.87,24485.0,2087.0,99.875,27101.0,855.0,99.875,28031.0,904.0,99.88,24386.0,645.0,99.875,17863.0,1286.0,99.875,10043.0,738.0,99.875,12143.0,861.0,99.87,10570.0,330.0,99.87,9873.0,841.0,99.87,18419.0,793.0,99.865,19658.0,1235.0,99.86,8473.0,631.0,99.855,8148.0,330.0,99.845,5985.0,249.0,99.835,4796.0,352.0,99.825,8431.0,257.0,99.815,4273.0,254.0,99.8,2682.0,477.0,99.785,1451.0,154.0,99.775,2199.0,564.0,99.745,1373.0,246.0,99.735,99.72,99.685,99.665,99.645,99.615,99.59,99.57,99.54,99.51,99.485,99.44,NaN,NaN,NaN,NaN,NaN,NaN,NaN,NaN,NaN,NaN,NaN,NaN,NaN,NaN,NaN,NaN,NaN,NaN,NaN,NaN,NaN,NaN,NaN,NaN
2012-12-18,NaN,NaN,NaN,NaN,NaN,NaN,NaN,NaN,NaN,NaN,NaN,NaN,NaN,NaN,NaN,NaN,NaN,NaN,NaN,NaN,NaN,NaN,NaN,NaN,NaN,NaN,NaN,NaN,NaN,NaN,NaN,NaN,NaN,99.8375,103413.0,53894.0,99.845,46376.0,27093.0,99.855,25162.0,7969.0,99.86,26974.0,4751.0,99.87,27062.0,1731.0,99.875,28544.0,4488.0,99.875,24135.0,3574.0,99.87,17960.0,291.0,99.87,10131.0,470.0,99.865,12278.0,304.0,99.865,10457.0,700.0,99.865,9848.0,335.0,99.86,17762.0,1746.0,99.855,19545.0,2024.0,99.845,8526.0,640.0,99.84,8427.0,1262.0,99.83,6012.0,1183.0,99.815,5092.0,994.0,99.8,7961.0,1637.0,99.79,4240.0,379.0,99.77,2828.0,443.0,99.755,1451.0,51.0,99.74,2111.0,140.0,99.71,1375.0,57.0,99.7,99.685,99.65,99.625,99.605,99.575,99.55,99.53,99.495,99.465,99.44,99.395,NaN,NaN,NaN,NaN,NaN,NaN,NaN,NaN,NaN,NaN,NaN,NaN,NaN,NaN,NaN,NaN,NaN,NaN,NaN,NaN,NaN,NaN,NaN,NaN
2012-12-19,NaN,NaN,NaN,NaN,NaN,NaN,NaN,NaN,NaN,NaN,NaN,NaN,NaN,NaN,NaN,NaN,NaN,NaN,NaN,NaN,NaN,NaN,NaN,NaN,NaN,NaN,NaN,NaN,NaN,NaN,NaN,NaN,NaN,99.835,103704.0,5349.0,99.845,48850.0,5828.0,99.855,27863.0,4908.0,99.86,29402.0,4912.0,99.865,26424.0,2441.0,99.87,28362.0,1468.0,99.865,23739.0,813.0,99.865,17813.0,1624.0,99.86,10315.0,537.0,99.86,12058.0,893.0,99.86,10484.0,301.0,99.86,9886.0,414.0,99.855,17559.0,818.0,99.85,19506.0,886.0,99.84,8462.0,598.0,99.835,8750.0,899.0,99.825,5726.0,548.0,99.81,4925.0,260.0,99.795,8044.0,249.0,99.785,4159.0,448.0,99.765,2689.0,450.0,99.75,1451.0,5.0,99.735,2086.0,40.0,99.71,1375.0,49.0,99.7,99.685,99.65,99.625,99.605,99.575,99.55,99.53,99.495,99.465,99.44,99.395,NaN,NaN,NaN,NaN,NaN,NaN,NaN,NaN,NaN,NaN,NaN,NaN,NaN,NaN,NaN,NaN,NaN,NaN,NaN,NaN,NaN,NaN,NaN,NaN
2012-12-20,NaN,NaN,NaN,NaN,NaN,NaN,NaN,NaN,NaN,NaN,NaN,NaN,NaN,NaN,NaN,NaN,NaN,NaN,NaN,NaN,NaN,NaN,NaN,NaN,NaN,NaN,NaN,NaN,NaN,NaN,NaN,NaN,NaN,99.8325,105752.0,5409.0,99.845,47698.0,4325.0,99.855,27840.0,1046.0,99.86,29406.0,1687.0,99.865,26642.0,2254.0,99.865,28517.0,1930.0,99.865,23667.0,2952.0,99.865,17702.0,5088.0,99.86,10269.0,672.0,99.855,11947.0,434.0,99.855,10398.0,494.0,99.855,9864.0,188.0,99.85,17594.0,480.0,99.845,19268.0,327.0,99.835,8341.0,217.0,99.83,8663.0,219.0,99.82,5868.0,403.0,99.805,4926.0,296.0,99.79,8200.0,242.0,99.78,3943.0,217.0,99.76,2508.0,240.0,99.745,1451.0,NaN,99.73,2085.0,33.0,99.705,1547.0,173.0,99.695,99.68,99.645,99.62,99.6,99.57,99.545,99.525,99.49,99.46,99.435,99.39,NaN,NaN,NaN,NaN,NaN,NaN,NaN,NaN,NaN,NaN,NaN,NaN,NaN,NaN,NaN,NaN,NaN,NaN,NaN,NaN,NaN,NaN,NaN,NaN
2012-12-21,NaN,NaN,NaN,NaN,NaN,NaN,NaN,NaN,NaN,NaN,NaN,NaN,NaN,NaN,NaN,NaN,NaN,NaN,NaN,NaN,NaN,NaN,NaN,NaN,NaN,NaN,NaN,NaN,NaN,NaN,NaN,NaN,NaN,99.8325,102736.0,7380.0,99.84,48706.0,4869.0,99.855,28280.0,2324.0,99.86,30743.0,2259.0,99.865,26665.0,118.0,99.865,28412.0,474.0,99.865,23333.0,417.0,99.865,17656.0,107.0,99.86,10278.0,42.0,99.855,11946.0,88.0,99.855,10403.0,101.0,99.855,9876.0,52.0,99.85,17539.0,146.0,99.845,19248.0,129.0,99.835,8103.0,487.0,99.83,8673.0,330.0,99.82,5852.0,138.0,99.805,4908.0,50.0,99.795,8343.0,175.0,99.785,4015.0,241.0,99.765,2417.0,246.0,99.75,1479.0,28.0,99.735,2082.0,102.0,99.71,1547.0,28.0,99.7,99.685,99.65,99.625,99.605,99.575,99.555,99.535,99.5,99.475,99.45,99.405,NaN,NaN,NaN,NaN,NaN,NaN,NaN,NaN,NaN,NaN,NaN,NaN,NaN,NaN,NaN,NaN,NaN,NaN,NaN,NaN,NaN,NaN,NaN,NaN
2012-12-24,NaN,NaN,NaN,NaN,NaN,NaN,NaN,NaN,NaN,NaN,NaN,NaN,NaN,NaN,NaN,NaN,NaN,NaN,NaN,NaN,NaN,NaN,NaN,NaN,NaN,NaN,NaN,NaN,NaN,NaN,NaN,NaN,NaN,99.8325,102736.0,NaN,99.84,49226.0,1333.0,99.85,28441.0,638.0,99.855,31488.0,1162.0,99.86,26916.0,338.0,99.865,28119.0,399.0,99.865,23124.0,404.0,99.86,17428.0,475.0,99.855,10108.0,278.0,99.855,11922.0,341.0,99.85,10496.0,391.0,99.85,9696.0,686.0,99.845,17567.0,400.0,99.84,19420.0,340.0,99.83,8184.0,351.0,99.82,8740.0,120.0,99.81,5907.0,89.0,99.795,4913.0,19.0,99.785,8397.0,79.0,99.775,4023.0,20.0,99.755,2384.0,117.0,99.74,1506.0,73.0,99.725,1994.0,88.0,99.7,1547.0,NaN,99.69,99.67,99.635,99.61,99.59,99.56,99.54,99.52,99.485,99.46,99.435,99.39,NaN,NaN,NaN,NaN,NaN,NaN,NaN,NaN,NaN,NaN,NaN,NaN,NaN,NaN,NaN,NaN,NaN,NaN,NaN,NaN,NaN,NaN,NaN,NaN
2012-12-26,NaN,NaN,NaN,NaN,NaN,NaN,NaN,NaN,NaN,NaN,NaN,NaN,NaN,NaN,NaN,NaN,NaN,NaN,NaN,NaN,NaN,NaN,NaN,NaN,NaN,NaN,NaN,NaN,NaN,NaN,NaN,NaN,NaN,99.8325,102566.0,42.0,99.84,49298.0,161.0,99.85,28401.0,37.0,99.855,31604.0,192.0,99.86,26947.0,112.0,99.865,28276.0,510.0,99.86,23255.0,663.0,99.86,17511.0,992.0,99.855,10032.0,395.0,99.855,12012.0,320.0,99.85,10493.0,130.0,99.845,9702.0,20.0,99.84,17485.0,188.0,99.835,19400.0,178.0,99.825,8217.0,268.0,99.815,8973.0,472.0,99.805,5842.0,248.0,99.79,5022.0,439.0,99.78,8529.0,168.0,99.77,3982.0,85.0,99.75,2417.0,40.0,99.735,1506.0,2.0,99.72,1988.0,10.0,99.695,1548.0,5.0,99.685,99.665,99.63,99.605,99.59,99.56,99.545,99.525,99.49,99.465,99.44,99.395,NaN,NaN,NaN,NaN,NaN,NaN,NaN,NaN,NaN,NaN,NaN,NaN,NaN,NaN,NaN,NaN,NaN,NaN,NaN,NaN,NaN,NaN,NaN,NaN
2012-12-27,NaN,NaN,NaN,NaN,NaN,NaN,NaN,NaN,NaN,NaN,NaN,NaN,NaN,NaN,NaN,NaN,NaN,NaN,NaN,NaN,NaN,NaN,NaN,NaN,NaN,NaN,NaN,NaN,NaN,NaN,NaN,NaN,NaN,99.8325,102077.0,1017.0,99.835,55623.0,7510.0,99.85,28391.0,894.0,99.855,31520.0,1459.0,99.86,26925.0,566.0,99.865,28254.0,480.0,99.86,23242.0,529.0,99.86,17404.0,475.0,99.855,9963.0,569.0,99.855,12070.0,786.0,99.85,10258.0,726.0,99.845,9517.0,560.0,99.845,17506.0,934.0,99.84,19189.0,896.0,99.83,8203.0,742.0,99.82,9168.0,532.0,99.815,5731.0,312.0,99.8,5043.0,283.0,99.795,8548.0,91.0,99.785,3955.0,102.0,99.765,2465.0,93.0,99.75,1505.0,21.0,99.735,2001.0,23.0,99.71,1548.0,2.0,99.7,99.685,99.655,99.63,99.62,99.595,99.58,99.56,99.525,99.5,99.475,99.435,NaN,NaN,NaN,NaN,NaN,NaN,NaN,NaN,NaN,NaN,NaN,NaN,NaN,NaN,NaN,NaN,NaN,NaN,NaN,NaN,NaN,NaN,NaN,NaN
2012-12-28,NaN,NaN,NaN,NaN,NaN,NaN,NaN,NaN,NaN,NaN,NaN,NaN,NaN,NaN,NaN,NaN,NaN,NaN,NaN,NaN,NaN,NaN,NaN,NaN,NaN,NaN,NaN,NaN,NaN,NaN,NaN,NaN,NaN,99.835,95556.0,8034.0,99.835,61738.0,7910.0,99.85,28734.0,1460.0,99.855,31242.0,655.0,99.86,26894.0,616.0,99.865,28148.0,626.0,99.86,23791.0,1434.0,99.86,17580.0,1210.0,99.86,10410.0,1448.0,99.86,11868.0,1012.0,99.86,9985.0,453.0,99.855,9397.0,460.0,99.85,17853.0,1104.0,99.85,19370.0,794.0,99.845,8930.0,1581.0,99.835,9304.0,867.0,99.83,5825.0,514.0,99.815,5032.0,298.0,99.81,8352.0,225.0,99.8,3923.0,55.0,99.78,2685.0,260.0,99.765,1505.0,7.0,99.75,1965.0,44.0,99.725,1541.0,8.0,99.715,99.7,99.67,99.645,99.635,99.61,99.595,99.575,99.54,99.515,99.49,99.45,NaN,NaN,NaN,NaN,NaN,NaN,NaN,NaN,NaN,NaN,NaN,NaN,NaN,NaN,NaN,NaN,NaN,NaN,NaN,NaN,NaN,NaN,NaN,NaN
2012-12-31,NaN,NaN,NaN,NaN,NaN,NaN,NaN,NaN,NaN,NaN,NaN,NaN,NaN,NaN,NaN,NaN,NaN,NaN,NaN,NaN,NaN,NaN,NaN,NaN,NaN,NaN,NaN,NaN,NaN,NaN,NaN,NaN,NaN,99.835,NaN,5109.0,99.835,62606.0,5399.0,99.855,28940.0,1139.0,99.86,31902.0,1897.0,99.87,26834.0,2276.0,99.87,28167.0,1058.0,99.865,23657.0,1087.0,99.865,17531.0,540.0,99.865,10366.0,352.0,99.865,11810.0,469.0,99.865,10478.0,995.0,99.865,9313.0,409.0,99.86,17734.0,397.0,99.86,19399.0,594.0,99.855,8747.0,304.0,99.845,9463.0,660.0,99.84,5766.0,528.0,99.83,5056.0,322.0,99.825,8234.0,364.0,99.81,3896.0,507.0,99.79,2616.0,126.0,99.775,1504.0,6.0,99.76,1966.0,66.0,99.735,1541.0,4.0,99.725,99.71,99.68,99.655,99.645,99.62,99.605,99.585,99.55,99.525,99.5,99.46,NaN,NaN,NaN,NaN,NaN,NaN,NaN,NaN,NaN,NaN,NaN,NaN,NaN,NaN,NaN,NaN,NaN,NaN,NaN,NaN,NaN,NaN,NaN,NaN
