date,FFF15 Comdty|PX_LAST,FFF15 Comdty|OPEN_INT,FFF15 Comdty|PX_VOLUME,FFG15 Comdty|PX_LAST,FFG15 Comdty|OPEN_INT,FFG15 Comdty|PX_VOLUME,FFH15 Comdty|PX_LAST,FFH15 Comdty|OPEN_INT,FFH15 Comdty|PX_VOLUME,FFJ15 Comdty|PX_LAST,FFJ15 Comdty|OPEN_INT,FFJ15 Comdty|PX_VOLUME,FFK15 Comdty|PX_LAST,FFK15 Comdty|OPEN_INT,FFK15 Comdty|PX_VOLUME,FFM15 Comdty|PX_LAST,FFM15 Comdty|OPEN_INT,FFM15 Comdty|PX_VOLUME,FFN15 Comdty|PX_LAST,FFN15 Comdty|OPEN_INT,FFN15 Comdty|PX_VOLUME,FFQ15 Comdty|PX_LAST,FFQ15 Comdty|OPEN_INT,FFQ15 Comdty|PX_VOLUME,FFU15 Comdty|PX_LAST,FFU15 Comdty|OPEN_INT,FFU15 Comdty|PX_VOLUME,FFV15 Comdty|PX_LAST,FFV15 Comdty|OPEN_INT,FFV15 Comdty|PX_VOLUME,FFX15 Comdty|PX_LAST,FFX15 Comdty|OPEN_INT,FFX15 Comdty|PX_VOLUME,FFZ15 Comdty|PX_LAST,FFZ15 Comdty|OPEN_INT,FFZ15 Comdty|PX_VOLUME,FFF16 Comdty|PX_LAST,FFF16 Comdty|OPEN_INT,FFF16 Comdty|PX_VOLUME,FFG16 Comdty|PX_LAST,FFG16 Comdty|OPEN_INT,FFG16 Comdty|PX_VOLUME,FFH16 Comdty|PX_LAST,FFH16 Comdty|OPEN_INT,FFH16 Comdty|PX_VOLUME,FFJ16 Comdty|PX_LAST,FFJ16 Comdty|OPEN_INT,FFJ16 Comdty|PX_VOLUME,FFK16 Comdty|PX_LAST,FFK16 Comdty|OPEN_INT,FFK16 Comdty|PX_VOLUME,FFM16 Comdty|PX_LAST,FFM16 Comdty|OPEN_INT,FFM16 Comdty|PX_VOLUME,FFN16 Comdty|PX_LAST,FFN16 Comdty|OPEN_INT,FFN16 Comdty|PX_VOLUME,FFQ16 Comdty|PX_LAST,FFQ16 Comdty|OPEN_INT,FFQ16 Comdty|PX_VOLUME,FFU16 Comdty|PX_LAST,FFU16 Comdty|OPEN_INT,FFU16 Comdty|PX_VOLUME,FFV16 Comdty|PX_LAST,FFV16 Comdty|OPEN_INT,FFV16 Comdty|PX_VOLUME,FFX16 Comdty|PX_LAST,FFX16 Comdty|OPEN_INT,FFX16 Comdty|PX_VOLUME,FFZ16 Comdty|PX_LAST,FFZ16 Comdty|OPEN_INT,FFZ16 Comdty|PX_VOLUME,FFF17 Comdty|PX_LAST,FFF17 Comdty|OPEN_INT,FFF17 Comdty|PX_VOLUME,FFG17 Comdty|PX_LAST,FFG17 Comdty|OPEN_INT,FFG17 Comdty|PX_VOLUME,FFH17 Comdty|PX_LAST,FFH17 Comdty|OPEN_INT,FFH17 Comdty|PX_VOLUME,FFJ17 Comdty|PX_LAST,FFJ17 Comdty|OPEN_INT,FFJ17 Comdty|PX_VOLUME,FFK17 Comdty|PX_LAST,FFK17 Comdty|OPEN_INT,FFK17 Comdty|PX_VOLUME,FFM17 Comdty|PX_LAST,FFM17 Comdty|OPEN_INT,FFM17 Comdty|PX_VOLUME,FFN17 Comdty|PX_LAST,FFN17 Comdty|OPEN_INT,FFN17 Comdty|PX_VOLUME,FFQ17 Comdty|PX_LAST,FFQ17 Comdty|OPEN_INT,FFQ17 Comdty|PX_VOLUME,FFU17 Comdty|PX_LAST,FFU17 Comdty|OPEN_INT,FFU17 Comdty|PX_VOLUME,FFV17 Comdty|PX_LAST,FFV17 Comdty|OPEN_INT,FFV17 Comdty|PX_VOLUME,FFX17 Comdty|PX_LAST,FFX17 Comdty|OPEN_INT,FFX17 Comdty|PX_VOLUME,FFZ17 Comdty|PX_LAST,FFF18 Comdty|PX_LAST,FFG18 Comdty|PX_LAST,FFH18 Comdty|PX_LAST,FFJ18 Comdty|PX_LAST,FFK18 Comdty|PX_LAST,FFM18 Comdty|PX_LAST,FFN18 Comdty|PX_LAST,FFQ18 Comdty|PX_LAST,FFU18 Comdty|PX_LAST,FFV18 Comdty|PX_LAST,FFX18 Comdty|PX_LAST,FFZ18 Comdty|PX_LAST,FFF19 Comdty|PX_LAST,FFG19 Comdty|PX_LAST,FFH19 Comdty|PX_LAST,FFJ19 Comdty|PX_LAST,FFK19 Comdty|PX_LAST,FFM19 Comdty|PX_LAST,FFN19 Comdty|PX_LAST,FFQ19 Comdty|PX_LAST,FFU19 Comdty|PX_LAST,FFV19 Comdty|PX_LAST,FFX19 Comdty|PX_LAST,FFZ19 Comdty|PX_LAST,FFF20 Comdty|PX_LAST,FFG20 Comdty|PX_LAST,FFH20 Comdty|PX_LAST,FFJ20 Comdty|PX_LAST,FFK20 Comdty|PX_LAST,FFM20 Comdty|PX_LAST,FFN20 Comdty|PX_LAST,FFQ20 Comdty|PX_LAST,FFU20 Comdty|PX_LAST,FFV20 Comdty|PX_LAST,FFX20 Comdty|PX_LAST
2015-01-02,99.885,54975.0,545.0,99.875,64944.0,1594.0,99.875,76391.0,548.0,99.87,72566.0,6861.0,99.835,98918.0,5477.0,99.795,50506.0,1164.0,99.725,76819.0,8790.0,99.66,43880.0,3215.0,99.605,18382.0,1047.0,99.525,17971.0,1264.0,99.455,31497.0,839.0,99.39,28952.0,2041.0,99.3,22110.0,1042.0,99.22,9243.0,911.0,99.15,3121.0,182.0,99.07,5185.0,245.0,98.98,6254.0,183.0,98.91,1220.0,225.0,98.835,692.0,356.0,98.755,1200.0,185.0,98.69,959.0,140.0,98.625,285.0,4.0,98.55,276.0,NaN,98.49,1341.0,NaN,98.425,47.0,25.0,98.36,6.0,NaN,98.31,NaN,NaN,98.255,NaN,NaN,98.205,NaN,NaN,98.16,NaN,NaN,98.115,NaN,NaN,98.08,NaN,NaN,98.04,NaN,NaN,98.005,NaN,NaN,97.97,NaN,NaN,97.945,NaN,NaN,NaN,NaN,NaN,NaN,NaN,NaN,NaN,NaN,NaN,NaN,NaN,NaN,NaN,NaN,NaN,NaN,NaN,NaN,NaN,NaN,NaN,NaN,NaN,NaN,NaN,NaN,NaN,NaN,NaN,NaN,NaN,NaN,NaN
2015-01-05,99.8875,55097.0,3619.0,99.88,64209.0,3446.0,99.875,76834.0,3049.0,99.87,74436.0,2373.0,99.835,98453.0,4899.0,99.795,50135.0,1889.0,99.725,74091.0,6592.0,99.66,43042.0,2988.0,99.61,18314.0,1160.0,99.525,18274.0,2301.0,99.455,31214.0,953.0,99.39,28204.0,1776.0,99.3,22445.0,1213.0,99.22,9278.0,308.0,99.15,3246.0,324.0,99.07,5241.0,144.0,98.98,6255.0,63.0,98.91,1182.0,94.0,98.835,687.0,39.0,98.755,1209.0,67.0,98.695,964.0,39.0,98.63,289.0,4.0,98.555,292.0,19.0,98.505,1344.0,3.0,98.445,47.0,NaN,98.385,6.0,NaN,98.335,NaN,NaN,98.285,NaN,NaN,98.24,NaN,NaN,98.2,NaN,NaN,98.155,NaN,NaN,98.125,NaN,NaN,98.09,NaN,NaN,98.055,NaN,NaN,98.03,NaN,NaN,98.01,NaN,NaN,NaN,NaN,NaN,NaN,NaN,NaN,NaN,NaN,NaN,NaN,NaN,NaN,NaN,NaN,NaN,NaN,NaN,NaN,NaN,NaN,NaN,NaN,NaN,NaN,NaN,NaN,NaN,NaN,NaN,NaN,NaN,NaN,NaN
2015-01-06,99.8875,54698.0,1762.0,99.88,64520.0,2666.0,99.875,77944.0,3963.0,99.87,73712.0,11898.0,99.84,98205.0,13976.0,99.8,50177.0,3449.0,99.735,71561.0,9036.0,99.675,42851.0,4395.0,99.625,18601.0,2532.0,99.545,19382.0,3743.0,99.48,31234.0,3882.0,99.415,27797.0,2680.0,99.33,22726.0,1894.0,99.255,9314.0,1015.0,99.185,3347.0,346.0,99.11,5222.0,290.0,99.02,6276.0,299.0,98.955,1148.0,157.0,98.88,701.0,99.0,98.81,1277.0,119.0,98.755,993.0,104.0,98.695,318.0,29.0,98.625,317.0,37.0,98.575,1368.0,41.0,98.515,97.0,57.0,98.46,6.0,NaN,98.415,NaN,NaN,98.365,NaN,NaN,98.325,NaN,NaN,98.29,NaN,NaN,98.25,NaN,NaN,98.225,NaN,NaN,98.195,NaN,NaN,98.16,NaN,NaN,98.14,NaN,NaN,98.12,NaN,NaN,NaN,NaN,NaN,NaN,NaN,NaN,NaN,NaN,NaN,NaN,NaN,NaN,NaN,NaN,NaN,NaN,NaN,NaN,NaN,NaN,NaN,NaN,NaN,NaN,NaN,NaN,NaN,NaN,NaN,NaN,NaN,NaN,NaN
2015-01-07,99.8875,54377.0,1688.0,99.88,64127.0,1794.0,99.875,78119.0,813.0,99.87,76284.0,10477.0,99.845,99906.0,8446.0,99.81,49076.0,2712.0,99.74,75318.0,12785.0,99.685,43399.0,4352.0,99.64,19345.0,4627.0,99.56,19381.0,3498.0,99.495,30373.0,2694.0,99.435,28218.0,2270.0,99.34,22799.0,632.0,99.265,9331.0,656.0,99.205,3396.0,559.0,99.13,5105.0,312.0,99.04,6273.0,454.0,98.975,1067.0,192.0,98.9,672.0,91.0,98.83,1257.0,94.0,98.775,1000.0,154.0,98.715,322.0,5.0,98.645,317.0,2.0,98.595,1368.0,NaN,98.54,103.0,6.0,98.485,6.0,NaN,98.44,NaN,NaN,98.39,NaN,NaN,98.35,NaN,NaN,98.315,NaN,NaN,98.275,NaN,NaN,98.25,NaN,NaN,98.22,NaN,NaN,98.185,NaN,NaN,98.165,NaN,NaN,98.145,NaN,NaN,NaN,NaN,NaN,NaN,NaN,NaN,NaN,NaN,NaN,NaN,NaN,NaN,NaN,NaN,NaN,NaN,NaN,NaN,NaN,NaN,NaN,NaN,NaN,NaN,NaN,NaN,NaN,NaN,NaN,NaN,NaN,NaN,NaN
2015-01-08,99.8875,53207.0,1889.0,99.88,64170.0,2122.0,99.875,77923.0,626.0,99.87,78840.0,9361.0,99.845,101853.0,14836.0,99.81,49072.0,2895.0,99.74,84321.0,14353.0,99.685,46026.0,4354.0,99.64,19607.0,1867.0,99.565,19481.0,1043.0,99.5,30259.0,1035.0,99.44,23415.0,7004.0,99.35,23297.0,1344.0,99.275,9428.0,1115.0,99.215,3447.0,377.0,99.14,5094.0,243.0,99.05,6267.0,201.0,98.985,1046.0,66.0,98.91,605.0,90.0,98.84,1245.0,55.0,98.785,993.0,71.0,98.725,322.0,NaN,98.655,317.0,NaN,98.605,1367.0,1.0,98.55,103.0,NaN,98.495,6.0,NaN,98.45,NaN,NaN,98.4,NaN,NaN,98.36,NaN,NaN,98.32,NaN,NaN,98.28,NaN,NaN,98.25,NaN,NaN,98.215,NaN,NaN,98.175,NaN,NaN,98.15,NaN,NaN,98.12,NaN,NaN,NaN,NaN,NaN,NaN,NaN,NaN,NaN,NaN,NaN,NaN,NaN,NaN,NaN,NaN,NaN,NaN,NaN,NaN,NaN,NaN,NaN,NaN,NaN,NaN,NaN,NaN,NaN,NaN,NaN,NaN,NaN,NaN,NaN
2015-01-09,99.885,53126.0,474.0,99.88,65105.0,3062.0,99.875,78805.0,4270.0,99.87,78243.0,12833.0,99.85,96753.0,28968.0,99.82,50761.0,6526.0,99.765,91083.0,18310.0,99.715,47447.0,8085.0,99.675,22476.0,6615.0,99.6,20644.0,3674.0,99.545,29887.0,3672.0,99.485,22521.0,4170.0,99.4,23338.0,1448.0,99.325,9609.0,1124.0,99.265,3673.0,756.0,99.19,5040.0,498.0,99.11,6265.0,383.0,99.045,1024.0,104.0,98.975,592.0,40.0,98.905,1241.0,148.0,98.855,948.0,129.0,98.795,322.0,NaN,98.725,316.0,2.0,98.675,1366.0,1.0,98.62,104.0,1.0,98.565,6.0,NaN,98.52,NaN,NaN,98.47,NaN,NaN,98.425,NaN,NaN,98.385,41.0,41.0,98.345,NaN,NaN,98.315,NaN,NaN,98.28,NaN,NaN,98.24,NaN,NaN,98.215,NaN,NaN,98.18,NaN,NaN,NaN,NaN,NaN,NaN,NaN,NaN,NaN,NaN,NaN,NaN,NaN,NaN,NaN,NaN,NaN,NaN,NaN,NaN,NaN,NaN,NaN,NaN,NaN,NaN,NaN,NaN,NaN,NaN,NaN,NaN,NaN,NaN,NaN
2015-01-12,99.885,52577.0,781.0,99.88,65752.0,1645.0,99.875,78675.0,431.0,99.87,77967.0,745.0,99.85,96234.0,7259.0,99.825,50231.0,1690.0,99.77,92146.0,7878.0,99.73,48790.0,3317.0,99.69,22613.0,2678.0,99.62,21913.0,2868.0,99.565,31559.0,2952.0,99.51,22607.0,2177.0,99.425,24322.0,2019.0,99.355,9884.0,554.0,99.3,3735.0,372.0,99.23,5234.0,418.0,99.15,6265.0,164.0,99.09,890.0,186.0,99.025,603.0,52.0,98.955,1244.0,9.0,98.905,1050.0,169.0,98.85,332.0,13.0,98.78,319.0,3.0,98.73,1366.0,NaN,98.675,104.0,NaN,98.62,6.0,NaN,98.575,NaN,NaN,98.525,NaN,NaN,98.48,NaN,NaN,98.44,41.0,NaN,98.4,NaN,NaN,98.37,NaN,NaN,98.335,NaN,NaN,98.3,NaN,NaN,98.275,NaN,NaN,98.245,NaN,NaN,NaN,NaN,NaN,NaN,NaN,NaN,NaN,NaN,NaN,NaN,NaN,NaN,NaN,NaN,NaN,NaN,NaN,NaN,NaN,NaN,NaN,NaN,NaN,NaN,NaN,NaN,NaN,NaN,NaN,NaN,NaN,NaN,NaN
2015-01-13,99.8825,52719.0,395.0,99.88,66965.0,4432.0,99.875,78334.0,2451.0,99.87,77429.0,2456.0,99.855,98392.0,7465.0,99.83,50578.0,2873.0,99.78,96014.0,12907.0,99.74,48890.0,4511.0,99.705,23448.0,5647.0,99.635,24398.0,4825.0,99.58,31885.0,2153.0,99.53,22638.0,1473.0,99.45,23541.0,2626.0,99.385,10173.0,2806.0,99.33,3709.0,365.0,99.265,5126.0,374.0,99.185,6258.0,454.0,99.125,823.0,178.0,99.06,588.0,112.0,98.995,1292.0,102.0,98.945,1031.0,71.0,98.89,332.0,2.0,98.82,319.0,NaN,98.77,1369.0,3.0,98.715,104.0,NaN,98.66,6.0,NaN,98.62,NaN,NaN,98.57,NaN,NaN,98.525,NaN,NaN,98.49,41.0,NaN,98.45,NaN,NaN,98.42,NaN,NaN,98.385,NaN,NaN,98.35,NaN,NaN,98.325,NaN,NaN,98.295,NaN,NaN,NaN,NaN,NaN,NaN,NaN,NaN,NaN,NaN,NaN,NaN,NaN,NaN,NaN,NaN,NaN,NaN,NaN,NaN,NaN,NaN,NaN,NaN,NaN,NaN,NaN,NaN,NaN,NaN,NaN,NaN,NaN,NaN,NaN
2015-01-14,99.8825,51383.0,1612.0,99.88,64995.0,3527.0,99.875,78466.0,993.0,99.87,76198.0,5340.0,99.855,94792.0,15774.0,99.84,54480.0,12675.0,99.8,99205.0,13574.0,99.765,49555.0,5144.0,99.735,24523.0,5073.0,99.67,24769.0,4386.0,99.62,32380.0,4102.0,99.575,23015.0,4821.0,99.5,23099.0,3085.0,99.435,10332.0,1098.0,99.38,4043.0,938.0,99.32,5169.0,416.0,99.245,6248.0,157.0,99.19,792.0,130.0,99.125,696.0,270.0,99.06,1293.0,220.0,99.01,975.0,123.0,98.955,332.0,NaN,98.89,321.0,4.0,98.85,1372.0,3.0,98.8,104.0,NaN,98.745,16.0,13.0,98.705,3.0,3.0,98.655,NaN,NaN,98.61,NaN,NaN,98.575,16.0,25.0,98.535,NaN,NaN,98.505,NaN,NaN,98.47,NaN,NaN,98.435,NaN,NaN,98.41,NaN,NaN,98.38,NaN,NaN,NaN,NaN,NaN,NaN,NaN,NaN,NaN,NaN,NaN,NaN,NaN,NaN,NaN,NaN,NaN,NaN,NaN,NaN,NaN,NaN,NaN,NaN,NaN,NaN,NaN,NaN,NaN,NaN,NaN,NaN,NaN,NaN,NaN
2015-01-15,99.8825,51758.0,620.0,99.88,64884.0,832.0,99.875,79398.0,3128.0,99.875,75958.0,7328.0,99.87,97113.0,16893.0,99.85,55563.0,6405.0,99.81,97135.0,10118.0,99.78,48761.0,4219.0,99.75,24794.0,2850.0,99.695,24366.0,5159.0,99.655,33038.0,5162.0,99.61,23520.0,3241.0,99.545,22181.0,4296.0,99.48,11258.0,3767.0,99.43,4078.0,537.0,99.375,5113.0,529.0,99.305,6247.0,361.0,99.255,784.0,124.0,99.2,756.0,295.0,99.135,1277.0,240.0,99.085,969.0,115.0,99.035,332.0,NaN,98.97,278.0,45.0,98.93,1373.0,1.0,98.88,104.0,NaN,98.825,16.0,2.0,98.79,3.0,2.0,98.74,2.0,2.0,98.695,NaN,NaN,98.66,16.0,NaN,98.625,NaN,NaN,98.595,NaN,NaN,98.56,NaN,NaN,98.525,NaN,NaN,98.5,NaN,NaN,98.47,NaN,NaN,NaN,NaN,NaN,NaN,NaN,NaN,NaN,NaN,NaN,NaN,NaN,NaN,NaN,NaN,NaN,NaN,NaN,NaN,NaN,NaN,NaN,NaN,NaN,NaN,NaN,NaN,NaN,NaN,NaN,NaN,NaN,NaN,NaN
2015-01-16,99.8825,51734.0,1904.0,99.88,66208.0,5459.0,99.875,77455.0,7275.0,99.875,74822.0,9637.0,99.87,97137.0,12392.0,99.85,55497.0,4298.0,99.81,97656.0,8600.0,99.775,48817.0,5306.0,99.735,25214.0,4350.0,99.675,24643.0,2737.0,99.63,32898.0,1735.0,99.585,23432.0,3784.0,99.51,22092.0,1044.0,99.445,11297.0,913.0,99.395,4081.0,371.0,99.335,5134.0,406.0,99.265,6261.0,415.0,99.215,746.0,124.0,99.155,814.0,193.0,99.09,1211.0,142.0,99.04,909.0,135.0,98.99,332.0,NaN,98.925,278.0,NaN,98.885,1373.0,NaN,98.835,104.0,NaN,98.775,16.0,NaN,98.74,3.0,NaN,98.69,2.0,NaN,98.64,NaN,NaN,98.605,16.0,NaN,98.57,NaN,NaN,98.53,NaN,NaN,98.495,NaN,NaN,98.46,NaN,NaN,98.43,NaN,NaN,98.4,NaN,NaN,NaN,NaN,NaN,NaN,NaN,NaN,NaN,NaN,NaN,NaN,NaN,NaN,NaN,NaN,NaN,NaN,NaN,NaN,NaN,NaN,NaN,NaN,NaN,NaN,NaN,NaN,NaN,NaN,NaN,NaN,NaN,NaN,NaN
2015-01-20,99.88,51766.0,2917.0,99.875,68837.0,5501.0,99.87,77405.0,5321.0,99.87,75419.0,3683.0,99.865,97079.0,5015.0,99.84,57923.0,5865.0,99.8,92155.0,10791.0,99.765,50956.0,5023.0,99.73,27616.0,3913.0,99.665,25672.0,3395.0,99.62,32514.0,2957.0,99.575,20556.0,7408.0,99.5,22287.0,2012.0,99.435,11464.0,857.0,99.385,4031.0,617.0,99.325,4978.0,592.0,99.25,6262.0,222.0,99.195,742.0,141.0,99.135,720.0,114.0,99.065,1211.0,126.0,99.015,876.0,55.0,98.965,332.0,NaN,98.9,278.0,NaN,98.86,1411.0,38.0,98.805,104.0,NaN,98.745,16.0,NaN,98.71,3.0,NaN,98.66,2.0,NaN,98.61,NaN,NaN,98.575,16.0,NaN,98.54,NaN,NaN,98.5,NaN,NaN,98.465,NaN,NaN,98.43,NaN,NaN,98.4,NaN,NaN,98.37,NaN,NaN,NaN,NaN,NaN,NaN,NaN,NaN,NaN,NaN,NaN,NaN,NaN,NaN,NaN,NaN,NaN,NaN,NaN,NaN,NaN,NaN,NaN,NaN,NaN,NaN,NaN,NaN,NaN,NaN,NaN,NaN,NaN,NaN,NaN
2015-01-21,99.88,51767.0,1.0,99.875,67655.0,4017.0,99.87,78334.0,3605.0,99.87,76371.0,2142.0,99.865,98475.0,5620.0,99.84,60667.0,6181.0,99.8,89974.0,13371.0,99.76,50821.0,3095.0,99.725,27910.0,4141.0,99.66,28305.0,7057.0,99.61,33071.0,3901.0,99.565,20779.0,2282.0,99.49,22544.0,1938.0,99.42,11445.0,358.0,99.37,4031.0,214.0,99.31,4987.0,511.0,99.23,6265.0,189.0,99.175,813.0,125.0,99.115,752.0,75.0,99.045,1206.0,51.0,98.995,863.0,59.0,98.94,332.0,2.0,98.87,289.0,12.0,98.82,1768.0,413.0,98.765,104.0,3.0,98.705,16.0,NaN,98.67,3.0,NaN,98.615,2.0,NaN,98.565,NaN,NaN,98.53,16.0,NaN,98.495,NaN,NaN,98.455,NaN,NaN,98.42,NaN,NaN,98.385,NaN,NaN,98.35,NaN,NaN,98.32,NaN,NaN,NaN,NaN,NaN,NaN,NaN,NaN,NaN,NaN,NaN,NaN,NaN,NaN,NaN,NaN,NaN,NaN,NaN,NaN,NaN,NaN,NaN,NaN,NaN,NaN,NaN,NaN,NaN,NaN,NaN,NaN,NaN,NaN,NaN
2015-01-22,99.88,51291.0,1019.0,99.875,67010.0,5030.0,99.87,77430.0,2587.0,99.87,76154.0,1916.0,99.865,96100.0,6200.0,99.835,59591.0,4275.0,99.8,87919.0,5319.0,99.755,50358.0,1581.0,99.715,27692.0,1327.0,99.645,28276.0,1165.0,99.595,32802.0,2008.0,99.545,20931.0,1386.0,99.465,21536.0,1795.0,99.395,11072.0,1115.0,99.34,4005.0,209.0,99.28,5027.0,168.0,99.2,6269.0,148.0,99.145,822.0,58.0,99.08,780.0,77.0,99.005,1195.0,34.0,98.955,863.0,15.0,98.9,332.0,NaN,98.83,290.0,1.0,98.78,1768.0,NaN,98.725,104.0,NaN,98.66,16.0,NaN,98.62,3.0,NaN,98.565,2.0,NaN,98.515,NaN,NaN,98.48,16.0,NaN,98.44,NaN,NaN,98.4,NaN,NaN,98.36,NaN,NaN,98.325,NaN,NaN,98.29,NaN,NaN,98.26,NaN,NaN,NaN,NaN,NaN,NaN,NaN,NaN,NaN,NaN,NaN,NaN,NaN,NaN,NaN,NaN,NaN,NaN,NaN,NaN,NaN,NaN,NaN,NaN,NaN,NaN,NaN,NaN,NaN,NaN,NaN,NaN,NaN,NaN,NaN
2015-01-23,99.88,51119.0,1495.0,99.875,66993.0,53.0,99.87,77440.0,92.0,99.87,76375.0,3784.0,99.865,98523.0,8694.0,99.84,59772.0,3615.0,99.8,87771.0,3935.0,99.755,50050.0,2524.0,99.72,27533.0,2019.0,99.65,28646.0,4582.0,99.605,32579.0,3558.0,99.555,21102.0,1370.0,99.48,22132.0,1695.0,99.41,11110.0,717.0,99.355,4005.0,480.0,99.295,5072.0,520.0,99.215,6269.0,188.0,99.16,817.0,150.0,99.1,636.0,172.0,99.025,1095.0,122.0,98.975,864.0,26.0,98.92,332.0,2.0,98.85,289.0,1.0,98.8,1769.0,2.0,98.745,104.0,NaN,98.68,16.0,NaN,98.64,3.0,NaN,98.595,2.0,NaN,98.545,NaN,NaN,98.51,16.0,NaN,98.475,NaN,NaN,98.435,NaN,NaN,98.4,NaN,NaN,98.365,NaN,NaN,98.33,NaN,NaN,98.305,NaN,NaN,NaN,NaN,NaN,NaN,NaN,NaN,NaN,NaN,NaN,NaN,NaN,NaN,NaN,NaN,NaN,NaN,NaN,NaN,NaN,NaN,NaN,NaN,NaN,NaN,NaN,NaN,NaN,NaN,NaN,NaN,NaN,NaN,NaN
2015-01-26,99.88,52165.0,1052.0,99.875,66940.0,583.0,99.87,80239.0,4947.0,99.87,73433.0,3826.0,99.855,99580.0,10981.0,99.83,59600.0,1901.0,99.79,87593.0,7670.0,99.75,50257.0,3549.0,99.71,27677.0,744.0,99.64,28914.0,1164.0,99.59,32290.0,2106.0,99.54,20847.0,704.0,99.46,21995.0,1723.0,99.39,11139.0,1094.0,99.335,4014.0,192.0,99.275,5113.0,189.0,99.195,6268.0,68.0,99.14,817.0,35.0,99.08,625.0,25.0,99.005,1090.0,46.0,98.955,865.0,15.0,98.9,332.0,NaN,98.83,290.0,1.0,98.78,1769.0,5.0,98.725,104.0,NaN,98.66,16.0,NaN,98.62,3.0,NaN,98.575,2.0,NaN,98.525,NaN,NaN,98.49,16.0,NaN,98.455,NaN,NaN,98.415,NaN,NaN,98.38,NaN,NaN,98.345,NaN,NaN,98.31,NaN,NaN,98.285,NaN,NaN,NaN,NaN,NaN,NaN,NaN,NaN,NaN,NaN,NaN,NaN,NaN,NaN,NaN,NaN,NaN,NaN,NaN,NaN,NaN,NaN,NaN,NaN,NaN,NaN,NaN,NaN,NaN,NaN,NaN,NaN,NaN,NaN,NaN
2015-01-27,99.88,52015.0,1158.0,99.875,66437.0,824.0,99.87,80820.0,4438.0,99.865,73525.0,3645.0,99.855,99357.0,6630.0,99.83,59304.0,1404.0,99.79,87492.0,3403.0,99.755,51008.0,2693.0,99.715,28961.0,3541.0,99.65,29830.0,4511.0,99.595,32005.0,6312.0,99.55,20371.0,2974.0,99.475,22183.0,2245.0,99.405,11051.0,623.0,99.35,3986.0,214.0,99.29,5171.0,409.0,99.21,6279.0,106.0,99.155,817.0,34.0,99.095,610.0,68.0,99.02,1096.0,85.0,98.97,863.0,25.0,98.915,334.0,7.0,98.845,286.0,5.0,98.795,1769.0,NaN,98.74,104.0,NaN,98.675,16.0,NaN,98.635,3.0,NaN,98.59,2.0,NaN,98.54,NaN,NaN,98.505,16.0,NaN,98.47,NaN,NaN,98.43,NaN,NaN,98.395,NaN,NaN,98.36,NaN,NaN,98.325,NaN,NaN,98.3,NaN,NaN,NaN,NaN,NaN,NaN,NaN,NaN,NaN,NaN,NaN,NaN,NaN,NaN,NaN,NaN,NaN,NaN,NaN,NaN,NaN,NaN,NaN,NaN,NaN,NaN,NaN,NaN,NaN,NaN,NaN,NaN,NaN,NaN,NaN
2015-01-28,99.88,51982.0,251.0,99.875,67271.0,12904.0,99.87,81083.0,5266.0,99.865,74536.0,3405.0,99.855,99978.0,6673.0,99.835,59520.0,4273.0,99.795,89663.0,5784.0,99.76,50316.0,4558.0,99.725,29696.0,2461.0,99.665,30446.0,2778.0,99.62,30900.0,2970.0,99.575,20089.0,2296.0,99.505,22301.0,1787.0,99.44,11036.0,705.0,99.385,4020.0,139.0,99.33,5258.0,357.0,99.255,6263.0,106.0,99.2,815.0,47.0,99.145,624.0,70.0,99.075,1067.0,148.0,99.025,876.0,39.0,98.97,400.0,66.0,98.91,286.0,17.0,98.865,1785.0,16.0,98.815,104.0,17.0,98.76,16.0,NaN,98.725,3.0,NaN,98.68,2.0,NaN,98.635,NaN,NaN,98.6,16.0,NaN,98.565,NaN,NaN,98.535,NaN,NaN,98.5,NaN,NaN,98.465,NaN,NaN,98.435,NaN,NaN,98.415,NaN,NaN,NaN,NaN,NaN,NaN,NaN,NaN,NaN,NaN,NaN,NaN,NaN,NaN,NaN,NaN,NaN,NaN,NaN,NaN,NaN,NaN,NaN,NaN,NaN,NaN,NaN,NaN,NaN,NaN,NaN,NaN,NaN,NaN,NaN
2015-01-29,99.88,51943.0,297.0,99.875,67172.0,1447.0,99.87,80669.0,414.0,99.865,74525.0,352.0,99.86,96311.0,7263.0,99.835,59541.0,1428.0,99.795,90838.0,3601.0,99.76,49631.0,4599.0,99.725,30572.0,2985.0,99.665,29434.0,4789.0,99.615,31693.0,2914.0,99.575,20270.0,1515.0,99.5,22315.0,1150.0,99.435,10965.0,345.0,99.38,4035.0,191.0,99.325,5287.0,266.0,99.25,6261.0,147.0,99.195,801.0,60.0,99.14,649.0,44.0,99.07,1145.0,214.0,99.02,848.0,60.0,98.965,453.0,100.0,98.905,285.0,6.0,98.86,1807.0,31.0,98.81,104.0,2.0,98.755,16.0,NaN,98.72,3.0,NaN,98.675,2.0,NaN,98.63,NaN,NaN,98.595,16.0,NaN,98.56,NaN,NaN,98.525,NaN,NaN,98.49,NaN,NaN,98.455,NaN,NaN,98.425,NaN,NaN,98.405,NaN,NaN,NaN,NaN,NaN,NaN,NaN,NaN,NaN,NaN,NaN,NaN,NaN,NaN,NaN,NaN,NaN,NaN,NaN,NaN,NaN,NaN,NaN,NaN,NaN,NaN,NaN,NaN,NaN,NaN,NaN,NaN,NaN,NaN,NaN
2015-01-30,99.8825,56010.0,7164.0,99.875,67005.0,3904.0,99.87,80780.0,2770.0,99.865,74504.0,1224.0,99.86,95908.0,8720.0,99.835,59149.0,3630.0,99.8,91812.0,14747.0,99.765,49733.0,8517.0,99.73,32440.0,4978.0,99.675,30384.0,3590.0,99.63,32715.0,4083.0,99.59,20280.0,3234.0,99.525,22904.0,2957.0,99.465,10947.0,1868.0,99.42,4388.0,1326.0,99.365,5478.0,556.0,99.3,6262.0,199.0,99.25,797.0,141.0,99.2,655.0,88.0,99.13,1151.0,65.0,99.085,872.0,91.0,99.035,487.0,37.0,98.98,301.0,69.0,98.94,1857.0,68.0,98.895,118.0,40.0,98.84,16.0,NaN,98.805,3.0,NaN,98.76,2.0,NaN,98.715,NaN,NaN,98.68,16.0,NaN,98.65,NaN,NaN,98.615,NaN,NaN,98.585,NaN,NaN,98.555,NaN,NaN,98.525,NaN,NaN,98.505,98.47,NaN,NaN,NaN,NaN,NaN,NaN,NaN,NaN,NaN,NaN,NaN,NaN,NaN,NaN,NaN,NaN,NaN,NaN,NaN,NaN,NaN,NaN,NaN,NaN,NaN,NaN,NaN,NaN,NaN,NaN,NaN,NaN,NaN,NaN
2015-02-02,NaN,NaN,NaN,99.875,68729.0,3525.0,99.87,79868.0,4892.0,99.87,74645.0,1705.0,99.86,93932.0,5992.0,99.835,58727.0,1651.0,99.8,92967.0,3637.0,99.77,50645.0,4924.0,99.74,34514.0,3454.0,99.685,31947.0,4890.0,99.64,33132.0,2983.0,99.6,20890.0,2028.0,99.54,22924.0,782.0,99.48,10996.0,493.0,99.435,4421.0,245.0,99.38,5413.0,626.0,99.315,6299.0,260.0,99.265,795.0,54.0,99.215,716.0,107.0,99.145,1189.0,56.0,99.1,874.0,31.0,99.05,490.0,26.0,98.995,312.0,60.0,98.955,1859.0,34.0,98.91,118.0,NaN,98.855,16.0,NaN,98.82,3.0,NaN,98.775,2.0,NaN,98.73,NaN,NaN,98.695,16.0,NaN,98.665,NaN,NaN,98.63,NaN,NaN,98.6,NaN,NaN,98.57,NaN,NaN,98.54,NaN,NaN,98.52,98.485,NaN,NaN,NaN,NaN,NaN,NaN,NaN,NaN,NaN,NaN,NaN,NaN,NaN,NaN,NaN,NaN,NaN,NaN,NaN,NaN,NaN,NaN,NaN,NaN,NaN,NaN,NaN,NaN,NaN,NaN,NaN,NaN,NaN,NaN
2015-02-03,NaN,NaN,NaN,99.875,68049.0,3406.0,99.87,80269.0,1311.0,99.87,75098.0,2853.0,99.86,91391.0,9995.0,99.835,58411.0,5193.0,99.795,92024.0,8847.0,99.755,51119.0,2482.0,99.715,37303.0,5315.0,99.66,33533.0,4057.0,99.605,33932.0,5975.0,99.565,21665.0,3287.0,99.495,23362.0,3886.0,99.43,11498.0,2138.0,99.385,4262.0,901.0,99.325,5504.0,826.0,99.255,6454.0,432.0,99.205,802.0,116.0,99.15,819.0,157.0,99.075,1196.0,21.0,99.03,871.0,53.0,98.98,490.0,8.0,98.925,326.0,16.0,98.88,1859.0,44.0,98.825,117.0,1.0,98.765,16.0,NaN,98.725,3.0,NaN,98.68,2.0,NaN,98.635,NaN,NaN,98.6,16.0,NaN,98.565,NaN,NaN,98.53,NaN,NaN,98.5,NaN,NaN,98.465,NaN,NaN,98.435,NaN,NaN,98.41,98.375,NaN,NaN,NaN,NaN,NaN,NaN,NaN,NaN,NaN,NaN,NaN,NaN,NaN,NaN,NaN,NaN,NaN,NaN,NaN,NaN,NaN,NaN,NaN,NaN,NaN,NaN,NaN,NaN,NaN,NaN,NaN,NaN,NaN,NaN
2015-02-04,NaN,NaN,NaN,99.875,68270.0,1240.0,99.87,80364.0,150.0,99.87,75074.0,1463.0,99.86,91108.0,6170.0,99.835,58198.0,2764.0,99.79,92449.0,9945.0,99.75,51749.0,5332.0,99.71,38444.0,6426.0,99.65,33675.0,6114.0,99.595,33428.0,5959.0,99.555,22685.0,3813.0,99.485,23341.0,2654.0,99.42,11481.0,988.0,99.375,4261.0,613.0,99.315,5479.0,466.0,99.245,6478.0,355.0,99.195,828.0,172.0,99.14,792.0,181.0,99.065,1192.0,73.0,99.02,838.0,73.0,98.97,494.0,46.0,98.915,300.0,42.0,98.87,1864.0,39.0,98.815,117.0,NaN,98.75,16.0,NaN,98.71,3.0,NaN,98.66,2.0,NaN,98.615,NaN,NaN,98.58,16.0,NaN,98.545,NaN,NaN,98.51,NaN,NaN,98.48,NaN,NaN,98.445,NaN,NaN,98.41,NaN,NaN,98.385,98.35,NaN,NaN,NaN,NaN,NaN,NaN,NaN,NaN,NaN,NaN,NaN,NaN,NaN,NaN,NaN,NaN,NaN,NaN,NaN,NaN,NaN,NaN,NaN,NaN,NaN,NaN,NaN,NaN,NaN,NaN,NaN,NaN,NaN,NaN
2015-02-05,NaN,NaN,NaN,99.8775,68321.0,1131.0,99.87,81123.0,1431.0,99.87,75953.0,2303.0,99.86,91154.0,3172.0,99.835,58064.0,1599.0,99.785,92830.0,3427.0,99.745,52109.0,3966.0,99.705,39614.0,4035.0,99.645,33535.0,2645.0,99.59,32902.0,4806.0,99.55,22918.0,2111.0,99.48,23448.0,1392.0,99.415,11327.0,1852.0,99.37,4252.0,439.0,99.31,5555.0,447.0,99.235,6469.0,382.0,99.185,823.0,73.0,99.13,820.0,119.0,99.055,1270.0,125.0,99.005,839.0,43.0,98.955,496.0,17.0,98.9,295.0,25.0,98.855,1865.0,2.0,98.8,117.0,NaN,98.735,16.0,NaN,98.695,3.0,NaN,98.645,2.0,NaN,98.6,NaN,NaN,98.565,16.0,NaN,98.53,NaN,NaN,98.495,NaN,NaN,98.465,NaN,NaN,98.43,NaN,NaN,98.395,NaN,NaN,98.37,98.34,NaN,NaN,NaN,NaN,NaN,NaN,NaN,NaN,NaN,NaN,NaN,NaN,NaN,NaN,NaN,NaN,NaN,NaN,NaN,NaN,NaN,NaN,NaN,NaN,NaN,NaN,NaN,NaN,NaN,NaN,NaN,NaN,NaN,NaN
2015-02-06,NaN,NaN,NaN,99.8775,68482.0,2216.0,99.87,82089.0,2479.0,99.87,77184.0,23357.0,99.85,92842.0,32558.0,99.81,58685.0,9247.0,99.745,95776.0,28589.0,99.69,50585.0,14932.0,99.64,36731.0,11428.0,99.565,29905.0,15037.0,99.495,31490.0,8959.0,99.44,23018.0,5340.0,99.35,22864.0,3752.0,99.28,10943.0,3173.0,99.22,4786.0,1268.0,99.155,5905.0,1500.0,99.075,6680.0,1098.0,99.015,802.0,175.0,98.955,828.0,135.0,98.88,1259.0,93.0,98.83,856.0,110.0,98.78,496.0,83.0,98.72,344.0,72.0,98.67,1879.0,72.0,98.615,114.0,3.0,98.55,16.0,NaN,98.51,3.0,NaN,98.46,2.0,NaN,98.415,NaN,NaN,98.38,16.0,NaN,98.34,NaN,NaN,98.3,NaN,NaN,98.265,NaN,NaN,98.23,NaN,NaN,98.195,NaN,NaN,98.17,98.14,NaN,NaN,NaN,NaN,NaN,NaN,NaN,NaN,NaN,NaN,NaN,NaN,NaN,NaN,NaN,NaN,NaN,NaN,NaN,NaN,NaN,NaN,NaN,NaN,NaN,NaN,NaN,NaN,NaN,NaN,NaN,NaN,NaN,NaN
2015-02-09,NaN,NaN,NaN,99.88,67133.0,8233.0,99.87,81370.0,3109.0,99.87,78680.0,6704.0,99.85,91206.0,6554.0,99.81,58607.0,3565.0,99.745,92390.0,11790.0,99.69,49812.0,7305.0,99.64,34233.0,7504.0,99.565,29221.0,5524.0,99.495,31191.0,3232.0,99.44,22874.0,2552.0,99.355,22398.0,2608.0,99.28,11096.0,2409.0,99.22,4803.0,1077.0,99.15,6692.0,1267.0,99.065,6695.0,555.0,99.005,794.0,183.0,98.94,842.0,69.0,98.865,1288.0,63.0,98.81,816.0,83.0,98.75,498.0,34.0,98.69,344.0,NaN,98.64,1891.0,53.0,98.585,114.0,NaN,98.52,16.0,NaN,98.475,3.0,NaN,98.425,2.0,NaN,98.38,NaN,NaN,98.345,16.0,NaN,98.305,NaN,NaN,98.265,NaN,NaN,98.23,NaN,NaN,98.195,NaN,NaN,98.16,NaN,NaN,98.135,98.105,NaN,NaN,NaN,NaN,NaN,NaN,NaN,NaN,NaN,NaN,NaN,NaN,NaN,NaN,NaN,NaN,NaN,NaN,NaN,NaN,NaN,NaN,NaN,NaN,NaN,NaN,NaN,NaN,NaN,NaN,NaN,NaN,NaN,NaN
2015-02-10,NaN,NaN,NaN,99.88,67142.0,48.0,99.87,80518.0,1853.0,99.87,78020.0,2697.0,99.85,88859.0,4999.0,99.81,58396.0,1339.0,99.745,91349.0,6339.0,99.69,48980.0,3986.0,99.64,35583.0,3818.0,99.565,29212.0,3236.0,99.495,31332.0,1812.0,99.435,22432.0,2173.0,99.345,22199.0,2028.0,99.265,11031.0,916.0,99.2,4852.0,450.0,99.13,6754.0,517.0,99.045,6598.0,368.0,98.985,747.0,137.0,98.92,840.0,144.0,98.835,1378.0,174.0,98.78,763.0,92.0,98.72,589.0,112.0,98.66,265.0,83.0,98.61,1885.0,40.0,98.555,114.0,NaN,98.49,16.0,NaN,98.445,3.0,NaN,98.395,2.0,NaN,98.35,NaN,NaN,98.315,16.0,NaN,98.275,NaN,NaN,98.235,NaN,NaN,98.2,NaN,NaN,98.165,NaN,NaN,98.13,NaN,NaN,98.11,98.08,NaN,NaN,NaN,NaN,NaN,NaN,NaN,NaN,NaN,NaN,NaN,NaN,NaN,NaN,NaN,NaN,NaN,NaN,NaN,NaN,NaN,NaN,NaN,NaN,NaN,NaN,NaN,NaN,NaN,NaN,NaN,NaN,NaN,NaN
2015-02-11,NaN,NaN,NaN,99.88,67094.0,695.0,99.875,77983.0,3395.0,99.87,77123.0,2137.0,99.85,85378.0,11997.0,99.81,57525.0,2688.0,99.745,90627.0,6365.0,99.69,48679.0,4353.0,99.64,36124.0,2652.0,99.56,29042.0,4625.0,99.495,31366.0,1338.0,99.435,22684.0,1992.0,99.345,21959.0,1506.0,99.27,10978.0,507.0,99.205,4852.0,208.0,99.135,6845.0,356.0,99.05,6791.0,427.0,98.99,749.0,92.0,98.925,806.0,88.0,98.84,1434.0,80.0,98.785,758.0,61.0,98.725,592.0,7.0,98.665,259.0,10.0,98.615,1888.0,5.0,98.56,112.0,2.0,98.495,16.0,NaN,98.45,3.0,2.0,98.4,2.0,NaN,98.355,NaN,NaN,98.32,16.0,NaN,98.28,NaN,NaN,98.24,NaN,NaN,98.21,NaN,NaN,98.18,NaN,NaN,98.145,NaN,NaN,98.125,98.095,NaN,NaN,NaN,NaN,NaN,NaN,NaN,NaN,NaN,NaN,NaN,NaN,NaN,NaN,NaN,NaN,NaN,NaN,NaN,NaN,NaN,NaN,NaN,NaN,NaN,NaN,NaN,NaN,NaN,NaN,NaN,NaN,NaN,NaN
2015-02-12,NaN,NaN,NaN,99.88,66756.0,2301.0,99.875,78480.0,1726.0,99.87,76606.0,2828.0,99.855,85242.0,9387.0,99.815,57521.0,4215.0,99.755,94343.0,14778.0,99.705,47445.0,5781.0,99.655,35083.0,3984.0,99.58,29019.0,3477.0,99.515,31053.0,2591.0,99.46,22588.0,1025.0,99.37,21925.0,1144.0,99.3,10915.0,285.0,99.235,4911.0,411.0,99.165,6802.0,381.0,99.08,6789.0,253.0,99.02,750.0,63.0,98.955,811.0,22.0,98.875,1447.0,25.0,98.82,751.0,39.0,98.76,591.0,8.0,98.7,257.0,6.0,98.655,1920.0,39.0,98.6,111.0,1.0,98.535,15.0,1.0,98.49,3.0,NaN,98.44,2.0,NaN,98.395,NaN,NaN,98.36,16.0,NaN,98.32,NaN,NaN,98.28,NaN,NaN,98.25,NaN,NaN,98.22,NaN,NaN,98.185,NaN,NaN,98.165,98.135,NaN,NaN,NaN,NaN,NaN,NaN,NaN,NaN,NaN,NaN,NaN,NaN,NaN,NaN,NaN,NaN,NaN,NaN,NaN,NaN,NaN,NaN,NaN,NaN,NaN,NaN,NaN,NaN,NaN,NaN,NaN,NaN,NaN,NaN
2015-02-13,NaN,NaN,NaN,99.88,66756.0,1.0,99.875,78316.0,1189.0,99.87,76432.0,2775.0,99.86,85820.0,2286.0,99.82,57785.0,1178.0,99.76,93549.0,2930.0,99.71,47775.0,4187.0,99.66,34961.0,868.0,99.585,28491.0,3084.0,99.52,30940.0,1373.0,99.46,22583.0,1484.0,99.375,22197.0,1179.0,99.3,10920.0,415.0,99.235,4944.0,140.0,99.165,6819.0,163.0,99.08,6755.0,152.0,99.02,756.0,80.0,98.95,872.0,92.0,98.87,1462.0,41.0,98.815,770.0,32.0,98.755,597.0,17.0,98.695,259.0,22.0,98.65,1942.0,46.0,98.595,125.0,15.0,98.53,15.0,NaN,98.485,3.0,NaN,98.435,2.0,NaN,98.39,NaN,NaN,98.355,16.0,NaN,98.315,NaN,NaN,98.275,NaN,NaN,98.24,NaN,NaN,98.21,NaN,NaN,98.17,NaN,NaN,98.145,98.115,NaN,NaN,NaN,NaN,NaN,NaN,NaN,NaN,NaN,NaN,NaN,NaN,NaN,NaN,NaN,NaN,NaN,NaN,NaN,NaN,NaN,NaN,NaN,NaN,NaN,NaN,NaN,NaN,NaN,NaN,NaN,NaN,NaN,NaN
2015-02-17,NaN,NaN,NaN,99.88,67062.0,1295.0,99.875,77747.0,2431.0,99.87,75830.0,3067.0,99.86,86098.0,2690.0,99.815,57172.0,5263.0,99.75,92837.0,4498.0,99.695,49329.0,10018.0,99.64,34325.0,3318.0,99.56,27891.0,5722.0,99.495,30856.0,4653.0,99.435,22027.0,2394.0,99.345,21848.0,2501.0,99.265,11112.0,1730.0,99.2,5072.0,723.0,99.125,6688.0,979.0,99.035,6766.0,486.0,98.975,757.0,138.0,98.905,956.0,197.0,98.82,1377.0,155.0,98.76,757.0,95.0,98.7,592.0,45.0,98.635,345.0,208.0,98.585,2075.0,843.0,98.525,133.0,40.0,98.45,7.0,8.0,98.405,3.0,NaN,98.345,2.0,NaN,98.29,NaN,NaN,98.255,16.0,NaN,98.21,NaN,NaN,98.16,NaN,NaN,98.125,NaN,NaN,98.095,NaN,NaN,98.05,NaN,NaN,98.02,97.985,NaN,NaN,NaN,NaN,NaN,NaN,NaN,NaN,NaN,NaN,NaN,NaN,NaN,NaN,NaN,NaN,NaN,NaN,NaN,NaN,NaN,NaN,NaN,NaN,NaN,NaN,NaN,NaN,NaN,NaN,NaN,NaN,NaN,NaN
2015-02-18,NaN,NaN,NaN,99.88,66960.0,935.0,99.875,78257.0,1739.0,99.87,75201.0,2685.0,99.865,87940.0,4547.0,99.83,57103.0,4108.0,99.775,95903.0,9679.0,99.73,48605.0,3760.0,99.685,34400.0,2430.0,99.615,27321.0,3773.0,99.555,30692.0,2899.0,99.5,22859.0,1867.0,99.415,21823.0,1129.0,99.34,11090.0,610.0,99.275,5142.0,523.0,99.2,6533.0,782.0,99.115,6643.0,250.0,99.055,780.0,140.0,98.985,985.0,169.0,98.9,1276.0,144.0,98.845,759.0,52.0,98.785,597.0,34.0,98.72,292.0,168.0,98.67,1973.0,176.0,98.61,134.0,1.0,98.535,5.0,2.0,98.49,3.0,1.0,98.43,2.0,NaN,98.375,NaN,NaN,98.34,16.0,NaN,98.3,NaN,NaN,98.25,NaN,NaN,98.215,NaN,NaN,98.185,NaN,NaN,98.14,NaN,NaN,98.115,98.08,NaN,NaN,NaN,NaN,NaN,NaN,NaN,NaN,NaN,NaN,NaN,NaN,NaN,NaN,NaN,NaN,NaN,NaN,NaN,NaN,NaN,NaN,NaN,NaN,NaN,NaN,NaN,NaN,NaN,NaN,NaN,NaN,NaN,NaN
2015-02-19,NaN,NaN,NaN,99.88,67661.0,1389.0,99.875,78380.0,407.0,99.87,74746.0,1691.0,99.865,86049.0,5809.0,99.83,57474.0,3042.0,99.78,94716.0,13362.0,99.73,47466.0,2954.0,99.685,34466.0,1801.0,99.61,27569.0,2630.0,99.545,30625.0,1164.0,99.49,22669.0,1401.0,99.4,21505.0,1278.0,99.325,11053.0,810.0,99.26,5006.0,551.0,99.185,6535.0,625.0,99.1,6651.0,218.0,99.04,818.0,156.0,98.97,991.0,71.0,98.885,1282.0,48.0,98.83,768.0,38.0,98.765,611.0,21.0,98.695,312.0,44.0,98.64,1977.0,22.0,98.58,134.0,NaN,98.505,5.0,NaN,98.46,3.0,NaN,98.4,2.0,NaN,98.345,NaN,NaN,98.31,16.0,NaN,98.265,NaN,NaN,98.215,NaN,NaN,98.18,NaN,NaN,98.14,NaN,NaN,98.095,NaN,NaN,98.07,98.035,NaN,NaN,NaN,NaN,NaN,NaN,NaN,NaN,NaN,NaN,NaN,NaN,NaN,NaN,NaN,NaN,NaN,NaN,NaN,NaN,NaN,NaN,NaN,NaN,NaN,NaN,NaN,NaN,NaN,NaN,NaN,NaN,NaN,NaN
2015-02-20,NaN,NaN,NaN,99.8825,69268.0,4341.0,99.875,78378.0,615.0,99.87,74630.0,913.0,99.865,86217.0,3558.0,99.83,57258.0,3422.0,99.775,94219.0,9370.0,99.725,47872.0,8153.0,99.68,33538.0,3489.0,99.6,28849.0,8204.0,99.535,30616.0,3459.0,99.475,22543.0,2825.0,99.385,21426.0,1544.0,99.305,10844.0,1201.0,99.24,5405.0,967.0,99.165,6749.0,792.0,99.08,6790.0,533.0,99.02,771.0,161.0,98.95,913.0,120.0,98.86,1359.0,116.0,98.805,882.0,146.0,98.74,646.0,49.0,98.665,313.0,22.0,98.61,1974.0,20.0,98.55,134.0,NaN,98.47,5.0,NaN,98.425,3.0,1.0,98.365,2.0,NaN,98.305,NaN,NaN,98.265,16.0,NaN,98.22,NaN,NaN,98.17,NaN,NaN,98.135,NaN,NaN,98.095,NaN,NaN,98.05,NaN,NaN,98.025,97.98,NaN,NaN,NaN,NaN,NaN,NaN,NaN,NaN,NaN,NaN,NaN,NaN,NaN,NaN,NaN,NaN,NaN,NaN,NaN,NaN,NaN,NaN,NaN,NaN,NaN,NaN,NaN,NaN,NaN,NaN,NaN,NaN,NaN,NaN
2015-02-23,NaN,NaN,NaN,99.8825,69298.0,72.0,99.875,78382.0,680.0,99.87,80382.0,7275.0,99.865,91745.0,9185.0,99.83,57175.0,3381.0,99.775,95374.0,9703.0,99.73,48731.0,2346.0,99.685,33788.0,1426.0,99.61,29099.0,1236.0,99.545,29843.0,1297.0,99.49,22602.0,996.0,99.4,21549.0,870.0,99.325,10890.0,317.0,99.26,5248.0,384.0,99.19,6749.0,341.0,99.105,6868.0,161.0,99.045,765.0,57.0,98.975,877.0,59.0,98.885,1385.0,50.0,98.83,914.0,44.0,98.765,690.0,51.0,98.69,311.0,17.0,98.64,1975.0,30.0,98.58,138.0,15.0,98.5,31.0,31.0,98.455,3.0,NaN,98.395,2.0,NaN,98.34,NaN,NaN,98.3,16.0,NaN,98.26,NaN,NaN,98.215,NaN,NaN,98.185,NaN,NaN,98.145,NaN,NaN,98.105,NaN,NaN,98.08,98.04,NaN,NaN,NaN,NaN,NaN,NaN,NaN,NaN,NaN,NaN,NaN,NaN,NaN,NaN,NaN,NaN,NaN,NaN,NaN,NaN,NaN,NaN,NaN,NaN,NaN,NaN,NaN,NaN,NaN,NaN,NaN,NaN,NaN,NaN
2015-02-24,NaN,NaN,NaN,99.885,69418.0,1824.0,99.88,78325.0,2554.0,99.87,78747.0,13010.0,99.865,94346.0,17290.0,99.84,59213.0,10370.0,99.8,92785.0,17604.0,99.755,49523.0,11092.0,99.715,34093.0,9447.0,99.645,30399.0,7467.0,99.585,29389.0,9063.0,99.535,23050.0,3838.0,99.46,22101.0,3007.0,99.385,11265.0,1566.0,99.325,5241.0,608.0,99.255,6812.0,623.0,99.175,6859.0,173.0,99.115,783.0,163.0,99.05,832.0,97.0,98.965,1417.0,96.0,98.91,912.0,16.0,98.845,721.0,38.0,98.785,311.0,6.0,98.735,1979.0,12.0,98.675,138.0,NaN,98.595,31.0,NaN,98.555,3.0,1.0,98.5,2.0,NaN,98.45,NaN,NaN,98.41,16.0,NaN,98.37,NaN,NaN,98.325,NaN,NaN,98.295,NaN,NaN,98.255,NaN,NaN,98.215,NaN,NaN,98.19,98.15,NaN,NaN,NaN,NaN,NaN,NaN,NaN,NaN,NaN,NaN,NaN,NaN,NaN,NaN,NaN,NaN,NaN,NaN,NaN,NaN,NaN,NaN,NaN,NaN,NaN,NaN,NaN,NaN,NaN,NaN,NaN,NaN,NaN,NaN
2015-02-25,NaN,NaN,NaN,99.885,69211.0,824.0,99.88,77929.0,3043.0,99.87,75693.0,8029.0,99.865,94670.0,11278.0,99.84,60374.0,4232.0,99.8,93268.0,5710.0,99.755,49428.0,4457.0,99.71,34472.0,2266.0,99.635,33752.0,8945.0,99.58,29654.0,4300.0,99.525,23245.0,1857.0,99.445,22964.0,3292.0,99.375,11948.0,1930.0,99.315,5321.0,396.0,99.245,6928.0,317.0,99.165,6897.0,115.0,99.105,765.0,49.0,99.04,819.0,65.0,98.955,1376.0,67.0,98.9,907.0,11.0,98.835,719.0,2.0,98.775,311.0,17.0,98.725,1976.0,6.0,98.665,138.0,4.0,98.585,31.0,NaN,98.545,3.0,1.0,98.49,2.0,NaN,98.44,NaN,NaN,98.4,16.0,NaN,98.36,NaN,NaN,98.315,NaN,NaN,98.285,NaN,NaN,98.25,NaN,NaN,98.215,NaN,NaN,98.19,98.15,NaN,NaN,NaN,NaN,NaN,NaN,NaN,NaN,NaN,NaN,NaN,NaN,NaN,NaN,NaN,NaN,NaN,NaN,NaN,NaN,NaN,NaN,NaN,NaN,NaN,NaN,NaN,NaN,NaN,NaN,NaN,NaN,NaN,NaN
2015-02-26,NaN,NaN,NaN,99.885,69211.0,NaN,99.88,77814.0,578.0,99.87,75011.0,1171.0,99.865,96667.0,10759.0,99.835,59629.0,6547.0,99.79,94060.0,10530.0,99.74,48380.0,8777.0,99.695,33922.0,4420.0,99.62,39600.0,13006.0,99.555,31101.0,8716.0,99.5,23893.0,3859.0,99.415,23542.0,8193.0,99.34,12925.0,2345.0,99.28,5242.0,227.0,99.21,6917.0,445.0,99.125,6873.0,309.0,99.065,803.0,143.0,99.0,817.0,52.0,98.915,1362.0,63.0,98.86,906.0,18.0,98.795,717.0,12.0,98.73,311.0,5.0,98.675,1991.0,24.0,98.615,138.0,1.0,98.535,31.0,NaN,98.495,3.0,NaN,98.44,2.0,NaN,98.39,NaN,NaN,98.35,16.0,NaN,98.31,NaN,NaN,98.265,NaN,NaN,98.235,NaN,NaN,98.2,NaN,NaN,98.165,NaN,NaN,98.14,98.1,NaN,NaN,NaN,NaN,NaN,NaN,NaN,NaN,NaN,NaN,NaN,NaN,NaN,NaN,NaN,NaN,NaN,NaN,NaN,NaN,NaN,NaN,NaN,NaN,NaN,NaN,NaN,NaN,NaN,NaN,NaN,NaN,NaN,NaN
2015-02-27,NaN,NaN,NaN,99.8875,69519.0,9705.0,99.88,78015.0,1567.0,99.87,74867.0,253.0,99.865,97617.0,3598.0,99.835,59546.0,5150.0,99.79,94205.0,5708.0,99.745,50374.0,6747.0,99.7,34236.0,2790.0,99.625,39889.0,5754.0,99.565,31522.0,3097.0,99.51,24847.0,3001.0,99.425,24886.0,3238.0,99.355,12956.0,530.0,99.295,5287.0,536.0,99.225,6674.0,608.0,99.145,6857.0,635.0,99.085,777.0,124.0,99.02,852.0,91.0,98.935,1323.0,103.0,98.88,920.0,29.0,98.815,716.0,22.0,98.75,321.0,30.0,98.7,2003.0,29.0,98.64,151.0,13.0,98.56,41.0,10.0,98.52,3.0,NaN,98.465,2.0,NaN,98.415,NaN,NaN,98.375,16.0,NaN,98.335,NaN,NaN,98.29,NaN,NaN,98.26,NaN,NaN,98.225,NaN,NaN,98.19,NaN,NaN,98.165,98.125,98.08,NaN,NaN,NaN,NaN,NaN,NaN,NaN,NaN,NaN,NaN,NaN,NaN,NaN,NaN,NaN,NaN,NaN,NaN,NaN,NaN,NaN,NaN,NaN,NaN,NaN,NaN,NaN,NaN,NaN,NaN,NaN,NaN,NaN
2015-03-02,NaN,NaN,NaN,NaN,NaN,NaN,99.8825,77466.0,1531.0,99.875,74771.0,3507.0,99.865,97838.0,3679.0,99.835,59957.0,1535.0,99.79,96726.0,9830.0,99.74,52366.0,7971.0,99.69,34267.0,2153.0,99.61,42004.0,5056.0,99.545,31357.0,1695.0,99.49,24974.0,2311.0,99.4,25634.0,2613.0,99.325,13318.0,1204.0,99.265,5247.0,336.0,99.195,6636.0,277.0,99.11,6885.0,137.0,99.045,774.0,181.0,98.975,852.0,61.0,98.89,1268.0,82.0,98.835,930.0,26.0,98.77,718.0,13.0,98.695,308.0,56.0,98.645,2006.0,4.0,98.585,151.0,1.0,98.505,41.0,NaN,98.455,3.0,NaN,98.4,2.0,NaN,98.345,NaN,NaN,98.305,16.0,NaN,98.265,NaN,NaN,98.22,NaN,NaN,98.19,NaN,NaN,98.15,NaN,NaN,98.11,NaN,NaN,98.08,98.04,97.995,NaN,NaN,NaN,NaN,NaN,NaN,NaN,NaN,NaN,NaN,NaN,NaN,NaN,NaN,NaN,NaN,NaN,NaN,NaN,NaN,NaN,NaN,NaN,NaN,NaN,NaN,NaN,NaN,NaN,NaN,NaN,NaN,NaN
2015-03-03,NaN,NaN,NaN,NaN,NaN,NaN,99.8825,77713.0,1470.0,99.875,74281.0,615.0,99.865,97830.0,422.0,99.835,60498.0,1689.0,99.785,99239.0,6138.0,99.735,52418.0,2997.0,99.685,33884.0,2872.0,99.605,41807.0,3179.0,99.54,31405.0,3543.0,99.48,24946.0,1499.0,99.395,26044.0,1885.0,99.315,13532.0,636.0,99.255,5240.0,153.0,99.185,6568.0,289.0,99.095,6815.0,124.0,99.03,808.0,158.0,98.96,848.0,84.0,98.87,1102.0,239.0,98.815,934.0,24.0,98.745,720.0,13.0,98.67,308.0,10.0,98.62,2003.0,15.0,98.555,151.0,NaN,98.475,41.0,NaN,98.425,3.0,NaN,98.37,2.0,NaN,98.315,NaN,NaN,98.275,16.0,NaN,98.23,NaN,NaN,98.18,NaN,NaN,98.145,NaN,NaN,98.105,NaN,NaN,98.065,NaN,NaN,98.035,97.995,97.95,NaN,NaN,NaN,NaN,NaN,NaN,NaN,NaN,NaN,NaN,NaN,NaN,NaN,NaN,NaN,NaN,NaN,NaN,NaN,NaN,NaN,NaN,NaN,NaN,NaN,NaN,NaN,NaN,NaN,NaN,NaN,NaN,NaN
2015-03-04,NaN,NaN,NaN,NaN,NaN,NaN,99.8825,77545.0,248.0,99.875,74295.0,503.0,99.865,98505.0,5137.0,99.835,61263.0,5850.0,99.785,100963.0,7949.0,99.735,52547.0,2936.0,99.69,34796.0,2433.0,99.61,43071.0,2869.0,99.55,31514.0,1152.0,99.495,25274.0,1514.0,99.41,26050.0,959.0,99.33,13313.0,776.0,99.27,5151.0,257.0,99.2,6978.0,629.0,99.105,6849.0,456.0,99.04,911.0,188.0,98.97,900.0,77.0,98.88,1094.0,293.0,98.825,932.0,13.0,98.755,724.0,24.0,98.68,305.0,16.0,98.63,2001.0,2.0,98.565,151.0,NaN,98.485,41.0,NaN,98.435,3.0,NaN,98.385,2.0,NaN,98.33,NaN,NaN,98.29,16.0,NaN,98.245,NaN,NaN,98.195,NaN,NaN,98.16,NaN,NaN,98.12,NaN,NaN,98.08,NaN,NaN,98.05,98.01,97.965,NaN,NaN,NaN,NaN,NaN,NaN,NaN,NaN,NaN,NaN,NaN,NaN,NaN,NaN,NaN,NaN,NaN,NaN,NaN,NaN,NaN,NaN,NaN,NaN,NaN,NaN,NaN,NaN,NaN,NaN,NaN,NaN,NaN
2015-03-05,NaN,NaN,NaN,NaN,NaN,NaN,99.8825,77433.0,60.0,99.875,73948.0,791.0,99.865,98364.0,3868.0,99.835,60079.0,2611.0,99.785,103668.0,7677.0,99.74,54470.0,6260.0,99.695,35158.0,3095.0,99.62,43115.0,2255.0,99.56,31518.0,3879.0,99.505,25484.0,2203.0,99.42,26178.0,2661.0,99.35,13526.0,1267.0,99.29,5343.0,673.0,99.22,7291.0,953.0,99.13,7189.0,1025.0,99.065,914.0,222.0,98.995,951.0,137.0,98.91,1133.0,106.0,98.855,937.0,28.0,98.785,762.0,54.0,98.715,343.0,46.0,98.665,1993.0,26.0,98.6,163.0,12.0,98.52,52.0,11.0,98.47,32.0,32.0,98.42,11.0,9.0,98.365,NaN,NaN,98.325,16.0,NaN,98.28,NaN,NaN,98.23,NaN,NaN,98.195,NaN,NaN,98.155,NaN,NaN,98.11,NaN,NaN,98.08,98.04,97.995,NaN,NaN,NaN,NaN,NaN,NaN,NaN,NaN,NaN,NaN,NaN,NaN,NaN,NaN,NaN,NaN,NaN,NaN,NaN,NaN,NaN,NaN,NaN,NaN,NaN,NaN,NaN,NaN,NaN,NaN,NaN,NaN,NaN
2015-03-06,NaN,NaN,NaN,NaN,NaN,NaN,99.8825,75770.0,2657.0,99.875,73933.0,7222.0,99.865,100718.0,25516.0,99.825,59747.0,16051.0,99.76,116345.0,35184.0,99.71,64623.0,26272.0,99.65,36464.0,16324.0,99.565,41392.0,11517.0,99.49,32267.0,13425.0,99.425,24707.0,6373.0,99.335,26525.0,4586.0,99.255,13760.0,2527.0,99.195,5098.0,1231.0,99.12,7311.0,1066.0,99.025,7034.0,360.0,98.96,917.0,292.0,98.89,938.0,70.0,98.8,1192.0,127.0,98.74,948.0,154.0,98.67,820.0,92.0,98.6,325.0,55.0,98.545,2000.0,25.0,98.48,163.0,NaN,98.4,52.0,NaN,98.345,32.0,NaN,98.295,11.0,NaN,98.23,NaN,NaN,98.19,16.0,NaN,98.145,NaN,NaN,98.095,NaN,NaN,98.055,NaN,NaN,98.015,NaN,NaN,97.965,NaN,NaN,97.935,97.89,97.845,NaN,NaN,NaN,NaN,NaN,NaN,NaN,NaN,NaN,NaN,NaN,NaN,NaN,NaN,NaN,NaN,NaN,NaN,NaN,NaN,NaN,NaN,NaN,NaN,NaN,NaN,NaN,NaN,NaN,NaN,NaN,NaN,NaN
2015-03-09,NaN,NaN,NaN,NaN,NaN,NaN,99.8825,77685.0,4835.0,99.875,77760.0,14184.0,99.865,106155.0,15445.0,99.825,59519.0,4722.0,99.765,124727.0,16547.0,99.715,63836.0,7457.0,99.66,36032.0,4087.0,99.575,40663.0,3736.0,99.505,32854.0,2126.0,99.445,24813.0,1885.0,99.355,26860.0,2542.0,99.275,14206.0,1120.0,99.215,5089.0,287.0,99.14,7354.0,274.0,99.05,7063.0,288.0,98.985,1045.0,315.0,98.915,940.0,52.0,98.825,1191.0,133.0,98.765,947.0,23.0,98.695,818.0,15.0,98.625,327.0,6.0,98.57,2000.0,2.0,98.505,163.0,NaN,98.425,52.0,NaN,98.37,58.0,26.0,98.32,11.0,NaN,98.255,NaN,NaN,98.215,16.0,NaN,98.17,NaN,NaN,98.12,NaN,NaN,98.08,NaN,NaN,98.045,NaN,NaN,98.0,NaN,NaN,97.97,97.925,97.885,NaN,NaN,NaN,NaN,NaN,NaN,NaN,NaN,NaN,NaN,NaN,NaN,NaN,NaN,NaN,NaN,NaN,NaN,NaN,NaN,NaN,NaN,NaN,NaN,NaN,NaN,NaN,NaN,NaN,NaN,NaN,NaN,NaN
2015-03-10,NaN,NaN,NaN,NaN,NaN,NaN,99.88,77953.0,2013.0,99.87,79272.0,3093.0,99.865,105189.0,6326.0,99.825,56864.0,7399.0,99.77,127645.0,25761.0,99.72,66441.0,10154.0,99.665,37605.0,6018.0,99.58,41230.0,4888.0,99.515,35272.0,5335.0,99.455,25241.0,4506.0,99.37,25580.0,3685.0,99.29,16288.0,5137.0,99.23,6392.0,1761.0,99.155,7888.0,1230.0,99.065,6996.0,304.0,99.005,1156.0,182.0,98.935,934.0,47.0,98.845,1195.0,98.0,98.785,943.0,45.0,98.715,818.0,7.0,98.645,313.0,37.0,98.59,2001.0,6.0,98.525,168.0,6.0,98.445,52.0,NaN,98.39,58.0,NaN,98.34,11.0,NaN,98.275,NaN,NaN,98.235,16.0,NaN,98.195,NaN,NaN,98.145,NaN,NaN,98.11,NaN,NaN,98.075,NaN,NaN,98.03,NaN,NaN,98.0,97.96,97.92,NaN,NaN,NaN,NaN,NaN,NaN,NaN,NaN,NaN,NaN,NaN,NaN,NaN,NaN,NaN,NaN,NaN,NaN,NaN,NaN,NaN,NaN,NaN,NaN,NaN,NaN,NaN,NaN,NaN,NaN,NaN,NaN,NaN
2015-03-11,NaN,NaN,NaN,NaN,NaN,NaN,99.88,76974.0,3905.0,99.87,79936.0,4933.0,99.865,104774.0,9718.0,99.825,58818.0,8153.0,99.77,126382.0,20877.0,99.72,71936.0,15481.0,99.665,35828.0,6501.0,99.58,40795.0,4327.0,99.515,35339.0,1755.0,99.455,25067.0,1445.0,99.37,27185.0,3785.0,99.29,16419.0,757.0,99.23,6406.0,227.0,99.155,7952.0,314.0,99.065,7007.0,157.0,99.005,1186.0,131.0,98.935,1006.0,161.0,98.845,1233.0,152.0,98.785,871.0,132.0,98.715,819.0,7.0,98.645,276.0,45.0,98.59,1998.0,6.0,98.515,168.0,NaN,98.435,52.0,NaN,98.385,58.0,NaN,98.335,11.0,NaN,98.27,NaN,NaN,98.23,16.0,NaN,98.19,NaN,NaN,98.14,NaN,NaN,98.105,NaN,NaN,98.07,NaN,NaN,98.025,NaN,NaN,97.995,97.955,97.92,NaN,NaN,NaN,NaN,NaN,NaN,NaN,NaN,NaN,NaN,NaN,NaN,NaN,NaN,NaN,NaN,NaN,NaN,NaN,NaN,NaN,NaN,NaN,NaN,NaN,NaN,NaN,NaN,NaN,NaN,NaN,NaN,NaN
2015-03-12,NaN,NaN,NaN,NaN,NaN,NaN,99.88,77456.0,4595.0,99.87,77254.0,11562.0,99.865,105444.0,8956.0,99.83,59254.0,7856.0,99.775,124444.0,12114.0,99.73,74348.0,8816.0,99.68,36027.0,3233.0,99.6,40501.0,7129.0,99.54,36245.0,5940.0,99.485,26447.0,3825.0,99.4,28419.0,3410.0,99.325,16264.0,2368.0,99.265,6572.0,832.0,99.195,7860.0,680.0,99.105,7045.0,357.0,99.045,1190.0,57.0,98.975,1010.0,111.0,98.885,1248.0,91.0,98.825,857.0,33.0,98.755,910.0,104.0,98.685,274.0,20.0,98.63,1998.0,3.0,98.555,169.0,1.0,98.485,52.0,1.0,98.435,58.0,NaN,98.385,11.0,NaN,98.32,NaN,NaN,98.28,16.0,NaN,98.24,NaN,NaN,98.19,NaN,NaN,98.155,NaN,NaN,98.12,NaN,NaN,98.075,NaN,NaN,98.045,98.005,97.97,NaN,NaN,NaN,NaN,NaN,NaN,NaN,NaN,NaN,NaN,NaN,NaN,NaN,NaN,NaN,NaN,NaN,NaN,NaN,NaN,NaN,NaN,NaN,NaN,NaN,NaN,NaN,NaN,NaN,NaN,NaN,NaN,NaN
2015-03-13,NaN,NaN,NaN,NaN,NaN,NaN,99.88,77498.0,1990.0,99.87,78131.0,4360.0,99.865,106985.0,8586.0,99.83,60746.0,6840.0,99.775,123643.0,4100.0,99.73,75876.0,5299.0,99.68,38493.0,4623.0,99.6,41730.0,4311.0,99.54,36815.0,5037.0,99.485,27708.0,4224.0,99.405,29315.0,2059.0,99.33,16177.0,1012.0,99.27,6331.0,992.0,99.2,7752.0,657.0,99.11,6991.0,496.0,99.05,1150.0,132.0,98.98,1011.0,63.0,98.89,1246.0,41.0,98.83,860.0,21.0,98.76,904.0,7.0,98.69,280.0,6.0,98.635,1999.0,19.0,98.56,169.0,NaN,98.49,52.0,NaN,98.44,58.0,NaN,98.39,11.0,NaN,98.325,NaN,NaN,98.285,16.0,NaN,98.245,NaN,NaN,98.195,NaN,NaN,98.16,NaN,NaN,98.125,NaN,NaN,98.08,NaN,NaN,98.045,98.005,97.97,NaN,NaN,NaN,NaN,NaN,NaN,NaN,NaN,NaN,NaN,NaN,NaN,NaN,NaN,NaN,NaN,NaN,NaN,NaN,NaN,NaN,NaN,NaN,NaN,NaN,NaN,NaN,NaN,NaN,NaN,NaN,NaN,NaN
2015-03-16,NaN,NaN,NaN,NaN,NaN,NaN,99.88,78905.0,2571.0,99.865,79252.0,4930.0,99.865,115111.0,12993.0,99.83,60425.0,4123.0,99.78,127469.0,9267.0,99.735,76397.0,5831.0,99.685,37986.0,2478.0,99.605,42344.0,4113.0,99.545,36696.0,3669.0,99.495,28649.0,2482.0,99.415,29636.0,3027.0,99.345,16409.0,2669.0,99.285,6206.0,322.0,99.22,7826.0,317.0,99.13,6986.0,321.0,99.07,1136.0,85.0,99.0,1050.0,88.0,98.91,1246.0,61.0,98.85,867.0,61.0,98.78,913.0,13.0,98.71,283.0,20.0,98.655,2008.0,11.0,98.58,169.0,NaN,98.51,52.0,NaN,98.46,58.0,NaN,98.41,11.0,NaN,98.345,NaN,NaN,98.305,16.0,NaN,98.265,NaN,NaN,98.215,NaN,NaN,98.18,NaN,NaN,98.145,NaN,NaN,98.1,NaN,NaN,98.065,98.025,97.99,NaN,NaN,NaN,NaN,NaN,NaN,NaN,NaN,NaN,NaN,NaN,NaN,NaN,NaN,NaN,NaN,NaN,NaN,NaN,NaN,NaN,NaN,NaN,NaN,NaN,NaN,NaN,NaN,NaN,NaN,NaN,NaN,NaN
2015-03-17,NaN,NaN,NaN,NaN,NaN,NaN,99.88,78223.0,3713.0,99.865,76526.0,10035.0,99.865,117169.0,5008.0,99.83,62809.0,4772.0,99.78,127430.0,10723.0,99.73,76516.0,9236.0,99.675,37916.0,3167.0,99.595,42068.0,3628.0,99.535,37621.0,4737.0,99.485,30502.0,5147.0,99.405,30209.0,2786.0,99.335,16410.0,2708.0,99.275,5983.0,716.0,99.21,7698.0,857.0,99.12,6875.0,385.0,99.06,1228.0,193.0,98.99,940.0,180.0,98.9,1217.0,103.0,98.84,893.0,37.0,98.77,952.0,55.0,98.7,329.0,71.0,98.645,2008.0,27.0,98.57,169.0,NaN,98.5,52.0,NaN,98.455,58.0,NaN,98.41,15.0,4.0,98.345,NaN,NaN,98.305,16.0,NaN,98.265,NaN,NaN,98.225,NaN,NaN,98.19,NaN,NaN,98.155,NaN,NaN,98.115,NaN,NaN,98.085,98.045,98.01,NaN,NaN,NaN,NaN,NaN,NaN,NaN,NaN,NaN,NaN,NaN,NaN,NaN,NaN,NaN,NaN,NaN,NaN,NaN,NaN,NaN,NaN,NaN,NaN,NaN,NaN,NaN,NaN,NaN,NaN,NaN,NaN,NaN
2015-03-18,NaN,NaN,NaN,NaN,NaN,NaN,99.8825,77997.0,1534.0,99.87,75974.0,8611.0,99.87,120254.0,17049.0,99.85,61110.0,13491.0,99.82,125504.0,29410.0,99.785,76622.0,12246.0,99.74,39838.0,7200.0,99.67,41852.0,12407.0,99.615,40012.0,9056.0,99.57,33170.0,9626.0,99.5,30726.0,6598.0,99.44,16442.0,2971.0,99.39,5897.0,625.0,99.325,7616.0,1387.0,99.25,6859.0,239.0,99.195,1232.0,145.0,99.13,963.0,156.0,99.055,1222.0,103.0,99.0,866.0,208.0,98.935,967.0,35.0,98.87,343.0,36.0,98.82,2020.0,92.0,98.755,169.0,NaN,98.685,52.0,2.0,98.64,58.0,NaN,98.595,18.0,3.0,98.535,NaN,NaN,98.495,16.0,NaN,98.455,NaN,NaN,98.415,NaN,NaN,98.38,NaN,NaN,98.345,NaN,NaN,98.305,NaN,NaN,98.275,98.235,98.2,NaN,NaN,NaN,NaN,NaN,NaN,NaN,NaN,NaN,NaN,NaN,NaN,NaN,NaN,NaN,NaN,NaN,NaN,NaN,NaN,NaN,NaN,NaN,NaN,NaN,NaN,NaN,NaN,NaN,NaN,NaN,NaN,NaN
2015-03-19,NaN,NaN,NaN,NaN,NaN,NaN,99.8825,79293.0,1783.0,99.87,72978.0,8911.0,99.87,113835.0,26020.0,99.85,60469.0,11612.0,99.81,117589.0,50939.0,99.77,82942.0,18735.0,99.715,37705.0,7723.0,99.645,39750.0,9307.0,99.585,42090.0,8599.0,99.535,33186.0,6042.0,99.46,30189.0,7021.0,99.395,16368.0,3464.0,99.345,5774.0,886.0,99.28,7517.0,1760.0,99.205,6981.0,464.0,99.145,1206.0,201.0,99.08,975.0,140.0,99.005,1392.0,409.0,98.95,914.0,60.0,98.885,994.0,59.0,98.82,348.0,87.0,98.77,2024.0,13.0,98.705,169.0,NaN,98.635,53.0,1.0,98.59,58.0,1.0,98.545,34.0,53.0,98.485,24.0,24.0,98.445,16.0,NaN,98.405,NaN,NaN,98.365,NaN,NaN,98.33,NaN,NaN,98.295,NaN,NaN,98.255,NaN,NaN,98.225,98.185,98.15,NaN,NaN,NaN,NaN,NaN,NaN,NaN,NaN,NaN,NaN,NaN,NaN,NaN,NaN,NaN,NaN,NaN,NaN,NaN,NaN,NaN,NaN,NaN,NaN,NaN,NaN,NaN,NaN,NaN,NaN,NaN,NaN,NaN
2015-03-20,NaN,NaN,NaN,NaN,NaN,NaN,99.8825,78691.0,1471.0,99.87,72893.0,108.0,99.87,114706.0,4204.0,99.85,62283.0,5532.0,99.815,118053.0,4593.0,99.775,81310.0,5975.0,99.72,38186.0,1991.0,99.65,39956.0,3110.0,99.595,43263.0,4404.0,99.545,32800.0,1231.0,99.475,30092.0,3623.0,99.415,16570.0,1088.0,99.365,5841.0,535.0,99.3,7323.0,850.0,99.23,7020.0,611.0,99.175,1137.0,172.0,99.115,962.0,120.0,99.045,1405.0,130.0,98.99,927.0,18.0,98.93,1009.0,30.0,98.87,365.0,42.0,98.825,2069.0,99.0,98.765,169.0,NaN,98.7,53.0,NaN,98.655,58.0,NaN,98.615,34.0,NaN,98.555,24.0,NaN,98.52,16.0,NaN,98.48,NaN,NaN,98.44,NaN,NaN,98.405,NaN,NaN,98.37,NaN,NaN,98.33,NaN,NaN,98.3,98.26,98.225,NaN,NaN,NaN,NaN,NaN,NaN,NaN,NaN,NaN,NaN,NaN,NaN,NaN,NaN,NaN,NaN,NaN,NaN,NaN,NaN,NaN,NaN,NaN,NaN,NaN,NaN,NaN,NaN,NaN,NaN,NaN,NaN,NaN
2015-03-23,NaN,NaN,NaN,NaN,NaN,NaN,99.885,78811.0,429.0,99.87,71023.0,4534.0,99.87,110016.0,10978.0,99.85,62646.0,1980.0,99.815,119071.0,7379.0,99.775,81430.0,2330.0,99.72,38380.0,1654.0,99.65,39681.0,2524.0,99.595,43240.0,1327.0,99.545,32892.0,1239.0,99.475,28852.0,2690.0,99.415,16661.0,909.0,99.365,5876.0,372.0,99.3,7308.0,567.0,99.23,7037.0,574.0,99.175,1095.0,188.0,99.115,972.0,46.0,99.045,1419.0,121.0,98.99,944.0,19.0,98.935,1012.0,15.0,98.875,364.0,28.0,98.83,2069.0,3.0,98.77,169.0,NaN,98.705,53.0,NaN,98.66,58.0,NaN,98.62,34.0,NaN,98.57,24.0,NaN,98.535,16.0,NaN,98.495,NaN,NaN,98.455,NaN,NaN,98.425,NaN,NaN,98.39,NaN,NaN,98.35,NaN,NaN,98.325,98.285,98.255,NaN,NaN,NaN,NaN,NaN,NaN,NaN,NaN,NaN,NaN,NaN,NaN,NaN,NaN,NaN,NaN,NaN,NaN,NaN,NaN,NaN,NaN,NaN,NaN,NaN,NaN,NaN,NaN,NaN,NaN,NaN,NaN,NaN
2015-03-24,NaN,NaN,NaN,NaN,NaN,NaN,99.885,78910.0,113.0,99.875,71475.0,965.0,99.87,109869.0,5727.0,99.855,62420.0,3176.0,99.82,114588.0,13358.0,99.78,80672.0,2999.0,99.735,39733.0,2986.0,99.67,40214.0,7202.0,99.615,43879.0,2875.0,99.57,33887.0,2908.0,99.5,29215.0,1277.0,99.44,16657.0,384.0,99.39,5768.0,341.0,99.33,7293.0,744.0,99.26,6994.0,254.0,99.205,1106.0,269.0,99.145,978.0,23.0,99.075,1430.0,42.0,99.025,937.0,33.0,98.97,1013.0,16.0,98.91,368.0,7.0,98.87,2069.0,NaN,98.81,169.0,NaN,98.745,53.0,NaN,98.705,58.0,NaN,98.665,34.0,NaN,98.615,24.0,NaN,98.58,16.0,NaN,98.54,NaN,NaN,98.5,NaN,NaN,98.47,NaN,NaN,98.435,NaN,NaN,98.395,NaN,NaN,98.37,98.33,98.3,NaN,NaN,NaN,NaN,NaN,NaN,NaN,NaN,NaN,NaN,NaN,NaN,NaN,NaN,NaN,NaN,NaN,NaN,NaN,NaN,NaN,NaN,NaN,NaN,NaN,NaN,NaN,NaN,NaN,NaN,NaN,NaN,NaN
2015-03-25,NaN,NaN,NaN,NaN,NaN,NaN,99.885,78884.0,179.0,99.875,71564.0,447.0,99.875,109356.0,2238.0,99.855,63132.0,3383.0,99.825,115798.0,6703.0,99.785,80810.0,6376.0,99.74,39616.0,3994.0,99.68,40343.0,7513.0,99.625,44122.0,4648.0,99.575,34570.0,3637.0,99.5,29725.0,3322.0,99.44,16640.0,1192.0,99.39,5693.0,688.0,99.33,7249.0,1005.0,99.26,7000.0,463.0,99.205,1294.0,390.0,99.145,990.0,133.0,99.07,2028.0,806.0,99.02,923.0,49.0,98.96,1119.0,113.0,98.9,368.0,53.0,98.86,2070.0,54.0,98.795,169.0,NaN,98.73,52.0,1.0,98.69,58.0,NaN,98.65,36.0,2.0,98.595,24.0,3.0,98.56,8.0,8.0,98.52,NaN,NaN,98.475,NaN,NaN,98.44,NaN,NaN,98.405,NaN,NaN,98.365,NaN,NaN,98.34,98.3,98.27,NaN,NaN,NaN,NaN,NaN,NaN,NaN,NaN,NaN,NaN,NaN,NaN,NaN,NaN,NaN,NaN,NaN,NaN,NaN,NaN,NaN,NaN,NaN,NaN,NaN,NaN,NaN,NaN,NaN,NaN,NaN,NaN,NaN
2015-03-26,NaN,NaN,NaN,NaN,NaN,NaN,99.885,79548.0,1273.0,99.875,71680.0,387.0,99.875,110068.0,2299.0,99.855,62692.0,2872.0,99.825,116417.0,4082.0,99.785,79791.0,5562.0,99.74,40037.0,3897.0,99.68,40443.0,3951.0,99.625,44160.0,3050.0,99.575,35164.0,2421.0,99.5,29453.0,1897.0,99.435,16305.0,1483.0,99.385,5763.0,430.0,99.325,7396.0,557.0,99.245,7092.0,354.0,99.19,1306.0,208.0,99.13,1017.0,100.0,99.045,2065.0,115.0,98.995,980.0,185.0,98.935,1248.0,157.0,98.875,385.0,90.0,98.82,2042.0,279.0,98.755,146.0,74.0,98.69,57.0,14.0,98.65,45.0,31.0,98.6,30.0,6.0,98.545,24.0,NaN,98.51,8.0,NaN,98.47,NaN,NaN,98.425,NaN,NaN,98.39,NaN,NaN,98.355,NaN,NaN,98.315,NaN,NaN,98.28,98.24,98.205,NaN,NaN,NaN,NaN,NaN,NaN,NaN,NaN,NaN,NaN,NaN,NaN,NaN,NaN,NaN,NaN,NaN,NaN,NaN,NaN,NaN,NaN,NaN,NaN,NaN,NaN,NaN,NaN,NaN,NaN,NaN,NaN,NaN
2015-03-27,NaN,NaN,NaN,NaN,NaN,NaN,99.885,79498.0,183.0,99.875,71073.0,1094.0,99.875,110181.0,3796.0,99.86,64538.0,5903.0,99.83,121577.0,15315.0,99.795,82544.0,14100.0,99.755,39740.0,3839.0,99.695,40838.0,7659.0,99.645,44382.0,2177.0,99.6,36328.0,3630.0,99.53,29844.0,1944.0,99.47,16824.0,1463.0,99.42,5854.0,412.0,99.36,7385.0,509.0,99.285,7262.0,800.0,99.235,1333.0,237.0,99.175,1104.0,184.0,99.095,2275.0,293.0,99.045,977.0,20.0,98.985,1369.0,143.0,98.925,438.0,191.0,98.87,2042.0,9.0,98.81,146.0,NaN,98.745,57.0,NaN,98.705,45.0,NaN,98.655,30.0,NaN,98.6,24.0,4.0,98.565,8.0,NaN,98.525,NaN,NaN,98.48,NaN,NaN,98.445,NaN,NaN,98.41,NaN,NaN,98.37,NaN,NaN,98.335,98.295,98.26,NaN,NaN,NaN,NaN,NaN,NaN,NaN,NaN,NaN,NaN,NaN,NaN,NaN,NaN,NaN,NaN,NaN,NaN,NaN,NaN,NaN,NaN,NaN,NaN,NaN,NaN,NaN,NaN,NaN,NaN,NaN,NaN,NaN
2015-03-30,NaN,NaN,NaN,NaN,NaN,NaN,99.885,79447.0,59.0,99.875,70868.0,2753.0,99.875,109906.0,2773.0,99.86,64332.0,960.0,99.835,122441.0,2778.0,99.8,84151.0,5136.0,99.755,39272.0,1170.0,99.695,39920.0,4361.0,99.65,44857.0,2166.0,99.6,39157.0,5026.0,99.53,29979.0,1901.0,99.475,16696.0,1326.0,99.425,5844.0,516.0,99.365,7281.0,586.0,99.29,7180.0,413.0,99.24,1150.0,368.0,99.18,1117.0,43.0,99.1,2288.0,54.0,99.05,1004.0,48.0,98.99,1423.0,60.0,98.93,444.0,26.0,98.875,2072.0,184.0,98.815,146.0,NaN,98.75,57.0,NaN,98.71,49.0,8.0,98.66,30.0,24.0,98.605,11.0,28.0,98.57,8.0,NaN,98.53,NaN,NaN,98.485,NaN,NaN,98.45,NaN,NaN,98.415,NaN,NaN,98.375,NaN,NaN,98.34,98.3,98.265,NaN,NaN,NaN,NaN,NaN,NaN,NaN,NaN,NaN,NaN,NaN,NaN,NaN,NaN,NaN,NaN,NaN,NaN,NaN,NaN,NaN,NaN,NaN,NaN,NaN,NaN,NaN,NaN,NaN,NaN,NaN,NaN,NaN
2015-03-31,NaN,NaN,NaN,NaN,NaN,NaN,99.885,79447.0,9.0,99.875,71478.0,3096.0,99.875,109579.0,3682.0,99.86,65812.0,4091.0,99.835,121213.0,8399.0,99.8,85750.0,7311.0,99.755,39400.0,2204.0,99.7,40189.0,3703.0,99.655,45414.0,1945.0,99.61,40576.0,2404.0,99.54,31381.0,2858.0,99.485,17292.0,1654.0,99.44,5682.0,659.0,99.38,7252.0,678.0,99.31,7199.0,425.0,99.26,1052.0,409.0,99.2,1073.0,97.0,99.125,2236.0,105.0,99.075,1003.0,55.0,99.02,1527.0,113.0,98.96,448.0,33.0,98.905,2062.0,20.0,98.85,147.0,1.0,98.785,57.0,NaN,98.745,49.0,NaN,98.695,30.0,12.0,98.64,11.0,NaN,98.605,8.0,NaN,98.565,NaN,NaN,98.52,NaN,NaN,98.485,NaN,NaN,98.45,NaN,NaN,98.41,NaN,NaN,98.375,98.335,98.3,98.26,NaN,NaN,NaN,NaN,NaN,NaN,NaN,NaN,NaN,NaN,NaN,NaN,NaN,NaN,NaN,NaN,NaN,NaN,NaN,NaN,NaN,NaN,NaN,NaN,NaN,NaN,NaN,NaN,NaN,NaN,NaN,NaN
2015-04-01,NaN,NaN,NaN,NaN,NaN,NaN,NaN,NaN,NaN,99.875,71316.0,3565.0,99.875,109602.0,5531.0,99.86,66219.0,3076.0,99.835,121045.0,8941.0,99.805,86139.0,4470.0,99.76,39788.0,2121.0,99.705,40078.0,2415.0,99.665,45945.0,1469.0,99.62,41312.0,2513.0,99.555,31367.0,2132.0,99.5,17559.0,1105.0,99.455,5710.0,431.0,99.4,7125.0,466.0,99.335,7192.0,273.0,99.285,1278.0,607.0,99.23,1153.0,214.0,99.155,2227.0,96.0,99.11,1009.0,42.0,99.055,1565.0,60.0,98.995,449.0,14.0,98.95,2062.0,5.0,98.895,147.0,NaN,98.83,57.0,2.0,98.79,49.0,NaN,98.74,30.0,NaN,98.69,15.0,4.0,98.655,8.0,NaN,98.615,NaN,NaN,98.57,NaN,NaN,98.535,NaN,NaN,98.5,NaN,NaN,98.46,NaN,NaN,98.425,98.385,98.35,98.32,NaN,NaN,NaN,NaN,NaN,NaN,NaN,NaN,NaN,NaN,NaN,NaN,NaN,NaN,NaN,NaN,NaN,NaN,NaN,NaN,NaN,NaN,NaN,NaN,NaN,NaN,NaN,NaN,NaN,NaN,NaN,NaN
2015-04-02,NaN,NaN,NaN,NaN,NaN,NaN,NaN,NaN,NaN,99.875,71875.0,1627.0,99.875,109740.0,1833.0,99.86,68277.0,5348.0,99.835,122180.0,6846.0,99.805,86701.0,3664.0,99.76,40203.0,2858.0,99.705,40395.0,6050.0,99.665,45970.0,3127.0,99.62,41298.0,3684.0,99.555,33381.0,6114.0,99.5,18353.0,2269.0,99.455,5755.0,639.0,99.4,7089.0,414.0,99.335,7036.0,443.0,99.285,1323.0,199.0,99.23,1160.0,107.0,99.155,2196.0,80.0,99.11,1059.0,60.0,99.055,1624.0,80.0,98.995,461.0,22.0,98.95,2068.0,14.0,98.895,147.0,NaN,98.83,57.0,NaN,98.79,49.0,NaN,98.74,37.0,7.0,98.69,18.0,3.0,98.655,NaN,8.0,98.615,NaN,NaN,98.57,NaN,NaN,98.535,NaN,NaN,98.5,NaN,NaN,98.455,NaN,NaN,98.42,98.38,98.345,98.315,NaN,NaN,NaN,NaN,NaN,NaN,NaN,NaN,NaN,NaN,NaN,NaN,NaN,NaN,NaN,NaN,NaN,NaN,NaN,NaN,NaN,NaN,NaN,NaN,NaN,NaN,NaN,NaN,NaN,NaN,NaN,NaN
2015-04-03,NaN,NaN,NaN,NaN,NaN,NaN,NaN,NaN,NaN,99.875,71856.0,92.0,99.875,108605.0,3314.0,99.865,67826.0,3996.0,99.85,126808.0,15981.0,99.825,87121.0,9789.0,99.79,40106.0,2882.0,99.735,40995.0,5645.0,99.7,46930.0,3264.0,99.66,42282.0,3740.0,99.595,34295.0,3328.0,99.545,19098.0,1577.0,99.505,5771.0,363.0,99.455,7012.0,527.0,99.39,7063.0,75.0,99.35,1453.0,431.0,99.3,1217.0,259.0,99.23,2190.0,130.0,99.185,1028.0,173.0,99.135,1625.0,9.0,99.075,471.0,43.0,99.04,2087.0,24.0,98.985,147.0,NaN,98.92,57.0,NaN,98.88,49.0,NaN,98.835,37.0,NaN,98.785,18.0,NaN,98.75,NaN,NaN,98.71,NaN,NaN,98.665,NaN,NaN,98.63,NaN,NaN,98.595,NaN,NaN,98.55,NaN,NaN,98.515,98.48,98.445,98.415,NaN,NaN,NaN,NaN,NaN,NaN,NaN,NaN,NaN,NaN,NaN,NaN,NaN,NaN,NaN,NaN,NaN,NaN,NaN,NaN,NaN,NaN,NaN,NaN,NaN,NaN,NaN,NaN,NaN,NaN,NaN,NaN
2015-04-06,NaN,NaN,NaN,NaN,NaN,NaN,NaN,NaN,NaN,99.8775,72154.0,2286.0,99.875,108809.0,1240.0,99.865,67703.0,1740.0,99.85,124638.0,3896.0,99.825,86422.0,3684.0,99.785,39873.0,4625.0,99.73,41897.0,3002.0,99.69,46735.0,1069.0,99.65,45318.0,4262.0,99.585,34391.0,875.0,99.535,18804.0,516.0,99.495,5778.0,216.0,99.445,7022.0,271.0,99.38,7067.0,103.0,99.34,1517.0,151.0,99.285,1229.0,51.0,99.215,2164.0,63.0,99.17,1030.0,10.0,99.12,1639.0,18.0,99.06,471.0,3.0,99.02,2081.0,21.0,98.965,146.0,1.0,98.9,57.0,NaN,98.855,49.0,NaN,98.81,44.0,7.0,98.755,23.0,5.0,98.715,NaN,NaN,98.675,NaN,NaN,98.625,NaN,NaN,98.59,NaN,NaN,98.55,NaN,NaN,98.505,NaN,NaN,98.47,98.435,98.395,98.365,NaN,NaN,NaN,NaN,NaN,NaN,NaN,NaN,NaN,NaN,NaN,NaN,NaN,NaN,NaN,NaN,NaN,NaN,NaN,NaN,NaN,NaN,NaN,NaN,NaN,NaN,NaN,NaN,NaN,NaN,NaN,NaN
2015-04-07,NaN,NaN,NaN,NaN,NaN,NaN,NaN,NaN,NaN,99.8775,71590.0,1879.0,99.875,109483.0,2776.0,99.865,67605.0,693.0,99.85,122819.0,5912.0,99.825,86079.0,8607.0,99.785,39486.0,3804.0,99.725,43122.0,4533.0,99.685,46397.0,2209.0,99.64,45349.0,4048.0,99.575,35519.0,4569.0,99.525,19025.0,2919.0,99.485,5822.0,784.0,99.43,7125.0,545.0,99.365,7209.0,348.0,99.32,1461.0,273.0,99.265,1217.0,81.0,99.195,2166.0,8.0,99.15,1042.0,71.0,99.1,1665.0,60.0,99.04,493.0,31.0,98.99,1995.0,151.0,98.935,128.0,18.0,98.87,57.0,NaN,98.82,49.0,NaN,98.775,51.0,7.0,98.72,23.0,NaN,98.68,NaN,NaN,98.64,NaN,NaN,98.59,NaN,NaN,98.555,NaN,NaN,98.515,NaN,NaN,98.47,NaN,NaN,98.435,98.4,98.36,98.33,NaN,NaN,NaN,NaN,NaN,NaN,NaN,NaN,NaN,NaN,NaN,NaN,NaN,NaN,NaN,NaN,NaN,NaN,NaN,NaN,NaN,NaN,NaN,NaN,NaN,NaN,NaN,NaN,NaN,NaN,NaN,NaN
2015-04-08,NaN,NaN,NaN,NaN,NaN,NaN,NaN,NaN,NaN,99.8775,71159.0,3656.0,99.875,109571.0,8312.0,99.865,67621.0,6784.0,99.845,125290.0,28385.0,99.82,88553.0,15863.0,99.78,41717.0,5697.0,99.72,43366.0,2488.0,99.68,46259.0,1266.0,99.64,46658.0,3078.0,99.575,36425.0,3339.0,99.52,20473.0,4411.0,99.48,5838.0,624.0,99.425,7126.0,256.0,99.36,7068.0,610.0,99.315,1281.0,391.0,99.26,1205.0,72.0,99.19,2162.0,49.0,99.145,1037.0,217.0,99.095,1675.0,11.0,99.03,495.0,5.0,98.98,1877.0,415.0,98.925,128.0,NaN,98.86,57.0,NaN,98.81,49.0,NaN,98.765,58.0,7.0,98.71,23.0,NaN,98.67,NaN,NaN,98.63,NaN,NaN,98.58,NaN,NaN,98.545,NaN,NaN,98.505,NaN,NaN,98.46,NaN,NaN,98.425,98.39,98.35,98.32,NaN,NaN,NaN,NaN,NaN,NaN,NaN,NaN,NaN,NaN,NaN,NaN,NaN,NaN,NaN,NaN,NaN,NaN,NaN,NaN,NaN,NaN,NaN,NaN,NaN,NaN,NaN,NaN,NaN,NaN,NaN,NaN
2015-04-09,NaN,NaN,NaN,NaN,NaN,NaN,NaN,NaN,NaN,99.8775,71159.0,1.0,99.875,109192.0,1059.0,99.865,67698.0,1668.0,99.84,125220.0,5571.0,99.815,88485.0,1690.0,99.77,42464.0,2511.0,99.71,43464.0,2400.0,99.67,47744.0,3267.0,99.625,46819.0,1240.0,99.56,37045.0,3477.0,99.505,20650.0,1001.0,99.465,6486.0,871.0,99.41,7206.0,925.0,99.34,7125.0,308.0,99.295,1341.0,539.0,99.24,1385.0,376.0,99.165,2171.0,69.0,99.12,889.0,267.0,99.065,1675.0,52.0,98.995,606.0,128.0,98.945,1598.0,381.0,98.89,128.0,4.0,98.815,57.0,NaN,98.765,49.0,NaN,98.72,63.0,5.0,98.665,23.0,NaN,98.625,NaN,NaN,98.585,NaN,NaN,98.535,NaN,NaN,98.5,NaN,NaN,98.46,NaN,NaN,98.415,NaN,NaN,98.38,98.345,98.305,98.275,NaN,NaN,NaN,NaN,NaN,NaN,NaN,NaN,NaN,NaN,NaN,NaN,NaN,NaN,NaN,NaN,NaN,NaN,NaN,NaN,NaN,NaN,NaN,NaN,NaN,NaN,NaN,NaN,NaN,NaN,NaN,NaN
2015-04-10,NaN,NaN,NaN,NaN,NaN,NaN,NaN,NaN,NaN,99.8775,71222.0,3817.0,99.875,108501.0,1327.0,99.865,68452.0,2190.0,99.84,125613.0,2220.0,99.815,88651.0,2103.0,99.77,42627.0,1352.0,99.71,43753.0,1737.0,99.67,48628.0,2887.0,99.625,46948.0,715.0,99.56,39517.0,3842.0,99.505,20442.0,1117.0,99.46,6458.0,409.0,99.4,7333.0,314.0,99.33,7135.0,34.0,99.285,1355.0,118.0,99.225,1426.0,167.0,99.15,2178.0,37.0,99.105,927.0,220.0,99.045,1716.0,279.0,98.975,638.0,51.0,98.925,1625.0,109.0,98.865,128.0,NaN,98.79,57.0,NaN,98.74,49.0,NaN,98.695,63.0,NaN,98.64,23.0,NaN,98.6,NaN,NaN,98.56,NaN,NaN,98.51,NaN,NaN,98.475,NaN,NaN,98.435,NaN,NaN,98.39,NaN,NaN,98.355,98.32,98.28,98.25,NaN,NaN,NaN,NaN,NaN,NaN,NaN,NaN,NaN,NaN,NaN,NaN,NaN,NaN,NaN,NaN,NaN,NaN,NaN,NaN,NaN,NaN,NaN,NaN,NaN,NaN,NaN,NaN,NaN,NaN,NaN,NaN
2015-04-13,NaN,NaN,NaN,NaN,NaN,NaN,NaN,NaN,NaN,99.88,68862.0,6352.0,99.875,108740.0,5317.0,99.86,69256.0,2985.0,99.84,126477.0,5193.0,99.815,86702.0,5746.0,99.775,43352.0,3778.0,99.72,45528.0,4231.0,99.68,49298.0,2185.0,99.635,47204.0,2129.0,99.57,39455.0,1375.0,99.52,20879.0,1369.0,99.475,6189.0,1153.0,99.42,7308.0,1282.0,99.35,7215.0,563.0,99.305,1602.0,446.0,99.245,1450.0,111.0,99.17,2177.0,20.0,99.125,918.0,30.0,99.065,1690.0,64.0,98.995,609.0,37.0,98.945,1616.0,21.0,98.885,128.0,NaN,98.81,58.0,1.0,98.77,49.0,NaN,98.725,68.0,5.0,98.67,23.0,NaN,98.63,NaN,NaN,98.59,NaN,NaN,98.54,NaN,NaN,98.505,NaN,NaN,98.465,NaN,NaN,98.42,NaN,NaN,98.385,98.35,98.31,98.28,NaN,NaN,NaN,NaN,NaN,NaN,NaN,NaN,NaN,NaN,NaN,NaN,NaN,NaN,NaN,NaN,NaN,NaN,NaN,NaN,NaN,NaN,NaN,NaN,NaN,NaN,NaN,NaN,NaN,NaN,NaN,NaN
2015-04-14,NaN,NaN,NaN,NaN,NaN,NaN,NaN,NaN,NaN,99.88,68819.0,576.0,99.875,109163.0,4886.0,99.865,69626.0,5006.0,99.845,132318.0,22408.0,99.82,88508.0,17277.0,99.785,44704.0,3768.0,99.73,45168.0,5510.0,99.69,49677.0,3789.0,99.65,47142.0,2471.0,99.59,41415.0,6947.0,99.54,21922.0,4774.0,99.495,6100.0,1432.0,99.44,7399.0,867.0,99.375,7400.0,367.0,99.33,1635.0,739.0,99.275,1470.0,221.0,99.2,2120.0,117.0,99.155,810.0,180.0,99.1,1684.0,134.0,99.035,608.0,59.0,98.985,1662.0,92.0,98.925,128.0,4.0,98.85,58.0,NaN,98.81,50.0,1.0,98.765,90.0,22.0,98.71,23.0,NaN,98.67,NaN,NaN,98.63,NaN,NaN,98.58,NaN,NaN,98.545,NaN,NaN,98.515,NaN,NaN,98.47,NaN,NaN,98.44,98.405,98.365,98.335,NaN,NaN,NaN,NaN,NaN,NaN,NaN,NaN,NaN,NaN,NaN,NaN,NaN,NaN,NaN,NaN,NaN,NaN,NaN,NaN,NaN,NaN,NaN,NaN,NaN,NaN,NaN,NaN,NaN,NaN,NaN,NaN
2015-04-15,NaN,NaN,NaN,NaN,NaN,NaN,NaN,NaN,NaN,99.8775,68481.0,3099.0,99.875,105985.0,9562.0,99.865,70175.0,1775.0,99.845,131652.0,1698.0,99.825,90833.0,5711.0,99.79,45103.0,1533.0,99.735,46231.0,5429.0,99.7,50242.0,1829.0,99.66,48489.0,2099.0,99.6,41314.0,2101.0,99.55,22697.0,1943.0,99.51,6051.0,622.0,99.455,7565.0,374.0,99.39,7404.0,143.0,99.345,1617.0,161.0,99.29,1462.0,49.0,99.22,2167.0,84.0,99.175,822.0,31.0,99.12,1698.0,28.0,99.055,611.0,16.0,99.01,1707.0,118.0,98.95,131.0,6.0,98.875,58.0,NaN,98.835,50.0,NaN,98.79,110.0,20.0,98.735,26.0,3.0,98.695,NaN,NaN,98.655,NaN,NaN,98.605,NaN,NaN,98.57,NaN,NaN,98.54,NaN,NaN,98.495,NaN,NaN,98.465,98.43,98.39,98.36,NaN,NaN,NaN,NaN,NaN,NaN,NaN,NaN,NaN,NaN,NaN,NaN,NaN,NaN,NaN,NaN,NaN,NaN,NaN,NaN,NaN,NaN,NaN,NaN,NaN,NaN,NaN,NaN,NaN,NaN,NaN,NaN
2015-04-16,NaN,NaN,NaN,NaN,NaN,NaN,NaN,NaN,NaN,99.8775,67694.0,1112.0,99.875,105974.0,4318.0,99.865,70637.0,5266.0,99.85,133243.0,9675.0,99.83,91928.0,9751.0,99.795,48588.0,8640.0,99.745,47038.0,4824.0,99.71,51058.0,2804.0,99.67,49317.0,2878.0,99.615,41442.0,2677.0,99.57,22797.0,875.0,99.53,6100.0,827.0,99.475,7576.0,384.0,99.415,7380.0,105.0,99.37,1643.0,189.0,99.32,1486.0,45.0,99.25,2196.0,65.0,99.205,777.0,102.0,99.15,1693.0,22.0,99.09,617.0,11.0,99.045,1686.0,65.0,98.985,131.0,NaN,98.91,58.0,NaN,98.87,50.0,NaN,98.825,111.0,1.0,98.77,26.0,NaN,98.73,NaN,NaN,98.69,NaN,NaN,98.64,NaN,NaN,98.605,NaN,NaN,98.575,NaN,NaN,98.53,NaN,NaN,98.5,98.465,98.425,98.395,NaN,NaN,NaN,NaN,NaN,NaN,NaN,NaN,NaN,NaN,NaN,NaN,NaN,NaN,NaN,NaN,NaN,NaN,NaN,NaN,NaN,NaN,NaN,NaN,NaN,NaN,NaN,NaN,NaN,NaN,NaN,NaN
2015-04-17,NaN,NaN,NaN,NaN,NaN,NaN,NaN,NaN,NaN,99.8775,67385.0,925.0,99.875,105717.0,2170.0,99.865,71309.0,5656.0,99.85,134957.0,5952.0,99.83,92939.0,3283.0,99.795,48860.0,5053.0,99.74,44611.0,11126.0,99.7,52297.0,5927.0,99.66,48204.0,5604.0,99.6,44107.0,8091.0,99.55,23590.0,3042.0,99.51,5536.0,1878.0,99.455,7502.0,757.0,99.395,7424.0,566.0,99.35,1626.0,290.0,99.3,1551.0,488.0,99.23,2323.0,138.0,99.185,759.0,31.0,99.13,1696.0,32.0,99.075,571.0,123.0,99.03,1784.0,225.0,98.97,131.0,1.0,98.9,59.0,3.0,98.86,50.0,NaN,98.815,128.0,30.0,98.76,32.0,24.0,98.72,NaN,NaN,98.68,NaN,NaN,98.63,NaN,NaN,98.595,NaN,NaN,98.565,NaN,NaN,98.52,NaN,NaN,98.49,98.455,98.415,98.39,NaN,NaN,NaN,NaN,NaN,NaN,NaN,NaN,NaN,NaN,NaN,NaN,NaN,NaN,NaN,NaN,NaN,NaN,NaN,NaN,NaN,NaN,NaN,NaN,NaN,NaN,NaN,NaN,NaN,NaN,NaN,NaN
2015-04-20,NaN,NaN,NaN,NaN,NaN,NaN,NaN,NaN,NaN,99.8775,67358.0,46.0,99.875,104119.0,2630.0,99.865,72727.0,5159.0,99.85,139912.0,12091.0,99.825,93341.0,3032.0,99.785,48603.0,1603.0,99.73,43717.0,4494.0,99.69,53557.0,3418.0,99.645,47862.0,2171.0,99.58,43608.0,2905.0,99.53,23544.0,1190.0,99.49,5646.0,762.0,99.435,7306.0,1110.0,99.37,7391.0,750.0,99.325,1697.0,617.0,99.27,1750.0,448.0,99.2,2379.0,136.0,99.155,839.0,241.0,99.1,1694.0,66.0,99.045,1012.0,736.0,99.0,1423.0,524.0,98.94,131.0,NaN,98.87,58.0,6.0,98.83,57.0,11.0,98.785,128.0,NaN,98.73,32.0,NaN,98.69,NaN,NaN,98.65,NaN,NaN,98.6,NaN,NaN,98.57,NaN,NaN,98.54,NaN,NaN,98.495,NaN,NaN,98.465,98.43,98.39,98.365,NaN,NaN,NaN,NaN,NaN,NaN,NaN,NaN,NaN,NaN,NaN,NaN,NaN,NaN,NaN,NaN,NaN,NaN,NaN,NaN,NaN,NaN,NaN,NaN,NaN,NaN,NaN,NaN,NaN,NaN,NaN,NaN
2015-04-21,NaN,NaN,NaN,NaN,NaN,NaN,NaN,NaN,NaN,99.8775,67237.0,3350.0,99.875,104648.0,4484.0,99.865,72143.0,2142.0,99.85,139314.0,5734.0,99.825,93545.0,2652.0,99.785,49754.0,4918.0,99.735,44380.0,3705.0,99.695,53496.0,2608.0,99.65,48176.0,2316.0,99.58,42892.0,2231.0,99.53,23247.0,974.0,99.49,5421.0,748.0,99.435,7093.0,1002.0,99.37,7443.0,284.0,99.32,1685.0,215.0,99.265,1705.0,116.0,99.195,2373.0,61.0,99.15,851.0,103.0,99.095,1694.0,5.0,99.035,853.0,167.0,98.99,1441.0,92.0,98.93,139.0,19.0,98.86,77.0,27.0,98.82,77.0,21.0,98.775,139.0,14.0,98.72,35.0,3.0,98.68,NaN,NaN,98.64,NaN,NaN,98.59,NaN,NaN,98.56,NaN,NaN,98.53,NaN,NaN,98.485,NaN,NaN,98.455,98.42,98.38,98.355,NaN,NaN,NaN,NaN,NaN,NaN,NaN,NaN,NaN,NaN,NaN,NaN,NaN,NaN,NaN,NaN,NaN,NaN,NaN,NaN,NaN,NaN,NaN,NaN,NaN,NaN,NaN,NaN,NaN,NaN,NaN,NaN
2015-04-22,NaN,NaN,NaN,NaN,NaN,NaN,NaN,NaN,NaN,99.8775,67306.0,138.0,99.875,104306.0,553.0,99.865,73572.0,2751.0,99.85,138456.0,7170.0,99.825,93321.0,2590.0,99.785,50416.0,3621.0,99.73,44794.0,3571.0,99.69,55952.0,5171.0,99.64,49314.0,6101.0,99.575,43236.0,2088.0,99.52,24315.0,2912.0,99.48,5321.0,461.0,99.42,7339.0,973.0,99.355,7802.0,1173.0,99.305,1790.0,505.0,99.25,2218.0,1316.0,99.18,2792.0,788.0,99.13,619.0,398.0,99.075,1750.0,116.0,99.015,755.0,241.0,98.965,1436.0,196.0,98.905,139.0,1.0,98.835,77.0,7.0,98.795,56.0,21.0,98.75,139.0,NaN,98.69,30.0,5.0,98.65,NaN,NaN,98.61,NaN,NaN,98.56,NaN,NaN,98.53,NaN,NaN,98.49,NaN,NaN,98.445,NaN,NaN,98.415,98.375,98.33,98.305,NaN,NaN,NaN,NaN,NaN,NaN,NaN,NaN,NaN,NaN,NaN,NaN,NaN,NaN,NaN,NaN,NaN,NaN,NaN,NaN,NaN,NaN,NaN,NaN,NaN,NaN,NaN,NaN,NaN,NaN,NaN,NaN
2015-04-23,NaN,NaN,NaN,NaN,NaN,NaN,NaN,NaN,NaN,99.8775,67306.0,NaN,99.875,105322.0,1677.0,99.865,73713.0,651.0,99.85,138272.0,3827.0,99.825,93979.0,1733.0,99.785,50531.0,2316.0,99.735,44720.0,2080.0,99.695,55988.0,1311.0,99.65,49718.0,3904.0,99.585,43106.0,1016.0,99.535,24093.0,799.0,99.495,5976.0,1138.0,99.435,7282.0,480.0,99.37,7812.0,151.0,99.32,1818.0,186.0,99.265,2215.0,256.0,99.195,2855.0,94.0,99.145,566.0,72.0,99.09,1722.0,38.0,99.03,717.0,48.0,98.985,1435.0,11.0,98.925,139.0,NaN,98.855,77.0,NaN,98.815,56.0,NaN,98.77,139.0,NaN,98.71,30.0,NaN,98.675,NaN,NaN,98.635,NaN,NaN,98.585,NaN,NaN,98.555,NaN,NaN,98.515,NaN,NaN,98.47,NaN,NaN,98.44,98.4,98.36,98.335,NaN,NaN,NaN,NaN,NaN,NaN,NaN,NaN,NaN,NaN,NaN,NaN,NaN,NaN,NaN,NaN,NaN,NaN,NaN,NaN,NaN,NaN,NaN,NaN,NaN,NaN,NaN,NaN,NaN,NaN,NaN,NaN
2015-04-24,NaN,NaN,NaN,NaN,NaN,NaN,NaN,NaN,NaN,99.8775,67529.0,235.0,99.875,107783.0,4844.0,99.865,73878.0,2374.0,99.85,139104.0,9806.0,99.83,98555.0,9273.0,99.795,50470.0,1806.0,99.75,46096.0,5473.0,99.71,56714.0,2421.0,99.67,50848.0,2071.0,99.61,43715.0,2115.0,99.565,25596.0,2417.0,99.525,6742.0,1596.0,99.47,7371.0,563.0,99.405,7888.0,345.0,99.36,1797.0,292.0,99.305,2917.0,957.0,99.235,2905.0,227.0,99.19,642.0,303.0,99.135,1776.0,120.0,99.075,712.0,132.0,99.03,1431.0,43.0,98.97,140.0,20.0,98.9,78.0,10.0,98.86,56.0,10.0,98.815,139.0,24.0,98.755,30.0,24.0,98.72,NaN,NaN,98.68,NaN,NaN,98.63,NaN,NaN,98.6,NaN,NaN,98.56,NaN,NaN,98.515,NaN,NaN,98.485,98.445,98.405,98.38,NaN,NaN,NaN,NaN,NaN,NaN,NaN,NaN,NaN,NaN,NaN,NaN,NaN,NaN,NaN,NaN,NaN,NaN,NaN,NaN,NaN,NaN,NaN,NaN,NaN,NaN,NaN,NaN,NaN,NaN,NaN,NaN
2015-04-27,NaN,NaN,NaN,NaN,NaN,NaN,NaN,NaN,NaN,99.8775,68412.0,3569.0,99.875,107906.0,729.0,99.865,73922.0,148.0,99.85,139612.0,2172.0,99.83,98838.0,4666.0,99.795,51025.0,1632.0,99.75,46773.0,3606.0,99.715,56541.0,761.0,99.67,50824.0,806.0,99.61,43664.0,414.0,99.56,25589.0,524.0,99.52,6838.0,323.0,99.465,7277.0,388.0,99.4,7830.0,105.0,99.355,1794.0,104.0,99.3,2911.0,193.0,99.23,3005.0,133.0,99.185,617.0,39.0,99.13,1779.0,18.0,99.07,733.0,46.0,99.025,1471.0,42.0,98.965,139.0,1.0,98.895,77.0,1.0,98.855,56.0,1.0,98.805,139.0,NaN,98.745,30.0,NaN,98.71,NaN,NaN,98.67,NaN,NaN,98.62,NaN,NaN,98.59,NaN,NaN,98.55,NaN,NaN,98.505,NaN,NaN,98.475,98.43,98.39,98.365,NaN,NaN,NaN,NaN,NaN,NaN,NaN,NaN,NaN,NaN,NaN,NaN,NaN,NaN,NaN,NaN,NaN,NaN,NaN,NaN,NaN,NaN,NaN,NaN,NaN,NaN,NaN,NaN,NaN,NaN,NaN,NaN
2015-04-28,NaN,NaN,NaN,NaN,NaN,NaN,NaN,NaN,NaN,99.8775,69940.0,2900.0,99.875,107613.0,578.0,99.865,76785.0,6951.0,99.85,140008.0,2596.0,99.83,98550.0,1976.0,99.795,51110.0,1183.0,99.75,47213.0,2622.0,99.71,56868.0,2512.0,99.665,49895.0,4707.0,99.6,44236.0,1662.0,99.555,26271.0,1516.0,99.51,6767.0,536.0,99.455,7392.0,426.0,99.39,7902.0,148.0,99.34,1882.0,189.0,99.285,2891.0,127.0,99.215,3010.0,29.0,99.165,624.0,93.0,99.11,1770.0,13.0,99.045,825.0,153.0,99.0,1468.0,46.0,98.94,139.0,NaN,98.87,77.0,2.0,98.83,56.0,10.0,98.78,139.0,NaN,98.72,30.0,NaN,98.685,NaN,NaN,98.645,NaN,NaN,98.595,NaN,NaN,98.555,NaN,NaN,98.515,NaN,NaN,98.47,NaN,NaN,98.435,98.39,98.35,98.325,NaN,NaN,NaN,NaN,NaN,NaN,NaN,NaN,NaN,NaN,NaN,NaN,NaN,NaN,NaN,NaN,NaN,NaN,NaN,NaN,NaN,NaN,NaN,NaN,NaN,NaN,NaN,NaN,NaN,NaN,NaN,NaN
2015-04-29,NaN,NaN,NaN,NaN,NaN,NaN,NaN,NaN,NaN,99.8775,71380.0,3355.0,99.875,103470.0,11713.0,99.865,78187.0,8758.0,99.85,137746.0,18168.0,99.825,99403.0,7014.0,99.79,51789.0,6343.0,99.75,47727.0,6566.0,99.705,57655.0,4216.0,99.66,50048.0,3580.0,99.6,44694.0,6815.0,99.55,26714.0,4370.0,99.505,6483.0,1337.0,99.45,7362.0,730.0,99.38,7899.0,295.0,99.33,1826.0,191.0,99.275,2859.0,178.0,99.205,2980.0,141.0,99.155,618.0,69.0,99.1,1772.0,22.0,99.035,849.0,39.0,98.99,1420.0,70.0,98.93,139.0,NaN,98.86,77.0,NaN,98.815,56.0,2.0,98.765,139.0,NaN,98.705,30.0,NaN,98.67,NaN,NaN,98.625,NaN,NaN,98.57,NaN,NaN,98.53,NaN,NaN,98.49,NaN,NaN,98.44,NaN,NaN,98.405,98.36,98.315,98.285,NaN,NaN,NaN,NaN,NaN,NaN,NaN,NaN,NaN,NaN,NaN,NaN,NaN,NaN,NaN,NaN,NaN,NaN,NaN,NaN,NaN,NaN,NaN,NaN,NaN,NaN,NaN,NaN,NaN,NaN,NaN,NaN
2015-04-30,NaN,NaN,NaN,NaN,NaN,NaN,NaN,NaN,NaN,99.8775,71380.0,285.0,99.87,103371.0,14820.0,99.86,78861.0,9305.0,99.85,158740.0,49783.0,99.825,103275.0,27952.0,99.785,54031.0,7092.0,99.74,52115.0,17869.0,99.7,57559.0,4943.0,99.65,50247.0,3535.0,99.59,46312.0,7605.0,99.535,26411.0,2671.0,99.49,5959.0,1618.0,99.435,7377.0,715.0,99.365,7937.0,215.0,99.315,1822.0,87.0,99.26,2909.0,163.0,99.185,2979.0,65.0,99.135,626.0,31.0,99.08,1779.0,71.0,99.015,887.0,51.0,98.965,1417.0,21.0,98.905,139.0,1.0,98.83,77.0,1.0,98.785,56.0,2.0,98.735,139.0,10.0,98.675,29.0,11.0,98.635,NaN,NaN,98.585,NaN,NaN,98.53,NaN,NaN,98.49,NaN,NaN,98.45,NaN,NaN,98.4,NaN,NaN,98.365,98.32,98.275,98.245,98.21,NaN,NaN,NaN,NaN,NaN,NaN,NaN,NaN,NaN,NaN,NaN,NaN,NaN,NaN,NaN,NaN,NaN,NaN,NaN,NaN,NaN,NaN,NaN,NaN,NaN,NaN,NaN,NaN,NaN,NaN,NaN
2015-05-01,NaN,NaN,NaN,NaN,NaN,NaN,NaN,NaN,NaN,NaN,NaN,NaN,99.87,103243.0,5623.0,99.86,78037.0,6521.0,99.85,158256.0,10778.0,99.82,103894.0,14818.0,99.78,54266.0,3963.0,99.735,53671.0,6377.0,99.69,56742.0,5438.0,99.64,48924.0,4258.0,99.575,46004.0,2281.0,99.52,26472.0,1179.0,99.47,6001.0,848.0,99.41,7564.0,1001.0,99.335,8153.0,673.0,99.28,1962.0,495.0,99.225,3013.0,225.0,99.145,2984.0,132.0,99.095,610.0,73.0,99.04,1825.0,77.0,98.97,819.0,136.0,98.92,1421.0,15.0,98.86,139.0,NaN,98.775,76.0,1.0,98.73,56.0,NaN,98.68,139.0,NaN,98.615,32.0,3.0,98.57,NaN,NaN,98.52,NaN,NaN,98.465,NaN,NaN,98.425,NaN,NaN,98.38,NaN,NaN,98.33,NaN,NaN,98.295,98.25,98.205,98.175,98.14,NaN,NaN,NaN,NaN,NaN,NaN,NaN,NaN,NaN,NaN,NaN,NaN,NaN,NaN,NaN,NaN,NaN,NaN,NaN,NaN,NaN,NaN,NaN,NaN,NaN,NaN,NaN,NaN,NaN,NaN,NaN
2015-05-04,NaN,NaN,NaN,NaN,NaN,NaN,NaN,NaN,NaN,NaN,NaN,NaN,99.87,102829.0,992.0,99.86,78126.0,918.0,99.85,158609.0,1828.0,99.82,103171.0,3924.0,99.78,54218.0,495.0,99.735,53737.0,1256.0,99.69,56674.0,530.0,99.64,49024.0,768.0,99.575,45857.0,652.0,99.52,26627.0,620.0,99.47,6401.0,836.0,99.41,7684.0,297.0,99.335,8144.0,184.0,99.285,1835.0,138.0,99.23,3079.0,80.0,99.15,2974.0,32.0,99.1,673.0,190.0,99.045,1853.0,34.0,98.975,716.0,117.0,98.925,1430.0,40.0,98.865,139.0,5.0,98.78,76.0,2.0,98.735,56.0,3.0,98.685,139.0,2.0,98.62,32.0,1.0,98.575,NaN,NaN,98.525,NaN,NaN,98.47,NaN,NaN,98.43,NaN,NaN,98.385,NaN,NaN,98.335,NaN,NaN,98.3,98.255,98.21,98.18,98.145,NaN,NaN,NaN,NaN,NaN,NaN,NaN,NaN,NaN,NaN,NaN,NaN,NaN,NaN,NaN,NaN,NaN,NaN,NaN,NaN,NaN,NaN,NaN,NaN,NaN,NaN,NaN,NaN,NaN,NaN,NaN
2015-05-05,NaN,NaN,NaN,NaN,NaN,NaN,NaN,NaN,NaN,NaN,NaN,NaN,99.87,103581.0,1526.0,99.86,78032.0,708.0,99.85,159426.0,1818.0,99.82,103707.0,5210.0,99.78,54407.0,1274.0,99.735,54703.0,3967.0,99.69,56684.0,4301.0,99.64,48868.0,2453.0,99.57,45755.0,2437.0,99.515,26549.0,2015.0,99.465,6641.0,2109.0,99.4,7754.0,397.0,99.32,8161.0,370.0,99.27,1846.0,152.0,99.205,3202.0,302.0,99.125,3006.0,239.0,99.07,726.0,130.0,99.005,1935.0,101.0,98.935,749.0,59.0,98.88,1432.0,55.0,98.82,139.0,1.0,98.735,76.0,NaN,98.69,56.0,NaN,98.64,139.0,NaN,98.57,32.0,NaN,98.525,NaN,NaN,98.475,NaN,NaN,98.42,NaN,NaN,98.38,NaN,NaN,98.335,NaN,NaN,98.285,NaN,NaN,98.25,98.2,98.155,98.125,98.09,NaN,NaN,NaN,NaN,NaN,NaN,NaN,NaN,NaN,NaN,NaN,NaN,NaN,NaN,NaN,NaN,NaN,NaN,NaN,NaN,NaN,NaN,NaN,NaN,NaN,NaN,NaN,NaN,NaN,NaN,NaN
2015-05-06,NaN,NaN,NaN,NaN,NaN,NaN,NaN,NaN,NaN,NaN,NaN,NaN,99.8725,105600.0,4800.0,99.86,79731.0,5393.0,99.855,166990.0,12788.0,99.825,105637.0,6876.0,99.79,54442.0,3695.0,99.74,53668.0,7187.0,99.7,57589.0,5626.0,99.645,49324.0,3311.0,99.58,46210.0,4574.0,99.52,28709.0,6223.0,99.47,6692.0,1286.0,99.405,7757.0,1430.0,99.32,8323.0,1019.0,99.26,1854.0,693.0,99.19,3305.0,268.0,99.105,3051.0,297.0,99.045,789.0,172.0,98.98,1951.0,126.0,98.91,1274.0,703.0,98.845,1490.0,83.0,98.775,139.0,2.0,98.69,76.0,18.0,98.645,56.0,2.0,98.595,140.0,2.0,98.525,31.0,5.0,98.48,NaN,NaN,98.43,NaN,NaN,98.375,NaN,NaN,98.335,NaN,NaN,98.29,NaN,NaN,98.24,NaN,NaN,98.205,98.155,98.11,98.08,98.045,NaN,NaN,NaN,NaN,NaN,NaN,NaN,NaN,NaN,NaN,NaN,NaN,NaN,NaN,NaN,NaN,NaN,NaN,NaN,NaN,NaN,NaN,NaN,NaN,NaN,NaN,NaN,NaN,NaN,NaN,NaN
2015-05-07,NaN,NaN,NaN,NaN,NaN,NaN,NaN,NaN,NaN,NaN,NaN,NaN,99.8725,104989.0,1251.0,99.86,79538.0,1670.0,99.855,169688.0,7801.0,99.825,105215.0,4859.0,99.79,55432.0,6298.0,99.745,54689.0,6560.0,99.7,60031.0,5352.0,99.65,49425.0,3558.0,99.585,46027.0,2601.0,99.525,28827.0,1302.0,99.475,6496.0,807.0,99.41,7847.0,856.0,99.325,8401.0,212.0,99.265,1843.0,185.0,99.195,3284.0,194.0,99.105,3066.0,188.0,99.045,813.0,76.0,98.975,1965.0,30.0,98.9,1276.0,50.0,98.835,1457.0,51.0,98.765,132.0,7.0,98.68,84.0,29.0,98.635,56.0,9.0,98.585,139.0,8.0,98.515,32.0,6.0,98.47,NaN,NaN,98.42,NaN,NaN,98.365,NaN,NaN,98.325,NaN,NaN,98.28,NaN,NaN,98.235,NaN,NaN,98.2,98.15,98.11,98.08,98.05,NaN,NaN,NaN,NaN,NaN,NaN,NaN,NaN,NaN,NaN,NaN,NaN,NaN,NaN,NaN,NaN,NaN,NaN,NaN,NaN,NaN,NaN,NaN,NaN,NaN,NaN,NaN,NaN,NaN,NaN,NaN
2015-05-08,NaN,NaN,NaN,NaN,NaN,NaN,NaN,NaN,NaN,NaN,NaN,NaN,99.8725,104855.0,3891.0,99.86,78920.0,8510.0,99.855,171280.0,24705.0,99.835,109683.0,36218.0,99.805,57559.0,12378.0,99.765,58487.0,24548.0,99.725,60976.0,4882.0,99.68,48610.0,6654.0,99.62,45664.0,16004.0,99.565,28714.0,3724.0,99.515,6762.0,1601.0,99.455,7598.0,913.0,99.375,8445.0,335.0,99.315,1873.0,330.0,99.255,3171.0,264.0,99.17,3145.0,133.0,99.115,810.0,86.0,99.05,2006.0,49.0,98.98,1326.0,80.0,98.92,1465.0,30.0,98.85,132.0,2.0,98.77,84.0,3.0,98.725,56.0,2.0,98.675,151.0,14.0,98.605,32.0,NaN,98.56,NaN,NaN,98.515,NaN,NaN,98.46,NaN,NaN,98.42,NaN,NaN,98.375,NaN,NaN,98.33,NaN,NaN,98.295,98.245,98.205,98.175,98.145,NaN,NaN,NaN,NaN,NaN,NaN,NaN,NaN,NaN,NaN,NaN,NaN,NaN,NaN,NaN,NaN,NaN,NaN,NaN,NaN,NaN,NaN,NaN,NaN,NaN,NaN,NaN,NaN,NaN,NaN,NaN
2015-05-11,NaN,NaN,NaN,NaN,NaN,NaN,NaN,NaN,NaN,NaN,NaN,NaN,99.8725,104920.0,579.0,99.86,78740.0,480.0,99.855,171768.0,2706.0,99.835,109630.0,8318.0,99.8,57649.0,3051.0,99.75,62794.0,10553.0,99.71,60036.0,3820.0,99.665,48140.0,2653.0,99.605,42620.0,2405.0,99.545,29415.0,2165.0,99.49,6889.0,469.0,99.425,7266.0,664.0,99.345,8215.0,822.0,99.285,1723.0,1249.0,99.22,3505.0,872.0,99.13,4520.0,2788.0,99.08,1906.0,3054.0,99.01,1974.0,684.0,98.925,1509.0,838.0,98.86,1560.0,833.0,98.795,141.0,31.0,98.715,92.0,12.0,98.67,60.0,4.0,98.62,151.0,NaN,98.55,32.0,NaN,98.505,NaN,NaN,98.455,NaN,NaN,98.395,NaN,NaN,98.35,NaN,NaN,98.305,NaN,NaN,98.255,NaN,NaN,98.21,98.155,98.115,98.08,98.045,NaN,NaN,NaN,NaN,NaN,NaN,NaN,NaN,NaN,NaN,NaN,NaN,NaN,NaN,NaN,NaN,NaN,NaN,NaN,NaN,NaN,NaN,NaN,NaN,NaN,NaN,NaN,NaN,NaN,NaN,NaN
2015-05-12,NaN,NaN,NaN,NaN,NaN,NaN,NaN,NaN,NaN,NaN,NaN,NaN,99.8725,104868.0,366.0,99.86,79570.0,1836.0,99.855,171202.0,3519.0,99.835,109522.0,5759.0,99.8,57958.0,2421.0,99.755,62450.0,6286.0,99.72,60792.0,2857.0,99.67,48467.0,3633.0,99.61,42221.0,3351.0,99.555,29321.0,1551.0,99.5,6975.0,575.0,99.435,7189.0,758.0,99.355,8175.0,402.0,99.295,2257.0,1098.0,99.225,3526.0,236.0,99.14,4837.0,601.0,99.09,2150.0,809.0,99.02,1969.0,452.0,98.935,1497.0,215.0,98.87,1640.0,277.0,98.81,251.0,239.0,98.72,164.0,77.0,98.675,68.0,11.0,98.62,151.0,1.0,98.55,31.0,4.0,98.505,NaN,NaN,98.455,NaN,NaN,98.395,NaN,NaN,98.35,NaN,NaN,98.305,NaN,NaN,98.255,NaN,NaN,98.21,98.155,98.115,98.08,98.045,NaN,NaN,NaN,NaN,NaN,NaN,NaN,NaN,NaN,NaN,NaN,NaN,NaN,NaN,NaN,NaN,NaN,NaN,NaN,NaN,NaN,NaN,NaN,NaN,NaN,NaN,NaN,NaN,NaN,NaN,NaN
2015-05-13,NaN,NaN,NaN,NaN,NaN,NaN,NaN,NaN,NaN,NaN,NaN,NaN,99.8725,104733.0,6004.0,99.865,80431.0,2468.0,99.86,174389.0,8357.0,99.84,108565.0,6807.0,99.81,58302.0,2739.0,99.765,64750.0,7442.0,99.73,61296.0,4571.0,99.685,49570.0,4291.0,99.63,45278.0,6440.0,99.575,29734.0,2576.0,99.525,6958.0,1162.0,99.465,6835.0,1546.0,99.395,8537.0,704.0,99.335,1980.0,504.0,99.265,3490.0,287.0,99.18,4921.0,227.0,99.135,2201.0,353.0,99.065,1900.0,182.0,98.975,1612.0,224.0,98.91,1788.0,361.0,98.85,503.0,259.0,98.76,284.0,122.0,98.715,69.0,6.0,98.66,151.0,NaN,98.59,31.0,NaN,98.545,NaN,NaN,98.495,NaN,NaN,98.435,NaN,NaN,98.39,NaN,NaN,98.345,NaN,NaN,98.29,NaN,NaN,98.245,98.19,98.145,98.11,98.075,NaN,NaN,NaN,NaN,NaN,NaN,NaN,NaN,NaN,NaN,NaN,NaN,NaN,NaN,NaN,NaN,NaN,NaN,NaN,NaN,NaN,NaN,NaN,NaN,NaN,NaN,NaN,NaN,NaN,NaN,NaN
2015-05-14,NaN,NaN,NaN,NaN,NaN,NaN,NaN,NaN,NaN,NaN,NaN,NaN,99.8725,104448.0,2876.0,99.865,79931.0,2698.0,99.86,173231.0,5797.0,99.845,108754.0,5923.0,99.815,58229.0,3888.0,99.775,68489.0,9412.0,99.74,65914.0,13777.0,99.695,52460.0,7868.0,99.645,51000.0,8130.0,99.595,30964.0,3285.0,99.55,6334.0,3361.0,99.495,7249.0,1090.0,99.425,8737.0,827.0,99.375,1945.0,265.0,99.31,3485.0,179.0,99.23,5004.0,183.0,99.185,2303.0,234.0,99.12,1859.0,88.0,99.03,1656.0,196.0,98.975,1868.0,181.0,98.915,526.0,23.0,98.825,348.0,64.0,98.78,69.0,NaN,98.725,151.0,NaN,98.655,31.0,NaN,98.61,NaN,NaN,98.56,NaN,NaN,98.5,NaN,NaN,98.455,NaN,NaN,98.41,NaN,NaN,98.355,NaN,NaN,98.31,98.255,98.21,98.175,98.14,NaN,NaN,NaN,NaN,NaN,NaN,NaN,NaN,NaN,NaN,NaN,NaN,NaN,NaN,NaN,NaN,NaN,NaN,NaN,NaN,NaN,NaN,NaN,NaN,NaN,NaN,NaN,NaN,NaN,NaN,NaN
2015-05-15,NaN,NaN,NaN,NaN,NaN,NaN,NaN,NaN,NaN,NaN,NaN,NaN,99.8725,104445.0,1314.0,99.865,79187.0,1531.0,99.86,177300.0,7288.0,99.845,114651.0,16001.0,99.815,58920.0,2820.0,99.775,67699.0,10736.0,99.74,66364.0,5131.0,99.695,52589.0,3001.0,99.645,52473.0,4153.0,99.595,32399.0,3655.0,99.55,6446.0,518.0,99.495,7255.0,784.0,99.43,8642.0,414.0,99.38,1898.0,336.0,99.315,3477.0,316.0,99.24,5112.0,299.0,99.2,2337.0,254.0,99.135,1828.0,184.0,99.05,1705.0,145.0,98.995,3909.0,2189.0,98.94,527.0,66.0,98.85,368.0,22.0,98.805,69.0,NaN,98.75,151.0,NaN,98.685,31.0,NaN,98.64,NaN,NaN,98.6,NaN,NaN,98.54,NaN,NaN,98.5,NaN,NaN,98.455,NaN,NaN,98.405,NaN,NaN,98.37,98.315,98.275,98.245,98.215,NaN,NaN,NaN,NaN,NaN,NaN,NaN,NaN,NaN,NaN,NaN,NaN,NaN,NaN,NaN,NaN,NaN,NaN,NaN,NaN,NaN,NaN,NaN,NaN,NaN,NaN,NaN,NaN,NaN,NaN,NaN
2015-05-18,NaN,NaN,NaN,NaN,NaN,NaN,NaN,NaN,NaN,NaN,NaN,NaN,99.8725,104290.0,1114.0,99.865,79427.0,1942.0,99.86,175710.0,3257.0,99.845,114277.0,2755.0,99.815,59212.0,1165.0,99.775,67794.0,1895.0,99.735,66584.0,3306.0,99.69,52503.0,1821.0,99.635,51866.0,1862.0,99.585,32745.0,1122.0,99.535,6668.0,704.0,99.475,7580.0,729.0,99.41,9051.0,644.0,99.355,1940.0,203.0,99.29,3724.0,480.0,99.21,4790.0,560.0,99.17,2555.0,560.0,99.1,1858.0,207.0,99.015,1722.0,31.0,98.95,3870.0,280.0,98.895,525.0,2.0,98.805,407.0,40.0,98.755,69.0,NaN,98.7,151.0,2.0,98.635,31.0,NaN,98.59,NaN,NaN,98.55,NaN,NaN,98.49,NaN,NaN,98.45,NaN,NaN,98.405,NaN,NaN,98.355,NaN,NaN,98.315,98.26,98.22,98.185,98.15,NaN,NaN,NaN,NaN,NaN,NaN,NaN,NaN,NaN,NaN,NaN,NaN,NaN,NaN,NaN,NaN,NaN,NaN,NaN,NaN,NaN,NaN,NaN,NaN,NaN,NaN,NaN,NaN,NaN,NaN,NaN
2015-05-19,NaN,NaN,NaN,NaN,NaN,NaN,NaN,NaN,NaN,NaN,NaN,NaN,99.8725,103108.0,3752.0,99.865,79145.0,902.0,99.86,174804.0,4208.0,99.845,114807.0,8523.0,99.81,59209.0,4867.0,99.765,68531.0,7375.0,99.72,66216.0,4244.0,99.67,52844.0,3592.0,99.615,51441.0,5898.0,99.56,33086.0,3127.0,99.51,6791.0,987.0,99.45,7496.0,738.0,99.38,9066.0,597.0,99.315,2585.0,835.0,99.25,3787.0,224.0,99.17,4861.0,236.0,99.125,2515.0,130.0,99.055,1805.0,120.0,98.97,1799.0,170.0,98.905,3839.0,186.0,98.85,525.0,NaN,98.755,434.0,27.0,98.705,71.0,10.0,98.65,151.0,NaN,98.585,31.0,NaN,98.54,NaN,NaN,98.5,NaN,NaN,98.435,NaN,NaN,98.39,NaN,NaN,98.345,NaN,NaN,98.295,NaN,NaN,98.255,98.2,98.16,98.125,98.09,NaN,NaN,NaN,NaN,NaN,NaN,NaN,NaN,NaN,NaN,NaN,NaN,NaN,NaN,NaN,NaN,NaN,NaN,NaN,NaN,NaN,NaN,NaN,NaN,NaN,NaN,NaN,NaN,NaN,NaN,NaN
2015-05-20,NaN,NaN,NaN,NaN,NaN,NaN,NaN,NaN,NaN,NaN,NaN,NaN,99.8725,102744.0,1469.0,99.865,77632.0,7343.0,99.86,176195.0,13291.0,99.845,115925.0,10210.0,99.81,59573.0,2620.0,99.765,68506.0,6253.0,99.72,67447.0,3785.0,99.675,53611.0,2442.0,99.62,54674.0,7957.0,99.57,33251.0,1585.0,99.52,6877.0,884.0,99.46,7649.0,471.0,99.395,9076.0,69.0,99.335,2616.0,201.0,99.27,3825.0,546.0,99.195,4967.0,432.0,99.155,2711.0,474.0,99.085,1991.0,396.0,99.0,1816.0,138.0,98.935,3688.0,307.0,98.88,525.0,2.0,98.785,512.0,78.0,98.735,121.0,50.0,98.685,151.0,NaN,98.62,31.0,NaN,98.575,NaN,NaN,98.535,NaN,NaN,98.47,NaN,NaN,98.425,NaN,NaN,98.38,NaN,NaN,98.33,NaN,NaN,98.29,98.235,98.195,98.16,98.125,NaN,NaN,NaN,NaN,NaN,NaN,NaN,NaN,NaN,NaN,NaN,NaN,NaN,NaN,NaN,NaN,NaN,NaN,NaN,NaN,NaN,NaN,NaN,NaN,NaN,NaN,NaN,NaN,NaN,NaN,NaN
2015-05-21,NaN,NaN,NaN,NaN,NaN,NaN,NaN,NaN,NaN,NaN,NaN,NaN,99.8725,101494.0,13245.0,99.865,77238.0,1615.0,99.86,177972.0,13183.0,99.845,114334.0,5256.0,99.81,60931.0,3841.0,99.765,69442.0,2208.0,99.725,67443.0,2094.0,99.675,53410.0,1737.0,99.62,55037.0,2706.0,99.575,33874.0,1320.0,99.525,6994.0,547.0,99.47,7766.0,324.0,99.405,9052.0,161.0,99.35,2616.0,4.0,99.285,3809.0,153.0,99.21,5018.0,85.0,99.17,2736.0,25.0,99.1,1892.0,105.0,99.015,1821.0,45.0,98.955,3708.0,21.0,98.9,525.0,1.0,98.805,524.0,15.0,98.76,121.0,NaN,98.71,151.0,NaN,98.645,31.0,NaN,98.6,NaN,NaN,98.56,NaN,NaN,98.495,NaN,NaN,98.455,NaN,NaN,98.415,NaN,NaN,98.365,NaN,NaN,98.33,98.275,98.235,98.2,98.17,NaN,NaN,NaN,NaN,NaN,NaN,NaN,NaN,NaN,NaN,NaN,NaN,NaN,NaN,NaN,NaN,NaN,NaN,NaN,NaN,NaN,NaN,NaN,NaN,NaN,NaN,NaN,NaN,NaN,NaN,NaN
2015-05-22,NaN,NaN,NaN,NaN,NaN,NaN,NaN,NaN,NaN,NaN,NaN,NaN,99.875,106529.0,14402.0,99.865,78741.0,5305.0,99.855,176174.0,12700.0,99.835,112998.0,10745.0,99.795,60879.0,2697.0,99.745,70954.0,7276.0,99.705,67441.0,4547.0,99.65,54275.0,4008.0,99.595,54138.0,6783.0,99.54,33889.0,2936.0,99.49,6967.0,966.0,99.435,7888.0,431.0,99.37,9064.0,256.0,99.31,2639.0,66.0,99.245,4014.0,654.0,99.17,5066.0,245.0,99.125,2877.0,240.0,99.055,1682.0,249.0,98.965,1810.0,32.0,98.905,2492.0,2021.0,98.85,525.0,NaN,98.755,524.0,1.0,98.71,121.0,NaN,98.66,151.0,NaN,98.59,31.0,NaN,98.545,NaN,NaN,98.505,NaN,NaN,98.44,NaN,NaN,98.395,NaN,NaN,98.355,NaN,NaN,98.3,NaN,NaN,98.265,98.21,98.17,98.135,98.105,NaN,NaN,NaN,NaN,NaN,NaN,NaN,NaN,NaN,NaN,NaN,NaN,NaN,NaN,NaN,NaN,NaN,NaN,NaN,NaN,NaN,NaN,NaN,NaN,NaN,NaN,NaN,NaN,NaN,NaN,NaN
2015-05-26,NaN,NaN,NaN,NaN,NaN,NaN,NaN,NaN,NaN,NaN,NaN,NaN,99.875,102218.0,2107.0,99.87,76460.0,5393.0,99.86,177669.0,7082.0,99.835,113886.0,7080.0,99.795,62679.0,6733.0,99.745,71454.0,10024.0,99.705,66411.0,8449.0,99.655,55158.0,4333.0,99.595,48718.0,8020.0,99.545,33856.0,793.0,99.495,7207.0,504.0,99.44,7687.0,439.0,99.375,8991.0,234.0,99.315,2570.0,382.0,99.25,4063.0,381.0,99.175,4982.0,139.0,99.13,2881.0,114.0,99.06,1672.0,37.0,98.97,1813.0,3.0,98.91,2492.0,1.0,98.855,525.0,NaN,98.76,526.0,3.0,98.715,121.0,NaN,98.67,151.0,NaN,98.605,31.0,NaN,98.565,NaN,NaN,98.525,NaN,NaN,98.465,NaN,NaN,98.425,NaN,NaN,98.385,NaN,NaN,98.335,NaN,NaN,98.305,98.255,98.215,98.185,98.155,NaN,NaN,NaN,NaN,NaN,NaN,NaN,NaN,NaN,NaN,NaN,NaN,NaN,NaN,NaN,NaN,NaN,NaN,NaN,NaN,NaN,NaN,NaN,NaN,NaN,NaN,NaN,NaN,NaN,NaN,NaN
2015-05-27,NaN,NaN,NaN,NaN,NaN,NaN,NaN,NaN,NaN,NaN,NaN,NaN,99.875,102197.0,63.0,99.87,72335.0,6219.0,99.86,177713.0,3731.0,99.835,112888.0,5569.0,99.795,61466.0,3617.0,99.745,73074.0,5137.0,99.705,65363.0,2496.0,99.655,54936.0,1959.0,99.595,47063.0,4453.0,99.545,34340.0,1025.0,99.495,7234.0,530.0,99.435,7678.0,296.0,99.37,8943.0,154.0,99.31,2551.0,147.0,99.245,3983.0,465.0,99.17,4904.0,210.0,99.125,2958.0,269.0,99.055,1586.0,251.0,98.965,1982.0,239.0,98.91,2329.0,368.0,98.855,526.0,2.0,98.76,526.0,1.0,98.715,121.0,NaN,98.67,151.0,NaN,98.605,31.0,NaN,98.565,NaN,NaN,98.525,NaN,NaN,98.465,NaN,NaN,98.425,NaN,NaN,98.385,NaN,NaN,98.335,NaN,NaN,98.305,98.255,98.215,98.185,98.155,NaN,NaN,NaN,NaN,NaN,NaN,NaN,NaN,NaN,NaN,NaN,NaN,NaN,NaN,NaN,NaN,NaN,NaN,NaN,NaN,NaN,NaN,NaN,NaN,NaN,NaN,NaN,NaN,NaN,NaN,NaN
2015-05-28,NaN,NaN,NaN,NaN,NaN,NaN,NaN,NaN,NaN,NaN,NaN,NaN,99.875,102093.0,129.0,99.87,71383.0,2933.0,99.86,176464.0,2032.0,99.835,116435.0,6569.0,99.795,60738.0,2920.0,99.75,79701.0,10441.0,99.71,64818.0,3337.0,99.66,55162.0,2022.0,99.605,50483.0,5589.0,99.56,35393.0,2396.0,99.51,7630.0,882.0,99.45,8809.0,2226.0,99.385,8756.0,561.0,99.33,2735.0,397.0,99.265,3875.0,484.0,99.195,4854.0,179.0,99.155,2988.0,168.0,99.085,1587.0,18.0,99.0,2026.0,58.0,98.945,2310.0,200.0,98.89,526.0,22.0,98.795,526.0,NaN,98.75,121.0,NaN,98.705,151.0,NaN,98.64,31.0,NaN,98.6,NaN,NaN,98.565,NaN,NaN,98.505,NaN,NaN,98.465,NaN,NaN,98.425,NaN,NaN,98.375,NaN,NaN,98.345,98.295,98.255,98.225,98.195,NaN,NaN,NaN,NaN,NaN,NaN,NaN,NaN,NaN,NaN,NaN,NaN,NaN,NaN,NaN,NaN,NaN,NaN,NaN,NaN,NaN,NaN,NaN,NaN,NaN,NaN,NaN,NaN,NaN,NaN,NaN
2015-05-29,NaN,NaN,NaN,NaN,NaN,NaN,NaN,NaN,NaN,NaN,NaN,NaN,99.875,101906.0,901.0,99.87,71730.0,864.0,99.86,176753.0,10579.0,99.845,115565.0,10642.0,99.805,60535.0,2441.0,99.765,82185.0,7205.0,99.725,65221.0,5116.0,99.68,55971.0,2342.0,99.625,51390.0,2611.0,99.58,36693.0,3319.0,99.53,7692.0,536.0,99.47,8737.0,252.0,99.41,8737.0,126.0,99.355,2741.0,46.0,99.29,3886.0,94.0,99.22,4868.0,86.0,99.18,2991.0,18.0,99.11,1588.0,6.0,99.025,2053.0,31.0,98.97,2137.0,185.0,98.915,539.0,14.0,98.825,528.0,2.0,98.785,120.0,1.0,98.74,151.0,NaN,98.675,31.0,NaN,98.635,NaN,NaN,98.6,NaN,NaN,98.54,NaN,NaN,98.5,NaN,NaN,98.46,NaN,NaN,98.415,NaN,NaN,98.385,98.335,98.295,98.265,98.235,98.2,NaN,NaN,NaN,NaN,NaN,NaN,NaN,NaN,NaN,NaN,NaN,NaN,NaN,NaN,NaN,NaN,NaN,NaN,NaN,NaN,NaN,NaN,NaN,NaN,NaN,NaN,NaN,NaN,NaN,NaN
2015-06-01,NaN,NaN,NaN,NaN,NaN,NaN,NaN,NaN,NaN,NaN,NaN,NaN,NaN,NaN,NaN,99.87,71986.0,1055.0,99.86,177244.0,2015.0,99.845,115579.0,3109.0,99.805,60310.0,1787.0,99.76,83441.0,4581.0,99.72,66351.0,3175.0,99.665,55777.0,3047.0,99.605,55386.0,7230.0,99.56,38365.0,4594.0,99.505,7769.0,772.0,99.445,9895.0,1759.0,99.375,8683.0,490.0,99.32,2881.0,414.0,99.25,3920.0,105.0,99.175,4832.0,120.0,99.13,2996.0,103.0,99.06,1574.0,54.0,98.97,2087.0,43.0,98.91,2040.0,323.0,98.855,538.0,9.0,98.765,528.0,2.0,98.715,120.0,3.0,98.665,151.0,NaN,98.6,31.0,8.0,98.56,NaN,2.0,98.525,NaN,2.0,98.46,NaN,2.0,98.42,NaN,NaN,98.375,NaN,NaN,98.325,NaN,NaN,98.295,98.245,98.205,98.175,98.145,98.11,NaN,NaN,NaN,NaN,NaN,NaN,NaN,NaN,NaN,NaN,NaN,NaN,NaN,NaN,NaN,NaN,NaN,NaN,NaN,NaN,NaN,NaN,NaN,NaN,NaN,NaN,NaN,NaN,NaN,NaN
2015-06-02,NaN,NaN,NaN,NaN,NaN,NaN,NaN,NaN,NaN,NaN,NaN,NaN,NaN,NaN,NaN,99.87,73587.0,3541.0,99.86,175889.0,10826.0,99.84,119688.0,15921.0,99.805,60151.0,5590.0,99.76,86045.0,6912.0,99.72,66316.0,2989.0,99.665,57274.0,4741.0,99.605,55017.0,3701.0,99.56,38688.0,1417.0,99.505,7744.0,935.0,99.445,9949.0,640.0,99.375,8687.0,116.0,99.315,2947.0,216.0,99.245,4060.0,180.0,99.17,4806.0,237.0,99.125,2979.0,160.0,99.05,1612.0,128.0,98.96,2130.0,112.0,98.9,2067.0,41.0,98.845,538.0,26.0,98.75,528.0,NaN,98.695,120.0,NaN,98.645,151.0,NaN,98.575,31.0,NaN,98.53,NaN,NaN,98.49,NaN,NaN,98.42,NaN,NaN,98.375,NaN,NaN,98.33,NaN,NaN,98.28,NaN,NaN,98.245,98.19,98.145,98.115,98.08,98.04,NaN,NaN,NaN,NaN,NaN,NaN,NaN,NaN,NaN,NaN,NaN,NaN,NaN,NaN,NaN,NaN,NaN,NaN,NaN,NaN,NaN,NaN,NaN,NaN,NaN,NaN,NaN,NaN,NaN,NaN
2015-06-03,NaN,NaN,NaN,NaN,NaN,NaN,NaN,NaN,NaN,NaN,NaN,NaN,NaN,NaN,NaN,99.87,73476.0,205.0,99.86,175396.0,962.0,99.84,121724.0,7132.0,99.8,62543.0,5224.0,99.75,87420.0,5076.0,99.715,66336.0,2276.0,99.66,57576.0,2787.0,99.6,58106.0,5890.0,99.55,38874.0,1089.0,99.495,7865.0,1927.0,99.435,11182.0,2114.0,99.365,8968.0,921.0,99.3,3089.0,486.0,99.23,3950.0,429.0,99.15,4856.0,172.0,99.105,2982.0,190.0,99.025,1615.0,38.0,98.935,2155.0,45.0,98.865,2010.0,95.0,98.81,538.0,18.0,98.705,537.0,10.0,98.65,130.0,13.0,98.595,151.0,10.0,98.52,30.0,1.0,98.47,NaN,NaN,98.425,NaN,NaN,98.355,NaN,NaN,98.305,NaN,NaN,98.26,NaN,NaN,98.2,NaN,NaN,98.165,98.105,98.06,98.03,97.99,97.95,NaN,NaN,NaN,NaN,NaN,NaN,NaN,NaN,NaN,NaN,NaN,NaN,NaN,NaN,NaN,NaN,NaN,NaN,NaN,NaN,NaN,NaN,NaN,NaN,NaN,NaN,NaN,NaN,NaN,NaN
2015-06-04,NaN,NaN,NaN,NaN,NaN,NaN,NaN,NaN,NaN,NaN,NaN,NaN,NaN,NaN,NaN,99.87,73381.0,714.0,99.86,176302.0,3974.0,99.84,126095.0,13124.0,99.8,60756.0,7161.0,99.75,92818.0,12323.0,99.715,66436.0,4735.0,99.66,57087.0,2406.0,99.6,60624.0,6966.0,99.55,38809.0,2381.0,99.495,8214.0,1528.0,99.435,11653.0,1243.0,99.365,9023.0,606.0,99.305,3128.0,222.0,99.235,3953.0,133.0,99.16,4799.0,393.0,99.115,2967.0,383.0,99.04,1630.0,49.0,98.95,2183.0,34.0,98.885,2029.0,77.0,98.83,538.0,8.0,98.725,537.0,NaN,98.67,120.0,20.0,98.615,151.0,7.0,98.54,25.0,25.0,98.495,NaN,NaN,98.45,NaN,NaN,98.38,NaN,NaN,98.335,NaN,NaN,98.29,NaN,NaN,98.235,NaN,NaN,98.2,98.145,98.1,98.07,98.03,97.99,NaN,NaN,NaN,NaN,NaN,NaN,NaN,NaN,NaN,NaN,NaN,NaN,NaN,NaN,NaN,NaN,NaN,NaN,NaN,NaN,NaN,NaN,NaN,NaN,NaN,NaN,NaN,NaN,NaN,NaN
2015-06-05,NaN,NaN,NaN,NaN,NaN,NaN,NaN,NaN,NaN,NaN,NaN,NaN,NaN,NaN,NaN,99.87,73628.0,3669.0,99.86,173503.0,15857.0,99.84,134287.0,26301.0,99.79,62014.0,8871.0,99.725,98932.0,20886.0,99.69,67072.0,14696.0,99.625,58547.0,8930.0,99.56,56248.0,16760.0,99.51,39120.0,5513.0,99.45,8698.0,3373.0,99.38,11997.0,1757.0,99.31,9269.0,1230.0,99.25,2906.0,343.0,99.175,4143.0,426.0,99.1,4836.0,282.0,99.05,2887.0,265.0,98.975,1640.0,68.0,98.88,2201.0,36.0,98.81,2093.0,93.0,98.75,541.0,11.0,98.645,551.0,14.0,98.59,136.0,35.0,98.535,151.0,24.0,98.46,49.0,26.0,98.415,NaN,NaN,98.37,NaN,NaN,98.295,NaN,NaN,98.25,NaN,NaN,98.205,NaN,NaN,98.15,NaN,NaN,98.11,98.055,98.01,97.975,97.935,97.895,NaN,NaN,NaN,NaN,NaN,NaN,NaN,NaN,NaN,NaN,NaN,NaN,NaN,NaN,NaN,NaN,NaN,NaN,NaN,NaN,NaN,NaN,NaN,NaN,NaN,NaN,NaN,NaN,NaN,NaN
2015-06-08,NaN,NaN,NaN,NaN,NaN,NaN,NaN,NaN,NaN,NaN,NaN,NaN,NaN,NaN,NaN,99.87,71898.0,2378.0,99.86,176119.0,4893.0,99.84,134212.0,5042.0,99.79,61977.0,2411.0,99.73,98656.0,2309.0,99.695,66911.0,1939.0,99.635,58818.0,1294.0,99.575,56062.0,2826.0,99.525,39060.0,848.0,99.47,8509.0,556.0,99.41,12067.0,660.0,99.34,10105.0,1101.0,99.28,3074.0,252.0,99.205,4210.0,174.0,99.13,4870.0,220.0,99.08,2975.0,186.0,99.005,1644.0,4.0,98.91,2200.0,32.0,98.84,2148.0,163.0,98.785,518.0,38.0,98.68,557.0,6.0,98.625,132.0,17.0,98.57,151.0,2.0,98.495,49.0,NaN,98.45,NaN,NaN,98.405,NaN,NaN,98.33,NaN,NaN,98.285,NaN,NaN,98.24,NaN,NaN,98.185,NaN,NaN,98.145,98.09,98.045,98.01,97.97,97.93,NaN,NaN,NaN,NaN,NaN,NaN,NaN,NaN,NaN,NaN,NaN,NaN,NaN,NaN,NaN,NaN,NaN,NaN,NaN,NaN,NaN,NaN,NaN,NaN,NaN,NaN,NaN,NaN,NaN,NaN
2015-06-09,NaN,NaN,NaN,NaN,NaN,NaN,NaN,NaN,NaN,NaN,NaN,NaN,NaN,NaN,NaN,99.87,68533.0,3822.0,99.86,176036.0,4948.0,99.84,134233.0,4333.0,99.79,62248.0,3294.0,99.73,99395.0,5386.0,99.69,67786.0,3271.0,99.63,58197.0,1584.0,99.57,56355.0,5824.0,99.515,40395.0,2973.0,99.46,8506.0,921.0,99.39,11969.0,512.0,99.32,10409.0,1190.0,99.255,3264.0,398.0,99.18,4258.0,497.0,99.1,5197.0,423.0,99.05,2975.0,180.0,98.975,1623.0,44.0,98.88,2305.0,108.0,98.81,2178.0,49.0,98.755,518.0,NaN,98.65,557.0,3.0,98.595,131.0,1.0,98.54,151.0,NaN,98.465,49.0,NaN,98.415,NaN,NaN,98.365,NaN,NaN,98.29,NaN,NaN,98.245,NaN,NaN,98.2,NaN,NaN,98.145,NaN,NaN,98.105,98.05,98.005,97.97,97.93,97.89,NaN,NaN,NaN,NaN,NaN,NaN,NaN,NaN,NaN,NaN,NaN,NaN,NaN,NaN,NaN,NaN,NaN,NaN,NaN,NaN,NaN,NaN,NaN,NaN,NaN,NaN,NaN,NaN,NaN,NaN
2015-06-10,NaN,NaN,NaN,NaN,NaN,NaN,NaN,NaN,NaN,NaN,NaN,NaN,NaN,NaN,NaN,99.87,68494.0,95.0,99.86,178732.0,7173.0,99.84,141704.0,12921.0,99.79,63221.0,1823.0,99.725,97577.0,5947.0,99.685,67824.0,5742.0,99.625,57871.0,768.0,99.56,53898.0,7163.0,99.505,40542.0,1553.0,99.44,8422.0,795.0,99.37,12058.0,440.0,99.3,10487.0,588.0,99.235,3283.0,537.0,99.16,4347.0,124.0,99.075,5178.0,120.0,99.025,3009.0,107.0,98.95,1582.0,102.0,98.855,2304.0,62.0,98.785,2207.0,45.0,98.73,518.0,NaN,98.62,566.0,9.0,98.565,139.0,8.0,98.5,158.0,14.0,98.425,49.0,NaN,98.375,NaN,NaN,98.325,NaN,NaN,98.25,NaN,NaN,98.205,NaN,NaN,98.16,NaN,NaN,98.1,NaN,NaN,98.06,98.005,97.96,97.925,97.885,97.84,NaN,NaN,NaN,NaN,NaN,NaN,NaN,NaN,NaN,NaN,NaN,NaN,NaN,NaN,NaN,NaN,NaN,NaN,NaN,NaN,NaN,NaN,NaN,NaN,NaN,NaN,NaN,NaN,NaN,NaN
2015-06-11,NaN,NaN,NaN,NaN,NaN,NaN,NaN,NaN,NaN,NaN,NaN,NaN,NaN,NaN,NaN,99.87,68555.0,121.0,99.86,181218.0,4407.0,99.84,145380.0,12725.0,99.79,62025.0,8183.0,99.725,101488.0,12535.0,99.685,68011.0,8473.0,99.62,55119.0,5274.0,99.555,55454.0,12837.0,99.5,41363.0,3733.0,99.435,8701.0,2420.0,99.37,11996.0,649.0,99.305,10419.0,739.0,99.24,3039.0,575.0,99.165,4302.0,416.0,99.085,5296.0,733.0,99.04,3370.0,682.0,98.965,1753.0,280.0,98.87,2261.0,54.0,98.8,2224.0,34.0,98.745,518.0,1.0,98.645,566.0,2.0,98.59,140.0,1.0,98.535,158.0,31.0,98.46,49.0,NaN,98.41,NaN,NaN,98.36,NaN,NaN,98.295,NaN,NaN,98.25,NaN,NaN,98.205,NaN,NaN,98.15,NaN,NaN,98.115,98.065,98.02,97.985,97.95,97.91,NaN,NaN,NaN,NaN,NaN,NaN,NaN,NaN,NaN,NaN,NaN,NaN,NaN,NaN,NaN,NaN,NaN,NaN,NaN,NaN,NaN,NaN,NaN,NaN,NaN,NaN,NaN,NaN,NaN,NaN
2015-06-12,NaN,NaN,NaN,NaN,NaN,NaN,NaN,NaN,NaN,NaN,NaN,NaN,NaN,NaN,NaN,99.87,71201.0,4153.0,99.86,183568.0,9422.0,99.84,150456.0,15226.0,99.79,64214.0,9515.0,99.725,98241.0,14227.0,99.685,71654.0,13933.0,99.62,54419.0,4356.0,99.555,55543.0,4715.0,99.495,41612.0,1464.0,99.435,9483.0,1750.0,99.37,11959.0,515.0,99.3,10420.0,405.0,99.235,3196.0,409.0,99.16,4676.0,931.0,99.085,5404.0,556.0,99.04,3646.0,532.0,98.965,1705.0,154.0,98.87,2246.0,50.0,98.8,2251.0,68.0,98.745,527.0,19.0,98.645,585.0,29.0,98.59,149.0,25.0,98.535,158.0,3.0,98.46,49.0,NaN,98.41,NaN,NaN,98.36,NaN,NaN,98.295,NaN,NaN,98.25,NaN,NaN,98.205,NaN,NaN,98.15,NaN,NaN,98.115,98.065,98.02,97.985,97.95,97.91,NaN,NaN,NaN,NaN,NaN,NaN,NaN,NaN,NaN,NaN,NaN,NaN,NaN,NaN,NaN,NaN,NaN,NaN,NaN,NaN,NaN,NaN,NaN,NaN,NaN,NaN,NaN,NaN,NaN,NaN
2015-06-15,NaN,NaN,NaN,NaN,NaN,NaN,NaN,NaN,NaN,NaN,NaN,NaN,NaN,NaN,NaN,99.87,71430.0,515.0,99.86,183443.0,7670.0,99.845,149193.0,16346.0,99.8,65416.0,7050.0,99.735,98956.0,13707.0,99.7,75323.0,7070.0,99.635,54633.0,2470.0,99.57,61673.0,10251.0,99.52,41657.0,2393.0,99.46,9369.0,607.0,99.395,12083.0,545.0,99.325,10424.0,349.0,99.26,3453.0,390.0,99.19,4644.0,371.0,99.115,5262.0,278.0,99.07,3796.0,348.0,98.995,1718.0,30.0,98.9,2234.0,67.0,98.83,2229.0,106.0,98.775,522.0,65.0,98.675,642.0,59.0,98.62,178.0,38.0,98.565,158.0,NaN,98.49,49.0,NaN,98.44,NaN,NaN,98.39,NaN,NaN,98.33,NaN,NaN,98.285,NaN,NaN,98.24,NaN,NaN,98.185,NaN,NaN,98.15,98.1,98.055,98.02,97.985,97.945,NaN,NaN,NaN,NaN,NaN,NaN,NaN,NaN,NaN,NaN,NaN,NaN,NaN,NaN,NaN,NaN,NaN,NaN,NaN,NaN,NaN,NaN,NaN,NaN,NaN,NaN,NaN,NaN,NaN,NaN
2015-06-16,NaN,NaN,NaN,NaN,NaN,NaN,NaN,NaN,NaN,NaN,NaN,NaN,NaN,NaN,NaN,99.87,71300.0,132.0,99.86,184915.0,9933.0,99.845,152341.0,11896.0,99.8,64715.0,8625.0,99.74,99611.0,5554.0,99.705,74852.0,5785.0,99.645,55048.0,5935.0,99.58,65137.0,11338.0,99.53,42351.0,3505.0,99.47,9182.0,468.0,99.405,12287.0,916.0,99.34,10500.0,427.0,99.275,3480.0,233.0,99.205,4650.0,127.0,99.13,5275.0,203.0,99.085,4640.0,1076.0,99.01,1762.0,111.0,98.92,2540.0,375.0,98.85,2393.0,360.0,98.795,522.0,3.0,98.695,652.0,15.0,98.64,236.0,99.0,98.585,158.0,NaN,98.515,49.0,NaN,98.465,10.0,10.0,98.42,NaN,NaN,98.36,NaN,NaN,98.32,NaN,NaN,98.275,NaN,NaN,98.22,NaN,NaN,98.185,98.135,98.09,98.055,98.02,97.98,NaN,NaN,NaN,NaN,NaN,NaN,NaN,NaN,NaN,NaN,NaN,NaN,NaN,NaN,NaN,NaN,NaN,NaN,NaN,NaN,NaN,NaN,NaN,NaN,NaN,NaN,NaN,NaN,NaN,NaN
2015-06-17,NaN,NaN,NaN,NaN,NaN,NaN,NaN,NaN,NaN,NaN,NaN,NaN,NaN,NaN,NaN,99.87,77945.0,26359.0,99.865,186005.0,27665.0,99.86,153637.0,56515.0,99.82,66413.0,24325.0,99.77,97941.0,42582.0,99.735,73445.0,19611.0,99.675,56097.0,9953.0,99.615,66159.0,19944.0,99.565,42073.0,3288.0,99.505,9213.0,2194.0,99.445,12357.0,913.0,99.38,10572.0,557.0,99.315,3544.0,367.0,99.245,5118.0,856.0,99.17,5495.0,473.0,99.125,4945.0,593.0,99.05,1785.0,244.0,98.965,2667.0,269.0,98.9,2409.0,322.0,98.845,508.0,108.0,98.745,652.0,29.0,98.69,251.0,48.0,98.635,158.0,NaN,98.565,49.0,NaN,98.52,10.0,NaN,98.475,NaN,NaN,98.415,NaN,NaN,98.375,NaN,NaN,98.33,NaN,NaN,98.275,NaN,NaN,98.24,98.19,98.145,98.11,98.075,98.035,NaN,NaN,NaN,NaN,NaN,NaN,NaN,NaN,NaN,NaN,NaN,NaN,NaN,NaN,NaN,NaN,NaN,NaN,NaN,NaN,NaN,NaN,NaN,NaN,NaN,NaN,NaN,NaN,NaN,NaN
2015-06-18,NaN,NaN,NaN,NaN,NaN,NaN,NaN,NaN,NaN,NaN,NaN,NaN,NaN,NaN,NaN,99.8675,63764.0,17225.0,99.865,177769.0,36446.0,99.86,149406.0,15604.0,99.82,67882.0,6186.0,99.78,97712.0,22399.0,99.74,75396.0,9866.0,99.68,58275.0,11447.0,99.625,67240.0,19410.0,99.57,42883.0,4079.0,99.515,9144.0,1958.0,99.46,12422.0,1543.0,99.395,10589.0,852.0,99.33,3451.0,910.0,99.265,4923.0,752.0,99.19,5477.0,360.0,99.145,5082.0,594.0,99.075,1768.0,96.0,98.99,2747.0,210.0,98.925,2378.0,347.0,98.875,369.0,289.0,98.775,596.0,109.0,98.72,240.0,22.0,98.665,158.0,NaN,98.595,49.0,NaN,98.55,10.0,NaN,98.505,NaN,NaN,98.445,NaN,NaN,98.395,NaN,NaN,98.35,NaN,NaN,98.295,NaN,NaN,98.25,98.195,98.145,98.11,98.07,98.025,NaN,NaN,NaN,NaN,NaN,NaN,NaN,NaN,NaN,NaN,NaN,NaN,NaN,NaN,NaN,NaN,NaN,NaN,NaN,NaN,NaN,NaN,NaN,NaN,NaN,NaN,NaN,NaN,NaN,NaN
2015-06-19,NaN,NaN,NaN,NaN,NaN,NaN,NaN,NaN,NaN,NaN,NaN,NaN,NaN,NaN,NaN,99.8675,63683.0,788.0,99.865,177684.0,8346.0,99.86,149139.0,12827.0,99.825,66877.0,3626.0,99.785,100695.0,14071.0,99.75,79675.0,8431.0,99.695,58484.0,2289.0,99.645,68408.0,8360.0,99.595,43825.0,2830.0,99.54,8898.0,724.0,99.485,11900.0,1021.0,99.425,10773.0,385.0,99.365,3461.0,137.0,99.305,5070.0,424.0,99.235,5354.0,243.0,99.19,5007.0,366.0,99.12,1785.0,67.0,99.04,2948.0,223.0,98.975,3952.0,2798.0,98.925,327.0,89.0,98.825,580.0,25.0,98.775,243.0,23.0,98.72,158.0,NaN,98.655,49.0,NaN,98.615,10.0,NaN,98.57,NaN,NaN,98.51,NaN,NaN,98.46,NaN,NaN,98.415,NaN,NaN,98.36,NaN,NaN,98.315,98.26,98.215,98.18,98.14,98.1,NaN,NaN,NaN,NaN,NaN,NaN,NaN,NaN,NaN,NaN,NaN,NaN,NaN,NaN,NaN,NaN,NaN,NaN,NaN,NaN,NaN,NaN,NaN,NaN,NaN,NaN,NaN,NaN,NaN,NaN
2015-06-22,NaN,NaN,NaN,NaN,NaN,NaN,NaN,NaN,NaN,NaN,NaN,NaN,NaN,NaN,NaN,99.8675,64327.0,9692.0,99.865,176050.0,4432.0,99.86,151079.0,7809.0,99.825,68610.0,2789.0,99.785,101174.0,5918.0,99.75,80548.0,3878.0,99.69,58975.0,2815.0,99.635,67550.0,3314.0,99.59,43972.0,1412.0,99.535,8939.0,514.0,99.475,11279.0,1207.0,99.41,10975.0,599.0,99.35,3693.0,678.0,99.29,5392.0,556.0,99.22,5432.0,202.0,99.17,5276.0,571.0,99.1,1782.0,5.0,99.01,2950.0,26.0,98.94,3845.0,589.0,98.89,327.0,NaN,98.79,577.0,3.0,98.74,243.0,NaN,98.685,158.0,NaN,98.62,49.0,NaN,98.58,10.0,NaN,98.535,NaN,NaN,98.475,NaN,NaN,98.425,NaN,NaN,98.38,NaN,NaN,98.325,NaN,NaN,98.28,98.225,98.18,98.145,98.105,98.065,NaN,NaN,NaN,NaN,NaN,NaN,NaN,NaN,NaN,NaN,NaN,NaN,NaN,NaN,NaN,NaN,NaN,NaN,NaN,NaN,NaN,NaN,NaN,NaN,NaN,NaN,NaN,NaN,NaN,NaN
2015-06-23,NaN,NaN,NaN,NaN,NaN,NaN,NaN,NaN,NaN,NaN,NaN,NaN,NaN,NaN,NaN,99.8675,64252.0,171.0,99.865,173690.0,4903.0,99.86,150636.0,5275.0,99.825,70244.0,7717.0,99.78,101358.0,11893.0,99.74,81003.0,4147.0,99.685,58973.0,3134.0,99.625,67564.0,1485.0,99.575,43866.0,1823.0,99.52,9063.0,1029.0,99.46,10969.0,2439.0,99.395,11156.0,641.0,99.335,3384.0,803.0,99.27,5047.0,476.0,99.195,5424.0,209.0,99.145,5246.0,719.0,99.075,1799.0,43.0,98.985,2944.0,9.0,98.915,3856.0,277.0,98.865,326.0,1.0,98.765,577.0,NaN,98.715,239.0,21.0,98.66,158.0,NaN,98.595,49.0,NaN,98.555,10.0,NaN,98.51,NaN,NaN,98.45,NaN,NaN,98.4,NaN,NaN,98.355,NaN,NaN,98.3,NaN,NaN,98.255,98.2,98.155,98.12,98.08,98.04,NaN,NaN,NaN,NaN,NaN,NaN,NaN,NaN,NaN,NaN,NaN,NaN,NaN,NaN,NaN,NaN,NaN,NaN,NaN,NaN,NaN,NaN,NaN,NaN,NaN,NaN,NaN,NaN,NaN,NaN
2015-06-24,NaN,NaN,NaN,NaN,NaN,NaN,NaN,NaN,NaN,NaN,NaN,NaN,NaN,NaN,NaN,99.87,66135.0,3964.0,99.865,173750.0,3423.0,99.86,150451.0,4468.0,99.825,72038.0,3790.0,99.78,103423.0,5886.0,99.745,82473.0,7002.0,99.69,58733.0,2970.0,99.635,68806.0,4127.0,99.585,44148.0,1937.0,99.53,9215.0,2500.0,99.475,11051.0,1889.0,99.415,11248.0,760.0,99.355,3900.0,854.0,99.29,5370.0,628.0,99.215,5617.0,464.0,99.17,5802.0,1139.0,99.1,1870.0,352.0,99.01,2941.0,39.0,98.94,3877.0,289.0,98.89,326.0,19.0,98.79,577.0,5.0,98.74,239.0,NaN,98.685,158.0,2.0,98.62,49.0,7.0,98.575,10.0,NaN,98.525,NaN,NaN,98.45,NaN,NaN,98.4,NaN,NaN,98.35,NaN,NaN,98.285,NaN,NaN,98.24,98.185,98.14,98.1,98.06,98.015,NaN,NaN,NaN,NaN,NaN,NaN,NaN,NaN,NaN,NaN,NaN,NaN,NaN,NaN,NaN,NaN,NaN,NaN,NaN,NaN,NaN,NaN,NaN,NaN,NaN,NaN,NaN,NaN,NaN,NaN
2015-06-25,NaN,NaN,NaN,NaN,NaN,NaN,NaN,NaN,NaN,NaN,NaN,NaN,NaN,NaN,NaN,99.87,66130.0,22.0,99.865,174590.0,2921.0,99.86,153698.0,5466.0,99.825,73765.0,3101.0,99.78,108000.0,6648.0,99.745,83091.0,8314.0,99.69,58170.0,3835.0,99.63,73273.0,11806.0,99.585,44297.0,1097.0,99.53,9261.0,586.0,99.47,10658.0,835.0,99.41,11630.0,946.0,99.35,3980.0,251.0,99.285,5605.0,1050.0,99.21,6121.0,728.0,99.165,5874.0,518.0,99.095,1882.0,58.0,99.005,2911.0,81.0,98.935,2912.0,4677.0,98.885,329.0,39.0,98.78,573.0,4.0,98.73,239.0,18.0,98.665,158.0,1.0,98.59,49.0,NaN,98.54,10.0,NaN,98.49,NaN,NaN,98.415,NaN,NaN,98.365,NaN,NaN,98.315,NaN,NaN,98.25,NaN,NaN,98.205,98.15,98.105,98.065,98.025,97.98,NaN,NaN,NaN,NaN,NaN,NaN,NaN,NaN,NaN,NaN,NaN,NaN,NaN,NaN,NaN,NaN,NaN,NaN,NaN,NaN,NaN,NaN,NaN,NaN,NaN,NaN,NaN,NaN,NaN,NaN
2015-06-26,NaN,NaN,NaN,NaN,NaN,NaN,NaN,NaN,NaN,NaN,NaN,NaN,NaN,NaN,NaN,99.87,66125.0,39.0,99.865,172970.0,6338.0,99.86,155177.0,11944.0,99.825,73037.0,5055.0,99.78,108298.0,9578.0,99.745,83662.0,2429.0,99.68,58220.0,1487.0,99.62,73794.0,2674.0,99.57,43921.0,1502.0,99.515,9476.0,558.0,99.45,10257.0,604.0,99.385,11675.0,151.0,99.325,3981.0,26.0,99.255,5567.0,85.0,99.18,6258.0,285.0,99.135,5870.0,250.0,99.06,1949.0,166.0,98.97,2941.0,164.0,98.9,2371.0,1355.0,98.845,334.0,45.0,98.735,573.0,59.0,98.68,278.0,71.0,98.615,158.0,NaN,98.54,49.0,NaN,98.49,10.0,NaN,98.44,NaN,NaN,98.365,NaN,NaN,98.315,NaN,NaN,98.265,NaN,NaN,98.2,NaN,NaN,98.155,98.1,98.055,98.015,97.975,97.93,NaN,NaN,NaN,NaN,NaN,NaN,NaN,NaN,NaN,NaN,NaN,NaN,NaN,NaN,NaN,NaN,NaN,NaN,NaN,NaN,NaN,NaN,NaN,NaN,NaN,NaN,NaN,NaN,NaN,NaN
2015-06-29,NaN,NaN,NaN,NaN,NaN,NaN,NaN,NaN,NaN,NaN,NaN,NaN,NaN,NaN,NaN,99.87,66489.0,1957.0,99.865,171137.0,3057.0,99.86,149327.0,19002.0,99.835,69502.0,12224.0,99.8,101792.0,26940.0,99.765,87132.0,15929.0,99.705,61558.0,13396.0,99.655,83188.0,26029.0,99.61,44443.0,4798.0,99.555,9583.0,3229.0,99.5,15507.0,7114.0,99.445,12286.0,1790.0,99.385,4138.0,882.0,99.32,5722.0,699.0,99.25,6240.0,397.0,99.205,5757.0,299.0,99.13,1922.0,120.0,99.05,2964.0,116.0,98.98,4336.0,2157.0,98.925,333.0,1.0,98.82,575.0,2.0,98.775,330.0,82.0,98.72,159.0,3.0,98.645,49.0,3.0,98.595,10.0,2.0,98.545,NaN,NaN,98.475,NaN,NaN,98.425,NaN,NaN,98.38,NaN,NaN,98.32,NaN,NaN,98.28,98.23,98.185,98.145,98.105,98.06,NaN,NaN,NaN,NaN,NaN,NaN,NaN,NaN,NaN,NaN,NaN,NaN,NaN,NaN,NaN,NaN,NaN,NaN,NaN,NaN,NaN,NaN,NaN,NaN,NaN,NaN,NaN,NaN,NaN,NaN
2015-06-30,NaN,NaN,NaN,NaN,NaN,NaN,NaN,NaN,NaN,NaN,NaN,NaN,NaN,NaN,NaN,99.87,66484.0,188.0,99.865,167374.0,7424.0,99.86,147318.0,4822.0,99.835,70380.0,3612.0,99.8,101476.0,14478.0,99.765,90863.0,8664.0,99.705,63152.0,7004.0,99.655,84237.0,9471.0,99.61,44702.0,2874.0,99.555,9836.0,1456.0,99.49,15852.0,2098.0,99.435,12289.0,213.0,99.375,4059.0,264.0,99.31,5643.0,166.0,99.24,6081.0,210.0,99.195,5861.0,694.0,99.12,1942.0,50.0,99.04,2966.0,39.0,98.97,4322.0,143.0,98.915,324.0,25.0,98.81,576.0,3.0,98.765,411.0,119.0,98.71,159.0,NaN,98.635,49.0,NaN,98.585,10.0,16.0,98.535,NaN,NaN,98.47,NaN,NaN,98.42,8.0,8.0,98.375,NaN,NaN,98.315,NaN,NaN,98.275,98.225,98.18,98.14,98.1,98.055,98.01,NaN,NaN,NaN,NaN,NaN,NaN,NaN,NaN,NaN,NaN,NaN,NaN,NaN,NaN,NaN,NaN,NaN,NaN,NaN,NaN,NaN,NaN,NaN,NaN,NaN,NaN,NaN,NaN,NaN
2015-07-01,NaN,NaN,NaN,NaN,NaN,NaN,NaN,NaN,NaN,NaN,NaN,NaN,NaN,NaN,NaN,NaN,NaN,NaN,99.865,167331.0,328.0,99.86,147916.0,2147.0,99.83,74649.0,7433.0,99.785,104907.0,14246.0,99.75,88654.0,8793.0,99.685,62589.0,8111.0,99.625,84198.0,3939.0,99.575,44432.0,2724.0,99.515,9457.0,1488.0,99.45,15857.0,695.0,99.395,12481.0,537.0,99.335,4020.0,232.0,99.27,5679.0,276.0,99.2,6292.0,1308.0,99.155,5851.0,284.0,99.075,1959.0,127.0,98.99,2919.0,237.0,98.92,2575.0,2617.0,98.865,382.0,72.0,98.76,620.0,44.0,98.71,416.0,12.0,98.655,159.0,NaN,98.58,49.0,NaN,98.53,10.0,NaN,98.48,NaN,NaN,98.415,NaN,NaN,98.365,8.0,NaN,98.315,NaN,NaN,98.255,NaN,NaN,98.21,98.16,98.11,98.07,98.03,97.985,97.94,NaN,NaN,NaN,NaN,NaN,NaN,NaN,NaN,NaN,NaN,NaN,NaN,NaN,NaN,NaN,NaN,NaN,NaN,NaN,NaN,NaN,NaN,NaN,NaN,NaN,NaN,NaN,NaN,NaN
2015-07-02,NaN,NaN,NaN,NaN,NaN,NaN,NaN,NaN,NaN,NaN,NaN,NaN,NaN,NaN,NaN,NaN,NaN,NaN,99.865,163387.0,6773.0,99.86,144933.0,23724.0,99.835,72069.0,13073.0,99.795,107482.0,30463.0,99.77,92036.0,33516.0,99.71,60541.0,13206.0,99.655,85139.0,12586.0,99.605,46271.0,12641.0,99.55,9256.0,2805.0,99.49,17367.0,4477.0,99.44,12427.0,1085.0,99.38,3758.0,1011.0,99.315,5783.0,523.0,99.245,6290.0,269.0,99.2,5971.0,266.0,99.12,1978.0,125.0,99.035,2940.0,101.0,98.97,2597.0,56.0,98.915,389.0,13.0,98.81,625.0,5.0,98.76,411.0,33.0,98.705,161.0,8.0,98.63,48.0,5.0,98.58,9.0,4.0,98.53,NaN,NaN,98.465,NaN,NaN,98.415,8.0,NaN,98.365,NaN,NaN,98.305,NaN,NaN,98.26,98.21,98.16,98.12,98.08,98.035,97.995,NaN,NaN,NaN,NaN,NaN,NaN,NaN,NaN,NaN,NaN,NaN,NaN,NaN,NaN,NaN,NaN,NaN,NaN,NaN,NaN,NaN,NaN,NaN,NaN,NaN,NaN,NaN,NaN,NaN
2015-07-06,NaN,NaN,NaN,NaN,NaN,NaN,NaN,NaN,NaN,NaN,NaN,NaN,NaN,NaN,NaN,NaN,NaN,NaN,99.865,161650.0,7290.0,99.86,147149.0,11656.0,99.84,74604.0,10101.0,99.8,111471.0,21862.0,99.78,93467.0,10142.0,99.725,61320.0,5894.0,99.675,88427.0,10582.0,99.635,46110.0,4700.0,99.585,9070.0,649.0,99.53,18612.0,2891.0,99.485,12420.0,626.0,99.425,3734.0,486.0,99.365,5981.0,723.0,99.3,6248.0,192.0,99.26,5995.0,233.0,99.19,1982.0,36.0,99.11,3004.0,77.0,99.045,2569.0,90.0,98.995,389.0,12.0,98.89,625.0,NaN,98.84,417.0,25.0,98.79,161.0,NaN,98.72,48.0,NaN,98.675,9.0,NaN,98.63,NaN,NaN,98.565,NaN,NaN,98.52,8.0,NaN,98.47,NaN,NaN,98.41,NaN,NaN,98.37,98.32,98.27,98.23,98.19,98.145,98.11,NaN,NaN,NaN,NaN,NaN,NaN,NaN,NaN,NaN,NaN,NaN,NaN,NaN,NaN,NaN,NaN,NaN,NaN,NaN,NaN,NaN,NaN,NaN,NaN,NaN,NaN,NaN,NaN,NaN
2015-07-07,NaN,NaN,NaN,NaN,NaN,NaN,NaN,NaN,NaN,NaN,NaN,NaN,NaN,NaN,NaN,NaN,NaN,NaN,99.8675,161202.0,1436.0,99.865,146879.0,5479.0,99.845,75054.0,2165.0,99.815,112623.0,19932.0,99.795,97929.0,17577.0,99.745,62740.0,4642.0,99.695,90208.0,9554.0,99.655,47866.0,4454.0,99.61,8743.0,3232.0,99.555,18866.0,1825.0,99.51,12911.0,1846.0,99.45,4063.0,842.0,99.39,6143.0,303.0,99.33,6179.0,315.0,99.29,5996.0,183.0,99.22,1964.0,167.0,99.14,3015.0,39.0,99.075,2527.0,118.0,99.025,380.0,49.0,98.92,627.0,8.0,98.87,416.0,10.0,98.82,164.0,29.0,98.75,25.0,32.0,98.705,19.0,10.0,98.66,NaN,NaN,98.595,NaN,NaN,98.55,8.0,NaN,98.5,NaN,NaN,98.44,NaN,NaN,98.4,98.35,98.3,98.26,98.22,98.175,98.14,NaN,NaN,NaN,NaN,NaN,NaN,NaN,NaN,NaN,NaN,NaN,NaN,NaN,NaN,NaN,NaN,NaN,NaN,NaN,NaN,NaN,NaN,NaN,NaN,NaN,NaN,NaN,NaN,NaN
2015-07-08,NaN,NaN,NaN,NaN,NaN,NaN,NaN,NaN,NaN,NaN,NaN,NaN,NaN,NaN,NaN,NaN,NaN,NaN,99.8675,161111.0,1151.0,99.865,146986.0,2752.0,99.85,75179.0,12097.0,99.82,116610.0,20223.0,99.805,103004.0,11734.0,99.755,64861.0,5905.0,99.71,90532.0,8443.0,99.675,48491.0,3914.0,99.63,9005.0,2210.0,99.585,19487.0,1924.0,99.54,13574.0,1411.0,99.485,4189.0,597.0,99.425,6249.0,299.0,99.365,6408.0,517.0,99.325,5983.0,324.0,99.255,1975.0,147.0,99.18,2960.0,77.0,99.115,2519.0,69.0,99.065,380.0,NaN,98.965,627.0,2.0,98.92,416.0,NaN,98.87,175.0,11.0,98.8,25.0,NaN,98.755,19.0,NaN,98.71,NaN,NaN,98.645,NaN,NaN,98.6,8.0,NaN,98.55,NaN,NaN,98.49,NaN,NaN,98.45,98.4,98.35,98.31,98.27,98.225,98.19,NaN,NaN,NaN,NaN,NaN,NaN,NaN,NaN,NaN,NaN,NaN,NaN,NaN,NaN,NaN,NaN,NaN,NaN,NaN,NaN,NaN,NaN,NaN,NaN,NaN,NaN,NaN,NaN,NaN
2015-07-09,NaN,NaN,NaN,NaN,NaN,NaN,NaN,NaN,NaN,NaN,NaN,NaN,NaN,NaN,NaN,NaN,NaN,NaN,99.8675,156322.0,11610.0,99.865,143628.0,14674.0,99.845,77318.0,7488.0,99.81,129652.0,28567.0,99.79,108658.0,13794.0,99.735,65660.0,10444.0,99.69,89991.0,8550.0,99.655,49222.0,2814.0,99.61,9529.0,1108.0,99.555,19452.0,360.0,99.51,13682.0,252.0,99.455,4200.0,167.0,99.395,6359.0,156.0,99.335,6513.0,284.0,99.295,5888.0,220.0,99.225,1973.0,28.0,99.15,2997.0,59.0,99.085,2591.0,229.0,99.035,329.0,77.0,98.935,616.0,132.0,98.89,416.0,5.0,98.84,175.0,NaN,98.77,114.0,90.0,98.715,19.0,NaN,98.67,NaN,NaN,98.605,NaN,NaN,98.555,8.0,NaN,98.505,NaN,NaN,98.445,NaN,NaN,98.405,98.35,98.3,98.26,98.22,98.175,98.135,NaN,NaN,NaN,NaN,NaN,NaN,NaN,NaN,NaN,NaN,NaN,NaN,NaN,NaN,NaN,NaN,NaN,NaN,NaN,NaN,NaN,NaN,NaN,NaN,NaN,NaN,NaN,NaN,NaN
2015-07-10,NaN,NaN,NaN,NaN,NaN,NaN,NaN,NaN,NaN,NaN,NaN,NaN,NaN,NaN,NaN,NaN,NaN,NaN,99.8675,153880.0,4309.0,99.865,140342.0,10775.0,99.835,71849.0,12804.0,99.795,126844.0,27499.0,99.765,112719.0,15875.0,99.705,65785.0,4335.0,99.65,91639.0,10954.0,99.61,48793.0,4275.0,99.56,9431.0,1559.0,99.495,19114.0,1168.0,99.445,13727.0,444.0,99.39,4138.0,397.0,99.32,6488.0,383.0,99.255,6625.0,403.0,99.21,5881.0,623.0,99.14,1942.0,201.0,99.06,3031.0,118.0,98.995,2627.0,247.0,98.94,385.0,61.0,98.84,620.0,7.0,98.79,413.0,3.0,98.73,175.0,NaN,98.655,114.0,NaN,98.6,19.0,NaN,98.555,NaN,NaN,98.49,NaN,NaN,98.44,8.0,NaN,98.39,NaN,NaN,98.33,NaN,NaN,98.29,98.235,98.185,98.145,98.1,98.055,98.015,NaN,NaN,NaN,NaN,NaN,NaN,NaN,NaN,NaN,NaN,NaN,NaN,NaN,NaN,NaN,NaN,NaN,NaN,NaN,NaN,NaN,NaN,NaN,NaN,NaN,NaN,NaN,NaN,NaN
2015-07-13,NaN,NaN,NaN,NaN,NaN,NaN,NaN,NaN,NaN,NaN,NaN,NaN,NaN,NaN,NaN,NaN,NaN,NaN,99.87,152310.0,5647.0,99.865,142390.0,6743.0,99.835,72069.0,5775.0,99.79,125378.0,13122.0,99.765,114035.0,8177.0,99.7,65306.0,3238.0,99.65,92263.0,5411.0,99.61,48850.0,2797.0,99.555,9371.0,608.0,99.49,18643.0,1354.0,99.435,13758.0,403.0,99.38,4287.0,300.0,99.31,6719.0,966.0,99.245,6600.0,536.0,99.2,5847.0,449.0,99.13,1959.0,247.0,99.05,3068.0,75.0,98.975,2691.0,116.0,98.92,388.0,3.0,98.82,620.0,NaN,98.77,414.0,11.0,98.71,175.0,NaN,98.635,114.0,NaN,98.58,19.0,NaN,98.535,NaN,NaN,98.47,NaN,NaN,98.42,8.0,NaN,98.37,NaN,NaN,98.31,NaN,NaN,98.27,98.215,98.165,98.12,98.075,98.03,97.99,NaN,NaN,NaN,NaN,NaN,NaN,NaN,NaN,NaN,NaN,NaN,NaN,NaN,NaN,NaN,NaN,NaN,NaN,NaN,NaN,NaN,NaN,NaN,NaN,NaN,NaN,NaN,NaN,NaN
2015-07-14,NaN,NaN,NaN,NaN,NaN,NaN,NaN,NaN,NaN,NaN,NaN,NaN,NaN,NaN,NaN,NaN,NaN,NaN,99.87,150174.0,4908.0,99.865,142842.0,8414.0,99.835,70971.0,8129.0,99.795,125375.0,13940.0,99.77,116021.0,8209.0,99.715,66634.0,4128.0,99.66,93242.0,7040.0,99.625,48686.0,2128.0,99.57,9462.0,1027.0,99.51,18801.0,746.0,99.46,13750.0,411.0,99.405,4464.0,462.0,99.335,6672.0,332.0,99.27,6666.0,346.0,99.225,5945.0,161.0,99.155,2013.0,99.0,99.075,3063.0,71.0,99.005,2681.0,135.0,98.95,393.0,7.0,98.85,624.0,62.0,98.8,409.0,23.0,98.74,175.0,NaN,98.665,114.0,12.0,98.615,28.0,19.0,98.57,3.0,5.0,98.505,NaN,NaN,98.455,8.0,NaN,98.405,NaN,NaN,98.345,NaN,NaN,98.305,98.25,98.2,98.155,98.11,98.065,98.03,NaN,NaN,NaN,NaN,NaN,NaN,NaN,NaN,NaN,NaN,NaN,NaN,NaN,NaN,NaN,NaN,NaN,NaN,NaN,NaN,NaN,NaN,NaN,NaN,NaN,NaN,NaN,NaN,NaN
2015-07-15,NaN,NaN,NaN,NaN,NaN,NaN,NaN,NaN,NaN,NaN,NaN,NaN,NaN,NaN,NaN,NaN,NaN,NaN,99.87,150015.0,657.0,99.865,144484.0,6848.0,99.835,71281.0,7746.0,99.795,131251.0,27597.0,99.77,115800.0,15239.0,99.715,66700.0,9881.0,99.665,98767.0,14204.0,99.625,50021.0,8936.0,99.57,9785.0,1907.0,99.52,18872.0,1543.0,99.465,13576.0,726.0,99.41,4553.0,730.0,99.345,6628.0,354.0,99.285,6737.0,328.0,99.245,6011.0,312.0,99.18,2038.0,197.0,99.1,3120.0,155.0,99.035,2821.0,352.0,98.98,460.0,173.0,98.885,548.0,144.0,98.835,481.0,124.0,98.775,175.0,NaN,98.705,114.0,NaN,98.655,28.0,NaN,98.615,3.0,NaN,98.55,NaN,NaN,98.5,8.0,NaN,98.45,NaN,NaN,98.39,NaN,NaN,98.35,98.295,98.245,98.205,98.16,98.115,98.08,NaN,NaN,NaN,NaN,NaN,NaN,NaN,NaN,NaN,NaN,NaN,NaN,NaN,NaN,NaN,NaN,NaN,NaN,NaN,NaN,NaN,NaN,NaN,NaN,NaN,NaN,NaN,NaN,NaN
2015-07-16,NaN,NaN,NaN,NaN,NaN,NaN,NaN,NaN,NaN,NaN,NaN,NaN,NaN,NaN,NaN,NaN,NaN,NaN,99.87,149027.0,5189.0,99.865,133832.0,18428.0,99.83,71018.0,3419.0,99.78,132966.0,19233.0,99.755,119264.0,17040.0,99.695,63747.0,6489.0,99.64,100925.0,10459.0,99.595,49092.0,7943.0,99.545,9951.0,1763.0,99.49,18834.0,984.0,99.43,13619.0,925.0,99.375,4724.0,476.0,99.31,6585.0,254.0,99.25,6785.0,301.0,99.21,6037.0,205.0,99.14,2011.0,135.0,99.06,3079.0,79.0,98.99,2876.0,244.0,98.935,475.0,15.0,98.84,553.0,5.0,98.79,564.0,88.0,98.73,179.0,4.0,98.66,114.0,NaN,98.61,28.0,NaN,98.57,3.0,NaN,98.505,NaN,NaN,98.455,8.0,NaN,98.405,NaN,NaN,98.345,NaN,NaN,98.305,98.25,98.2,98.165,98.125,98.08,98.045,NaN,NaN,NaN,NaN,NaN,NaN,NaN,NaN,NaN,NaN,NaN,NaN,NaN,NaN,NaN,NaN,NaN,NaN,NaN,NaN,NaN,NaN,NaN,NaN,NaN,NaN,NaN,NaN,NaN
2015-07-17,NaN,NaN,NaN,NaN,NaN,NaN,NaN,NaN,NaN,NaN,NaN,NaN,NaN,NaN,NaN,NaN,NaN,NaN,99.87,147468.0,1168.0,99.865,132146.0,2631.0,99.825,73208.0,6112.0,99.775,135524.0,14153.0,99.745,120520.0,7869.0,99.685,63290.0,2002.0,99.63,101022.0,2929.0,99.58,49059.0,2224.0,99.53,9633.0,884.0,99.47,18774.0,775.0,99.415,13610.0,509.0,99.355,4846.0,227.0,99.29,6539.0,116.0,99.225,7021.0,366.0,99.18,6046.0,210.0,99.11,1965.0,222.0,99.03,2936.0,219.0,98.96,2854.0,55.0,98.905,464.0,26.0,98.81,554.0,1.0,98.76,642.0,82.0,98.7,197.0,22.0,98.635,114.0,2.0,98.585,28.0,2.0,98.545,3.0,NaN,98.48,NaN,NaN,98.43,8.0,NaN,98.385,NaN,NaN,98.325,NaN,NaN,98.285,98.23,98.18,98.145,98.11,98.065,98.03,NaN,NaN,NaN,NaN,NaN,NaN,NaN,NaN,NaN,NaN,NaN,NaN,NaN,NaN,NaN,NaN,NaN,NaN,NaN,NaN,NaN,NaN,NaN,NaN,NaN,NaN,NaN,NaN,NaN
2015-07-20,NaN,NaN,NaN,NaN,NaN,NaN,NaN,NaN,NaN,NaN,NaN,NaN,NaN,NaN,NaN,NaN,NaN,NaN,99.87,147044.0,544.0,99.865,132067.0,6409.0,99.825,73872.0,4358.0,99.77,135567.0,9555.0,99.735,119229.0,4813.0,99.675,59783.0,4728.0,99.615,99814.0,6543.0,99.56,48161.0,3548.0,99.51,9716.0,1308.0,99.445,18650.0,880.0,99.385,13798.0,516.0,99.325,4854.0,739.0,99.26,6325.0,999.0,99.19,7243.0,551.0,99.145,6041.0,335.0,99.075,1931.0,103.0,98.995,2872.0,95.0,98.925,2785.0,149.0,98.87,475.0,35.0,98.775,540.0,14.0,98.725,755.0,126.0,98.665,237.0,43.0,98.6,139.0,57.0,98.55,64.0,45.0,98.51,37.0,34.0,98.445,NaN,NaN,98.395,8.0,NaN,98.35,NaN,NaN,98.29,NaN,NaN,98.25,98.195,98.145,98.11,98.075,98.03,97.995,NaN,NaN,NaN,NaN,NaN,NaN,NaN,NaN,NaN,NaN,NaN,NaN,NaN,NaN,NaN,NaN,NaN,NaN,NaN,NaN,NaN,NaN,NaN,NaN,NaN,NaN,NaN,NaN,NaN
2015-07-21,NaN,NaN,NaN,NaN,NaN,NaN,NaN,NaN,NaN,NaN,NaN,NaN,NaN,NaN,NaN,NaN,NaN,NaN,99.87,143774.0,3351.0,99.865,131608.0,5778.0,99.825,74510.0,5166.0,99.77,135103.0,7617.0,99.74,119236.0,6450.0,99.68,59470.0,1976.0,99.62,100072.0,3536.0,99.57,47041.0,2073.0,99.52,9741.0,902.0,99.46,18699.0,401.0,99.4,13778.0,323.0,99.34,5152.0,1320.0,99.275,6544.0,439.0,99.205,7444.0,754.0,99.16,6092.0,293.0,99.09,1880.0,120.0,99.01,2850.0,28.0,98.94,2833.0,140.0,98.89,421.0,54.0,98.795,521.0,64.0,98.745,848.0,100.0,98.69,237.0,1.0,98.625,139.0,NaN,98.575,64.0,NaN,98.535,37.0,NaN,98.47,NaN,NaN,98.42,8.0,NaN,98.375,NaN,NaN,98.315,NaN,NaN,98.28,98.225,98.18,98.145,98.11,98.065,98.03,NaN,NaN,NaN,NaN,NaN,NaN,NaN,NaN,NaN,NaN,NaN,NaN,NaN,NaN,NaN,NaN,NaN,NaN,NaN,NaN,NaN,NaN,NaN,NaN,NaN,NaN,NaN,NaN,NaN
2015-07-22,NaN,NaN,NaN,NaN,NaN,NaN,NaN,NaN,NaN,NaN,NaN,NaN,NaN,NaN,NaN,NaN,NaN,NaN,99.87,143634.0,220.0,99.865,131226.0,827.0,99.825,73247.0,6041.0,99.77,137871.0,7654.0,99.74,118899.0,8029.0,99.68,59684.0,4213.0,99.62,100945.0,4412.0,99.565,46905.0,886.0,99.51,9674.0,559.0,99.445,18582.0,451.0,99.385,13810.0,305.0,99.325,5269.0,331.0,99.26,6648.0,313.0,99.19,7839.0,573.0,99.145,6058.0,144.0,99.075,1851.0,45.0,98.995,2847.0,23.0,98.925,2865.0,66.0,98.875,421.0,NaN,98.78,521.0,NaN,98.73,848.0,7.0,98.675,237.0,NaN,98.61,140.0,6.0,98.56,69.0,6.0,98.52,37.0,NaN,98.455,NaN,NaN,98.405,8.0,NaN,98.36,NaN,NaN,98.3,NaN,NaN,98.265,98.21,98.165,98.13,98.095,98.05,98.02,NaN,NaN,NaN,NaN,NaN,NaN,NaN,NaN,NaN,NaN,NaN,NaN,NaN,NaN,NaN,NaN,NaN,NaN,NaN,NaN,NaN,NaN,NaN,NaN,NaN,NaN,NaN,NaN,NaN
2015-07-23,NaN,NaN,NaN,NaN,NaN,NaN,NaN,NaN,NaN,NaN,NaN,NaN,NaN,NaN,NaN,NaN,NaN,NaN,99.87,143304.0,821.0,99.865,131672.0,1587.0,99.825,73920.0,2515.0,99.77,140587.0,7618.0,99.74,118515.0,3227.0,99.68,59623.0,2693.0,99.62,99503.0,4370.0,99.57,46899.0,969.0,99.515,9337.0,955.0,99.46,18632.0,208.0,99.405,13802.0,151.0,99.345,5350.0,259.0,99.28,6651.0,204.0,99.21,7852.0,30.0,99.165,6080.0,184.0,99.095,1836.0,17.0,99.015,2847.0,9.0,98.945,2903.0,55.0,98.895,421.0,NaN,98.8,521.0,NaN,98.75,868.0,20.0,98.695,237.0,NaN,98.63,140.0,NaN,98.585,69.0,NaN,98.545,37.0,NaN,98.48,NaN,NaN,98.435,8.0,NaN,98.395,NaN,NaN,98.335,NaN,NaN,98.3,98.25,98.205,98.17,98.135,98.09,98.06,NaN,NaN,NaN,NaN,NaN,NaN,NaN,NaN,NaN,NaN,NaN,NaN,NaN,NaN,NaN,NaN,NaN,NaN,NaN,NaN,NaN,NaN,NaN,NaN,NaN,NaN,NaN,NaN,NaN
2015-07-24,NaN,NaN,NaN,NaN,NaN,NaN,NaN,NaN,NaN,NaN,NaN,NaN,NaN,NaN,NaN,NaN,NaN,NaN,99.87,142983.0,745.0,99.865,132599.0,2193.0,99.825,72085.0,5354.0,99.77,141478.0,11324.0,99.74,118820.0,10139.0,99.68,59589.0,3716.0,99.625,100105.0,3311.0,99.58,46886.0,746.0,99.525,9451.0,1411.0,99.47,18639.0,176.0,99.415,13798.0,202.0,99.355,5223.0,1194.0,99.29,6632.0,111.0,99.225,7871.0,300.0,99.18,6201.0,403.0,99.115,1860.0,52.0,99.035,2812.0,38.0,98.97,3130.0,259.0,98.92,412.0,17.0,98.83,513.0,8.0,98.785,912.0,48.0,98.73,237.0,NaN,98.665,140.0,2.0,98.62,69.0,NaN,98.58,37.0,NaN,98.515,NaN,NaN,98.47,8.0,NaN,98.43,NaN,NaN,98.37,NaN,NaN,98.335,98.285,98.24,98.205,98.17,98.125,98.095,NaN,NaN,NaN,NaN,NaN,NaN,NaN,NaN,NaN,NaN,NaN,NaN,NaN,NaN,NaN,NaN,NaN,NaN,NaN,NaN,NaN,NaN,NaN,NaN,NaN,NaN,NaN,NaN,NaN
2015-07-27,NaN,NaN,NaN,NaN,NaN,NaN,NaN,NaN,NaN,NaN,NaN,NaN,NaN,NaN,NaN,NaN,NaN,NaN,99.87,142971.0,826.0,99.865,132126.0,1789.0,99.825,70430.0,9729.0,99.775,141857.0,13434.0,99.745,119130.0,11740.0,99.69,59901.0,5677.0,99.64,101907.0,4762.0,99.595,46592.0,3805.0,99.55,9519.0,797.0,99.495,18662.0,97.0,99.445,13795.0,107.0,99.385,5674.0,562.0,99.325,7107.0,804.0,99.26,7961.0,474.0,99.22,6595.0,675.0,99.155,1928.0,204.0,99.075,2804.0,154.0,99.01,5021.0,2546.0,98.96,512.0,153.0,98.875,487.0,207.0,98.83,855.0,132.0,98.775,272.0,41.0,98.715,147.0,7.0,98.67,69.0,NaN,98.63,37.0,NaN,98.565,NaN,NaN,98.52,8.0,NaN,98.48,NaN,NaN,98.42,NaN,NaN,98.385,98.335,98.29,98.255,98.22,98.18,98.15,NaN,NaN,NaN,NaN,NaN,NaN,NaN,NaN,NaN,NaN,NaN,NaN,NaN,NaN,NaN,NaN,NaN,NaN,NaN,NaN,NaN,NaN,NaN,NaN,NaN,NaN,NaN,NaN,NaN
2015-07-28,NaN,NaN,NaN,NaN,NaN,NaN,NaN,NaN,NaN,NaN,NaN,NaN,NaN,NaN,NaN,NaN,NaN,NaN,99.87,142666.0,1667.0,99.865,132054.0,5500.0,99.825,71744.0,3296.0,99.775,142302.0,13107.0,99.745,119615.0,9255.0,99.69,61000.0,11724.0,99.64,101625.0,4269.0,99.59,46194.0,2136.0,99.545,9382.0,897.0,99.49,18597.0,180.0,99.44,13816.0,621.0,99.38,6036.0,625.0,99.32,7173.0,267.0,99.255,8034.0,566.0,99.215,7776.0,2074.0,99.15,1784.0,302.0,99.07,2982.0,494.0,99.0,8320.0,8223.0,98.95,394.0,459.0,98.865,451.0,95.0,98.82,836.0,355.0,98.765,275.0,12.0,98.705,149.0,32.0,98.66,79.0,46.0,98.62,37.0,NaN,98.555,NaN,NaN,98.51,8.0,NaN,98.47,NaN,NaN,98.41,NaN,NaN,98.375,98.325,98.28,98.245,98.21,98.17,98.14,NaN,NaN,NaN,NaN,NaN,NaN,NaN,NaN,NaN,NaN,NaN,NaN,NaN,NaN,NaN,NaN,NaN,NaN,NaN,NaN,NaN,NaN,NaN,NaN,NaN,NaN,NaN,NaN,NaN
2015-07-29,NaN,NaN,NaN,NaN,NaN,NaN,NaN,NaN,NaN,NaN,NaN,NaN,NaN,NaN,NaN,NaN,NaN,NaN,99.87,142241.0,15543.0,99.865,137175.0,34376.0,99.825,74001.0,10827.0,99.775,135495.0,37413.0,99.745,125110.0,16223.0,99.69,60573.0,5971.0,99.635,100082.0,11927.0,99.59,46536.0,5118.0,99.54,9384.0,958.0,99.485,18763.0,847.0,99.43,13802.0,264.0,99.37,6569.0,702.0,99.31,7569.0,727.0,99.245,8189.0,704.0,99.205,8046.0,1002.0,99.14,1772.0,113.0,99.06,3021.0,101.0,98.99,8443.0,452.0,98.94,429.0,48.0,98.855,459.0,15.0,98.81,835.0,31.0,98.755,275.0,NaN,98.695,150.0,1.0,98.65,79.0,NaN,98.61,37.0,NaN,98.545,NaN,NaN,98.5,8.0,NaN,98.46,NaN,NaN,98.4,NaN,NaN,98.365,98.315,98.27,98.235,98.2,98.16,98.125,NaN,NaN,NaN,NaN,NaN,NaN,NaN,NaN,NaN,NaN,NaN,NaN,NaN,NaN,NaN,NaN,NaN,NaN,NaN,NaN,NaN,NaN,NaN,NaN,NaN,NaN,NaN,NaN,NaN
2015-07-30,NaN,NaN,NaN,NaN,NaN,NaN,NaN,NaN,NaN,NaN,NaN,NaN,NaN,NaN,NaN,NaN,NaN,NaN,99.87,140811.0,6464.0,99.865,138926.0,11889.0,99.82,74599.0,8607.0,99.76,132800.0,27307.0,99.73,125057.0,22876.0,99.67,58544.0,6346.0,99.61,100998.0,15503.0,99.56,45228.0,3219.0,99.51,9619.0,3132.0,99.45,18796.0,1304.0,99.395,14884.0,1864.0,99.335,6834.0,814.0,99.275,7542.0,423.0,99.21,8226.0,388.0,99.165,8078.0,243.0,99.1,1785.0,236.0,99.02,3009.0,54.0,98.95,8482.0,391.0,98.9,454.0,52.0,98.815,443.0,35.0,98.77,882.0,113.0,98.715,277.0,3.0,98.655,149.0,1.0,98.61,79.0,11.0,98.57,67.0,30.0,98.505,24.0,24.0,98.46,8.0,NaN,98.42,NaN,NaN,98.36,NaN,NaN,98.325,98.28,98.235,98.2,98.165,98.125,98.09,NaN,NaN,NaN,NaN,NaN,NaN,NaN,NaN,NaN,NaN,NaN,NaN,NaN,NaN,NaN,NaN,NaN,NaN,NaN,NaN,NaN,NaN,NaN,NaN,NaN,NaN,NaN,NaN,NaN
2015-07-31,NaN,NaN,NaN,NaN,NaN,NaN,NaN,NaN,NaN,NaN,NaN,NaN,NaN,NaN,NaN,NaN,NaN,NaN,99.87,140118.0,2990.0,99.865,136692.0,5677.0,99.825,74363.0,18594.0,99.775,139679.0,53954.0,99.75,133418.0,27863.0,99.695,59371.0,7071.0,99.64,107405.0,28357.0,99.6,46788.0,12128.0,99.55,9727.0,3751.0,99.495,19293.0,1946.0,99.445,14983.0,866.0,99.39,7267.0,1110.0,99.33,7637.0,588.0,99.265,8460.0,528.0,99.225,8120.0,206.0,99.16,1783.0,119.0,99.08,3019.0,28.0,99.015,8630.0,393.0,98.975,455.0,7.0,98.89,443.0,NaN,98.845,883.0,1.0,98.79,277.0,NaN,98.73,149.0,NaN,98.685,78.0,1.0,98.645,67.0,NaN,98.58,24.0,NaN,98.535,8.0,NaN,98.495,NaN,NaN,98.44,NaN,NaN,98.405,98.36,98.315,98.28,98.245,98.205,98.17,NaN,NaN,NaN,NaN,NaN,NaN,NaN,NaN,NaN,NaN,NaN,NaN,NaN,NaN,NaN,NaN,NaN,NaN,NaN,NaN,NaN,NaN,NaN,NaN,NaN,NaN,NaN,NaN,NaN
2015-08-03,NaN,NaN,NaN,NaN,NaN,NaN,NaN,NaN,NaN,NaN,NaN,NaN,NaN,NaN,NaN,NaN,NaN,NaN,NaN,NaN,NaN,99.865,136862.0,9018.0,99.825,73184.0,2601.0,99.78,138392.0,7783.0,99.755,135599.0,9236.0,99.7,59776.0,1982.0,99.65,108365.0,3059.0,99.605,46875.0,2373.0,99.56,9845.0,932.0,99.505,19650.0,571.0,99.46,14959.0,242.0,99.405,7785.0,759.0,99.345,7650.0,191.0,99.28,8497.0,161.0,99.24,8236.0,488.0,99.18,1865.0,185.0,99.105,3180.0,319.0,99.04,8712.0,443.0,99.0,425.0,392.0,98.915,461.0,24.0,98.87,974.0,91.0,98.815,355.0,78.0,98.755,149.0,12.0,98.715,78.0,NaN,98.675,77.0,10.0,98.61,24.0,NaN,98.57,8.0,NaN,98.535,NaN,NaN,98.48,NaN,NaN,98.445,98.4,98.355,98.32,98.29,98.25,98.215,98.19,NaN,NaN,NaN,NaN,NaN,NaN,NaN,NaN,NaN,NaN,NaN,NaN,NaN,NaN,NaN,NaN,NaN,NaN,NaN,NaN,NaN,NaN,NaN,NaN,NaN,NaN,NaN,NaN
2015-08-04,NaN,NaN,NaN,NaN,NaN,NaN,NaN,NaN,NaN,NaN,NaN,NaN,NaN,NaN,NaN,NaN,NaN,NaN,NaN,NaN,NaN,99.865,138347.0,4558.0,99.815,73898.0,9296.0,99.755,138515.0,30154.0,99.725,135913.0,13023.0,99.67,59701.0,3640.0,99.615,109637.0,6183.0,99.565,47331.0,3374.0,99.515,9886.0,1473.0,99.455,19734.0,1293.0,99.4,15040.0,445.0,99.345,7946.0,851.0,99.285,7771.0,798.0,99.22,8746.0,382.0,99.18,8228.0,319.0,99.115,1924.0,190.0,99.035,3138.0,218.0,98.97,8518.0,627.0,98.92,414.0,102.0,98.835,406.0,90.0,98.79,1103.0,342.0,98.735,363.0,11.0,98.675,150.0,1.0,98.635,78.0,20.0,98.595,79.0,2.0,98.53,24.0,NaN,98.49,42.0,34.0,98.455,NaN,NaN,98.4,NaN,NaN,98.365,98.32,98.275,98.24,98.21,98.17,98.135,98.11,NaN,NaN,NaN,NaN,NaN,NaN,NaN,NaN,NaN,NaN,NaN,NaN,NaN,NaN,NaN,NaN,NaN,NaN,NaN,NaN,NaN,NaN,NaN,NaN,NaN,NaN,NaN,NaN
2015-08-05,NaN,NaN,NaN,NaN,NaN,NaN,NaN,NaN,NaN,NaN,NaN,NaN,NaN,NaN,NaN,NaN,NaN,NaN,NaN,NaN,NaN,99.865,138467.0,6861.0,99.81,75368.0,16308.0,99.755,145215.0,44255.0,99.725,137969.0,17949.0,99.67,59521.0,7525.0,99.615,110850.0,18772.0,99.565,53061.0,11885.0,99.515,9714.0,1473.0,99.45,22864.0,5435.0,99.4,14946.0,705.0,99.34,8340.0,1023.0,99.275,8239.0,1563.0,99.21,8974.0,693.0,99.17,8247.0,274.0,99.1,1957.0,252.0,99.02,3151.0,195.0,98.955,8342.0,654.0,98.905,408.0,154.0,98.815,292.0,124.0,98.77,1177.0,82.0,98.715,363.0,12.0,98.655,150.0,14.0,98.61,78.0,4.0,98.57,80.0,1.0,98.505,24.0,NaN,98.455,42.0,NaN,98.42,NaN,NaN,98.36,NaN,NaN,98.325,98.275,98.225,98.19,98.16,98.12,98.085,98.06,NaN,NaN,NaN,NaN,NaN,NaN,NaN,NaN,NaN,NaN,NaN,NaN,NaN,NaN,NaN,NaN,NaN,NaN,NaN,NaN,NaN,NaN,NaN,NaN,NaN,NaN,NaN,NaN
2015-08-06,NaN,NaN,NaN,NaN,NaN,NaN,NaN,NaN,NaN,NaN,NaN,NaN,NaN,NaN,NaN,NaN,NaN,NaN,NaN,NaN,NaN,99.865,138199.0,7561.0,99.81,75656.0,816.0,99.755,141153.0,22222.0,99.725,138665.0,22399.0,99.67,58223.0,4093.0,99.615,115579.0,20429.0,99.575,55309.0,8370.0,99.525,9648.0,1948.0,99.465,24022.0,3335.0,99.42,14941.0,479.0,99.36,8377.0,317.0,99.295,8208.0,526.0,99.23,8765.0,423.0,99.19,8209.0,141.0,99.12,1968.0,66.0,99.04,3187.0,64.0,98.975,8412.0,159.0,98.925,408.0,NaN,98.835,285.0,7.0,98.79,1200.0,23.0,98.735,364.0,1.0,98.675,150.0,NaN,98.63,78.0,NaN,98.59,81.0,1.0,98.525,24.0,NaN,98.475,42.0,NaN,98.44,NaN,NaN,98.38,NaN,NaN,98.345,98.295,98.245,98.21,98.18,98.14,98.105,98.08,NaN,NaN,NaN,NaN,NaN,NaN,NaN,NaN,NaN,NaN,NaN,NaN,NaN,NaN,NaN,NaN,NaN,NaN,NaN,NaN,NaN,NaN,NaN,NaN,NaN,NaN,NaN,NaN
2015-08-07,NaN,NaN,NaN,NaN,NaN,NaN,NaN,NaN,NaN,NaN,NaN,NaN,NaN,NaN,NaN,NaN,NaN,NaN,NaN,NaN,NaN,99.865,138528.0,8641.0,99.805,77474.0,18227.0,99.74,142544.0,45721.0,99.715,139772.0,25557.0,99.66,58682.0,7682.0,99.605,127120.0,26101.0,99.565,55173.0,10789.0,99.51,10133.0,2387.0,99.445,24696.0,1912.0,99.4,15015.0,827.0,99.34,7858.0,1162.0,99.275,8216.0,391.0,99.21,8811.0,2209.0,99.17,8193.0,196.0,99.1,1980.0,60.0,99.025,3125.0,74.0,98.96,8376.0,220.0,98.91,432.0,99.0,98.825,267.0,43.0,98.78,1209.0,41.0,98.725,371.0,7.0,98.665,150.0,NaN,98.62,78.0,NaN,98.585,82.0,1.0,98.52,24.0,NaN,98.475,42.0,NaN,98.44,NaN,NaN,98.385,NaN,NaN,98.355,98.31,98.265,98.235,98.205,98.165,98.135,98.11,NaN,NaN,NaN,NaN,NaN,NaN,NaN,NaN,NaN,NaN,NaN,NaN,NaN,NaN,NaN,NaN,NaN,NaN,NaN,NaN,NaN,NaN,NaN,NaN,NaN,NaN,NaN,NaN
2015-08-10,NaN,NaN,NaN,NaN,NaN,NaN,NaN,NaN,NaN,NaN,NaN,NaN,NaN,NaN,NaN,NaN,NaN,NaN,NaN,NaN,NaN,99.865,140867.0,3775.0,99.805,78269.0,5171.0,99.74,150897.0,28265.0,99.715,139617.0,10534.0,99.66,54596.0,7292.0,99.605,127873.0,3673.0,99.565,53562.0,3388.0,99.51,9725.0,2187.0,99.445,24815.0,1013.0,99.395,15044.0,491.0,99.335,7975.0,393.0,99.27,8202.0,249.0,99.205,8793.0,102.0,99.165,8049.0,314.0,99.095,1963.0,89.0,99.02,3138.0,25.0,98.955,8561.0,307.0,98.905,432.0,9.0,98.82,266.0,6.0,98.775,1211.0,6.0,98.72,372.0,3.0,98.66,151.0,3.0,98.615,78.0,NaN,98.58,83.0,1.0,98.515,24.0,NaN,98.47,42.0,NaN,98.435,NaN,NaN,98.38,NaN,NaN,98.35,98.305,98.26,98.225,98.195,98.15,98.12,98.095,NaN,NaN,NaN,NaN,NaN,NaN,NaN,NaN,NaN,NaN,NaN,NaN,NaN,NaN,NaN,NaN,NaN,NaN,NaN,NaN,NaN,NaN,NaN,NaN,NaN,NaN,NaN,NaN
2015-08-11,NaN,NaN,NaN,NaN,NaN,NaN,NaN,NaN,NaN,NaN,NaN,NaN,NaN,NaN,NaN,NaN,NaN,NaN,NaN,NaN,NaN,99.865,141353.0,2777.0,99.815,77374.0,6835.0,99.76,152478.0,49345.0,99.74,152592.0,48086.0,99.685,55103.0,7661.0,99.63,142087.0,24979.0,99.595,54997.0,4431.0,99.545,9671.0,2806.0,99.485,26603.0,3702.0,99.44,14937.0,935.0,99.385,7858.0,997.0,99.325,8460.0,839.0,99.265,8607.0,465.0,99.225,8122.0,812.0,99.16,1960.0,173.0,99.085,3163.0,177.0,99.02,9109.0,1090.0,98.98,442.0,69.0,98.895,249.0,42.0,98.85,1243.0,72.0,98.795,377.0,26.0,98.735,152.0,23.0,98.69,78.0,NaN,98.655,85.0,3.0,98.59,24.0,NaN,98.545,42.0,NaN,98.51,NaN,NaN,98.455,NaN,NaN,98.425,98.38,98.335,98.3,98.27,98.23,98.2,98.175,NaN,NaN,NaN,NaN,NaN,NaN,NaN,NaN,NaN,NaN,NaN,NaN,NaN,NaN,NaN,NaN,NaN,NaN,NaN,NaN,NaN,NaN,NaN,NaN,NaN,NaN,NaN,NaN
2015-08-12,NaN,NaN,NaN,NaN,NaN,NaN,NaN,NaN,NaN,NaN,NaN,NaN,NaN,NaN,NaN,NaN,NaN,NaN,NaN,NaN,NaN,99.865,147542.0,21441.0,99.815,72505.0,22749.0,99.77,145825.0,36032.0,99.745,153651.0,23446.0,99.695,54916.0,12016.0,99.645,144787.0,31178.0,99.605,56422.0,5604.0,99.56,10181.0,2757.0,99.5,32156.0,7467.0,99.46,15245.0,1855.0,99.405,7512.0,1516.0,99.345,8662.0,839.0,99.285,8531.0,779.0,99.245,8163.0,427.0,99.185,2038.0,308.0,99.11,3225.0,178.0,99.045,9584.0,646.0,99.005,447.0,30.0,98.92,243.0,13.0,98.875,1241.0,4.0,98.82,377.0,NaN,98.76,153.0,1.0,98.72,78.0,NaN,98.685,87.0,4.0,98.62,24.0,NaN,98.58,42.0,10.0,98.545,NaN,NaN,98.49,NaN,NaN,98.46,98.415,98.37,98.335,98.305,98.265,98.235,98.21,NaN,NaN,NaN,NaN,NaN,NaN,NaN,NaN,NaN,NaN,NaN,NaN,NaN,NaN,NaN,NaN,NaN,NaN,NaN,NaN,NaN,NaN,NaN,NaN,NaN,NaN,NaN,NaN
2015-08-13,NaN,NaN,NaN,NaN,NaN,NaN,NaN,NaN,NaN,NaN,NaN,NaN,NaN,NaN,NaN,NaN,NaN,NaN,NaN,NaN,NaN,99.865,145292.0,7974.0,99.815,73928.0,8998.0,99.76,146244.0,17716.0,99.735,145204.0,18277.0,99.68,53876.0,8755.0,99.625,145602.0,11592.0,99.585,55953.0,2362.0,99.53,10625.0,1332.0,99.47,32201.0,1237.0,99.425,15174.0,422.0,99.37,7255.0,755.0,99.31,8996.0,885.0,99.25,8635.0,354.0,99.21,8283.0,265.0,99.145,2088.0,144.0,99.07,3209.0,27.0,99.005,9572.0,118.0,98.96,447.0,1.0,98.875,243.0,1.0,98.83,1241.0,2.0,98.775,377.0,NaN,98.715,153.0,NaN,98.675,78.0,NaN,98.64,87.0,1.0,98.575,24.0,NaN,98.535,42.0,NaN,98.5,NaN,NaN,98.445,NaN,NaN,98.41,98.36,98.315,98.28,98.25,98.21,98.18,98.155,NaN,NaN,NaN,NaN,NaN,NaN,NaN,NaN,NaN,NaN,NaN,NaN,NaN,NaN,NaN,NaN,NaN,NaN,NaN,NaN,NaN,NaN,NaN,NaN,NaN,NaN,NaN,NaN
2015-08-14,NaN,NaN,NaN,NaN,NaN,NaN,NaN,NaN,NaN,NaN,NaN,NaN,NaN,NaN,NaN,NaN,NaN,NaN,NaN,NaN,NaN,99.8625,141851.0,5730.0,99.81,74186.0,4410.0,99.755,142537.0,23892.0,99.73,136250.0,23341.0,99.675,54873.0,2970.0,99.62,144784.0,7400.0,99.575,56042.0,7652.0,99.52,10428.0,1255.0,99.46,33922.0,4220.0,99.41,16362.0,1717.0,99.355,7078.0,470.0,99.295,8121.0,1749.0,99.235,9265.0,900.0,99.195,8299.0,146.0,99.13,2128.0,118.0,99.055,3224.0,95.0,98.99,9566.0,102.0,98.945,450.0,3.0,98.86,243.0,NaN,98.815,1241.0,NaN,98.76,377.0,NaN,98.7,153.0,NaN,98.66,78.0,NaN,98.625,87.0,NaN,98.56,24.0,NaN,98.52,42.0,NaN,98.485,NaN,NaN,98.43,NaN,NaN,98.39,98.34,98.295,98.26,98.23,98.19,98.16,98.135,NaN,NaN,NaN,NaN,NaN,NaN,NaN,NaN,NaN,NaN,NaN,NaN,NaN,NaN,NaN,NaN,NaN,NaN,NaN,NaN,NaN,NaN,NaN,NaN,NaN,NaN,NaN,NaN
2015-08-17,NaN,NaN,NaN,NaN,NaN,NaN,NaN,NaN,NaN,NaN,NaN,NaN,NaN,NaN,NaN,NaN,NaN,NaN,NaN,NaN,NaN,99.8625,139927.0,5870.0,99.81,74613.0,5876.0,99.755,136613.0,20477.0,99.735,138863.0,7978.0,99.68,55876.0,3375.0,99.63,143930.0,9368.0,99.59,57453.0,6186.0,99.54,10759.0,2346.0,99.48,35126.0,2213.0,99.435,16313.0,585.0,99.38,7101.0,472.0,99.32,8151.0,685.0,99.26,9377.0,616.0,99.22,8307.0,141.0,99.155,2132.0,81.0,99.08,3212.0,39.0,99.02,9580.0,109.0,98.975,478.0,29.0,98.89,246.0,7.0,98.845,1243.0,3.0,98.79,377.0,NaN,98.735,153.0,NaN,98.695,78.0,NaN,98.66,88.0,1.0,98.595,24.0,NaN,98.555,42.0,NaN,98.52,NaN,NaN,98.465,NaN,NaN,98.425,98.38,98.335,98.305,98.275,98.235,98.205,98.18,NaN,NaN,NaN,NaN,NaN,NaN,NaN,NaN,NaN,NaN,NaN,NaN,NaN,NaN,NaN,NaN,NaN,NaN,NaN,NaN,NaN,NaN,NaN,NaN,NaN,NaN,NaN,NaN
2015-08-18,NaN,NaN,NaN,NaN,NaN,NaN,NaN,NaN,NaN,NaN,NaN,NaN,NaN,NaN,NaN,NaN,NaN,NaN,NaN,NaN,NaN,99.8625,139082.0,4510.0,99.81,76077.0,4765.0,99.755,136774.0,9529.0,99.735,139186.0,6668.0,99.68,56558.0,4180.0,99.625,143212.0,4877.0,99.59,56882.0,963.0,99.535,10669.0,883.0,99.475,35140.0,331.0,99.43,16344.0,214.0,99.375,7190.0,325.0,99.315,8308.0,280.0,99.255,9464.0,124.0,99.215,8345.0,178.0,99.15,2078.0,102.0,99.075,3199.0,121.0,99.015,9581.0,56.0,98.97,523.0,142.0,98.885,242.0,21.0,98.84,1266.0,48.0,98.785,378.0,4.0,98.73,156.0,5.0,98.69,92.0,14.0,98.655,89.0,2.0,98.59,24.0,NaN,98.55,42.0,NaN,98.515,NaN,NaN,98.46,NaN,NaN,98.42,98.375,98.33,98.3,98.27,98.23,98.2,98.175,NaN,NaN,NaN,NaN,NaN,NaN,NaN,NaN,NaN,NaN,NaN,NaN,NaN,NaN,NaN,NaN,NaN,NaN,NaN,NaN,NaN,NaN,NaN,NaN,NaN,NaN,NaN,NaN
2015-08-19,NaN,NaN,NaN,NaN,NaN,NaN,NaN,NaN,NaN,NaN,NaN,NaN,NaN,NaN,NaN,NaN,NaN,NaN,NaN,NaN,NaN,99.8625,138958.0,925.0,99.83,77736.0,13263.0,99.785,137318.0,42458.0,99.76,143827.0,27314.0,99.71,56858.0,8843.0,99.66,132314.0,31399.0,99.625,53299.0,21879.0,99.58,10765.0,2343.0,99.52,35463.0,3139.0,99.48,16921.0,1711.0,99.425,7154.0,615.0,99.37,8347.0,800.0,99.315,9565.0,594.0,99.28,8374.0,457.0,99.215,2079.0,390.0,99.145,3166.0,140.0,99.085,9353.0,987.0,99.04,517.0,80.0,98.955,230.0,36.0,98.91,1264.0,20.0,98.86,378.0,NaN,98.805,157.0,1.0,98.765,91.0,1.0,98.73,114.0,25.0,98.665,48.0,24.0,98.625,42.0,NaN,98.59,NaN,NaN,98.535,NaN,NaN,98.495,98.45,98.405,98.375,98.345,98.305,98.275,98.25,NaN,NaN,NaN,NaN,NaN,NaN,NaN,NaN,NaN,NaN,NaN,NaN,NaN,NaN,NaN,NaN,NaN,NaN,NaN,NaN,NaN,NaN,NaN,NaN,NaN,NaN,NaN,NaN
2015-08-20,NaN,NaN,NaN,NaN,NaN,NaN,NaN,NaN,NaN,NaN,NaN,NaN,NaN,NaN,NaN,NaN,NaN,NaN,NaN,NaN,NaN,99.8625,136221.0,4825.0,99.83,79398.0,10322.0,99.785,144059.0,28650.0,99.76,144274.0,21220.0,99.71,56231.0,4749.0,99.66,132047.0,12482.0,99.625,54134.0,13956.0,99.58,11373.0,2873.0,99.52,35260.0,1726.0,99.48,17297.0,958.0,99.425,7164.0,174.0,99.37,8320.0,859.0,99.315,9800.0,644.0,99.28,8350.0,495.0,99.215,2127.0,85.0,99.145,3124.0,134.0,99.085,9317.0,105.0,99.04,517.0,13.0,98.955,239.0,17.0,98.91,1265.0,10.0,98.86,385.0,9.0,98.805,166.0,10.0,98.765,100.0,9.0,98.73,124.0,10.0,98.665,57.0,9.0,98.625,42.0,NaN,98.59,NaN,NaN,98.54,NaN,NaN,98.505,98.465,98.42,98.39,98.365,98.325,98.295,98.27,NaN,NaN,NaN,NaN,NaN,NaN,NaN,NaN,NaN,NaN,NaN,NaN,NaN,NaN,NaN,NaN,NaN,NaN,NaN,NaN,NaN,NaN,NaN,NaN,NaN,NaN,NaN,NaN
2015-08-21,NaN,NaN,NaN,NaN,NaN,NaN,NaN,NaN,NaN,NaN,NaN,NaN,NaN,NaN,NaN,NaN,NaN,NaN,NaN,NaN,NaN,99.8625,136019.0,912.0,99.83,79225.0,11212.0,99.79,155589.0,35549.0,99.77,150748.0,31303.0,99.725,58061.0,9079.0,99.68,129675.0,33998.0,99.65,60114.0,22014.0,99.605,11228.0,4104.0,99.555,36767.0,4697.0,99.52,17285.0,755.0,99.47,7372.0,502.0,99.415,8461.0,551.0,99.365,9870.0,829.0,99.33,8439.0,1074.0,99.275,2095.0,268.0,99.205,3132.0,182.0,99.15,9329.0,685.0,99.105,602.0,164.0,99.025,245.0,23.0,98.985,1260.0,48.0,98.94,388.0,9.0,98.885,190.0,24.0,98.845,109.0,10.0,98.81,134.0,10.0,98.745,64.0,7.0,98.705,42.0,NaN,98.67,NaN,NaN,98.62,NaN,NaN,98.585,98.545,98.5,98.47,98.445,98.405,98.375,98.35,NaN,NaN,NaN,NaN,NaN,NaN,NaN,NaN,NaN,NaN,NaN,NaN,NaN,NaN,NaN,NaN,NaN,NaN,NaN,NaN,NaN,NaN,NaN,NaN,NaN,NaN,NaN,NaN
2015-08-24,NaN,NaN,NaN,NaN,NaN,NaN,NaN,NaN,NaN,NaN,NaN,NaN,NaN,NaN,NaN,NaN,NaN,NaN,NaN,NaN,NaN,99.8625,134915.0,2767.0,99.84,77596.0,16688.0,99.82,144306.0,47678.0,99.805,150628.0,44045.0,99.775,57087.0,25167.0,99.745,128424.0,55106.0,99.72,59859.0,12869.0,99.69,12091.0,5879.0,99.64,38602.0,9022.0,99.61,16440.0,3870.0,99.56,7673.0,1427.0,99.51,8437.0,1382.0,99.46,9826.0,1017.0,99.425,8523.0,1297.0,99.37,2008.0,462.0,99.3,3109.0,805.0,99.245,8910.0,2260.0,99.2,1825.0,1570.0,99.12,327.0,212.0,99.08,1154.0,126.0,99.035,414.0,36.0,98.975,193.0,6.0,98.935,118.0,9.0,98.895,113.0,76.0,98.83,43.0,72.0,98.79,42.0,5.0,98.755,NaN,NaN,98.705,NaN,NaN,98.67,98.63,98.585,98.555,98.53,98.49,98.46,98.435,NaN,NaN,NaN,NaN,NaN,NaN,NaN,NaN,NaN,NaN,NaN,NaN,NaN,NaN,NaN,NaN,NaN,NaN,NaN,NaN,NaN,NaN,NaN,NaN,NaN,NaN,NaN,NaN
2015-08-25,NaN,NaN,NaN,NaN,NaN,NaN,NaN,NaN,NaN,NaN,NaN,NaN,NaN,NaN,NaN,NaN,NaN,NaN,NaN,NaN,NaN,99.8625,134580.0,1403.0,99.835,78077.0,7189.0,99.805,152209.0,28075.0,99.785,152470.0,36680.0,99.75,59945.0,12981.0,99.72,133032.0,23596.0,99.69,58923.0,11110.0,99.65,11901.0,2138.0,99.6,39652.0,2539.0,99.565,17587.0,3382.0,99.515,8657.0,2306.0,99.465,8396.0,725.0,99.41,9914.0,785.0,99.375,8496.0,583.0,99.315,2036.0,328.0,99.24,3138.0,210.0,99.18,8835.0,583.0,99.135,1863.0,42.0,99.055,401.0,149.0,99.01,1161.0,91.0,98.955,414.0,3.0,98.895,193.0,NaN,98.855,118.0,NaN,98.815,113.0,NaN,98.75,43.0,NaN,98.71,42.0,NaN,98.675,NaN,NaN,98.625,NaN,NaN,98.585,98.535,98.49,98.46,98.425,98.385,98.35,98.32,NaN,NaN,NaN,NaN,NaN,NaN,NaN,NaN,NaN,NaN,NaN,NaN,NaN,NaN,NaN,NaN,NaN,NaN,NaN,NaN,NaN,NaN,NaN,NaN,NaN,NaN,NaN,NaN
2015-08-26,NaN,NaN,NaN,NaN,NaN,NaN,NaN,NaN,NaN,NaN,NaN,NaN,NaN,NaN,NaN,NaN,NaN,NaN,NaN,NaN,NaN,99.8625,134296.0,1980.0,99.84,80178.0,13650.0,99.815,153640.0,43165.0,99.785,153886.0,40788.0,99.755,67224.0,17102.0,99.725,141244.0,31268.0,99.7,57280.0,14711.0,99.665,12805.0,3509.0,99.62,40906.0,4797.0,99.585,17653.0,4897.0,99.54,8831.0,926.0,99.49,8407.0,891.0,99.44,9828.0,1433.0,99.405,8607.0,720.0,99.345,2354.0,907.0,99.275,3329.0,519.0,99.215,8933.0,463.0,99.17,1935.0,118.0,99.09,507.0,157.0,99.045,1148.0,147.0,98.99,574.0,235.0,98.93,365.0,218.0,98.89,295.0,250.0,98.85,96.0,37.0,98.785,50.0,10.0,98.745,42.0,1.0,98.705,NaN,NaN,98.655,NaN,NaN,98.615,98.565,98.52,98.485,98.45,98.405,98.37,98.34,NaN,NaN,NaN,NaN,NaN,NaN,NaN,NaN,NaN,NaN,NaN,NaN,NaN,NaN,NaN,NaN,NaN,NaN,NaN,NaN,NaN,NaN,NaN,NaN,NaN,NaN,NaN,NaN
2015-08-27,NaN,NaN,NaN,NaN,NaN,NaN,NaN,NaN,NaN,NaN,NaN,NaN,NaN,NaN,NaN,NaN,NaN,NaN,NaN,NaN,NaN,99.8625,134005.0,911.0,99.835,80872.0,5664.0,99.805,154047.0,31227.0,99.775,157050.0,18148.0,99.74,66399.0,13991.0,99.715,152834.0,34512.0,99.69,57425.0,16537.0,99.655,13231.0,3638.0,99.61,40730.0,1722.0,99.575,17701.0,907.0,99.53,9106.0,850.0,99.48,8760.0,1256.0,99.43,10012.0,856.0,99.395,8617.0,339.0,99.335,2486.0,258.0,99.265,3399.0,235.0,99.205,8864.0,394.0,99.16,1955.0,238.0,99.08,560.0,116.0,99.035,1150.0,24.0,98.98,584.0,21.0,98.92,369.0,16.0,98.88,295.0,NaN,98.84,95.0,1.0,98.775,50.0,NaN,98.735,42.0,NaN,98.695,NaN,NaN,98.645,NaN,NaN,98.605,98.555,98.51,98.475,98.44,98.395,98.36,98.33,NaN,NaN,NaN,NaN,NaN,NaN,NaN,NaN,NaN,NaN,NaN,NaN,NaN,NaN,NaN,NaN,NaN,NaN,NaN,NaN,NaN,NaN,NaN,NaN,NaN,NaN,NaN,NaN
2015-08-28,NaN,NaN,NaN,NaN,NaN,NaN,NaN,NaN,NaN,NaN,NaN,NaN,NaN,NaN,NaN,NaN,NaN,NaN,NaN,NaN,NaN,99.8625,134023.0,461.0,99.83,82480.0,10562.0,99.78,153653.0,44474.0,99.735,159329.0,46254.0,99.705,69061.0,16282.0,99.68,152857.0,31168.0,99.65,59195.0,17451.0,99.615,12989.0,4130.0,99.565,40703.0,1479.0,99.525,17726.0,1010.0,99.48,8971.0,786.0,99.43,8836.0,746.0,99.375,9958.0,732.0,99.34,9748.0,1806.0,99.28,2609.0,368.0,99.21,3504.0,308.0,99.15,9037.0,370.0,99.105,2000.0,109.0,99.02,535.0,78.0,98.975,1322.0,223.0,98.92,647.0,64.0,98.86,371.0,2.0,98.82,295.0,NaN,98.78,94.0,1.0,98.72,50.0,NaN,98.68,42.0,NaN,98.64,NaN,NaN,98.59,NaN,NaN,98.55,98.5,98.455,98.42,98.385,98.34,98.305,98.275,NaN,NaN,NaN,NaN,NaN,NaN,NaN,NaN,NaN,NaN,NaN,NaN,NaN,NaN,NaN,NaN,NaN,NaN,NaN,NaN,NaN,NaN,NaN,NaN,NaN,NaN,NaN,NaN
2015-08-31,NaN,NaN,NaN,NaN,NaN,NaN,NaN,NaN,NaN,NaN,NaN,NaN,NaN,NaN,NaN,NaN,NaN,NaN,NaN,NaN,NaN,99.8625,132447.0,4009.0,99.825,83232.0,3768.0,99.78,149463.0,16455.0,99.73,163658.0,18379.0,99.7,68764.0,4705.0,99.67,150361.0,9743.0,99.64,59029.0,5139.0,99.6,13409.0,1941.0,99.55,41311.0,2828.0,99.51,17665.0,351.0,99.465,8926.0,489.0,99.415,8919.0,524.0,99.36,10014.0,377.0,99.325,9696.0,206.0,99.265,2635.0,132.0,99.19,3529.0,199.0,99.13,9028.0,75.0,99.085,2002.0,4.0,98.995,535.0,44.0,98.95,1327.0,5.0,98.895,648.0,1.0,98.835,373.0,2.0,98.795,295.0,NaN,98.755,95.0,1.0,98.695,51.0,1.0,98.655,42.0,NaN,98.615,NaN,NaN,98.565,NaN,NaN,98.525,98.475,98.43,98.395,98.36,98.315,98.28,98.25,98.22,NaN,NaN,NaN,NaN,NaN,NaN,NaN,NaN,NaN,NaN,NaN,NaN,NaN,NaN,NaN,NaN,NaN,NaN,NaN,NaN,NaN,NaN,NaN,NaN,NaN,NaN,NaN
2015-09-01,NaN,NaN,NaN,NaN,NaN,NaN,NaN,NaN,NaN,NaN,NaN,NaN,NaN,NaN,NaN,NaN,NaN,NaN,NaN,NaN,NaN,NaN,NaN,NaN,99.83,83133.0,3694.0,99.79,162736.0,49184.0,99.74,167514.0,28225.0,99.705,72371.0,9623.0,99.68,146954.0,12599.0,99.65,58114.0,5135.0,99.62,13421.0,2187.0,99.575,41371.0,1379.0,99.54,17738.0,403.0,99.495,9124.0,825.0,99.455,9004.0,695.0,99.405,9928.0,616.0,99.37,8684.0,1841.0,99.31,2603.0,226.0,99.24,3519.0,105.0,99.18,8953.0,731.0,99.14,2005.0,14.0,99.05,534.0,1.0,99.01,1323.0,73.0,98.955,648.0,NaN,98.895,374.0,1.0,98.855,282.0,14.0,98.815,93.0,2.0,98.755,51.0,NaN,98.715,42.0,NaN,98.675,NaN,NaN,98.625,NaN,NaN,98.585,98.535,98.49,98.455,98.42,98.375,98.34,98.31,98.28,NaN,NaN,NaN,NaN,NaN,NaN,NaN,NaN,NaN,NaN,NaN,NaN,NaN,NaN,NaN,NaN,NaN,NaN,NaN,NaN,NaN,NaN,NaN,NaN,NaN,NaN,NaN
2015-09-02,NaN,NaN,NaN,NaN,NaN,NaN,NaN,NaN,NaN,NaN,NaN,NaN,NaN,NaN,NaN,NaN,NaN,NaN,NaN,NaN,NaN,NaN,NaN,NaN,99.83,81303.0,3299.0,99.795,162788.0,30619.0,99.755,171101.0,27153.0,99.72,72683.0,19235.0,99.69,146363.0,12875.0,99.655,57824.0,5108.0,99.625,13566.0,1946.0,99.58,42844.0,4253.0,99.55,16740.0,3133.0,99.505,9270.0,631.0,99.46,9027.0,443.0,99.41,9882.0,274.0,99.375,8795.0,746.0,99.315,2530.0,237.0,99.245,3559.0,395.0,99.185,7359.0,8389.0,99.145,1920.0,981.0,99.055,532.0,30.0,99.015,1331.0,45.0,98.96,651.0,16.0,98.9,414.0,40.0,98.86,282.0,14.0,98.815,92.0,18.0,98.755,47.0,11.0,98.715,42.0,NaN,98.675,NaN,NaN,98.62,NaN,NaN,98.58,98.53,98.485,98.45,98.415,98.37,98.335,98.305,98.27,NaN,NaN,NaN,NaN,NaN,NaN,NaN,NaN,NaN,NaN,NaN,NaN,NaN,NaN,NaN,NaN,NaN,NaN,NaN,NaN,NaN,NaN,NaN,NaN,NaN,NaN,NaN
2015-09-03,NaN,NaN,NaN,NaN,NaN,NaN,NaN,NaN,NaN,NaN,NaN,NaN,NaN,NaN,NaN,NaN,NaN,NaN,NaN,NaN,NaN,NaN,NaN,NaN,99.83,79918.0,5323.0,99.8,158716.0,43602.0,99.755,171768.0,35137.0,99.72,75008.0,8225.0,99.69,144214.0,17950.0,99.655,58210.0,4187.0,99.625,13369.0,1783.0,99.585,44384.0,3938.0,99.55,17160.0,2690.0,99.505,9317.0,491.0,99.46,9146.0,306.0,99.41,10099.0,630.0,99.375,9150.0,1251.0,99.32,2374.0,564.0,99.255,3504.0,105.0,99.195,7418.0,257.0,99.155,1794.0,158.0,99.07,506.0,43.0,99.03,1331.0,NaN,98.975,651.0,NaN,98.915,414.0,NaN,98.875,282.0,1.0,98.83,92.0,NaN,98.77,47.0,NaN,98.735,42.0,NaN,98.695,NaN,NaN,98.64,NaN,NaN,98.61,98.56,98.515,98.48,98.445,98.4,98.365,98.335,98.3,NaN,NaN,NaN,NaN,NaN,NaN,NaN,NaN,NaN,NaN,NaN,NaN,NaN,NaN,NaN,NaN,NaN,NaN,NaN,NaN,NaN,NaN,NaN,NaN,NaN,NaN,NaN
2015-09-04,NaN,NaN,NaN,NaN,NaN,NaN,NaN,NaN,NaN,NaN,NaN,NaN,NaN,NaN,NaN,NaN,NaN,NaN,NaN,NaN,NaN,NaN,NaN,NaN,99.83,82071.0,19149.0,99.8,164767.0,73413.0,99.755,172376.0,35928.0,99.72,75397.0,9294.0,99.69,138973.0,21506.0,99.655,57179.0,6427.0,99.625,13362.0,3303.0,99.585,44302.0,2320.0,99.55,17212.0,1811.0,99.505,9319.0,1640.0,99.46,8918.0,1400.0,99.415,9970.0,999.0,99.38,9061.0,760.0,99.325,2222.0,391.0,99.26,3576.0,323.0,99.205,7241.0,805.0,99.165,1778.0,82.0,99.08,491.0,78.0,99.045,1316.0,37.0,98.995,677.0,52.0,98.935,429.0,23.0,98.895,290.0,30.0,98.855,92.0,28.0,98.805,49.0,26.0,98.77,42.0,NaN,98.73,NaN,NaN,98.675,NaN,NaN,98.645,98.595,98.55,98.515,98.485,98.445,98.41,98.38,98.345,NaN,NaN,NaN,NaN,NaN,NaN,NaN,NaN,NaN,NaN,NaN,NaN,NaN,NaN,NaN,NaN,NaN,NaN,NaN,NaN,NaN,NaN,NaN,NaN,NaN,NaN,NaN
2015-09-08,NaN,NaN,NaN,NaN,NaN,NaN,NaN,NaN,NaN,NaN,NaN,NaN,NaN,NaN,NaN,NaN,NaN,NaN,NaN,NaN,NaN,NaN,NaN,NaN,99.835,82210.0,4720.0,99.805,166284.0,36120.0,99.76,182464.0,33952.0,99.72,75489.0,7155.0,99.685,136831.0,15469.0,99.65,60450.0,9008.0,99.615,13635.0,1240.0,99.565,44119.0,1428.0,99.53,16838.0,1458.0,99.485,9996.0,1149.0,99.44,8881.0,238.0,99.395,10003.0,233.0,99.36,9018.0,154.0,99.305,2209.0,92.0,99.24,3533.0,136.0,99.185,7325.0,180.0,99.145,1825.0,563.0,99.06,521.0,53.0,99.025,1324.0,37.0,98.975,680.0,3.0,98.915,430.0,1.0,98.875,290.0,NaN,98.835,92.0,NaN,98.785,49.0,NaN,98.75,42.0,NaN,98.71,NaN,NaN,98.655,NaN,NaN,98.625,98.57,98.525,98.49,98.46,98.415,98.38,98.35,98.315,NaN,NaN,NaN,NaN,NaN,NaN,NaN,NaN,NaN,NaN,NaN,NaN,NaN,NaN,NaN,NaN,NaN,NaN,NaN,NaN,NaN,NaN,NaN,NaN,NaN,NaN,NaN
2015-09-09,NaN,NaN,NaN,NaN,NaN,NaN,NaN,NaN,NaN,NaN,NaN,NaN,NaN,NaN,NaN,NaN,NaN,NaN,NaN,NaN,NaN,NaN,NaN,NaN,99.835,84126.0,3775.0,99.805,172843.0,29741.0,99.76,183621.0,29577.0,99.72,76887.0,5729.0,99.685,138178.0,11745.0,99.645,59096.0,7083.0,99.61,13801.0,1634.0,99.56,41870.0,4424.0,99.525,17126.0,1187.0,99.48,10076.0,605.0,99.435,8704.0,431.0,99.385,10652.0,1437.0,99.35,9220.0,1532.0,99.295,2201.0,307.0,99.23,3480.0,622.0,99.175,7453.0,1316.0,99.135,1904.0,160.0,99.06,550.0,107.0,99.025,1419.0,102.0,98.975,773.0,111.0,98.915,472.0,102.0,98.875,311.0,102.0,98.835,93.0,1.0,98.79,49.0,NaN,98.755,42.0,NaN,98.715,NaN,NaN,98.66,NaN,NaN,98.63,98.575,98.53,98.5,98.47,98.43,98.395,98.365,98.33,NaN,NaN,NaN,NaN,NaN,NaN,NaN,NaN,NaN,NaN,NaN,NaN,NaN,NaN,NaN,NaN,NaN,NaN,NaN,NaN,NaN,NaN,NaN,NaN,NaN,NaN,NaN
2015-09-10,NaN,NaN,NaN,NaN,NaN,NaN,NaN,NaN,NaN,NaN,NaN,NaN,NaN,NaN,NaN,NaN,NaN,NaN,NaN,NaN,NaN,NaN,NaN,NaN,99.835,84780.0,6093.0,99.805,182936.0,39075.0,99.765,191937.0,41351.0,99.72,79212.0,6050.0,99.685,136422.0,10775.0,99.645,57570.0,6221.0,99.61,14598.0,2543.0,99.56,41128.0,3849.0,99.525,17583.0,1562.0,99.48,10061.0,2231.0,99.435,9003.0,1498.0,99.385,10803.0,1021.0,99.35,9608.0,1131.0,99.295,2293.0,581.0,99.23,3851.0,620.0,99.175,7602.0,305.0,99.135,1905.0,1.0,99.06,550.0,4.0,99.025,1419.0,NaN,98.975,773.0,NaN,98.915,478.0,6.0,98.875,311.0,1.0,98.835,93.0,NaN,98.79,49.0,NaN,98.755,42.0,NaN,98.715,NaN,NaN,98.66,NaN,NaN,98.63,98.575,98.53,98.5,98.47,98.43,98.395,98.36,98.32,NaN,NaN,NaN,NaN,NaN,NaN,NaN,NaN,NaN,NaN,NaN,NaN,NaN,NaN,NaN,NaN,NaN,NaN,NaN,NaN,NaN,NaN,NaN,NaN,NaN,NaN,NaN
2015-09-11,NaN,NaN,NaN,NaN,NaN,NaN,NaN,NaN,NaN,NaN,NaN,NaN,NaN,NaN,NaN,NaN,NaN,NaN,NaN,NaN,NaN,NaN,NaN,NaN,99.835,84727.0,3017.0,99.805,203096.0,51843.0,99.765,195943.0,21000.0,99.72,81431.0,6092.0,99.685,136738.0,6743.0,99.65,57821.0,1090.0,99.615,15068.0,1095.0,99.57,41005.0,623.0,99.535,17891.0,736.0,99.49,10061.0,665.0,99.445,9628.0,2100.0,99.4,10790.0,1341.0,99.365,9620.0,220.0,99.31,4542.0,3312.0,99.25,3822.0,344.0,99.195,7596.0,93.0,99.155,1893.0,16.0,99.08,549.0,11.0,99.045,1409.0,18.0,99.0,763.0,10.0,98.945,478.0,1.0,98.905,311.0,1.0,98.865,93.0,NaN,98.82,49.0,NaN,98.785,42.0,NaN,98.745,NaN,NaN,98.69,NaN,NaN,98.66,98.605,98.56,98.53,98.5,98.46,98.425,98.39,98.35,NaN,NaN,NaN,NaN,NaN,NaN,NaN,NaN,NaN,NaN,NaN,NaN,NaN,NaN,NaN,NaN,NaN,NaN,NaN,NaN,NaN,NaN,NaN,NaN,NaN,NaN,NaN
2015-09-14,NaN,NaN,NaN,NaN,NaN,NaN,NaN,NaN,NaN,NaN,NaN,NaN,NaN,NaN,NaN,NaN,NaN,NaN,NaN,NaN,NaN,NaN,NaN,NaN,99.835,88974.0,11135.0,99.805,224559.0,56484.0,99.76,205565.0,38940.0,99.72,81529.0,6886.0,99.685,138040.0,9798.0,99.65,58887.0,6557.0,99.615,14957.0,1093.0,99.565,40743.0,1030.0,99.53,18418.0,2333.0,99.485,10059.0,353.0,99.44,9329.0,879.0,99.395,11081.0,919.0,99.36,9968.0,416.0,99.305,4607.0,287.0,99.245,3738.0,127.0,99.19,7676.0,956.0,99.15,1887.0,49.0,99.075,561.0,12.0,99.04,1412.0,7.0,98.995,774.0,14.0,98.94,478.0,5.0,98.9,311.0,NaN,98.86,93.0,NaN,98.815,53.0,10.0,98.78,42.0,NaN,98.74,NaN,NaN,98.685,NaN,NaN,98.655,98.6,98.555,98.525,98.495,98.455,98.42,98.385,98.345,NaN,NaN,NaN,NaN,NaN,NaN,NaN,NaN,NaN,NaN,NaN,NaN,NaN,NaN,NaN,NaN,NaN,NaN,NaN,NaN,NaN,NaN,NaN,NaN,NaN,NaN,NaN
2015-09-15,NaN,NaN,NaN,NaN,NaN,NaN,NaN,NaN,NaN,NaN,NaN,NaN,NaN,NaN,NaN,NaN,NaN,NaN,NaN,NaN,NaN,NaN,NaN,NaN,99.8325,98990.0,22260.0,99.805,228239.0,78339.0,99.76,213472.0,84579.0,99.71,82030.0,17800.0,99.675,131613.0,33352.0,99.63,54957.0,16324.0,99.585,15112.0,2824.0,99.535,40826.0,7167.0,99.495,18620.0,7495.0,99.445,9788.0,1599.0,99.4,8699.0,2545.0,99.345,11011.0,994.0,99.31,9802.0,690.0,99.255,4382.0,371.0,99.19,3798.0,332.0,99.135,7456.0,793.0,99.095,1888.0,14.0,99.02,588.0,42.0,98.98,1652.0,244.0,98.935,833.0,83.0,98.88,505.0,40.0,98.84,311.0,19.0,98.8,93.0,NaN,98.745,134.0,81.0,98.705,42.0,NaN,98.665,NaN,NaN,98.61,NaN,NaN,98.58,98.525,98.48,98.45,98.42,98.38,98.345,98.305,98.265,NaN,NaN,NaN,NaN,NaN,NaN,NaN,NaN,NaN,NaN,NaN,NaN,NaN,NaN,NaN,NaN,NaN,NaN,NaN,NaN,NaN,NaN,NaN,NaN,NaN,NaN,NaN
2015-09-16,NaN,NaN,NaN,NaN,NaN,NaN,NaN,NaN,NaN,NaN,NaN,NaN,NaN,NaN,NaN,NaN,NaN,NaN,NaN,NaN,NaN,NaN,NaN,NaN,99.835,98271.0,10671.0,99.805,246916.0,76867.0,99.755,223553.0,59449.0,99.705,82058.0,15667.0,99.665,126811.0,28138.0,99.625,56479.0,6805.0,99.58,15470.0,2952.0,99.535,40646.0,2879.0,99.49,18558.0,1910.0,99.44,9519.0,1130.0,99.395,8600.0,489.0,99.345,11002.0,384.0,99.31,9818.0,758.0,99.255,4480.0,456.0,99.19,5506.0,2035.0,99.13,7325.0,790.0,99.09,1883.0,8.0,99.015,511.0,86.0,98.975,1767.0,201.0,98.93,888.0,56.0,98.875,505.0,NaN,98.835,311.0,NaN,98.795,117.0,24.0,98.74,198.0,64.0,98.7,42.0,NaN,98.66,NaN,NaN,98.605,NaN,NaN,98.575,98.52,98.475,98.445,98.405,98.365,98.335,98.295,98.255,NaN,NaN,NaN,NaN,NaN,NaN,NaN,NaN,NaN,NaN,NaN,NaN,NaN,NaN,NaN,NaN,NaN,NaN,NaN,NaN,NaN,NaN,NaN,NaN,NaN,NaN,NaN
2015-09-17,NaN,NaN,NaN,NaN,NaN,NaN,NaN,NaN,NaN,NaN,NaN,NaN,NaN,NaN,NaN,NaN,NaN,NaN,NaN,NaN,NaN,NaN,NaN,NaN,99.86,95469.0,32794.0,99.855,214500.0,180112.0,99.815,227593.0,149518.0,99.77,74376.0,34938.0,99.73,124541.0,40528.0,99.695,56346.0,9171.0,99.66,15894.0,4995.0,99.615,39622.0,4137.0,99.58,19050.0,1468.0,99.535,9682.0,877.0,99.49,8642.0,1480.0,99.445,11067.0,543.0,99.41,9833.0,816.0,99.355,4404.0,349.0,99.295,5497.0,395.0,99.24,7393.0,989.0,99.205,1978.0,201.0,99.13,618.0,247.0,99.095,2097.0,718.0,99.05,1022.0,146.0,98.995,570.0,111.0,98.955,311.0,11.0,98.915,117.0,NaN,98.86,210.0,12.0,98.82,42.0,NaN,98.78,NaN,NaN,98.725,NaN,NaN,98.695,98.64,98.595,98.565,98.525,98.485,98.46,98.42,98.38,NaN,NaN,NaN,NaN,NaN,NaN,NaN,NaN,NaN,NaN,NaN,NaN,NaN,NaN,NaN,NaN,NaN,NaN,NaN,NaN,NaN,NaN,NaN,NaN,NaN,NaN,NaN
2015-09-18,NaN,NaN,NaN,NaN,NaN,NaN,NaN,NaN,NaN,NaN,NaN,NaN,NaN,NaN,NaN,NaN,NaN,NaN,NaN,NaN,NaN,NaN,NaN,NaN,99.8625,95230.0,2980.0,99.855,204331.0,37913.0,99.825,200522.0,54670.0,99.785,76857.0,19994.0,99.745,122278.0,23937.0,99.71,56550.0,7067.0,99.68,16050.0,3731.0,99.635,42073.0,6171.0,99.605,19045.0,1291.0,99.56,9750.0,556.0,99.515,8924.0,1157.0,99.475,10964.0,807.0,99.44,9729.0,2059.0,99.39,4328.0,573.0,99.33,5488.0,217.0,99.275,7433.0,902.0,99.24,1948.0,50.0,99.165,643.0,95.0,99.13,2075.0,27.0,99.085,1002.0,22.0,99.03,572.0,2.0,98.99,311.0,12.0,98.95,119.0,2.0,98.895,212.0,2.0,98.855,41.0,5.0,98.815,2.0,3.0,98.76,1.0,1.0,98.73,98.675,98.63,98.6,98.56,98.52,98.5,98.46,98.42,NaN,NaN,NaN,NaN,NaN,NaN,NaN,NaN,NaN,NaN,NaN,NaN,NaN,NaN,NaN,NaN,NaN,NaN,NaN,NaN,NaN,NaN,NaN,NaN,NaN,NaN,NaN
2015-09-21,NaN,NaN,NaN,NaN,NaN,NaN,NaN,NaN,NaN,NaN,NaN,NaN,NaN,NaN,NaN,NaN,NaN,NaN,NaN,NaN,NaN,NaN,NaN,NaN,99.8625,95917.0,4987.0,99.855,200405.0,7224.0,99.825,196652.0,26459.0,99.78,82766.0,16320.0,99.74,126038.0,11923.0,99.7,56607.0,4579.0,99.665,15733.0,1794.0,99.62,42519.0,2532.0,99.59,19049.0,2427.0,99.545,9449.0,584.0,99.5,9106.0,297.0,99.45,11215.0,717.0,99.415,9491.0,728.0,99.365,4299.0,493.0,99.305,5620.0,388.0,99.25,7656.0,522.0,99.21,1942.0,24.0,99.135,637.0,56.0,99.095,2169.0,165.0,99.05,999.0,3.0,98.995,553.0,20.0,98.955,318.0,127.0,98.915,119.0,NaN,98.86,212.0,NaN,98.82,41.0,NaN,98.78,2.0,NaN,98.725,1.0,NaN,98.695,98.64,98.595,98.565,98.525,98.485,98.45,98.41,98.365,NaN,NaN,NaN,NaN,NaN,NaN,NaN,NaN,NaN,NaN,NaN,NaN,NaN,NaN,NaN,NaN,NaN,NaN,NaN,NaN,NaN,NaN,NaN,NaN,NaN,NaN,NaN
2015-09-22,NaN,NaN,NaN,NaN,NaN,NaN,NaN,NaN,NaN,NaN,NaN,NaN,NaN,NaN,NaN,NaN,NaN,NaN,NaN,NaN,NaN,NaN,NaN,NaN,99.8625,95947.0,942.0,99.855,201702.0,31022.0,99.83,187589.0,60069.0,99.795,78758.0,19594.0,99.76,127918.0,32602.0,99.73,55915.0,10306.0,99.695,16177.0,2080.0,99.655,43881.0,7720.0,99.625,19227.0,1471.0,99.58,9234.0,851.0,99.535,9087.0,484.0,99.495,11015.0,420.0,99.465,9405.0,278.0,99.415,4261.0,126.0,99.355,5575.0,126.0,99.3,7790.0,386.0,99.26,1960.0,21.0,99.185,636.0,40.0,99.145,2192.0,52.0,99.1,998.0,16.0,99.045,553.0,16.0,99.01,319.0,1.0,98.975,119.0,NaN,98.92,212.0,NaN,98.88,41.0,NaN,98.84,2.0,NaN,98.79,1.0,NaN,98.76,98.71,98.665,98.635,98.6,98.56,98.525,98.495,98.45,NaN,NaN,NaN,NaN,NaN,NaN,NaN,NaN,NaN,NaN,NaN,NaN,NaN,NaN,NaN,NaN,NaN,NaN,NaN,NaN,NaN,NaN,NaN,NaN,NaN,NaN,NaN
2015-09-23,NaN,NaN,NaN,NaN,NaN,NaN,NaN,NaN,NaN,NaN,NaN,NaN,NaN,NaN,NaN,NaN,NaN,NaN,NaN,NaN,NaN,NaN,NaN,NaN,99.8625,96057.0,641.0,99.855,203882.0,10314.0,99.83,183698.0,13490.0,99.795,78662.0,5980.0,99.76,126947.0,8066.0,99.725,53441.0,3818.0,99.69,16292.0,478.0,99.65,43466.0,1759.0,99.615,19226.0,167.0,99.57,9357.0,343.0,99.525,9105.0,85.0,99.485,10880.0,189.0,99.455,9340.0,125.0,99.405,4250.0,43.0,99.345,5556.0,84.0,99.29,7833.0,573.0,99.25,1996.0,68.0,99.175,672.0,36.0,99.135,2202.0,16.0,99.095,998.0,NaN,99.045,568.0,15.0,99.01,319.0,NaN,98.975,119.0,NaN,98.92,212.0,NaN,98.88,41.0,NaN,98.84,2.0,NaN,98.79,1.0,NaN,98.76,98.71,98.665,98.635,98.6,98.56,98.525,98.495,98.45,NaN,NaN,NaN,NaN,NaN,NaN,NaN,NaN,NaN,NaN,NaN,NaN,NaN,NaN,NaN,NaN,NaN,NaN,NaN,NaN,NaN,NaN,NaN,NaN,NaN,NaN,NaN
2015-09-24,NaN,NaN,NaN,NaN,NaN,NaN,NaN,NaN,NaN,NaN,NaN,NaN,NaN,NaN,NaN,NaN,NaN,NaN,NaN,NaN,NaN,NaN,NaN,NaN,99.8625,95362.0,2228.0,99.855,201864.0,16858.0,99.83,182665.0,19951.0,99.795,80627.0,12810.0,99.76,126484.0,11316.0,99.725,53521.0,3081.0,99.695,16378.0,1564.0,99.655,44256.0,2378.0,99.625,19309.0,1215.0,99.58,9529.0,633.0,99.54,9257.0,496.0,99.5,11265.0,659.0,99.47,9298.0,1471.0,99.42,4740.0,1097.0,99.36,5870.0,696.0,99.31,7545.0,1797.0,99.27,2008.0,156.0,99.2,684.0,186.0,99.165,2119.0,180.0,99.125,948.0,85.0,99.075,568.0,12.0,99.04,319.0,NaN,99.005,119.0,NaN,98.95,222.0,10.0,98.91,41.0,NaN,98.87,2.0,NaN,98.82,1.0,NaN,98.79,98.74,98.695,98.665,98.63,98.59,98.555,98.525,98.475,NaN,NaN,NaN,NaN,NaN,NaN,NaN,NaN,NaN,NaN,NaN,NaN,NaN,NaN,NaN,NaN,NaN,NaN,NaN,NaN,NaN,NaN,NaN,NaN,NaN,NaN,NaN
2015-09-25,NaN,NaN,NaN,NaN,NaN,NaN,NaN,NaN,NaN,NaN,NaN,NaN,NaN,NaN,NaN,NaN,NaN,NaN,NaN,NaN,NaN,NaN,NaN,NaN,99.8625,95326.0,174.0,99.855,197779.0,7818.0,99.83,187028.0,39274.0,99.79,84145.0,20887.0,99.755,127290.0,35972.0,99.715,53458.0,13700.0,99.685,16994.0,4301.0,99.64,45920.0,6272.0,99.61,19959.0,3299.0,99.565,9204.0,1674.0,99.525,9010.0,1436.0,99.485,11222.0,449.0,99.455,9295.0,425.0,99.405,4700.0,515.0,99.345,5631.0,388.0,99.295,8223.0,1698.0,99.255,2014.0,90.0,99.185,662.0,83.0,99.15,2117.0,37.0,99.11,936.0,30.0,99.06,568.0,NaN,99.025,319.0,NaN,98.99,119.0,NaN,98.935,223.0,1.0,98.895,41.0,NaN,98.855,2.0,NaN,98.805,1.0,NaN,98.775,98.725,98.68,98.65,98.615,98.575,98.54,98.51,98.46,NaN,NaN,NaN,NaN,NaN,NaN,NaN,NaN,NaN,NaN,NaN,NaN,NaN,NaN,NaN,NaN,NaN,NaN,NaN,NaN,NaN,NaN,NaN,NaN,NaN,NaN,NaN
2015-09-28,NaN,NaN,NaN,NaN,NaN,NaN,NaN,NaN,NaN,NaN,NaN,NaN,NaN,NaN,NaN,NaN,NaN,NaN,NaN,NaN,NaN,NaN,NaN,NaN,99.8625,94687.0,3405.0,99.855,192997.0,19341.0,99.83,194008.0,55310.0,99.795,85841.0,11197.0,99.76,134338.0,23193.0,99.73,53814.0,2939.0,99.7,16891.0,1111.0,99.655,46046.0,2116.0,99.63,21137.0,1810.0,99.59,9561.0,640.0,99.55,8796.0,357.0,99.51,11210.0,226.0,99.48,9266.0,181.0,99.43,4801.0,153.0,99.375,5775.0,335.0,99.33,8290.0,543.0,99.29,2012.0,62.0,99.225,663.0,156.0,99.19,2118.0,46.0,99.155,935.0,1.0,99.105,568.0,9.0,99.075,611.0,301.0,99.035,119.0,1.0,98.985,225.0,2.0,98.95,40.0,1.0,98.92,2.0,NaN,98.87,1.0,NaN,98.84,98.795,98.755,98.725,98.69,98.65,98.615,98.585,98.535,NaN,NaN,NaN,NaN,NaN,NaN,NaN,NaN,NaN,NaN,NaN,NaN,NaN,NaN,NaN,NaN,NaN,NaN,NaN,NaN,NaN,NaN,NaN,NaN,NaN,NaN,NaN
2015-09-29,NaN,NaN,NaN,NaN,NaN,NaN,NaN,NaN,NaN,NaN,NaN,NaN,NaN,NaN,NaN,NaN,NaN,NaN,NaN,NaN,NaN,NaN,NaN,NaN,99.8625,94598.0,101.0,99.86,193204.0,18036.0,99.835,197469.0,14490.0,99.8,86094.0,6616.0,99.765,136059.0,14174.0,99.735,55513.0,5948.0,99.71,17756.0,2555.0,99.67,46437.0,4158.0,99.65,21474.0,1977.0,99.61,9588.0,332.0,99.57,8968.0,1021.0,99.535,11342.0,672.0,99.505,9084.0,552.0,99.455,4844.0,208.0,99.405,5746.0,91.0,99.36,8283.0,167.0,99.32,2742.0,892.0,99.26,622.0,67.0,99.225,2089.0,36.0,99.19,950.0,18.0,99.145,568.0,NaN,99.115,611.0,NaN,99.075,110.0,9.0,99.03,234.0,9.0,98.995,40.0,NaN,98.965,2.0,NaN,98.92,1.0,NaN,98.89,98.845,98.805,98.775,98.74,98.705,98.67,98.64,98.59,NaN,NaN,NaN,NaN,NaN,NaN,NaN,NaN,NaN,NaN,NaN,NaN,NaN,NaN,NaN,NaN,NaN,NaN,NaN,NaN,NaN,NaN,NaN,NaN,NaN,NaN,NaN
2015-09-30,NaN,NaN,NaN,NaN,NaN,NaN,NaN,NaN,NaN,NaN,NaN,NaN,NaN,NaN,NaN,NaN,NaN,NaN,NaN,NaN,NaN,NaN,NaN,NaN,99.8625,93162.0,2570.0,99.86,191712.0,6589.0,99.835,199556.0,15249.0,99.795,86225.0,7025.0,99.76,142380.0,17946.0,99.725,57049.0,3963.0,99.695,18114.0,2070.0,99.66,46711.0,3019.0,99.635,22985.0,3559.0,99.595,9641.0,824.0,99.555,8799.0,766.0,99.52,11394.0,251.0,99.49,9324.0,442.0,99.44,5078.0,591.0,99.39,5736.0,178.0,99.345,8264.0,156.0,99.305,2911.0,274.0,99.245,743.0,209.0,99.21,2080.0,55.0,99.175,1024.0,109.0,99.13,573.0,5.0,99.1,611.0,4.0,99.06,109.0,1.0,99.015,235.0,1.0,98.98,40.0,NaN,98.95,2.0,NaN,98.905,1.0,NaN,98.875,98.83,98.79,98.76,98.725,98.69,98.655,98.625,98.575,98.535,NaN,NaN,NaN,NaN,NaN,NaN,NaN,NaN,NaN,NaN,NaN,NaN,NaN,NaN,NaN,NaN,NaN,NaN,NaN,NaN,NaN,NaN,NaN,NaN,NaN,NaN
2015-10-01,NaN,NaN,NaN,NaN,NaN,NaN,NaN,NaN,NaN,NaN,NaN,NaN,NaN,NaN,NaN,NaN,NaN,NaN,NaN,NaN,NaN,NaN,NaN,NaN,NaN,NaN,NaN,99.86,191721.0,4008.0,99.835,205944.0,26545.0,99.795,87612.0,15755.0,99.755,143937.0,18975.0,99.72,59746.0,12582.0,99.685,17965.0,2267.0,99.645,46837.0,4298.0,99.62,22984.0,2047.0,99.58,9509.0,963.0,99.54,8768.0,660.0,99.505,11642.0,979.0,99.475,9352.0,859.0,99.425,5061.0,838.0,99.375,5507.0,597.0,99.33,8614.0,1249.0,99.29,3057.0,1483.0,99.23,709.0,289.0,99.195,2090.0,55.0,99.16,1024.0,8.0,99.115,573.0,3.0,99.085,611.0,NaN,99.045,109.0,NaN,99.0,236.0,1.0,98.965,40.0,NaN,98.935,2.0,NaN,98.89,1.0,NaN,98.86,98.815,98.775,98.745,98.71,98.675,98.64,98.61,98.56,98.53,NaN,NaN,NaN,NaN,NaN,NaN,NaN,NaN,NaN,NaN,NaN,NaN,NaN,NaN,NaN,NaN,NaN,NaN,NaN,NaN,NaN,NaN,NaN,NaN,NaN,NaN
2015-10-02,NaN,NaN,NaN,NaN,NaN,NaN,NaN,NaN,NaN,NaN,NaN,NaN,NaN,NaN,NaN,NaN,NaN,NaN,NaN,NaN,NaN,NaN,NaN,NaN,NaN,NaN,NaN,99.86,184825.0,29041.0,99.85,208142.0,68051.0,99.82,85974.0,19791.0,99.785,153013.0,62488.0,99.755,66373.0,26242.0,99.73,17762.0,10569.0,99.695,46882.0,11746.0,99.675,23205.0,4798.0,99.64,9701.0,1586.0,99.61,8452.0,2264.0,99.58,11823.0,1441.0,99.555,9253.0,739.0,99.51,5076.0,530.0,99.465,5601.0,268.0,99.42,8703.0,861.0,99.385,2938.0,459.0,99.325,910.0,292.0,99.29,2099.0,49.0,99.26,997.0,57.0,99.215,573.0,19.0,99.185,611.0,1.0,99.145,107.0,2.0,99.1,237.0,1.0,99.065,40.0,NaN,99.035,2.0,NaN,98.99,1.0,NaN,98.96,98.915,98.875,98.84,98.805,98.77,98.735,98.705,98.655,98.625,NaN,NaN,NaN,NaN,NaN,NaN,NaN,NaN,NaN,NaN,NaN,NaN,NaN,NaN,NaN,NaN,NaN,NaN,NaN,NaN,NaN,NaN,NaN,NaN,NaN,NaN
2015-10-05,NaN,NaN,NaN,NaN,NaN,NaN,NaN,NaN,NaN,NaN,NaN,NaN,NaN,NaN,NaN,NaN,NaN,NaN,NaN,NaN,NaN,NaN,NaN,NaN,NaN,NaN,NaN,99.8625,178592.0,17784.0,99.85,208823.0,5005.0,99.815,87476.0,4281.0,99.78,153637.0,6173.0,99.745,66896.0,2229.0,99.715,17592.0,1363.0,99.68,46706.0,974.0,99.655,23307.0,694.0,99.62,9919.0,513.0,99.59,8208.0,484.0,99.55,11287.0,1137.0,99.525,9242.0,303.0,99.48,5188.0,847.0,99.43,5657.0,201.0,99.385,8809.0,430.0,99.35,2910.0,115.0,99.29,906.0,7.0,99.255,2138.0,47.0,99.215,990.0,9.0,99.17,578.0,37.0,99.14,611.0,NaN,99.1,106.0,1.0,99.055,237.0,NaN,99.015,40.0,NaN,98.985,2.0,NaN,98.935,1.0,NaN,98.905,98.86,98.82,98.785,98.75,98.715,98.68,98.645,98.595,98.565,NaN,NaN,NaN,NaN,NaN,NaN,NaN,NaN,NaN,NaN,NaN,NaN,NaN,NaN,NaN,NaN,NaN,NaN,NaN,NaN,NaN,NaN,NaN,NaN,NaN,NaN
2015-10-06,NaN,NaN,NaN,NaN,NaN,NaN,NaN,NaN,NaN,NaN,NaN,NaN,NaN,NaN,NaN,NaN,NaN,NaN,NaN,NaN,NaN,NaN,NaN,NaN,NaN,NaN,NaN,99.865,180044.0,8507.0,99.85,210602.0,10988.0,99.815,87855.0,2757.0,99.78,160316.0,14678.0,99.75,66643.0,4771.0,99.725,17619.0,727.0,99.69,47316.0,2927.0,99.665,23337.0,540.0,99.63,9928.0,121.0,99.6,8173.0,240.0,99.56,11307.0,49.0,99.535,9239.0,64.0,99.49,5164.0,83.0,99.44,5659.0,58.0,99.395,8824.0,100.0,99.36,2898.0,233.0,99.3,908.0,13.0,99.265,2117.0,30.0,99.225,981.0,10.0,99.18,591.0,17.0,99.15,611.0,NaN,99.11,115.0,15.0,99.065,248.0,13.0,99.025,40.0,NaN,98.995,2.0,NaN,98.945,1.0,NaN,98.91,98.865,98.825,98.79,98.755,98.72,98.685,98.65,98.6,98.57,NaN,NaN,NaN,NaN,NaN,NaN,NaN,NaN,NaN,NaN,NaN,NaN,NaN,NaN,NaN,NaN,NaN,NaN,NaN,NaN,NaN,NaN,NaN,NaN,NaN,NaN
2015-10-07,NaN,NaN,NaN,NaN,NaN,NaN,NaN,NaN,NaN,NaN,NaN,NaN,NaN,NaN,NaN,NaN,NaN,NaN,NaN,NaN,NaN,NaN,NaN,NaN,NaN,NaN,NaN,99.865,182632.0,9751.0,99.85,209866.0,7994.0,99.81,87222.0,7131.0,99.77,160925.0,10856.0,99.74,67432.0,4069.0,99.71,16960.0,2404.0,99.67,47628.0,4420.0,99.645,23330.0,1489.0,99.61,9969.0,229.0,99.575,8206.0,443.0,99.535,11313.0,63.0,99.51,9233.0,247.0,99.465,5148.0,26.0,99.415,5631.0,98.0,99.37,9045.0,279.0,99.335,2898.0,14.0,99.275,907.0,1.0,99.24,2105.0,14.0,99.2,987.0,24.0,99.155,593.0,6.0,99.125,611.0,7.0,99.085,115.0,1.0,99.04,249.0,1.0,99.0,40.0,NaN,98.97,2.0,NaN,98.92,1.0,NaN,98.885,98.84,98.8,98.765,98.73,98.69,98.655,98.62,98.57,98.54,NaN,NaN,NaN,NaN,NaN,NaN,NaN,NaN,NaN,NaN,NaN,NaN,NaN,NaN,NaN,NaN,NaN,NaN,NaN,NaN,NaN,NaN,NaN,NaN,NaN,NaN
2015-10-08,NaN,NaN,NaN,NaN,NaN,NaN,NaN,NaN,NaN,NaN,NaN,NaN,NaN,NaN,NaN,NaN,NaN,NaN,NaN,NaN,NaN,NaN,NaN,NaN,NaN,NaN,NaN,99.865,181382.0,5429.0,99.85,202778.0,46820.0,99.81,88124.0,8217.0,99.77,158646.0,13995.0,99.74,68290.0,9198.0,99.71,17261.0,3306.0,99.67,43265.0,8050.0,99.645,23351.0,1022.0,99.61,9933.0,695.0,99.575,8101.0,738.0,99.535,11297.0,364.0,99.51,9291.0,287.0,99.465,5301.0,581.0,99.415,5559.0,192.0,99.365,9325.0,571.0,99.325,2802.0,181.0,99.26,939.0,143.0,99.225,2106.0,42.0,99.185,958.0,72.0,99.14,661.0,91.0,99.11,611.0,64.0,99.07,115.0,NaN,99.025,250.0,1.0,98.98,40.0,NaN,98.95,2.0,NaN,98.895,1.0,NaN,98.86,98.81,98.77,98.735,98.7,98.66,98.625,98.59,98.535,98.505,NaN,NaN,NaN,NaN,NaN,NaN,NaN,NaN,NaN,NaN,NaN,NaN,NaN,NaN,NaN,NaN,NaN,NaN,NaN,NaN,NaN,NaN,NaN,NaN,NaN,NaN
2015-10-09,NaN,NaN,NaN,NaN,NaN,NaN,NaN,NaN,NaN,NaN,NaN,NaN,NaN,NaN,NaN,NaN,NaN,NaN,NaN,NaN,NaN,NaN,NaN,NaN,NaN,NaN,NaN,99.8675,177653.0,13559.0,99.85,204712.0,24593.0,99.81,87128.0,3052.0,99.77,157716.0,3844.0,99.735,69649.0,3124.0,99.705,17281.0,1319.0,99.665,44528.0,2245.0,99.645,23377.0,466.0,99.61,9882.0,207.0,99.57,8136.0,358.0,99.53,11299.0,37.0,99.505,9276.0,90.0,99.455,5342.0,276.0,99.405,5550.0,94.0,99.35,9450.0,274.0,99.31,2725.0,147.0,99.245,941.0,86.0,99.21,2109.0,12.0,99.17,922.0,52.0,99.125,905.0,322.0,99.085,627.0,42.0,99.045,116.0,1.0,99.0,250.0,NaN,98.955,40.0,NaN,98.925,2.0,NaN,98.87,1.0,NaN,98.835,98.785,98.745,98.71,98.675,98.635,98.6,98.565,98.51,98.485,NaN,NaN,NaN,NaN,NaN,NaN,NaN,NaN,NaN,NaN,NaN,NaN,NaN,NaN,NaN,NaN,NaN,NaN,NaN,NaN,NaN,NaN,NaN,NaN,NaN,NaN
2015-10-12,NaN,NaN,NaN,NaN,NaN,NaN,NaN,NaN,NaN,NaN,NaN,NaN,NaN,NaN,NaN,NaN,NaN,NaN,NaN,NaN,NaN,NaN,NaN,NaN,NaN,NaN,NaN,99.8675,177656.0,187.0,99.85,204473.0,966.0,99.81,87442.0,2337.0,99.77,157719.0,1096.0,99.735,69828.0,1219.0,99.705,17379.0,431.0,99.665,44584.0,661.0,99.645,23814.0,707.0,99.61,9879.0,311.0,99.57,8171.0,251.0,99.53,11374.0,317.0,99.505,9439.0,260.0,99.455,5351.0,317.0,99.405,5598.0,203.0,99.35,9576.0,203.0,99.31,2719.0,11.0,99.245,940.0,4.0,99.21,2109.0,1.0,99.17,922.0,NaN,99.125,905.0,NaN,99.085,627.0,NaN,99.045,116.0,NaN,99.0,250.0,NaN,98.955,40.0,NaN,98.925,2.0,NaN,98.87,1.0,NaN,98.835,98.785,98.745,98.71,98.675,98.635,98.6,98.565,98.51,98.485,NaN,NaN,NaN,NaN,NaN,NaN,NaN,NaN,NaN,NaN,NaN,NaN,NaN,NaN,NaN,NaN,NaN,NaN,NaN,NaN,NaN,NaN,NaN,NaN,NaN,NaN
2015-10-13,NaN,NaN,NaN,NaN,NaN,NaN,NaN,NaN,NaN,NaN,NaN,NaN,NaN,NaN,NaN,NaN,NaN,NaN,NaN,NaN,NaN,NaN,NaN,NaN,NaN,NaN,NaN,99.8675,178497.0,18667.0,99.85,248330.0,68562.0,99.81,87234.0,4657.0,99.775,161599.0,15821.0,99.74,71021.0,5625.0,99.715,17553.0,1961.0,99.68,45356.0,9203.0,99.655,24897.0,5726.0,99.625,9945.0,433.0,99.59,8270.0,613.0,99.555,11301.0,445.0,99.53,9358.0,325.0,99.485,5535.0,402.0,99.435,5661.0,235.0,99.385,9654.0,340.0,99.345,2669.0,86.0,99.28,931.0,28.0,99.245,2119.0,19.0,99.205,917.0,6.0,99.16,932.0,33.0,99.125,631.0,5.0,99.095,116.0,2.0,99.05,250.0,NaN,99.005,40.0,NaN,98.975,2.0,NaN,98.92,1.0,NaN,98.885,98.835,98.795,98.765,98.735,98.695,98.665,98.635,98.58,98.56,NaN,NaN,NaN,NaN,NaN,NaN,NaN,NaN,NaN,NaN,NaN,NaN,NaN,NaN,NaN,NaN,NaN,NaN,NaN,NaN,NaN,NaN,NaN,NaN,NaN,NaN
2015-10-14,NaN,NaN,NaN,NaN,NaN,NaN,NaN,NaN,NaN,NaN,NaN,NaN,NaN,NaN,NaN,NaN,NaN,NaN,NaN,NaN,NaN,NaN,NaN,NaN,NaN,NaN,NaN,99.87,177672.0,2966.0,99.86,235544.0,27396.0,99.83,88087.0,11025.0,99.8,154336.0,35940.0,99.775,75366.0,19128.0,99.75,17852.0,4143.0,99.725,49408.0,17957.0,99.705,24991.0,6593.0,99.675,10019.0,773.0,99.65,8638.0,1583.0,99.62,11249.0,801.0,99.595,9681.0,1267.0,99.555,5516.0,751.0,99.51,5811.0,540.0,99.465,9730.0,1159.0,99.43,2749.0,208.0,99.37,1011.0,218.0,99.335,2142.0,58.0,99.295,900.0,51.0,99.255,956.0,30.0,99.225,709.0,78.0,99.195,117.0,1.0,99.15,251.0,1.0,99.11,44.0,4.0,99.085,2.0,NaN,99.035,1.0,NaN,99.0,98.96,98.92,98.89,98.86,98.82,98.79,98.76,98.705,98.685,NaN,NaN,NaN,NaN,NaN,NaN,NaN,NaN,NaN,NaN,NaN,NaN,NaN,NaN,NaN,NaN,NaN,NaN,NaN,NaN,NaN,NaN,NaN,NaN,NaN,NaN
2015-10-15,NaN,NaN,NaN,NaN,NaN,NaN,NaN,NaN,NaN,NaN,NaN,NaN,NaN,NaN,NaN,NaN,NaN,NaN,NaN,NaN,NaN,NaN,NaN,NaN,NaN,NaN,NaN,99.87,174569.0,6560.0,99.86,237267.0,21302.0,99.83,89714.0,7794.0,99.795,158665.0,28286.0,99.765,76806.0,8988.0,99.74,17468.0,2696.0,99.705,50045.0,6851.0,99.685,25629.0,2344.0,99.65,9977.0,493.0,99.62,8459.0,836.0,99.585,11184.0,797.0,99.56,9584.0,1227.0,99.52,5931.0,724.0,99.47,6194.0,512.0,99.425,9753.0,592.0,99.39,2745.0,12.0,99.325,1040.0,39.0,99.29,2155.0,74.0,99.25,896.0,5.0,99.21,956.0,2.0,99.18,717.0,10.0,99.15,119.0,9.0,99.1,256.0,12.0,99.06,44.0,4.0,99.035,2.0,NaN,98.985,1.0,NaN,98.95,98.91,98.87,98.84,98.81,98.77,98.735,98.705,98.65,98.63,NaN,NaN,NaN,NaN,NaN,NaN,NaN,NaN,NaN,NaN,NaN,NaN,NaN,NaN,NaN,NaN,NaN,NaN,NaN,NaN,NaN,NaN,NaN,NaN,NaN,NaN
2015-10-16,NaN,NaN,NaN,NaN,NaN,NaN,NaN,NaN,NaN,NaN,NaN,NaN,NaN,NaN,NaN,NaN,NaN,NaN,NaN,NaN,NaN,NaN,NaN,NaN,NaN,NaN,NaN,99.87,173064.0,2523.0,99.86,236912.0,5609.0,99.83,90854.0,3423.0,99.79,161307.0,9062.0,99.76,76157.0,2594.0,99.73,17123.0,1177.0,99.7,49418.0,2330.0,99.675,25681.0,696.0,99.64,9964.0,91.0,99.61,8258.0,257.0,99.575,11140.0,92.0,99.55,9583.0,77.0,99.505,5938.0,57.0,99.455,6061.0,399.0,99.41,9799.0,530.0,99.375,2710.0,48.0,99.31,1001.0,45.0,99.275,2141.0,15.0,99.235,894.0,2.0,99.195,955.0,3.0,99.165,718.0,2.0,99.135,119.0,NaN,99.08,256.0,NaN,99.04,44.0,NaN,99.015,2.0,NaN,98.965,1.0,NaN,98.93,98.89,98.85,98.82,98.785,98.745,98.71,98.68,98.625,98.605,NaN,NaN,NaN,NaN,NaN,NaN,NaN,NaN,NaN,NaN,NaN,NaN,NaN,NaN,NaN,NaN,NaN,NaN,NaN,NaN,NaN,NaN,NaN,NaN,NaN,NaN
2015-10-19,NaN,NaN,NaN,NaN,NaN,NaN,NaN,NaN,NaN,NaN,NaN,NaN,NaN,NaN,NaN,NaN,NaN,NaN,NaN,NaN,NaN,NaN,NaN,NaN,NaN,NaN,NaN,99.87,172497.0,1118.0,99.86,236195.0,7135.0,99.83,91044.0,3392.0,99.79,164410.0,11163.0,99.76,76936.0,3309.0,99.735,17162.0,2932.0,99.705,51220.0,5896.0,99.685,25721.0,1471.0,99.65,10007.0,462.0,99.62,8296.0,311.0,99.585,11133.0,116.0,99.56,9586.0,63.0,99.515,5941.0,86.0,99.465,6112.0,93.0,99.42,9915.0,205.0,99.385,2754.0,157.0,99.32,1044.0,78.0,99.285,2146.0,29.0,99.245,888.0,12.0,99.205,948.0,16.0,99.175,718.0,NaN,99.145,128.0,9.0,99.09,266.0,10.0,99.05,44.0,NaN,99.025,2.0,NaN,98.975,1.0,NaN,98.94,98.9,98.86,98.825,98.79,98.75,98.715,98.68,98.625,98.605,NaN,NaN,NaN,NaN,NaN,NaN,NaN,NaN,NaN,NaN,NaN,NaN,NaN,NaN,NaN,NaN,NaN,NaN,NaN,NaN,NaN,NaN,NaN,NaN,NaN,NaN
2015-10-20,NaN,NaN,NaN,NaN,NaN,NaN,NaN,NaN,NaN,NaN,NaN,NaN,NaN,NaN,NaN,NaN,NaN,NaN,NaN,NaN,NaN,NaN,NaN,NaN,NaN,NaN,NaN,99.87,171957.0,10898.0,99.86,236118.0,2754.0,99.83,90520.0,8607.0,99.79,174476.0,20904.0,99.76,75323.0,6081.0,99.735,17226.0,2299.0,99.7,50657.0,4570.0,99.675,25748.0,496.0,99.64,9977.0,319.0,99.61,8312.0,446.0,99.57,11642.0,774.0,99.545,9570.0,134.0,99.5,5952.0,392.0,99.45,6068.0,102.0,99.405,9984.0,146.0,99.365,2855.0,213.0,99.3,1146.0,176.0,99.265,2134.0,67.0,99.225,887.0,2.0,99.18,905.0,44.0,99.145,719.0,1.0,99.115,129.0,1.0,99.055,266.0,NaN,99.015,44.0,NaN,98.985,2.0,NaN,98.93,1.0,NaN,98.895,98.855,98.815,98.78,98.745,98.705,98.67,98.635,98.58,98.56,NaN,NaN,NaN,NaN,NaN,NaN,NaN,NaN,NaN,NaN,NaN,NaN,NaN,NaN,NaN,NaN,NaN,NaN,NaN,NaN,NaN,NaN,NaN,NaN,NaN,NaN
2015-10-21,NaN,NaN,NaN,NaN,NaN,NaN,NaN,NaN,NaN,NaN,NaN,NaN,NaN,NaN,NaN,NaN,NaN,NaN,NaN,NaN,NaN,NaN,NaN,NaN,NaN,NaN,NaN,99.87,172287.0,3320.0,99.86,231881.0,11200.0,99.83,90772.0,2622.0,99.79,179044.0,12564.0,99.76,75421.0,2096.0,99.735,17273.0,405.0,99.7,50898.0,830.0,99.675,25833.0,1007.0,99.64,10001.0,229.0,99.61,8270.0,238.0,99.575,11726.0,486.0,99.55,9519.0,622.0,99.505,5987.0,144.0,99.455,6006.0,86.0,99.41,10007.0,143.0,99.37,2856.0,20.0,99.305,1153.0,8.0,99.27,2135.0,7.0,99.23,875.0,12.0,99.185,905.0,NaN,99.15,719.0,NaN,99.12,129.0,NaN,99.06,266.0,NaN,99.02,44.0,NaN,98.99,2.0,NaN,98.935,1.0,NaN,98.905,98.865,98.825,98.79,98.76,98.72,98.685,98.65,98.6,98.58,NaN,NaN,NaN,NaN,NaN,NaN,NaN,NaN,NaN,NaN,NaN,NaN,NaN,NaN,NaN,NaN,NaN,NaN,NaN,NaN,NaN,NaN,NaN,NaN,NaN,NaN
2015-10-22,NaN,NaN,NaN,NaN,NaN,NaN,NaN,NaN,NaN,NaN,NaN,NaN,NaN,NaN,NaN,NaN,NaN,NaN,NaN,NaN,NaN,NaN,NaN,NaN,NaN,NaN,NaN,99.8725,178646.0,14144.0,99.86,225845.0,18477.0,99.83,95846.0,14534.0,99.795,178411.0,13246.0,99.765,75706.0,5476.0,99.735,17734.0,3973.0,99.705,51917.0,4821.0,99.685,26225.0,1255.0,99.655,10154.0,287.0,99.625,8613.0,957.0,99.59,11844.0,228.0,99.565,9561.0,244.0,99.52,5981.0,308.0,99.47,6044.0,128.0,99.43,10163.0,738.0,99.39,3217.0,771.0,99.33,1178.0,40.0,99.295,2122.0,30.0,99.255,875.0,24.0,99.21,881.0,24.0,99.175,740.0,21.0,99.145,300.0,323.0,99.085,302.0,300.0,99.05,44.0,NaN,99.025,2.0,NaN,98.97,1.0,NaN,98.94,98.9,98.86,98.825,98.795,98.755,98.72,98.685,98.635,98.615,NaN,NaN,NaN,NaN,NaN,NaN,NaN,NaN,NaN,NaN,NaN,NaN,NaN,NaN,NaN,NaN,NaN,NaN,NaN,NaN,NaN,NaN,NaN,NaN,NaN,NaN
2015-10-23,NaN,NaN,NaN,NaN,NaN,NaN,NaN,NaN,NaN,NaN,NaN,NaN,NaN,NaN,NaN,NaN,NaN,NaN,NaN,NaN,NaN,NaN,NaN,NaN,NaN,NaN,NaN,99.8725,177193.0,1812.0,99.86,228312.0,7592.0,99.82,97338.0,13970.0,99.78,177022.0,19972.0,99.75,76484.0,8656.0,99.72,16701.0,2689.0,99.68,51577.0,5610.0,99.655,26016.0,1486.0,99.62,10205.0,523.0,99.585,8670.0,901.0,99.55,11797.0,141.0,99.525,9552.0,319.0,99.48,5964.0,42.0,99.43,5938.0,205.0,99.38,10225.0,186.0,99.34,3257.0,58.0,99.28,1182.0,13.0,99.245,2090.0,46.0,99.205,871.0,4.0,99.16,881.0,NaN,99.125,742.0,6.0,99.095,300.0,4.0,99.035,300.0,4.0,99.0,44.0,NaN,98.975,6.0,4.0,98.92,1.0,NaN,98.89,98.85,98.81,98.775,98.745,98.705,98.67,98.635,98.58,98.56,NaN,NaN,NaN,NaN,NaN,NaN,NaN,NaN,NaN,NaN,NaN,NaN,NaN,NaN,NaN,NaN,NaN,NaN,NaN,NaN,NaN,NaN,NaN,NaN,NaN,NaN
2015-10-26,NaN,NaN,NaN,NaN,NaN,NaN,NaN,NaN,NaN,NaN,NaN,NaN,NaN,NaN,NaN,NaN,NaN,NaN,NaN,NaN,NaN,NaN,NaN,NaN,NaN,NaN,NaN,99.8725,165632.0,16697.0,99.86,229377.0,14395.0,99.82,96745.0,3638.0,99.78,175288.0,9462.0,99.75,77504.0,2304.0,99.72,16798.0,900.0,99.68,51398.0,1451.0,99.66,25970.0,560.0,99.625,10204.0,109.0,99.59,8641.0,163.0,99.555,11815.0,51.0,99.53,9548.0,36.0,99.485,5964.0,9.0,99.435,5883.0,120.0,99.39,10316.0,272.0,99.35,3267.0,60.0,99.29,1182.0,47.0,99.255,2072.0,51.0,99.215,870.0,1.0,99.17,881.0,1.0,99.135,753.0,11.0,99.105,300.0,NaN,99.045,300.0,NaN,99.01,44.0,NaN,98.985,6.0,NaN,98.93,1.0,NaN,98.9,98.86,98.82,98.785,98.755,98.715,98.68,98.645,98.59,98.57,NaN,NaN,NaN,NaN,NaN,NaN,NaN,NaN,NaN,NaN,NaN,NaN,NaN,NaN,NaN,NaN,NaN,NaN,NaN,NaN,NaN,NaN,NaN,NaN,NaN,NaN
2015-10-27,NaN,NaN,NaN,NaN,NaN,NaN,NaN,NaN,NaN,NaN,NaN,NaN,NaN,NaN,NaN,NaN,NaN,NaN,NaN,NaN,NaN,NaN,NaN,NaN,NaN,NaN,NaN,99.875,169636.0,10031.0,99.865,233242.0,19184.0,99.825,97008.0,4345.0,99.79,179917.0,19910.0,99.76,79510.0,7401.0,99.73,17026.0,2299.0,99.69,52115.0,1767.0,99.67,26087.0,1394.0,99.635,10185.0,335.0,99.6,8825.0,759.0,99.57,11766.0,133.0,99.545,9539.0,150.0,99.5,5915.0,155.0,99.455,5941.0,116.0,99.415,10327.0,342.0,99.375,3219.0,72.0,99.315,1187.0,9.0,99.28,2082.0,20.0,99.24,873.0,16.0,99.2,877.0,4.0,99.165,754.0,1.0,99.135,300.0,NaN,99.08,300.0,NaN,99.05,37.0,7.0,99.025,6.0,NaN,98.97,1.0,NaN,98.94,98.9,98.86,98.825,98.795,98.755,98.725,98.69,98.64,98.62,NaN,NaN,NaN,NaN,NaN,NaN,NaN,NaN,NaN,NaN,NaN,NaN,NaN,NaN,NaN,NaN,NaN,NaN,NaN,NaN,NaN,NaN,NaN,NaN,NaN,NaN
2015-10-28,NaN,NaN,NaN,NaN,NaN,NaN,NaN,NaN,NaN,NaN,NaN,NaN,NaN,NaN,NaN,NaN,NaN,NaN,NaN,NaN,NaN,NaN,NaN,NaN,NaN,NaN,NaN,99.875,173007.0,11442.0,99.865,220917.0,55160.0,99.81,94182.0,23943.0,99.755,179991.0,43323.0,99.72,82169.0,16423.0,99.685,16960.0,3503.0,99.635,51911.0,9768.0,99.605,27553.0,6671.0,99.57,10134.0,764.0,99.535,9204.0,2188.0,99.495,12798.0,2050.0,99.47,9525.0,1086.0,99.42,6093.0,908.0,99.37,6429.0,1364.0,99.32,10313.0,720.0,99.28,3129.0,257.0,99.22,1195.0,136.0,99.185,2036.0,183.0,99.145,868.0,9.0,99.105,876.0,3.0,99.07,811.0,57.0,99.04,300.0,NaN,98.985,300.0,NaN,98.955,37.0,NaN,98.925,6.0,NaN,98.87,1.0,NaN,98.84,98.8,98.76,98.725,98.695,98.655,98.625,98.59,98.54,98.52,NaN,NaN,NaN,NaN,NaN,NaN,NaN,NaN,NaN,NaN,NaN,NaN,NaN,NaN,NaN,NaN,NaN,NaN,NaN,NaN,NaN,NaN,NaN,NaN,NaN,NaN
2015-10-29,NaN,NaN,NaN,NaN,NaN,NaN,NaN,NaN,NaN,NaN,NaN,NaN,NaN,NaN,NaN,NaN,NaN,NaN,NaN,NaN,NaN,NaN,NaN,NaN,NaN,NaN,NaN,99.875,172666.0,1417.0,99.865,218291.0,6124.0,99.805,91810.0,15346.0,99.75,183101.0,45773.0,99.715,79548.0,22404.0,99.675,17097.0,2140.0,99.63,49664.0,7737.0,99.6,27906.0,2439.0,99.555,10001.0,428.0,99.515,8833.0,1039.0,99.47,12860.0,583.0,99.445,9505.0,499.0,99.395,6092.0,605.0,99.34,6376.0,250.0,99.29,10376.0,860.0,99.25,3098.0,419.0,99.185,1320.0,207.0,99.15,2040.0,47.0,99.11,868.0,16.0,99.065,879.0,91.0,99.03,965.0,168.0,99.0,300.0,29.0,98.935,301.0,4.0,98.9,36.0,6.0,98.87,7.0,1.0,98.81,1.0,NaN,98.78,98.73,98.69,98.655,98.625,98.585,98.555,98.515,98.465,98.445,NaN,NaN,NaN,NaN,NaN,NaN,NaN,NaN,NaN,NaN,NaN,NaN,NaN,NaN,NaN,NaN,NaN,NaN,NaN,NaN,NaN,NaN,NaN,NaN,NaN,NaN
2015-10-30,NaN,NaN,NaN,NaN,NaN,NaN,NaN,NaN,NaN,NaN,NaN,NaN,NaN,NaN,NaN,NaN,NaN,NaN,NaN,NaN,NaN,NaN,NaN,NaN,NaN,NaN,NaN,99.875,171176.0,4658.0,99.865,218426.0,13328.0,99.805,89213.0,17649.0,99.75,182285.0,20510.0,99.715,82384.0,8346.0,99.675,16623.0,2959.0,99.63,49067.0,3289.0,99.6,27977.0,1203.0,99.555,9914.0,422.0,99.515,9237.0,1261.0,99.47,12830.0,630.0,99.445,9502.0,860.0,99.385,6236.0,824.0,99.33,6478.0,308.0,99.28,10255.0,451.0,99.24,3138.0,271.0,99.175,1350.0,133.0,99.14,2069.0,59.0,99.095,863.0,50.0,99.05,894.0,71.0,99.015,967.0,16.0,98.985,500.0,239.0,98.92,307.0,9.0,98.885,36.0,NaN,98.855,8.0,2.0,98.795,1.0,NaN,98.765,98.715,98.675,98.645,98.615,98.575,98.545,98.51,98.46,98.44,98.42,NaN,NaN,NaN,NaN,NaN,NaN,NaN,NaN,NaN,NaN,NaN,NaN,NaN,NaN,NaN,NaN,NaN,NaN,NaN,NaN,NaN,NaN,NaN,NaN,NaN
2015-11-02,NaN,NaN,NaN,NaN,NaN,NaN,NaN,NaN,NaN,NaN,NaN,NaN,NaN,NaN,NaN,NaN,NaN,NaN,NaN,NaN,NaN,NaN,NaN,NaN,NaN,NaN,NaN,NaN,NaN,NaN,99.87,215767.0,51760.0,99.805,89347.0,4042.0,99.75,171004.0,24979.0,99.715,82150.0,5445.0,99.67,16810.0,1275.0,99.62,49204.0,2950.0,99.585,28297.0,1652.0,99.54,9900.0,460.0,99.5,9088.0,668.0,99.45,12827.0,222.0,99.425,9500.0,250.0,99.365,6156.0,275.0,99.31,6473.0,227.0,99.26,10228.0,127.0,99.22,3294.0,233.0,99.15,1352.0,58.0,99.115,2068.0,43.0,99.07,863.0,2.0,99.025,894.0,15.0,98.99,1033.0,71.0,98.96,500.0,23.0,98.895,307.0,NaN,98.86,37.0,1.0,98.83,19.0,13.0,98.77,1.0,NaN,98.74,98.69,98.65,98.62,98.59,98.55,98.52,98.485,98.435,98.415,98.395,NaN,NaN,NaN,NaN,NaN,NaN,NaN,NaN,NaN,NaN,NaN,NaN,NaN,NaN,NaN,NaN,NaN,NaN,NaN,NaN,NaN,NaN,NaN,NaN,NaN
2015-11-03,NaN,NaN,NaN,NaN,NaN,NaN,NaN,NaN,NaN,NaN,NaN,NaN,NaN,NaN,NaN,NaN,NaN,NaN,NaN,NaN,NaN,NaN,NaN,NaN,NaN,NaN,NaN,NaN,NaN,NaN,99.87,214931.0,10908.0,99.805,89383.0,2680.0,99.75,172583.0,6515.0,99.71,81870.0,5279.0,99.67,16766.0,684.0,99.615,48457.0,2220.0,99.58,28262.0,264.0,99.535,9908.0,112.0,99.49,9046.0,383.0,99.445,12834.0,226.0,99.42,9513.0,98.0,99.36,6160.0,106.0,99.305,6486.0,57.0,99.25,10224.0,40.0,99.21,3296.0,4.0,99.14,1362.0,14.0,99.105,2061.0,35.0,99.06,863.0,4.0,99.015,894.0,5.0,98.98,1055.0,23.0,98.95,500.0,NaN,98.885,307.0,NaN,98.85,37.0,NaN,98.82,19.0,NaN,98.76,1.0,NaN,98.73,98.68,98.64,98.61,98.58,98.54,98.51,98.475,98.425,98.405,98.38,NaN,NaN,NaN,NaN,NaN,NaN,NaN,NaN,NaN,NaN,NaN,NaN,NaN,NaN,NaN,NaN,NaN,NaN,NaN,NaN,NaN,NaN,NaN,NaN,NaN
2015-11-04,NaN,NaN,NaN,NaN,NaN,NaN,NaN,NaN,NaN,NaN,NaN,NaN,NaN,NaN,NaN,NaN,NaN,NaN,NaN,NaN,NaN,NaN,NaN,NaN,NaN,NaN,NaN,NaN,NaN,NaN,99.87,213485.0,6036.0,99.8,92991.0,14865.0,99.73,186837.0,42172.0,99.7,86529.0,19809.0,99.655,19044.0,5100.0,99.6,47603.0,5042.0,99.56,28231.0,1211.0,99.515,9920.0,312.0,99.465,9119.0,569.0,99.415,12998.0,514.0,99.39,9474.0,389.0,99.33,6156.0,364.0,99.27,6528.0,353.0,99.215,10376.0,1321.0,99.175,3324.0,243.0,99.105,1348.0,140.0,99.07,2122.0,77.0,99.025,809.0,112.0,98.975,886.0,35.0,98.94,1068.0,17.0,98.905,500.0,29.0,98.84,308.0,1.0,98.805,36.0,1.0,98.775,19.0,NaN,98.715,1.0,NaN,98.685,98.635,98.595,98.565,98.535,98.495,98.465,98.43,98.385,98.365,98.34,NaN,NaN,NaN,NaN,NaN,NaN,NaN,NaN,NaN,NaN,NaN,NaN,NaN,NaN,NaN,NaN,NaN,NaN,NaN,NaN,NaN,NaN,NaN,NaN,NaN
2015-11-05,NaN,NaN,NaN,NaN,NaN,NaN,NaN,NaN,NaN,NaN,NaN,NaN,NaN,NaN,NaN,NaN,NaN,NaN,NaN,NaN,NaN,NaN,NaN,NaN,NaN,NaN,NaN,NaN,NaN,NaN,99.8725,201045.0,21248.0,99.8,90821.0,17074.0,99.73,186995.0,15250.0,99.7,87767.0,8555.0,99.655,19076.0,2308.0,99.6,47524.0,6009.0,99.56,28413.0,2290.0,99.515,9694.0,433.0,99.465,8791.0,1008.0,99.42,12965.0,361.0,99.395,9382.0,264.0,99.335,6310.0,383.0,99.275,6473.0,231.0,99.225,10393.0,457.0,99.185,3396.0,100.0,99.115,1390.0,104.0,99.08,2093.0,38.0,99.035,809.0,NaN,98.985,886.0,9.0,98.95,1068.0,NaN,98.915,500.0,NaN,98.85,308.0,NaN,98.815,36.0,NaN,98.785,21.0,2.0,98.725,1.0,NaN,98.695,98.645,98.605,98.575,98.545,98.505,98.475,98.44,98.395,98.375,98.35,NaN,NaN,NaN,NaN,NaN,NaN,NaN,NaN,NaN,NaN,NaN,NaN,NaN,NaN,NaN,NaN,NaN,NaN,NaN,NaN,NaN,NaN,NaN,NaN,NaN
2015-11-06,NaN,NaN,NaN,NaN,NaN,NaN,NaN,NaN,NaN,NaN,NaN,NaN,NaN,NaN,NaN,NaN,NaN,NaN,NaN,NaN,NaN,NaN,NaN,NaN,NaN,NaN,NaN,NaN,NaN,NaN,99.8725,198276.0,5568.0,99.79,87231.0,15454.0,99.705,201643.0,60808.0,99.68,96290.0,32744.0,99.625,19968.0,6301.0,99.56,46901.0,10615.0,99.515,28550.0,3125.0,99.465,9667.0,1131.0,99.41,8927.0,1163.0,99.355,12946.0,1262.0,99.33,9436.0,1754.0,99.265,6941.0,2109.0,99.205,6530.0,712.0,99.14,10815.0,1723.0,99.1,3911.0,1256.0,99.025,1670.0,442.0,98.985,2232.0,373.0,98.935,814.0,27.0,98.88,893.0,20.0,98.845,1069.0,3.0,98.805,500.0,1.0,98.74,308.0,NaN,98.695,36.0,NaN,98.655,21.0,2.0,98.595,1.0,2.0,98.565,98.515,98.475,98.445,98.415,98.375,98.345,98.31,98.265,98.245,98.22,NaN,NaN,NaN,NaN,NaN,NaN,NaN,NaN,NaN,NaN,NaN,NaN,NaN,NaN,NaN,NaN,NaN,NaN,NaN,NaN,NaN,NaN,NaN,NaN,NaN
2015-11-09,NaN,NaN,NaN,NaN,NaN,NaN,NaN,NaN,NaN,NaN,NaN,NaN,NaN,NaN,NaN,NaN,NaN,NaN,NaN,NaN,NaN,NaN,NaN,NaN,NaN,NaN,NaN,NaN,NaN,NaN,99.875,199206.0,17968.0,99.79,87089.0,6315.0,99.705,200381.0,13407.0,99.68,97153.0,7132.0,99.625,19491.0,2103.0,99.56,48614.0,6292.0,99.52,28692.0,1719.0,99.47,9720.0,889.0,99.415,9184.0,1298.0,99.37,13101.0,618.0,99.345,9507.0,552.0,99.28,6908.0,608.0,99.22,6762.0,504.0,99.16,11041.0,522.0,99.12,3996.0,469.0,99.045,1855.0,311.0,99.005,2329.0,108.0,98.95,779.0,40.0,98.895,898.0,28.0,98.86,1132.0,78.0,98.815,500.0,27.0,98.745,301.0,12.0,98.7,35.0,1.0,98.66,21.0,2.0,98.6,1.0,NaN,98.565,98.51,98.465,98.43,98.395,98.355,98.325,98.29,98.24,98.22,98.195,NaN,NaN,NaN,NaN,NaN,NaN,NaN,NaN,NaN,NaN,NaN,NaN,NaN,NaN,NaN,NaN,NaN,NaN,NaN,NaN,NaN,NaN,NaN,NaN,NaN
2015-11-10,NaN,NaN,NaN,NaN,NaN,NaN,NaN,NaN,NaN,NaN,NaN,NaN,NaN,NaN,NaN,NaN,NaN,NaN,NaN,NaN,NaN,NaN,NaN,NaN,NaN,NaN,NaN,NaN,NaN,NaN,99.875,199100.0,8212.0,99.79,85763.0,4327.0,99.71,200949.0,10722.0,99.685,97236.0,4785.0,99.63,19898.0,2252.0,99.565,50948.0,5437.0,99.53,29150.0,2559.0,99.48,10305.0,742.0,99.43,9701.0,1316.0,99.38,13420.0,1163.0,99.355,9546.0,460.0,99.295,6971.0,762.0,99.235,6653.0,733.0,99.18,11099.0,146.0,99.14,4254.0,470.0,99.065,1984.0,327.0,99.025,2334.0,15.0,98.97,779.0,29.0,98.915,926.0,34.0,98.88,1132.0,NaN,98.84,500.0,21.0,98.77,301.0,NaN,98.725,35.0,NaN,98.685,21.0,NaN,98.625,1.0,NaN,98.59,98.535,98.49,98.455,98.42,98.38,98.35,98.315,98.265,98.245,98.22,NaN,NaN,NaN,NaN,NaN,NaN,NaN,NaN,NaN,NaN,NaN,NaN,NaN,NaN,NaN,NaN,NaN,NaN,NaN,NaN,NaN,NaN,NaN,NaN,NaN
2015-11-11,NaN,NaN,NaN,NaN,NaN,NaN,NaN,NaN,NaN,NaN,NaN,NaN,NaN,NaN,NaN,NaN,NaN,NaN,NaN,NaN,NaN,NaN,NaN,NaN,NaN,NaN,NaN,NaN,NaN,NaN,99.8775,199665.0,1046.0,99.79,85375.0,925.0,99.71,199455.0,5007.0,99.685,95954.0,4652.0,99.625,18942.0,2492.0,99.56,50503.0,1770.0,99.52,29101.0,204.0,99.465,10405.0,552.0,99.415,9706.0,77.0,99.365,13330.0,259.0,99.335,9454.0,220.0,99.275,6981.0,51.0,99.21,6653.0,25.0,99.15,11117.0,28.0,99.11,4158.0,106.0,99.035,2009.0,26.0,98.995,2334.0,NaN,98.94,779.0,NaN,98.885,926.0,NaN,98.85,1132.0,NaN,98.81,500.0,NaN,98.74,301.0,NaN,98.695,35.0,NaN,98.655,21.0,NaN,98.595,1.0,NaN,98.56,98.505,98.46,98.425,98.39,98.35,98.32,98.285,98.235,98.215,98.19,NaN,NaN,NaN,NaN,NaN,NaN,NaN,NaN,NaN,NaN,NaN,NaN,NaN,NaN,NaN,NaN,NaN,NaN,NaN,NaN,NaN,NaN,NaN,NaN,NaN
2015-11-12,NaN,NaN,NaN,NaN,NaN,NaN,NaN,NaN,NaN,NaN,NaN,NaN,NaN,NaN,NaN,NaN,NaN,NaN,NaN,NaN,NaN,NaN,NaN,NaN,NaN,NaN,NaN,NaN,NaN,NaN,99.8775,198457.0,645.0,99.79,84254.0,3009.0,99.71,195036.0,17638.0,99.685,94634.0,12853.0,99.63,18938.0,1408.0,99.565,52018.0,6134.0,99.525,29166.0,1691.0,99.47,10388.0,215.0,99.42,9838.0,908.0,99.37,13929.0,1184.0,99.34,9457.0,86.0,99.28,7027.0,185.0,99.215,6657.0,41.0,99.16,11189.0,181.0,99.12,4250.0,111.0,99.045,2020.0,21.0,99.005,2333.0,3.0,98.95,779.0,9.0,98.895,926.0,6.0,98.86,1133.0,1.0,98.82,500.0,25.0,98.75,301.0,1.0,98.705,35.0,NaN,98.665,20.0,1.0,98.605,1.0,NaN,98.57,98.515,98.47,98.435,98.4,98.36,98.33,98.295,98.25,98.23,98.205,NaN,NaN,NaN,NaN,NaN,NaN,NaN,NaN,NaN,NaN,NaN,NaN,NaN,NaN,NaN,NaN,NaN,NaN,NaN,NaN,NaN,NaN,NaN,NaN,NaN
2015-11-13,NaN,NaN,NaN,NaN,NaN,NaN,NaN,NaN,NaN,NaN,NaN,NaN,NaN,NaN,NaN,NaN,NaN,NaN,NaN,NaN,NaN,NaN,NaN,NaN,NaN,NaN,NaN,NaN,NaN,NaN,99.8775,198539.0,210.0,99.79,84009.0,2813.0,99.71,195989.0,12001.0,99.685,93111.0,7337.0,99.635,19243.0,1950.0,99.57,54228.0,6971.0,99.535,29489.0,803.0,99.49,10340.0,435.0,99.44,11228.0,3035.0,99.39,15243.0,4016.0,99.365,9615.0,523.0,99.31,7543.0,1044.0,99.255,6620.0,190.0,99.2,11084.0,526.0,99.16,4253.0,291.0,99.085,2063.0,103.0,99.05,2318.0,86.0,99.0,779.0,2.0,98.945,935.0,30.0,98.91,1122.0,17.0,98.87,500.0,17.0,98.8,301.0,2.0,98.755,34.0,1.0,98.725,19.0,1.0,98.665,1.0,NaN,98.63,98.58,98.535,98.5,98.47,98.43,98.4,98.365,98.32,98.3,98.275,NaN,NaN,NaN,NaN,NaN,NaN,NaN,NaN,NaN,NaN,NaN,NaN,NaN,NaN,NaN,NaN,NaN,NaN,NaN,NaN,NaN,NaN,NaN,NaN,NaN
2015-11-16,NaN,NaN,NaN,NaN,NaN,NaN,NaN,NaN,NaN,NaN,NaN,NaN,NaN,NaN,NaN,NaN,NaN,NaN,NaN,NaN,NaN,NaN,NaN,NaN,NaN,NaN,NaN,NaN,NaN,NaN,99.8775,197860.0,1992.0,99.79,84298.0,4086.0,99.71,196321.0,11003.0,99.685,95481.0,7526.0,99.64,19662.0,3316.0,99.58,55783.0,6258.0,99.545,30059.0,3464.0,99.5,10370.0,646.0,99.45,13227.0,2826.0,99.405,15382.0,511.0,99.38,9565.0,89.0,99.325,7522.0,56.0,99.27,6636.0,28.0,99.21,11078.0,13.0,99.17,4443.0,392.0,99.095,2077.0,64.0,99.06,2287.0,33.0,99.01,779.0,54.0,98.96,934.0,3.0,98.925,1124.0,2.0,98.885,500.0,1.0,98.815,301.0,NaN,98.77,34.0,NaN,98.74,20.0,3.0,98.68,1.0,2.0,98.645,98.595,98.55,98.515,98.485,98.445,98.415,98.38,98.335,98.315,98.29,0.0,NaN,NaN,NaN,NaN,NaN,NaN,NaN,NaN,NaN,NaN,NaN,NaN,NaN,NaN,NaN,NaN,NaN,NaN,NaN,NaN,NaN,NaN,NaN,NaN
2015-11-17,NaN,NaN,NaN,NaN,NaN,NaN,NaN,NaN,NaN,NaN,NaN,NaN,NaN,NaN,NaN,NaN,NaN,NaN,NaN,NaN,NaN,NaN,NaN,NaN,NaN,NaN,NaN,NaN,NaN,NaN,99.8775,197902.0,2306.0,99.79,84810.0,12111.0,99.71,205904.0,33137.0,99.69,99618.0,14594.0,99.64,21349.0,5913.0,99.58,55931.0,6608.0,99.545,30227.0,1663.0,99.5,10430.0,481.0,99.45,14626.0,3270.0,99.405,14626.0,2067.0,99.38,9511.0,443.0,99.325,7679.0,470.0,99.27,6616.0,418.0,99.21,11056.0,276.0,99.17,4465.0,103.0,99.095,2046.0,56.0,99.06,2287.0,3.0,99.01,779.0,NaN,98.96,934.0,23.0,98.925,1195.0,73.0,98.885,500.0,59.0,98.815,311.0,12.0,98.77,33.0,1.0,98.74,20.0,NaN,98.68,1.0,NaN,98.645,98.595,98.555,98.52,98.49,98.45,98.42,98.385,98.34,98.32,98.295,0.0,NaN,NaN,NaN,NaN,NaN,NaN,NaN,NaN,NaN,NaN,NaN,NaN,NaN,NaN,NaN,NaN,NaN,NaN,NaN,NaN,NaN,NaN,NaN,NaN
2015-11-18,NaN,NaN,NaN,NaN,NaN,NaN,NaN,NaN,NaN,NaN,NaN,NaN,NaN,NaN,NaN,NaN,NaN,NaN,NaN,NaN,NaN,NaN,NaN,NaN,NaN,NaN,NaN,NaN,NaN,NaN,99.8775,192171.0,14355.0,99.79,85836.0,4360.0,99.71,206036.0,15535.0,99.685,98304.0,18703.0,99.63,20816.0,4118.0,99.575,55831.0,15115.0,99.54,30835.0,2641.0,99.49,10577.0,835.0,99.44,14652.0,669.0,99.395,14596.0,301.0,99.37,9425.0,218.0,99.315,7667.0,145.0,99.26,6616.0,52.0,99.2,11011.0,116.0,99.16,4463.0,106.0,99.085,2044.0,2.0,99.05,2289.0,3.0,99.0,779.0,1.0,98.95,934.0,NaN,98.915,1200.0,9.0,98.875,500.0,29.0,98.805,312.0,1.0,98.765,33.0,NaN,98.735,22.0,2.0,98.675,1.0,NaN,98.645,98.595,98.555,98.52,98.49,98.45,98.42,98.385,98.34,98.32,98.295,0.0,NaN,NaN,NaN,NaN,NaN,NaN,NaN,NaN,NaN,NaN,NaN,NaN,NaN,NaN,NaN,NaN,NaN,NaN,NaN,NaN,NaN,NaN,NaN,NaN
2015-11-19,NaN,NaN,NaN,NaN,NaN,NaN,NaN,NaN,NaN,NaN,NaN,NaN,NaN,NaN,NaN,NaN,NaN,NaN,NaN,NaN,NaN,NaN,NaN,NaN,NaN,NaN,NaN,NaN,NaN,NaN,99.8775,192132.0,1408.0,99.79,84395.0,7547.0,99.71,208485.0,11977.0,99.685,100296.0,5722.0,99.63,20612.0,1931.0,99.575,55810.0,4492.0,99.54,30881.0,1004.0,99.49,10614.0,284.0,99.44,14826.0,672.0,99.4,14637.0,347.0,99.375,9343.0,304.0,99.32,8276.0,1445.0,99.265,7144.0,1127.0,99.215,11340.0,623.0,99.175,4645.0,308.0,99.105,2234.0,449.0,99.07,2487.0,314.0,99.025,839.0,60.0,98.975,1210.0,277.0,98.94,1496.0,297.0,98.9,500.0,1.0,98.83,312.0,NaN,98.795,33.0,NaN,98.765,22.0,1.0,98.705,1.0,NaN,98.675,98.625,98.585,98.55,98.52,98.48,98.45,98.42,98.375,98.355,98.33,0.0,NaN,NaN,NaN,NaN,NaN,NaN,NaN,NaN,NaN,NaN,NaN,NaN,NaN,NaN,NaN,NaN,NaN,NaN,NaN,NaN,NaN,NaN,NaN,NaN
2015-11-20,NaN,NaN,NaN,NaN,NaN,NaN,NaN,NaN,NaN,NaN,NaN,NaN,NaN,NaN,NaN,NaN,NaN,NaN,NaN,NaN,NaN,NaN,NaN,NaN,NaN,NaN,NaN,NaN,NaN,NaN,99.8775,195433.0,16028.0,99.785,82124.0,8209.0,99.705,207602.0,17218.0,99.68,103956.0,10218.0,99.625,20673.0,4243.0,99.565,57911.0,9864.0,99.535,31674.0,3580.0,99.485,10769.0,524.0,99.435,15405.0,5217.0,99.39,15247.0,2200.0,99.365,9332.0,272.0,99.31,9007.0,1196.0,99.255,7126.0,158.0,99.205,11416.0,321.0,99.165,4654.0,51.0,99.1,2241.0,54.0,99.065,2486.0,3.0,99.02,839.0,23.0,98.97,1206.0,6.0,98.935,1500.0,5.0,98.895,500.0,5.0,98.825,312.0,NaN,98.79,33.0,NaN,98.76,33.0,11.0,98.705,1.0,NaN,98.675,98.625,98.585,98.55,98.52,98.485,98.46,98.43,98.385,98.365,98.34,0.0,NaN,NaN,NaN,NaN,NaN,NaN,NaN,NaN,NaN,NaN,NaN,NaN,NaN,NaN,NaN,NaN,NaN,NaN,NaN,NaN,NaN,NaN,NaN,NaN
2015-11-23,NaN,NaN,NaN,NaN,NaN,NaN,NaN,NaN,NaN,NaN,NaN,NaN,NaN,NaN,NaN,NaN,NaN,NaN,NaN,NaN,NaN,NaN,NaN,NaN,NaN,NaN,NaN,NaN,NaN,NaN,99.88,196498.0,4075.0,99.785,82788.0,7958.0,99.695,214178.0,18650.0,99.67,109599.0,27844.0,99.61,22933.0,8809.0,99.545,57223.0,9002.0,99.51,32223.0,2541.0,99.46,8974.0,4014.0,99.41,16528.0,3144.0,99.36,15556.0,1255.0,99.335,9435.0,970.0,99.28,9031.0,454.0,99.225,7296.0,605.0,99.17,11479.0,647.0,99.13,4685.0,113.0,99.065,2324.0,416.0,99.03,2644.0,164.0,98.985,832.0,93.0,98.935,1205.0,59.0,98.9,1500.0,1.0,98.86,500.0,9.0,98.795,312.0,1.0,98.76,32.0,1.0,98.73,40.0,7.0,98.675,1.0,NaN,98.645,98.595,98.555,98.525,98.495,98.46,98.44,98.41,98.365,98.345,98.325,0.0,NaN,NaN,NaN,NaN,NaN,NaN,NaN,NaN,NaN,NaN,NaN,NaN,NaN,NaN,NaN,NaN,NaN,NaN,NaN,NaN,NaN,NaN,NaN,NaN
2015-11-24,NaN,NaN,NaN,NaN,NaN,NaN,NaN,NaN,NaN,NaN,NaN,NaN,NaN,NaN,NaN,NaN,NaN,NaN,NaN,NaN,NaN,NaN,NaN,NaN,NaN,NaN,NaN,NaN,NaN,NaN,99.88,196639.0,931.0,99.78,81077.0,8336.0,99.695,217933.0,22477.0,99.665,113565.0,17007.0,99.605,24153.0,6634.0,99.545,65702.0,17287.0,99.51,35403.0,7633.0,99.46,8716.0,983.0,99.41,18907.0,4094.0,99.365,15847.0,1220.0,99.34,9444.0,234.0,99.285,9018.0,310.0,99.23,7345.0,167.0,99.18,11471.0,169.0,99.14,4710.0,77.0,99.075,2372.0,121.0,99.04,2660.0,34.0,98.995,817.0,36.0,98.945,1217.0,57.0,98.91,1507.0,30.0,98.87,500.0,76.0,98.805,312.0,4.0,98.77,32.0,NaN,98.74,42.0,2.0,98.685,1.0,NaN,98.655,98.605,98.565,98.535,98.505,98.47,98.45,98.42,98.375,98.355,98.33,0.0,NaN,NaN,NaN,NaN,NaN,NaN,NaN,NaN,NaN,NaN,NaN,NaN,NaN,NaN,NaN,NaN,NaN,NaN,NaN,NaN,NaN,NaN,NaN,NaN
2015-11-25,NaN,NaN,NaN,NaN,NaN,NaN,NaN,NaN,NaN,NaN,NaN,NaN,NaN,NaN,NaN,NaN,NaN,NaN,NaN,NaN,NaN,NaN,NaN,NaN,NaN,NaN,NaN,NaN,NaN,NaN,99.88,195841.0,4291.0,99.78,81072.0,8375.0,99.695,216113.0,19822.0,99.665,117817.0,12430.0,99.605,26763.0,5246.0,99.545,69809.0,9909.0,99.51,36648.0,3528.0,99.46,8458.0,770.0,99.41,22225.0,5462.0,99.365,15740.0,288.0,99.34,9447.0,276.0,99.285,9003.0,176.0,99.23,7344.0,33.0,99.175,11771.0,499.0,99.135,4723.0,126.0,99.07,2377.0,66.0,99.035,2678.0,29.0,98.99,805.0,14.0,98.94,1225.0,22.0,98.905,1511.0,15.0,98.87,511.0,62.0,98.81,312.0,NaN,98.775,32.0,4.0,98.745,55.0,14.0,98.69,1.0,NaN,98.66,98.61,98.57,98.54,98.51,98.475,98.455,98.425,98.38,98.36,98.335,0.0,NaN,NaN,NaN,NaN,NaN,NaN,NaN,NaN,NaN,NaN,NaN,NaN,NaN,NaN,NaN,NaN,NaN,NaN,NaN,NaN,NaN,NaN,NaN,NaN
2015-11-27,NaN,NaN,NaN,NaN,NaN,NaN,NaN,NaN,NaN,NaN,NaN,NaN,NaN,NaN,NaN,NaN,NaN,NaN,NaN,NaN,NaN,NaN,NaN,NaN,NaN,NaN,NaN,NaN,NaN,NaN,99.88,195320.0,943.0,99.78,78815.0,4355.0,99.695,215975.0,4309.0,99.665,118323.0,4520.0,99.605,26881.0,670.0,99.545,71027.0,4359.0,99.51,37501.0,2095.0,99.465,8379.0,217.0,99.415,22221.0,110.0,99.37,15671.0,92.0,99.345,9445.0,34.0,99.29,9017.0,210.0,99.235,7344.0,41.0,99.185,11770.0,23.0,99.145,4705.0,151.0,99.08,2387.0,15.0,99.045,2686.0,18.0,99.0,805.0,13.0,98.95,1225.0,3.0,98.915,1523.0,12.0,98.88,536.0,25.0,98.82,327.0,16.0,98.785,47.0,15.0,98.755,76.0,22.0,98.7,1.0,NaN,98.67,98.62,98.585,98.56,98.53,98.495,98.475,98.445,98.4,98.38,98.355,0.0,NaN,NaN,NaN,NaN,NaN,NaN,NaN,NaN,NaN,NaN,NaN,NaN,NaN,NaN,NaN,NaN,NaN,NaN,NaN,NaN,NaN,NaN,NaN,NaN
2015-11-30,NaN,NaN,NaN,NaN,NaN,NaN,NaN,NaN,NaN,NaN,NaN,NaN,NaN,NaN,NaN,NaN,NaN,NaN,NaN,NaN,NaN,NaN,NaN,NaN,NaN,NaN,NaN,NaN,NaN,NaN,99.88,193050.0,3882.0,99.78,80644.0,6356.0,99.69,205980.0,21823.0,99.665,121498.0,11246.0,99.605,26707.0,5969.0,99.545,76932.0,14236.0,99.51,39499.0,5018.0,99.465,8390.0,340.0,99.41,22150.0,3309.0,99.365,15726.0,214.0,99.34,9452.0,51.0,99.285,9001.0,76.0,99.23,7311.0,84.0,99.175,11671.0,171.0,99.135,4647.0,269.0,99.07,2392.0,31.0,99.035,2702.0,16.0,98.99,805.0,16.0,98.94,1225.0,NaN,98.905,1523.0,NaN,98.87,536.0,NaN,98.81,327.0,NaN,98.775,47.0,NaN,98.745,76.0,NaN,98.69,1.0,NaN,98.66,98.61,98.575,98.55,98.52,98.485,98.465,98.435,98.39,98.37,98.345,98.32,NaN,NaN,NaN,NaN,NaN,NaN,NaN,NaN,NaN,NaN,NaN,NaN,NaN,NaN,NaN,NaN,NaN,NaN,NaN,NaN,NaN,NaN,NaN,NaN
2015-12-01,NaN,NaN,NaN,NaN,NaN,NaN,NaN,NaN,NaN,NaN,NaN,NaN,NaN,NaN,NaN,NaN,NaN,NaN,NaN,NaN,NaN,NaN,NaN,NaN,NaN,NaN,NaN,NaN,NaN,NaN,NaN,NaN,NaN,99.785,80349.0,5518.0,99.695,207618.0,43315.0,99.67,128682.0,38853.0,99.615,26345.0,4238.0,99.555,77849.0,6830.0,99.525,40823.0,3955.0,99.48,8307.0,1309.0,99.43,22626.0,1706.0,99.385,16471.0,2007.0,99.36,10392.0,1484.0,99.305,9087.0,454.0,99.25,7379.0,215.0,99.2,11761.0,549.0,99.165,4948.0,915.0,99.1,2274.0,286.0,99.065,2902.0,487.0,99.02,798.0,32.0,98.98,1224.0,26.0,98.945,1525.0,13.0,98.91,536.0,4.0,98.85,326.0,1.0,98.815,47.0,NaN,98.785,76.0,NaN,98.73,1.0,NaN,98.7,98.65,98.615,98.59,98.56,98.525,98.505,98.475,98.43,98.41,98.385,98.36,NaN,NaN,NaN,NaN,NaN,NaN,NaN,NaN,NaN,NaN,NaN,NaN,NaN,NaN,NaN,NaN,NaN,NaN,NaN,NaN,NaN,NaN,NaN,NaN
2015-12-02,NaN,NaN,NaN,NaN,NaN,NaN,NaN,NaN,NaN,NaN,NaN,NaN,NaN,NaN,NaN,NaN,NaN,NaN,NaN,NaN,NaN,NaN,NaN,NaN,NaN,NaN,NaN,NaN,NaN,NaN,NaN,NaN,NaN,99.785,83631.0,12169.0,99.695,203691.0,27184.0,99.665,125740.0,23031.0,99.605,26282.0,4634.0,99.54,80328.0,14923.0,99.51,41521.0,4560.0,99.46,7866.0,1151.0,99.405,22662.0,2173.0,99.36,16378.0,1054.0,99.33,10393.0,945.0,99.275,9092.0,528.0,99.22,7412.0,655.0,99.165,12814.0,2439.0,99.13,5519.0,1006.0,99.065,2204.0,122.0,99.03,2927.0,160.0,98.985,811.0,21.0,98.945,1224.0,6.0,98.91,1543.0,20.0,98.875,551.0,24.0,98.815,326.0,NaN,98.78,47.0,NaN,98.75,76.0,NaN,98.695,1.0,NaN,98.665,98.615,98.58,98.555,98.525,98.49,98.47,98.44,98.395,98.375,98.35,98.325,NaN,NaN,NaN,NaN,NaN,NaN,NaN,NaN,NaN,NaN,NaN,NaN,NaN,NaN,NaN,NaN,NaN,NaN,NaN,NaN,NaN,NaN,NaN,NaN
2015-12-03,NaN,NaN,NaN,NaN,NaN,NaN,NaN,NaN,NaN,NaN,NaN,NaN,NaN,NaN,NaN,NaN,NaN,NaN,NaN,NaN,NaN,NaN,NaN,NaN,NaN,NaN,NaN,NaN,NaN,NaN,NaN,NaN,NaN,99.78,82635.0,5651.0,99.695,198875.0,30969.0,99.665,125694.0,10558.0,99.605,26310.0,4670.0,99.535,80294.0,9251.0,99.5,42481.0,4570.0,99.45,8247.0,1714.0,99.395,23196.0,2869.0,99.35,16223.0,1340.0,99.32,10387.0,861.0,99.265,9717.0,2009.0,99.205,7435.0,777.0,99.145,12981.0,1143.0,99.105,4854.0,992.0,99.04,2151.0,254.0,99.005,2941.0,193.0,98.955,810.0,44.0,98.905,1228.0,18.0,98.87,1543.0,NaN,98.83,536.0,15.0,98.77,326.0,NaN,98.735,47.0,NaN,98.705,76.0,NaN,98.65,1.0,NaN,98.62,98.57,98.535,98.51,98.48,98.445,98.425,98.395,98.35,98.33,98.305,98.28,NaN,NaN,NaN,NaN,NaN,NaN,NaN,NaN,NaN,NaN,NaN,NaN,NaN,NaN,NaN,NaN,NaN,NaN,NaN,NaN,NaN,NaN,NaN,NaN
2015-12-04,NaN,NaN,NaN,NaN,NaN,NaN,NaN,NaN,NaN,NaN,NaN,NaN,NaN,NaN,NaN,NaN,NaN,NaN,NaN,NaN,NaN,NaN,NaN,NaN,NaN,NaN,NaN,NaN,NaN,NaN,NaN,NaN,NaN,99.78,87790.0,12896.0,99.69,197194.0,29942.0,99.66,128469.0,36147.0,99.595,26341.0,5001.0,99.53,80131.0,9882.0,99.49,45210.0,7777.0,99.44,8850.0,2191.0,99.385,31402.0,15376.0,99.345,16627.0,2308.0,99.315,10894.0,1823.0,99.255,9941.0,1850.0,99.195,7284.0,529.0,99.14,13179.0,967.0,99.1,4981.0,311.0,99.035,2196.0,183.0,99.0,2920.0,194.0,98.95,847.0,64.0,98.9,1254.0,35.0,98.865,1518.0,25.0,98.825,536.0,5.0,98.765,326.0,NaN,98.73,47.0,NaN,98.7,76.0,NaN,98.645,1.0,NaN,98.615,98.565,98.53,98.505,98.475,98.44,98.42,98.39,98.345,98.325,98.3,98.275,NaN,NaN,NaN,NaN,NaN,NaN,NaN,NaN,NaN,NaN,NaN,NaN,NaN,NaN,NaN,NaN,NaN,NaN,NaN,NaN,NaN,NaN,NaN,NaN
2015-12-07,NaN,NaN,NaN,NaN,NaN,NaN,NaN,NaN,NaN,NaN,NaN,NaN,NaN,NaN,NaN,NaN,NaN,NaN,NaN,NaN,NaN,NaN,NaN,NaN,NaN,NaN,NaN,NaN,NaN,NaN,NaN,NaN,NaN,99.7775,89319.0,5304.0,99.685,186458.0,24127.0,99.655,127516.0,5718.0,99.59,26524.0,3698.0,99.525,80025.0,3649.0,99.49,48440.0,5239.0,99.44,10841.0,3553.0,99.385,32119.0,4360.0,99.345,16809.0,1655.0,99.315,11271.0,817.0,99.255,11395.0,2586.0,99.2,7740.0,1063.0,99.15,13204.0,1268.0,99.11,5019.0,199.0,99.045,2164.0,185.0,99.01,2896.0,88.0,98.96,853.0,115.0,98.91,1241.0,138.0,98.875,1518.0,43.0,98.835,536.0,2.0,98.775,326.0,NaN,98.74,47.0,NaN,98.71,76.0,NaN,98.655,1.0,NaN,98.625,98.575,98.54,98.515,98.485,98.45,98.43,98.4,98.355,98.335,98.31,98.285,NaN,NaN,NaN,NaN,NaN,NaN,NaN,NaN,NaN,NaN,NaN,NaN,NaN,NaN,NaN,NaN,NaN,NaN,NaN,NaN,NaN,NaN,NaN,NaN
2015-12-08,NaN,NaN,NaN,NaN,NaN,NaN,NaN,NaN,NaN,NaN,NaN,NaN,NaN,NaN,NaN,NaN,NaN,NaN,NaN,NaN,NaN,NaN,NaN,NaN,NaN,NaN,NaN,NaN,NaN,NaN,NaN,NaN,NaN,99.775,90546.0,4753.0,99.68,180131.0,26860.0,99.65,124566.0,19171.0,99.58,28232.0,5426.0,99.515,79223.0,12640.0,99.47,51380.0,7904.0,99.42,12435.0,3841.0,99.365,34490.0,5879.0,99.325,17332.0,2613.0,99.3,11239.0,620.0,99.245,11606.0,2233.0,99.19,7817.0,979.0,99.135,13246.0,311.0,99.095,5025.0,295.0,99.03,2151.0,124.0,98.995,2901.0,58.0,98.945,841.0,25.0,98.895,1276.0,56.0,98.86,1518.0,8.0,98.82,536.0,NaN,98.76,326.0,NaN,98.725,47.0,NaN,98.695,76.0,NaN,98.64,1.0,NaN,98.61,98.56,98.525,98.5,98.47,98.435,98.415,98.385,98.34,98.32,98.295,98.27,NaN,NaN,NaN,NaN,NaN,NaN,NaN,NaN,NaN,NaN,NaN,NaN,NaN,NaN,NaN,NaN,NaN,NaN,NaN,NaN,NaN,NaN,NaN,NaN
2015-12-09,NaN,NaN,NaN,NaN,NaN,NaN,NaN,NaN,NaN,NaN,NaN,NaN,NaN,NaN,NaN,NaN,NaN,NaN,NaN,NaN,NaN,NaN,NaN,NaN,NaN,NaN,NaN,NaN,NaN,NaN,NaN,NaN,NaN,99.7725,93836.0,8842.0,99.68,169862.0,28462.0,99.65,128535.0,27128.0,99.59,27107.0,11052.0,99.53,78555.0,32790.0,99.49,57479.0,23594.0,99.45,18569.0,12226.0,99.4,39184.0,11325.0,99.365,22483.0,13294.0,99.34,11716.0,5214.0,99.285,12161.0,3169.0,99.23,7788.0,1315.0,99.18,13093.0,867.0,99.14,5342.0,1543.0,99.075,2371.0,833.0,99.04,2848.0,87.0,98.995,1096.0,264.0,98.945,1295.0,56.0,98.91,1518.0,2.0,98.875,536.0,1.0,98.815,326.0,NaN,98.78,47.0,NaN,98.75,76.0,NaN,98.695,1.0,NaN,98.665,98.615,98.58,98.555,98.525,98.49,98.47,98.44,98.395,98.375,98.35,98.325,NaN,NaN,NaN,NaN,NaN,NaN,NaN,NaN,NaN,NaN,NaN,NaN,NaN,NaN,NaN,NaN,NaN,NaN,NaN,NaN,NaN,NaN,NaN,NaN
2015-12-10,NaN,NaN,NaN,NaN,NaN,NaN,NaN,NaN,NaN,NaN,NaN,NaN,NaN,NaN,NaN,NaN,NaN,NaN,NaN,NaN,NaN,NaN,NaN,NaN,NaN,NaN,NaN,NaN,NaN,NaN,NaN,NaN,NaN,99.7725,94220.0,3224.0,99.68,179082.0,29533.0,99.65,133697.0,14322.0,99.585,27364.0,7166.0,99.52,77055.0,14788.0,99.48,57714.0,16573.0,99.435,22610.0,12316.0,99.385,37469.0,11880.0,99.35,24544.0,6230.0,99.32,12078.0,845.0,99.265,12212.0,414.0,99.21,7731.0,366.0,99.16,13042.0,174.0,99.12,5266.0,132.0,99.055,2338.0,81.0,99.02,2844.0,32.0,98.975,1096.0,5.0,98.925,1295.0,NaN,98.89,1518.0,NaN,98.855,536.0,NaN,98.795,326.0,NaN,98.76,47.0,NaN,98.73,76.0,NaN,98.675,1.0,NaN,98.645,98.595,98.56,98.535,98.505,98.47,98.45,98.42,98.375,98.355,98.33,98.305,NaN,NaN,NaN,NaN,NaN,NaN,NaN,NaN,NaN,NaN,NaN,NaN,NaN,NaN,NaN,NaN,NaN,NaN,NaN,NaN,NaN,NaN,NaN,NaN
2015-12-11,NaN,NaN,NaN,NaN,NaN,NaN,NaN,NaN,NaN,NaN,NaN,NaN,NaN,NaN,NaN,NaN,NaN,NaN,NaN,NaN,NaN,NaN,NaN,NaN,NaN,NaN,NaN,NaN,NaN,NaN,NaN,NaN,NaN,99.7775,95130.0,6565.0,99.69,187617.0,82407.0,99.66,140784.0,48862.0,99.61,27256.0,11730.0,99.56,78974.0,24042.0,99.53,60649.0,11210.0,99.49,22301.0,4689.0,99.445,33123.0,10515.0,99.41,24282.0,2366.0,99.385,11722.0,1588.0,99.335,12285.0,2643.0,99.285,7760.0,1162.0,99.23,14425.0,3074.0,99.195,5146.0,993.0,99.135,2136.0,389.0,99.1,2890.0,167.0,99.055,1091.0,156.0,99.005,1295.0,38.0,98.97,1523.0,38.0,98.935,536.0,NaN,98.875,326.0,NaN,98.84,47.0,NaN,98.81,76.0,NaN,98.755,1.0,NaN,98.725,98.675,98.64,98.615,98.585,98.55,98.53,98.5,98.455,98.435,98.41,98.385,NaN,NaN,NaN,NaN,NaN,NaN,NaN,NaN,NaN,NaN,NaN,NaN,NaN,NaN,NaN,NaN,NaN,NaN,NaN,NaN,NaN,NaN,NaN,NaN
2015-12-14,NaN,NaN,NaN,NaN,NaN,NaN,NaN,NaN,NaN,NaN,NaN,NaN,NaN,NaN,NaN,NaN,NaN,NaN,NaN,NaN,NaN,NaN,NaN,NaN,NaN,NaN,NaN,NaN,NaN,NaN,NaN,NaN,NaN,99.7775,99983.0,14171.0,99.685,192518.0,43064.0,99.66,139772.0,31730.0,99.61,28126.0,4687.0,99.56,81957.0,15119.0,99.53,59415.0,11641.0,99.49,22876.0,3878.0,99.445,35104.0,11378.0,99.405,26715.0,4610.0,99.38,12376.0,2010.0,99.33,13062.0,3998.0,99.28,8776.0,2436.0,99.225,15184.0,1999.0,99.19,5503.0,1317.0,99.13,2190.0,795.0,99.095,2916.0,533.0,99.05,1090.0,49.0,99.0,1583.0,361.0,98.965,1882.0,392.0,98.93,536.0,NaN,98.875,326.0,NaN,98.84,47.0,1.0,98.81,76.0,NaN,98.755,1.0,NaN,98.725,98.68,98.645,98.62,98.59,98.555,98.535,98.505,98.46,98.44,98.415,98.39,NaN,NaN,NaN,NaN,NaN,NaN,NaN,NaN,NaN,NaN,NaN,NaN,NaN,NaN,NaN,NaN,NaN,NaN,NaN,NaN,NaN,NaN,NaN,NaN
2015-12-15,NaN,NaN,NaN,NaN,NaN,NaN,NaN,NaN,NaN,NaN,NaN,NaN,NaN,NaN,NaN,NaN,NaN,NaN,NaN,NaN,NaN,NaN,NaN,NaN,NaN,NaN,NaN,NaN,NaN,NaN,NaN,NaN,NaN,99.7775,104524.0,11132.0,99.685,194303.0,46757.0,99.66,143620.0,33003.0,99.61,29974.0,7237.0,99.56,82559.0,9191.0,99.53,60206.0,11733.0,99.485,23513.0,1720.0,99.44,34265.0,7963.0,99.4,27972.0,3469.0,99.375,12622.0,1282.0,99.32,13592.0,2833.0,99.27,9982.0,2049.0,99.215,15154.0,1112.0,99.18,6228.0,1788.0,99.12,2181.0,323.0,99.08,3534.0,774.0,99.035,1073.0,36.0,98.985,1575.0,37.0,98.95,1884.0,29.0,98.915,536.0,1.0,98.855,323.0,3.0,98.82,83.0,61.0,98.79,75.0,1.0,98.735,NaN,1.0,98.705,98.66,98.625,98.595,98.565,98.53,98.505,98.47,98.425,98.405,98.37,98.345,NaN,NaN,NaN,NaN,NaN,NaN,NaN,NaN,NaN,NaN,NaN,NaN,NaN,NaN,NaN,NaN,NaN,NaN,NaN,NaN,NaN,NaN,NaN,NaN
2015-12-16,NaN,NaN,NaN,NaN,NaN,NaN,NaN,NaN,NaN,NaN,NaN,NaN,NaN,NaN,NaN,NaN,NaN,NaN,NaN,NaN,NaN,NaN,NaN,NaN,NaN,NaN,NaN,NaN,NaN,NaN,NaN,NaN,NaN,99.7675,107413.0,38332.0,99.665,169148.0,129617.0,99.645,146242.0,88967.0,99.59,33662.0,11438.0,99.535,83970.0,26458.0,99.505,64665.0,19301.0,99.455,23155.0,6577.0,99.405,41848.0,20242.0,99.365,29656.0,6844.0,99.34,12898.0,2874.0,99.285,13676.0,906.0,99.23,9976.0,592.0,99.17,14850.0,1212.0,99.13,6309.0,652.0,99.07,2272.0,646.0,99.03,3635.0,370.0,98.985,1073.0,38.0,98.935,1606.0,52.0,98.9,1921.0,115.0,98.865,572.0,38.0,98.805,319.0,4.0,98.77,106.0,40.0,98.74,75.0,NaN,98.685,5.0,5.0,98.65,98.605,98.57,98.54,98.51,98.475,98.45,98.415,98.37,98.35,98.31,98.285,NaN,NaN,NaN,NaN,NaN,NaN,NaN,NaN,NaN,NaN,NaN,NaN,NaN,NaN,NaN,NaN,NaN,NaN,NaN,NaN,NaN,NaN,NaN,NaN
2015-12-17,NaN,NaN,NaN,NaN,NaN,NaN,NaN,NaN,NaN,NaN,NaN,NaN,NaN,NaN,NaN,NaN,NaN,NaN,NaN,NaN,NaN,NaN,NaN,NaN,NaN,NaN,NaN,NaN,NaN,NaN,NaN,NaN,NaN,99.7625,103998.0,9848.0,99.66,152865.0,57807.0,99.645,131395.0,40827.0,99.585,35082.0,6975.0,99.53,83486.0,17589.0,99.5,64940.0,8057.0,99.455,23122.0,1770.0,99.4,45890.0,6068.0,99.36,30690.0,2455.0,99.335,12812.0,708.0,99.275,14074.0,882.0,99.22,9917.0,420.0,99.16,14852.0,642.0,99.12,7141.0,1511.0,99.06,2361.0,199.0,99.02,3711.0,124.0,98.975,1103.0,46.0,98.925,1645.0,62.0,98.89,1956.0,35.0,98.855,572.0,NaN,98.795,319.0,NaN,98.76,126.0,21.0,98.73,75.0,NaN,98.675,5.0,NaN,98.64,98.595,98.56,98.53,98.5,98.465,98.44,98.405,98.36,98.345,98.305,98.29,NaN,NaN,NaN,NaN,NaN,NaN,NaN,NaN,NaN,NaN,NaN,NaN,NaN,NaN,NaN,NaN,NaN,NaN,NaN,NaN,NaN,NaN,NaN,NaN
2015-12-18,NaN,NaN,NaN,NaN,NaN,NaN,NaN,NaN,NaN,NaN,NaN,NaN,NaN,NaN,NaN,NaN,NaN,NaN,NaN,NaN,NaN,NaN,NaN,NaN,NaN,NaN,NaN,NaN,NaN,NaN,NaN,NaN,NaN,99.7575,99362.0,11658.0,99.655,155732.0,23622.0,99.64,123776.0,20847.0,99.58,36009.0,2971.0,99.525,84454.0,11341.0,99.495,64695.0,2127.0,99.45,23100.0,972.0,99.4,46352.0,1671.0,99.36,30795.0,1021.0,99.335,12558.0,1292.0,99.275,14454.0,1538.0,99.22,9916.0,1070.0,99.17,14917.0,503.0,99.13,7072.0,651.0,99.07,2362.0,841.0,99.03,3752.0,105.0,98.985,1103.0,29.0,98.935,1645.0,NaN,98.9,1957.0,1.0,98.865,572.0,NaN,98.805,318.0,1.0,98.77,133.0,7.0,98.74,75.0,NaN,98.685,5.0,NaN,98.65,98.61,98.575,98.545,98.515,98.485,98.46,98.43,98.39,98.375,98.335,98.32,NaN,NaN,NaN,NaN,NaN,NaN,NaN,NaN,NaN,NaN,NaN,NaN,NaN,NaN,NaN,NaN,NaN,NaN,NaN,NaN,NaN,NaN,NaN,NaN
2015-12-21,NaN,NaN,NaN,NaN,NaN,NaN,NaN,NaN,NaN,NaN,NaN,NaN,NaN,NaN,NaN,NaN,NaN,NaN,NaN,NaN,NaN,NaN,NaN,NaN,NaN,NaN,NaN,NaN,NaN,NaN,NaN,NaN,NaN,99.7575,94139.0,7202.0,99.655,156767.0,7545.0,99.64,122793.0,6280.0,99.58,35813.0,714.0,99.525,85152.0,5567.0,99.49,64852.0,2448.0,99.445,23508.0,1833.0,99.395,46329.0,2313.0,99.355,30819.0,631.0,99.33,12526.0,298.0,99.275,14815.0,857.0,99.22,9934.0,591.0,99.17,14854.0,282.0,99.13,7023.0,220.0,99.07,2342.0,93.0,99.03,3758.0,40.0,98.985,1091.0,24.0,98.935,1645.0,72.0,98.9,1995.0,42.0,98.865,572.0,3.0,98.805,312.0,6.0,98.775,133.0,NaN,98.745,75.0,NaN,98.69,5.0,NaN,98.66,98.62,98.585,98.555,98.53,98.5,98.475,98.445,98.405,98.39,98.35,98.335,NaN,NaN,NaN,NaN,NaN,NaN,NaN,NaN,NaN,NaN,NaN,NaN,NaN,NaN,NaN,NaN,NaN,NaN,NaN,NaN,NaN,NaN,NaN,NaN
2015-12-22,NaN,NaN,NaN,NaN,NaN,NaN,NaN,NaN,NaN,NaN,NaN,NaN,NaN,NaN,NaN,NaN,NaN,NaN,NaN,NaN,NaN,NaN,NaN,NaN,NaN,NaN,NaN,NaN,NaN,NaN,NaN,NaN,NaN,99.7575,93303.0,2068.0,99.655,155139.0,7733.0,99.64,122161.0,8975.0,99.575,36081.0,1921.0,99.515,85721.0,5548.0,99.485,64717.0,1514.0,99.435,23608.0,290.0,99.385,46390.0,514.0,99.345,30754.0,612.0,99.315,12428.0,844.0,99.26,14809.0,770.0,99.205,9966.0,480.0,99.15,15016.0,864.0,99.11,6982.0,338.0,99.05,2541.0,282.0,99.01,3848.0,116.0,98.965,1103.0,131.0,98.91,1682.0,92.0,98.87,2029.0,107.0,98.835,592.0,44.0,98.775,342.0,47.0,98.745,157.0,65.0,98.715,114.0,43.0,98.66,43.0,43.0,98.62,98.58,98.545,98.515,98.49,98.46,98.435,98.405,98.365,98.35,98.31,98.295,NaN,NaN,NaN,NaN,NaN,NaN,NaN,NaN,NaN,NaN,NaN,NaN,NaN,NaN,NaN,NaN,NaN,NaN,NaN,NaN,NaN,NaN,NaN,NaN
2015-12-23,NaN,NaN,NaN,NaN,NaN,NaN,NaN,NaN,NaN,NaN,NaN,NaN,NaN,NaN,NaN,NaN,NaN,NaN,NaN,NaN,NaN,NaN,NaN,NaN,NaN,NaN,NaN,NaN,NaN,NaN,NaN,NaN,NaN,99.7575,89376.0,4391.0,99.655,155726.0,7949.0,99.64,138545.0,26264.0,99.575,35829.0,1389.0,99.51,86224.0,5125.0,99.475,64120.0,2841.0,99.425,23768.0,499.0,99.375,47372.0,1896.0,99.34,30345.0,1140.0,99.31,12459.0,500.0,99.255,15212.0,755.0,99.2,9959.0,234.0,99.14,14940.0,520.0,99.1,7011.0,62.0,99.04,2751.0,448.0,99.0,3973.0,295.0,98.955,1193.0,207.0,98.9,1791.0,214.0,98.86,2139.0,144.0,98.825,690.0,99.0,98.765,357.0,18.0,98.735,177.0,20.0,98.705,114.0,NaN,98.65,43.0,NaN,98.61,98.57,98.535,98.505,98.48,98.45,98.425,98.395,98.355,98.34,98.3,98.285,NaN,NaN,NaN,NaN,NaN,NaN,NaN,NaN,NaN,NaN,NaN,NaN,NaN,NaN,NaN,NaN,NaN,NaN,NaN,NaN,NaN,NaN,NaN,NaN
2015-12-24,NaN,NaN,NaN,NaN,NaN,NaN,NaN,NaN,NaN,NaN,NaN,NaN,NaN,NaN,NaN,NaN,NaN,NaN,NaN,NaN,NaN,NaN,NaN,NaN,NaN,NaN,NaN,NaN,NaN,NaN,NaN,NaN,NaN,99.7575,89357.0,38.0,99.655,156238.0,1782.0,99.64,139264.0,2511.0,99.575,36167.0,1568.0,99.505,85806.0,3045.0,99.475,64566.0,2683.0,99.425,23947.0,401.0,99.37,47643.0,1550.0,99.33,30312.0,361.0,99.3,12445.0,150.0,99.245,15220.0,305.0,99.19,9948.0,122.0,99.135,14790.0,283.0,99.095,6978.0,83.0,99.035,2755.0,46.0,98.995,4111.0,184.0,98.95,1320.0,157.0,98.895,1772.0,155.0,98.855,2220.0,82.0,98.82,690.0,NaN,98.765,357.0,NaN,98.735,180.0,3.0,98.705,114.0,NaN,98.65,43.0,1.0,98.625,98.585,98.55,98.52,98.495,98.465,98.44,98.41,98.37,98.355,98.315,98.3,NaN,NaN,NaN,NaN,NaN,NaN,NaN,NaN,NaN,NaN,NaN,NaN,NaN,NaN,NaN,NaN,NaN,NaN,NaN,NaN,NaN,NaN,NaN,NaN
2015-12-28,NaN,NaN,NaN,NaN,NaN,NaN,NaN,NaN,NaN,NaN,NaN,NaN,NaN,NaN,NaN,NaN,NaN,NaN,NaN,NaN,NaN,NaN,NaN,NaN,NaN,NaN,NaN,NaN,NaN,NaN,NaN,NaN,NaN,99.7575,89257.0,100.0,99.655,156886.0,2261.0,99.64,138706.0,1717.0,99.575,35945.0,470.0,99.505,86082.0,491.0,99.47,64063.0,552.0,99.42,23979.0,69.0,99.365,47648.0,58.0,99.33,30673.0,407.0,99.3,12444.0,62.0,99.24,15167.0,60.0,99.185,9948.0,18.0,99.13,15013.0,263.0,99.09,7125.0,407.0,99.03,2767.0,116.0,98.99,4124.0,51.0,98.945,1312.0,32.0,98.89,1779.0,25.0,98.85,2229.0,12.0,98.82,690.0,5.0,98.765,357.0,NaN,98.735,180.0,NaN,98.705,114.0,NaN,98.65,43.0,NaN,98.625,98.585,98.55,98.52,98.495,98.465,98.44,98.41,98.37,98.355,98.315,98.3,NaN,NaN,NaN,NaN,NaN,NaN,NaN,NaN,NaN,NaN,NaN,NaN,NaN,NaN,NaN,NaN,NaN,NaN,NaN,NaN,NaN,NaN,NaN,NaN
2015-12-29,NaN,NaN,NaN,NaN,NaN,NaN,NaN,NaN,NaN,NaN,NaN,NaN,NaN,NaN,NaN,NaN,NaN,NaN,NaN,NaN,NaN,NaN,NaN,NaN,NaN,NaN,NaN,NaN,NaN,NaN,NaN,NaN,NaN,99.7575,89219.0,289.0,99.655,158056.0,5576.0,99.635,140731.0,4965.0,99.565,35807.0,1222.0,99.495,85369.0,2669.0,99.455,63360.0,3175.0,99.405,23993.0,689.0,99.345,47570.0,2065.0,99.3,30755.0,690.0,99.27,12425.0,291.0,99.205,15133.0,420.0,99.15,9940.0,214.0,99.09,14775.0,767.0,99.05,6684.0,864.0,98.985,2759.0,106.0,98.945,4158.0,156.0,98.9,1355.0,139.0,98.84,1851.0,120.0,98.8,2295.0,108.0,98.77,690.0,NaN,98.71,357.0,NaN,98.67,196.0,16.0,98.64,113.0,1.0,98.585,43.0,NaN,98.555,98.515,98.48,98.45,98.42,98.39,98.365,98.335,98.295,98.28,98.24,98.22,NaN,NaN,NaN,NaN,NaN,NaN,NaN,NaN,NaN,NaN,NaN,NaN,NaN,NaN,NaN,NaN,NaN,NaN,NaN,NaN,NaN,NaN,NaN,NaN
2015-12-30,NaN,NaN,NaN,NaN,NaN,NaN,NaN,NaN,NaN,NaN,NaN,NaN,NaN,NaN,NaN,NaN,NaN,NaN,NaN,NaN,NaN,NaN,NaN,NaN,NaN,NaN,NaN,NaN,NaN,NaN,NaN,NaN,NaN,99.7575,85043.0,6381.0,99.655,157609.0,5180.0,99.635,141375.0,5931.0,99.565,33894.0,3020.0,99.495,86358.0,4440.0,99.455,62328.0,3130.0,99.4,23595.0,948.0,99.345,48424.0,1667.0,99.3,30750.0,238.0,99.27,12467.0,349.0,99.21,15156.0,160.0,99.155,9947.0,165.0,99.095,14727.0,79.0,99.055,6704.0,80.0,98.99,2879.0,159.0,98.945,4188.0,78.0,98.9,1339.0,28.0,98.84,1916.0,77.0,98.8,2337.0,43.0,98.77,617.0,73.0,98.71,352.0,14.0,98.67,207.0,11.0,98.64,113.0,NaN,98.585,43.0,NaN,98.555,98.515,98.48,98.45,98.42,98.39,98.365,98.335,98.295,98.28,98.24,98.22,NaN,NaN,NaN,NaN,NaN,NaN,NaN,NaN,NaN,NaN,NaN,NaN,NaN,NaN,NaN,NaN,NaN,NaN,NaN,NaN,NaN,NaN,NaN,NaN
2015-12-31,NaN,NaN,NaN,NaN,NaN,NaN,NaN,NaN,NaN,NaN,NaN,NaN,NaN,NaN,NaN,NaN,NaN,NaN,NaN,NaN,NaN,NaN,NaN,NaN,NaN,NaN,NaN,NaN,NaN,NaN,NaN,NaN,NaN,99.76,NaN,7954.0,99.665,173081.0,37028.0,99.64,149836.0,19197.0,99.57,35224.0,3192.0,99.505,86115.0,8131.0,99.475,60150.0,8547.0,99.42,23938.0,1908.0,99.365,48695.0,1140.0,99.32,30984.0,536.0,99.29,12395.0,272.0,99.225,15226.0,235.0,99.17,9954.0,60.0,99.11,14720.0,235.0,99.07,6719.0,117.0,99.005,2998.0,153.0,98.96,4208.0,74.0,98.915,1339.0,46.0,98.855,1840.0,80.0,98.815,2347.0,19.0,98.785,617.0,NaN,98.725,352.0,NaN,98.685,241.0,34.0,98.655,113.0,NaN,98.6,43.0,NaN,98.57,98.53,98.495,98.47,98.44,98.41,98.39,98.36,98.32,98.305,98.265,98.25,98.53,NaN,NaN,NaN,NaN,NaN,NaN,NaN,NaN,NaN,NaN,NaN,NaN,NaN,NaN,NaN,NaN,NaN,NaN,NaN,NaN,NaN,NaN,NaN
