date,FFF10 Comdty|PX_LAST,FFF10 Comdty|OPEN_INT,FFF10 Comdty|PX_VOLUME,FFG10 Comdty|PX_LAST,FFG10 Comdty|OPEN_INT,FFG10 Comdty|PX_VOLUME,FFH10 Comdty|PX_LAST,FFH10 Comdty|OPEN_INT,FFH10 Comdty|PX_VOLUME,FFJ10 Comdty|PX_LAST,FFJ10 Comdty|OPEN_INT,FFJ10 Comdty|PX_VOLUME,FFK10 Comdty|PX_LAST,FFK10 Comdty|OPEN_INT,FFK10 Comdty|PX_VOLUME,FFM10 Comdty|PX_LAST,FFM10 Comdty|OPEN_INT,FFM10 Comdty|PX_VOLUME,FFN10 Comdty|PX_LAST,FFN10 Comdty|OPEN_INT,FFN10 Comdty|PX_VOLUME,FFQ10 Comdty|PX_LAST,FFQ10 Comdty|OPEN_INT,FFQ10 Comdty|PX_VOLUME,FFU10 Comdty|PX_LAST,FFU10 Comdty|OPEN_INT,FFU10 Comdty|PX_VOLUME,FFV10 Comdty|PX_LAST,FFV10 Comdty|OPEN_INT,FFV10 Comdty|PX_VOLUME,FFX10 Comdty|PX_LAST,FFX10 Comdty|OPEN_INT,FFX10 Comdty|PX_VOLUME,FFZ10 Comdty|PX_LAST,FFZ10 Comdty|OPEN_INT,FFZ10 Comdty|PX_VOLUME,FFF11 Comdty|PX_LAST,FFF11 Comdty|OPEN_INT,FFF11 Comdty|PX_VOLUME,FFG11 Comdty|PX_LAST,FFG11 Comdty|OPEN_INT,FFG11 Comdty|PX_VOLUME,FFH11 Comdty|PX_LAST,FFH11 Comdty|OPEN_INT,FFH11 Comdty|PX_VOLUME,FFJ11 Comdty|PX_LAST,FFJ11 Comdty|OPEN_INT,FFJ11 Comdty|PX_VOLUME,FFK11 Comdty|PX_LAST,FFK11 Comdty|OPEN_INT,FFK11 Comdty|PX_VOLUME,FFM11 Comdty|PX_LAST,FFM11 Comdty|OPEN_INT,FFM11 Comdty|PX_VOLUME,FFN11 Comdty|PX_LAST,FFN11 Comdty|OPEN_INT,FFN11 Comdty|PX_VOLUME,FFQ11 Comdty|PX_LAST,FFQ11 Comdty|OPEN_INT,FFQ11 Comdty|PX_VOLUME,FFU11 Comdty|PX_LAST,FFU11 Comdty|OPEN_INT,FFU11 Comdty|PX_VOLUME,FFV11 Comdty|PX_LAST,FFV11 Comdty|OPEN_INT,FFV11 Comdty|PX_VOLUME,FFX11 Comdty|PX_LAST,FFX11 Comdty|OPEN_INT,FFX11 Comdty|PX_VOLUME,FFZ11 Comdty|PX_LAST,FFZ11 Comdty|OPEN_INT,FFZ11 Comdty|PX_VOLUME,FFF12 Comdty|PX_LAST,FFF12 Comdty|OPEN_INT,FFF12 Comdty|PX_VOLUME,FFG12 Comdty|PX_LAST,FFG12 Comdty|OPEN_INT,FFG12 Comdty|PX_VOLUME,FFH12 Comdty|PX_LAST,FFH12 Comdty|OPEN_INT,FFH12 Comdty|PX_VOLUME,FFJ12 Comdty|PX_LAST,FFJ12 Comdty|OPEN_INT,FFJ12 Comdty|PX_VOLUME,FFK12 Comdty|PX_LAST,FFK12 Comdty|OPEN_INT,FFK12 Comdty|PX_VOLUME,FFM12 Comdty|PX_LAST,FFM12 Comdty|OPEN_INT,FFM12 Comdty|PX_VOLUME,FFN12 Comdty|PX_LAST,FFN12 Comdty|OPEN_INT,FFN12 Comdty|PX_VOLUME,FFQ12 Comdty|PX_LAST,FFQ12 Comdty|OPEN_INT,FFQ12 Comdty|PX_VOLUME,FFU12 Comdty|PX_LAST,FFU12 Comdty|OPEN_INT,FFU12 Comdty|PX_VOLUME,FFV12 Comdty|PX_LAST,FFV12 Comdty|OPEN_INT,FFV12 Comdty|PX_VOLUME,FFX12 Comdty|PX_LAST,FFX12 Comdty|OPEN_INT,FFX12 Comdty|PX_VOLUME,FFZ12 Comdty|PX_LAST,FFF13 Comdty|PX_LAST,FFG13 Comdty|PX_LAST,FFH13 Comdty|PX_LAST,FFJ13 Comdty|PX_LAST,FFK13 Comdty|PX_LAST,FFM13 Comdty|PX_LAST,FFN13 Comdty|PX_LAST,FFQ13 Comdty|PX_LAST,FFU13 Comdty|PX_LAST,FFV13 Comdty|PX_LAST,FFX13 Comdty|PX_LAST,FFZ13 Comdty|PX_LAST,FFF14 Comdty|PX_LAST,FFG14 Comdty|PX_LAST,FFH14 Comdty|PX_LAST,FFJ14 Comdty|PX_LAST,FFK14 Comdty|PX_LAST,FFM14 Comdty|PX_LAST,FFN14 Comdty|PX_LAST,FFQ14 Comdty|PX_LAST,FFU14 Comdty|PX_LAST,FFV14 Comdty|PX_LAST,FFX14 Comdty|PX_LAST,FFZ14 Comdty|PX_LAST,FFF15 Comdty|PX_LAST,FFG15 Comdty|PX_LAST,FFH15 Comdty|PX_LAST,FFJ15 Comdty|PX_LAST,FFK15 Comdty|PX_LAST,FFM15 Comdty|PX_LAST,FFN15 Comdty|PX_LAST,FFQ15 Comdty|PX_LAST,FFU15 Comdty|PX_LAST,FFV15 Comdty|PX_LAST,FFX15 Comdty|PX_LAST
2010-01-04,99.875,69240.0,5234.0,99.845,94148.0,5625.0,99.815,60815.0,1979.0,99.795,62030.0,3714.0,99.74,56724.0,5879.0,99.7,31411.0,4545.0,99.605,26492.0,7434.0,99.49,13948.0,2321.0,99.385,15196.0,1696.0,99.27,14190.0,1092.0,99.105,12645.0,779.0,99.0,7903.0,543.0,98.89,3362.0,312.0,98.715,10206.0,216.0,98.615,638.0,12.0,98.5,1117.0,177.0,98.315,2322.0,NaN,98.26,705.0,270.0,98.1,859.0,NaN,97.955,873.0,NaN,97.84,648.0,NaN,97.73,52.0,NaN,97.585,35.0,NaN,97.585,NaN,NaN,NaN,NaN,NaN,NaN,NaN,NaN,NaN,NaN,NaN,NaN,NaN,NaN,NaN,NaN,NaN,NaN,NaN,NaN,NaN,NaN,NaN,NaN,NaN,NaN,NaN,NaN,NaN,NaN,NaN,NaN,NaN,NaN,NaN,NaN,NaN,NaN,NaN,NaN,NaN,NaN,NaN,NaN,NaN,NaN,NaN,NaN,NaN,NaN,NaN,NaN,NaN,NaN,NaN,NaN,NaN,NaN,NaN,NaN,NaN,NaN,NaN,NaN,NaN,NaN,NaN,NaN,NaN,NaN,NaN
2010-01-05,99.875,70038.0,3661.0,99.85,95733.0,7732.0,99.825,59466.0,5181.0,99.8,59926.0,8442.0,99.755,54490.0,10422.0,99.72,32648.0,6564.0,99.635,28260.0,9772.0,99.535,13032.0,6938.0,99.435,15475.0,1946.0,99.32,12885.0,3129.0,99.165,15077.0,2940.0,99.06,7996.0,457.0,98.96,3363.0,167.0,98.795,10320.0,173.0,98.705,639.0,10.0,98.595,1118.0,1.0,98.415,2322.0,NaN,98.36,705.0,NaN,98.2,859.0,NaN,98.055,873.0,NaN,97.945,648.0,NaN,97.835,52.0,NaN,97.7,35.0,NaN,97.645,NaN,NaN,NaN,NaN,NaN,NaN,NaN,NaN,NaN,NaN,NaN,NaN,NaN,NaN,NaN,NaN,NaN,NaN,NaN,NaN,NaN,NaN,NaN,NaN,NaN,NaN,NaN,NaN,NaN,NaN,NaN,NaN,NaN,NaN,NaN,NaN,NaN,NaN,NaN,NaN,NaN,NaN,NaN,NaN,NaN,NaN,NaN,NaN,NaN,NaN,NaN,NaN,NaN,NaN,NaN,NaN,NaN,NaN,NaN,NaN,NaN,NaN,NaN,NaN,NaN,NaN,NaN,NaN,NaN,NaN,NaN
2010-01-06,99.8775,69932.0,2343.0,99.855,97247.0,5770.0,99.835,58099.0,6013.0,99.815,63114.0,10055.0,99.77,55548.0,4082.0,99.74,34262.0,6218.0,99.66,27769.0,8525.0,99.565,17573.0,13263.0,99.47,15278.0,4652.0,99.365,12908.0,2928.0,99.21,15750.0,2055.0,99.115,8175.0,863.0,99.01,3385.0,408.0,98.84,10437.0,313.0,98.735,643.0,109.0,98.625,1164.0,66.0,98.44,2313.0,21.0,98.385,690.0,15.0,98.22,843.0,28.0,98.075,859.0,17.0,97.965,633.0,16.0,97.855,100.0,67.0,97.72,71.0,102.0,97.65,18.0,18.0,NaN,NaN,NaN,NaN,NaN,NaN,NaN,NaN,NaN,NaN,NaN,NaN,NaN,NaN,NaN,NaN,NaN,NaN,NaN,NaN,NaN,NaN,NaN,NaN,NaN,NaN,NaN,NaN,NaN,NaN,NaN,NaN,NaN,NaN,NaN,NaN,NaN,NaN,NaN,NaN,NaN,NaN,NaN,NaN,NaN,NaN,NaN,NaN,NaN,NaN,NaN,NaN,NaN,NaN,NaN,NaN,NaN,NaN,NaN,NaN,NaN,NaN,NaN,NaN,NaN,NaN,NaN,NaN,NaN
2010-01-07,99.8775,68690.0,3087.0,99.86,96490.0,5351.0,99.84,58142.0,4887.0,99.82,64245.0,4983.0,99.785,57680.0,10191.0,99.75,37326.0,9261.0,99.67,28463.0,9885.0,99.575,21800.0,10888.0,99.475,18524.0,12024.0,99.365,13653.0,5224.0,99.205,16133.0,2525.0,99.1,7880.0,883.0,98.995,3612.0,357.0,98.82,10438.0,218.0,98.715,639.0,6.0,98.6,1164.0,50.0,98.405,2314.0,1.0,98.35,690.0,1.0,98.18,843.0,NaN,98.035,859.0,NaN,97.925,633.0,NaN,97.815,100.0,NaN,97.685,71.0,NaN,97.615,18.0,NaN,NaN,NaN,NaN,NaN,NaN,NaN,NaN,NaN,NaN,NaN,NaN,NaN,NaN,NaN,NaN,NaN,NaN,NaN,NaN,NaN,NaN,NaN,NaN,NaN,NaN,NaN,NaN,NaN,NaN,NaN,NaN,NaN,NaN,NaN,NaN,NaN,NaN,NaN,NaN,NaN,NaN,NaN,NaN,NaN,NaN,NaN,NaN,NaN,NaN,NaN,NaN,NaN,NaN,NaN,NaN,NaN,NaN,NaN,NaN,NaN,NaN,NaN,NaN,NaN,NaN,NaN,NaN,NaN,NaN
2010-01-08,99.885,72506.0,8368.0,99.865,88309.0,10810.0,99.84,55855.0,3346.0,99.825,67574.0,8461.0,99.79,65513.0,10166.0,99.765,55455.0,13262.0,99.7,53923.0,10149.0,99.62,33671.0,7040.0,99.535,22125.0,5050.0,99.43,30327.0,2308.0,99.275,27667.0,1975.0,99.17,11327.0,425.0,99.065,5330.0,112.0,98.89,12670.0,101.0,98.785,1012.0,3.0,98.67,2023.0,1.0,98.475,4054.0,NaN,98.42,885.0,1.0,98.25,2166.0,NaN,98.105,1756.0,NaN,98.0,1010.0,NaN,97.89,172.0,NaN,97.76,2628.0,NaN,97.69,194.0,NaN,NaN,NaN,NaN,NaN,NaN,NaN,NaN,NaN,NaN,NaN,NaN,NaN,NaN,NaN,NaN,NaN,NaN,NaN,NaN,NaN,NaN,NaN,NaN,NaN,NaN,NaN,NaN,NaN,NaN,NaN,NaN,NaN,NaN,NaN,NaN,NaN,NaN,NaN,NaN,NaN,NaN,NaN,NaN,NaN,NaN,NaN,NaN,NaN,NaN,NaN,NaN,NaN,NaN,NaN,NaN,NaN,NaN,NaN,NaN,NaN,NaN,NaN,NaN,NaN,NaN,NaN,NaN,NaN,NaN
2010-01-11,99.885,72333.0,1853.0,99.865,94639.0,2881.0,99.845,58555.0,2894.0,99.825,66551.0,2631.0,99.795,59469.0,4931.0,99.77,39580.0,4920.0,99.71,32315.0,5937.0,99.635,23349.0,2317.0,99.56,18470.0,1032.0,99.465,14374.0,1087.0,99.315,17584.0,918.0,99.21,7988.0,226.0,99.11,3735.0,162.0,98.935,10611.0,185.0,98.83,679.0,42.0,98.715,1184.0,29.0,98.52,2314.0,NaN,98.465,690.0,NaN,98.295,843.0,NaN,98.16,860.0,1.0,98.05,633.0,NaN,97.94,100.0,NaN,97.805,71.0,NaN,97.735,18.0,NaN,NaN,NaN,NaN,NaN,NaN,NaN,NaN,NaN,NaN,NaN,NaN,NaN,NaN,NaN,NaN,NaN,NaN,NaN,NaN,NaN,NaN,NaN,NaN,NaN,NaN,NaN,NaN,NaN,NaN,NaN,NaN,NaN,NaN,NaN,NaN,NaN,NaN,NaN,NaN,NaN,NaN,NaN,NaN,NaN,NaN,NaN,NaN,NaN,NaN,NaN,NaN,NaN,NaN,NaN,NaN,NaN,NaN,NaN,NaN,NaN,NaN,NaN,NaN,NaN,NaN,NaN,NaN,NaN,NaN
2010-01-12,99.885,72905.0,2858.0,99.865,93969.0,3695.0,99.85,56726.0,7019.0,99.83,66631.0,4576.0,99.8,59586.0,2607.0,99.78,39711.0,2893.0,99.72,32480.0,3849.0,99.65,23275.0,2214.0,99.58,18533.0,815.0,99.495,14692.0,1415.0,99.36,18409.0,1673.0,99.255,8266.0,497.0,99.155,3820.0,128.0,98.98,10605.0,46.0,98.875,687.0,13.0,98.765,1200.0,16.0,98.585,2452.0,138.0,98.54,690.0,NaN,98.37,843.0,145.0,98.225,874.0,14.0,98.105,633.0,7.0,97.995,100.0,NaN,97.87,71.0,NaN,97.8,18.0,NaN,NaN,NaN,NaN,NaN,NaN,NaN,NaN,NaN,NaN,NaN,NaN,NaN,NaN,NaN,NaN,NaN,NaN,NaN,NaN,NaN,NaN,NaN,NaN,NaN,NaN,NaN,NaN,NaN,NaN,NaN,NaN,NaN,NaN,NaN,NaN,NaN,NaN,NaN,NaN,NaN,NaN,NaN,NaN,NaN,NaN,NaN,NaN,NaN,NaN,NaN,NaN,NaN,NaN,NaN,NaN,NaN,NaN,NaN,NaN,NaN,NaN,NaN,NaN,NaN,NaN,NaN,NaN,NaN,NaN
2010-01-13,99.885,72992.0,1443.0,99.865,93698.0,7066.0,99.85,58504.0,12226.0,99.825,67390.0,7519.0,99.79,61439.0,6311.0,99.765,38931.0,6204.0,99.7,33775.0,9964.0,99.62,23291.0,5521.0,99.545,19183.0,1899.0,99.45,14851.0,1428.0,99.3,18809.0,933.0,99.195,8615.0,531.0,99.095,3948.0,192.0,98.92,10587.0,27.0,98.815,687.0,NaN,98.705,1106.0,95.0,98.525,2542.0,185.0,98.48,690.0,40.0,98.31,833.0,236.0,98.16,1046.0,174.0,98.04,633.0,87.0,97.94,105.0,5.0,97.825,69.0,5.0,97.755,18.0,NaN,NaN,NaN,NaN,NaN,NaN,NaN,NaN,NaN,NaN,NaN,NaN,NaN,NaN,NaN,NaN,NaN,NaN,NaN,NaN,NaN,NaN,NaN,NaN,NaN,NaN,NaN,NaN,NaN,NaN,NaN,NaN,NaN,NaN,NaN,NaN,NaN,NaN,NaN,NaN,NaN,NaN,NaN,NaN,NaN,NaN,NaN,NaN,NaN,NaN,NaN,NaN,NaN,NaN,NaN,NaN,NaN,NaN,NaN,NaN,NaN,NaN,NaN,NaN,NaN,NaN,NaN,NaN,NaN,NaN
2010-01-14,99.8875,73587.0,3509.0,99.865,94476.0,5150.0,99.85,59209.0,6860.0,99.835,66807.0,2732.0,99.805,61805.0,5110.0,99.785,39873.0,5999.0,99.73,34817.0,5955.0,99.66,23934.0,3982.0,99.59,19490.0,1888.0,99.5,15276.0,1346.0,99.35,19257.0,807.0,99.245,8629.0,132.0,99.145,3920.0,104.0,98.97,10618.0,94.0,98.865,779.0,206.0,98.76,1101.0,136.0,98.585,2542.0,4.0,98.545,690.0,NaN,98.375,824.0,75.0,98.225,1196.0,150.0,98.105,633.0,75.0,98.005,115.0,10.0,97.89,69.0,29.0,97.82,43.0,25.0,NaN,NaN,NaN,NaN,NaN,NaN,NaN,NaN,NaN,NaN,NaN,NaN,NaN,NaN,NaN,NaN,NaN,NaN,NaN,NaN,NaN,NaN,NaN,NaN,NaN,NaN,NaN,NaN,NaN,NaN,NaN,NaN,NaN,NaN,NaN,NaN,NaN,NaN,NaN,NaN,NaN,NaN,NaN,NaN,NaN,NaN,NaN,NaN,NaN,NaN,NaN,NaN,NaN,NaN,NaN,NaN,NaN,NaN,NaN,NaN,NaN,NaN,NaN,NaN,NaN,NaN,NaN,NaN,NaN
2010-01-15,99.8875,73228.0,10452.0,99.87,97183.0,6480.0,99.85,60576.0,3953.0,99.835,68184.0,3083.0,99.81,62139.0,5410.0,99.79,42619.0,6219.0,99.74,36983.0,7945.0,99.675,24810.0,4098.0,99.605,19934.0,1881.0,99.52,15983.0,1723.0,99.38,19502.0,969.0,99.28,8665.0,258.0,99.18,3879.0,151.0,99.015,10664.0,74.0,98.915,779.0,NaN,98.81,1106.0,10.0,98.64,2642.0,105.0,98.6,690.0,NaN,98.44,824.0,100.0,98.29,1196.0,NaN,98.18,633.0,NaN,98.08,115.0,NaN,97.96,69.0,NaN,97.89,43.0,NaN,NaN,NaN,NaN,NaN,NaN,NaN,NaN,NaN,NaN,NaN,NaN,NaN,NaN,NaN,NaN,NaN,NaN,NaN,NaN,NaN,NaN,NaN,NaN,NaN,NaN,NaN,NaN,NaN,NaN,NaN,NaN,NaN,NaN,NaN,NaN,NaN,NaN,NaN,NaN,NaN,NaN,NaN,NaN,NaN,NaN,NaN,NaN,NaN,NaN,NaN,NaN,NaN,NaN,NaN,NaN,NaN,NaN,NaN,NaN,NaN,NaN,NaN,NaN,NaN,NaN,NaN,NaN,NaN,NaN
2010-01-18,NaN,NaN,86.0,NaN,NaN,175.0,NaN,NaN,69.0,NaN,NaN,22.0,NaN,NaN,14.0,NaN,NaN,14.0,NaN,NaN,755.0,NaN,NaN,32.0,NaN,NaN,1.0,NaN,NaN,81.0,NaN,NaN,NaN,NaN,NaN,NaN,NaN,NaN,NaN,NaN,NaN,NaN,NaN,NaN,NaN,NaN,NaN,NaN,NaN,NaN,NaN,NaN,NaN,NaN,NaN,NaN,NaN,NaN,NaN,NaN,NaN,NaN,NaN,NaN,NaN,NaN,NaN,NaN,NaN,NaN,NaN,NaN,NaN,NaN,NaN,NaN,NaN,NaN,NaN,NaN,NaN,NaN,NaN,NaN,NaN,NaN,NaN,NaN,NaN,NaN,NaN,NaN,NaN,NaN,NaN,NaN,NaN,NaN,NaN,NaN,NaN,NaN,NaN,NaN,NaN,NaN,NaN,NaN,NaN,NaN,NaN,NaN,NaN,NaN,NaN,NaN,NaN,NaN,NaN,NaN,NaN,NaN,NaN,NaN,NaN,NaN,NaN,NaN,NaN,NaN,NaN,NaN,NaN,NaN,NaN,NaN,NaN,NaN,NaN,NaN,NaN
2010-01-19,99.8875,74587.0,4636.0,99.87,96590.0,1373.0,99.85,60567.0,554.0,99.835,68183.0,279.0,99.81,62042.0,1584.0,99.79,42470.0,1698.0,99.74,36765.0,3837.0,99.665,25381.0,3283.0,99.59,20767.0,2556.0,99.5,16712.0,2094.0,99.365,19752.0,459.0,99.265,8687.0,35.0,99.165,3879.0,NaN,99.0,10664.0,NaN,98.9,779.0,NaN,98.795,1106.0,NaN,98.625,2642.0,NaN,98.585,690.0,NaN,98.425,824.0,NaN,98.275,1196.0,NaN,98.165,633.0,NaN,98.065,115.0,NaN,97.945,69.0,NaN,97.875,43.0,NaN,NaN,NaN,NaN,NaN,NaN,NaN,NaN,NaN,NaN,NaN,NaN,NaN,NaN,NaN,NaN,NaN,NaN,NaN,NaN,NaN,NaN,NaN,NaN,NaN,NaN,NaN,NaN,NaN,NaN,NaN,NaN,NaN,NaN,NaN,NaN,NaN,NaN,NaN,NaN,NaN,NaN,NaN,NaN,NaN,NaN,NaN,NaN,NaN,NaN,NaN,NaN,NaN,NaN,NaN,NaN,NaN,NaN,NaN,NaN,NaN,NaN,NaN,NaN,NaN,NaN,NaN,NaN,NaN,NaN
2010-01-20,99.8875,73487.0,2430.0,99.87,96032.0,6849.0,99.85,59997.0,7051.0,99.835,70497.0,4144.0,99.81,63234.0,8932.0,99.79,43808.0,4861.0,99.745,39415.0,8563.0,99.675,25469.0,3324.0,99.595,20720.0,1150.0,99.505,17065.0,1180.0,99.37,20067.0,619.0,99.27,8727.0,224.0,99.17,3872.0,77.0,99.005,10664.0,10.0,98.905,779.0,NaN,98.8,1106.0,NaN,98.63,2717.0,75.0,98.585,690.0,25.0,98.425,800.0,74.0,98.28,1172.0,26.0,98.17,633.0,NaN,98.07,115.0,NaN,97.95,69.0,NaN,97.88,43.0,NaN,NaN,NaN,NaN,NaN,NaN,NaN,NaN,NaN,NaN,NaN,NaN,NaN,NaN,NaN,NaN,NaN,NaN,NaN,NaN,NaN,NaN,NaN,NaN,NaN,NaN,NaN,NaN,NaN,NaN,NaN,NaN,NaN,NaN,NaN,NaN,NaN,NaN,NaN,NaN,NaN,NaN,NaN,NaN,NaN,NaN,NaN,NaN,NaN,NaN,NaN,NaN,NaN,NaN,NaN,NaN,NaN,NaN,NaN,NaN,NaN,NaN,NaN,NaN,NaN,NaN,NaN,NaN,NaN,NaN
2010-01-21,99.8875,71404.0,3941.0,99.87,97156.0,6193.0,99.855,60489.0,4599.0,99.835,73573.0,9428.0,99.82,62510.0,12952.0,99.8,50250.0,15389.0,99.76,42469.0,11620.0,99.7,24356.0,3836.0,99.63,20729.0,2452.0,99.54,17712.0,2156.0,99.41,20841.0,2048.0,99.31,8907.0,425.0,99.21,3911.0,420.0,99.045,10863.0,313.0,98.945,849.0,96.0,98.84,1101.0,99.0,98.67,2796.0,89.0,98.625,690.0,5.0,98.465,800.0,NaN,98.32,1172.0,NaN,98.21,633.0,NaN,98.11,115.0,NaN,97.99,69.0,NaN,97.92,43.0,NaN,NaN,NaN,NaN,NaN,NaN,NaN,NaN,NaN,NaN,NaN,NaN,NaN,NaN,NaN,NaN,NaN,NaN,NaN,NaN,NaN,NaN,NaN,NaN,NaN,NaN,NaN,NaN,NaN,NaN,NaN,NaN,NaN,NaN,NaN,NaN,NaN,NaN,NaN,NaN,NaN,NaN,NaN,NaN,NaN,NaN,NaN,NaN,NaN,NaN,NaN,NaN,NaN,NaN,NaN,NaN,NaN,NaN,NaN,NaN,NaN,NaN,NaN,NaN,NaN,NaN,NaN,NaN,NaN,NaN
2010-01-22,99.885,68929.0,9641.0,99.865,95736.0,9044.0,99.855,56909.0,10382.0,99.84,75557.0,9310.0,99.825,63980.0,15320.0,99.815,50647.0,13453.0,99.78,45281.0,15026.0,99.725,24488.0,5186.0,99.665,20222.0,3131.0,99.585,16698.0,4754.0,99.45,21180.0,2543.0,99.355,9227.0,1912.0,99.26,3919.0,611.0,99.105,10875.0,311.0,99.005,877.0,140.0,98.9,1001.0,206.0,98.73,3003.0,267.0,98.685,829.0,201.0,98.525,800.0,101.0,98.39,1332.0,160.0,98.28,633.0,80.0,98.18,172.0,393.0,98.06,1420.0,1422.0,97.99,157.0,336.0,NaN,NaN,NaN,NaN,NaN,NaN,NaN,NaN,NaN,NaN,NaN,NaN,NaN,NaN,NaN,NaN,NaN,NaN,NaN,NaN,NaN,NaN,NaN,NaN,NaN,NaN,NaN,NaN,NaN,NaN,NaN,NaN,NaN,NaN,NaN,NaN,NaN,NaN,NaN,NaN,NaN,NaN,NaN,NaN,NaN,NaN,NaN,NaN,NaN,NaN,NaN,NaN,NaN,NaN,NaN,NaN,NaN,NaN,NaN,NaN,NaN,NaN,NaN,NaN,NaN,NaN,NaN,NaN,NaN
2010-01-25,99.885,68865.0,5600.0,99.865,94575.0,4114.0,99.855,56689.0,2012.0,99.84,74426.0,3448.0,99.825,63067.0,5185.0,99.815,49184.0,5158.0,99.775,45363.0,4888.0,99.72,26043.0,5485.0,99.66,21284.0,2456.0,99.58,16862.0,3331.0,99.45,22328.0,2474.0,99.355,9962.0,1224.0,99.26,3851.0,424.0,99.105,11017.0,245.0,99.005,977.0,137.0,98.9,1364.0,574.0,98.73,3448.0,462.0,98.685,829.0,19.0,98.525,800.0,51.0,98.39,1331.0,2.0,98.28,633.0,NaN,98.18,172.0,NaN,98.045,1420.0,1.0,97.975,157.0,1.0,NaN,NaN,NaN,NaN,NaN,NaN,NaN,NaN,NaN,NaN,NaN,NaN,NaN,NaN,NaN,NaN,NaN,NaN,NaN,NaN,NaN,NaN,NaN,NaN,NaN,NaN,NaN,NaN,NaN,NaN,NaN,NaN,NaN,NaN,NaN,NaN,NaN,NaN,NaN,NaN,NaN,NaN,NaN,NaN,NaN,NaN,NaN,NaN,NaN,NaN,NaN,NaN,NaN,NaN,NaN,NaN,NaN,NaN,NaN,NaN,NaN,NaN,NaN,NaN,NaN,NaN,NaN,NaN,NaN
2010-01-26,99.885,69151.0,4783.0,99.865,93202.0,4518.0,99.85,57435.0,3279.0,99.84,73767.0,3951.0,99.825,61529.0,3323.0,99.81,49216.0,3976.0,99.765,44091.0,4570.0,99.71,26177.0,2744.0,99.65,21652.0,1154.0,99.57,17357.0,1564.0,99.45,22569.0,1267.0,99.355,9908.0,350.0,99.26,3847.0,19.0,99.1,11067.0,51.0,99.0,977.0,NaN,98.895,1414.0,50.0,98.725,3448.0,NaN,98.68,829.0,11.0,98.52,800.0,11.0,98.385,1331.0,NaN,98.275,633.0,NaN,98.175,172.0,NaN,98.04,1420.0,NaN,97.97,157.0,NaN,NaN,NaN,NaN,NaN,NaN,NaN,NaN,NaN,NaN,NaN,NaN,NaN,NaN,NaN,NaN,NaN,NaN,NaN,NaN,NaN,NaN,NaN,NaN,NaN,NaN,NaN,NaN,NaN,NaN,NaN,NaN,NaN,NaN,NaN,NaN,NaN,NaN,NaN,NaN,NaN,NaN,NaN,NaN,NaN,NaN,NaN,NaN,NaN,NaN,NaN,NaN,NaN,NaN,NaN,NaN,NaN,NaN,NaN,NaN,NaN,NaN,NaN,NaN,NaN,NaN,NaN,NaN,NaN,NaN
2010-01-27,99.8875,67819.0,8098.0,99.865,92855.0,5995.0,99.85,57514.0,5567.0,99.835,74012.0,6619.0,99.82,60244.0,11273.0,99.805,49618.0,7103.0,99.755,44603.0,9296.0,99.695,27925.0,9111.0,99.63,22925.0,4338.0,99.54,18047.0,3956.0,99.405,23319.0,2039.0,99.31,9956.0,1138.0,99.21,4037.0,998.0,99.04,11348.0,357.0,98.94,982.0,23.0,98.82,1489.0,75.0,98.65,3518.0,70.0,98.595,836.0,7.0,98.435,801.0,1.0,98.3,1329.0,34.0,98.19,633.0,16.0,98.09,172.0,NaN,97.955,1430.0,10.0,97.885,157.0,NaN,NaN,NaN,NaN,NaN,NaN,NaN,NaN,NaN,NaN,NaN,NaN,NaN,NaN,NaN,NaN,NaN,NaN,NaN,NaN,NaN,NaN,NaN,NaN,NaN,NaN,NaN,NaN,NaN,NaN,NaN,NaN,NaN,NaN,NaN,NaN,NaN,NaN,NaN,NaN,NaN,NaN,NaN,NaN,NaN,NaN,NaN,NaN,NaN,NaN,NaN,NaN,NaN,NaN,NaN,NaN,NaN,NaN,NaN,NaN,NaN,NaN,NaN,NaN,NaN,NaN,NaN,NaN,NaN,NaN
2010-01-28,99.8875,67960.0,586.0,99.865,89383.0,20685.0,99.85,58458.0,8157.0,99.835,72100.0,5442.0,99.82,61778.0,6182.0,99.805,51112.0,9723.0,99.765,47396.0,8813.0,99.71,29797.0,5224.0,99.65,22804.0,1885.0,99.57,21798.0,5354.0,99.44,23558.0,815.0,99.345,9948.0,1013.0,99.245,4217.0,515.0,99.09,11574.0,259.0,98.99,984.0,8.0,98.87,1618.0,130.0,98.7,3565.0,139.0,98.645,860.0,39.0,98.485,1301.0,500.0,98.35,1358.0,29.0,98.24,635.0,2.0,98.135,172.0,NaN,97.995,1430.0,NaN,97.925,157.0,22.0,NaN,NaN,NaN,NaN,NaN,NaN,NaN,NaN,NaN,NaN,NaN,NaN,NaN,NaN,NaN,NaN,NaN,NaN,NaN,NaN,NaN,NaN,NaN,NaN,NaN,NaN,NaN,NaN,NaN,NaN,NaN,NaN,NaN,NaN,NaN,NaN,NaN,NaN,NaN,NaN,NaN,NaN,NaN,NaN,NaN,NaN,NaN,NaN,NaN,NaN,NaN,NaN,NaN,NaN,NaN,NaN,NaN,NaN,NaN,NaN,NaN,NaN,NaN,NaN,NaN,NaN,NaN,NaN,NaN
2010-01-29,99.8875,66801.0,1397.0,99.865,88471.0,4628.0,99.855,59989.0,7326.0,99.84,70518.0,6154.0,99.82,62719.0,7596.0,99.805,52467.0,8953.0,99.77,50410.0,10305.0,99.72,29795.0,7876.0,99.665,22861.0,2526.0,99.595,21712.0,3436.0,99.475,24166.0,2024.0,99.385,10191.0,612.0,99.29,4436.0,885.0,99.145,12129.0,717.0,99.05,1025.0,51.0,98.935,1666.0,57.0,98.765,3613.0,52.0,98.71,882.0,126.0,98.555,1300.0,19.0,98.42,1440.0,133.0,98.31,985.0,360.0,98.205,172.0,NaN,98.07,2158.0,749.0,98.0,136.0,43.0,NaN,NaN,NaN,NaN,NaN,NaN,NaN,NaN,NaN,NaN,NaN,NaN,NaN,NaN,NaN,NaN,NaN,NaN,NaN,NaN,NaN,NaN,NaN,NaN,NaN,NaN,NaN,NaN,NaN,NaN,NaN,NaN,NaN,NaN,NaN,NaN,NaN,NaN,NaN,NaN,NaN,NaN,NaN,NaN,NaN,NaN,NaN,NaN,NaN,NaN,NaN,NaN,NaN,NaN,NaN,NaN,NaN,NaN,NaN,NaN,NaN,NaN,NaN,NaN,NaN,NaN,NaN,NaN,NaN
2010-02-01,99.89,63994.0,NaN,99.8675,88501.0,6350.0,99.855,59719.0,1559.0,99.84,70790.0,2706.0,99.82,63765.0,2505.0,99.805,52104.0,5183.0,99.77,51341.0,5961.0,99.72,30030.0,2246.0,99.66,22094.0,3157.0,99.585,21718.0,1056.0,99.46,24391.0,871.0,99.37,10347.0,312.0,99.275,4459.0,319.0,99.125,12333.0,292.0,99.03,1027.0,2.0,98.915,1666.0,NaN,98.745,3613.0,NaN,98.69,865.0,17.0,98.535,1300.0,NaN,98.4,1440.0,NaN,98.29,985.0,NaN,98.185,172.0,NaN,98.05,2162.0,7.0,97.975,141.0,18.0,97.87,NaN,NaN,NaN,NaN,NaN,NaN,NaN,NaN,NaN,NaN,NaN,NaN,NaN,NaN,NaN,NaN,NaN,NaN,NaN,NaN,NaN,NaN,NaN,NaN,NaN,NaN,NaN,NaN,NaN,NaN,NaN,NaN,NaN,NaN,NaN,NaN,NaN,NaN,NaN,NaN,NaN,NaN,NaN,NaN,NaN,NaN,NaN,NaN,NaN,NaN,NaN,NaN,NaN,NaN,NaN,NaN,NaN,NaN,NaN,NaN,NaN,NaN,NaN,NaN,NaN,NaN,NaN,NaN
2010-02-02,NaN,NaN,NaN,99.8675,89713.0,5321.0,99.855,58820.0,6843.0,99.84,69510.0,4985.0,99.82,64759.0,2333.0,99.805,51913.0,2709.0,99.77,52863.0,4471.0,99.72,29473.0,3358.0,99.66,20926.0,13894.0,99.585,31173.0,16181.0,99.46,24911.0,1171.0,99.375,10679.0,1311.0,99.285,4695.0,1287.0,99.14,12624.0,413.0,99.045,1028.0,1.0,98.93,1716.0,50.0,98.76,3663.0,50.0,98.705,865.0,NaN,98.55,1402.0,198.0,98.415,1392.0,48.0,98.305,985.0,NaN,98.2,172.0,NaN,98.065,2162.0,NaN,97.99,141.0,NaN,97.89,NaN,NaN,NaN,NaN,NaN,NaN,NaN,NaN,NaN,NaN,NaN,NaN,NaN,NaN,NaN,NaN,NaN,NaN,NaN,NaN,NaN,NaN,NaN,NaN,NaN,NaN,NaN,NaN,NaN,NaN,NaN,NaN,NaN,NaN,NaN,NaN,NaN,NaN,NaN,NaN,NaN,NaN,NaN,NaN,NaN,NaN,NaN,NaN,NaN,NaN,NaN,NaN,NaN,NaN,NaN,NaN,NaN,NaN,NaN,NaN,NaN,NaN,NaN,NaN,NaN,NaN,NaN,NaN
2010-02-03,NaN,NaN,NaN,99.865,90442.0,5415.0,99.85,59077.0,2171.0,99.835,69735.0,2684.0,99.815,64645.0,3770.0,99.8,51979.0,6014.0,99.76,51867.0,6212.0,99.705,30158.0,5688.0,99.645,20838.0,6387.0,99.56,32852.0,8078.0,99.435,25792.0,3127.0,99.345,10969.0,904.0,99.255,5168.0,916.0,99.105,12627.0,514.0,99.01,1029.0,2.0,98.895,1887.0,191.0,98.725,3773.0,124.0,98.67,838.0,38.0,98.52,1404.0,204.0,98.385,1355.0,242.0,98.275,985.0,NaN,98.17,172.0,NaN,98.035,2162.0,NaN,97.96,141.0,NaN,97.86,NaN,NaN,NaN,NaN,NaN,NaN,NaN,NaN,NaN,NaN,NaN,NaN,NaN,NaN,NaN,NaN,NaN,NaN,NaN,NaN,NaN,NaN,NaN,NaN,NaN,NaN,NaN,NaN,NaN,NaN,NaN,NaN,NaN,NaN,NaN,NaN,NaN,NaN,NaN,NaN,NaN,NaN,NaN,NaN,NaN,NaN,NaN,NaN,NaN,NaN,NaN,NaN,NaN,NaN,NaN,NaN,NaN,NaN,NaN,NaN,NaN,NaN,NaN,NaN,NaN,NaN,NaN,NaN
2010-02-04,NaN,NaN,NaN,99.865,89212.0,7073.0,99.85,58572.0,1553.0,99.84,68210.0,3624.0,99.82,64600.0,4145.0,99.81,55132.0,9287.0,99.775,52832.0,12641.0,99.73,33222.0,11100.0,99.68,22416.0,7203.0,99.61,34102.0,6893.0,99.49,27319.0,4477.0,99.41,11124.0,902.0,99.325,5370.0,332.0,99.185,12563.0,248.0,99.09,1027.0,28.0,98.975,2023.0,279.0,98.815,4054.0,333.0,98.76,846.0,128.0,98.62,1769.0,635.0,98.485,1591.0,580.0,98.37,996.0,39.0,98.27,172.0,NaN,98.135,2342.0,230.0,98.07,129.0,116.0,97.985,NaN,NaN,NaN,NaN,NaN,NaN,NaN,NaN,NaN,NaN,NaN,NaN,NaN,NaN,NaN,NaN,NaN,NaN,NaN,NaN,NaN,NaN,NaN,NaN,NaN,NaN,NaN,NaN,NaN,NaN,NaN,NaN,NaN,NaN,NaN,NaN,NaN,NaN,NaN,NaN,NaN,NaN,NaN,NaN,NaN,NaN,NaN,NaN,NaN,NaN,NaN,NaN,NaN,NaN,NaN,NaN,NaN,NaN,NaN,NaN,NaN,NaN,NaN,NaN,NaN,NaN,NaN,NaN
2010-02-05,NaN,NaN,NaN,99.865,88309.0,7475.0,99.85,55855.0,9019.0,99.84,67574.0,10100.0,99.825,65513.0,6726.0,99.815,55647.0,11654.0,99.79,53995.0,11718.0,99.75,33671.0,9846.0,99.71,22125.0,7489.0,99.645,30327.0,9364.0,99.55,27692.0,3053.0,99.48,11327.0,1331.0,99.405,5330.0,533.0,99.28,12670.0,305.0,99.19,1012.0,30.0,99.08,2023.0,NaN,98.935,4054.0,14.0,98.88,885.0,51.0,98.75,2166.0,609.0,98.62,1756.0,360.0,98.51,1010.0,33.0,98.415,172.0,26.0,98.28,2628.0,294.0,98.21,194.0,102.0,98.115,NaN,3.0,NaN,NaN,NaN,NaN,NaN,NaN,NaN,NaN,NaN,NaN,NaN,NaN,NaN,NaN,NaN,NaN,NaN,NaN,NaN,NaN,NaN,NaN,NaN,NaN,NaN,NaN,NaN,NaN,NaN,NaN,NaN,NaN,NaN,NaN,NaN,NaN,NaN,NaN,NaN,NaN,NaN,NaN,NaN,NaN,NaN,NaN,NaN,NaN,NaN,NaN,NaN,NaN,NaN,NaN,NaN,NaN,NaN,NaN,NaN,NaN,NaN,NaN,NaN,NaN,NaN,NaN
2010-02-08,NaN,NaN,NaN,99.865,87677.0,5607.0,99.85,55881.0,4944.0,99.84,68061.0,4062.0,99.82,64643.0,3747.0,99.805,55123.0,5897.0,99.77,52797.0,10462.0,99.73,34928.0,8103.0,99.69,22505.0,6664.0,99.625,30859.0,3826.0,99.515,27829.0,1821.0,99.44,11511.0,1204.0,99.365,5539.0,571.0,99.24,13068.0,531.0,99.15,1040.0,80.0,99.05,2032.0,13.0,98.905,4052.0,3.0,98.85,837.0,42.0,98.72,2166.0,162.0,98.59,1737.0,37.0,98.48,985.0,4.0,98.385,91.0,81.0,98.25,2685.0,81.0,98.18,194.0,NaN,98.085,NaN,NaN,NaN,NaN,NaN,NaN,NaN,NaN,NaN,NaN,NaN,NaN,NaN,NaN,NaN,NaN,NaN,NaN,NaN,NaN,NaN,NaN,NaN,NaN,NaN,NaN,NaN,NaN,NaN,NaN,NaN,NaN,NaN,NaN,NaN,NaN,NaN,NaN,NaN,NaN,NaN,NaN,NaN,NaN,NaN,NaN,NaN,NaN,NaN,NaN,NaN,NaN,NaN,NaN,NaN,NaN,NaN,NaN,NaN,NaN,NaN,NaN,NaN,NaN,NaN,NaN,NaN,NaN
2010-02-09,NaN,NaN,NaN,99.865,85999.0,2924.0,99.85,55627.0,3237.0,99.84,68337.0,5265.0,99.815,64139.0,6303.0,99.795,54708.0,6935.0,99.76,54004.0,6743.0,99.72,37405.0,8699.0,99.675,22008.0,7131.0,99.61,33603.0,7532.0,99.495,29017.0,3104.0,99.42,11912.0,1097.0,99.345,5538.0,322.0,99.21,13181.0,274.0,99.12,1049.0,63.0,99.02,2032.0,NaN,98.87,4052.0,1.0,98.815,837.0,1.0,98.68,2166.0,21.0,98.55,1737.0,NaN,98.44,985.0,NaN,98.34,91.0,NaN,98.2,2685.0,NaN,98.12,194.0,NaN,98.02,NaN,NaN,NaN,NaN,NaN,NaN,NaN,NaN,NaN,NaN,NaN,NaN,NaN,NaN,NaN,NaN,NaN,NaN,NaN,NaN,NaN,NaN,NaN,NaN,NaN,NaN,NaN,NaN,NaN,NaN,NaN,NaN,NaN,NaN,NaN,NaN,NaN,NaN,NaN,NaN,NaN,NaN,NaN,NaN,NaN,NaN,NaN,NaN,NaN,NaN,NaN,NaN,NaN,NaN,NaN,NaN,NaN,NaN,NaN,NaN,NaN,NaN,NaN,NaN,NaN,NaN,NaN,NaN
2010-02-10,NaN,NaN,NaN,99.8675,83269.0,12871.0,99.85,56795.0,4193.0,99.835,75092.0,24433.0,99.815,65893.0,9928.0,99.795,53949.0,9047.0,99.755,53077.0,11523.0,99.7,39178.0,9296.0,99.645,22119.0,9450.0,99.57,34209.0,8201.0,99.45,29428.0,4358.0,99.37,11984.0,1599.0,99.29,5745.0,876.0,99.145,13436.0,565.0,99.05,1088.0,121.0,98.945,2055.0,54.0,98.785,4102.0,53.0,98.73,837.0,44.0,98.59,2166.0,185.0,98.455,1718.0,184.0,98.345,985.0,NaN,98.24,91.0,NaN,98.095,2685.0,NaN,98.015,194.0,NaN,97.915,NaN,NaN,NaN,NaN,NaN,NaN,NaN,NaN,NaN,NaN,NaN,NaN,NaN,NaN,NaN,NaN,NaN,NaN,NaN,NaN,NaN,NaN,NaN,NaN,NaN,NaN,NaN,NaN,NaN,NaN,NaN,NaN,NaN,NaN,NaN,NaN,NaN,NaN,NaN,NaN,NaN,NaN,NaN,NaN,NaN,NaN,NaN,NaN,NaN,NaN,NaN,NaN,NaN,NaN,NaN,NaN,NaN,NaN,NaN,NaN,NaN,NaN,NaN,NaN,NaN,NaN,NaN,NaN
2010-02-11,NaN,NaN,NaN,99.8675,84133.0,3446.0,99.855,56114.0,5766.0,99.835,75178.0,1875.0,99.815,66614.0,2735.0,99.795,55081.0,2937.0,99.755,55059.0,4617.0,99.7,40496.0,5571.0,99.645,22142.0,4198.0,99.57,35145.0,3338.0,99.45,29787.0,2489.0,99.37,12437.0,1150.0,99.29,5866.0,613.0,99.15,13719.0,350.0,99.055,1134.0,91.0,98.955,2071.0,41.0,98.795,4102.0,NaN,98.745,837.0,NaN,98.605,2166.0,40.0,98.47,1718.0,80.0,98.36,985.0,40.0,98.255,91.0,NaN,98.11,2685.0,NaN,98.03,194.0,NaN,97.93,NaN,NaN,NaN,NaN,NaN,NaN,NaN,NaN,NaN,NaN,NaN,NaN,NaN,NaN,NaN,NaN,NaN,NaN,NaN,NaN,NaN,NaN,NaN,NaN,NaN,NaN,NaN,NaN,NaN,NaN,NaN,NaN,NaN,NaN,NaN,NaN,NaN,NaN,NaN,NaN,NaN,NaN,NaN,NaN,NaN,NaN,NaN,NaN,NaN,NaN,NaN,NaN,NaN,NaN,NaN,NaN,NaN,NaN,NaN,NaN,NaN,NaN,NaN,NaN,NaN,NaN,NaN,NaN
2010-02-12,NaN,NaN,NaN,99.87,83575.0,824.0,99.855,57307.0,2974.0,99.835,76764.0,4010.0,99.82,67311.0,2658.0,99.805,55672.0,4357.0,99.765,55808.0,6187.0,99.72,41224.0,4052.0,99.675,25310.0,6696.0,99.605,38403.0,6915.0,99.495,29961.0,4532.0,99.42,12760.0,1240.0,99.345,6332.0,1475.0,99.22,14129.0,597.0,99.13,1436.0,645.0,99.035,2046.0,463.0,98.885,4492.0,453.0,98.835,953.0,124.0,98.695,2166.0,25.0,98.56,1718.0,NaN,98.45,985.0,NaN,98.345,91.0,NaN,98.2,2685.0,NaN,98.12,194.0,NaN,98.02,NaN,NaN,NaN,NaN,NaN,NaN,NaN,NaN,NaN,NaN,NaN,NaN,NaN,NaN,NaN,NaN,NaN,NaN,NaN,NaN,NaN,NaN,NaN,NaN,NaN,NaN,NaN,NaN,NaN,NaN,NaN,NaN,NaN,NaN,NaN,NaN,NaN,NaN,NaN,NaN,NaN,NaN,NaN,NaN,NaN,NaN,NaN,NaN,NaN,NaN,NaN,NaN,NaN,NaN,NaN,NaN,NaN,NaN,NaN,NaN,NaN,NaN,NaN,NaN,NaN,NaN,NaN,NaN
2010-02-16,NaN,NaN,NaN,99.87,83717.0,13186.0,99.86,57027.0,6856.0,99.84,80503.0,8430.0,99.825,68742.0,5513.0,99.81,55505.0,2872.0,99.77,57784.0,6908.0,99.73,43242.0,4512.0,99.685,25812.0,2971.0,99.625,38262.0,3061.0,99.53,29809.0,1498.0,99.46,12728.0,584.0,99.385,6344.0,281.0,99.26,14129.0,26.0,99.17,1436.0,NaN,99.075,2046.0,NaN,98.925,4492.0,NaN,98.875,953.0,NaN,98.735,2166.0,10.0,98.6,1718.0,NaN,98.49,985.0,NaN,98.385,91.0,NaN,98.24,2685.0,NaN,98.16,194.0,NaN,98.06,NaN,NaN,NaN,NaN,NaN,NaN,NaN,NaN,NaN,NaN,NaN,NaN,NaN,NaN,NaN,NaN,NaN,NaN,NaN,NaN,NaN,NaN,NaN,NaN,NaN,NaN,NaN,NaN,NaN,NaN,NaN,NaN,NaN,NaN,NaN,NaN,NaN,NaN,NaN,NaN,NaN,NaN,NaN,NaN,NaN,NaN,NaN,NaN,NaN,NaN,NaN,NaN,NaN,NaN,NaN,NaN,NaN,NaN,NaN,NaN,NaN,NaN,NaN,NaN,NaN,NaN,NaN,NaN
2010-02-17,NaN,NaN,NaN,99.87,83859.0,4329.0,99.86,61725.0,14224.0,99.845,80525.0,6373.0,99.825,69094.0,4662.0,99.81,55607.0,4209.0,99.77,56991.0,6773.0,99.73,44612.0,6763.0,99.685,25782.0,3122.0,99.615,38547.0,4361.0,99.52,30386.0,4241.0,99.44,12886.0,1860.0,99.365,6416.0,657.0,99.22,14067.0,197.0,99.125,1433.0,48.0,99.025,2190.0,149.0,98.875,4632.0,140.0,98.825,953.0,NaN,98.675,2166.0,50.0,98.54,1743.0,35.0,98.43,985.0,10.0,98.325,91.0,NaN,98.17,2685.0,NaN,98.09,194.0,NaN,97.985,NaN,NaN,NaN,NaN,NaN,NaN,NaN,NaN,NaN,NaN,NaN,NaN,NaN,NaN,NaN,NaN,NaN,NaN,NaN,NaN,NaN,NaN,NaN,NaN,NaN,NaN,NaN,NaN,NaN,NaN,NaN,NaN,NaN,NaN,NaN,NaN,NaN,NaN,NaN,NaN,NaN,NaN,NaN,NaN,NaN,NaN,NaN,NaN,NaN,NaN,NaN,NaN,NaN,NaN,NaN,NaN,NaN,NaN,NaN,NaN,NaN,NaN,NaN,NaN,NaN,NaN,NaN,NaN
2010-02-18,NaN,NaN,NaN,99.87,86870.0,5741.0,99.86,65639.0,14445.0,99.845,81696.0,8178.0,99.825,69850.0,6721.0,99.81,55805.0,5920.0,99.77,56701.0,5672.0,99.73,44459.0,9558.0,99.685,25258.0,6814.0,99.615,37824.0,5697.0,99.51,30065.0,4119.0,99.43,13370.0,1382.0,99.35,6750.0,799.0,99.2,14315.0,566.0,99.105,1315.0,448.0,99.005,2169.0,112.0,98.85,4400.0,360.0,98.8,849.0,196.0,98.65,2166.0,47.0,98.515,1750.0,19.0,98.405,985.0,NaN,98.3,203.0,147.0,98.145,2697.0,179.0,98.065,273.0,257.0,97.96,NaN,NaN,NaN,NaN,NaN,NaN,NaN,NaN,NaN,NaN,NaN,NaN,NaN,NaN,NaN,NaN,NaN,NaN,NaN,NaN,NaN,NaN,NaN,NaN,NaN,NaN,NaN,NaN,NaN,NaN,NaN,NaN,NaN,NaN,NaN,NaN,NaN,NaN,NaN,NaN,NaN,NaN,NaN,NaN,NaN,NaN,NaN,NaN,NaN,NaN,NaN,NaN,NaN,NaN,NaN,NaN,NaN,NaN,NaN,NaN,NaN,NaN,NaN,NaN,NaN,NaN,NaN,NaN
2010-02-19,NaN,NaN,NaN,99.8725,86496.0,2708.0,99.855,68350.0,11991.0,99.835,82248.0,9595.0,99.81,70476.0,8919.0,99.79,56429.0,12354.0,99.755,59412.0,13329.0,99.71,46689.0,10235.0,99.665,26509.0,7895.0,99.59,39574.0,9463.0,99.475,31209.0,4093.0,99.385,13350.0,2034.0,99.3,7150.0,1583.0,99.145,14590.0,879.0,99.05,1203.0,246.0,98.945,2272.0,402.0,98.785,4348.0,137.0,98.735,859.0,72.0,98.585,2186.0,182.0,98.445,1764.0,40.0,98.335,985.0,6.0,98.225,203.0,NaN,98.06,2697.0,NaN,97.97,273.0,NaN,97.865,NaN,NaN,NaN,NaN,NaN,NaN,NaN,NaN,NaN,NaN,NaN,NaN,NaN,NaN,NaN,NaN,NaN,NaN,NaN,NaN,NaN,NaN,NaN,NaN,NaN,NaN,NaN,NaN,NaN,NaN,NaN,NaN,NaN,NaN,NaN,NaN,NaN,NaN,NaN,NaN,NaN,NaN,NaN,NaN,NaN,NaN,NaN,NaN,NaN,NaN,NaN,NaN,NaN,NaN,NaN,NaN,NaN,NaN,NaN,NaN,NaN,NaN,NaN,NaN,NaN,NaN,NaN,NaN
2010-02-22,NaN,NaN,NaN,99.8725,86223.0,784.0,99.855,73003.0,7464.0,99.835,81791.0,2472.0,99.81,68428.0,7085.0,99.79,58688.0,5967.0,99.76,62334.0,5350.0,99.725,47628.0,1898.0,99.685,26280.0,2045.0,99.625,38542.0,3761.0,99.515,31316.0,1781.0,99.435,12437.0,1775.0,99.355,7595.0,769.0,99.215,14378.0,648.0,99.12,1228.0,41.0,99.015,2266.0,6.0,98.855,4348.0,NaN,98.8,859.0,NaN,98.65,2186.0,NaN,98.51,1774.0,10.0,98.4,985.0,10.0,98.29,203.0,NaN,98.125,2697.0,NaN,98.04,274.0,1.0,97.93,NaN,NaN,NaN,NaN,NaN,NaN,NaN,NaN,NaN,NaN,NaN,NaN,NaN,NaN,NaN,NaN,NaN,NaN,NaN,NaN,NaN,NaN,NaN,NaN,NaN,NaN,NaN,NaN,NaN,NaN,NaN,NaN,NaN,NaN,NaN,NaN,NaN,NaN,NaN,NaN,NaN,NaN,NaN,NaN,NaN,NaN,NaN,NaN,NaN,NaN,NaN,NaN,NaN,NaN,NaN,NaN,NaN,NaN,NaN,NaN,NaN,NaN,NaN,NaN,NaN,NaN,NaN,NaN
2010-02-23,NaN,NaN,NaN,99.8725,86971.0,5615.0,99.855,74259.0,16383.0,99.835,84311.0,12930.0,99.81,70417.0,17895.0,99.79,63544.0,27066.0,99.765,67017.0,19037.0,99.735,51691.0,15469.0,99.695,28320.0,8905.0,99.645,38117.0,6585.0,99.545,31269.0,2890.0,99.47,18033.0,7704.0,99.395,7732.0,916.0,99.265,14618.0,975.0,99.175,1106.0,247.0,99.07,2431.0,357.0,98.91,4527.0,274.0,98.855,908.0,83.0,98.71,2186.0,4.0,98.58,1770.0,8.0,98.47,985.0,4.0,98.36,203.0,NaN,98.195,2697.0,NaN,98.12,274.0,NaN,98.01,NaN,NaN,NaN,NaN,NaN,NaN,NaN,NaN,NaN,NaN,NaN,NaN,NaN,NaN,NaN,NaN,NaN,NaN,NaN,NaN,NaN,NaN,NaN,NaN,NaN,NaN,NaN,NaN,NaN,NaN,NaN,NaN,NaN,NaN,NaN,NaN,NaN,NaN,NaN,NaN,NaN,NaN,NaN,NaN,NaN,NaN,NaN,NaN,NaN,NaN,NaN,NaN,NaN,NaN,NaN,NaN,NaN,NaN,NaN,NaN,NaN,NaN,NaN,NaN,NaN,NaN,NaN,NaN
2010-02-24,NaN,NaN,NaN,99.8725,87345.0,3006.0,99.855,74910.0,8527.0,99.835,83828.0,4593.0,99.815,70381.0,7727.0,99.8,65027.0,17682.0,99.775,68315.0,14235.0,99.75,56880.0,12677.0,99.715,27315.0,10165.0,99.675,38658.0,10273.0,99.585,31118.0,4737.0,99.515,18070.0,3295.0,99.44,7763.0,842.0,99.3,14812.0,405.0,99.21,1098.0,78.0,99.105,2500.0,88.0,98.945,4600.0,73.0,98.89,908.0,NaN,98.745,2186.0,NaN,98.615,1770.0,NaN,98.5,985.0,NaN,98.39,203.0,NaN,98.225,2697.0,NaN,98.145,274.0,NaN,98.035,NaN,NaN,NaN,NaN,NaN,NaN,NaN,NaN,NaN,NaN,NaN,NaN,NaN,NaN,NaN,NaN,NaN,NaN,NaN,NaN,NaN,NaN,NaN,NaN,NaN,NaN,NaN,NaN,NaN,NaN,NaN,NaN,NaN,NaN,NaN,NaN,NaN,NaN,NaN,NaN,NaN,NaN,NaN,NaN,NaN,NaN,NaN,NaN,NaN,NaN,NaN,NaN,NaN,NaN,NaN,NaN,NaN,NaN,NaN,NaN,NaN,NaN,NaN,NaN,NaN,NaN,NaN,NaN
2010-02-25,NaN,NaN,NaN,99.8725,87242.0,1023.0,99.855,74900.0,3187.0,99.84,85658.0,3751.0,99.825,71044.0,7987.0,99.815,68591.0,13408.0,99.795,67632.0,10619.0,99.77,56389.0,13847.0,99.735,29537.0,14169.0,99.69,39469.0,5952.0,99.61,31600.0,4212.0,99.545,18571.0,1456.0,99.47,7935.0,480.0,99.335,14499.0,1122.0,99.25,1326.0,465.0,99.155,2506.0,99.0,99.0,4605.0,22.0,98.945,900.0,8.0,98.81,2186.0,NaN,98.68,1770.0,NaN,98.565,985.0,NaN,98.455,203.0,NaN,98.295,2847.0,225.0,98.22,343.0,144.0,98.125,NaN,NaN,NaN,NaN,NaN,NaN,NaN,NaN,NaN,NaN,NaN,NaN,NaN,NaN,NaN,NaN,NaN,NaN,NaN,NaN,NaN,NaN,NaN,NaN,NaN,NaN,NaN,NaN,NaN,NaN,NaN,NaN,NaN,NaN,NaN,NaN,NaN,NaN,NaN,NaN,NaN,NaN,NaN,NaN,NaN,NaN,NaN,NaN,NaN,NaN,NaN,NaN,NaN,NaN,NaN,NaN,NaN,NaN,NaN,NaN,NaN,NaN,NaN,NaN,NaN,NaN,NaN,NaN
2010-02-26,NaN,NaN,NaN,99.8725,NaN,964.0,99.86,76131.0,4542.0,99.84,86559.0,2895.0,99.825,70390.0,5959.0,99.815,68707.0,6076.0,99.795,66834.0,6449.0,99.77,58192.0,5007.0,99.74,30132.0,3227.0,99.7,39744.0,2250.0,99.62,31846.0,1995.0,99.555,19330.0,2432.0,99.48,7982.0,469.0,99.35,14523.0,113.0,99.265,1327.0,1.0,99.17,2506.0,NaN,99.015,4605.0,NaN,98.96,900.0,NaN,98.83,2186.0,NaN,98.7,1770.0,NaN,98.585,985.0,NaN,98.475,203.0,NaN,98.32,2847.0,NaN,98.245,343.0,NaN,98.15,NaN,NaN,NaN,NaN,NaN,NaN,NaN,NaN,NaN,NaN,NaN,NaN,NaN,NaN,NaN,NaN,NaN,NaN,NaN,NaN,NaN,NaN,NaN,NaN,NaN,NaN,NaN,NaN,NaN,NaN,NaN,NaN,NaN,NaN,NaN,NaN,NaN,NaN,NaN,NaN,NaN,NaN,NaN,NaN,NaN,NaN,NaN,NaN,NaN,NaN,NaN,NaN,NaN,NaN,NaN,NaN,NaN,NaN,NaN,NaN,NaN,NaN,NaN,NaN,NaN,NaN,NaN,NaN
2010-03-01,NaN,NaN,NaN,NaN,NaN,NaN,99.86,75414.0,8516.0,99.845,85428.0,6194.0,99.83,71422.0,9154.0,99.82,71579.0,12201.0,99.805,66295.0,5700.0,99.78,58023.0,5377.0,99.75,33465.0,9404.0,99.71,41776.0,8523.0,99.625,32121.0,3527.0,99.56,20141.0,2453.0,99.485,8061.0,364.0,99.355,14502.0,117.0,99.27,1327.0,22.0,99.175,2521.0,15.0,99.02,4620.0,15.0,98.965,899.0,1.0,98.835,2186.0,NaN,98.705,1770.0,NaN,98.59,985.0,NaN,98.48,203.0,NaN,98.33,2847.0,NaN,98.255,343.0,NaN,98.16,NaN,NaN,98.005,NaN,NaN,NaN,NaN,NaN,NaN,NaN,NaN,NaN,NaN,NaN,NaN,NaN,NaN,NaN,NaN,NaN,NaN,NaN,NaN,NaN,NaN,NaN,NaN,NaN,NaN,NaN,NaN,NaN,NaN,NaN,NaN,NaN,NaN,NaN,NaN,NaN,NaN,NaN,NaN,NaN,NaN,NaN,NaN,NaN,NaN,NaN,NaN,NaN,NaN,NaN,NaN,NaN,NaN,NaN,NaN,NaN,NaN,NaN,NaN,NaN,NaN,NaN,NaN,NaN
2010-03-02,NaN,NaN,NaN,NaN,NaN,NaN,99.86,78349.0,6479.0,99.845,88410.0,9033.0,99.835,76922.0,16891.0,99.825,73028.0,10563.0,99.805,70736.0,13586.0,99.785,58406.0,7296.0,99.755,34106.0,9950.0,99.715,43835.0,5990.0,99.635,33563.0,4500.0,99.575,21022.0,2383.0,99.505,8265.0,401.0,99.375,14440.0,247.0,99.29,1325.0,24.0,99.195,2521.0,8.0,99.045,4620.0,NaN,98.99,899.0,NaN,98.86,2186.0,3.0,98.735,1767.0,5.0,98.625,985.0,NaN,98.515,203.0,NaN,98.365,2847.0,NaN,98.29,343.0,NaN,98.195,NaN,NaN,98.04,NaN,NaN,NaN,NaN,NaN,NaN,NaN,NaN,NaN,NaN,NaN,NaN,NaN,NaN,NaN,NaN,NaN,NaN,NaN,NaN,NaN,NaN,NaN,NaN,NaN,NaN,NaN,NaN,NaN,NaN,NaN,NaN,NaN,NaN,NaN,NaN,NaN,NaN,NaN,NaN,NaN,NaN,NaN,NaN,NaN,NaN,NaN,NaN,NaN,NaN,NaN,NaN,NaN,NaN,NaN,NaN,NaN,NaN,NaN,NaN,NaN,NaN,NaN,NaN,NaN
2010-03-03,NaN,NaN,NaN,NaN,NaN,NaN,99.8575,80425.0,19997.0,99.845,90134.0,15846.0,99.835,81602.0,11438.0,99.825,73831.0,6832.0,99.805,73594.0,8588.0,99.785,57234.0,6212.0,99.755,33842.0,4567.0,99.715,43841.0,4036.0,99.63,33416.0,2563.0,99.565,21074.0,2319.0,99.495,8417.0,1287.0,99.36,14533.0,339.0,99.275,1347.0,45.0,99.18,2421.0,102.0,99.03,4620.0,6.0,98.975,898.0,24.0,98.845,2094.0,93.0,98.72,1744.0,26.0,98.61,985.0,1.0,98.51,256.0,53.0,98.365,2847.0,53.0,98.29,343.0,NaN,98.195,NaN,NaN,98.04,NaN,NaN,NaN,NaN,NaN,NaN,NaN,NaN,NaN,NaN,NaN,NaN,NaN,NaN,NaN,NaN,NaN,NaN,NaN,NaN,NaN,NaN,NaN,NaN,NaN,NaN,NaN,NaN,NaN,NaN,NaN,NaN,NaN,NaN,NaN,NaN,NaN,NaN,NaN,NaN,NaN,NaN,NaN,NaN,NaN,NaN,NaN,NaN,NaN,NaN,NaN,NaN,NaN,NaN,NaN,NaN,NaN,NaN,NaN,NaN,NaN,NaN,NaN,NaN,NaN
2010-03-04,NaN,NaN,NaN,NaN,NaN,NaN,99.845,75416.0,22353.0,99.835,92442.0,23442.0,99.82,82743.0,18060.0,99.805,73358.0,13973.0,99.78,74227.0,11219.0,99.755,57201.0,8737.0,99.72,32180.0,6519.0,99.67,44174.0,8787.0,99.575,38280.0,11128.0,99.505,21592.0,3674.0,99.43,8904.0,1098.0,99.3,15087.0,1290.0,99.215,1397.0,228.0,99.12,2467.0,125.0,98.97,4629.0,63.0,98.92,756.0,142.0,98.795,2074.0,50.0,98.67,1733.0,38.0,98.565,985.0,19.0,98.465,242.0,14.0,98.33,2883.0,50.0,98.255,343.0,50.0,98.16,NaN,NaN,98.005,NaN,NaN,NaN,NaN,NaN,NaN,NaN,NaN,NaN,NaN,NaN,NaN,NaN,NaN,NaN,NaN,NaN,NaN,NaN,NaN,NaN,NaN,NaN,NaN,NaN,NaN,NaN,NaN,NaN,NaN,NaN,NaN,NaN,NaN,NaN,NaN,NaN,NaN,NaN,NaN,NaN,NaN,NaN,NaN,NaN,NaN,NaN,NaN,NaN,NaN,NaN,NaN,NaN,NaN,NaN,NaN,NaN,NaN,NaN,NaN,NaN,NaN,NaN,NaN,NaN
2010-03-05,NaN,NaN,NaN,NaN,NaN,NaN,99.835,72039.0,15805.0,99.82,91573.0,14568.0,99.81,83074.0,8218.0,99.795,77362.0,15151.0,99.765,78233.0,16854.0,99.73,56462.0,13558.0,99.69,33010.0,10170.0,99.64,44408.0,8791.0,99.545,40779.0,9165.0,99.475,21559.0,4006.0,99.4,8277.0,1259.0,99.27,14933.0,575.0,99.185,1441.0,138.0,99.09,2509.0,69.0,98.94,4629.0,NaN,98.89,756.0,NaN,98.755,2074.0,NaN,98.63,1733.0,NaN,98.52,985.0,NaN,98.42,242.0,NaN,98.28,2958.0,75.0,98.205,343.0,75.0,98.11,NaN,NaN,97.955,NaN,NaN,NaN,NaN,NaN,NaN,NaN,NaN,NaN,NaN,NaN,NaN,NaN,NaN,NaN,NaN,NaN,NaN,NaN,NaN,NaN,NaN,NaN,NaN,NaN,NaN,NaN,NaN,NaN,NaN,NaN,NaN,NaN,NaN,NaN,NaN,NaN,NaN,NaN,NaN,NaN,NaN,NaN,NaN,NaN,NaN,NaN,NaN,NaN,NaN,NaN,NaN,NaN,NaN,NaN,NaN,NaN,NaN,NaN,NaN,NaN,NaN,NaN,NaN,NaN
2010-03-08,NaN,NaN,NaN,NaN,NaN,NaN,99.8375,71460.0,8517.0,99.825,89791.0,13174.0,99.81,79500.0,12183.0,99.795,77979.0,11603.0,99.77,75918.0,10262.0,99.735,55984.0,6491.0,99.69,34314.0,5204.0,99.64,44267.0,3391.0,99.545,41920.0,2374.0,99.47,21649.0,602.0,99.395,8287.0,117.0,99.265,14947.0,84.0,99.18,1439.0,6.0,99.085,2513.0,7.0,98.925,4629.0,NaN,98.875,756.0,NaN,98.74,2074.0,NaN,98.615,1733.0,NaN,98.505,985.0,NaN,98.405,242.0,NaN,98.255,3084.0,126.0,98.175,368.0,126.0,98.08,NaN,NaN,97.925,NaN,NaN,NaN,NaN,NaN,NaN,NaN,NaN,NaN,NaN,NaN,NaN,NaN,NaN,NaN,NaN,NaN,NaN,NaN,NaN,NaN,NaN,NaN,NaN,NaN,NaN,NaN,NaN,NaN,NaN,NaN,NaN,NaN,NaN,NaN,NaN,NaN,NaN,NaN,NaN,NaN,NaN,NaN,NaN,NaN,NaN,NaN,NaN,NaN,NaN,NaN,NaN,NaN,NaN,NaN,NaN,NaN,NaN,NaN,NaN,NaN,NaN,NaN,NaN,NaN
2010-03-09,NaN,NaN,NaN,NaN,NaN,NaN,99.8425,70145.0,9141.0,99.83,86723.0,8341.0,99.815,76999.0,6202.0,99.8,80262.0,10124.0,99.775,78079.0,10325.0,99.74,58398.0,19947.0,99.7,34032.0,6843.0,99.655,44465.0,8842.0,99.565,42329.0,5650.0,99.495,21350.0,3991.0,99.42,8719.0,2078.0,99.29,15338.0,1008.0,99.205,1505.0,296.0,99.11,2513.0,75.0,98.95,4633.0,15.0,98.9,755.0,11.0,98.76,2074.0,5.0,98.635,1738.0,10.0,98.525,1585.0,600.0,98.425,242.0,3.0,98.275,3084.0,NaN,98.195,368.0,NaN,98.1,NaN,NaN,97.945,NaN,NaN,NaN,NaN,NaN,NaN,NaN,NaN,NaN,NaN,NaN,NaN,NaN,NaN,NaN,NaN,NaN,NaN,NaN,NaN,NaN,NaN,NaN,NaN,NaN,NaN,NaN,NaN,NaN,NaN,NaN,NaN,NaN,NaN,NaN,NaN,NaN,NaN,NaN,NaN,NaN,NaN,NaN,NaN,NaN,NaN,NaN,NaN,NaN,NaN,NaN,NaN,NaN,NaN,NaN,NaN,NaN,NaN,NaN,NaN,NaN,NaN,NaN,NaN,NaN
2010-03-10,NaN,NaN,NaN,NaN,NaN,NaN,99.845,68640.0,4606.0,99.83,85908.0,4395.0,99.815,77588.0,6786.0,99.8,80418.0,2714.0,99.775,78159.0,3870.0,99.74,60911.0,7040.0,99.7,36104.0,7022.0,99.645,44558.0,6896.0,99.55,43832.0,3701.0,99.48,21278.0,1014.0,99.4,8950.0,561.0,99.265,15527.0,621.0,99.18,1546.0,167.0,99.085,2600.0,105.0,98.925,4631.0,6.0,98.875,765.0,10.0,98.73,2074.0,NaN,98.605,1738.0,NaN,98.495,1585.0,NaN,98.395,242.0,NaN,98.245,3084.0,NaN,98.165,368.0,NaN,98.07,NaN,NaN,97.92,NaN,NaN,NaN,NaN,NaN,NaN,NaN,NaN,NaN,NaN,NaN,NaN,NaN,NaN,NaN,NaN,NaN,NaN,NaN,NaN,NaN,NaN,NaN,NaN,NaN,NaN,NaN,NaN,NaN,NaN,NaN,NaN,NaN,NaN,NaN,NaN,NaN,NaN,NaN,NaN,NaN,NaN,NaN,NaN,NaN,NaN,NaN,NaN,NaN,NaN,NaN,NaN,NaN,NaN,NaN,NaN,NaN,NaN,NaN,NaN,NaN,NaN,NaN,NaN,NaN
2010-03-11,NaN,NaN,NaN,NaN,NaN,NaN,99.8425,68794.0,6399.0,99.83,85982.0,6130.0,99.81,78417.0,13808.0,99.79,82267.0,6335.0,99.76,76354.0,11570.0,99.72,61005.0,6136.0,99.68,36121.0,4086.0,99.625,43752.0,7011.0,99.525,48366.0,9646.0,99.455,22546.0,4000.0,99.375,9577.0,1586.0,99.235,15574.0,634.0,99.15,1583.0,388.0,99.055,2639.0,690.0,98.89,4630.0,23.0,98.83,755.0,11.0,98.685,2074.0,66.0,98.56,1742.0,4.0,98.45,1585.0,1.0,98.35,242.0,1.0,98.2,3084.0,NaN,98.12,368.0,NaN,98.02,NaN,NaN,97.87,NaN,NaN,NaN,NaN,NaN,NaN,NaN,NaN,NaN,NaN,NaN,NaN,NaN,NaN,NaN,NaN,NaN,NaN,NaN,NaN,NaN,NaN,NaN,NaN,NaN,NaN,NaN,NaN,NaN,NaN,NaN,NaN,NaN,NaN,NaN,NaN,NaN,NaN,NaN,NaN,NaN,NaN,NaN,NaN,NaN,NaN,NaN,NaN,NaN,NaN,NaN,NaN,NaN,NaN,NaN,NaN,NaN,NaN,NaN,NaN,NaN,NaN,NaN,NaN,NaN
2010-03-12,NaN,NaN,NaN,NaN,NaN,NaN,99.835,70531.0,7342.0,99.82,86043.0,7532.0,99.795,76229.0,14828.0,99.78,83918.0,10505.0,99.755,75038.0,8865.0,99.715,59385.0,9211.0,99.67,35811.0,4461.0,99.61,43937.0,5858.0,99.51,48702.0,6380.0,99.44,23902.0,6049.0,99.365,9712.0,2492.0,99.225,15745.0,827.0,99.14,1542.0,340.0,99.04,2622.0,43.0,98.875,4591.0,41.0,98.815,578.0,212.0,98.67,1950.0,201.0,98.545,1519.0,319.0,98.44,1885.0,338.0,98.34,242.0,51.0,98.2,3275.0,201.0,98.12,407.0,50.0,98.02,NaN,NaN,97.885,283.0,283.0,NaN,NaN,NaN,NaN,NaN,NaN,NaN,NaN,NaN,NaN,NaN,NaN,NaN,NaN,NaN,NaN,NaN,NaN,NaN,NaN,NaN,NaN,NaN,NaN,NaN,NaN,NaN,NaN,NaN,NaN,NaN,NaN,NaN,NaN,NaN,NaN,NaN,NaN,NaN,NaN,NaN,NaN,NaN,NaN,NaN,NaN,NaN,NaN,NaN,NaN,NaN,NaN,NaN,NaN,NaN,NaN,NaN,NaN,NaN,NaN,NaN,NaN,NaN
2010-03-15,NaN,NaN,NaN,NaN,NaN,NaN,99.8275,72607.0,15066.0,99.81,83138.0,22167.0,99.79,77317.0,23147.0,99.78,88528.0,14878.0,99.755,77208.0,11135.0,99.72,58890.0,9459.0,99.68,35778.0,5194.0,99.63,44146.0,7432.0,99.535,51161.0,8322.0,99.47,24512.0,1492.0,99.395,10107.0,731.0,99.255,15915.0,656.0,99.17,1542.0,NaN,99.07,2587.0,48.0,98.905,4591.0,15.0,98.845,578.0,NaN,98.7,1950.0,NaN,98.575,1494.0,27.0,98.47,1885.0,25.0,98.37,242.0,NaN,98.23,3275.0,NaN,98.15,407.0,NaN,98.05,NaN,NaN,97.915,283.0,NaN,NaN,NaN,NaN,NaN,NaN,NaN,NaN,NaN,NaN,NaN,NaN,NaN,NaN,NaN,NaN,NaN,NaN,NaN,NaN,NaN,NaN,NaN,NaN,NaN,NaN,NaN,NaN,NaN,NaN,NaN,NaN,NaN,NaN,NaN,NaN,NaN,NaN,NaN,NaN,NaN,NaN,NaN,NaN,NaN,NaN,NaN,NaN,NaN,NaN,NaN,NaN,NaN,NaN,NaN,NaN,NaN,NaN,NaN,NaN,NaN,NaN,NaN,NaN
2010-03-16,NaN,NaN,NaN,NaN,NaN,NaN,99.8275,75755.0,14391.0,99.81,81318.0,16824.0,99.795,76587.0,13330.0,99.78,92454.0,16989.0,99.76,79449.0,14065.0,99.73,61498.0,9447.0,99.695,37500.0,9398.0,99.655,45341.0,7810.0,99.575,52538.0,6084.0,99.515,25068.0,3933.0,99.45,11871.0,2639.0,99.31,17456.0,1916.0,99.225,1596.0,294.0,99.125,2597.0,120.0,98.96,4588.0,64.0,98.91,554.0,24.0,98.775,1950.0,1.0,98.65,1515.0,27.0,98.555,2176.0,296.0,98.455,242.0,41.0,98.31,3451.0,176.0,98.23,413.0,24.0,98.13,NaN,NaN,97.995,283.0,NaN,NaN,NaN,NaN,NaN,NaN,NaN,NaN,NaN,NaN,NaN,NaN,NaN,NaN,NaN,NaN,NaN,NaN,NaN,NaN,NaN,NaN,NaN,NaN,NaN,NaN,NaN,NaN,NaN,NaN,NaN,NaN,NaN,NaN,NaN,NaN,NaN,NaN,NaN,NaN,NaN,NaN,NaN,NaN,NaN,NaN,NaN,NaN,NaN,NaN,NaN,NaN,NaN,NaN,NaN,NaN,NaN,NaN,NaN,NaN,NaN,NaN,NaN,NaN
2010-03-17,NaN,NaN,NaN,NaN,NaN,NaN,99.8275,74665.0,4259.0,99.81,81622.0,5966.0,99.795,76260.0,4246.0,99.785,91340.0,2419.0,99.765,79383.0,2623.0,99.735,61780.0,3850.0,99.705,39983.0,12355.0,99.665,49708.0,9596.0,99.585,52110.0,2101.0,99.525,25747.0,2251.0,99.46,12229.0,701.0,99.315,17849.0,509.0,99.23,1708.0,264.0,99.13,2630.0,87.0,98.965,4617.0,38.0,98.915,554.0,4.0,98.78,1950.0,NaN,98.655,1515.0,NaN,98.56,2176.0,NaN,98.45,242.0,NaN,98.3,3451.0,NaN,98.215,413.0,NaN,98.115,NaN,NaN,97.96,283.0,NaN,NaN,NaN,NaN,NaN,NaN,NaN,NaN,NaN,NaN,NaN,NaN,NaN,NaN,NaN,NaN,NaN,NaN,NaN,NaN,NaN,NaN,NaN,NaN,NaN,NaN,NaN,NaN,NaN,NaN,NaN,NaN,NaN,NaN,NaN,NaN,NaN,NaN,NaN,NaN,NaN,NaN,NaN,NaN,NaN,NaN,NaN,NaN,NaN,NaN,NaN,NaN,NaN,NaN,NaN,NaN,NaN,NaN,NaN,NaN,NaN,NaN,NaN,NaN
2010-03-18,NaN,NaN,NaN,NaN,NaN,NaN,99.825,74481.0,2539.0,99.8,82394.0,5993.0,99.79,75140.0,5120.0,99.775,90748.0,6294.0,99.75,80563.0,10055.0,99.715,62070.0,9089.0,99.68,39480.0,4599.0,99.635,50922.0,5192.0,99.55,51865.0,3713.0,99.49,24886.0,2659.0,99.42,13202.0,2011.0,99.285,18564.0,1380.0,99.2,1743.0,294.0,99.1,2660.0,87.0,98.935,4622.0,9.0,98.885,554.0,4.0,98.74,1950.0,NaN,98.615,1515.0,NaN,98.52,2176.0,NaN,98.41,242.0,NaN,98.26,3451.0,NaN,98.175,413.0,NaN,98.075,NaN,NaN,97.92,283.0,NaN,NaN,NaN,NaN,NaN,NaN,NaN,NaN,NaN,NaN,NaN,NaN,NaN,NaN,NaN,NaN,NaN,NaN,NaN,NaN,NaN,NaN,NaN,NaN,NaN,NaN,NaN,NaN,NaN,NaN,NaN,NaN,NaN,NaN,NaN,NaN,NaN,NaN,NaN,NaN,NaN,NaN,NaN,NaN,NaN,NaN,NaN,NaN,NaN,NaN,NaN,NaN,NaN,NaN,NaN,NaN,NaN,NaN,NaN,NaN,NaN,NaN,NaN,NaN
2010-03-19,NaN,NaN,NaN,NaN,NaN,NaN,99.825,75474.0,2832.0,99.8,82774.0,6078.0,99.79,76326.0,8389.0,99.775,89077.0,8948.0,99.745,78335.0,9114.0,99.7,59172.0,9880.0,99.655,41945.0,10242.0,99.605,50674.0,11418.0,99.515,56053.0,8771.0,99.445,25284.0,3843.0,99.38,13697.0,2341.0,99.24,18619.0,388.0,99.15,1722.0,105.0,99.05,2657.0,41.0,98.885,4622.0,1.0,98.835,554.0,NaN,98.69,1950.0,NaN,98.565,1515.0,NaN,98.47,2176.0,NaN,98.36,242.0,NaN,98.21,3451.0,NaN,98.125,413.0,NaN,98.025,NaN,NaN,97.87,283.0,NaN,NaN,NaN,NaN,NaN,NaN,NaN,NaN,NaN,NaN,NaN,NaN,NaN,NaN,NaN,NaN,NaN,NaN,NaN,NaN,NaN,NaN,NaN,NaN,NaN,NaN,NaN,NaN,NaN,NaN,NaN,NaN,NaN,NaN,NaN,NaN,NaN,NaN,NaN,NaN,NaN,NaN,NaN,NaN,NaN,NaN,NaN,NaN,NaN,NaN,NaN,NaN,NaN,NaN,NaN,NaN,NaN,NaN,NaN,NaN,NaN,NaN,NaN,NaN
2010-03-22,NaN,NaN,NaN,NaN,NaN,NaN,99.8275,76325.0,4983.0,99.8,83322.0,4765.0,99.79,77644.0,4652.0,99.78,88185.0,5226.0,99.75,77965.0,1289.0,99.71,59113.0,876.0,99.67,41747.0,746.0,99.62,50955.0,1339.0,99.535,56002.0,2022.0,99.47,25188.0,790.0,99.4,13922.0,1138.0,99.265,18563.0,271.0,99.175,1707.0,43.0,99.075,2717.0,60.0,98.91,4622.0,NaN,98.86,554.0,NaN,98.72,1950.0,NaN,98.595,1515.0,NaN,98.5,2176.0,NaN,98.39,242.0,NaN,98.24,3451.0,NaN,98.155,413.0,NaN,98.06,NaN,NaN,97.915,283.0,NaN,NaN,NaN,NaN,NaN,NaN,NaN,NaN,NaN,NaN,NaN,NaN,NaN,NaN,NaN,NaN,NaN,NaN,NaN,NaN,NaN,NaN,NaN,NaN,NaN,NaN,NaN,NaN,NaN,NaN,NaN,NaN,NaN,NaN,NaN,NaN,NaN,NaN,NaN,NaN,NaN,NaN,NaN,NaN,NaN,NaN,NaN,NaN,NaN,NaN,NaN,NaN,NaN,NaN,NaN,NaN,NaN,NaN,NaN,NaN,NaN,NaN,NaN,NaN
2010-03-23,NaN,NaN,NaN,NaN,NaN,NaN,99.83,76959.0,3527.0,99.805,82459.0,3705.0,99.795,77722.0,5029.0,99.785,89703.0,5520.0,99.76,74485.0,8325.0,99.72,58558.0,5020.0,99.68,41509.0,2689.0,99.63,50944.0,3374.0,99.545,56367.0,2717.0,99.475,25640.0,2199.0,99.405,13952.0,1613.0,99.265,18473.0,309.0,99.175,1738.0,47.0,99.08,2720.0,23.0,98.925,4633.0,16.0,98.875,554.0,11.0,98.735,1950.0,NaN,98.615,1515.0,NaN,98.52,2176.0,6.0,98.41,252.0,83.0,98.26,3457.0,26.0,98.175,413.0,NaN,98.08,NaN,NaN,97.935,283.0,NaN,NaN,NaN,NaN,NaN,NaN,NaN,NaN,NaN,NaN,NaN,NaN,NaN,NaN,NaN,NaN,NaN,NaN,NaN,NaN,NaN,NaN,NaN,NaN,NaN,NaN,NaN,NaN,NaN,NaN,NaN,NaN,NaN,NaN,NaN,NaN,NaN,NaN,NaN,NaN,NaN,NaN,NaN,NaN,NaN,NaN,NaN,NaN,NaN,NaN,NaN,NaN,NaN,NaN,NaN,NaN,NaN,NaN,NaN,NaN,NaN,NaN,NaN,NaN
2010-03-24,NaN,NaN,NaN,NaN,NaN,NaN,99.83,75068.0,3190.0,99.805,80312.0,4563.0,99.795,77655.0,5099.0,99.785,89571.0,2486.0,99.755,69179.0,11479.0,99.715,61358.0,9071.0,99.665,42041.0,4159.0,99.61,50471.0,9730.0,99.515,58066.0,7185.0,99.44,25554.0,4135.0,99.365,14161.0,2487.0,99.215,18504.0,1084.0,99.125,2218.0,770.0,99.015,2655.0,515.0,98.855,4944.0,374.0,98.8,549.0,225.0,98.65,1396.0,904.0,98.53,1308.0,394.0,98.42,2179.0,82.0,98.31,251.0,1.0,98.175,3457.0,3.0,98.095,412.0,3.0,98.0,84.0,86.0,97.855,468.0,231.0,NaN,NaN,NaN,NaN,NaN,NaN,NaN,NaN,NaN,NaN,NaN,NaN,NaN,NaN,NaN,NaN,NaN,NaN,NaN,NaN,NaN,NaN,NaN,NaN,NaN,NaN,NaN,NaN,NaN,NaN,NaN,NaN,NaN,NaN,NaN,NaN,NaN,NaN,NaN,NaN,NaN,NaN,NaN,NaN,NaN,NaN,NaN,NaN,NaN,NaN,NaN,NaN,NaN,NaN,NaN,NaN,NaN,NaN,NaN,NaN,NaN,NaN,NaN
2010-03-25,NaN,NaN,NaN,NaN,NaN,NaN,99.83,75558.0,996.0,99.805,78231.0,3968.0,99.795,77599.0,981.0,99.785,89040.0,1362.0,99.755,69063.0,1551.0,99.715,61226.0,4139.0,99.67,42032.0,4439.0,99.62,50188.0,4938.0,99.525,61119.0,9847.0,99.455,25944.0,3869.0,99.37,14430.0,2070.0,99.22,18465.0,602.0,99.13,2323.0,122.0,99.02,2759.0,124.0,98.86,5065.0,124.0,98.805,551.0,36.0,98.655,1381.0,23.0,98.53,1315.0,49.0,98.415,2183.0,29.0,98.305,258.0,7.0,98.165,3457.0,5.0,98.08,412.0,NaN,97.985,135.0,51.0,97.835,468.0,51.0,NaN,NaN,NaN,NaN,NaN,NaN,NaN,NaN,NaN,NaN,NaN,NaN,NaN,NaN,NaN,NaN,NaN,NaN,NaN,NaN,NaN,NaN,NaN,NaN,NaN,NaN,NaN,NaN,NaN,NaN,NaN,NaN,NaN,NaN,NaN,NaN,NaN,NaN,NaN,NaN,NaN,NaN,NaN,NaN,NaN,NaN,NaN,NaN,NaN,NaN,NaN,NaN,NaN,NaN,NaN,NaN,NaN,NaN,NaN,NaN,NaN,NaN,NaN
2010-03-26,NaN,NaN,NaN,NaN,NaN,NaN,99.83,74750.0,1300.0,99.805,77467.0,1960.0,99.795,79730.0,3323.0,99.785,89185.0,1190.0,99.755,69096.0,1800.0,99.715,61117.0,1056.0,99.67,41462.0,2911.0,99.62,49923.0,5431.0,99.53,61263.0,5203.0,99.46,25780.0,1805.0,99.385,14945.0,2546.0,99.235,19658.0,1677.0,99.145,2355.0,74.0,99.04,2728.0,115.0,98.885,5132.0,98.0,98.835,551.0,23.0,98.69,1346.0,67.0,98.565,1311.0,43.0,98.45,2184.0,3.0,98.34,546.0,350.0,98.2,3456.0,294.0,98.115,410.0,3.0,98.02,326.0,191.0,97.87,468.0,192.0,NaN,NaN,NaN,NaN,NaN,NaN,NaN,NaN,NaN,NaN,NaN,NaN,NaN,NaN,NaN,NaN,NaN,NaN,NaN,NaN,NaN,NaN,NaN,NaN,NaN,NaN,NaN,NaN,NaN,NaN,NaN,NaN,NaN,NaN,NaN,NaN,NaN,NaN,NaN,NaN,NaN,NaN,NaN,NaN,NaN,NaN,NaN,NaN,NaN,NaN,NaN,NaN,NaN,NaN,NaN,NaN,NaN,NaN,NaN,NaN,NaN,NaN,NaN
2010-03-29,NaN,NaN,NaN,NaN,NaN,NaN,99.83,74644.0,1577.0,99.805,77671.0,1695.0,99.795,78929.0,1603.0,99.785,89084.0,2018.0,99.755,69285.0,3454.0,99.715,61012.0,3546.0,99.67,40910.0,3752.0,99.62,50636.0,4747.0,99.53,62079.0,4861.0,99.46,26882.0,2925.0,99.385,15048.0,963.0,99.24,19729.0,464.0,99.15,2589.0,235.0,99.045,2772.0,56.0,98.89,5169.0,38.0,98.84,604.0,55.0,98.695,1325.0,112.0,98.565,1301.0,94.0,98.455,2184.0,NaN,98.34,632.0,86.0,98.19,3456.0,87.0,98.105,410.0,NaN,98.005,407.0,81.0,97.855,468.0,81.0,NaN,NaN,NaN,NaN,NaN,NaN,NaN,NaN,NaN,NaN,NaN,NaN,NaN,NaN,NaN,NaN,NaN,NaN,NaN,NaN,NaN,NaN,NaN,NaN,NaN,NaN,NaN,NaN,NaN,NaN,NaN,NaN,NaN,NaN,NaN,NaN,NaN,NaN,NaN,NaN,NaN,NaN,NaN,NaN,NaN,NaN,NaN,NaN,NaN,NaN,NaN,NaN,NaN,NaN,NaN,NaN,NaN,NaN,NaN,NaN,NaN,NaN,NaN
2010-03-30,NaN,NaN,NaN,NaN,NaN,NaN,99.8325,74604.0,2714.0,99.805,76666.0,5554.0,99.8,78219.0,2313.0,99.785,89294.0,3191.0,99.755,69144.0,3747.0,99.72,62596.0,3926.0,99.675,40964.0,3750.0,99.625,51627.0,7303.0,99.535,65872.0,11274.0,99.46,27252.0,2702.0,99.385,15798.0,1737.0,99.24,20469.0,1168.0,99.145,2734.0,251.0,99.04,2810.0,66.0,98.875,5184.0,32.0,98.825,619.0,15.0,98.68,1325.0,2.0,98.545,1301.0,2.0,98.435,2184.0,2.0,98.32,740.0,109.0,98.17,3453.0,114.0,98.085,407.0,6.0,97.98,407.0,NaN,97.83,468.0,NaN,NaN,NaN,NaN,NaN,NaN,NaN,NaN,NaN,NaN,NaN,NaN,NaN,NaN,NaN,NaN,NaN,NaN,NaN,NaN,NaN,NaN,NaN,NaN,NaN,NaN,NaN,NaN,NaN,NaN,NaN,NaN,NaN,NaN,NaN,NaN,NaN,NaN,NaN,NaN,NaN,NaN,NaN,NaN,NaN,NaN,NaN,NaN,NaN,NaN,NaN,NaN,NaN,NaN,NaN,NaN,NaN,NaN,NaN,NaN,NaN,NaN,NaN,NaN
2010-03-31,NaN,NaN,NaN,NaN,NaN,NaN,99.8325,73976.0,2346.0,99.81,78145.0,7919.0,99.8,76860.0,7020.0,99.79,89177.0,3337.0,99.77,69229.0,3093.0,99.74,62457.0,4508.0,99.705,41650.0,2985.0,99.66,52525.0,8821.0,99.57,64756.0,9593.0,99.5,27547.0,2378.0,99.425,16950.0,2948.0,99.28,21162.0,1395.0,99.185,3098.0,626.0,99.08,2964.0,450.0,98.92,5334.0,212.0,98.87,509.0,206.0,98.725,1325.0,3.0,98.59,1301.0,3.0,98.48,2184.0,2.0,98.365,797.0,59.0,98.215,3453.0,57.0,98.13,407.0,NaN,98.025,404.0,3.0,97.875,468.0,3.0,NaN,NaN,NaN,NaN,NaN,NaN,NaN,NaN,NaN,NaN,NaN,NaN,NaN,NaN,NaN,NaN,NaN,NaN,NaN,NaN,NaN,NaN,NaN,NaN,NaN,NaN,NaN,NaN,NaN,NaN,NaN,NaN,NaN,NaN,NaN,NaN,NaN,NaN,NaN,NaN,NaN,NaN,NaN,NaN,NaN,NaN,NaN,NaN,NaN,NaN,NaN,NaN,NaN,NaN,NaN,NaN,NaN,NaN,NaN,NaN,NaN,NaN,NaN
2010-04-01,NaN,NaN,NaN,NaN,NaN,NaN,NaN,NaN,NaN,99.81,76729.0,6664.0,99.8,74906.0,3904.0,99.79,89421.0,2161.0,99.77,70313.0,3429.0,99.74,62479.0,2939.0,99.7,42082.0,5743.0,99.655,53533.0,3113.0,99.565,66450.0,6102.0,99.49,28384.0,2730.0,99.42,17467.0,1506.0,99.27,21368.0,562.0,99.175,3275.0,337.0,99.07,2946.0,316.0,98.91,5499.0,247.0,98.86,582.0,194.0,98.715,1312.0,42.0,98.58,1322.0,21.0,98.47,2184.0,NaN,98.355,797.0,NaN,98.205,3453.0,NaN,98.115,407.0,NaN,98.01,404.0,NaN,97.86,468.0,NaN,97.785,NaN,NaN,NaN,NaN,NaN,NaN,NaN,NaN,NaN,NaN,NaN,NaN,NaN,NaN,NaN,NaN,NaN,NaN,NaN,NaN,NaN,NaN,NaN,NaN,NaN,NaN,NaN,NaN,NaN,NaN,NaN,NaN,NaN,NaN,NaN,NaN,NaN,NaN,NaN,NaN,NaN,NaN,NaN,NaN,NaN,NaN,NaN,NaN,NaN,NaN,NaN,NaN,NaN,NaN,NaN,NaN,NaN,NaN,NaN,NaN,NaN,NaN
2010-04-02,NaN,NaN,NaN,NaN,NaN,NaN,NaN,NaN,NaN,99.81,78308.0,4714.0,99.795,74950.0,1307.0,99.78,89860.0,2044.0,99.755,70933.0,1334.0,99.73,62437.0,2015.0,99.69,42381.0,2771.0,99.64,57330.0,9327.0,99.54,70405.0,10489.0,99.455,30169.0,4646.0,99.37,17788.0,1866.0,99.215,21758.0,1161.0,99.11,3501.0,503.0,98.99,2999.0,239.0,98.81,5493.0,251.0,98.745,768.0,342.0,98.605,1200.0,145.0,98.48,1320.0,2.0,98.37,2170.0,14.0,98.25,797.0,NaN,98.09,3453.0,NaN,98.0,407.0,1.0,97.895,404.0,NaN,97.745,468.0,NaN,97.67,NaN,NaN,NaN,NaN,NaN,NaN,NaN,NaN,NaN,NaN,NaN,NaN,NaN,NaN,NaN,NaN,NaN,NaN,NaN,NaN,NaN,NaN,NaN,NaN,NaN,NaN,NaN,NaN,NaN,NaN,NaN,NaN,NaN,NaN,NaN,NaN,NaN,NaN,NaN,NaN,NaN,NaN,NaN,NaN,NaN,NaN,NaN,NaN,NaN,NaN,NaN,NaN,NaN,NaN,NaN,NaN,NaN,NaN,NaN,NaN,NaN,NaN
2010-04-05,NaN,NaN,NaN,NaN,NaN,NaN,NaN,NaN,NaN,99.8025,77961.0,5224.0,99.79,74246.0,3985.0,99.775,89374.0,6363.0,99.75,70651.0,6633.0,99.72,62631.0,8430.0,99.665,42551.0,12613.0,99.6,60840.0,13142.0,99.495,72698.0,12264.0,99.405,30257.0,4220.0,99.315,18013.0,1234.0,99.16,21880.0,1158.0,99.055,3637.0,520.0,98.935,3029.0,242.0,98.755,5545.0,232.0,98.69,757.0,51.0,98.545,1183.0,74.0,98.4,1328.0,59.0,98.29,2163.0,10.0,98.16,1068.0,279.0,98.0,3553.0,191.0,97.91,407.0,NaN,97.805,404.0,NaN,97.655,468.0,NaN,97.58,NaN,NaN,NaN,NaN,NaN,NaN,NaN,NaN,NaN,NaN,NaN,NaN,NaN,NaN,NaN,NaN,NaN,NaN,NaN,NaN,NaN,NaN,NaN,NaN,NaN,NaN,NaN,NaN,NaN,NaN,NaN,NaN,NaN,NaN,NaN,NaN,NaN,NaN,NaN,NaN,NaN,NaN,NaN,NaN,NaN,NaN,NaN,NaN,NaN,NaN,NaN,NaN,NaN,NaN,NaN,NaN,NaN,NaN,NaN,NaN,NaN,NaN
2010-04-06,NaN,NaN,NaN,NaN,NaN,NaN,NaN,NaN,NaN,99.8,77711.0,3586.0,99.79,71872.0,8888.0,99.775,88965.0,2986.0,99.755,70834.0,3052.0,99.73,64243.0,4332.0,99.69,42861.0,4692.0,99.635,61590.0,9312.0,99.54,75190.0,12821.0,99.455,32970.0,9900.0,99.37,17763.0,5338.0,99.215,21315.0,2513.0,99.11,3921.0,590.0,98.995,3258.0,289.0,98.815,5523.0,214.0,98.75,828.0,145.0,98.605,1175.0,103.0,98.46,1333.0,83.0,98.35,2163.0,76.0,98.22,1144.0,77.0,98.06,3553.0,17.0,97.97,407.0,NaN,97.87,404.0,NaN,97.72,468.0,NaN,97.655,NaN,NaN,NaN,NaN,NaN,NaN,NaN,NaN,NaN,NaN,NaN,NaN,NaN,NaN,NaN,NaN,NaN,NaN,NaN,NaN,NaN,NaN,NaN,NaN,NaN,NaN,NaN,NaN,NaN,NaN,NaN,NaN,NaN,NaN,NaN,NaN,NaN,NaN,NaN,NaN,NaN,NaN,NaN,NaN,NaN,NaN,NaN,NaN,NaN,NaN,NaN,NaN,NaN,NaN,NaN,NaN,NaN,NaN,NaN,NaN,NaN,NaN
2010-04-07,NaN,NaN,NaN,NaN,NaN,NaN,NaN,NaN,NaN,99.8,79017.0,3088.0,99.79,70229.0,5700.0,99.78,89524.0,4940.0,99.765,67574.0,9603.0,99.74,62861.0,7770.0,99.705,43768.0,7720.0,99.665,63758.0,13502.0,99.58,73678.0,13601.0,99.51,33700.0,6684.0,99.435,17957.0,4550.0,99.3,21952.0,2666.0,99.2,3844.0,903.0,99.085,3301.0,230.0,98.915,5546.0,81.0,98.85,870.0,54.0,98.71,1199.0,66.0,98.57,1355.0,60.0,98.47,2178.0,173.0,98.36,2927.0,2924.0,98.2,4222.0,2143.0,98.11,1089.0,827.0,98.01,550.0,167.0,97.86,968.0,581.0,97.795,NaN,NaN,NaN,NaN,NaN,NaN,NaN,NaN,NaN,NaN,NaN,NaN,NaN,NaN,NaN,NaN,NaN,NaN,NaN,NaN,NaN,NaN,NaN,NaN,NaN,NaN,NaN,NaN,NaN,NaN,NaN,NaN,NaN,NaN,NaN,NaN,NaN,NaN,NaN,NaN,NaN,NaN,NaN,NaN,NaN,NaN,NaN,NaN,NaN,NaN,NaN,NaN,NaN,NaN,NaN,NaN,NaN,NaN,NaN,NaN,NaN,NaN
2010-04-08,NaN,NaN,NaN,NaN,NaN,NaN,NaN,NaN,NaN,99.8,78983.0,5404.0,99.79,69859.0,3227.0,99.78,89332.0,2327.0,99.765,68230.0,1698.0,99.74,63329.0,4434.0,99.71,44330.0,3916.0,99.67,63447.0,3675.0,99.585,72903.0,2882.0,99.515,34194.0,3132.0,99.44,18146.0,1740.0,99.305,22196.0,1165.0,99.21,3979.0,447.0,99.1,3396.0,114.0,98.93,5548.0,44.0,98.865,897.0,34.0,98.725,1199.0,33.0,98.585,1355.0,23.0,98.485,2178.0,23.0,98.37,2950.0,24.0,98.21,4221.0,14.0,98.12,1089.0,13.0,98.02,550.0,6.0,97.86,968.0,NaN,97.795,NaN,NaN,NaN,NaN,NaN,NaN,NaN,NaN,NaN,NaN,NaN,NaN,NaN,NaN,NaN,NaN,NaN,NaN,NaN,NaN,NaN,NaN,NaN,NaN,NaN,NaN,NaN,NaN,NaN,NaN,NaN,NaN,NaN,NaN,NaN,NaN,NaN,NaN,NaN,NaN,NaN,NaN,NaN,NaN,NaN,NaN,NaN,NaN,NaN,NaN,NaN,NaN,NaN,NaN,NaN,NaN,NaN,NaN,NaN,NaN,NaN,NaN
2010-04-09,NaN,NaN,NaN,NaN,NaN,NaN,NaN,NaN,NaN,99.8,78289.0,6091.0,99.79,69832.0,2382.0,99.78,89557.0,2250.0,99.765,67565.0,3239.0,99.74,62745.0,2552.0,99.71,45565.0,4512.0,99.67,64438.0,5267.0,99.585,73129.0,4109.0,99.51,33618.0,3008.0,99.44,18246.0,1556.0,99.305,22355.0,1272.0,99.21,4016.0,246.0,99.105,3491.0,151.0,98.935,5551.0,51.0,98.87,951.0,75.0,98.73,1197.0,68.0,98.59,1375.0,57.0,98.49,2178.0,43.0,98.375,2990.0,41.0,98.215,4210.0,49.0,98.125,1089.0,36.0,98.02,550.0,NaN,97.86,968.0,NaN,97.795,NaN,NaN,NaN,NaN,NaN,NaN,NaN,NaN,NaN,NaN,NaN,NaN,NaN,NaN,NaN,NaN,NaN,NaN,NaN,NaN,NaN,NaN,NaN,NaN,NaN,NaN,NaN,NaN,NaN,NaN,NaN,NaN,NaN,NaN,NaN,NaN,NaN,NaN,NaN,NaN,NaN,NaN,NaN,NaN,NaN,NaN,NaN,NaN,NaN,NaN,NaN,NaN,NaN,NaN,NaN,NaN,NaN,NaN,NaN,NaN,NaN,NaN
2010-04-12,NaN,NaN,NaN,NaN,NaN,NaN,NaN,NaN,NaN,99.8025,77911.0,2233.0,99.79,68695.0,3939.0,99.78,89403.0,1007.0,99.765,67280.0,880.0,99.74,63249.0,987.0,99.71,46174.0,2548.0,99.67,65109.0,3061.0,99.585,72996.0,1954.0,99.52,33763.0,1624.0,99.45,18398.0,702.0,99.325,22453.0,364.0,99.235,4029.0,98.0,99.13,3530.0,61.0,98.96,5551.0,6.0,98.895,965.0,14.0,98.755,1197.0,1.0,98.62,1375.0,NaN,98.52,2178.0,NaN,98.405,2990.0,NaN,98.255,4210.0,NaN,98.165,1089.0,NaN,98.06,550.0,NaN,97.905,968.0,NaN,97.845,NaN,NaN,NaN,NaN,NaN,NaN,NaN,NaN,NaN,NaN,NaN,NaN,NaN,NaN,NaN,NaN,NaN,NaN,NaN,NaN,NaN,NaN,NaN,NaN,NaN,NaN,NaN,NaN,NaN,NaN,NaN,NaN,NaN,NaN,NaN,NaN,NaN,NaN,NaN,NaN,NaN,NaN,NaN,NaN,NaN,NaN,NaN,NaN,NaN,NaN,NaN,NaN,NaN,NaN,NaN,NaN,NaN,NaN,NaN,NaN,NaN,NaN
2010-04-13,NaN,NaN,NaN,NaN,NaN,NaN,NaN,NaN,NaN,99.8025,77944.0,4639.0,99.785,68950.0,3554.0,99.775,88374.0,5084.0,99.76,66779.0,6512.0,99.735,65525.0,6503.0,99.705,48486.0,7222.0,99.665,65656.0,7971.0,99.585,74247.0,11567.0,99.52,37633.0,18166.0,99.45,18114.0,9526.0,99.32,23371.0,2884.0,99.23,4129.0,703.0,99.125,3940.0,650.0,98.955,5269.0,498.0,98.89,1076.0,165.0,98.75,1249.0,144.0,98.62,1377.0,120.0,98.52,2180.0,112.0,98.415,3083.0,116.0,98.27,4186.0,129.0,98.18,1089.0,86.0,98.085,605.0,56.0,97.93,968.0,NaN,97.87,NaN,NaN,NaN,NaN,NaN,NaN,NaN,NaN,NaN,NaN,NaN,NaN,NaN,NaN,NaN,NaN,NaN,NaN,NaN,NaN,NaN,NaN,NaN,NaN,NaN,NaN,NaN,NaN,NaN,NaN,NaN,NaN,NaN,NaN,NaN,NaN,NaN,NaN,NaN,NaN,NaN,NaN,NaN,NaN,NaN,NaN,NaN,NaN,NaN,NaN,NaN,NaN,NaN,NaN,NaN,NaN,NaN,NaN,NaN,NaN,NaN,NaN
2010-04-14,NaN,NaN,NaN,NaN,NaN,NaN,NaN,NaN,NaN,99.8025,75075.0,11978.0,99.785,69273.0,676.0,99.775,88318.0,2932.0,99.76,64236.0,9845.0,99.735,70561.0,10964.0,99.705,47304.0,10268.0,99.665,68342.0,14136.0,99.59,73724.0,10677.0,99.525,38916.0,9346.0,99.455,18912.0,5123.0,99.32,24504.0,2709.0,99.23,4248.0,432.0,99.125,4137.0,486.0,98.955,4751.0,816.0,98.895,1136.0,63.0,98.755,1253.0,103.0,98.625,1356.0,121.0,98.515,2194.0,57.0,98.405,3121.0,61.0,98.255,4170.0,71.0,98.165,1092.0,53.0,98.065,636.0,31.0,97.91,968.0,13.0,97.85,NaN,NaN,NaN,NaN,NaN,NaN,NaN,NaN,NaN,NaN,NaN,NaN,NaN,NaN,NaN,NaN,NaN,NaN,NaN,NaN,NaN,NaN,NaN,NaN,NaN,NaN,NaN,NaN,NaN,NaN,NaN,NaN,NaN,NaN,NaN,NaN,NaN,NaN,NaN,NaN,NaN,NaN,NaN,NaN,NaN,NaN,NaN,NaN,NaN,NaN,NaN,NaN,NaN,NaN,NaN,NaN,NaN,NaN,NaN,NaN,NaN,NaN
2010-04-15,NaN,NaN,NaN,NaN,NaN,NaN,NaN,NaN,NaN,99.8025,75839.0,4169.0,99.785,70395.0,3950.0,99.775,88671.0,3946.0,99.76,63794.0,4335.0,99.74,70366.0,3905.0,99.715,46973.0,3562.0,99.675,68741.0,3126.0,99.605,74454.0,6643.0,99.545,41418.0,7138.0,99.475,19302.0,3251.0,99.345,25309.0,1580.0,99.255,5242.0,1380.0,99.15,4721.0,1372.0,98.985,4729.0,1263.0,98.925,1393.0,408.0,98.785,1265.0,217.0,98.655,1355.0,193.0,98.545,2196.0,76.0,98.435,3209.0,110.0,98.285,4196.0,94.0,98.195,1242.0,220.0,98.095,711.0,75.0,97.94,968.0,30.0,97.88,NaN,NaN,NaN,NaN,NaN,NaN,NaN,NaN,NaN,NaN,NaN,NaN,NaN,NaN,NaN,NaN,NaN,NaN,NaN,NaN,NaN,NaN,NaN,NaN,NaN,NaN,NaN,NaN,NaN,NaN,NaN,NaN,NaN,NaN,NaN,NaN,NaN,NaN,NaN,NaN,NaN,NaN,NaN,NaN,NaN,NaN,NaN,NaN,NaN,NaN,NaN,NaN,NaN,NaN,NaN,NaN,NaN,NaN,NaN,NaN,NaN,NaN
2010-04-16,NaN,NaN,NaN,NaN,NaN,NaN,NaN,NaN,NaN,99.8025,75094.0,2631.0,99.785,69833.0,3101.0,99.78,88788.0,3711.0,99.765,64116.0,2525.0,99.745,71547.0,4758.0,99.725,49781.0,11838.0,99.695,72251.0,14418.0,99.635,75619.0,14396.0,99.585,40279.0,9550.0,99.53,19059.0,4416.0,99.41,25786.0,1609.0,99.33,5360.0,381.0,99.23,4627.0,266.0,99.07,4754.0,290.0,99.01,1417.0,56.0,98.875,1320.0,92.0,98.745,1360.0,42.0,98.635,2196.0,5.0,98.525,3214.0,5.0,98.375,4196.0,5.0,98.29,1242.0,5.0,98.195,716.0,5.0,98.045,968.0,NaN,97.985,NaN,NaN,NaN,NaN,NaN,NaN,NaN,NaN,NaN,NaN,NaN,NaN,NaN,NaN,NaN,NaN,NaN,NaN,NaN,NaN,NaN,NaN,NaN,NaN,NaN,NaN,NaN,NaN,NaN,NaN,NaN,NaN,NaN,NaN,NaN,NaN,NaN,NaN,NaN,NaN,NaN,NaN,NaN,NaN,NaN,NaN,NaN,NaN,NaN,NaN,NaN,NaN,NaN,NaN,NaN,NaN,NaN,NaN,NaN,NaN,NaN,NaN
2010-04-19,NaN,NaN,NaN,NaN,NaN,NaN,NaN,NaN,NaN,99.8,74720.0,3782.0,99.79,70575.0,3723.0,99.78,87859.0,6680.0,99.765,61870.0,9337.0,99.745,71704.0,2062.0,99.725,49386.0,3179.0,99.695,71432.0,3712.0,99.635,75838.0,4055.0,99.585,40114.0,1424.0,99.525,19176.0,994.0,99.405,25702.0,875.0,99.32,5347.0,764.0,99.22,4509.0,401.0,99.06,4838.0,296.0,99.0,1468.0,85.0,98.865,1400.0,86.0,98.735,1405.0,133.0,98.625,2219.0,90.0,98.515,3258.0,107.0,98.355,4208.0,40.0,98.27,1277.0,68.0,98.17,759.0,43.0,98.015,968.0,NaN,97.955,NaN,NaN,NaN,NaN,NaN,NaN,NaN,NaN,NaN,NaN,NaN,NaN,NaN,NaN,NaN,NaN,NaN,NaN,NaN,NaN,NaN,NaN,NaN,NaN,NaN,NaN,NaN,NaN,NaN,NaN,NaN,NaN,NaN,NaN,NaN,NaN,NaN,NaN,NaN,NaN,NaN,NaN,NaN,NaN,NaN,NaN,NaN,NaN,NaN,NaN,NaN,NaN,NaN,NaN,NaN,NaN,NaN,NaN,NaN,NaN,NaN,NaN
2010-04-20,NaN,NaN,NaN,NaN,NaN,NaN,NaN,NaN,NaN,99.8,74654.0,1073.0,99.79,68754.0,3826.0,99.78,87780.0,1106.0,99.76,61891.0,3621.0,99.74,71510.0,3584.0,99.71,50027.0,9221.0,99.675,68470.0,9866.0,99.61,75338.0,5800.0,99.555,41983.0,9647.0,99.495,20729.0,4808.0,99.36,26127.0,3034.0,99.275,5545.0,617.0,99.175,5274.0,935.0,99.015,4778.0,312.0,98.955,1927.0,483.0,98.82,1490.0,95.0,98.685,1386.0,101.0,98.575,2242.0,114.0,98.465,3429.0,322.0,98.305,4301.0,176.0,98.22,1277.0,100.0,98.12,808.0,49.0,97.97,968.0,49.0,97.91,NaN,NaN,NaN,NaN,NaN,NaN,NaN,NaN,NaN,NaN,NaN,NaN,NaN,NaN,NaN,NaN,NaN,NaN,NaN,NaN,NaN,NaN,NaN,NaN,NaN,NaN,NaN,NaN,NaN,NaN,NaN,NaN,NaN,NaN,NaN,NaN,NaN,NaN,NaN,NaN,NaN,NaN,NaN,NaN,NaN,NaN,NaN,NaN,NaN,NaN,NaN,NaN,NaN,NaN,NaN,NaN,NaN,NaN,NaN,NaN,NaN,NaN
2010-04-21,NaN,NaN,NaN,NaN,NaN,NaN,NaN,NaN,NaN,99.8,74636.0,1935.0,99.79,69582.0,3784.0,99.78,88103.0,5774.0,99.76,61677.0,7923.0,99.74,72812.0,7501.0,99.71,50995.0,5603.0,99.67,69362.0,4960.0,99.605,76340.0,5785.0,99.55,43164.0,6068.0,99.49,20598.0,2919.0,99.36,25916.0,1742.0,99.275,5824.0,910.0,99.175,5250.0,552.0,99.02,4714.0,768.0,98.96,1945.0,124.0,98.83,1788.0,367.0,98.7,1387.0,42.0,98.595,2242.0,24.0,98.495,3438.0,22.0,98.34,4294.0,34.0,98.255,1277.0,27.0,98.155,829.0,21.0,98.015,968.0,21.0,97.96,NaN,NaN,NaN,NaN,NaN,NaN,NaN,NaN,NaN,NaN,NaN,NaN,NaN,NaN,NaN,NaN,NaN,NaN,NaN,NaN,NaN,NaN,NaN,NaN,NaN,NaN,NaN,NaN,NaN,NaN,NaN,NaN,NaN,NaN,NaN,NaN,NaN,NaN,NaN,NaN,NaN,NaN,NaN,NaN,NaN,NaN,NaN,NaN,NaN,NaN,NaN,NaN,NaN,NaN,NaN,NaN,NaN,NaN,NaN,NaN,NaN,NaN
2010-04-22,NaN,NaN,NaN,NaN,NaN,NaN,NaN,NaN,NaN,99.8,74424.0,918.0,99.79,70898.0,3001.0,99.775,87728.0,3322.0,99.755,62099.0,6649.0,99.735,74257.0,7615.0,99.705,51338.0,4514.0,99.665,69558.0,6717.0,99.6,75950.0,6040.0,99.545,43970.0,5227.0,99.485,20864.0,3949.0,99.355,26102.0,1935.0,99.27,6369.0,1391.0,99.17,5414.0,575.0,99.015,5476.0,1187.0,98.955,2035.0,135.0,98.825,1899.0,118.0,98.695,1373.0,117.0,98.585,2256.0,88.0,98.485,3513.0,121.0,98.33,4394.0,152.0,98.245,1539.0,272.0,98.145,971.0,170.0,98.005,1253.0,320.0,97.95,29.0,45.0,NaN,NaN,NaN,NaN,NaN,NaN,NaN,NaN,NaN,NaN,NaN,NaN,NaN,NaN,NaN,NaN,NaN,NaN,NaN,NaN,NaN,NaN,NaN,NaN,NaN,NaN,NaN,NaN,NaN,NaN,NaN,NaN,NaN,NaN,NaN,NaN,NaN,NaN,NaN,NaN,NaN,NaN,NaN,NaN,NaN,NaN,NaN,NaN,NaN,NaN,NaN,NaN,NaN,NaN,NaN,NaN,NaN,NaN,NaN,NaN
2010-04-23,NaN,NaN,NaN,NaN,NaN,NaN,NaN,NaN,NaN,99.8,74405.0,313.0,99.785,70620.0,2823.0,99.77,86653.0,5339.0,99.75,60896.0,8491.0,99.72,73171.0,9585.0,99.685,52877.0,12475.0,99.64,70938.0,13751.0,99.565,75499.0,8694.0,99.505,44233.0,9181.0,99.435,21403.0,4947.0,99.3,26525.0,2549.0,99.215,7118.0,1356.0,99.115,5630.0,468.0,98.96,5777.0,498.0,98.9,2068.0,131.0,98.755,1922.0,26.0,98.62,1373.0,25.0,98.51,2256.0,25.0,98.41,3538.0,25.0,98.255,4393.0,26.0,98.17,1539.0,25.0,98.07,996.0,25.0,97.93,1254.0,25.0,97.875,55.0,26.0,NaN,NaN,NaN,NaN,NaN,NaN,NaN,NaN,NaN,NaN,NaN,NaN,NaN,NaN,NaN,NaN,NaN,NaN,NaN,NaN,NaN,NaN,NaN,NaN,NaN,NaN,NaN,NaN,NaN,NaN,NaN,NaN,NaN,NaN,NaN,NaN,NaN,NaN,NaN,NaN,NaN,NaN,NaN,NaN,NaN,NaN,NaN,NaN,NaN,NaN,NaN,NaN,NaN,NaN,NaN,NaN,NaN,NaN,NaN,NaN
2010-04-26,NaN,NaN,NaN,NaN,NaN,NaN,NaN,NaN,NaN,99.8,72336.0,3652.0,99.785,69076.0,6897.0,99.77,85429.0,3620.0,99.75,60299.0,2439.0,99.72,73070.0,3727.0,99.685,53356.0,4058.0,99.64,70282.0,6024.0,99.565,73806.0,5977.0,99.505,44007.0,4737.0,99.43,21924.0,2824.0,99.3,26703.0,2392.0,99.215,7337.0,1442.0,99.115,5769.0,514.0,98.96,5889.0,246.0,98.9,2091.0,99.0,98.755,1943.0,61.0,98.62,1380.0,17.0,98.51,2259.0,9.0,98.41,3533.0,11.0,98.26,4412.0,26.0,98.18,1652.0,123.0,98.085,996.0,2.0,97.945,1254.0,1.0,97.89,55.0,NaN,NaN,NaN,NaN,NaN,NaN,NaN,NaN,NaN,NaN,NaN,NaN,NaN,NaN,NaN,NaN,NaN,NaN,NaN,NaN,NaN,NaN,NaN,NaN,NaN,NaN,NaN,NaN,NaN,NaN,NaN,NaN,NaN,NaN,NaN,NaN,NaN,NaN,NaN,NaN,NaN,NaN,NaN,NaN,NaN,NaN,NaN,NaN,NaN,NaN,NaN,NaN,NaN,NaN,NaN,NaN,NaN,NaN,NaN,NaN,NaN
2010-04-27,NaN,NaN,NaN,NaN,NaN,NaN,NaN,NaN,NaN,99.8,72761.0,4775.0,99.785,69091.0,8047.0,99.77,84522.0,5506.0,99.75,60153.0,8289.0,99.73,71287.0,14233.0,99.705,51332.0,12420.0,99.67,72431.0,18488.0,99.6,74622.0,15682.0,99.55,43040.0,10554.0,99.49,22342.0,9659.0,99.375,27220.0,4182.0,99.295,7785.0,1487.0,99.205,5795.0,481.0,99.06,5961.0,386.0,99.01,2150.0,307.0,98.885,2040.0,150.0,98.77,1382.0,72.0,98.67,2256.0,3.0,98.57,3533.0,NaN,98.425,4412.0,NaN,98.345,1652.0,NaN,98.25,1100.0,106.0,98.11,1269.0,94.0,98.055,55.0,NaN,NaN,NaN,NaN,NaN,NaN,NaN,NaN,NaN,NaN,NaN,NaN,NaN,NaN,NaN,NaN,NaN,NaN,NaN,NaN,NaN,NaN,NaN,NaN,NaN,NaN,NaN,NaN,NaN,NaN,NaN,NaN,NaN,NaN,NaN,NaN,NaN,NaN,NaN,NaN,NaN,NaN,NaN,NaN,NaN,NaN,NaN,NaN,NaN,NaN,NaN,NaN,NaN,NaN,NaN,NaN,NaN,NaN,NaN,NaN,NaN
2010-04-28,NaN,NaN,NaN,NaN,NaN,NaN,NaN,NaN,NaN,99.8,74057.0,4365.0,99.785,70177.0,9553.0,99.77,82692.0,7407.0,99.76,62057.0,11629.0,99.74,73396.0,17705.0,99.72,52676.0,9823.0,99.69,71620.0,14853.0,99.62,75428.0,14353.0,99.57,43919.0,7174.0,99.505,22347.0,4552.0,99.39,27322.0,2103.0,99.31,7877.0,828.0,99.22,5820.0,182.0,99.075,6086.0,287.0,99.02,2180.0,56.0,98.885,2049.0,15.0,98.76,1374.0,22.0,98.655,2255.0,10.0,98.555,3540.0,10.0,98.4,4407.0,12.0,98.315,1652.0,7.0,98.22,1107.0,7.0,98.075,1269.0,7.0,98.015,62.0,7.0,NaN,NaN,NaN,NaN,NaN,NaN,NaN,NaN,NaN,NaN,NaN,NaN,NaN,NaN,NaN,NaN,NaN,NaN,NaN,NaN,NaN,NaN,NaN,NaN,NaN,NaN,NaN,NaN,NaN,NaN,NaN,NaN,NaN,NaN,NaN,NaN,NaN,NaN,NaN,NaN,NaN,NaN,NaN,NaN,NaN,NaN,NaN,NaN,NaN,NaN,NaN,NaN,NaN,NaN,NaN,NaN,NaN,NaN,NaN,NaN
2010-04-29,NaN,NaN,NaN,NaN,NaN,NaN,NaN,NaN,NaN,99.8,73968.0,444.0,99.785,70168.0,4342.0,99.77,79571.0,6363.0,99.76,63808.0,8263.0,99.745,73256.0,11218.0,99.72,51703.0,8138.0,99.685,70598.0,8697.0,99.62,75955.0,5884.0,99.57,44176.0,2998.0,99.51,23065.0,3779.0,99.4,27741.0,1714.0,99.325,8071.0,776.0,99.24,5895.0,126.0,99.1,6245.0,173.0,99.05,2200.0,45.0,98.915,2100.0,51.0,98.795,1374.0,5.0,98.695,2255.0,NaN,98.595,3540.0,NaN,98.45,4407.0,NaN,98.365,1652.0,NaN,98.27,1107.0,NaN,98.13,1269.0,NaN,98.07,62.0,NaN,NaN,NaN,NaN,NaN,NaN,NaN,NaN,NaN,NaN,NaN,NaN,NaN,NaN,NaN,NaN,NaN,NaN,NaN,NaN,NaN,NaN,NaN,NaN,NaN,NaN,NaN,NaN,NaN,NaN,NaN,NaN,NaN,NaN,NaN,NaN,NaN,NaN,NaN,NaN,NaN,NaN,NaN,NaN,NaN,NaN,NaN,NaN,NaN,NaN,NaN,NaN,NaN,NaN,NaN,NaN,NaN,NaN,NaN,NaN,NaN
2010-04-30,NaN,NaN,NaN,NaN,NaN,NaN,NaN,NaN,NaN,99.8,NaN,3673.0,99.785,71025.0,7119.0,99.77,80221.0,4781.0,99.755,63492.0,8217.0,99.74,74177.0,9021.0,99.715,48967.0,9801.0,99.675,70481.0,6965.0,99.605,77025.0,6291.0,99.555,44112.0,3912.0,99.5,23214.0,3223.0,99.395,27815.0,1510.0,99.32,8206.0,384.0,99.235,5923.0,103.0,99.11,6361.0,263.0,99.06,2228.0,76.0,98.93,2211.0,176.0,98.82,1340.0,35.0,98.73,2255.0,NaN,98.635,3526.0,14.0,98.5,4422.0,29.0,98.425,1693.0,41.0,98.33,1107.0,NaN,98.19,1269.0,NaN,98.135,62.0,NaN,NaN,NaN,NaN,NaN,NaN,NaN,NaN,NaN,NaN,NaN,NaN,NaN,NaN,NaN,NaN,NaN,NaN,NaN,NaN,NaN,NaN,NaN,NaN,NaN,NaN,NaN,NaN,NaN,NaN,NaN,NaN,NaN,NaN,NaN,NaN,NaN,NaN,NaN,NaN,NaN,NaN,NaN,NaN,NaN,NaN,NaN,NaN,NaN,NaN,NaN,NaN,NaN,NaN,NaN,NaN,NaN,NaN,NaN,NaN,NaN
2010-05-03,NaN,NaN,NaN,NaN,NaN,NaN,NaN,NaN,NaN,NaN,NaN,NaN,99.7875,71528.0,3186.0,99.775,79952.0,10665.0,99.755,59087.0,10982.0,99.735,74957.0,14290.0,99.7,48563.0,3913.0,99.655,70215.0,5725.0,99.585,76916.0,6790.0,99.53,44753.0,6748.0,99.47,23591.0,3566.0,99.36,28073.0,2734.0,99.285,8451.0,580.0,99.2,6048.0,439.0,99.065,6288.0,117.0,99.015,2250.0,41.0,98.885,2235.0,36.0,98.775,1344.0,14.0,98.68,2249.0,6.0,98.585,3526.0,NaN,98.445,4422.0,NaN,98.365,1693.0,NaN,98.27,1107.0,NaN,98.13,1269.0,NaN,98.075,62.0,NaN,97.96,NaN,NaN,NaN,NaN,NaN,NaN,NaN,NaN,NaN,NaN,NaN,NaN,NaN,NaN,NaN,NaN,NaN,NaN,NaN,NaN,NaN,NaN,NaN,NaN,NaN,NaN,NaN,NaN,NaN,NaN,NaN,NaN,NaN,NaN,NaN,NaN,NaN,NaN,NaN,NaN,NaN,NaN,NaN,NaN,NaN,NaN,NaN,NaN,NaN,NaN,NaN,NaN,NaN,NaN,NaN,NaN,NaN,NaN,NaN
2010-05-04,NaN,NaN,NaN,NaN,NaN,NaN,NaN,NaN,NaN,NaN,NaN,NaN,99.785,76484.0,17507.0,99.775,85056.0,20766.0,99.755,65016.0,19481.0,99.74,75680.0,14479.0,99.71,48162.0,6277.0,99.675,70863.0,9380.0,99.61,76793.0,11188.0,99.56,44199.0,11467.0,99.505,23377.0,5507.0,99.395,27851.0,2457.0,99.325,8504.0,492.0,99.24,6089.0,450.0,99.11,6359.0,285.0,99.06,2294.0,72.0,98.93,2234.0,71.0,98.82,1332.0,30.0,98.725,2235.0,20.0,98.63,3522.0,4.0,98.49,4422.0,4.0,98.41,1693.0,4.0,98.315,1103.0,4.0,98.19,1273.0,8.0,98.135,62.0,4.0,98.02,NaN,NaN,NaN,NaN,NaN,NaN,NaN,NaN,NaN,NaN,NaN,NaN,NaN,NaN,NaN,NaN,NaN,NaN,NaN,NaN,NaN,NaN,NaN,NaN,NaN,NaN,NaN,NaN,NaN,NaN,NaN,NaN,NaN,NaN,NaN,NaN,NaN,NaN,NaN,NaN,NaN,NaN,NaN,NaN,NaN,NaN,NaN,NaN,NaN,NaN,NaN,NaN,NaN,NaN,NaN,NaN,NaN,NaN,NaN
2010-05-05,NaN,NaN,NaN,NaN,NaN,NaN,NaN,NaN,NaN,NaN,NaN,NaN,99.7825,75425.0,9185.0,99.775,87209.0,13184.0,99.75,67520.0,24838.0,99.73,77733.0,31592.0,99.71,47623.0,10932.0,99.675,72432.0,13319.0,99.615,75876.0,12815.0,99.57,46977.0,16277.0,99.52,23123.0,7225.0,99.425,27930.0,4357.0,99.36,8684.0,1870.0,99.29,6711.0,2268.0,99.18,6964.0,1784.0,99.13,2451.0,1010.0,99.015,2765.0,1358.0,98.905,1410.0,226.0,98.81,2209.0,46.0,98.715,3522.0,NaN,98.575,4422.0,NaN,98.495,1693.0,NaN,98.4,1103.0,NaN,98.275,1273.0,NaN,98.22,62.0,NaN,98.105,NaN,NaN,NaN,NaN,NaN,NaN,NaN,NaN,NaN,NaN,NaN,NaN,NaN,NaN,NaN,NaN,NaN,NaN,NaN,NaN,NaN,NaN,NaN,NaN,NaN,NaN,NaN,NaN,NaN,NaN,NaN,NaN,NaN,NaN,NaN,NaN,NaN,NaN,NaN,NaN,NaN,NaN,NaN,NaN,NaN,NaN,NaN,NaN,NaN,NaN,NaN,NaN,NaN,NaN,NaN,NaN,NaN,NaN,NaN
2010-05-06,NaN,NaN,NaN,NaN,NaN,NaN,NaN,NaN,NaN,NaN,NaN,NaN,99.78,71859.0,13102.0,99.77,82493.0,25609.0,99.745,68017.0,18731.0,99.73,85221.0,30625.0,99.715,49540.0,22534.0,99.695,73368.0,23242.0,99.665,80477.0,21239.0,99.635,47537.0,18893.0,99.6,23325.0,6695.0,99.52,28411.0,4431.0,99.47,9099.0,1423.0,99.415,6833.0,1046.0,99.315,7217.0,844.0,99.265,2440.0,147.0,99.15,2739.0,74.0,99.04,1434.0,32.0,98.945,2187.0,53.0,98.85,3522.0,25.0,98.71,4422.0,NaN,98.63,1693.0,NaN,98.535,1103.0,NaN,98.41,1273.0,2.0,98.355,62.0,2.0,98.24,NaN,NaN,NaN,NaN,NaN,NaN,NaN,NaN,NaN,NaN,NaN,NaN,NaN,NaN,NaN,NaN,NaN,NaN,NaN,NaN,NaN,NaN,NaN,NaN,NaN,NaN,NaN,NaN,NaN,NaN,NaN,NaN,NaN,NaN,NaN,NaN,NaN,NaN,NaN,NaN,NaN,NaN,NaN,NaN,NaN,NaN,NaN,NaN,NaN,NaN,NaN,NaN,NaN,NaN,NaN,NaN,NaN,NaN,NaN
2010-05-07,NaN,NaN,NaN,NaN,NaN,NaN,NaN,NaN,NaN,NaN,NaN,NaN,99.7725,67587.0,21594.0,99.77,75818.0,21096.0,99.745,63250.0,12307.0,99.73,83578.0,10758.0,99.715,48716.0,10655.0,99.685,75438.0,14326.0,99.645,76753.0,16623.0,99.61,48527.0,10836.0,99.565,24297.0,7437.0,99.48,28978.0,6049.0,99.43,8634.0,1816.0,99.37,6905.0,1527.0,99.27,7378.0,1309.0,99.23,2490.0,365.0,99.135,2858.0,372.0,99.035,1443.0,322.0,98.965,2102.0,245.0,98.89,3475.0,185.0,98.78,4407.0,209.0,98.72,1695.0,124.0,98.645,1100.0,27.0,98.525,1274.0,44.0,98.47,84.0,25.0,98.38,217.0,219.0,NaN,NaN,NaN,NaN,NaN,NaN,NaN,NaN,NaN,NaN,NaN,NaN,NaN,NaN,NaN,NaN,NaN,NaN,NaN,NaN,NaN,NaN,NaN,NaN,NaN,NaN,NaN,NaN,NaN,NaN,NaN,NaN,NaN,NaN,NaN,NaN,NaN,NaN,NaN,NaN,NaN,NaN,NaN,NaN,NaN,NaN,NaN,NaN,NaN,NaN,NaN,NaN,NaN,NaN,NaN,NaN,NaN
2010-05-10,NaN,NaN,NaN,NaN,NaN,NaN,NaN,NaN,NaN,NaN,NaN,NaN,99.7875,69313.0,20062.0,99.775,70413.0,20972.0,99.76,61438.0,13590.0,99.74,82552.0,9734.0,99.72,47152.0,10777.0,99.69,73594.0,13186.0,99.645,76991.0,14781.0,99.615,47898.0,11588.0,99.57,24586.0,4724.0,99.48,28866.0,2569.0,99.42,8827.0,1112.0,99.35,6817.0,1157.0,99.24,7428.0,548.0,99.195,2529.0,198.0,99.09,2882.0,95.0,98.99,1448.0,79.0,98.9,2102.0,NaN,98.815,3475.0,NaN,98.69,4407.0,NaN,98.625,1695.0,NaN,98.545,1100.0,NaN,98.425,1274.0,NaN,98.37,84.0,NaN,98.265,217.0,NaN,NaN,NaN,NaN,NaN,NaN,NaN,NaN,NaN,NaN,NaN,NaN,NaN,NaN,NaN,NaN,NaN,NaN,NaN,NaN,NaN,NaN,NaN,NaN,NaN,NaN,NaN,NaN,NaN,NaN,NaN,NaN,NaN,NaN,NaN,NaN,NaN,NaN,NaN,NaN,NaN,NaN,NaN,NaN,NaN,NaN,NaN,NaN,NaN,NaN,NaN,NaN,NaN,NaN,NaN,NaN,NaN,NaN
2010-05-11,NaN,NaN,NaN,NaN,NaN,NaN,NaN,NaN,NaN,NaN,NaN,NaN,99.7875,66327.0,6301.0,99.78,68073.0,7419.0,99.765,58293.0,11893.0,99.745,82131.0,7691.0,99.725,46245.0,5587.0,99.695,73608.0,11908.0,99.65,75887.0,8730.0,99.615,48575.0,6304.0,99.57,24501.0,4524.0,99.48,29088.0,4145.0,99.42,9355.0,1504.0,99.35,6853.0,729.0,99.24,7416.0,213.0,99.195,2554.0,35.0,99.09,2902.0,20.0,98.995,1468.0,25.0,98.92,2102.0,10.0,98.835,3483.0,8.0,98.71,4410.0,3.0,98.645,1695.0,NaN,98.565,1107.0,7.0,98.445,1274.0,7.0,98.39,84.0,NaN,98.285,695.0,478.0,NaN,NaN,NaN,NaN,NaN,NaN,NaN,NaN,NaN,NaN,NaN,NaN,NaN,NaN,NaN,NaN,NaN,NaN,NaN,NaN,NaN,NaN,NaN,NaN,NaN,NaN,NaN,NaN,NaN,NaN,NaN,NaN,NaN,NaN,NaN,NaN,NaN,NaN,NaN,NaN,NaN,NaN,NaN,NaN,NaN,NaN,NaN,NaN,NaN,NaN,NaN,NaN,NaN,NaN,NaN,NaN,NaN
2010-05-12,NaN,NaN,NaN,NaN,NaN,NaN,NaN,NaN,NaN,NaN,NaN,NaN,99.79,67069.0,3845.0,99.785,67805.0,1706.0,99.77,57640.0,4183.0,99.755,80629.0,3231.0,99.735,45780.0,1600.0,99.705,73179.0,3049.0,99.665,76453.0,3745.0,99.635,49749.0,5668.0,99.59,26208.0,5541.0,99.5,30053.0,2783.0,99.44,10534.0,1531.0,99.37,6958.0,634.0,99.26,7614.0,594.0,99.215,2742.0,231.0,99.11,2951.0,97.0,99.005,1546.0,86.0,98.915,2108.0,17.0,98.83,3484.0,1.0,98.7,4410.0,NaN,98.63,1695.0,NaN,98.54,1107.0,NaN,98.41,1274.0,NaN,98.345,84.0,NaN,98.235,695.0,NaN,NaN,NaN,NaN,NaN,NaN,NaN,NaN,NaN,NaN,NaN,NaN,NaN,NaN,NaN,NaN,NaN,NaN,NaN,NaN,NaN,NaN,NaN,NaN,NaN,NaN,NaN,NaN,NaN,NaN,NaN,NaN,NaN,NaN,NaN,NaN,NaN,NaN,NaN,NaN,NaN,NaN,NaN,NaN,NaN,NaN,NaN,NaN,NaN,NaN,NaN,NaN,NaN,NaN,NaN,NaN,NaN,NaN
2010-05-13,NaN,NaN,NaN,NaN,NaN,NaN,NaN,NaN,NaN,NaN,NaN,NaN,99.79,65401.0,6818.0,99.785,67875.0,7660.0,99.77,55797.0,6577.0,99.755,81253.0,4771.0,99.74,45848.0,3339.0,99.715,72824.0,10098.0,99.675,79646.0,12935.0,99.645,52598.0,9849.0,99.605,27294.0,6292.0,99.52,30535.0,3699.0,99.465,11280.0,964.0,99.4,6998.0,722.0,99.29,7630.0,307.0,99.255,2844.0,103.0,99.15,3011.0,58.0,99.05,1606.0,64.0,98.965,2114.0,44.0,98.88,3524.0,40.0,98.755,4412.0,6.0,98.685,1695.0,15.0,98.6,1107.0,NaN,98.475,1274.0,NaN,98.42,84.0,NaN,98.31,1297.0,602.0,NaN,NaN,NaN,NaN,NaN,NaN,NaN,NaN,NaN,NaN,NaN,NaN,NaN,NaN,NaN,NaN,NaN,NaN,NaN,NaN,NaN,NaN,NaN,NaN,NaN,NaN,NaN,NaN,NaN,NaN,NaN,NaN,NaN,NaN,NaN,NaN,NaN,NaN,NaN,NaN,NaN,NaN,NaN,NaN,NaN,NaN,NaN,NaN,NaN,NaN,NaN,NaN,NaN,NaN,NaN,NaN,NaN
2010-05-14,NaN,NaN,NaN,NaN,NaN,NaN,NaN,NaN,NaN,NaN,NaN,NaN,99.79,65857.0,1982.0,99.785,68052.0,3712.0,99.77,56677.0,4239.0,99.76,81628.0,2119.0,99.745,46584.0,2128.0,99.725,73109.0,3776.0,99.69,78208.0,9278.0,99.66,51536.0,9438.0,99.625,27274.0,3968.0,99.55,31261.0,2364.0,99.5,11591.0,1628.0,99.44,7479.0,1678.0,99.35,8224.0,984.0,99.32,2875.0,104.0,99.225,3550.0,554.0,99.13,1669.0,159.0,99.045,2268.0,824.0,98.975,3573.0,58.0,98.87,4411.0,21.0,98.8,1697.0,14.0,98.715,1107.0,NaN,98.595,1274.0,NaN,98.54,84.0,NaN,98.435,1297.0,NaN,NaN,NaN,NaN,NaN,NaN,NaN,NaN,NaN,NaN,NaN,NaN,NaN,NaN,NaN,NaN,NaN,NaN,NaN,NaN,NaN,NaN,NaN,NaN,NaN,NaN,NaN,NaN,NaN,NaN,NaN,NaN,NaN,NaN,NaN,NaN,NaN,NaN,NaN,NaN,NaN,NaN,NaN,NaN,NaN,NaN,NaN,NaN,NaN,NaN,NaN,NaN,NaN,NaN,NaN,NaN,NaN,NaN
2010-05-17,NaN,NaN,NaN,NaN,NaN,NaN,NaN,NaN,NaN,NaN,NaN,NaN,99.7925,65469.0,2052.0,99.785,67979.0,2502.0,99.77,56679.0,3557.0,99.76,80122.0,6365.0,99.745,46766.0,4454.0,99.725,74163.0,8536.0,99.69,82219.0,14799.0,99.665,53487.0,12311.0,99.635,28264.0,2965.0,99.565,32197.0,3758.0,99.515,11617.0,606.0,99.46,7546.0,878.0,99.37,8433.0,650.0,99.34,3305.0,662.0,99.245,3823.0,316.0,99.15,1694.0,266.0,99.065,2596.0,1134.0,98.995,3708.0,284.0,98.885,4408.0,37.0,98.815,1697.0,12.0,98.73,1118.0,11.0,98.61,1367.0,101.0,98.555,98.0,14.0,98.44,1297.0,NaN,NaN,NaN,NaN,NaN,NaN,NaN,NaN,NaN,NaN,NaN,NaN,NaN,NaN,NaN,NaN,NaN,NaN,NaN,NaN,NaN,NaN,NaN,NaN,NaN,NaN,NaN,NaN,NaN,NaN,NaN,NaN,NaN,NaN,NaN,NaN,NaN,NaN,NaN,NaN,NaN,NaN,NaN,NaN,NaN,NaN,NaN,NaN,NaN,NaN,NaN,NaN,NaN,NaN,NaN,NaN,NaN,NaN
2010-05-18,NaN,NaN,NaN,NaN,NaN,NaN,NaN,NaN,NaN,NaN,NaN,NaN,99.7925,65052.0,3000.0,99.785,67545.0,2903.0,99.77,55827.0,4204.0,99.76,79745.0,3597.0,99.745,47216.0,4297.0,99.725,74896.0,10302.0,99.69,85709.0,15261.0,99.665,61411.0,15919.0,99.635,30123.0,8146.0,99.565,35070.0,8827.0,99.525,11915.0,1186.0,99.47,7419.0,935.0,99.385,8710.0,1085.0,99.355,3406.0,318.0,99.265,3889.0,103.0,99.17,1976.0,459.0,99.08,4062.0,1543.0,99.02,3968.0,716.0,98.92,4386.0,280.0,98.86,2095.0,431.0,98.775,1119.0,10.0,98.655,1367.0,NaN,98.6,98.0,NaN,98.5,1365.0,68.0,NaN,NaN,NaN,NaN,NaN,NaN,NaN,NaN,NaN,NaN,NaN,NaN,NaN,NaN,NaN,NaN,NaN,NaN,NaN,NaN,NaN,NaN,NaN,NaN,NaN,NaN,NaN,NaN,NaN,NaN,NaN,NaN,NaN,NaN,NaN,NaN,NaN,NaN,NaN,NaN,NaN,NaN,NaN,NaN,NaN,NaN,NaN,NaN,NaN,NaN,NaN,NaN,NaN,NaN,NaN,NaN,NaN
2010-05-19,NaN,NaN,NaN,NaN,NaN,NaN,NaN,NaN,NaN,NaN,NaN,NaN,99.7925,62131.0,6029.0,99.78,69550.0,5702.0,99.77,56824.0,2067.0,99.755,80099.0,5688.0,99.74,47677.0,3284.0,99.72,76407.0,10245.0,99.685,86992.0,8977.0,99.66,61450.0,4138.0,99.625,30510.0,2796.0,99.56,35213.0,3208.0,99.515,11984.0,522.0,99.46,7717.0,646.0,99.37,8860.0,388.0,99.34,3442.0,119.0,99.25,3910.0,53.0,99.155,1988.0,34.0,99.075,4654.0,635.0,99.015,3957.0,11.0,98.915,4401.0,15.0,98.855,2393.0,303.0,98.77,1495.0,389.0,98.65,1369.0,31.0,98.595,100.0,2.0,98.495,1365.0,NaN,NaN,NaN,NaN,NaN,NaN,NaN,NaN,NaN,NaN,NaN,NaN,NaN,NaN,NaN,NaN,NaN,NaN,NaN,NaN,NaN,NaN,NaN,NaN,NaN,NaN,NaN,NaN,NaN,NaN,NaN,NaN,NaN,NaN,NaN,NaN,NaN,NaN,NaN,NaN,NaN,NaN,NaN,NaN,NaN,NaN,NaN,NaN,NaN,NaN,NaN,NaN,NaN,NaN,NaN,NaN,NaN,NaN
2010-05-20,NaN,NaN,NaN,NaN,NaN,NaN,NaN,NaN,NaN,NaN,NaN,NaN,99.7925,62101.0,1521.0,99.78,69552.0,3417.0,99.77,56147.0,4937.0,99.755,79681.0,6255.0,99.74,46671.0,6248.0,99.72,75126.0,6966.0,99.685,84850.0,6359.0,99.66,61581.0,4570.0,99.625,30434.0,5675.0,99.56,35406.0,4481.0,99.52,12369.0,1668.0,99.47,7487.0,1828.0,99.39,9395.0,1194.0,99.36,3620.0,349.0,99.28,4220.0,401.0,99.205,1954.0,80.0,99.125,5080.0,521.0,99.07,3929.0,34.0,98.97,4404.0,3.0,98.915,2433.0,158.0,98.835,2970.0,1939.0,98.73,1408.0,175.0,98.68,105.0,5.0,98.58,2204.0,1239.0,NaN,NaN,NaN,NaN,NaN,NaN,NaN,NaN,NaN,NaN,NaN,NaN,NaN,NaN,NaN,NaN,NaN,NaN,NaN,NaN,NaN,NaN,NaN,NaN,NaN,NaN,NaN,NaN,NaN,NaN,NaN,NaN,NaN,NaN,NaN,NaN,NaN,NaN,NaN,NaN,NaN,NaN,NaN,NaN,NaN,NaN,NaN,NaN,NaN,NaN,NaN,NaN,NaN,NaN,NaN,NaN,NaN
2010-05-21,NaN,NaN,NaN,NaN,NaN,NaN,NaN,NaN,NaN,NaN,NaN,NaN,99.7925,62287.0,1834.0,99.785,69552.0,1023.0,99.775,55632.0,1501.0,99.76,80026.0,5780.0,99.745,47642.0,7710.0,99.73,75926.0,8049.0,99.695,84379.0,10414.0,99.67,61921.0,7644.0,99.635,32600.0,7254.0,99.565,35430.0,5356.0,99.52,13110.0,1498.0,99.465,7711.0,1245.0,99.385,9645.0,903.0,99.355,3773.0,396.0,99.275,4397.0,487.0,99.2,2081.0,222.0,99.12,5085.0,58.0,99.065,3907.0,22.0,98.97,4424.0,20.0,98.915,2633.0,211.0,98.845,2992.0,44.0,98.745,1413.0,7.0,98.7,105.0,NaN,98.62,2204.0,55.0,NaN,NaN,NaN,NaN,NaN,NaN,NaN,NaN,NaN,NaN,NaN,NaN,NaN,NaN,NaN,NaN,NaN,NaN,NaN,NaN,NaN,NaN,NaN,NaN,NaN,NaN,NaN,NaN,NaN,NaN,NaN,NaN,NaN,NaN,NaN,NaN,NaN,NaN,NaN,NaN,NaN,NaN,NaN,NaN,NaN,NaN,NaN,NaN,NaN,NaN,NaN,NaN,NaN,NaN,NaN,NaN,NaN
2010-05-24,NaN,NaN,NaN,NaN,NaN,NaN,NaN,NaN,NaN,NaN,NaN,NaN,99.7925,62639.0,2112.0,99.785,69782.0,2998.0,99.775,50082.0,12179.0,99.765,79763.0,5993.0,99.75,48364.0,3495.0,99.735,73110.0,6753.0,99.71,84767.0,6002.0,99.69,62109.0,6826.0,99.665,33812.0,3954.0,99.595,35042.0,3126.0,99.545,13165.0,1189.0,99.485,8076.0,1210.0,99.395,9806.0,1001.0,99.365,3708.0,159.0,99.285,4392.0,7.0,99.21,2055.0,84.0,99.13,5080.0,221.0,99.06,3805.0,116.0,98.95,4428.0,4.0,98.895,2433.0,267.0,98.825,2992.0,255.0,98.725,1837.0,461.0,98.675,76.0,30.0,98.59,2226.0,22.0,NaN,NaN,NaN,NaN,NaN,NaN,NaN,NaN,NaN,NaN,NaN,NaN,NaN,NaN,NaN,NaN,NaN,NaN,NaN,NaN,NaN,NaN,NaN,NaN,NaN,NaN,NaN,NaN,NaN,NaN,NaN,NaN,NaN,NaN,NaN,NaN,NaN,NaN,NaN,NaN,NaN,NaN,NaN,NaN,NaN,NaN,NaN,NaN,NaN,NaN,NaN,NaN,NaN,NaN,NaN,NaN,NaN
2010-05-25,NaN,NaN,NaN,NaN,NaN,NaN,NaN,NaN,NaN,NaN,NaN,NaN,99.7925,63402.0,2440.0,99.785,68429.0,7479.0,99.78,49268.0,7780.0,99.77,78978.0,7994.0,99.755,48872.0,4897.0,99.74,70448.0,9936.0,99.715,83036.0,8440.0,99.695,63654.0,9167.0,99.67,36719.0,8995.0,99.6,36145.0,6649.0,99.545,13605.0,2901.0,99.485,9660.0,4259.0,99.385,9672.0,906.0,99.345,3937.0,507.0,99.255,4420.0,97.0,99.17,2274.0,911.0,99.09,5081.0,246.0,99.025,3741.0,67.0,98.92,4445.0,17.0,98.855,2588.0,233.0,98.795,3502.0,914.0,98.695,2069.0,251.0,98.645,95.0,39.0,98.565,2226.0,77.0,NaN,NaN,NaN,NaN,NaN,NaN,NaN,NaN,NaN,NaN,NaN,NaN,NaN,NaN,NaN,NaN,NaN,NaN,NaN,NaN,NaN,NaN,NaN,NaN,NaN,NaN,NaN,NaN,NaN,NaN,NaN,NaN,NaN,NaN,NaN,NaN,NaN,NaN,NaN,NaN,NaN,NaN,NaN,NaN,NaN,NaN,NaN,NaN,NaN,NaN,NaN,NaN,NaN,NaN,NaN,NaN,NaN
2010-05-26,NaN,NaN,NaN,NaN,NaN,NaN,NaN,NaN,NaN,NaN,NaN,NaN,99.7925,60887.0,6916.0,99.785,68886.0,3790.0,99.77,50697.0,4650.0,99.76,78767.0,3050.0,99.75,48880.0,3327.0,99.74,70739.0,7822.0,99.715,81806.0,9344.0,99.685,62989.0,9935.0,99.65,37968.0,13594.0,99.57,38415.0,11876.0,99.51,13222.0,3657.0,99.44,10349.0,1911.0,99.32,9632.0,730.0,99.28,4115.0,236.0,99.19,4731.0,467.0,99.095,2405.0,435.0,99.01,5111.0,762.0,98.935,3605.0,561.0,98.83,4788.0,386.0,98.765,2621.0,50.0,98.705,3502.0,3.0,98.6,2069.0,1.0,98.55,95.0,NaN,98.47,2226.0,NaN,NaN,NaN,NaN,NaN,NaN,NaN,NaN,NaN,NaN,NaN,NaN,NaN,NaN,NaN,NaN,NaN,NaN,NaN,NaN,NaN,NaN,NaN,NaN,NaN,NaN,NaN,NaN,NaN,NaN,NaN,NaN,NaN,NaN,NaN,NaN,NaN,NaN,NaN,NaN,NaN,NaN,NaN,NaN,NaN,NaN,NaN,NaN,NaN,NaN,NaN,NaN,NaN,NaN,NaN,NaN,NaN,NaN
2010-05-27,NaN,NaN,NaN,NaN,NaN,NaN,NaN,NaN,NaN,NaN,NaN,NaN,99.795,59914.0,2188.0,99.785,67668.0,5119.0,99.77,48474.0,6004.0,99.76,75906.0,7150.0,99.75,48272.0,5300.0,99.735,70582.0,5905.0,99.705,80576.0,6392.0,99.67,63259.0,3571.0,99.63,37682.0,3015.0,99.545,38952.0,3479.0,99.48,13467.0,1235.0,99.41,10657.0,707.0,99.29,9797.0,420.0,99.25,4549.0,570.0,99.16,4857.0,624.0,99.065,2494.0,339.0,98.98,5139.0,337.0,98.905,3914.0,343.0,98.8,4972.0,225.0,98.735,2731.0,137.0,98.665,3502.0,10.0,98.555,2075.0,19.0,98.505,105.0,13.0,98.42,2226.0,5.0,NaN,NaN,NaN,NaN,NaN,NaN,NaN,NaN,NaN,NaN,NaN,NaN,NaN,NaN,NaN,NaN,NaN,NaN,NaN,NaN,NaN,NaN,NaN,NaN,NaN,NaN,NaN,NaN,NaN,NaN,NaN,NaN,NaN,NaN,NaN,NaN,NaN,NaN,NaN,NaN,NaN,NaN,NaN,NaN,NaN,NaN,NaN,NaN,NaN,NaN,NaN,NaN,NaN,NaN,NaN,NaN,NaN
2010-05-28,NaN,NaN,NaN,NaN,NaN,NaN,NaN,NaN,NaN,NaN,NaN,NaN,99.795,NaN,2091.0,99.78,67426.0,6286.0,99.77,49330.0,2644.0,99.76,76031.0,3029.0,99.75,48513.0,2133.0,99.735,70679.0,1820.0,99.705,80528.0,1730.0,99.675,63147.0,1818.0,99.64,37790.0,1836.0,99.565,38809.0,1803.0,99.505,14220.0,1312.0,99.44,10819.0,599.0,99.34,9905.0,220.0,99.31,4705.0,261.0,99.235,5131.0,415.0,99.155,2658.0,317.0,99.085,5131.0,234.0,99.01,3985.0,289.0,98.91,5208.0,442.0,98.855,2630.0,144.0,98.785,3502.0,7.0,98.675,2075.0,NaN,98.615,105.0,NaN,98.51,2226.0,NaN,NaN,NaN,NaN,NaN,NaN,NaN,NaN,NaN,NaN,NaN,NaN,NaN,NaN,NaN,NaN,NaN,NaN,NaN,NaN,NaN,NaN,NaN,NaN,NaN,NaN,NaN,NaN,NaN,NaN,NaN,NaN,NaN,NaN,NaN,NaN,NaN,NaN,NaN,NaN,NaN,NaN,NaN,NaN,NaN,NaN,NaN,NaN,NaN,NaN,NaN,NaN,NaN,NaN,NaN,NaN,NaN,NaN
2010-06-01,NaN,NaN,NaN,NaN,NaN,NaN,NaN,NaN,NaN,NaN,NaN,NaN,NaN,NaN,NaN,99.78,67993.0,7009.0,99.77,50517.0,3256.0,99.765,76430.0,6443.0,99.755,48865.0,5349.0,99.74,70195.0,3104.0,99.71,80550.0,3091.0,99.68,64306.0,3022.0,99.645,37867.0,2981.0,99.57,38538.0,2356.0,99.51,14890.0,1693.0,99.44,10916.0,540.0,99.33,10000.0,633.0,99.3,4763.0,218.0,99.225,5051.0,82.0,99.145,2705.0,192.0,99.075,5148.0,34.0,99.0,4078.0,100.0,98.9,5294.0,98.0,98.845,2630.0,5.0,98.775,3502.0,NaN,98.665,2075.0,NaN,98.605,105.0,NaN,98.5,2226.0,NaN,98.405,NaN,NaN,NaN,NaN,NaN,NaN,NaN,NaN,NaN,NaN,NaN,NaN,NaN,NaN,NaN,NaN,NaN,NaN,NaN,NaN,NaN,NaN,NaN,NaN,NaN,NaN,NaN,NaN,NaN,NaN,NaN,NaN,NaN,NaN,NaN,NaN,NaN,NaN,NaN,NaN,NaN,NaN,NaN,NaN,NaN,NaN,NaN,NaN,NaN,NaN,NaN,NaN,NaN,NaN,NaN,NaN
2010-06-02,NaN,NaN,NaN,NaN,NaN,NaN,NaN,NaN,NaN,NaN,NaN,NaN,NaN,NaN,NaN,99.785,68342.0,9467.0,99.77,51265.0,4985.0,99.765,76251.0,2398.0,99.75,48884.0,5167.0,99.735,70865.0,2611.0,99.705,81322.0,3832.0,99.675,65498.0,4493.0,99.645,39918.0,7392.0,99.57,41705.0,7529.0,99.505,15515.0,2996.0,99.43,10948.0,1158.0,99.32,9990.0,664.0,99.29,4779.0,17.0,99.205,5047.0,44.0,99.12,2705.0,3.0,99.05,5148.0,NaN,98.975,4078.0,NaN,98.875,5294.0,NaN,98.82,2630.0,NaN,98.745,3502.0,NaN,98.625,2079.0,4.0,98.565,108.0,7.0,98.46,2229.0,3.0,98.355,NaN,NaN,NaN,NaN,NaN,NaN,NaN,NaN,NaN,NaN,NaN,NaN,NaN,NaN,NaN,NaN,NaN,NaN,NaN,NaN,NaN,NaN,NaN,NaN,NaN,NaN,NaN,NaN,NaN,NaN,NaN,NaN,NaN,NaN,NaN,NaN,NaN,NaN,NaN,NaN,NaN,NaN,NaN,NaN,NaN,NaN,NaN,NaN,NaN,NaN,NaN,NaN,NaN,NaN,NaN,NaN
2010-06-03,NaN,NaN,NaN,NaN,NaN,NaN,NaN,NaN,NaN,NaN,NaN,NaN,NaN,NaN,NaN,99.785,69135.0,5040.0,99.77,48834.0,8216.0,99.76,75593.0,8459.0,99.75,50098.0,10265.0,99.73,73082.0,8369.0,99.695,82864.0,9304.0,99.665,67297.0,6006.0,99.635,41413.0,4182.0,99.56,42419.0,2380.0,99.495,15784.0,1379.0,99.42,11120.0,850.0,99.305,10095.0,738.0,99.27,4805.0,272.0,99.18,5047.0,45.0,99.09,2706.0,2.0,99.015,5148.0,24.0,98.935,4094.0,16.0,98.825,5294.0,NaN,98.76,2530.0,101.0,98.685,3530.0,65.0,98.57,2098.0,43.0,98.5,122.0,30.0,98.4,2408.0,271.0,98.3,1269.0,1274.0,NaN,NaN,NaN,NaN,NaN,NaN,NaN,NaN,NaN,NaN,NaN,NaN,NaN,NaN,NaN,NaN,NaN,NaN,NaN,NaN,NaN,NaN,NaN,NaN,NaN,NaN,NaN,NaN,NaN,NaN,NaN,NaN,NaN,NaN,NaN,NaN,NaN,NaN,NaN,NaN,NaN,NaN,NaN,NaN,NaN,NaN,NaN,NaN,NaN,NaN,NaN,NaN,NaN,NaN
2010-06-04,NaN,NaN,NaN,NaN,NaN,NaN,NaN,NaN,NaN,NaN,NaN,NaN,NaN,NaN,NaN,99.7925,68128.0,4133.0,99.775,50737.0,5135.0,99.765,75888.0,4370.0,99.755,48456.0,5833.0,99.74,71363.0,7412.0,99.715,82562.0,8870.0,99.69,68174.0,9691.0,99.66,41526.0,5779.0,99.6,42221.0,5636.0,99.55,15991.0,1987.0,99.495,11218.0,796.0,99.395,10128.0,989.0,99.36,4881.0,348.0,99.29,5128.0,105.0,99.21,2722.0,20.0,99.145,5148.0,NaN,99.075,4145.0,51.0,98.97,5383.0,91.0,98.91,2529.0,4.0,98.845,3532.0,5.0,98.73,2100.0,4.0,98.66,122.0,6.0,98.57,2416.0,32.0,98.47,1360.0,91.0,NaN,NaN,NaN,NaN,NaN,NaN,NaN,NaN,NaN,NaN,NaN,NaN,NaN,NaN,NaN,NaN,NaN,NaN,NaN,NaN,NaN,NaN,NaN,NaN,NaN,NaN,NaN,NaN,NaN,NaN,NaN,NaN,NaN,NaN,NaN,NaN,NaN,NaN,NaN,NaN,NaN,NaN,NaN,NaN,NaN,NaN,NaN,NaN,NaN,NaN,NaN,NaN,NaN,NaN
2010-06-07,NaN,NaN,NaN,NaN,NaN,NaN,NaN,NaN,NaN,NaN,NaN,NaN,NaN,NaN,NaN,99.7925,67064.0,3356.0,99.78,51422.0,5617.0,99.77,76094.0,5109.0,99.76,48720.0,4177.0,99.745,72346.0,3375.0,99.72,82517.0,2592.0,99.695,68749.0,2039.0,99.665,41972.0,2190.0,99.605,42987.0,1309.0,99.555,16248.0,980.0,99.495,11436.0,695.0,99.395,10314.0,532.0,99.36,4895.0,30.0,99.29,5153.0,49.0,99.21,2701.0,96.0,99.145,5267.0,228.0,99.075,4212.0,129.0,98.97,5403.0,20.0,98.915,2588.0,59.0,98.85,3532.0,5.0,98.735,2100.0,4.0,98.665,122.0,6.0,98.585,2421.0,8.0,98.485,1539.0,179.0,NaN,NaN,NaN,NaN,NaN,NaN,NaN,NaN,NaN,NaN,NaN,NaN,NaN,NaN,NaN,NaN,NaN,NaN,NaN,NaN,NaN,NaN,NaN,NaN,NaN,NaN,NaN,NaN,NaN,NaN,NaN,NaN,NaN,NaN,NaN,NaN,NaN,NaN,NaN,NaN,NaN,NaN,NaN,NaN,NaN,NaN,NaN,NaN,NaN,NaN,NaN,NaN,NaN,NaN
2010-06-08,NaN,NaN,NaN,NaN,NaN,NaN,NaN,NaN,NaN,NaN,NaN,NaN,NaN,NaN,NaN,99.7975,66647.0,5726.0,99.785,52266.0,4396.0,99.775,75747.0,2377.0,99.765,48737.0,3279.0,99.745,70629.0,994.0,99.72,82097.0,1955.0,99.695,68908.0,2003.0,99.67,42506.0,4022.0,99.605,43282.0,1709.0,99.555,16664.0,1055.0,99.49,11908.0,939.0,99.39,10494.0,922.0,99.355,5099.0,353.0,99.285,5371.0,460.0,99.205,2944.0,377.0,99.14,5308.0,238.0,99.07,4431.0,279.0,98.965,5682.0,318.0,98.91,2587.0,14.0,98.845,3535.0,3.0,98.73,2100.0,1.0,98.66,122.0,NaN,98.58,2420.0,1.0,98.48,1539.0,179.0,NaN,NaN,NaN,NaN,NaN,NaN,NaN,NaN,NaN,NaN,NaN,NaN,NaN,NaN,NaN,NaN,NaN,NaN,NaN,NaN,NaN,NaN,NaN,NaN,NaN,NaN,NaN,NaN,NaN,NaN,NaN,NaN,NaN,NaN,NaN,NaN,NaN,NaN,NaN,NaN,NaN,NaN,NaN,NaN,NaN,NaN,NaN,NaN,NaN,NaN,NaN,NaN,NaN,NaN
2010-06-09,NaN,NaN,NaN,NaN,NaN,NaN,NaN,NaN,NaN,NaN,NaN,NaN,NaN,NaN,NaN,99.8025,65892.0,4518.0,99.785,53111.0,3835.0,99.775,76607.0,4099.0,99.765,49413.0,6002.0,99.745,69735.0,8353.0,99.72,82746.0,9329.0,99.7,68108.0,7948.0,99.675,46110.0,10135.0,99.615,43406.0,6158.0,99.565,16513.0,1408.0,99.51,11982.0,851.0,99.42,10761.0,711.0,99.385,5142.0,150.0,99.315,5399.0,66.0,99.235,2941.0,28.0,99.165,5301.0,41.0,99.095,4810.0,408.0,98.99,5657.0,361.0,98.935,2087.0,504.0,98.865,3538.0,7.0,98.75,2103.0,6.0,98.675,123.0,3.0,98.595,2421.0,37.0,98.49,1540.0,36.0,NaN,NaN,NaN,NaN,NaN,NaN,NaN,NaN,NaN,NaN,NaN,NaN,NaN,NaN,NaN,NaN,NaN,NaN,NaN,NaN,NaN,NaN,NaN,NaN,NaN,NaN,NaN,NaN,NaN,NaN,NaN,NaN,NaN,NaN,NaN,NaN,NaN,NaN,NaN,NaN,NaN,NaN,NaN,NaN,NaN,NaN,NaN,NaN,NaN,NaN,NaN,NaN,NaN,NaN
2010-06-10,NaN,NaN,NaN,NaN,NaN,NaN,NaN,NaN,NaN,NaN,NaN,NaN,NaN,NaN,NaN,99.81,69325.0,11872.0,99.79,52826.0,4129.0,99.78,78214.0,3748.0,99.765,48960.0,8207.0,99.75,67262.0,8463.0,99.725,83961.0,6093.0,99.705,67967.0,3078.0,99.685,46374.0,4097.0,99.625,43468.0,2820.0,99.575,17265.0,1359.0,99.515,12111.0,523.0,99.415,10944.0,376.0,99.38,5154.0,59.0,99.305,5424.0,49.0,99.225,2949.0,19.0,99.155,5301.0,1.0,99.07,4811.0,1.0,98.96,5658.0,1.0,98.905,2138.0,51.0,98.825,3535.0,4.0,98.705,2099.0,20.0,98.62,117.0,18.0,98.54,2422.0,1.0,98.42,1541.0,1.0,NaN,NaN,NaN,NaN,NaN,NaN,NaN,NaN,NaN,NaN,NaN,NaN,NaN,NaN,NaN,NaN,NaN,NaN,NaN,NaN,NaN,NaN,NaN,NaN,NaN,NaN,NaN,NaN,NaN,NaN,NaN,NaN,NaN,NaN,NaN,NaN,NaN,NaN,NaN,NaN,NaN,NaN,NaN,NaN,NaN,NaN,NaN,NaN,NaN,NaN,NaN,NaN,NaN,NaN
2010-06-11,NaN,NaN,NaN,NaN,NaN,NaN,NaN,NaN,NaN,NaN,NaN,NaN,NaN,NaN,NaN,99.81,68787.0,3579.0,99.79,52959.0,2609.0,99.78,77872.0,3803.0,99.77,48183.0,4253.0,99.755,67508.0,4931.0,99.73,83412.0,6085.0,99.71,68386.0,3497.0,99.69,46917.0,2083.0,99.63,43966.0,2828.0,99.585,17055.0,960.0,99.53,12240.0,607.0,99.44,11072.0,468.0,99.405,5277.0,286.0,99.335,5613.0,307.0,99.26,3126.0,291.0,99.2,5324.0,54.0,99.13,4811.0,59.0,99.03,5755.0,114.0,98.975,2137.0,9.0,98.895,3535.0,1.0,98.78,2098.0,1.0,98.7,118.0,1.0,98.62,2421.0,1.0,98.505,1541.0,1.0,NaN,NaN,NaN,NaN,NaN,NaN,NaN,NaN,NaN,NaN,NaN,NaN,NaN,NaN,NaN,NaN,NaN,NaN,NaN,NaN,NaN,NaN,NaN,NaN,NaN,NaN,NaN,NaN,NaN,NaN,NaN,NaN,NaN,NaN,NaN,NaN,NaN,NaN,NaN,NaN,NaN,NaN,NaN,NaN,NaN,NaN,NaN,NaN,NaN,NaN,NaN,NaN,NaN,NaN
2010-06-14,NaN,NaN,NaN,NaN,NaN,NaN,NaN,NaN,NaN,NaN,NaN,NaN,NaN,NaN,NaN,99.81,69959.0,3641.0,99.79,53667.0,1978.0,99.78,78070.0,2257.0,99.77,48149.0,2902.0,99.755,68308.0,2900.0,99.73,82388.0,2788.0,99.71,68271.0,1471.0,99.69,47467.0,2034.0,99.63,44159.0,1518.0,99.585,17101.0,738.0,99.53,12268.0,501.0,99.44,11106.0,237.0,99.405,5375.0,110.0,99.335,5664.0,78.0,99.255,3163.0,213.0,99.19,5327.0,43.0,99.12,4833.0,42.0,99.02,5779.0,40.0,98.965,2137.0,16.0,98.885,3535.0,NaN,98.77,2098.0,NaN,98.695,118.0,NaN,98.615,2434.0,13.0,98.51,1817.0,276.0,NaN,NaN,NaN,NaN,NaN,NaN,NaN,NaN,NaN,NaN,NaN,NaN,NaN,NaN,NaN,NaN,NaN,NaN,NaN,NaN,NaN,NaN,NaN,NaN,NaN,NaN,NaN,NaN,NaN,NaN,NaN,NaN,NaN,NaN,NaN,NaN,NaN,NaN,NaN,NaN,NaN,NaN,NaN,NaN,NaN,NaN,NaN,NaN,NaN,NaN,NaN,NaN,NaN,NaN
2010-06-15,NaN,NaN,NaN,NaN,NaN,NaN,NaN,NaN,NaN,NaN,NaN,NaN,NaN,NaN,NaN,99.81,70021.0,3806.0,99.79,53760.0,4487.0,99.78,78274.0,6627.0,99.77,48294.0,6768.0,99.755,68089.0,3398.0,99.73,85327.0,4035.0,99.71,68249.0,5153.0,99.69,48091.0,4051.0,99.63,44624.0,2220.0,99.585,17581.0,1133.0,99.53,12476.0,491.0,99.44,11534.0,804.0,99.405,5440.0,177.0,99.335,5667.0,647.0,99.26,3429.0,420.0,99.195,5349.0,47.0,99.135,4881.0,105.0,99.035,5778.0,41.0,98.975,2136.0,10.0,98.9,3535.0,1.0,98.785,2097.0,1.0,98.71,119.0,1.0,98.63,2433.0,1.0,98.525,2140.0,324.0,NaN,NaN,NaN,NaN,NaN,NaN,NaN,NaN,NaN,NaN,NaN,NaN,NaN,NaN,NaN,NaN,NaN,NaN,NaN,NaN,NaN,NaN,NaN,NaN,NaN,NaN,NaN,NaN,NaN,NaN,NaN,NaN,NaN,NaN,NaN,NaN,NaN,NaN,NaN,NaN,NaN,NaN,NaN,NaN,NaN,NaN,NaN,NaN,NaN,NaN,NaN,NaN,NaN,NaN
2010-06-16,NaN,NaN,NaN,NaN,NaN,NaN,NaN,NaN,NaN,NaN,NaN,NaN,NaN,NaN,NaN,99.81,70280.0,1339.0,99.79,54953.0,2999.0,99.78,79642.0,2937.0,99.77,48377.0,2344.0,99.755,67261.0,2665.0,99.73,85300.0,2941.0,99.71,72641.0,7910.0,99.69,49564.0,5285.0,99.645,44610.0,3322.0,99.605,17510.0,2379.0,99.555,13279.0,1731.0,99.465,11834.0,1261.0,99.435,5525.0,183.0,99.37,5646.0,161.0,99.3,3426.0,155.0,99.245,5343.0,188.0,99.19,4968.0,93.0,99.09,5850.0,87.0,99.03,2195.0,67.0,98.955,3562.0,31.0,98.84,2097.0,29.0,98.755,120.0,2.0,98.675,2432.0,14.0,98.56,2175.0,49.0,NaN,NaN,NaN,NaN,NaN,NaN,NaN,NaN,NaN,NaN,NaN,NaN,NaN,NaN,NaN,NaN,NaN,NaN,NaN,NaN,NaN,NaN,NaN,NaN,NaN,NaN,NaN,NaN,NaN,NaN,NaN,NaN,NaN,NaN,NaN,NaN,NaN,NaN,NaN,NaN,NaN,NaN,NaN,NaN,NaN,NaN,NaN,NaN,NaN,NaN,NaN,NaN,NaN,NaN
2010-06-17,NaN,NaN,NaN,NaN,NaN,NaN,NaN,NaN,NaN,NaN,NaN,NaN,NaN,NaN,NaN,99.81,69708.0,4086.0,99.79,57772.0,8676.0,99.78,81113.0,9383.0,99.77,49323.0,4706.0,99.755,63896.0,8844.0,99.735,82977.0,3811.0,99.72,71273.0,8112.0,99.705,50914.0,8595.0,99.66,44603.0,3334.0,99.62,17853.0,1258.0,99.57,13695.0,1508.0,99.495,12360.0,1242.0,99.47,5571.0,350.0,99.41,5807.0,621.0,99.345,3650.0,773.0,99.295,5302.0,351.0,99.24,5760.0,845.0,99.145,5872.0,504.0,99.09,2198.0,10.0,99.015,3825.0,272.0,98.91,2123.0,39.0,98.83,121.0,7.0,98.75,2434.0,160.0,98.635,2534.0,377.0,NaN,NaN,NaN,NaN,NaN,NaN,NaN,NaN,NaN,NaN,NaN,NaN,NaN,NaN,NaN,NaN,NaN,NaN,NaN,NaN,NaN,NaN,NaN,NaN,NaN,NaN,NaN,NaN,NaN,NaN,NaN,NaN,NaN,NaN,NaN,NaN,NaN,NaN,NaN,NaN,NaN,NaN,NaN,NaN,NaN,NaN,NaN,NaN,NaN,NaN,NaN,NaN,NaN,NaN
2010-06-18,NaN,NaN,NaN,NaN,NaN,NaN,NaN,NaN,NaN,NaN,NaN,NaN,NaN,NaN,NaN,99.81,69532.0,3130.0,99.79,57339.0,2778.0,99.78,81228.0,4727.0,99.77,48614.0,2506.0,99.755,63754.0,2203.0,99.74,83873.0,2046.0,99.725,71554.0,2327.0,99.705,52590.0,4264.0,99.66,45753.0,3152.0,99.62,17540.0,1870.0,99.57,13931.0,1715.0,99.495,13357.0,1833.0,99.47,5906.0,438.0,99.41,5940.0,708.0,99.345,3701.0,75.0,99.295,5302.0,1.0,99.24,5762.0,2.0,99.145,5871.0,1.0,99.09,2186.0,13.0,99.03,3825.0,1.0,98.925,2122.0,1.0,98.845,122.0,1.0,98.765,2433.0,7.0,98.65,2533.0,7.0,NaN,NaN,NaN,NaN,NaN,NaN,NaN,NaN,NaN,NaN,NaN,NaN,NaN,NaN,NaN,NaN,NaN,NaN,NaN,NaN,NaN,NaN,NaN,NaN,NaN,NaN,NaN,NaN,NaN,NaN,NaN,NaN,NaN,NaN,NaN,NaN,NaN,NaN,NaN,NaN,NaN,NaN,NaN,NaN,NaN,NaN,NaN,NaN,NaN,NaN,NaN,NaN,NaN,NaN
2010-06-21,NaN,NaN,NaN,NaN,NaN,NaN,NaN,NaN,NaN,NaN,NaN,NaN,NaN,NaN,NaN,99.8125,68877.0,1314.0,99.795,56925.0,3290.0,99.78,81069.0,1024.0,99.77,48573.0,887.0,99.755,63189.0,1905.0,99.74,83662.0,2869.0,99.725,70752.0,2342.0,99.71,52498.0,3051.0,99.665,45605.0,1809.0,99.625,17255.0,473.0,99.575,13666.0,632.0,99.5,13560.0,824.0,99.475,6057.0,166.0,99.415,6016.0,382.0,99.35,3719.0,28.0,99.295,5302.0,1.0,99.24,5765.0,4.0,99.145,5873.0,6.0,99.09,2187.0,6.0,99.03,3825.0,5.0,98.925,2121.0,1.0,98.845,120.0,2.0,98.765,2433.0,7.0,98.65,2533.0,7.0,NaN,NaN,NaN,NaN,NaN,NaN,NaN,NaN,NaN,NaN,NaN,NaN,NaN,NaN,NaN,NaN,NaN,NaN,NaN,NaN,NaN,NaN,NaN,NaN,NaN,NaN,NaN,NaN,NaN,NaN,NaN,NaN,NaN,NaN,NaN,NaN,NaN,NaN,NaN,NaN,NaN,NaN,NaN,NaN,NaN,NaN,NaN,NaN,NaN,NaN,NaN,NaN,NaN,NaN
2010-06-22,NaN,NaN,NaN,NaN,NaN,NaN,NaN,NaN,NaN,NaN,NaN,NaN,NaN,NaN,NaN,99.815,69508.0,1500.0,99.795,57486.0,3883.0,99.78,81428.0,2117.0,99.77,48210.0,1627.0,99.755,63092.0,4514.0,99.74,84194.0,4474.0,99.73,71141.0,4024.0,99.71,52188.0,5725.0,99.67,45943.0,2779.0,99.63,17418.0,976.0,99.585,13845.0,836.0,99.51,13434.0,834.0,99.485,6077.0,609.0,99.425,6167.0,388.0,99.365,3782.0,215.0,99.31,5372.0,112.0,99.26,6024.0,306.0,99.18,5997.0,297.0,99.135,2296.0,146.0,99.075,3820.0,7.0,98.975,2121.0,NaN,98.9,120.0,NaN,98.835,2433.0,NaN,98.725,2533.0,NaN,NaN,NaN,NaN,NaN,NaN,NaN,NaN,NaN,NaN,NaN,NaN,NaN,NaN,NaN,NaN,NaN,NaN,NaN,NaN,NaN,NaN,NaN,NaN,NaN,NaN,NaN,NaN,NaN,NaN,NaN,NaN,NaN,NaN,NaN,NaN,NaN,NaN,NaN,NaN,NaN,NaN,NaN,NaN,NaN,NaN,NaN,NaN,NaN,NaN,NaN,NaN,NaN,NaN,NaN
2010-06-23,NaN,NaN,NaN,NaN,NaN,NaN,NaN,NaN,NaN,NaN,NaN,NaN,NaN,NaN,NaN,99.815,69182.0,1201.0,99.795,55189.0,4875.0,99.785,81391.0,2736.0,99.78,49113.0,2961.0,99.77,61966.0,3935.0,99.76,82505.0,5665.0,99.745,70440.0,6844.0,99.725,50939.0,5690.0,99.685,45700.0,3320.0,99.65,17680.0,1578.0,99.61,13947.0,916.0,99.545,13401.0,955.0,99.52,6089.0,37.0,99.47,6211.0,99.0,99.42,3782.0,54.0,99.365,5345.0,27.0,99.315,6024.0,5.0,99.24,5997.0,NaN,99.205,2296.0,NaN,99.145,3820.0,NaN,99.045,2121.0,NaN,98.97,120.0,NaN,98.905,2460.0,27.0,98.81,2688.0,155.0,NaN,NaN,NaN,NaN,NaN,NaN,NaN,NaN,NaN,NaN,NaN,NaN,NaN,NaN,NaN,NaN,NaN,NaN,NaN,NaN,NaN,NaN,NaN,NaN,NaN,NaN,NaN,NaN,NaN,NaN,NaN,NaN,NaN,NaN,NaN,NaN,NaN,NaN,NaN,NaN,NaN,NaN,NaN,NaN,NaN,NaN,NaN,NaN,NaN,NaN,NaN,NaN,NaN,NaN
2010-06-24,NaN,NaN,NaN,NaN,NaN,NaN,NaN,NaN,NaN,NaN,NaN,NaN,NaN,NaN,NaN,99.8175,70012.0,2916.0,99.8,54556.0,4464.0,99.79,80863.0,2244.0,99.78,49011.0,4254.0,99.77,60874.0,2757.0,99.76,82014.0,5092.0,99.745,69437.0,2309.0,99.725,50967.0,3444.0,99.685,45579.0,3424.0,99.65,17848.0,2525.0,99.61,13685.0,1063.0,99.545,13479.0,1116.0,99.52,6115.0,243.0,99.47,6327.0,417.0,99.42,3869.0,277.0,99.365,5374.0,59.0,99.315,5992.0,32.0,99.24,5997.0,25.0,99.2,2296.0,39.0,99.14,3820.0,17.0,99.04,2121.0,NaN,98.965,120.0,NaN,98.89,2460.0,NaN,98.78,2688.0,NaN,NaN,NaN,NaN,NaN,NaN,NaN,NaN,NaN,NaN,NaN,NaN,NaN,NaN,NaN,NaN,NaN,NaN,NaN,NaN,NaN,NaN,NaN,NaN,NaN,NaN,NaN,NaN,NaN,NaN,NaN,NaN,NaN,NaN,NaN,NaN,NaN,NaN,NaN,NaN,NaN,NaN,NaN,NaN,NaN,NaN,NaN,NaN,NaN,NaN,NaN,NaN,NaN,NaN,NaN
2010-06-25,NaN,NaN,NaN,NaN,NaN,NaN,NaN,NaN,NaN,NaN,NaN,NaN,NaN,NaN,NaN,99.82,69967.0,3123.0,99.805,54979.0,3366.0,99.795,81087.0,2084.0,99.79,49074.0,2183.0,99.78,60753.0,1820.0,99.765,82170.0,2037.0,99.755,69116.0,2461.0,99.735,51458.0,3079.0,99.695,45309.0,1104.0,99.66,17925.0,1632.0,99.62,13779.0,442.0,99.55,13549.0,175.0,99.53,6131.0,92.0,99.48,6383.0,62.0,99.43,3858.0,41.0,99.375,5354.0,45.0,99.325,5992.0,NaN,99.24,5997.0,NaN,99.19,2299.0,32.0,99.13,3833.0,14.0,99.02,2121.0,7.0,98.945,120.0,NaN,98.87,2460.0,NaN,98.76,2688.0,NaN,NaN,NaN,NaN,NaN,NaN,NaN,NaN,NaN,NaN,NaN,NaN,NaN,NaN,NaN,NaN,NaN,NaN,NaN,NaN,NaN,NaN,NaN,NaN,NaN,NaN,NaN,NaN,NaN,NaN,NaN,NaN,NaN,NaN,NaN,NaN,NaN,NaN,NaN,NaN,NaN,NaN,NaN,NaN,NaN,NaN,NaN,NaN,NaN,NaN,NaN,NaN,NaN,NaN,NaN
2010-06-28,NaN,NaN,NaN,NaN,NaN,NaN,NaN,NaN,NaN,NaN,NaN,NaN,NaN,NaN,NaN,99.82,70057.0,1050.0,99.805,57244.0,4633.0,99.8,81912.0,4255.0,99.795,48988.0,3490.0,99.785,60561.0,2528.0,99.775,82239.0,3349.0,99.765,67444.0,4858.0,99.745,51632.0,2559.0,99.705,45055.0,2408.0,99.67,17710.0,1320.0,99.63,13942.0,1001.0,99.56,13728.0,608.0,99.54,6075.0,773.0,99.49,6391.0,56.0,99.445,3842.0,393.0,99.4,5698.0,617.0,99.355,5836.0,397.0,99.275,5997.0,NaN,99.235,2373.0,111.0,99.18,3833.0,NaN,99.075,2121.0,NaN,99.01,120.0,NaN,98.94,2460.0,NaN,98.84,2838.0,150.0,NaN,NaN,NaN,NaN,NaN,NaN,NaN,NaN,NaN,NaN,NaN,NaN,NaN,NaN,NaN,NaN,NaN,NaN,NaN,NaN,NaN,NaN,NaN,NaN,NaN,NaN,NaN,NaN,NaN,NaN,NaN,NaN,NaN,NaN,NaN,NaN,NaN,NaN,NaN,NaN,NaN,NaN,NaN,NaN,NaN,NaN,NaN,NaN,NaN,NaN,NaN,NaN,NaN,NaN
2010-06-29,NaN,NaN,NaN,NaN,NaN,NaN,NaN,NaN,NaN,NaN,NaN,NaN,NaN,NaN,NaN,99.82,69623.0,1052.0,99.805,53895.0,11181.0,99.795,79576.0,12177.0,99.79,48992.0,7367.0,99.78,60278.0,2296.0,99.77,82775.0,3405.0,99.76,68023.0,3565.0,99.74,51230.0,4437.0,99.7,44900.0,4703.0,99.66,17970.0,3311.0,99.62,14673.0,2524.0,99.555,14187.0,2139.0,99.53,6117.0,458.0,99.485,6524.0,521.0,99.445,3872.0,431.0,99.41,5817.0,610.0,99.37,5988.0,390.0,99.3,6105.0,187.0,99.26,2454.0,198.0,99.205,3831.0,18.0,99.105,2124.0,12.0,99.045,120.0,5.0,98.98,2460.0,2.0,98.885,2839.0,1.0,NaN,NaN,NaN,NaN,NaN,NaN,NaN,NaN,NaN,NaN,NaN,NaN,NaN,NaN,NaN,NaN,NaN,NaN,NaN,NaN,NaN,NaN,NaN,NaN,NaN,NaN,NaN,NaN,NaN,NaN,NaN,NaN,NaN,NaN,NaN,NaN,NaN,NaN,NaN,NaN,NaN,NaN,NaN,NaN,NaN,NaN,NaN,NaN,NaN,NaN,NaN,NaN,NaN,NaN
2010-06-30,NaN,NaN,NaN,NaN,NaN,NaN,NaN,NaN,NaN,NaN,NaN,NaN,NaN,NaN,NaN,99.8225,70345.0,2438.0,99.805,53432.0,5841.0,99.795,79512.0,2093.0,99.79,48835.0,2151.0,99.78,59727.0,2856.0,99.77,82028.0,2423.0,99.76,68673.0,4710.0,99.74,51724.0,3051.0,99.7,45542.0,2457.0,99.665,18327.0,2076.0,99.62,14715.0,1578.0,99.555,14376.0,1123.0,99.53,6195.0,912.0,99.485,6680.0,330.0,99.44,3892.0,445.0,99.405,5891.0,372.0,99.36,6031.0,302.0,99.29,6177.0,124.0,99.25,2558.0,142.0,99.195,3822.0,23.0,99.095,2121.0,3.0,99.035,120.0,1.0,98.965,2460.0,NaN,98.865,2838.0,1.0,NaN,NaN,NaN,NaN,NaN,NaN,NaN,NaN,NaN,NaN,NaN,NaN,NaN,NaN,NaN,NaN,NaN,NaN,NaN,NaN,NaN,NaN,NaN,NaN,NaN,NaN,NaN,NaN,NaN,NaN,NaN,NaN,NaN,NaN,NaN,NaN,NaN,NaN,NaN,NaN,NaN,NaN,NaN,NaN,NaN,NaN,NaN,NaN,NaN,NaN,NaN,NaN,NaN,NaN
2010-07-01,NaN,NaN,NaN,NaN,NaN,NaN,NaN,NaN,NaN,NaN,NaN,NaN,NaN,NaN,NaN,NaN,NaN,NaN,99.805,52281.0,5025.0,99.795,79952.0,2987.0,99.79,49200.0,1774.0,99.785,59640.0,1370.0,99.775,82444.0,2755.0,99.765,67977.0,1647.0,99.745,52624.0,4402.0,99.705,44382.0,3976.0,99.665,19482.0,3876.0,99.62,14849.0,1328.0,99.555,14578.0,941.0,99.53,6221.0,419.0,99.485,6667.0,49.0,99.44,3891.0,4.0,99.395,5919.0,NaN,99.35,6031.0,1.0,99.28,6177.0,NaN,99.24,2558.0,NaN,99.185,3822.0,NaN,99.085,2121.0,NaN,99.015,120.0,NaN,98.945,2460.0,NaN,98.845,2838.0,NaN,98.805,NaN,NaN,NaN,NaN,NaN,NaN,NaN,NaN,NaN,NaN,NaN,NaN,NaN,NaN,NaN,NaN,NaN,NaN,NaN,NaN,NaN,NaN,NaN,NaN,NaN,NaN,NaN,NaN,NaN,NaN,NaN,NaN,NaN,NaN,NaN,NaN,NaN,NaN,NaN,NaN,NaN,NaN,NaN,NaN,NaN,NaN,NaN,NaN,NaN,NaN,NaN,NaN,NaN
2010-07-02,NaN,NaN,NaN,NaN,NaN,NaN,NaN,NaN,NaN,NaN,NaN,NaN,NaN,NaN,NaN,NaN,NaN,NaN,99.81,56398.0,7967.0,99.8,79106.0,1578.0,99.795,49101.0,905.0,99.79,60008.0,1235.0,99.78,82678.0,1765.0,99.77,67989.0,887.0,99.755,54192.0,3372.0,99.71,43843.0,2354.0,99.675,19709.0,1419.0,99.63,15009.0,1094.0,99.56,14254.0,1452.0,99.53,6220.0,347.0,99.485,6466.0,525.0,99.43,3886.0,89.0,99.38,5900.0,48.0,99.33,6030.0,8.0,99.25,6178.0,1.0,99.205,2558.0,5.0,99.15,3823.0,10.0,99.05,2121.0,1.0,98.98,120.0,NaN,98.91,2460.0,2.0,98.81,2858.0,20.0,98.77,NaN,NaN,NaN,NaN,NaN,NaN,NaN,NaN,NaN,NaN,NaN,NaN,NaN,NaN,NaN,NaN,NaN,NaN,NaN,NaN,NaN,NaN,NaN,NaN,NaN,NaN,NaN,NaN,NaN,NaN,NaN,NaN,NaN,NaN,NaN,NaN,NaN,NaN,NaN,NaN,NaN,NaN,NaN,NaN,NaN,NaN,NaN,NaN,NaN,NaN,NaN,NaN,NaN
2010-07-06,NaN,NaN,NaN,NaN,NaN,NaN,NaN,NaN,NaN,NaN,NaN,NaN,NaN,NaN,NaN,NaN,NaN,NaN,99.8125,56772.0,1400.0,99.8,78485.0,1630.0,99.795,49089.0,545.0,99.79,60188.0,520.0,99.78,83212.0,5305.0,99.77,68258.0,5225.0,99.755,54201.0,836.0,99.715,43730.0,1086.0,99.68,20252.0,2272.0,99.635,15014.0,1025.0,99.565,14100.0,390.0,99.535,6230.0,37.0,99.485,6858.0,579.0,99.43,4121.0,489.0,99.38,6902.0,1425.0,99.33,6314.0,441.0,99.25,6176.0,4.0,99.21,2558.0,4.0,99.155,3823.0,NaN,99.055,2121.0,NaN,98.985,120.0,NaN,98.915,2460.0,NaN,98.815,2858.0,NaN,98.775,NaN,NaN,NaN,NaN,NaN,NaN,NaN,NaN,NaN,NaN,NaN,NaN,NaN,NaN,NaN,NaN,NaN,NaN,NaN,NaN,NaN,NaN,NaN,NaN,NaN,NaN,NaN,NaN,NaN,NaN,NaN,NaN,NaN,NaN,NaN,NaN,NaN,NaN,NaN,NaN,NaN,NaN,NaN,NaN,NaN,NaN,NaN,NaN,NaN,NaN,NaN,NaN,NaN
2010-07-07,NaN,NaN,NaN,NaN,NaN,NaN,NaN,NaN,NaN,NaN,NaN,NaN,NaN,NaN,NaN,NaN,NaN,NaN,99.815,55900.0,1677.0,99.805,78063.0,2670.0,99.8,49316.0,2983.0,99.795,60646.0,2861.0,99.785,83287.0,3435.0,99.775,67899.0,5577.0,99.76,53436.0,2588.0,99.725,44652.0,2551.0,99.69,19841.0,1510.0,99.645,15767.0,1892.0,99.575,14568.0,845.0,99.545,6347.0,349.0,99.495,7903.0,1673.0,99.45,4624.0,1548.0,99.405,7762.0,1377.0,99.355,6472.0,222.0,99.275,6174.0,2.0,99.235,2560.0,5.0,99.18,3823.0,NaN,99.08,2121.0,5.0,99.01,120.0,11.0,98.945,2474.0,15.0,98.85,2886.0,28.0,98.815,NaN,NaN,NaN,NaN,NaN,NaN,NaN,NaN,NaN,NaN,NaN,NaN,NaN,NaN,NaN,NaN,NaN,NaN,NaN,NaN,NaN,NaN,NaN,NaN,NaN,NaN,NaN,NaN,NaN,NaN,NaN,NaN,NaN,NaN,NaN,NaN,NaN,NaN,NaN,NaN,NaN,NaN,NaN,NaN,NaN,NaN,NaN,NaN,NaN,NaN,NaN,NaN,NaN
2010-07-08,NaN,NaN,NaN,NaN,NaN,NaN,NaN,NaN,NaN,NaN,NaN,NaN,NaN,NaN,NaN,NaN,NaN,NaN,99.815,56055.0,4643.0,99.805,77066.0,4887.0,99.8,50514.0,3584.0,99.795,60336.0,1898.0,99.785,83087.0,1342.0,99.78,67966.0,1150.0,99.77,54165.0,4470.0,99.735,44565.0,4834.0,99.7,21819.0,3690.0,99.655,15621.0,1644.0,99.585,14166.0,1067.0,99.56,6476.0,783.0,99.505,7922.0,541.0,99.455,4598.0,527.0,99.405,7649.0,259.0,99.35,6479.0,23.0,99.27,6174.0,7.0,99.23,2558.0,27.0,99.175,3823.0,NaN,99.075,2121.0,NaN,99.005,121.0,1.0,98.935,2474.0,4.0,98.84,2887.0,6.0,98.805,NaN,NaN,NaN,NaN,NaN,NaN,NaN,NaN,NaN,NaN,NaN,NaN,NaN,NaN,NaN,NaN,NaN,NaN,NaN,NaN,NaN,NaN,NaN,NaN,NaN,NaN,NaN,NaN,NaN,NaN,NaN,NaN,NaN,NaN,NaN,NaN,NaN,NaN,NaN,NaN,NaN,NaN,NaN,NaN,NaN,NaN,NaN,NaN,NaN,NaN,NaN,NaN,NaN
2010-07-09,NaN,NaN,NaN,NaN,NaN,NaN,NaN,NaN,NaN,NaN,NaN,NaN,NaN,NaN,NaN,NaN,NaN,NaN,99.8175,55341.0,2498.0,99.805,77329.0,2123.0,99.8,51166.0,3536.0,99.795,60472.0,2069.0,99.785,82723.0,1586.0,99.78,68234.0,654.0,99.77,54990.0,1982.0,99.735,44845.0,1100.0,99.7,22265.0,1242.0,99.655,15903.0,681.0,99.585,14246.0,284.0,99.56,6669.0,571.0,99.5,8061.0,177.0,99.445,4647.0,155.0,99.39,7666.0,140.0,99.335,6479.0,NaN,99.255,6174.0,4.0,99.205,2578.0,91.0,99.145,3820.0,79.0,99.04,2120.0,1.0,98.97,121.0,NaN,98.895,2474.0,NaN,98.8,2887.0,NaN,98.765,NaN,NaN,NaN,NaN,NaN,NaN,NaN,NaN,NaN,NaN,NaN,NaN,NaN,NaN,NaN,NaN,NaN,NaN,NaN,NaN,NaN,NaN,NaN,NaN,NaN,NaN,NaN,NaN,NaN,NaN,NaN,NaN,NaN,NaN,NaN,NaN,NaN,NaN,NaN,NaN,NaN,NaN,NaN,NaN,NaN,NaN,NaN,NaN,NaN,NaN,NaN,NaN,NaN
2010-07-12,NaN,NaN,NaN,NaN,NaN,NaN,NaN,NaN,NaN,NaN,NaN,NaN,NaN,NaN,NaN,NaN,NaN,NaN,99.8175,57153.0,5375.0,99.805,77747.0,1299.0,99.8,52215.0,1291.0,99.795,61385.0,2173.0,99.785,81468.0,2489.0,99.78,68151.0,468.0,99.77,54615.0,1250.0,99.73,46648.0,5730.0,99.695,21118.0,2782.0,99.655,16009.0,1088.0,99.585,14280.0,487.0,99.56,6971.0,996.0,99.5,8191.0,203.0,99.445,4677.0,64.0,99.39,7690.0,115.0,99.335,6488.0,45.0,99.255,6171.0,10.0,99.205,2577.0,26.0,99.145,3820.0,47.0,99.04,2120.0,NaN,98.97,121.0,NaN,98.895,2474.0,NaN,98.795,2887.0,NaN,98.76,NaN,NaN,NaN,NaN,NaN,NaN,NaN,NaN,NaN,NaN,NaN,NaN,NaN,NaN,NaN,NaN,NaN,NaN,NaN,NaN,NaN,NaN,NaN,NaN,NaN,NaN,NaN,NaN,NaN,NaN,NaN,NaN,NaN,NaN,NaN,NaN,NaN,NaN,NaN,NaN,NaN,NaN,NaN,NaN,NaN,NaN,NaN,NaN,NaN,NaN,NaN,NaN,NaN
2010-07-13,NaN,NaN,NaN,NaN,NaN,NaN,NaN,NaN,NaN,NaN,NaN,NaN,NaN,NaN,NaN,NaN,NaN,NaN,99.8175,56774.0,1107.0,99.81,79176.0,3073.0,99.805,52286.0,976.0,99.795,62084.0,2122.0,99.785,80702.0,3043.0,99.78,68126.0,1128.0,99.77,54684.0,2120.0,99.73,48101.0,4713.0,99.695,20863.0,3096.0,99.655,16166.0,2305.0,99.59,14596.0,1600.0,99.565,7032.0,517.0,99.505,8456.0,627.0,99.45,4623.0,203.0,99.395,7727.0,105.0,99.34,6483.0,59.0,99.26,6258.0,116.0,99.21,2564.0,23.0,99.15,3842.0,22.0,99.04,2120.0,21.0,98.97,121.0,NaN,98.89,2481.0,308.0,98.785,3652.0,765.0,98.74,NaN,NaN,NaN,NaN,NaN,NaN,NaN,NaN,NaN,NaN,NaN,NaN,NaN,NaN,NaN,NaN,NaN,NaN,NaN,NaN,NaN,NaN,NaN,NaN,NaN,NaN,NaN,NaN,NaN,NaN,NaN,NaN,NaN,NaN,NaN,NaN,NaN,NaN,NaN,NaN,NaN,NaN,NaN,NaN,NaN,NaN,NaN,NaN,NaN,NaN,NaN,NaN,NaN
2010-07-14,NaN,NaN,NaN,NaN,NaN,NaN,NaN,NaN,NaN,NaN,NaN,NaN,NaN,NaN,NaN,NaN,NaN,NaN,99.8175,58140.0,1982.0,99.81,79134.0,626.0,99.805,52272.0,764.0,99.8,61526.0,1628.0,99.79,79957.0,2118.0,99.785,67868.0,2142.0,99.775,55227.0,1874.0,99.74,49404.0,5821.0,99.71,21131.0,2537.0,99.675,16488.0,1599.0,99.615,15042.0,801.0,99.59,7588.0,1235.0,99.53,8531.0,851.0,99.475,4671.0,353.0,99.425,7759.0,246.0,99.375,6483.0,75.0,99.295,6258.0,NaN,99.255,2564.0,NaN,99.195,3842.0,NaN,99.095,2120.0,NaN,99.025,121.0,NaN,98.945,2481.0,NaN,98.845,3652.0,NaN,98.8,NaN,NaN,NaN,NaN,NaN,NaN,NaN,NaN,NaN,NaN,NaN,NaN,NaN,NaN,NaN,NaN,NaN,NaN,NaN,NaN,NaN,NaN,NaN,NaN,NaN,NaN,NaN,NaN,NaN,NaN,NaN,NaN,NaN,NaN,NaN,NaN,NaN,NaN,NaN,NaN,NaN,NaN,NaN,NaN,NaN,NaN,NaN,NaN,NaN,NaN,NaN,NaN,NaN
2010-07-15,NaN,NaN,NaN,NaN,NaN,NaN,NaN,NaN,NaN,NaN,NaN,NaN,NaN,NaN,NaN,NaN,NaN,NaN,99.82,55841.0,5673.0,99.815,76626.0,4546.0,99.81,51930.0,1588.0,99.805,61404.0,1834.0,99.795,80375.0,2390.0,99.79,67282.0,4847.0,99.78,56013.0,3116.0,99.75,48843.0,2491.0,99.72,21886.0,1713.0,99.685,16614.0,540.0,99.63,15173.0,838.0,99.605,7618.0,511.0,99.55,8482.0,409.0,99.505,4739.0,147.0,99.455,7786.0,56.0,99.405,6476.0,19.0,99.33,6260.0,7.0,99.29,2642.0,80.0,99.235,3842.0,11.0,99.135,2120.0,1.0,99.065,121.0,7.0,99.0,2485.0,121.0,98.915,4252.0,600.0,98.87,6.0,6.0,NaN,NaN,NaN,NaN,NaN,NaN,NaN,NaN,NaN,NaN,NaN,NaN,NaN,NaN,NaN,NaN,NaN,NaN,NaN,NaN,NaN,NaN,NaN,NaN,NaN,NaN,NaN,NaN,NaN,NaN,NaN,NaN,NaN,NaN,NaN,NaN,NaN,NaN,NaN,NaN,NaN,NaN,NaN,NaN,NaN,NaN,NaN,NaN,NaN,NaN,NaN
2010-07-16,NaN,NaN,NaN,NaN,NaN,NaN,NaN,NaN,NaN,NaN,NaN,NaN,NaN,NaN,NaN,NaN,NaN,NaN,99.82,55152.0,2150.0,99.815,75741.0,1726.0,99.81,52133.0,1611.0,99.805,61286.0,1109.0,99.795,80193.0,1623.0,99.79,67796.0,1692.0,99.785,59098.0,6179.0,99.755,49401.0,5034.0,99.73,22433.0,1813.0,99.695,16661.0,386.0,99.645,15127.0,597.0,99.62,7638.0,362.0,99.565,8427.0,348.0,99.52,4752.0,30.0,99.47,7790.0,29.0,99.42,6181.0,305.0,99.345,6261.0,5.0,99.305,2642.0,NaN,99.25,3842.0,NaN,99.15,2120.0,NaN,99.08,121.0,NaN,99.02,2485.0,NaN,98.93,4253.0,2.0,98.885,5.0,1.0,NaN,NaN,NaN,NaN,NaN,NaN,NaN,NaN,NaN,NaN,NaN,NaN,NaN,NaN,NaN,NaN,NaN,NaN,NaN,NaN,NaN,NaN,NaN,NaN,NaN,NaN,NaN,NaN,NaN,NaN,NaN,NaN,NaN,NaN,NaN,NaN,NaN,NaN,NaN,NaN,NaN,NaN,NaN,NaN,NaN,NaN,NaN,NaN,NaN,NaN,NaN
2010-07-19,NaN,NaN,NaN,NaN,NaN,NaN,NaN,NaN,NaN,NaN,NaN,NaN,NaN,NaN,NaN,NaN,NaN,NaN,99.82,55626.0,2013.0,99.815,75095.0,2834.0,99.81,53462.0,4734.0,99.805,62034.0,4703.0,99.795,80002.0,927.0,99.79,67609.0,526.0,99.785,59262.0,671.0,99.755,49653.0,869.0,99.73,22331.0,428.0,99.7,16544.0,746.0,99.645,15065.0,536.0,99.625,7637.0,561.0,99.58,8533.0,312.0,99.535,4820.0,186.0,99.485,7779.0,85.0,99.435,6214.0,84.0,99.36,6261.0,40.0,99.325,3108.0,472.0,99.27,3846.0,21.0,99.17,2120.0,2.0,99.1,121.0,NaN,99.04,2485.0,NaN,98.95,4254.0,1.0,98.905,5.0,NaN,NaN,NaN,NaN,NaN,NaN,NaN,NaN,NaN,NaN,NaN,NaN,NaN,NaN,NaN,NaN,NaN,NaN,NaN,NaN,NaN,NaN,NaN,NaN,NaN,NaN,NaN,NaN,NaN,NaN,NaN,NaN,NaN,NaN,NaN,NaN,NaN,NaN,NaN,NaN,NaN,NaN,NaN,NaN,NaN,NaN,NaN,NaN,NaN,NaN,NaN,NaN
2010-07-20,NaN,NaN,NaN,NaN,NaN,NaN,NaN,NaN,NaN,NaN,NaN,NaN,NaN,NaN,NaN,NaN,NaN,NaN,99.8175,54074.0,4279.0,99.815,75645.0,6316.0,99.81,54452.0,7814.0,99.805,61639.0,5346.0,99.8,81919.0,8349.0,99.795,68129.0,4714.0,99.79,59506.0,5445.0,99.76,50060.0,9266.0,99.735,21973.0,2876.0,99.705,16762.0,1305.0,99.655,15367.0,466.0,99.635,7831.0,274.0,99.59,8476.0,259.0,99.545,4800.0,89.0,99.5,7729.0,73.0,99.45,6214.0,74.0,99.375,6262.0,11.0,99.34,3108.0,NaN,99.285,3846.0,NaN,99.185,2120.0,NaN,99.12,121.0,NaN,99.06,2485.0,NaN,98.97,4255.0,1.0,98.925,5.0,NaN,NaN,NaN,NaN,NaN,NaN,NaN,NaN,NaN,NaN,NaN,NaN,NaN,NaN,NaN,NaN,NaN,NaN,NaN,NaN,NaN,NaN,NaN,NaN,NaN,NaN,NaN,NaN,NaN,NaN,NaN,NaN,NaN,NaN,NaN,NaN,NaN,NaN,NaN,NaN,NaN,NaN,NaN,NaN,NaN,NaN,NaN,NaN,NaN,NaN,NaN,NaN
2010-07-21,NaN,NaN,NaN,NaN,NaN,NaN,NaN,NaN,NaN,NaN,NaN,NaN,NaN,NaN,NaN,NaN,NaN,NaN,99.8175,53448.0,3257.0,99.815,73991.0,5364.0,99.815,54370.0,4919.0,99.81,63704.0,7061.0,99.81,83019.0,10748.0,99.805,68315.0,7276.0,99.8,62075.0,3511.0,99.77,50854.0,3312.0,99.745,22446.0,1327.0,99.72,16707.0,273.0,99.675,15380.0,317.0,99.655,7806.0,80.0,99.61,8527.0,69.0,99.565,4803.0,8.0,99.52,7732.0,7.0,99.47,6215.0,18.0,99.395,6287.0,30.0,99.36,3822.0,724.0,99.305,3847.0,20.0,99.205,2120.0,3.0,99.14,121.0,3.0,99.08,2485.0,2.0,98.99,4257.0,2.0,98.945,6.0,1.0,NaN,NaN,NaN,NaN,NaN,NaN,NaN,NaN,NaN,NaN,NaN,NaN,NaN,NaN,NaN,NaN,NaN,NaN,NaN,NaN,NaN,NaN,NaN,NaN,NaN,NaN,NaN,NaN,NaN,NaN,NaN,NaN,NaN,NaN,NaN,NaN,NaN,NaN,NaN,NaN,NaN,NaN,NaN,NaN,NaN,NaN,NaN,NaN,NaN,NaN,NaN
2010-07-22,NaN,NaN,NaN,NaN,NaN,NaN,NaN,NaN,NaN,NaN,NaN,NaN,NaN,NaN,NaN,NaN,NaN,NaN,99.8175,53720.0,487.0,99.815,74505.0,3416.0,99.815,56750.0,3929.0,99.815,64670.0,2998.0,99.81,84028.0,3003.0,99.81,68229.0,1981.0,99.805,62307.0,2252.0,99.785,51267.0,2811.0,99.765,22387.0,2418.0,99.74,17145.0,1365.0,99.7,15332.0,815.0,99.68,7955.0,982.0,99.635,8648.0,205.0,99.59,4862.0,80.0,99.545,7832.0,162.0,99.495,6215.0,55.0,99.42,6318.0,43.0,99.385,3822.0,NaN,99.33,3847.0,NaN,99.23,2120.0,3.0,99.165,329.0,300.0,99.105,2491.0,60.0,99.005,4558.0,301.0,98.96,6.0,NaN,NaN,NaN,NaN,NaN,NaN,NaN,NaN,NaN,NaN,NaN,NaN,NaN,NaN,NaN,NaN,NaN,NaN,NaN,NaN,NaN,NaN,NaN,NaN,NaN,NaN,NaN,NaN,NaN,NaN,NaN,NaN,NaN,NaN,NaN,NaN,NaN,NaN,NaN,NaN,NaN,NaN,NaN,NaN,NaN,NaN,NaN,NaN,NaN,NaN,NaN,NaN
2010-07-23,NaN,NaN,NaN,NaN,NaN,NaN,NaN,NaN,NaN,NaN,NaN,NaN,NaN,NaN,NaN,NaN,NaN,NaN,99.8175,53415.0,675.0,99.815,74048.0,1081.0,99.815,56813.0,2160.0,99.815,64826.0,1245.0,99.81,83660.0,3151.0,99.81,69004.0,7384.0,99.805,62720.0,6613.0,99.785,51986.0,6449.0,99.765,22518.0,1731.0,99.74,17683.0,2837.0,99.695,16206.0,2410.0,99.67,7958.0,1098.0,99.62,8785.0,359.0,99.575,4914.0,215.0,99.525,7872.0,239.0,99.475,6244.0,89.0,99.39,6338.0,82.0,99.345,3822.0,119.0,99.285,3841.0,20.0,99.18,2120.0,NaN,99.115,329.0,NaN,99.04,2491.0,NaN,98.94,4558.0,NaN,98.895,6.0,NaN,NaN,NaN,NaN,NaN,NaN,NaN,NaN,NaN,NaN,NaN,NaN,NaN,NaN,NaN,NaN,NaN,NaN,NaN,NaN,NaN,NaN,NaN,NaN,NaN,NaN,NaN,NaN,NaN,NaN,NaN,NaN,NaN,NaN,NaN,NaN,NaN,NaN,NaN,NaN,NaN,NaN,NaN,NaN,NaN,NaN,NaN,NaN,NaN,NaN,NaN,NaN
2010-07-26,NaN,NaN,NaN,NaN,NaN,NaN,NaN,NaN,NaN,NaN,NaN,NaN,NaN,NaN,NaN,NaN,NaN,NaN,99.8175,53587.0,850.0,99.815,73226.0,1665.0,99.815,55302.0,7239.0,99.815,65608.0,3030.0,99.81,83136.0,2573.0,99.81,68769.0,3558.0,99.805,62922.0,8393.0,99.775,53536.0,5589.0,99.75,22079.0,3054.0,99.72,18064.0,2037.0,99.67,16319.0,955.0,99.645,7836.0,601.0,99.595,9077.0,809.0,99.545,5000.0,340.0,99.495,7944.0,305.0,99.445,6235.0,54.0,99.36,6334.0,14.0,99.315,3874.0,87.0,99.26,3841.0,NaN,99.16,2128.0,8.0,99.095,329.0,NaN,99.03,2491.0,NaN,98.93,4710.0,157.0,98.89,1.0,5.0,NaN,NaN,NaN,NaN,NaN,NaN,NaN,NaN,NaN,NaN,NaN,NaN,NaN,NaN,NaN,NaN,NaN,NaN,NaN,NaN,NaN,NaN,NaN,NaN,NaN,NaN,NaN,NaN,NaN,NaN,NaN,NaN,NaN,NaN,NaN,NaN,NaN,NaN,NaN,NaN,NaN,NaN,NaN,NaN,NaN,NaN,NaN,NaN,NaN,NaN,NaN
2010-07-27,NaN,NaN,NaN,NaN,NaN,NaN,NaN,NaN,NaN,NaN,NaN,NaN,NaN,NaN,NaN,NaN,NaN,NaN,99.8175,55306.0,2781.0,99.81,72107.0,6626.0,99.81,56083.0,7454.0,99.81,65920.0,4897.0,99.805,82439.0,2300.0,99.805,66758.0,5632.0,99.8,61843.0,6257.0,99.765,54424.0,6468.0,99.73,22210.0,3381.0,99.695,18835.0,3342.0,99.635,16718.0,2404.0,99.615,7813.0,999.0,99.56,9494.0,1153.0,99.505,4740.0,425.0,99.45,7914.0,131.0,99.4,6237.0,114.0,99.31,6327.0,18.0,99.26,3899.0,39.0,99.205,3875.0,37.0,99.105,2128.0,34.0,99.035,336.0,7.0,98.97,2477.0,14.0,98.87,4711.0,1.0,98.83,1.0,NaN,NaN,NaN,NaN,NaN,NaN,NaN,NaN,NaN,NaN,NaN,NaN,NaN,NaN,NaN,NaN,NaN,NaN,NaN,NaN,NaN,NaN,NaN,NaN,NaN,NaN,NaN,NaN,NaN,NaN,NaN,NaN,NaN,NaN,NaN,NaN,NaN,NaN,NaN,NaN,NaN,NaN,NaN,NaN,NaN,NaN,NaN,NaN,NaN,NaN,NaN,NaN
2010-07-28,NaN,NaN,NaN,NaN,NaN,NaN,NaN,NaN,NaN,NaN,NaN,NaN,NaN,NaN,NaN,NaN,NaN,NaN,99.8175,54646.0,1855.0,99.81,72457.0,2145.0,99.81,56482.0,2316.0,99.81,66254.0,1112.0,99.805,82095.0,1983.0,99.805,66875.0,1186.0,99.8,61675.0,2274.0,99.765,53242.0,4314.0,99.73,21111.0,4013.0,99.695,18959.0,1517.0,99.645,16967.0,1324.0,99.625,7856.0,285.0,99.57,9824.0,411.0,99.52,4740.0,143.0,99.47,8008.0,130.0,99.42,6237.0,10.0,99.33,6330.0,4.0,99.29,3903.0,33.0,99.235,3875.0,NaN,99.14,2128.0,NaN,99.075,336.0,NaN,99.01,2477.0,NaN,98.92,4712.0,1.0,98.88,1.0,NaN,NaN,NaN,NaN,NaN,NaN,NaN,NaN,NaN,NaN,NaN,NaN,NaN,NaN,NaN,NaN,NaN,NaN,NaN,NaN,NaN,NaN,NaN,NaN,NaN,NaN,NaN,NaN,NaN,NaN,NaN,NaN,NaN,NaN,NaN,NaN,NaN,NaN,NaN,NaN,NaN,NaN,NaN,NaN,NaN,NaN,NaN,NaN,NaN,NaN,NaN,NaN
2010-07-29,NaN,NaN,NaN,NaN,NaN,NaN,NaN,NaN,NaN,NaN,NaN,NaN,NaN,NaN,NaN,NaN,NaN,NaN,99.8175,54581.0,377.0,99.81,73195.0,3789.0,99.81,59683.0,7274.0,99.81,66513.0,4983.0,99.805,81963.0,1818.0,99.805,67900.0,6307.0,99.8,59744.0,6739.0,99.78,54533.0,6726.0,99.755,21890.0,3754.0,99.72,20310.0,3662.0,99.665,16983.0,2014.0,99.645,7935.0,864.0,99.59,9990.0,1230.0,99.545,4896.0,564.0,99.495,8040.0,238.0,99.445,6237.0,55.0,99.365,6327.0,4.0,99.33,3903.0,1.0,99.275,3875.0,10.0,99.185,2128.0,NaN,99.12,336.0,NaN,99.055,2477.0,1.0,98.965,4712.0,3.0,98.925,1.0,NaN,NaN,NaN,NaN,NaN,NaN,NaN,NaN,NaN,NaN,NaN,NaN,NaN,NaN,NaN,NaN,NaN,NaN,NaN,NaN,NaN,NaN,NaN,NaN,NaN,NaN,NaN,NaN,NaN,NaN,NaN,NaN,NaN,NaN,NaN,NaN,NaN,NaN,NaN,NaN,NaN,NaN,NaN,NaN,NaN,NaN,NaN,NaN,NaN,NaN,NaN,NaN
2010-07-30,NaN,NaN,NaN,NaN,NaN,NaN,NaN,NaN,NaN,NaN,NaN,NaN,NaN,NaN,NaN,NaN,NaN,NaN,99.8175,NaN,284.0,99.81,72395.0,4804.0,99.81,59849.0,2900.0,99.81,66951.0,1359.0,99.805,81211.0,4794.0,99.805,66982.0,3124.0,99.8,60653.0,5295.0,99.785,56412.0,6173.0,99.765,22175.0,3053.0,99.74,19923.0,2074.0,99.69,17357.0,2613.0,99.675,7971.0,632.0,99.635,10564.0,952.0,99.595,4963.0,166.0,99.55,8022.0,68.0,99.5,6251.0,36.0,99.43,6378.0,90.0,99.4,4162.0,298.0,99.345,3926.0,128.0,99.26,2380.0,282.0,99.2,367.0,48.0,99.135,2532.0,56.0,99.045,4719.0,23.0,99.01,49.0,48.0,NaN,NaN,NaN,NaN,NaN,NaN,NaN,NaN,NaN,NaN,NaN,NaN,NaN,NaN,NaN,NaN,NaN,NaN,NaN,NaN,NaN,NaN,NaN,NaN,NaN,NaN,NaN,NaN,NaN,NaN,NaN,NaN,NaN,NaN,NaN,NaN,NaN,NaN,NaN,NaN,NaN,NaN,NaN,NaN,NaN,NaN,NaN,NaN,NaN,NaN,NaN
2010-08-02,NaN,NaN,NaN,NaN,NaN,NaN,NaN,NaN,NaN,NaN,NaN,NaN,NaN,NaN,NaN,NaN,NaN,NaN,NaN,NaN,NaN,99.8125,73404.0,2701.0,99.815,60702.0,2025.0,99.815,67511.0,2226.0,99.815,81171.0,2034.0,99.815,67485.0,3434.0,99.805,60891.0,7368.0,99.79,55371.0,3856.0,99.77,22409.0,2141.0,99.745,20852.0,2009.0,99.7,17348.0,1020.0,99.685,8095.0,355.0,99.64,10672.0,329.0,99.6,4973.0,104.0,99.555,8000.0,113.0,99.505,6419.0,282.0,99.435,6655.0,305.0,99.395,4162.0,10.0,99.34,3926.0,3.0,99.25,2375.0,5.0,99.185,366.0,14.0,99.12,2527.0,15.0,99.03,4719.0,7.0,98.995,49.0,NaN,98.91,104.0,104.0,NaN,NaN,NaN,NaN,NaN,NaN,NaN,NaN,NaN,NaN,NaN,NaN,NaN,NaN,NaN,NaN,NaN,NaN,NaN,NaN,NaN,NaN,NaN,NaN,NaN,NaN,NaN,NaN,NaN,NaN,NaN,NaN,NaN,NaN,NaN,NaN,NaN,NaN,NaN,NaN,NaN,NaN,NaN,NaN,NaN,NaN,NaN,NaN
2010-08-03,NaN,NaN,NaN,NaN,NaN,NaN,NaN,NaN,NaN,NaN,NaN,NaN,NaN,NaN,NaN,NaN,NaN,NaN,NaN,NaN,NaN,99.8175,74728.0,3030.0,99.82,60212.0,4566.0,99.825,68410.0,6136.0,99.82,81685.0,3582.0,99.82,66355.0,2516.0,99.815,57779.0,5722.0,99.805,54912.0,6380.0,99.79,22048.0,4284.0,99.765,20445.0,3787.0,99.725,17643.0,2423.0,99.71,8379.0,1423.0,99.67,11013.0,1372.0,99.63,5308.0,1890.0,99.59,8217.0,862.0,99.54,6547.0,238.0,99.47,6666.0,267.0,99.44,4162.0,149.0,99.395,3926.0,32.0,99.305,2369.0,12.0,99.245,359.0,18.0,99.195,2522.0,8.0,99.105,4719.0,NaN,99.07,53.0,4.0,99.005,104.0,NaN,NaN,NaN,NaN,NaN,NaN,NaN,NaN,NaN,NaN,NaN,NaN,NaN,NaN,NaN,NaN,NaN,NaN,NaN,NaN,NaN,NaN,NaN,NaN,NaN,NaN,NaN,NaN,NaN,NaN,NaN,NaN,NaN,NaN,NaN,NaN,NaN,NaN,NaN,NaN,NaN,NaN,NaN,NaN,NaN,NaN,NaN,NaN,NaN
2010-08-04,NaN,NaN,NaN,NaN,NaN,NaN,NaN,NaN,NaN,NaN,NaN,NaN,NaN,NaN,NaN,NaN,NaN,NaN,NaN,NaN,NaN,99.8175,73154.0,1894.0,99.82,60552.0,6785.0,99.825,68225.0,2502.0,99.82,80985.0,3843.0,99.82,66085.0,1874.0,99.815,57315.0,3057.0,99.8,55376.0,3111.0,99.78,22537.0,2702.0,99.755,20755.0,3486.0,99.715,18913.0,2900.0,99.7,8986.0,1507.0,99.655,11499.0,1369.0,99.61,5627.0,634.0,99.565,8269.0,155.0,99.515,6547.0,62.0,99.44,6645.0,295.0,99.4,4267.0,417.0,99.355,3998.0,91.0,99.255,2386.0,79.0,99.195,383.0,45.0,99.135,2547.0,27.0,99.045,4744.0,46.0,99.01,55.0,2.0,98.945,129.0,25.0,NaN,NaN,NaN,NaN,NaN,NaN,NaN,NaN,NaN,NaN,NaN,NaN,NaN,NaN,NaN,NaN,NaN,NaN,NaN,NaN,NaN,NaN,NaN,NaN,NaN,NaN,NaN,NaN,NaN,NaN,NaN,NaN,NaN,NaN,NaN,NaN,NaN,NaN,NaN,NaN,NaN,NaN,NaN,NaN,NaN,NaN,NaN,NaN
2010-08-05,NaN,NaN,NaN,NaN,NaN,NaN,NaN,NaN,NaN,NaN,NaN,NaN,NaN,NaN,NaN,NaN,NaN,NaN,NaN,NaN,NaN,99.82,73762.0,3683.0,99.82,61204.0,3664.0,99.825,67203.0,1881.0,99.82,80105.0,3810.0,99.825,66352.0,2478.0,99.825,56480.0,3473.0,99.81,57199.0,7267.0,99.79,21733.0,2554.0,99.765,21090.0,1141.0,99.73,18840.0,739.0,99.715,8695.0,1042.0,99.68,11382.0,695.0,99.635,5472.0,341.0,99.59,8258.0,149.0,99.545,6598.0,177.0,99.47,6763.0,192.0,99.435,4488.0,349.0,99.395,4019.0,303.0,99.3,2405.0,152.0,99.245,673.0,340.0,99.185,2548.0,8.0,99.1,4744.0,NaN,99.065,56.0,1.0,98.995,347.0,218.0,NaN,NaN,NaN,NaN,NaN,NaN,NaN,NaN,NaN,NaN,NaN,NaN,NaN,NaN,NaN,NaN,NaN,NaN,NaN,NaN,NaN,NaN,NaN,NaN,NaN,NaN,NaN,NaN,NaN,NaN,NaN,NaN,NaN,NaN,NaN,NaN,NaN,NaN,NaN,NaN,NaN,NaN,NaN,NaN,NaN,NaN,NaN,NaN
2010-08-06,NaN,NaN,NaN,NaN,NaN,NaN,NaN,NaN,NaN,NaN,NaN,NaN,NaN,NaN,NaN,NaN,NaN,NaN,NaN,NaN,NaN,99.82,73787.0,6319.0,99.825,61520.0,4330.0,99.825,65906.0,4397.0,99.825,79839.0,6139.0,99.83,67445.0,7710.0,99.83,57574.0,6200.0,99.815,57705.0,9603.0,99.8,21559.0,3633.0,99.785,22140.0,3580.0,99.75,19608.0,2842.0,99.74,8906.0,2807.0,99.705,10743.0,1860.0,99.665,5658.0,941.0,99.62,8223.0,722.0,99.58,6624.0,335.0,99.505,6263.0,939.0,99.47,4488.0,113.0,99.425,4030.0,124.0,99.335,2438.0,35.0,99.28,1201.0,530.0,99.22,2624.0,77.0,99.135,4744.0,NaN,99.1,62.0,6.0,99.03,360.0,13.0,NaN,NaN,NaN,NaN,NaN,NaN,NaN,NaN,NaN,NaN,NaN,NaN,NaN,NaN,NaN,NaN,NaN,NaN,NaN,NaN,NaN,NaN,NaN,NaN,NaN,NaN,NaN,NaN,NaN,NaN,NaN,NaN,NaN,NaN,NaN,NaN,NaN,NaN,NaN,NaN,NaN,NaN,NaN,NaN,NaN,NaN,NaN,NaN
2010-08-09,NaN,NaN,NaN,NaN,NaN,NaN,NaN,NaN,NaN,NaN,NaN,NaN,NaN,NaN,NaN,NaN,NaN,NaN,NaN,NaN,NaN,99.82,73632.0,2574.0,99.825,61193.0,5387.0,99.83,66307.0,2134.0,99.83,78301.0,4468.0,99.83,66880.0,2454.0,99.83,56912.0,3069.0,99.82,57282.0,3447.0,99.805,22661.0,4199.0,99.785,22491.0,3186.0,99.75,20337.0,1813.0,99.74,10133.0,2765.0,99.7,10251.0,3094.0,99.65,6753.0,1512.0,99.6,8517.0,732.0,99.55,6448.0,704.0,99.475,6203.0,262.0,99.44,4488.0,156.0,99.395,4072.0,73.0,99.305,2483.0,47.0,99.245,1203.0,2.0,99.185,2624.0,13.0,99.1,4744.0,14.0,99.065,62.0,NaN,98.995,360.0,NaN,NaN,NaN,NaN,NaN,NaN,NaN,NaN,NaN,NaN,NaN,NaN,NaN,NaN,NaN,NaN,NaN,NaN,NaN,NaN,NaN,NaN,NaN,NaN,NaN,NaN,NaN,NaN,NaN,NaN,NaN,NaN,NaN,NaN,NaN,NaN,NaN,NaN,NaN,NaN,NaN,NaN,NaN,NaN,NaN,NaN,NaN,NaN,NaN
2010-08-10,NaN,NaN,NaN,NaN,NaN,NaN,NaN,NaN,NaN,NaN,NaN,NaN,NaN,NaN,NaN,NaN,NaN,NaN,NaN,NaN,NaN,99.82,73376.0,6703.0,99.825,60274.0,5782.0,99.83,66063.0,4615.0,99.83,76096.0,4955.0,99.83,66990.0,4826.0,99.83,56889.0,6189.0,99.82,57588.0,5187.0,99.805,21805.0,2284.0,99.79,22495.0,1339.0,99.765,21086.0,3394.0,99.755,11220.0,2870.0,99.715,10852.0,2696.0,99.665,7493.0,1602.0,99.615,8576.0,529.0,99.57,6565.0,1570.0,99.495,6275.0,211.0,99.46,4489.0,128.0,99.415,4080.0,9.0,99.325,2491.0,8.0,99.265,1203.0,NaN,99.21,2624.0,NaN,99.125,4744.0,NaN,99.095,67.0,5.0,99.025,360.0,NaN,NaN,NaN,NaN,NaN,NaN,NaN,NaN,NaN,NaN,NaN,NaN,NaN,NaN,NaN,NaN,NaN,NaN,NaN,NaN,NaN,NaN,NaN,NaN,NaN,NaN,NaN,NaN,NaN,NaN,NaN,NaN,NaN,NaN,NaN,NaN,NaN,NaN,NaN,NaN,NaN,NaN,NaN,NaN,NaN,NaN,NaN,NaN,NaN
2010-08-11,NaN,NaN,NaN,NaN,NaN,NaN,NaN,NaN,NaN,NaN,NaN,NaN,NaN,NaN,NaN,NaN,NaN,NaN,NaN,NaN,NaN,99.82,73420.0,3569.0,99.825,59023.0,5856.0,99.83,65248.0,3710.0,99.83,74379.0,3885.0,99.83,66845.0,3027.0,99.83,56622.0,1722.0,99.82,57259.0,2014.0,99.805,21969.0,1211.0,99.79,22709.0,1808.0,99.765,21539.0,2125.0,99.755,11791.0,2338.0,99.725,11481.0,2010.0,99.68,7602.0,604.0,99.635,8573.0,33.0,99.59,6567.0,110.0,99.515,6374.0,290.0,99.48,4489.0,268.0,99.435,4157.0,226.0,99.35,2504.0,121.0,99.3,1206.0,85.0,99.255,2481.0,169.0,99.175,5344.0,623.0,99.145,70.0,11.0,99.075,361.0,2.0,NaN,NaN,NaN,NaN,NaN,NaN,NaN,NaN,NaN,NaN,NaN,NaN,NaN,NaN,NaN,NaN,NaN,NaN,NaN,NaN,NaN,NaN,NaN,NaN,NaN,NaN,NaN,NaN,NaN,NaN,NaN,NaN,NaN,NaN,NaN,NaN,NaN,NaN,NaN,NaN,NaN,NaN,NaN,NaN,NaN,NaN,NaN,NaN
2010-08-12,NaN,NaN,NaN,NaN,NaN,NaN,NaN,NaN,NaN,NaN,NaN,NaN,NaN,NaN,NaN,NaN,NaN,NaN,NaN,NaN,NaN,99.82,73410.0,3764.0,99.825,56733.0,6130.0,99.83,65584.0,3853.0,99.83,74301.0,3298.0,99.83,67122.0,4344.0,99.83,57882.0,4433.0,99.82,57700.0,7396.0,99.805,21878.0,3009.0,99.785,22481.0,3727.0,99.75,21830.0,3255.0,99.74,11707.0,1613.0,99.7,11557.0,2677.0,99.65,8652.0,1967.0,99.605,8581.0,262.0,99.56,6568.0,134.0,99.485,6414.0,51.0,99.45,4489.0,15.0,99.39,4157.0,1.0,99.305,2504.0,2.0,99.255,1206.0,NaN,99.21,2481.0,NaN,99.125,5344.0,NaN,99.095,71.0,1.0,99.025,363.0,2.0,NaN,NaN,NaN,NaN,NaN,NaN,NaN,NaN,NaN,NaN,NaN,NaN,NaN,NaN,NaN,NaN,NaN,NaN,NaN,NaN,NaN,NaN,NaN,NaN,NaN,NaN,NaN,NaN,NaN,NaN,NaN,NaN,NaN,NaN,NaN,NaN,NaN,NaN,NaN,NaN,NaN,NaN,NaN,NaN,NaN,NaN,NaN,NaN
2010-08-13,NaN,NaN,NaN,NaN,NaN,NaN,NaN,NaN,NaN,NaN,NaN,NaN,NaN,NaN,NaN,NaN,NaN,NaN,NaN,NaN,NaN,99.82,72978.0,1810.0,99.825,56153.0,1106.0,99.835,65155.0,1142.0,99.83,75624.0,1800.0,99.83,67153.0,2334.0,99.83,58952.0,2161.0,99.82,56965.0,4649.0,99.805,21407.0,1455.0,99.78,22208.0,1675.0,99.745,22220.0,1606.0,99.735,11983.0,814.0,99.7,11654.0,927.0,99.65,8745.0,400.0,99.605,8563.0,185.0,99.555,6568.0,121.0,99.48,6513.0,103.0,99.45,4490.0,102.0,99.405,4159.0,7.0,99.32,2505.0,1.0,99.27,1206.0,NaN,99.225,2481.0,NaN,99.14,5344.0,NaN,99.11,71.0,NaN,99.04,363.0,NaN,NaN,NaN,NaN,NaN,NaN,NaN,NaN,NaN,NaN,NaN,NaN,NaN,NaN,NaN,NaN,NaN,NaN,NaN,NaN,NaN,NaN,NaN,NaN,NaN,NaN,NaN,NaN,NaN,NaN,NaN,NaN,NaN,NaN,NaN,NaN,NaN,NaN,NaN,NaN,NaN,NaN,NaN,NaN,NaN,NaN,NaN,NaN,NaN
2010-08-16,NaN,NaN,NaN,NaN,NaN,NaN,NaN,NaN,NaN,NaN,NaN,NaN,NaN,NaN,NaN,NaN,NaN,NaN,NaN,NaN,NaN,99.8175,72157.0,3592.0,99.825,56440.0,811.0,99.835,65326.0,1393.0,99.83,75841.0,1255.0,99.835,67165.0,611.0,99.835,59159.0,537.0,99.82,57092.0,294.0,99.805,21324.0,302.0,99.78,22576.0,952.0,99.745,22431.0,581.0,99.735,12088.0,406.0,99.7,11624.0,124.0,99.65,9012.0,294.0,99.61,8883.0,409.0,99.565,6952.0,387.0,99.49,6513.0,NaN,99.46,4490.0,NaN,99.415,4159.0,NaN,99.33,2505.0,NaN,99.28,1206.0,NaN,99.235,2481.0,NaN,99.15,5344.0,NaN,99.12,71.0,NaN,99.05,363.0,NaN,NaN,NaN,NaN,NaN,NaN,NaN,NaN,NaN,NaN,NaN,NaN,NaN,NaN,NaN,NaN,NaN,NaN,NaN,NaN,NaN,NaN,NaN,NaN,NaN,NaN,NaN,NaN,NaN,NaN,NaN,NaN,NaN,NaN,NaN,NaN,NaN,NaN,NaN,NaN,NaN,NaN,NaN,NaN,NaN,NaN,NaN,NaN,NaN
2010-08-17,NaN,NaN,NaN,NaN,NaN,NaN,NaN,NaN,NaN,NaN,NaN,NaN,NaN,NaN,NaN,NaN,NaN,NaN,NaN,NaN,NaN,99.815,72089.0,2626.0,99.82,55597.0,5749.0,99.825,66086.0,2965.0,99.825,78575.0,7079.0,99.83,67280.0,3022.0,99.83,59442.0,3305.0,99.815,56674.0,4741.0,99.795,20632.0,2176.0,99.775,22555.0,1251.0,99.74,22441.0,708.0,99.725,12129.0,266.0,99.69,11570.0,761.0,99.645,8780.0,1001.0,99.605,8675.0,823.0,99.56,7109.0,690.0,99.5,6556.0,182.0,99.47,4997.0,578.0,99.425,4159.0,NaN,99.34,2505.0,NaN,99.29,1206.0,NaN,99.245,2481.0,NaN,99.16,5344.0,NaN,99.13,71.0,1.0,99.08,363.0,1.0,NaN,NaN,NaN,NaN,NaN,NaN,NaN,NaN,NaN,NaN,NaN,NaN,NaN,NaN,NaN,NaN,NaN,NaN,NaN,NaN,NaN,NaN,NaN,NaN,NaN,NaN,NaN,NaN,NaN,NaN,NaN,NaN,NaN,NaN,NaN,NaN,NaN,NaN,NaN,NaN,NaN,NaN,NaN,NaN,NaN,NaN,NaN,NaN
2010-08-18,NaN,NaN,NaN,NaN,NaN,NaN,NaN,NaN,NaN,NaN,NaN,NaN,NaN,NaN,NaN,NaN,NaN,NaN,NaN,NaN,NaN,99.815,70779.0,2253.0,99.82,55586.0,1544.0,99.825,66290.0,3658.0,99.825,79123.0,3767.0,99.83,67218.0,791.0,99.83,58970.0,1298.0,99.815,56231.0,906.0,99.8,20294.0,1507.0,99.785,22361.0,2598.0,99.75,21680.0,1912.0,99.735,11802.0,976.0,99.7,11554.0,376.0,99.655,8751.0,210.0,99.62,8581.0,190.0,99.575,7165.0,196.0,99.515,6569.0,35.0,99.485,4997.0,15.0,99.44,4203.0,49.0,99.355,2530.0,53.0,99.305,1206.0,22.0,99.26,2494.0,15.0,99.175,5371.0,52.0,99.145,71.0,NaN,99.095,363.0,NaN,NaN,NaN,NaN,NaN,NaN,NaN,NaN,NaN,NaN,NaN,NaN,NaN,NaN,NaN,NaN,NaN,NaN,NaN,NaN,NaN,NaN,NaN,NaN,NaN,NaN,NaN,NaN,NaN,NaN,NaN,NaN,NaN,NaN,NaN,NaN,NaN,NaN,NaN,NaN,NaN,NaN,NaN,NaN,NaN,NaN,NaN,NaN,NaN
2010-08-19,NaN,NaN,NaN,NaN,NaN,NaN,NaN,NaN,NaN,NaN,NaN,NaN,NaN,NaN,NaN,NaN,NaN,NaN,NaN,NaN,NaN,99.8175,71312.0,1139.0,99.82,54590.0,6089.0,99.825,66779.0,8444.0,99.825,78582.0,2197.0,99.83,67043.0,1654.0,99.83,58739.0,514.0,99.82,55632.0,1550.0,99.805,19827.0,4387.0,99.79,21890.0,3074.0,99.765,21563.0,4244.0,99.75,12909.0,3274.0,99.72,13466.0,4509.0,99.685,10972.0,4464.0,99.65,8782.0,1023.0,99.605,7290.0,319.0,99.535,6643.0,145.0,99.505,5004.0,37.0,99.46,4204.0,1.0,99.38,2531.0,1.0,99.33,1206.0,NaN,99.285,2494.0,NaN,99.2,5371.0,NaN,99.17,71.0,NaN,99.115,363.0,NaN,NaN,NaN,NaN,NaN,NaN,NaN,NaN,NaN,NaN,NaN,NaN,NaN,NaN,NaN,NaN,NaN,NaN,NaN,NaN,NaN,NaN,NaN,NaN,NaN,NaN,NaN,NaN,NaN,NaN,NaN,NaN,NaN,NaN,NaN,NaN,NaN,NaN,NaN,NaN,NaN,NaN,NaN,NaN,NaN,NaN,NaN,NaN,NaN
2010-08-20,NaN,NaN,NaN,NaN,NaN,NaN,NaN,NaN,NaN,NaN,NaN,NaN,NaN,NaN,NaN,NaN,NaN,NaN,NaN,NaN,NaN,99.815,68833.0,3016.0,99.82,53504.0,2693.0,99.825,66903.0,518.0,99.83,78340.0,1578.0,99.835,68276.0,3983.0,99.835,59289.0,750.0,99.825,55833.0,1486.0,99.81,19628.0,604.0,99.79,22000.0,351.0,99.765,21627.0,168.0,99.75,12890.0,95.0,99.725,13368.0,374.0,99.69,10876.0,418.0,99.655,8818.0,151.0,99.61,7310.0,96.0,99.54,6643.0,7.0,99.51,5004.0,5.0,99.465,4210.0,7.0,99.385,2538.0,7.0,99.335,1207.0,1.0,99.285,2494.0,NaN,99.2,5371.0,NaN,99.17,71.0,NaN,99.1,366.0,3.0,NaN,NaN,NaN,NaN,NaN,NaN,NaN,NaN,NaN,NaN,NaN,NaN,NaN,NaN,NaN,NaN,NaN,NaN,NaN,NaN,NaN,NaN,NaN,NaN,NaN,NaN,NaN,NaN,NaN,NaN,NaN,NaN,NaN,NaN,NaN,NaN,NaN,NaN,NaN,NaN,NaN,NaN,NaN,NaN,NaN,NaN,NaN,NaN
2010-08-23,NaN,NaN,NaN,NaN,NaN,NaN,NaN,NaN,NaN,NaN,NaN,NaN,NaN,NaN,NaN,NaN,NaN,NaN,NaN,NaN,NaN,99.8125,68052.0,2530.0,99.82,53370.0,1824.0,99.825,67015.0,766.0,99.83,78639.0,2005.0,99.835,68261.0,886.0,99.835,59310.0,374.0,99.825,55726.0,741.0,99.81,19916.0,1281.0,99.795,21787.0,1218.0,99.765,21705.0,1003.0,99.755,12962.0,269.0,99.725,13550.0,569.0,99.695,11618.0,1258.0,99.66,8694.0,535.0,99.62,7031.0,737.0,99.55,6818.0,418.0,99.52,5024.0,71.0,99.475,4222.0,12.0,99.395,2550.0,12.0,99.345,1207.0,NaN,99.295,2500.0,6.0,99.21,5471.0,100.0,99.18,74.0,3.0,99.11,368.0,2.0,NaN,NaN,NaN,NaN,NaN,NaN,NaN,NaN,NaN,NaN,NaN,NaN,NaN,NaN,NaN,NaN,NaN,NaN,NaN,NaN,NaN,NaN,NaN,NaN,NaN,NaN,NaN,NaN,NaN,NaN,NaN,NaN,NaN,NaN,NaN,NaN,NaN,NaN,NaN,NaN,NaN,NaN,NaN,NaN,NaN,NaN,NaN,NaN
2010-08-24,NaN,NaN,NaN,NaN,NaN,NaN,NaN,NaN,NaN,NaN,NaN,NaN,NaN,NaN,NaN,NaN,NaN,NaN,NaN,NaN,NaN,99.8125,68129.0,525.0,99.82,53070.0,2601.0,99.825,67936.0,2756.0,99.83,79534.0,3239.0,99.835,70021.0,3468.0,99.835,58812.0,2483.0,99.825,55795.0,3370.0,99.81,20822.0,3715.0,99.795,22161.0,2152.0,99.77,21320.0,1897.0,99.76,13363.0,1833.0,99.73,14421.0,2851.0,99.7,14325.0,4045.0,99.665,8600.0,1042.0,99.63,6873.0,1281.0,99.57,7285.0,1191.0,99.54,5051.0,766.0,99.5,4241.0,87.0,99.425,2557.0,7.0,99.38,1207.0,NaN,99.33,2500.0,2.0,99.265,5471.0,5.0,99.235,71.0,3.0,99.175,371.0,3.0,NaN,NaN,NaN,NaN,NaN,NaN,NaN,NaN,NaN,NaN,NaN,NaN,NaN,NaN,NaN,NaN,NaN,NaN,NaN,NaN,NaN,NaN,NaN,NaN,NaN,NaN,NaN,NaN,NaN,NaN,NaN,NaN,NaN,NaN,NaN,NaN,NaN,NaN,NaN,NaN,NaN,NaN,NaN,NaN,NaN,NaN,NaN,NaN
2010-08-25,NaN,NaN,NaN,NaN,NaN,NaN,NaN,NaN,NaN,NaN,NaN,NaN,NaN,NaN,NaN,NaN,NaN,NaN,NaN,NaN,NaN,99.8125,66693.0,4174.0,99.82,52782.0,1776.0,99.825,68223.0,1163.0,99.83,79853.0,5608.0,99.835,71800.0,4118.0,99.835,59368.0,4836.0,99.825,55699.0,7926.0,99.81,26220.0,10997.0,99.795,21857.0,2350.0,99.765,21817.0,2693.0,99.755,13877.0,2803.0,99.725,13936.0,2497.0,99.695,14581.0,2267.0,99.66,8492.0,708.0,99.625,6778.0,707.0,99.565,7420.0,487.0,99.535,5317.0,1054.0,99.495,5086.0,1358.0,99.42,2902.0,415.0,99.37,1520.0,348.0,99.31,2505.0,40.0,99.245,5546.0,75.0,99.215,71.0,NaN,99.15,423.0,52.0,NaN,NaN,NaN,NaN,NaN,NaN,NaN,NaN,NaN,NaN,NaN,NaN,NaN,NaN,NaN,NaN,NaN,NaN,NaN,NaN,NaN,NaN,NaN,NaN,NaN,NaN,NaN,NaN,NaN,NaN,NaN,NaN,NaN,NaN,NaN,NaN,NaN,NaN,NaN,NaN,NaN,NaN,NaN,NaN,NaN,NaN,NaN,NaN
2010-08-26,NaN,NaN,NaN,NaN,NaN,NaN,NaN,NaN,NaN,NaN,NaN,NaN,NaN,NaN,NaN,NaN,NaN,NaN,NaN,NaN,NaN,99.8125,66891.0,1147.0,99.82,50480.0,5786.0,99.825,68904.0,3216.0,99.83,79991.0,3244.0,99.835,72123.0,991.0,99.835,61188.0,2363.0,99.825,56266.0,1079.0,99.81,27071.0,1738.0,99.795,22035.0,461.0,99.765,21909.0,1125.0,99.755,13480.0,359.0,99.725,13300.0,1032.0,99.695,14642.0,347.0,99.66,8533.0,178.0,99.625,6896.0,258.0,99.565,7442.0,221.0,99.535,5480.0,259.0,99.495,5131.0,106.0,99.415,3098.0,284.0,99.365,1650.0,130.0,99.305,2355.0,175.0,99.235,5546.0,NaN,99.2,71.0,NaN,99.135,424.0,1.0,NaN,NaN,NaN,NaN,NaN,NaN,NaN,NaN,NaN,NaN,NaN,NaN,NaN,NaN,NaN,NaN,NaN,NaN,NaN,NaN,NaN,NaN,NaN,NaN,NaN,NaN,NaN,NaN,NaN,NaN,NaN,NaN,NaN,NaN,NaN,NaN,NaN,NaN,NaN,NaN,NaN,NaN,NaN,NaN,NaN,NaN,NaN,NaN
2010-08-27,NaN,NaN,NaN,NaN,NaN,NaN,NaN,NaN,NaN,NaN,NaN,NaN,NaN,NaN,NaN,NaN,NaN,NaN,NaN,NaN,NaN,99.8125,66667.0,1073.0,99.82,52112.0,6278.0,99.82,67406.0,11742.0,99.82,82285.0,18153.0,99.82,76376.0,9555.0,99.825,62069.0,2370.0,99.815,56012.0,2802.0,99.8,27101.0,1340.0,99.785,22733.0,1980.0,99.755,22297.0,2284.0,99.74,14005.0,1876.0,99.705,12873.0,1991.0,99.665,15260.0,1775.0,99.62,8931.0,795.0,99.575,6969.0,441.0,99.505,7669.0,452.0,99.47,5580.0,140.0,99.425,5213.0,86.0,99.34,3197.0,115.0,99.285,1733.0,85.0,99.225,2355.0,NaN,99.14,5546.0,NaN,99.1,71.0,NaN,99.03,425.0,1.0,NaN,NaN,NaN,NaN,NaN,NaN,NaN,NaN,NaN,NaN,NaN,NaN,NaN,NaN,NaN,NaN,NaN,NaN,NaN,NaN,NaN,NaN,NaN,NaN,NaN,NaN,NaN,NaN,NaN,NaN,NaN,NaN,NaN,NaN,NaN,NaN,NaN,NaN,NaN,NaN,NaN,NaN,NaN,NaN,NaN,NaN,NaN,NaN
2010-08-30,NaN,NaN,NaN,NaN,NaN,NaN,NaN,NaN,NaN,NaN,NaN,NaN,NaN,NaN,NaN,NaN,NaN,NaN,NaN,NaN,NaN,99.8125,66609.0,133.0,99.82,51818.0,4842.0,99.82,66471.0,3316.0,99.82,82425.0,1927.0,99.82,76503.0,2179.0,99.825,61969.0,2757.0,99.815,55353.0,1296.0,99.805,27007.0,636.0,99.795,22693.0,1162.0,99.77,22320.0,923.0,99.76,14075.0,435.0,99.735,12843.0,512.0,99.705,15659.0,988.0,99.665,9383.0,1039.0,99.63,7299.0,877.0,99.565,8079.0,700.0,99.54,5545.0,811.0,99.495,5188.0,246.0,99.425,3252.0,246.0,99.37,1755.0,30.0,99.31,2355.0,NaN,99.225,5546.0,NaN,99.185,71.0,NaN,99.12,426.0,1.0,NaN,NaN,NaN,NaN,NaN,NaN,NaN,NaN,NaN,NaN,NaN,NaN,NaN,NaN,NaN,NaN,NaN,NaN,NaN,NaN,NaN,NaN,NaN,NaN,NaN,NaN,NaN,NaN,NaN,NaN,NaN,NaN,NaN,NaN,NaN,NaN,NaN,NaN,NaN,NaN,NaN,NaN,NaN,NaN,NaN,NaN,NaN,NaN
2010-08-31,NaN,NaN,NaN,NaN,NaN,NaN,NaN,NaN,NaN,NaN,NaN,NaN,NaN,NaN,NaN,NaN,NaN,NaN,NaN,NaN,NaN,99.8125,66245.0,1685.0,99.815,52026.0,2254.0,99.82,66320.0,1909.0,99.82,82500.0,632.0,99.82,76554.0,2208.0,99.825,62147.0,1227.0,99.815,55602.0,1447.0,99.805,26973.0,903.0,99.795,22553.0,739.0,99.775,22248.0,2121.0,99.765,14318.0,1198.0,99.74,12915.0,677.0,99.715,16358.0,1302.0,99.68,9329.0,511.0,99.65,7433.0,564.0,99.595,8154.0,423.0,99.57,5720.0,386.0,99.53,5155.0,233.0,99.46,3260.0,19.0,99.405,1755.0,NaN,99.355,2355.0,NaN,99.28,5554.0,8.0,99.24,112.0,41.0,99.175,471.0,45.0,NaN,NaN,NaN,NaN,NaN,NaN,NaN,NaN,NaN,NaN,NaN,NaN,NaN,NaN,NaN,NaN,NaN,NaN,NaN,NaN,NaN,NaN,NaN,NaN,NaN,NaN,NaN,NaN,NaN,NaN,NaN,NaN,NaN,NaN,NaN,NaN,NaN,NaN,NaN,NaN,NaN,NaN,NaN,NaN,NaN,NaN,NaN,NaN
2010-09-01,NaN,NaN,NaN,NaN,NaN,NaN,NaN,NaN,NaN,NaN,NaN,NaN,NaN,NaN,NaN,NaN,NaN,NaN,NaN,NaN,NaN,NaN,NaN,NaN,99.815,52515.0,6088.0,99.815,66408.0,1544.0,99.82,82271.0,5634.0,99.82,76071.0,3066.0,99.825,61092.0,4431.0,99.815,56883.0,3826.0,99.805,27721.0,1725.0,99.795,23439.0,2185.0,99.77,22419.0,2421.0,99.76,14543.0,1087.0,99.735,12908.0,998.0,99.705,16710.0,1991.0,99.67,9430.0,802.0,99.635,7217.0,508.0,99.58,7920.0,543.0,99.55,5770.0,359.0,99.505,5176.0,91.0,99.43,3294.0,137.0,99.375,1772.0,19.0,99.325,2355.0,NaN,99.25,5554.0,NaN,99.21,112.0,NaN,99.145,413.0,63.0,99.075,NaN,NaN,NaN,NaN,NaN,NaN,NaN,NaN,NaN,NaN,NaN,NaN,NaN,NaN,NaN,NaN,NaN,NaN,NaN,NaN,NaN,NaN,NaN,NaN,NaN,NaN,NaN,NaN,NaN,NaN,NaN,NaN,NaN,NaN,NaN,NaN,NaN,NaN,NaN,NaN,NaN,NaN,NaN,NaN,NaN,NaN,NaN
2010-09-02,NaN,NaN,NaN,NaN,NaN,NaN,NaN,NaN,NaN,NaN,NaN,NaN,NaN,NaN,NaN,NaN,NaN,NaN,NaN,NaN,NaN,NaN,NaN,NaN,99.815,53757.0,8748.0,99.815,64908.0,4382.0,99.82,80566.0,3770.0,99.82,76440.0,2654.0,99.825,61915.0,1986.0,99.815,57039.0,875.0,99.805,28096.0,636.0,99.795,24054.0,1438.0,99.77,22505.0,661.0,99.76,14376.0,553.0,99.73,13863.0,2458.0,99.69,17603.0,2384.0,99.655,9955.0,1210.0,99.62,7299.0,816.0,99.565,7885.0,238.0,99.535,5770.0,82.0,99.49,5210.0,42.0,99.415,3331.0,47.0,99.36,1773.0,1.0,99.31,2355.0,NaN,99.235,5554.0,NaN,99.195,18.0,109.0,99.13,415.0,2.0,99.06,NaN,NaN,NaN,NaN,NaN,NaN,NaN,NaN,NaN,NaN,NaN,NaN,NaN,NaN,NaN,NaN,NaN,NaN,NaN,NaN,NaN,NaN,NaN,NaN,NaN,NaN,NaN,NaN,NaN,NaN,NaN,NaN,NaN,NaN,NaN,NaN,NaN,NaN,NaN,NaN,NaN,NaN,NaN,NaN,NaN,NaN,NaN
2010-09-03,NaN,NaN,NaN,NaN,NaN,NaN,NaN,NaN,NaN,NaN,NaN,NaN,NaN,NaN,NaN,NaN,NaN,NaN,NaN,NaN,NaN,NaN,NaN,NaN,99.815,53324.0,1285.0,99.815,64727.0,2876.0,99.815,82201.0,6768.0,99.82,76782.0,4342.0,99.825,61945.0,2596.0,99.815,56236.0,2434.0,99.805,28086.0,1145.0,99.79,24196.0,1212.0,99.765,22557.0,1131.0,99.755,14561.0,1427.0,99.72,14201.0,1445.0,99.685,18167.0,1267.0,99.645,10111.0,888.0,99.605,7456.0,553.0,99.545,7922.0,534.0,99.515,5771.0,116.0,99.47,5267.0,98.0,99.385,3377.0,64.0,99.33,1823.0,50.0,99.28,2255.0,100.0,99.205,5554.0,NaN,99.165,18.0,NaN,99.1,416.0,2.0,99.02,NaN,NaN,NaN,NaN,NaN,NaN,NaN,NaN,NaN,NaN,NaN,NaN,NaN,NaN,NaN,NaN,NaN,NaN,NaN,NaN,NaN,NaN,NaN,NaN,NaN,NaN,NaN,NaN,NaN,NaN,NaN,NaN,NaN,NaN,NaN,NaN,NaN,NaN,NaN,NaN,NaN,NaN,NaN,NaN,NaN,NaN,NaN
2010-09-07,NaN,NaN,NaN,NaN,NaN,NaN,NaN,NaN,NaN,NaN,NaN,NaN,NaN,NaN,NaN,NaN,NaN,NaN,NaN,NaN,NaN,NaN,NaN,NaN,99.815,53107.0,3757.0,99.815,63787.0,2421.0,99.815,81835.0,1178.0,99.82,76611.0,1069.0,99.825,61801.0,1325.0,99.815,56178.0,497.0,99.805,28012.0,541.0,99.795,24064.0,852.0,99.77,22616.0,994.0,99.76,14868.0,1002.0,99.735,14412.0,663.0,99.7,18255.0,1176.0,99.665,10110.0,936.0,99.63,7668.0,858.0,99.575,7811.0,520.0,99.545,5771.0,178.0,99.505,5267.0,31.0,99.435,3383.0,8.0,99.38,1823.0,NaN,99.33,2255.0,NaN,99.255,5554.0,NaN,99.215,18.0,NaN,99.15,416.0,NaN,99.08,NaN,NaN,NaN,NaN,NaN,NaN,NaN,NaN,NaN,NaN,NaN,NaN,NaN,NaN,NaN,NaN,NaN,NaN,NaN,NaN,NaN,NaN,NaN,NaN,NaN,NaN,NaN,NaN,NaN,NaN,NaN,NaN,NaN,NaN,NaN,NaN,NaN,NaN,NaN,NaN,NaN,NaN,NaN,NaN,NaN,NaN,NaN
2010-09-08,NaN,NaN,NaN,NaN,NaN,NaN,NaN,NaN,NaN,NaN,NaN,NaN,NaN,NaN,NaN,NaN,NaN,NaN,NaN,NaN,NaN,NaN,NaN,NaN,99.815,52919.0,462.0,99.815,64177.0,5092.0,99.815,80599.0,5142.0,99.82,77488.0,1988.0,99.82,60367.0,3352.0,99.81,57142.0,2181.0,99.8,27833.0,1212.0,99.79,24012.0,1011.0,99.77,22684.0,1105.0,99.76,15579.0,1330.0,99.735,14948.0,2495.0,99.7,18624.0,2789.0,99.665,10209.0,651.0,99.63,7597.0,426.0,99.575,7943.0,610.0,99.545,5773.0,436.0,99.51,5266.0,43.0,99.44,3397.0,45.0,99.39,1924.0,106.0,99.35,2256.0,76.0,99.28,5556.0,14.0,99.24,18.0,1.0,99.185,418.0,2.0,99.115,6.0,6.0,NaN,NaN,NaN,NaN,NaN,NaN,NaN,NaN,NaN,NaN,NaN,NaN,NaN,NaN,NaN,NaN,NaN,NaN,NaN,NaN,NaN,NaN,NaN,NaN,NaN,NaN,NaN,NaN,NaN,NaN,NaN,NaN,NaN,NaN,NaN,NaN,NaN,NaN,NaN,NaN,NaN,NaN,NaN,NaN,NaN
2010-09-09,NaN,NaN,NaN,NaN,NaN,NaN,NaN,NaN,NaN,NaN,NaN,NaN,NaN,NaN,NaN,NaN,NaN,NaN,NaN,NaN,NaN,NaN,NaN,NaN,99.8125,50984.0,6883.0,99.81,64712.0,3291.0,99.81,81155.0,4752.0,99.815,77488.0,4853.0,99.815,59407.0,2354.0,99.805,56145.0,2317.0,99.795,27894.0,1767.0,99.78,24044.0,2658.0,99.75,23765.0,3156.0,99.735,15913.0,2180.0,99.705,14988.0,2370.0,99.665,19901.0,4188.0,99.62,10464.0,1573.0,99.58,7802.0,980.0,99.52,8035.0,969.0,99.485,5800.0,478.0,99.44,5277.0,145.0,99.35,3441.0,44.0,99.295,1924.0,NaN,99.24,2257.0,1.0,99.16,5556.0,NaN,99.125,18.0,NaN,99.06,420.0,19.0,98.985,28.0,25.0,NaN,NaN,NaN,NaN,NaN,NaN,NaN,NaN,NaN,NaN,NaN,NaN,NaN,NaN,NaN,NaN,NaN,NaN,NaN,NaN,NaN,NaN,NaN,NaN,NaN,NaN,NaN,NaN,NaN,NaN,NaN,NaN,NaN,NaN,NaN,NaN,NaN,NaN,NaN,NaN,NaN,NaN,NaN,NaN,NaN
2010-09-10,NaN,NaN,NaN,NaN,NaN,NaN,NaN,NaN,NaN,NaN,NaN,NaN,NaN,NaN,NaN,NaN,NaN,NaN,NaN,NaN,NaN,NaN,NaN,NaN,99.8125,50853.0,6931.0,99.805,63336.0,5092.0,99.805,82628.0,4545.0,99.81,77730.0,3754.0,99.815,58835.0,2581.0,99.8,57085.0,2071.0,99.79,27605.0,1845.0,99.775,24404.0,1626.0,99.745,23296.0,2091.0,99.73,15402.0,1338.0,99.695,15397.0,2423.0,99.65,20198.0,1132.0,99.605,10460.0,634.0,99.56,8073.0,918.0,99.495,8424.0,890.0,99.46,5789.0,501.0,99.41,5473.0,266.0,99.325,3551.0,113.0,99.27,1924.0,NaN,99.215,2258.0,1.0,99.135,5557.0,1.0,99.1,18.0,NaN,99.035,420.0,NaN,98.96,28.0,NaN,NaN,NaN,NaN,NaN,NaN,NaN,NaN,NaN,NaN,NaN,NaN,NaN,NaN,NaN,NaN,NaN,NaN,NaN,NaN,NaN,NaN,NaN,NaN,NaN,NaN,NaN,NaN,NaN,NaN,NaN,NaN,NaN,NaN,NaN,NaN,NaN,NaN,NaN,NaN,NaN,NaN,NaN,NaN,NaN,NaN
2010-09-13,NaN,NaN,NaN,NaN,NaN,NaN,NaN,NaN,NaN,NaN,NaN,NaN,NaN,NaN,NaN,NaN,NaN,NaN,NaN,NaN,NaN,NaN,NaN,NaN,99.815,52861.0,4545.0,99.81,63996.0,6811.0,99.805,84518.0,5148.0,99.81,77918.0,845.0,99.815,58902.0,663.0,99.805,56831.0,1680.0,99.795,27863.0,1412.0,99.785,24504.0,1229.0,99.765,23133.0,1470.0,99.75,15279.0,792.0,99.715,15366.0,642.0,99.68,19634.0,944.0,99.64,10529.0,207.0,99.595,8118.0,194.0,99.53,8696.0,380.0,99.495,5886.0,190.0,99.445,5499.0,112.0,99.365,3652.0,102.0,99.31,2050.0,126.0,99.255,2383.0,125.0,99.175,5658.0,101.0,99.14,18.0,NaN,99.075,496.0,122.0,99.0,208.0,225.0,NaN,NaN,NaN,NaN,NaN,NaN,NaN,NaN,NaN,NaN,NaN,NaN,NaN,NaN,NaN,NaN,NaN,NaN,NaN,NaN,NaN,NaN,NaN,NaN,NaN,NaN,NaN,NaN,NaN,NaN,NaN,NaN,NaN,NaN,NaN,NaN,NaN,NaN,NaN,NaN,NaN,NaN,NaN,NaN,NaN
2010-09-14,NaN,NaN,NaN,NaN,NaN,NaN,NaN,NaN,NaN,NaN,NaN,NaN,NaN,NaN,NaN,NaN,NaN,NaN,NaN,NaN,NaN,NaN,NaN,NaN,99.815,53741.0,2427.0,99.81,63774.0,3913.0,99.81,87705.0,9220.0,99.815,77698.0,4705.0,99.815,58250.0,3708.0,99.81,57313.0,1358.0,99.805,28335.0,911.0,99.795,24783.0,932.0,99.775,23316.0,1383.0,99.76,15168.0,1278.0,99.73,15591.0,2367.0,99.7,19716.0,2353.0,99.665,10598.0,1310.0,99.635,8875.0,1736.0,99.58,9403.0,1512.0,99.555,6402.0,673.0,99.515,5530.0,167.0,99.435,3654.0,28.0,99.385,2052.0,14.0,99.335,2382.0,11.0,99.26,5657.0,1.0,99.23,18.0,1.0,99.165,495.0,76.0,99.09,221.0,76.0,NaN,NaN,NaN,NaN,NaN,NaN,NaN,NaN,NaN,NaN,NaN,NaN,NaN,NaN,NaN,NaN,NaN,NaN,NaN,NaN,NaN,NaN,NaN,NaN,NaN,NaN,NaN,NaN,NaN,NaN,NaN,NaN,NaN,NaN,NaN,NaN,NaN,NaN,NaN,NaN,NaN,NaN,NaN,NaN,NaN
2010-09-15,NaN,NaN,NaN,NaN,NaN,NaN,NaN,NaN,NaN,NaN,NaN,NaN,NaN,NaN,NaN,NaN,NaN,NaN,NaN,NaN,NaN,NaN,NaN,NaN,99.815,56496.0,5079.0,99.81,61802.0,6684.0,99.81,88189.0,6785.0,99.815,78996.0,3596.0,99.815,60247.0,3280.0,99.81,56585.0,7731.0,99.805,29133.0,4326.0,99.795,25669.0,2957.0,99.775,23782.0,1702.0,99.76,15206.0,1215.0,99.73,16251.0,2377.0,99.7,19619.0,998.0,99.665,10779.0,529.0,99.635,9087.0,435.0,99.58,9597.0,625.0,99.555,6607.0,326.0,99.515,5564.0,129.0,99.435,3680.0,92.0,99.39,2074.0,39.0,99.34,2466.0,84.0,99.265,5657.0,NaN,99.235,18.0,NaN,99.17,495.0,NaN,99.095,221.0,NaN,NaN,NaN,NaN,NaN,NaN,NaN,NaN,NaN,NaN,NaN,NaN,NaN,NaN,NaN,NaN,NaN,NaN,NaN,NaN,NaN,NaN,NaN,NaN,NaN,NaN,NaN,NaN,NaN,NaN,NaN,NaN,NaN,NaN,NaN,NaN,NaN,NaN,NaN,NaN,NaN,NaN,NaN,NaN,NaN,NaN
2010-09-16,NaN,NaN,NaN,NaN,NaN,NaN,NaN,NaN,NaN,NaN,NaN,NaN,NaN,NaN,NaN,NaN,NaN,NaN,NaN,NaN,NaN,NaN,NaN,NaN,99.815,57866.0,3986.0,99.81,61193.0,2704.0,99.81,87834.0,1887.0,99.815,79722.0,1578.0,99.815,59538.0,3457.0,99.81,56917.0,1710.0,99.805,29017.0,796.0,99.8,27334.0,3511.0,99.78,24654.0,2610.0,99.765,15369.0,647.0,99.74,16475.0,1965.0,99.71,19948.0,2108.0,99.68,10798.0,1051.0,99.65,9621.0,1107.0,99.595,9625.0,151.0,99.57,6724.0,169.0,99.53,5564.0,66.0,99.45,3680.0,NaN,99.405,2075.0,1.0,99.35,2467.0,1.0,99.27,5724.0,70.0,99.24,18.0,1.0,99.17,498.0,95.0,99.095,472.0,360.0,NaN,NaN,NaN,NaN,NaN,NaN,NaN,NaN,NaN,NaN,NaN,NaN,NaN,NaN,NaN,NaN,NaN,NaN,NaN,NaN,NaN,NaN,NaN,NaN,NaN,NaN,NaN,NaN,NaN,NaN,NaN,NaN,NaN,NaN,NaN,NaN,NaN,NaN,NaN,NaN,NaN,NaN,NaN,NaN,NaN
2010-09-17,NaN,NaN,NaN,NaN,NaN,NaN,NaN,NaN,NaN,NaN,NaN,NaN,NaN,NaN,NaN,NaN,NaN,NaN,NaN,NaN,NaN,NaN,NaN,NaN,99.807,56524.0,13245.0,99.805,59980.0,6777.0,99.81,89093.0,4563.0,99.815,79348.0,3903.0,99.815,60492.0,3970.0,99.81,56910.0,783.0,99.805,29294.0,1724.0,99.8,27589.0,1371.0,99.78,24790.0,1565.0,99.765,15376.0,488.0,99.74,16492.0,314.0,99.71,19807.0,252.0,99.68,10782.0,199.0,99.645,9621.0,26.0,99.59,9647.0,22.0,99.565,6724.0,10.0,99.525,5564.0,NaN,99.445,3680.0,NaN,99.4,2075.0,NaN,99.345,2467.0,NaN,99.27,5724.0,NaN,99.24,18.0,NaN,99.175,498.0,NaN,99.1,472.0,NaN,NaN,NaN,NaN,NaN,NaN,NaN,NaN,NaN,NaN,NaN,NaN,NaN,NaN,NaN,NaN,NaN,NaN,NaN,NaN,NaN,NaN,NaN,NaN,NaN,NaN,NaN,NaN,NaN,NaN,NaN,NaN,NaN,NaN,NaN,NaN,NaN,NaN,NaN,NaN,NaN,NaN,NaN,NaN,NaN,NaN
2010-09-20,NaN,NaN,NaN,NaN,NaN,NaN,NaN,NaN,NaN,NaN,NaN,NaN,NaN,NaN,NaN,NaN,NaN,NaN,NaN,NaN,NaN,NaN,NaN,NaN,99.8075,55981.0,6025.0,99.805,59976.0,2125.0,99.81,89071.0,1610.0,99.815,79508.0,792.0,99.815,60208.0,2272.0,99.81,56997.0,1738.0,99.805,29305.0,437.0,99.8,27432.0,991.0,99.785,24887.0,196.0,99.775,15463.0,197.0,99.75,16407.0,214.0,99.72,19746.0,133.0,99.69,10828.0,75.0,99.66,9667.0,160.0,99.605,9797.0,177.0,99.58,6724.0,33.0,99.54,5565.0,1.0,99.465,3680.0,NaN,99.42,2075.0,NaN,99.365,2467.0,NaN,99.29,5724.0,3.0,99.26,18.0,NaN,99.195,498.0,NaN,99.12,496.0,24.0,NaN,NaN,NaN,NaN,NaN,NaN,NaN,NaN,NaN,NaN,NaN,NaN,NaN,NaN,NaN,NaN,NaN,NaN,NaN,NaN,NaN,NaN,NaN,NaN,NaN,NaN,NaN,NaN,NaN,NaN,NaN,NaN,NaN,NaN,NaN,NaN,NaN,NaN,NaN,NaN,NaN,NaN,NaN,NaN,NaN
2010-09-21,NaN,NaN,NaN,NaN,NaN,NaN,NaN,NaN,NaN,NaN,NaN,NaN,NaN,NaN,NaN,NaN,NaN,NaN,NaN,NaN,NaN,NaN,NaN,NaN,99.8075,57068.0,4927.0,99.81,62984.0,10003.0,99.81,87544.0,8230.0,99.815,79398.0,3367.0,99.82,60276.0,2255.0,99.815,56833.0,1876.0,99.81,29149.0,2859.0,99.805,26982.0,2482.0,99.795,25197.0,1532.0,99.785,15969.0,2188.0,99.77,17356.0,2276.0,99.745,20276.0,2038.0,99.72,11481.0,1864.0,99.695,9981.0,1135.0,99.65,9942.0,679.0,99.63,6724.0,214.0,99.595,5571.0,36.0,99.52,3682.0,9.0,99.48,2076.0,1.0,99.43,2467.0,NaN,99.365,5724.0,NaN,99.335,18.0,NaN,99.275,499.0,5.0,99.2,496.0,NaN,NaN,NaN,NaN,NaN,NaN,NaN,NaN,NaN,NaN,NaN,NaN,NaN,NaN,NaN,NaN,NaN,NaN,NaN,NaN,NaN,NaN,NaN,NaN,NaN,NaN,NaN,NaN,NaN,NaN,NaN,NaN,NaN,NaN,NaN,NaN,NaN,NaN,NaN,NaN,NaN,NaN,NaN,NaN,NaN,NaN
2010-09-22,NaN,NaN,NaN,NaN,NaN,NaN,NaN,NaN,NaN,NaN,NaN,NaN,NaN,NaN,NaN,NaN,NaN,NaN,NaN,NaN,NaN,NaN,NaN,NaN,99.8075,56517.0,2836.0,99.81,62934.0,3761.0,99.81,87682.0,3150.0,99.815,79169.0,1904.0,99.82,60233.0,1296.0,99.815,56863.0,866.0,99.81,29726.0,1815.0,99.805,27267.0,1302.0,99.795,24928.0,1345.0,99.785,16132.0,1551.0,99.77,18094.0,3213.0,99.745,20166.0,575.0,99.72,11702.0,703.0,99.695,10052.0,294.0,99.65,10146.0,304.0,99.63,6724.0,90.0,99.595,5667.0,214.0,99.52,3781.0,125.0,99.48,2173.0,105.0,99.43,2528.0,63.0,99.365,6025.0,301.0,99.335,38.0,20.0,99.275,499.0,NaN,99.2,496.0,NaN,NaN,NaN,NaN,NaN,NaN,NaN,NaN,NaN,NaN,NaN,NaN,NaN,NaN,NaN,NaN,NaN,NaN,NaN,NaN,NaN,NaN,NaN,NaN,NaN,NaN,NaN,NaN,NaN,NaN,NaN,NaN,NaN,NaN,NaN,NaN,NaN,NaN,NaN,NaN,NaN,NaN,NaN,NaN,NaN,NaN
2010-09-23,NaN,NaN,NaN,NaN,NaN,NaN,NaN,NaN,NaN,NaN,NaN,NaN,NaN,NaN,NaN,NaN,NaN,NaN,NaN,NaN,NaN,NaN,NaN,NaN,99.8075,57683.0,2404.0,99.81,63691.0,1645.0,99.815,87916.0,1607.0,99.82,78984.0,1376.0,99.825,60253.0,907.0,99.82,56634.0,1884.0,99.815,29560.0,769.0,99.81,27353.0,1544.0,99.795,25056.0,587.0,99.785,15934.0,384.0,99.77,17996.0,1564.0,99.755,20352.0,1432.0,99.73,11948.0,1289.0,99.705,10078.0,404.0,99.665,10221.0,759.0,99.645,6748.0,327.0,99.61,5611.0,175.0,99.535,3746.0,75.0,99.495,2235.0,62.0,99.45,2528.0,5.0,99.385,6025.0,20.0,99.355,18.0,20.0,99.295,499.0,NaN,99.22,496.0,NaN,NaN,NaN,NaN,NaN,NaN,NaN,NaN,NaN,NaN,NaN,NaN,NaN,NaN,NaN,NaN,NaN,NaN,NaN,NaN,NaN,NaN,NaN,NaN,NaN,NaN,NaN,NaN,NaN,NaN,NaN,NaN,NaN,NaN,NaN,NaN,NaN,NaN,NaN,NaN,NaN,NaN,NaN,NaN,NaN,NaN
2010-09-24,NaN,NaN,NaN,NaN,NaN,NaN,NaN,NaN,NaN,NaN,NaN,NaN,NaN,NaN,NaN,NaN,NaN,NaN,NaN,NaN,NaN,NaN,NaN,NaN,99.805,57740.0,1139.0,99.805,64386.0,4147.0,99.81,88697.0,3105.0,99.82,79380.0,1942.0,99.825,59122.0,3004.0,99.82,56687.0,857.0,99.815,29640.0,671.0,99.81,27662.0,1182.0,99.795,25762.0,968.0,99.785,16301.0,712.0,99.77,18251.0,1314.0,99.75,20844.0,1244.0,99.73,11866.0,890.0,99.705,10142.0,198.0,99.665,10312.0,513.0,99.64,6819.0,362.0,99.605,5582.0,105.0,99.53,3821.0,75.0,99.49,2283.0,61.0,99.445,2575.0,58.0,99.38,6125.0,100.0,99.35,18.0,NaN,99.29,549.0,50.0,99.215,596.0,100.0,NaN,NaN,NaN,NaN,NaN,NaN,NaN,NaN,NaN,NaN,NaN,NaN,NaN,NaN,NaN,NaN,NaN,NaN,NaN,NaN,NaN,NaN,NaN,NaN,NaN,NaN,NaN,NaN,NaN,NaN,NaN,NaN,NaN,NaN,NaN,NaN,NaN,NaN,NaN,NaN,NaN,NaN,NaN,NaN,NaN
2010-09-27,NaN,NaN,NaN,NaN,NaN,NaN,NaN,NaN,NaN,NaN,NaN,NaN,NaN,NaN,NaN,NaN,NaN,NaN,NaN,NaN,NaN,NaN,NaN,NaN,99.805,57688.0,296.0,99.805,64211.0,621.0,99.81,89065.0,1870.0,99.82,80605.0,3346.0,99.825,60245.0,1976.0,99.82,57312.0,1327.0,99.815,30037.0,974.0,99.81,27509.0,1024.0,99.795,25533.0,591.0,99.785,16334.0,164.0,99.77,18091.0,368.0,99.755,20704.0,630.0,99.735,13073.0,1103.0,99.71,10383.0,488.0,99.67,11656.0,1662.0,99.645,6985.0,220.0,99.61,5862.0,440.0,99.54,3821.0,1.0,99.5,2283.0,4.0,99.46,2575.0,NaN,99.4,6131.0,7.0,99.38,18.0,NaN,99.325,549.0,29.0,99.26,597.0,30.0,NaN,NaN,NaN,NaN,NaN,NaN,NaN,NaN,NaN,NaN,NaN,NaN,NaN,NaN,NaN,NaN,NaN,NaN,NaN,NaN,NaN,NaN,NaN,NaN,NaN,NaN,NaN,NaN,NaN,NaN,NaN,NaN,NaN,NaN,NaN,NaN,NaN,NaN,NaN,NaN,NaN,NaN,NaN,NaN,NaN
2010-09-28,NaN,NaN,NaN,NaN,NaN,NaN,NaN,NaN,NaN,NaN,NaN,NaN,NaN,NaN,NaN,NaN,NaN,NaN,NaN,NaN,NaN,NaN,NaN,NaN,99.805,56673.0,2243.0,99.805,66307.0,5572.0,99.815,90788.0,11245.0,99.825,79607.0,3796.0,99.83,61446.0,7275.0,99.825,56583.0,11834.0,99.825,31444.0,5301.0,99.82,27616.0,4576.0,99.805,25485.0,2086.0,99.8,16901.0,2536.0,99.79,18920.0,5483.0,99.775,20589.0,3719.0,99.76,14404.0,5694.0,99.74,10047.0,1731.0,99.695,14473.0,5159.0,99.68,7200.0,1111.0,99.65,6653.0,1569.0,99.585,3951.0,198.0,99.55,2294.0,36.0,99.52,2718.0,148.0,99.46,6131.0,11.0,99.44,55.0,51.0,99.385,574.0,25.0,99.32,1302.0,753.0,NaN,NaN,NaN,NaN,NaN,NaN,NaN,NaN,NaN,NaN,NaN,NaN,NaN,NaN,NaN,NaN,NaN,NaN,NaN,NaN,NaN,NaN,NaN,NaN,NaN,NaN,NaN,NaN,NaN,NaN,NaN,NaN,NaN,NaN,NaN,NaN,NaN,NaN,NaN,NaN,NaN,NaN,NaN,NaN,NaN
2010-09-29,NaN,NaN,NaN,NaN,NaN,NaN,NaN,NaN,NaN,NaN,NaN,NaN,NaN,NaN,NaN,NaN,NaN,NaN,NaN,NaN,NaN,NaN,NaN,NaN,99.805,58509.0,6404.0,99.805,66466.0,3987.0,99.815,91493.0,3081.0,99.825,79011.0,1939.0,99.83,62552.0,7229.0,99.825,57257.0,3524.0,99.825,31125.0,1127.0,99.82,28664.0,2405.0,99.805,25723.0,1377.0,99.795,17035.0,2451.0,99.785,18700.0,2107.0,99.775,20644.0,880.0,99.76,14211.0,875.0,99.735,10156.0,921.0,99.69,14678.0,797.0,99.67,7257.0,126.0,99.64,6653.0,53.0,99.575,3951.0,NaN,99.54,2294.0,NaN,99.505,2718.0,NaN,99.44,6131.0,NaN,99.42,55.0,NaN,99.365,575.0,1.0,99.3,1302.0,NaN,NaN,NaN,NaN,NaN,NaN,NaN,NaN,NaN,NaN,NaN,NaN,NaN,NaN,NaN,NaN,NaN,NaN,NaN,NaN,NaN,NaN,NaN,NaN,NaN,NaN,NaN,NaN,NaN,NaN,NaN,NaN,NaN,NaN,NaN,NaN,NaN,NaN,NaN,NaN,NaN,NaN,NaN,NaN,NaN,NaN
2010-09-30,NaN,NaN,NaN,NaN,NaN,NaN,NaN,NaN,NaN,NaN,NaN,NaN,NaN,NaN,NaN,NaN,NaN,NaN,NaN,NaN,NaN,NaN,NaN,NaN,99.805,57093.0,4231.0,99.805,65762.0,4797.0,99.815,91879.0,2202.0,99.825,78949.0,911.0,99.83,63174.0,5064.0,99.825,56537.0,3156.0,99.825,30917.0,961.0,99.82,28637.0,896.0,99.805,26093.0,1075.0,99.8,17859.0,1648.0,99.785,18378.0,2186.0,99.765,21826.0,3686.0,99.75,14309.0,2056.0,99.725,10410.0,1730.0,99.685,15114.0,1724.0,99.665,7519.0,1477.0,99.635,6670.0,65.0,99.57,3991.0,50.0,99.535,2294.0,NaN,99.495,2718.0,NaN,99.43,6131.0,NaN,99.405,55.0,NaN,99.35,575.0,NaN,99.285,1302.0,NaN,NaN,NaN,NaN,NaN,NaN,NaN,NaN,NaN,NaN,NaN,NaN,NaN,NaN,NaN,NaN,NaN,NaN,NaN,NaN,NaN,NaN,NaN,NaN,NaN,NaN,NaN,NaN,NaN,NaN,NaN,NaN,NaN,NaN,NaN,NaN,NaN,NaN,NaN,NaN,NaN,NaN,NaN,NaN,NaN,NaN
2010-10-01,NaN,NaN,NaN,NaN,NaN,NaN,NaN,NaN,NaN,NaN,NaN,NaN,NaN,NaN,NaN,NaN,NaN,NaN,NaN,NaN,NaN,NaN,NaN,NaN,NaN,NaN,NaN,99.805,64894.0,2440.0,99.815,93449.0,2706.0,99.825,79593.0,1420.0,99.83,63607.0,3507.0,99.825,56492.0,1219.0,99.825,30911.0,180.0,99.82,28874.0,664.0,99.805,26434.0,1245.0,99.795,17754.0,738.0,99.78,18155.0,1138.0,99.76,21945.0,1014.0,99.745,14603.0,699.0,99.72,10356.0,495.0,99.68,15229.0,620.0,99.66,7599.0,357.0,99.63,6618.0,65.0,99.565,4104.0,125.0,99.53,2295.0,6.0,99.49,2751.0,34.0,99.435,6130.0,1.0,99.41,55.0,NaN,99.355,575.0,NaN,99.29,1402.0,100.0,99.245,NaN,NaN,NaN,NaN,NaN,NaN,NaN,NaN,NaN,NaN,NaN,NaN,NaN,NaN,NaN,NaN,NaN,NaN,NaN,NaN,NaN,NaN,NaN,NaN,NaN,NaN,NaN,NaN,NaN,NaN,NaN,NaN,NaN,NaN,NaN,NaN,NaN,NaN,NaN,NaN,NaN,NaN,NaN,NaN
2010-10-04,NaN,NaN,NaN,NaN,NaN,NaN,NaN,NaN,NaN,NaN,NaN,NaN,NaN,NaN,NaN,NaN,NaN,NaN,NaN,NaN,NaN,NaN,NaN,NaN,NaN,NaN,NaN,99.805,65461.0,1460.0,99.815,94161.0,1124.0,99.825,80435.0,1240.0,99.83,64067.0,1330.0,99.825,56451.0,181.0,99.825,31011.0,332.0,99.82,28730.0,341.0,99.805,26445.0,101.0,99.795,17847.0,311.0,99.785,18178.0,202.0,99.77,21893.0,204.0,99.755,14815.0,462.0,99.73,10571.0,590.0,99.69,15546.0,389.0,99.67,7999.0,408.0,99.64,6628.0,10.0,99.575,4104.0,NaN,99.54,2295.0,NaN,99.5,2756.0,10.0,99.445,6130.0,10.0,99.42,55.0,NaN,99.365,575.0,NaN,99.3,1402.0,NaN,99.255,NaN,NaN,NaN,NaN,NaN,NaN,NaN,NaN,NaN,NaN,NaN,NaN,NaN,NaN,NaN,NaN,NaN,NaN,NaN,NaN,NaN,NaN,NaN,NaN,NaN,NaN,NaN,NaN,NaN,NaN,NaN,NaN,NaN,NaN,NaN,NaN,NaN,NaN,NaN,NaN,NaN,NaN,NaN,NaN
2010-10-05,NaN,NaN,NaN,NaN,NaN,NaN,NaN,NaN,NaN,NaN,NaN,NaN,NaN,NaN,NaN,NaN,NaN,NaN,NaN,NaN,NaN,NaN,NaN,NaN,NaN,NaN,NaN,99.805,65118.0,2168.0,99.82,95323.0,7849.0,99.83,81213.0,5166.0,99.84,65103.0,4143.0,99.835,56632.0,1208.0,99.83,31020.0,416.0,99.825,28997.0,841.0,99.815,26497.0,682.0,99.805,18093.0,738.0,99.795,18102.0,855.0,99.78,21868.0,595.0,99.765,14608.0,336.0,99.745,11000.0,1015.0,99.705,16155.0,1243.0,99.69,8714.0,1596.0,99.66,6542.0,459.0,99.605,4101.0,29.0,99.57,2306.0,47.0,99.54,2756.0,5.0,99.485,6131.0,8.0,99.455,56.0,1.0,99.4,576.0,1.0,99.335,1409.0,7.0,99.285,NaN,NaN,NaN,NaN,NaN,NaN,NaN,NaN,NaN,NaN,NaN,NaN,NaN,NaN,NaN,NaN,NaN,NaN,NaN,NaN,NaN,NaN,NaN,NaN,NaN,NaN,NaN,NaN,NaN,NaN,NaN,NaN,NaN,NaN,NaN,NaN,NaN,NaN,NaN,NaN,NaN,NaN,NaN,NaN
2010-10-06,NaN,NaN,NaN,NaN,NaN,NaN,NaN,NaN,NaN,NaN,NaN,NaN,NaN,NaN,NaN,NaN,NaN,NaN,NaN,NaN,NaN,NaN,NaN,NaN,NaN,NaN,NaN,99.8025,66270.0,3652.0,99.82,96143.0,2947.0,99.83,82339.0,2536.0,99.84,64728.0,1796.0,99.835,57410.0,4307.0,99.835,31777.0,1375.0,99.835,28752.0,1416.0,99.83,26944.0,2582.0,99.82,17932.0,940.0,99.81,18297.0,1434.0,99.8,22173.0,1965.0,99.785,15186.0,4591.0,99.765,11560.0,1137.0,99.73,17202.0,1506.0,99.72,9620.0,1266.0,99.69,6460.0,190.0,99.635,4113.0,64.0,99.6,2316.0,46.0,99.57,2792.0,56.0,99.515,6136.0,5.0,99.485,56.0,NaN,99.43,575.0,1.0,99.37,1409.0,NaN,99.32,NaN,NaN,NaN,NaN,NaN,NaN,NaN,NaN,NaN,NaN,NaN,NaN,NaN,NaN,NaN,NaN,NaN,NaN,NaN,NaN,NaN,NaN,NaN,NaN,NaN,NaN,NaN,NaN,NaN,NaN,NaN,NaN,NaN,NaN,NaN,NaN,NaN,NaN,NaN,NaN,NaN,NaN,NaN,NaN
2010-10-07,NaN,NaN,NaN,NaN,NaN,NaN,NaN,NaN,NaN,NaN,NaN,NaN,NaN,NaN,NaN,NaN,NaN,NaN,NaN,NaN,NaN,NaN,NaN,NaN,NaN,NaN,NaN,99.8025,67048.0,2538.0,99.825,96043.0,4716.0,99.835,81847.0,3595.0,99.84,64349.0,1107.0,99.835,57508.0,3073.0,99.84,30704.0,3399.0,99.84,28651.0,4432.0,99.835,26823.0,2424.0,99.83,18243.0,1032.0,99.82,18346.0,441.0,99.81,22154.0,519.0,99.8,16084.0,3047.0,99.78,11692.0,646.0,99.745,18177.0,3046.0,99.735,9780.0,1243.0,99.705,6518.0,494.0,99.65,4458.0,416.0,99.615,2589.0,348.0,99.595,2952.0,226.0,99.54,6585.0,450.0,99.525,175.0,129.0,99.47,577.0,124.0,99.41,1411.0,7.0,99.36,2.0,2.0,NaN,NaN,NaN,NaN,NaN,NaN,NaN,NaN,NaN,NaN,NaN,NaN,NaN,NaN,NaN,NaN,NaN,NaN,NaN,NaN,NaN,NaN,NaN,NaN,NaN,NaN,NaN,NaN,NaN,NaN,NaN,NaN,NaN,NaN,NaN,NaN,NaN,NaN,NaN,NaN,NaN,NaN
2010-10-08,NaN,NaN,NaN,NaN,NaN,NaN,NaN,NaN,NaN,NaN,NaN,NaN,NaN,NaN,NaN,NaN,NaN,NaN,NaN,NaN,NaN,NaN,NaN,NaN,NaN,NaN,NaN,99.8075,66819.0,3334.0,99.825,97039.0,2181.0,99.835,82217.0,2622.0,99.84,64376.0,2931.0,99.84,56265.0,3148.0,99.84,29128.0,2894.0,99.84,28392.0,2681.0,99.835,26594.0,1627.0,99.83,18422.0,964.0,99.82,18252.0,1476.0,99.81,22004.0,1717.0,99.8,17559.0,2664.0,99.78,11652.0,461.0,99.745,18050.0,489.0,99.735,9954.0,624.0,99.71,6720.0,210.0,99.655,4462.0,67.0,99.63,2884.0,317.0,99.61,2952.0,8.0,99.555,6585.0,NaN,99.54,202.0,32.0,99.495,577.0,27.0,99.435,1412.0,51.0,99.395,13.0,11.0,NaN,NaN,NaN,NaN,NaN,NaN,NaN,NaN,NaN,NaN,NaN,NaN,NaN,NaN,NaN,NaN,NaN,NaN,NaN,NaN,NaN,NaN,NaN,NaN,NaN,NaN,NaN,NaN,NaN,NaN,NaN,NaN,NaN,NaN,NaN,NaN,NaN,NaN,NaN,NaN,NaN,NaN
2010-10-11,NaN,NaN,NaN,NaN,NaN,NaN,NaN,NaN,NaN,NaN,NaN,NaN,NaN,NaN,NaN,NaN,NaN,NaN,NaN,NaN,NaN,NaN,NaN,NaN,NaN,NaN,NaN,99.8075,66644.0,268.0,99.825,97064.0,388.0,99.835,82241.0,128.0,99.845,64354.0,97.0,99.84,56263.0,178.0,99.84,29224.0,272.0,99.84,28592.0,220.0,99.835,26917.0,411.0,99.83,18418.0,53.0,99.825,18223.0,94.0,99.815,21993.0,15.0,99.805,17555.0,5.0,99.785,11652.0,8.0,99.745,18050.0,13.0,99.735,9964.0,19.0,99.71,6720.0,68.0,99.655,4462.0,50.0,99.63,2884.0,NaN,99.61,2952.0,NaN,99.555,6585.0,NaN,99.54,202.0,NaN,99.495,577.0,NaN,99.435,1412.0,NaN,99.395,13.0,NaN,NaN,NaN,NaN,NaN,NaN,NaN,NaN,NaN,NaN,NaN,NaN,NaN,NaN,NaN,NaN,NaN,NaN,NaN,NaN,NaN,NaN,NaN,NaN,NaN,NaN,NaN,NaN,NaN,NaN,NaN,NaN,NaN,NaN,NaN,NaN,NaN,NaN,NaN,NaN,NaN,NaN,NaN
2010-10-12,NaN,NaN,NaN,NaN,NaN,NaN,NaN,NaN,NaN,NaN,NaN,NaN,NaN,NaN,NaN,NaN,NaN,NaN,NaN,NaN,NaN,NaN,NaN,NaN,NaN,NaN,NaN,99.8075,66596.0,1743.0,99.825,98131.0,5050.0,99.835,81794.0,4106.0,99.845,65362.0,3205.0,99.84,56882.0,3021.0,99.84,29671.0,825.0,99.84,28655.0,213.0,99.835,27044.0,719.0,99.83,18725.0,903.0,99.825,18376.0,541.0,99.815,22055.0,573.0,99.805,18239.0,1548.0,99.785,11596.0,831.0,99.745,17880.0,1501.0,99.735,9881.0,624.0,99.71,6681.0,1174.0,99.655,4310.0,543.0,99.63,2884.0,30.0,99.605,2943.0,13.0,99.55,6585.0,NaN,99.535,203.0,1.0,99.49,578.0,1.0,99.43,1413.0,2.0,99.39,14.0,3.0,NaN,NaN,NaN,NaN,NaN,NaN,NaN,NaN,NaN,NaN,NaN,NaN,NaN,NaN,NaN,NaN,NaN,NaN,NaN,NaN,NaN,NaN,NaN,NaN,NaN,NaN,NaN,NaN,NaN,NaN,NaN,NaN,NaN,NaN,NaN,NaN,NaN,NaN,NaN,NaN,NaN,NaN
2010-10-13,NaN,NaN,NaN,NaN,NaN,NaN,NaN,NaN,NaN,NaN,NaN,NaN,NaN,NaN,NaN,NaN,NaN,NaN,NaN,NaN,NaN,NaN,NaN,NaN,NaN,NaN,NaN,99.8075,66709.0,450.0,99.825,93946.0,14346.0,99.835,81589.0,2461.0,99.845,65541.0,1349.0,99.84,56900.0,764.0,99.84,29455.0,1033.0,99.84,28745.0,244.0,99.84,26831.0,626.0,99.835,18387.0,631.0,99.83,18537.0,464.0,99.825,22269.0,1166.0,99.815,19076.0,1485.0,99.795,11586.0,151.0,99.755,18082.0,1177.0,99.745,10152.0,1515.0,99.72,6747.0,391.0,99.665,4483.0,336.0,99.63,2883.0,3.0,99.605,2943.0,NaN,99.55,6585.0,NaN,99.54,205.0,2.0,99.495,578.0,2.0,99.435,1413.0,NaN,99.395,14.0,NaN,NaN,NaN,NaN,NaN,NaN,NaN,NaN,NaN,NaN,NaN,NaN,NaN,NaN,NaN,NaN,NaN,NaN,NaN,NaN,NaN,NaN,NaN,NaN,NaN,NaN,NaN,NaN,NaN,NaN,NaN,NaN,NaN,NaN,NaN,NaN,NaN,NaN,NaN,NaN,NaN,NaN,NaN
2010-10-14,NaN,NaN,NaN,NaN,NaN,NaN,NaN,NaN,NaN,NaN,NaN,NaN,NaN,NaN,NaN,NaN,NaN,NaN,NaN,NaN,NaN,NaN,NaN,NaN,NaN,NaN,NaN,99.8075,68847.0,7390.0,99.825,94470.0,5240.0,99.835,82096.0,4624.0,99.845,64063.0,3720.0,99.84,56991.0,4397.0,99.84,29515.0,1683.0,99.835,29185.0,1936.0,99.83,27559.0,1978.0,99.825,18565.0,420.0,99.815,18747.0,1499.0,99.805,24196.0,2684.0,99.795,20261.0,3760.0,99.775,12993.0,4765.0,99.74,18270.0,1823.0,99.73,11102.0,1315.0,99.7,6783.0,107.0,99.645,4502.0,70.0,99.61,2887.0,27.0,99.585,2944.0,25.0,99.53,6589.0,71.0,99.52,244.0,61.0,99.475,578.0,69.0,99.415,1436.0,23.0,99.375,15.0,1.0,NaN,NaN,NaN,NaN,NaN,NaN,NaN,NaN,NaN,NaN,NaN,NaN,NaN,NaN,NaN,NaN,NaN,NaN,NaN,NaN,NaN,NaN,NaN,NaN,NaN,NaN,NaN,NaN,NaN,NaN,NaN,NaN,NaN,NaN,NaN,NaN,NaN,NaN,NaN,NaN,NaN,NaN
2010-10-15,NaN,NaN,NaN,NaN,NaN,NaN,NaN,NaN,NaN,NaN,NaN,NaN,NaN,NaN,NaN,NaN,NaN,NaN,NaN,NaN,NaN,NaN,NaN,NaN,NaN,NaN,NaN,99.8075,68794.0,3726.0,99.825,95221.0,3959.0,99.835,81276.0,3744.0,99.845,64408.0,714.0,99.84,57125.0,263.0,99.84,29091.0,644.0,99.835,29159.0,408.0,99.83,27296.0,1097.0,99.825,18566.0,763.0,99.82,18577.0,588.0,99.815,24384.0,1732.0,99.805,21436.0,2194.0,99.785,13321.0,690.0,99.75,19144.0,1868.0,99.74,11288.0,411.0,99.71,6788.0,21.0,99.655,4576.0,75.0,99.62,2932.0,65.0,99.595,2951.0,20.0,99.54,6589.0,NaN,99.53,244.0,NaN,99.485,578.0,NaN,99.435,1436.0,NaN,99.395,15.0,NaN,NaN,NaN,NaN,NaN,NaN,NaN,NaN,NaN,NaN,NaN,NaN,NaN,NaN,NaN,NaN,NaN,NaN,NaN,NaN,NaN,NaN,NaN,NaN,NaN,NaN,NaN,NaN,NaN,NaN,NaN,NaN,NaN,NaN,NaN,NaN,NaN,NaN,NaN,NaN,NaN,NaN,NaN
2010-10-18,NaN,NaN,NaN,NaN,NaN,NaN,NaN,NaN,NaN,NaN,NaN,NaN,NaN,NaN,NaN,NaN,NaN,NaN,NaN,NaN,NaN,NaN,NaN,NaN,NaN,NaN,NaN,99.8075,68771.0,658.0,99.825,95099.0,1076.0,99.835,81520.0,988.0,99.84,64761.0,2372.0,99.835,56535.0,2954.0,99.835,28529.0,1567.0,99.835,29507.0,770.0,99.83,27502.0,484.0,99.825,18536.0,160.0,99.82,18583.0,680.0,99.815,24613.0,1267.0,99.805,21630.0,386.0,99.785,13436.0,3273.0,99.75,19182.0,901.0,99.74,11952.0,807.0,99.715,6982.0,433.0,99.665,4805.0,365.0,99.635,3008.0,90.0,99.61,3050.0,110.0,99.565,6639.0,50.0,99.555,283.0,39.0,99.51,593.0,28.0,99.46,1453.0,17.0,99.42,28.0,13.0,NaN,NaN,NaN,NaN,NaN,NaN,NaN,NaN,NaN,NaN,NaN,NaN,NaN,NaN,NaN,NaN,NaN,NaN,NaN,NaN,NaN,NaN,NaN,NaN,NaN,NaN,NaN,NaN,NaN,NaN,NaN,NaN,NaN,NaN,NaN,NaN,NaN,NaN,NaN,NaN,NaN,NaN
2010-10-19,NaN,NaN,NaN,NaN,NaN,NaN,NaN,NaN,NaN,NaN,NaN,NaN,NaN,NaN,NaN,NaN,NaN,NaN,NaN,NaN,NaN,NaN,NaN,NaN,NaN,NaN,NaN,99.8075,67816.0,7440.0,99.825,95909.0,2949.0,99.835,82054.0,2040.0,99.84,62633.0,3691.0,99.83,55870.0,2065.0,99.83,28347.0,693.0,99.83,29613.0,822.0,99.825,27857.0,1376.0,99.825,18535.0,316.0,99.82,18709.0,472.0,99.815,24730.0,435.0,99.805,21630.0,526.0,99.785,13871.0,1089.0,99.755,19400.0,1165.0,99.75,12793.0,2687.0,99.73,7211.0,815.0,99.685,5173.0,753.0,99.655,3038.0,96.0,99.63,3060.0,150.0,99.595,6640.0,112.0,99.58,286.0,6.0,99.535,595.0,2.0,99.485,1454.0,1.0,99.445,28.0,NaN,NaN,NaN,NaN,NaN,NaN,NaN,NaN,NaN,NaN,NaN,NaN,NaN,NaN,NaN,NaN,NaN,NaN,NaN,NaN,NaN,NaN,NaN,NaN,NaN,NaN,NaN,NaN,NaN,NaN,NaN,NaN,NaN,NaN,NaN,NaN,NaN,NaN,NaN,NaN,NaN,NaN,NaN
2010-10-20,NaN,NaN,NaN,NaN,NaN,NaN,NaN,NaN,NaN,NaN,NaN,NaN,NaN,NaN,NaN,NaN,NaN,NaN,NaN,NaN,NaN,NaN,NaN,NaN,NaN,NaN,NaN,99.8075,68029.0,1631.0,99.825,96822.0,3283.0,99.835,80594.0,2485.0,99.84,60806.0,2761.0,99.835,53875.0,3864.0,99.835,28972.0,2236.0,99.83,29627.0,1173.0,99.825,28847.0,1565.0,99.825,18639.0,1115.0,99.82,18508.0,2092.0,99.815,24481.0,1027.0,99.81,21989.0,998.0,99.795,13943.0,1461.0,99.775,19403.0,1008.0,99.765,13259.0,1171.0,99.745,7229.0,328.0,99.705,5336.0,299.0,99.685,3466.0,509.0,99.665,3468.0,463.0,99.63,6831.0,203.0,99.615,314.0,38.0,99.57,1142.0,582.0,99.535,1430.0,26.0,99.5,27.0,10.0,NaN,NaN,NaN,NaN,NaN,NaN,NaN,NaN,NaN,NaN,NaN,NaN,NaN,NaN,NaN,NaN,NaN,NaN,NaN,NaN,NaN,NaN,NaN,NaN,NaN,NaN,NaN,NaN,NaN,NaN,NaN,NaN,NaN,NaN,NaN,NaN,NaN,NaN,NaN,NaN,NaN,NaN
2010-10-21,NaN,NaN,NaN,NaN,NaN,NaN,NaN,NaN,NaN,NaN,NaN,NaN,NaN,NaN,NaN,NaN,NaN,NaN,NaN,NaN,NaN,NaN,NaN,NaN,NaN,NaN,NaN,99.8075,68122.0,154.0,99.82,97293.0,1469.0,99.83,80770.0,1615.0,99.84,60676.0,693.0,99.835,53195.0,675.0,99.835,29010.0,86.0,99.83,29909.0,838.0,99.825,29454.0,666.0,99.825,18829.0,296.0,99.82,18390.0,297.0,99.81,23835.0,1749.0,99.805,21985.0,1356.0,99.79,14377.0,2087.0,99.77,20082.0,1172.0,99.76,13333.0,919.0,99.74,7204.0,268.0,99.7,5425.0,180.0,99.675,3430.0,103.0,99.645,3469.0,60.0,99.605,6885.0,59.0,99.59,314.0,NaN,99.545,1578.0,447.0,99.51,1459.0,114.0,99.465,475.0,505.0,NaN,NaN,NaN,NaN,NaN,NaN,NaN,NaN,NaN,NaN,NaN,NaN,NaN,NaN,NaN,NaN,NaN,NaN,NaN,NaN,NaN,NaN,NaN,NaN,NaN,NaN,NaN,NaN,NaN,NaN,NaN,NaN,NaN,NaN,NaN,NaN,NaN,NaN,NaN,NaN,NaN,NaN
2010-10-22,NaN,NaN,NaN,NaN,NaN,NaN,NaN,NaN,NaN,NaN,NaN,NaN,NaN,NaN,NaN,NaN,NaN,NaN,NaN,NaN,NaN,NaN,NaN,NaN,NaN,NaN,NaN,99.8075,69913.0,5383.0,99.82,96351.0,6378.0,99.83,81342.0,1223.0,99.84,59857.0,1395.0,99.835,52547.0,3365.0,99.835,29135.0,194.0,99.83,30046.0,997.0,99.825,29807.0,446.0,99.82,18839.0,276.0,99.815,18611.0,1096.0,99.81,23834.0,292.0,99.805,22235.0,603.0,99.79,14465.0,908.0,99.77,20123.0,1298.0,99.76,13460.0,583.0,99.74,7211.0,27.0,99.7,5425.0,NaN,99.675,3430.0,NaN,99.64,3469.0,1.0,99.6,6885.0,4.0,99.585,313.0,2.0,99.54,1662.0,90.0,99.5,1489.0,30.0,99.455,633.0,615.0,NaN,NaN,NaN,NaN,NaN,NaN,NaN,NaN,NaN,NaN,NaN,NaN,NaN,NaN,NaN,NaN,NaN,NaN,NaN,NaN,NaN,NaN,NaN,NaN,NaN,NaN,NaN,NaN,NaN,NaN,NaN,NaN,NaN,NaN,NaN,NaN,NaN,NaN,NaN,NaN,NaN,NaN
2010-10-25,NaN,NaN,NaN,NaN,NaN,NaN,NaN,NaN,NaN,NaN,NaN,NaN,NaN,NaN,NaN,NaN,NaN,NaN,NaN,NaN,NaN,NaN,NaN,NaN,NaN,NaN,NaN,99.8075,69842.0,495.0,99.82,97021.0,2442.0,99.83,81672.0,3158.0,99.84,60038.0,673.0,99.835,52168.0,1519.0,99.835,29201.0,743.0,99.83,30040.0,36.0,99.825,29676.0,260.0,99.82,18839.0,39.0,99.815,18616.0,425.0,99.81,24133.0,988.0,99.805,22524.0,1522.0,99.79,14402.0,1323.0,99.77,20412.0,1066.0,99.76,13406.0,688.0,99.74,7227.0,24.0,99.7,5425.0,NaN,99.675,3451.0,21.0,99.64,3467.0,2.0,99.6,6886.0,1.0,99.585,330.0,17.0,99.54,1664.0,5.0,99.5,1494.0,5.0,99.455,652.0,19.0,NaN,NaN,NaN,NaN,NaN,NaN,NaN,NaN,NaN,NaN,NaN,NaN,NaN,NaN,NaN,NaN,NaN,NaN,NaN,NaN,NaN,NaN,NaN,NaN,NaN,NaN,NaN,NaN,NaN,NaN,NaN,NaN,NaN,NaN,NaN,NaN,NaN,NaN,NaN,NaN,NaN,NaN
2010-10-26,NaN,NaN,NaN,NaN,NaN,NaN,NaN,NaN,NaN,NaN,NaN,NaN,NaN,NaN,NaN,NaN,NaN,NaN,NaN,NaN,NaN,NaN,NaN,NaN,NaN,NaN,NaN,99.8075,69508.0,557.0,99.82,96325.0,6919.0,99.83,82004.0,3510.0,99.84,59437.0,1421.0,99.835,52475.0,977.0,99.835,29403.0,815.0,99.83,30271.0,704.0,99.82,30458.0,2766.0,99.815,18991.0,1070.0,99.805,18239.0,979.0,99.795,24438.0,2341.0,99.785,22310.0,2365.0,99.765,14384.0,1213.0,99.735,20668.0,2009.0,99.725,12879.0,2837.0,99.705,7451.0,692.0,99.66,5494.0,330.0,99.63,3670.0,315.0,99.595,3465.0,73.0,99.555,6881.0,56.0,99.54,332.0,19.0,99.495,1731.0,71.0,99.45,1568.0,82.0,99.405,645.0,20.0,NaN,NaN,NaN,NaN,NaN,NaN,NaN,NaN,NaN,NaN,NaN,NaN,NaN,NaN,NaN,NaN,NaN,NaN,NaN,NaN,NaN,NaN,NaN,NaN,NaN,NaN,NaN,NaN,NaN,NaN,NaN,NaN,NaN,NaN,NaN,NaN,NaN,NaN,NaN,NaN,NaN,NaN
2010-10-27,NaN,NaN,NaN,NaN,NaN,NaN,NaN,NaN,NaN,NaN,NaN,NaN,NaN,NaN,NaN,NaN,NaN,NaN,NaN,NaN,NaN,NaN,NaN,NaN,NaN,NaN,NaN,99.81,69049.0,1548.0,99.815,100449.0,8740.0,99.82,84105.0,8269.0,99.83,58791.0,4393.0,99.83,50951.0,3870.0,99.83,29315.0,681.0,99.825,29612.0,1734.0,99.82,30823.0,1347.0,99.81,19052.0,1324.0,99.8,18342.0,1740.0,99.79,24953.0,2513.0,99.78,22172.0,1958.0,99.755,14974.0,2150.0,99.72,19883.0,1475.0,99.71,13643.0,1601.0,99.685,7530.0,784.0,99.63,5764.0,423.0,99.6,3640.0,294.0,99.565,3468.0,119.0,99.525,6899.0,95.0,99.51,328.0,107.0,99.465,1731.0,30.0,99.415,1556.0,16.0,99.37,641.0,11.0,NaN,NaN,NaN,NaN,NaN,NaN,NaN,NaN,NaN,NaN,NaN,NaN,NaN,NaN,NaN,NaN,NaN,NaN,NaN,NaN,NaN,NaN,NaN,NaN,NaN,NaN,NaN,NaN,NaN,NaN,NaN,NaN,NaN,NaN,NaN,NaN,NaN,NaN,NaN,NaN,NaN,NaN
2010-10-28,NaN,NaN,NaN,NaN,NaN,NaN,NaN,NaN,NaN,NaN,NaN,NaN,NaN,NaN,NaN,NaN,NaN,NaN,NaN,NaN,NaN,NaN,NaN,NaN,NaN,NaN,NaN,99.81,66649.0,8358.0,99.815,101829.0,12303.0,99.82,85753.0,4090.0,99.83,57237.0,3718.0,99.83,50619.0,4266.0,99.83,28705.0,2734.0,99.83,29567.0,722.0,99.83,30985.0,2353.0,99.825,19937.0,1472.0,99.82,18312.0,1441.0,99.815,24752.0,1873.0,99.81,22092.0,1356.0,99.79,14859.0,1121.0,99.765,19703.0,1733.0,99.755,13328.0,1062.0,99.74,7872.0,818.0,99.69,5888.0,287.0,99.66,4071.0,641.0,99.635,3679.0,282.0,99.595,6900.0,109.0,99.58,328.0,17.0,99.54,1777.0,46.0,99.49,1556.0,1.0,99.45,640.0,1.0,NaN,NaN,NaN,NaN,NaN,NaN,NaN,NaN,NaN,NaN,NaN,NaN,NaN,NaN,NaN,NaN,NaN,NaN,NaN,NaN,NaN,NaN,NaN,NaN,NaN,NaN,NaN,NaN,NaN,NaN,NaN,NaN,NaN,NaN,NaN,NaN,NaN,NaN,NaN,NaN,NaN,NaN
2010-10-29,NaN,NaN,NaN,NaN,NaN,NaN,NaN,NaN,NaN,NaN,NaN,NaN,NaN,NaN,NaN,NaN,NaN,NaN,NaN,NaN,NaN,NaN,NaN,NaN,NaN,NaN,NaN,99.81,66201.0,494.0,99.815,103025.0,2576.0,99.82,85478.0,896.0,99.83,57074.0,466.0,99.83,50489.0,298.0,99.83,28672.0,248.0,99.83,29243.0,577.0,99.83,31031.0,951.0,99.825,19912.0,395.0,99.82,18207.0,763.0,99.815,25002.0,568.0,99.81,22049.0,838.0,99.795,14843.0,1027.0,99.77,19796.0,1499.0,99.765,13506.0,1587.0,99.75,8369.0,636.0,99.705,6129.0,718.0,99.69,4241.0,509.0,99.67,3751.0,117.0,99.64,7070.0,188.0,99.625,323.0,156.0,99.585,1851.0,908.0,99.535,1806.0,271.0,99.51,661.0,138.0,NaN,NaN,NaN,NaN,NaN,NaN,NaN,NaN,NaN,NaN,NaN,NaN,NaN,NaN,NaN,NaN,NaN,NaN,NaN,NaN,NaN,NaN,NaN,NaN,NaN,NaN,NaN,NaN,NaN,NaN,NaN,NaN,NaN,NaN,NaN,NaN,NaN,NaN,NaN,NaN,NaN,NaN
2010-11-01,NaN,NaN,NaN,NaN,NaN,NaN,NaN,NaN,NaN,NaN,NaN,NaN,NaN,NaN,NaN,NaN,NaN,NaN,NaN,NaN,NaN,NaN,NaN,NaN,NaN,NaN,NaN,NaN,NaN,NaN,99.815,104041.0,2213.0,99.82,85483.0,876.0,99.83,56862.0,703.0,99.83,50419.0,915.0,99.83,28673.0,324.0,99.83,29540.0,806.0,99.83,31291.0,718.0,99.825,19803.0,871.0,99.82,18200.0,570.0,99.815,25029.0,1439.0,99.81,22042.0,1729.0,99.795,14811.0,943.0,99.77,19897.0,1271.0,99.765,13282.0,1356.0,99.75,8554.0,666.0,99.71,6077.0,672.0,99.695,5683.0,1528.0,99.68,3763.0,180.0,99.65,7107.0,71.0,99.645,330.0,10.0,99.615,1918.0,98.0,99.575,1833.0,36.0,99.55,710.0,80.0,99.52,10.0,12.0,NaN,NaN,NaN,NaN,NaN,NaN,NaN,NaN,NaN,NaN,NaN,NaN,NaN,NaN,NaN,NaN,NaN,NaN,NaN,NaN,NaN,NaN,NaN,NaN,NaN,NaN,NaN,NaN,NaN,NaN,NaN,NaN,NaN,NaN,NaN,NaN,NaN,NaN,NaN
2010-11-02,NaN,NaN,NaN,NaN,NaN,NaN,NaN,NaN,NaN,NaN,NaN,NaN,NaN,NaN,NaN,NaN,NaN,NaN,NaN,NaN,NaN,NaN,NaN,NaN,NaN,NaN,NaN,NaN,NaN,NaN,99.815,102821.0,4879.0,99.82,85656.0,1049.0,99.83,57212.0,5289.0,99.83,50001.0,5141.0,99.83,30139.0,2504.0,99.83,30708.0,3611.0,99.83,31375.0,2369.0,99.825,20062.0,470.0,99.82,18069.0,520.0,99.815,25138.0,587.0,99.81,22171.0,861.0,99.795,14201.0,1742.0,99.77,20490.0,1003.0,99.765,13366.0,365.0,99.75,8529.0,143.0,99.71,6174.0,181.0,99.69,6228.0,738.0,99.675,3879.0,464.0,99.645,7041.0,325.0,99.64,491.0,238.0,99.605,1972.0,54.0,99.555,1839.0,6.0,99.525,720.0,12.0,99.495,16.0,9.0,NaN,NaN,NaN,NaN,NaN,NaN,NaN,NaN,NaN,NaN,NaN,NaN,NaN,NaN,NaN,NaN,NaN,NaN,NaN,NaN,NaN,NaN,NaN,NaN,NaN,NaN,NaN,NaN,NaN,NaN,NaN,NaN,NaN,NaN,NaN,NaN,NaN,NaN,NaN
2010-11-03,NaN,NaN,NaN,NaN,NaN,NaN,NaN,NaN,NaN,NaN,NaN,NaN,NaN,NaN,NaN,NaN,NaN,NaN,NaN,NaN,NaN,NaN,NaN,NaN,NaN,NaN,NaN,NaN,NaN,NaN,99.8125,101306.0,10365.0,99.82,86289.0,4476.0,99.83,57387.0,2070.0,99.83,50123.0,2193.0,99.83,30155.0,2776.0,99.83,30686.0,2315.0,99.83,31207.0,2873.0,99.825,21766.0,4121.0,99.82,17687.0,1226.0,99.815,25199.0,1308.0,99.81,22265.0,1203.0,99.795,14816.0,1312.0,99.77,20059.0,1184.0,99.765,13332.0,382.0,99.75,8999.0,1827.0,99.71,7118.0,1474.0,99.69,7619.0,2716.0,99.675,4028.0,270.0,99.645,7094.0,127.0,99.635,496.0,18.0,99.6,2002.0,30.0,99.55,1821.0,42.0,99.52,826.0,195.0,99.49,314.0,309.0,NaN,NaN,NaN,NaN,NaN,NaN,NaN,NaN,NaN,NaN,NaN,NaN,NaN,NaN,NaN,NaN,NaN,NaN,NaN,NaN,NaN,NaN,NaN,NaN,NaN,NaN,NaN,NaN,NaN,NaN,NaN,NaN,NaN,NaN,NaN,NaN,NaN,NaN,NaN
2010-11-04,NaN,NaN,NaN,NaN,NaN,NaN,NaN,NaN,NaN,NaN,NaN,NaN,NaN,NaN,NaN,NaN,NaN,NaN,NaN,NaN,NaN,NaN,NaN,NaN,NaN,NaN,NaN,NaN,NaN,NaN,99.8125,100997.0,4448.0,99.82,87722.0,5671.0,99.83,60080.0,9531.0,99.83,50244.0,1654.0,99.83,30772.0,2139.0,99.83,31052.0,1675.0,99.83,30409.0,1760.0,99.825,21366.0,1322.0,99.82,18726.0,2468.0,99.815,24015.0,2449.0,99.81,22356.0,1239.0,99.8,14954.0,704.0,99.785,20122.0,2089.0,99.78,13282.0,1910.0,99.77,9616.0,2405.0,99.73,8423.0,2530.0,99.72,8887.0,1859.0,99.705,4986.0,1248.0,99.675,7219.0,184.0,99.665,741.0,324.0,99.63,2252.0,282.0,99.58,1851.0,74.0,99.55,977.0,349.0,99.52,799.0,584.0,NaN,NaN,NaN,NaN,NaN,NaN,NaN,NaN,NaN,NaN,NaN,NaN,NaN,NaN,NaN,NaN,NaN,NaN,NaN,NaN,NaN,NaN,NaN,NaN,NaN,NaN,NaN,NaN,NaN,NaN,NaN,NaN,NaN,NaN,NaN,NaN,NaN,NaN,NaN
2010-11-05,NaN,NaN,NaN,NaN,NaN,NaN,NaN,NaN,NaN,NaN,NaN,NaN,NaN,NaN,NaN,NaN,NaN,NaN,NaN,NaN,NaN,NaN,NaN,NaN,NaN,NaN,NaN,NaN,NaN,NaN,99.8075,100698.0,4448.0,99.82,87721.0,5671.0,99.825,60080.0,9531.0,99.825,50226.0,1654.0,99.825,30772.0,2139.0,99.82,31038.0,1675.0,99.815,30395.0,1760.0,99.81,21366.0,1322.0,99.8,18726.0,2468.0,99.79,24015.0,2449.0,99.785,22356.0,1239.0,99.775,14954.0,704.0,99.755,20122.0,2089.0,99.745,13282.0,1910.0,99.735,9616.0,2405.0,99.695,8423.0,2530.0,99.68,8887.0,1859.0,99.665,4986.0,1248.0,99.635,7219.0,184.0,99.625,741.0,324.0,99.59,2252.0,282.0,99.54,1851.0,74.0,99.51,977.0,349.0,99.48,799.0,584.0,NaN,NaN,NaN,NaN,NaN,NaN,NaN,NaN,NaN,NaN,NaN,NaN,NaN,NaN,NaN,NaN,NaN,NaN,NaN,NaN,NaN,NaN,NaN,NaN,NaN,NaN,NaN,NaN,NaN,NaN,NaN,NaN,NaN,NaN,NaN,NaN,NaN,NaN,NaN
2010-11-08,NaN,NaN,NaN,NaN,NaN,NaN,NaN,NaN,NaN,NaN,NaN,NaN,NaN,NaN,NaN,NaN,NaN,NaN,NaN,NaN,NaN,NaN,NaN,NaN,NaN,NaN,NaN,NaN,NaN,NaN,99.8075,103990.0,8017.0,99.82,89446.0,5987.0,99.825,64219.0,7106.0,99.825,49666.0,5971.0,99.825,29171.0,6211.0,99.825,33044.0,2699.0,99.82,32062.0,2819.0,99.81,22500.0,2795.0,99.8,19501.0,4655.0,99.79,24553.0,3065.0,99.775,22269.0,2186.0,99.755,16312.0,3188.0,99.73,21051.0,3298.0,99.72,14477.0,2767.0,99.705,9729.0,1722.0,99.665,8707.0,907.0,99.645,9189.0,520.0,99.635,5017.0,128.0,99.605,7366.0,166.0,99.595,805.0,242.0,99.56,2361.0,289.0,99.51,1887.0,42.0,99.47,1046.0,301.0,99.435,1650.0,434.0,NaN,NaN,NaN,NaN,NaN,NaN,NaN,NaN,NaN,NaN,NaN,NaN,NaN,NaN,NaN,NaN,NaN,NaN,NaN,NaN,NaN,NaN,NaN,NaN,NaN,NaN,NaN,NaN,NaN,NaN,NaN,NaN,NaN,NaN,NaN,NaN,NaN,NaN,NaN
2010-11-09,NaN,NaN,NaN,NaN,NaN,NaN,NaN,NaN,NaN,NaN,NaN,NaN,NaN,NaN,NaN,NaN,NaN,NaN,NaN,NaN,NaN,NaN,NaN,NaN,NaN,NaN,NaN,NaN,NaN,NaN,99.81,100159.0,15395.0,99.82,89556.0,12805.0,99.825,63735.0,11543.0,99.83,48764.0,6157.0,99.83,29390.0,3532.0,99.83,34019.0,3379.0,99.825,33041.0,3968.0,99.815,22581.0,2551.0,99.8,21398.0,3423.0,99.785,25496.0,3527.0,99.77,21212.0,6508.0,99.74,17562.0,3883.0,99.7,20753.0,5273.0,99.685,15077.0,3963.0,99.66,11263.0,2583.0,99.595,9882.0,2451.0,99.56,9325.0,947.0,99.53,5142.0,777.0,99.475,7415.0,201.0,99.465,772.0,128.0,99.415,2369.0,35.0,99.365,1965.0,129.0,99.325,1188.0,395.0,99.285,1832.0,286.0,NaN,NaN,NaN,NaN,NaN,NaN,NaN,NaN,NaN,NaN,NaN,NaN,NaN,NaN,NaN,NaN,NaN,NaN,NaN,NaN,NaN,NaN,NaN,NaN,NaN,NaN,NaN,NaN,NaN,NaN,NaN,NaN,NaN,NaN,NaN,NaN,NaN,NaN,NaN
2010-11-10,NaN,NaN,NaN,NaN,NaN,NaN,NaN,NaN,NaN,NaN,NaN,NaN,NaN,NaN,NaN,NaN,NaN,NaN,NaN,NaN,NaN,NaN,NaN,NaN,NaN,NaN,NaN,NaN,NaN,NaN,99.8125,92769.0,10946.0,99.825,90472.0,2851.0,99.83,63717.0,1096.0,99.83,48414.0,2704.0,99.83,29134.0,532.0,99.83,33507.0,2788.0,99.825,31100.0,3407.0,99.815,22369.0,4425.0,99.8,21811.0,3321.0,99.785,26654.0,5391.0,99.765,20080.0,6357.0,99.735,17171.0,3813.0,99.7,20243.0,6479.0,99.685,14903.0,3516.0,99.66,10875.0,3371.0,99.595,9755.0,2507.0,99.56,9171.0,1555.0,99.53,5147.0,431.0,99.475,7556.0,233.0,99.465,769.0,198.0,99.415,2355.0,18.0,99.365,2021.0,80.0,99.325,1245.0,215.0,99.285,1774.0,71.0,NaN,NaN,NaN,NaN,NaN,NaN,NaN,NaN,NaN,NaN,NaN,NaN,NaN,NaN,NaN,NaN,NaN,NaN,NaN,NaN,NaN,NaN,NaN,NaN,NaN,NaN,NaN,NaN,NaN,NaN,NaN,NaN,NaN,NaN,NaN,NaN,NaN,NaN,NaN
2010-11-11,NaN,NaN,NaN,NaN,NaN,NaN,NaN,NaN,NaN,NaN,NaN,NaN,NaN,NaN,NaN,NaN,NaN,NaN,NaN,NaN,NaN,NaN,NaN,NaN,NaN,NaN,NaN,NaN,NaN,NaN,99.8125,91301.0,3523.0,99.825,90122.0,1290.0,99.83,63502.0,2756.0,99.83,48505.0,186.0,99.83,29089.0,349.0,99.83,33125.0,398.0,99.825,31061.0,1006.0,99.815,22502.0,920.0,99.79,21486.0,1249.0,99.76,26655.0,751.0,99.735,20052.0,825.0,99.7,17243.0,398.0,99.655,20278.0,430.0,99.635,14866.0,361.0,99.605,10906.0,153.0,99.54,9820.0,165.0,99.505,9186.0,131.0,99.475,5147.0,108.0,99.42,7552.0,5.0,99.41,769.0,2.0,99.36,2355.0,4.0,99.31,2019.0,2.0,99.27,1245.0,NaN,99.23,1775.0,1.0,NaN,NaN,NaN,NaN,NaN,NaN,NaN,NaN,NaN,NaN,NaN,NaN,NaN,NaN,NaN,NaN,NaN,NaN,NaN,NaN,NaN,NaN,NaN,NaN,NaN,NaN,NaN,NaN,NaN,NaN,NaN,NaN,NaN,NaN,NaN,NaN,NaN,NaN,NaN
2010-11-12,NaN,NaN,NaN,NaN,NaN,NaN,NaN,NaN,NaN,NaN,NaN,NaN,NaN,NaN,NaN,NaN,NaN,NaN,NaN,NaN,NaN,NaN,NaN,NaN,NaN,NaN,NaN,NaN,NaN,NaN,99.8125,89358.0,6788.0,99.825,88997.0,3789.0,99.83,63874.0,3088.0,99.83,49627.0,10129.0,99.83,29207.0,1613.0,99.83,32486.0,2330.0,99.825,30543.0,5900.0,99.815,22028.0,4190.0,99.785,21756.0,2415.0,99.755,27521.0,2842.0,99.73,18872.0,4925.0,99.695,16523.0,4533.0,99.65,19299.0,6753.0,99.63,15241.0,3694.0,99.6,10648.0,3344.0,99.53,9954.0,1382.0,99.495,9202.0,784.0,99.45,5143.0,267.0,99.38,7484.0,179.0,99.365,740.0,233.0,99.31,2488.0,182.0,99.245,2018.0,34.0,99.205,1222.0,58.0,99.165,1751.0,43.0,NaN,NaN,NaN,NaN,NaN,NaN,NaN,NaN,NaN,NaN,NaN,NaN,NaN,NaN,NaN,NaN,NaN,NaN,NaN,NaN,NaN,NaN,NaN,NaN,NaN,NaN,NaN,NaN,NaN,NaN,NaN,NaN,NaN,NaN,NaN,NaN,NaN,NaN,NaN
2010-11-15,NaN,NaN,NaN,NaN,NaN,NaN,NaN,NaN,NaN,NaN,NaN,NaN,NaN,NaN,NaN,NaN,NaN,NaN,NaN,NaN,NaN,NaN,NaN,NaN,NaN,NaN,NaN,NaN,NaN,NaN,99.8125,90694.0,5125.0,99.82,88766.0,3149.0,99.825,64203.0,1764.0,99.825,49550.0,2789.0,99.83,29224.0,1987.0,99.83,33570.0,3311.0,99.82,31163.0,3541.0,99.81,21955.0,1077.0,99.785,21953.0,3906.0,99.755,27944.0,2104.0,99.725,18863.0,2156.0,99.685,16925.0,2300.0,99.635,19221.0,2079.0,99.605,15255.0,1460.0,99.575,10461.0,1525.0,99.505,9996.0,638.0,99.46,9225.0,144.0,99.415,5143.0,61.0,99.345,7504.0,60.0,99.325,794.0,129.0,99.265,2508.0,47.0,99.195,2038.0,30.0,99.145,1217.0,16.0,99.095,1756.0,5.0,NaN,NaN,NaN,NaN,NaN,NaN,NaN,NaN,NaN,NaN,NaN,NaN,NaN,NaN,NaN,NaN,NaN,NaN,NaN,NaN,NaN,NaN,NaN,NaN,NaN,NaN,NaN,NaN,NaN,NaN,NaN,NaN,NaN,NaN,NaN,NaN,NaN,NaN,NaN
2010-11-16,NaN,NaN,NaN,NaN,NaN,NaN,NaN,NaN,NaN,NaN,NaN,NaN,NaN,NaN,NaN,NaN,NaN,NaN,NaN,NaN,NaN,NaN,NaN,NaN,NaN,NaN,NaN,NaN,NaN,NaN,99.8125,87189.0,6738.0,99.82,87896.0,2815.0,99.825,63294.0,3014.0,99.825,49434.0,1759.0,99.825,29070.0,1962.0,99.825,33293.0,2330.0,99.82,31032.0,3990.0,99.81,22047.0,3620.0,99.785,21915.0,4069.0,99.755,28860.0,3499.0,99.725,19415.0,2551.0,99.685,17614.0,2697.0,99.635,19423.0,2541.0,99.61,15372.0,1055.0,99.585,10403.0,1147.0,99.515,9809.0,430.0,99.47,9161.0,220.0,99.43,5143.0,111.0,99.375,7504.0,1.0,99.355,792.0,3.0,99.295,2509.0,2.0,99.225,2028.0,10.0,99.175,1212.0,5.0,99.125,1772.0,16.0,NaN,NaN,NaN,NaN,NaN,NaN,NaN,NaN,NaN,NaN,NaN,NaN,NaN,NaN,NaN,NaN,NaN,NaN,NaN,NaN,NaN,NaN,NaN,NaN,NaN,NaN,NaN,NaN,NaN,NaN,NaN,NaN,NaN,NaN,NaN,NaN,NaN,NaN,NaN
2010-11-17,NaN,NaN,NaN,NaN,NaN,NaN,NaN,NaN,NaN,NaN,NaN,NaN,NaN,NaN,NaN,NaN,NaN,NaN,NaN,NaN,NaN,NaN,NaN,NaN,NaN,NaN,NaN,NaN,NaN,NaN,99.81,88688.0,6145.0,99.82,86779.0,1861.0,99.825,62549.0,2381.0,99.825,50163.0,1250.0,99.825,29908.0,1645.0,99.825,33290.0,378.0,99.82,30842.0,2615.0,99.81,22492.0,2260.0,99.79,22879.0,2634.0,99.765,29298.0,3186.0,99.74,19154.0,2067.0,99.705,18385.0,3259.0,99.66,19483.0,3132.0,99.64,15898.0,2455.0,99.61,10464.0,849.0,99.54,9994.0,388.0,99.495,9093.0,177.0,99.455,5143.0,149.0,99.4,7512.0,26.0,99.38,783.0,18.0,99.32,2543.0,89.0,99.255,2314.0,1010.0,99.205,1229.0,70.0,99.165,1782.0,196.0,NaN,NaN,NaN,NaN,NaN,NaN,NaN,NaN,NaN,NaN,NaN,NaN,NaN,NaN,NaN,NaN,NaN,NaN,NaN,NaN,NaN,NaN,NaN,NaN,NaN,NaN,NaN,NaN,NaN,NaN,NaN,NaN,NaN,NaN,NaN,NaN,NaN,NaN,NaN
2010-11-18,NaN,NaN,NaN,NaN,NaN,NaN,NaN,NaN,NaN,NaN,NaN,NaN,NaN,NaN,NaN,NaN,NaN,NaN,NaN,NaN,NaN,NaN,NaN,NaN,NaN,NaN,NaN,NaN,NaN,NaN,99.81,91473.0,4806.0,99.82,86638.0,3315.0,99.825,62609.0,505.0,99.825,51198.0,2670.0,99.825,30469.0,1653.0,99.825,33417.0,1751.0,99.82,32382.0,3320.0,99.81,22597.0,1244.0,99.79,22566.0,2390.0,99.765,29505.0,1942.0,99.74,19315.0,1433.0,99.705,18440.0,1025.0,99.665,19829.0,1439.0,99.64,16208.0,1298.0,99.615,10483.0,377.0,99.545,10038.0,167.0,99.5,9098.0,22.0,99.46,5137.0,24.0,99.405,7533.0,31.0,99.385,808.0,27.0,99.325,2543.0,20.0,99.26,2311.0,23.0,99.21,1198.0,86.0,99.17,1843.0,132.0,NaN,NaN,NaN,NaN,NaN,NaN,NaN,NaN,NaN,NaN,NaN,NaN,NaN,NaN,NaN,NaN,NaN,NaN,NaN,NaN,NaN,NaN,NaN,NaN,NaN,NaN,NaN,NaN,NaN,NaN,NaN,NaN,NaN,NaN,NaN,NaN,NaN,NaN,NaN
2010-11-19,NaN,NaN,NaN,NaN,NaN,NaN,NaN,NaN,NaN,NaN,NaN,NaN,NaN,NaN,NaN,NaN,NaN,NaN,NaN,NaN,NaN,NaN,NaN,NaN,NaN,NaN,NaN,NaN,NaN,NaN,99.8075,91658.0,463.0,99.815,87540.0,8033.0,99.825,62685.0,505.0,99.82,52627.0,2216.0,99.82,31261.0,3332.0,99.82,33730.0,3227.0,99.815,32775.0,2823.0,99.81,22662.0,1072.0,99.79,22205.0,1197.0,99.765,29531.0,863.0,99.74,19108.0,759.0,99.705,18493.0,1137.0,99.665,19892.0,1033.0,99.64,16356.0,883.0,99.615,10435.0,679.0,99.545,10115.0,186.0,99.5,9089.0,68.0,99.46,5133.0,37.0,99.405,7615.0,87.0,99.38,939.0,157.0,99.32,2770.0,283.0,99.255,2591.0,370.0,99.205,1173.0,30.0,99.165,1868.0,35.0,NaN,NaN,NaN,NaN,NaN,NaN,NaN,NaN,NaN,NaN,NaN,NaN,NaN,NaN,NaN,NaN,NaN,NaN,NaN,NaN,NaN,NaN,NaN,NaN,NaN,NaN,NaN,NaN,NaN,NaN,NaN,NaN,NaN,NaN,NaN,NaN,NaN,NaN,NaN
2010-11-22,NaN,NaN,NaN,NaN,NaN,NaN,NaN,NaN,NaN,NaN,NaN,NaN,NaN,NaN,NaN,NaN,NaN,NaN,NaN,NaN,NaN,NaN,NaN,NaN,NaN,NaN,NaN,NaN,NaN,NaN,99.8075,89585.0,4970.0,99.815,87758.0,8976.0,99.82,63796.0,3967.0,99.82,52619.0,1513.0,99.82,31761.0,1583.0,99.82,33965.0,1821.0,99.815,33506.0,3025.0,99.81,23506.0,3565.0,99.79,22163.0,2322.0,99.765,29877.0,1954.0,99.74,18913.0,1964.0,99.71,18951.0,1732.0,99.67,20023.0,1652.0,99.655,16752.0,1244.0,99.635,10811.0,1739.0,99.575,10313.0,1048.0,99.54,9133.0,141.0,99.505,5146.0,112.0,99.455,7631.0,16.0,99.44,971.0,32.0,99.38,2795.0,25.0,99.325,2592.0,27.0,99.285,1173.0,9.0,99.245,1870.0,3.0,NaN,NaN,NaN,NaN,NaN,NaN,NaN,NaN,NaN,NaN,NaN,NaN,NaN,NaN,NaN,NaN,NaN,NaN,NaN,NaN,NaN,NaN,NaN,NaN,NaN,NaN,NaN,NaN,NaN,NaN,NaN,NaN,NaN,NaN,NaN,NaN,NaN,NaN,NaN
2010-11-23,NaN,NaN,NaN,NaN,NaN,NaN,NaN,NaN,NaN,NaN,NaN,NaN,NaN,NaN,NaN,NaN,NaN,NaN,NaN,NaN,NaN,NaN,NaN,NaN,NaN,NaN,NaN,NaN,NaN,NaN,99.8075,88963.0,4440.0,99.815,86536.0,3245.0,99.82,64517.0,1722.0,99.82,53356.0,2418.0,99.82,32331.0,1289.0,99.82,33788.0,809.0,99.82,32798.0,2601.0,99.81,23564.0,2546.0,99.795,21695.0,4338.0,99.78,29902.0,4661.0,99.765,19272.0,3159.0,99.74,19483.0,1950.0,99.71,20119.0,2856.0,99.7,17943.0,3412.0,99.685,11351.0,1735.0,99.63,10313.0,291.0,99.595,9178.0,195.0,99.56,5201.0,137.0,99.51,7949.0,647.0,99.49,1197.0,618.0,99.43,2787.0,58.0,99.375,2654.0,70.0,99.34,1129.0,85.0,99.29,1890.0,103.0,NaN,NaN,NaN,NaN,NaN,NaN,NaN,NaN,NaN,NaN,NaN,NaN,NaN,NaN,NaN,NaN,NaN,NaN,NaN,NaN,NaN,NaN,NaN,NaN,NaN,NaN,NaN,NaN,NaN,NaN,NaN,NaN,NaN,NaN,NaN,NaN,NaN,NaN,NaN
2010-11-24,NaN,NaN,NaN,NaN,NaN,NaN,NaN,NaN,NaN,NaN,NaN,NaN,NaN,NaN,NaN,NaN,NaN,NaN,NaN,NaN,NaN,NaN,NaN,NaN,NaN,NaN,NaN,NaN,NaN,NaN,99.8075,88889.0,404.0,99.815,88664.0,5262.0,99.815,65696.0,4270.0,99.815,53805.0,3370.0,99.815,32990.0,4669.0,99.815,36712.0,6536.0,99.81,34837.0,4091.0,99.8,24482.0,4614.0,99.78,21756.0,5497.0,99.76,29382.0,5444.0,99.74,19490.0,6409.0,99.71,19357.0,4965.0,99.67,19877.0,2723.0,99.65,17998.0,2365.0,99.625,10694.0,2003.0,99.555,10266.0,1227.0,99.51,9062.0,536.0,99.46,5124.0,523.0,99.39,7944.0,195.0,99.36,1206.0,354.0,99.3,2809.0,92.0,99.24,2667.0,13.0,99.19,1347.0,218.0,99.14,1954.0,106.0,NaN,NaN,NaN,NaN,NaN,NaN,NaN,NaN,NaN,NaN,NaN,NaN,NaN,NaN,NaN,NaN,NaN,NaN,NaN,NaN,NaN,NaN,NaN,NaN,NaN,NaN,NaN,NaN,NaN,NaN,NaN,NaN,NaN,NaN,NaN,NaN,NaN,NaN,NaN
2010-11-26,NaN,NaN,NaN,NaN,NaN,NaN,NaN,NaN,NaN,NaN,NaN,NaN,NaN,NaN,NaN,NaN,NaN,NaN,NaN,NaN,NaN,NaN,NaN,NaN,NaN,NaN,NaN,NaN,NaN,NaN,99.8075,90471.0,6351.0,99.81,88492.0,3522.0,99.815,65383.0,1980.0,99.81,53446.0,1710.0,99.81,33110.0,1176.0,99.81,36508.0,1870.0,99.81,34814.0,737.0,99.8,24334.0,517.0,99.78,21876.0,1444.0,99.76,30047.0,1245.0,99.74,19383.0,540.0,99.71,19249.0,826.0,99.67,19635.0,941.0,99.645,18030.0,878.0,99.615,10547.0,307.0,99.545,10183.0,254.0,99.5,9005.0,65.0,99.455,5126.0,3.0,99.39,7947.0,3.0,99.36,1206.0,NaN,99.3,2809.0,5.0,99.24,2671.0,4.0,99.19,1347.0,NaN,99.14,1954.0,1.0,NaN,NaN,NaN,NaN,NaN,NaN,NaN,NaN,NaN,NaN,NaN,NaN,NaN,NaN,NaN,NaN,NaN,NaN,NaN,NaN,NaN,NaN,NaN,NaN,NaN,NaN,NaN,NaN,NaN,NaN,NaN,NaN,NaN,NaN,NaN,NaN,NaN,NaN,NaN
2010-11-29,NaN,NaN,NaN,NaN,NaN,NaN,NaN,NaN,NaN,NaN,NaN,NaN,NaN,NaN,NaN,NaN,NaN,NaN,NaN,NaN,NaN,NaN,NaN,NaN,NaN,NaN,NaN,NaN,NaN,NaN,99.8075,90925.0,2532.0,99.81,98847.0,27411.0,99.815,64561.0,4324.0,99.81,53728.0,1873.0,99.81,33202.0,987.0,99.81,36525.0,1029.0,99.81,34763.0,1230.0,99.8,24138.0,1086.0,99.78,21612.0,1096.0,99.76,30042.0,510.0,99.74,19388.0,355.0,99.71,19253.0,272.0,99.67,19463.0,478.0,99.65,18019.0,274.0,99.625,10427.0,295.0,99.56,10168.0,109.0,99.515,9097.0,99.0,99.47,5087.0,154.0,99.405,7947.0,17.0,99.375,1215.0,11.0,99.315,2822.0,14.0,99.255,2671.0,NaN,99.205,1347.0,11.0,99.155,1942.0,24.0,NaN,NaN,NaN,NaN,NaN,NaN,NaN,NaN,NaN,NaN,NaN,NaN,NaN,NaN,NaN,NaN,NaN,NaN,NaN,NaN,NaN,NaN,NaN,NaN,NaN,NaN,NaN,NaN,NaN,NaN,NaN,NaN,NaN,NaN,NaN,NaN,NaN,NaN,NaN
2010-11-30,NaN,NaN,NaN,NaN,NaN,NaN,NaN,NaN,NaN,NaN,NaN,NaN,NaN,NaN,NaN,NaN,NaN,NaN,NaN,NaN,NaN,NaN,NaN,NaN,NaN,NaN,NaN,NaN,NaN,NaN,99.8075,90293.0,1479.0,99.81,101806.0,7088.0,99.815,63469.0,2935.0,99.81,53592.0,954.0,99.81,33908.0,1536.0,99.81,36480.0,1192.0,99.805,35430.0,2746.0,99.795,24524.0,5266.0,99.775,25944.0,7863.0,99.76,30491.0,3069.0,99.745,19368.0,1915.0,99.725,20043.0,3159.0,99.69,19610.0,3929.0,99.675,18634.0,4264.0,99.66,10845.0,1816.0,99.605,9851.0,1007.0,99.57,9105.0,343.0,99.535,5067.0,204.0,99.495,7944.0,84.0,99.48,1177.0,74.0,99.42,2980.0,199.0,99.365,2671.0,3.0,99.325,1338.0,125.0,99.285,2136.0,371.0,NaN,NaN,NaN,NaN,NaN,NaN,NaN,NaN,NaN,NaN,NaN,NaN,NaN,NaN,NaN,NaN,NaN,NaN,NaN,NaN,NaN,NaN,NaN,NaN,NaN,NaN,NaN,NaN,NaN,NaN,NaN,NaN,NaN,NaN,NaN,NaN,NaN,NaN,NaN
2010-12-01,NaN,NaN,NaN,NaN,NaN,NaN,NaN,NaN,NaN,NaN,NaN,NaN,NaN,NaN,NaN,NaN,NaN,NaN,NaN,NaN,NaN,NaN,NaN,NaN,NaN,NaN,NaN,NaN,NaN,NaN,NaN,NaN,NaN,99.81,102601.0,3367.0,99.81,62515.0,3955.0,99.805,53978.0,5761.0,99.805,35115.0,2526.0,99.81,37086.0,1622.0,99.805,35729.0,2478.0,99.795,24673.0,2037.0,99.775,25116.0,2779.0,99.755,30207.0,2419.0,99.735,19780.0,2205.0,99.705,20349.0,2602.0,99.665,19638.0,4542.0,99.645,19277.0,6338.0,99.625,11036.0,3618.0,99.555,9866.0,2567.0,99.515,9168.0,560.0,99.475,5125.0,631.0,99.415,8351.0,633.0,99.395,1562.0,612.0,99.335,2990.0,26.0,99.28,2677.0,50.0,99.24,1345.0,72.0,99.19,2136.0,3.0,99.15,5.0,5.0,NaN,NaN,NaN,NaN,NaN,NaN,NaN,NaN,NaN,NaN,NaN,NaN,NaN,NaN,NaN,NaN,NaN,NaN,NaN,NaN,NaN,NaN,NaN,NaN,NaN,NaN,NaN,NaN,NaN,NaN,NaN,NaN,NaN,NaN,NaN,NaN
2010-12-02,NaN,NaN,NaN,NaN,NaN,NaN,NaN,NaN,NaN,NaN,NaN,NaN,NaN,NaN,NaN,NaN,NaN,NaN,NaN,NaN,NaN,NaN,NaN,NaN,NaN,NaN,NaN,NaN,NaN,NaN,NaN,NaN,NaN,99.805,101171.0,13657.0,99.81,62626.0,1682.0,99.805,53460.0,5505.0,99.8,37219.0,7299.0,99.8,37573.0,2169.0,99.795,36667.0,2395.0,99.79,24456.0,2490.0,99.77,25097.0,2080.0,99.745,29728.0,1871.0,99.725,19800.0,1482.0,99.695,20722.0,1340.0,99.65,19784.0,2489.0,99.63,18075.0,2380.0,99.6,10974.0,1197.0,99.53,9986.0,816.0,99.485,9131.0,332.0,99.445,5060.0,394.0,99.37,8419.0,149.0,99.34,1608.0,108.0,99.275,3035.0,72.0,99.195,2756.0,96.0,99.14,1389.0,128.0,99.085,2161.0,30.0,99.005,50.0,50.0,NaN,NaN,NaN,NaN,NaN,NaN,NaN,NaN,NaN,NaN,NaN,NaN,NaN,NaN,NaN,NaN,NaN,NaN,NaN,NaN,NaN,NaN,NaN,NaN,NaN,NaN,NaN,NaN,NaN,NaN,NaN,NaN,NaN,NaN,NaN,NaN
2010-12-03,NaN,NaN,NaN,NaN,NaN,NaN,NaN,NaN,NaN,NaN,NaN,NaN,NaN,NaN,NaN,NaN,NaN,NaN,NaN,NaN,NaN,NaN,NaN,NaN,NaN,NaN,NaN,NaN,NaN,NaN,NaN,NaN,NaN,99.81,101660.0,2918.0,99.815,62488.0,3308.0,99.81,53264.0,2211.0,99.81,36740.0,1810.0,99.81,38643.0,3305.0,99.805,37196.0,2785.0,99.8,24699.0,3102.0,99.785,25740.0,4392.0,99.77,30678.0,5031.0,99.755,20740.0,3678.0,99.73,20936.0,3845.0,99.695,19800.0,3497.0,99.68,18513.0,4003.0,99.665,10943.0,1784.0,99.6,9892.0,1204.0,99.56,9276.0,1102.0,99.52,5160.0,695.0,99.46,8570.0,344.0,99.43,1650.0,282.0,99.365,3227.0,407.0,99.29,2832.0,184.0,99.235,1374.0,80.0,99.18,2172.0,38.0,99.1,50.0,NaN,NaN,NaN,NaN,NaN,NaN,NaN,NaN,NaN,NaN,NaN,NaN,NaN,NaN,NaN,NaN,NaN,NaN,NaN,NaN,NaN,NaN,NaN,NaN,NaN,NaN,NaN,NaN,NaN,NaN,NaN,NaN,NaN,NaN,NaN,NaN,NaN
2010-12-06,NaN,NaN,NaN,NaN,NaN,NaN,NaN,NaN,NaN,NaN,NaN,NaN,NaN,NaN,NaN,NaN,NaN,NaN,NaN,NaN,NaN,NaN,NaN,NaN,NaN,NaN,NaN,NaN,NaN,NaN,NaN,NaN,NaN,99.8175,102970.0,5228.0,99.825,62515.0,4831.0,99.82,54422.0,6071.0,99.825,36262.0,6544.0,99.825,37071.0,3625.0,99.82,37881.0,6972.0,99.815,24963.0,2724.0,99.8,25876.0,748.0,99.785,31169.0,857.0,99.775,20373.0,1177.0,99.76,20904.0,1258.0,99.73,19702.0,1056.0,99.715,18255.0,1658.0,99.7,10710.0,901.0,99.65,9856.0,704.0,99.62,9217.0,539.0,99.59,5254.0,412.0,99.535,8568.0,78.0,99.505,1650.0,51.0,99.455,3248.0,47.0,99.38,2832.0,NaN,99.33,1364.0,58.0,99.28,2172.0,2.0,99.21,50.0,2.0,NaN,NaN,NaN,NaN,NaN,NaN,NaN,NaN,NaN,NaN,NaN,NaN,NaN,NaN,NaN,NaN,NaN,NaN,NaN,NaN,NaN,NaN,NaN,NaN,NaN,NaN,NaN,NaN,NaN,NaN,NaN,NaN,NaN,NaN,NaN,NaN
2010-12-07,NaN,NaN,NaN,NaN,NaN,NaN,NaN,NaN,NaN,NaN,NaN,NaN,NaN,NaN,NaN,NaN,NaN,NaN,NaN,NaN,NaN,NaN,NaN,NaN,NaN,NaN,NaN,NaN,NaN,NaN,NaN,NaN,NaN,99.8175,102603.0,5442.0,99.825,61770.0,4496.0,99.82,53946.0,1952.0,99.825,35738.0,1720.0,99.825,36809.0,3215.0,99.82,38047.0,862.0,99.815,24976.0,1411.0,99.795,24998.0,4350.0,99.77,31127.0,1971.0,99.75,19754.0,2968.0,99.72,20740.0,2620.0,99.675,19543.0,3592.0,99.645,17290.0,3265.0,99.615,10983.0,2689.0,99.535,10567.0,1524.0,99.49,9156.0,407.0,99.445,5235.0,180.0,99.375,8532.0,66.0,99.345,1694.0,46.0,99.275,3329.0,89.0,99.2,2878.0,92.0,99.135,1402.0,145.0,99.075,2153.0,75.0,99.0,53.0,3.0,NaN,NaN,NaN,NaN,NaN,NaN,NaN,NaN,NaN,NaN,NaN,NaN,NaN,NaN,NaN,NaN,NaN,NaN,NaN,NaN,NaN,NaN,NaN,NaN,NaN,NaN,NaN,NaN,NaN,NaN,NaN,NaN,NaN,NaN,NaN,NaN
2010-12-08,NaN,NaN,NaN,NaN,NaN,NaN,NaN,NaN,NaN,NaN,NaN,NaN,NaN,NaN,NaN,NaN,NaN,NaN,NaN,NaN,NaN,NaN,NaN,NaN,NaN,NaN,NaN,NaN,NaN,NaN,NaN,NaN,NaN,99.82,103572.0,2827.0,99.82,62906.0,6789.0,99.82,53730.0,5785.0,99.82,35701.0,10197.0,99.82,37980.0,8193.0,99.815,38706.0,6490.0,99.8,26546.0,8517.0,99.77,25720.0,10449.0,99.735,31515.0,6497.0,99.705,17636.0,11142.0,99.67,21221.0,5000.0,99.62,16559.0,9218.0,99.585,18216.0,5407.0,99.54,8074.0,6121.0,99.455,9078.0,4550.0,99.405,9394.0,1022.0,99.355,5177.0,585.0,99.27,8641.0,409.0,99.235,1803.0,340.0,99.155,3545.0,367.0,99.07,2917.0,95.0,99.0,1392.0,13.0,98.935,2148.0,58.0,98.845,57.0,7.0,NaN,NaN,NaN,NaN,NaN,NaN,NaN,NaN,NaN,NaN,NaN,NaN,NaN,NaN,NaN,NaN,NaN,NaN,NaN,NaN,NaN,NaN,NaN,NaN,NaN,NaN,NaN,NaN,NaN,NaN,NaN,NaN,NaN,NaN,NaN,NaN
2010-12-09,NaN,NaN,NaN,NaN,NaN,NaN,NaN,NaN,NaN,NaN,NaN,NaN,NaN,NaN,NaN,NaN,NaN,NaN,NaN,NaN,NaN,NaN,NaN,NaN,NaN,NaN,NaN,NaN,NaN,NaN,NaN,NaN,NaN,99.8225,102059.0,6858.0,99.825,63226.0,1699.0,99.82,54556.0,1862.0,99.82,35870.0,1590.0,99.82,37345.0,3080.0,99.815,40148.0,3564.0,99.8,27212.0,2504.0,99.77,26562.0,7724.0,99.735,30998.0,9495.0,99.705,16459.0,6522.0,99.665,20975.0,4240.0,99.615,17340.0,3236.0,99.58,18161.0,1503.0,99.535,7917.0,696.0,99.45,8922.0,552.0,99.395,9381.0,63.0,99.34,5160.0,56.0,99.255,8647.0,67.0,99.22,1810.0,40.0,99.14,3564.0,48.0,99.045,2919.0,22.0,98.975,1382.0,61.0,98.91,2149.0,37.0,98.82,67.0,10.0,NaN,NaN,NaN,NaN,NaN,NaN,NaN,NaN,NaN,NaN,NaN,NaN,NaN,NaN,NaN,NaN,NaN,NaN,NaN,NaN,NaN,NaN,NaN,NaN,NaN,NaN,NaN,NaN,NaN,NaN,NaN,NaN,NaN,NaN,NaN,NaN
2010-12-10,NaN,NaN,NaN,NaN,NaN,NaN,NaN,NaN,NaN,NaN,NaN,NaN,NaN,NaN,NaN,NaN,NaN,NaN,NaN,NaN,NaN,NaN,NaN,NaN,NaN,NaN,NaN,NaN,NaN,NaN,NaN,NaN,NaN,99.825,101595.0,3229.0,99.825,64793.0,6250.0,99.82,53789.0,3357.0,99.82,36253.0,5159.0,99.825,37914.0,3292.0,99.815,41363.0,2521.0,99.8,27939.0,2570.0,99.77,24765.0,7657.0,99.735,32065.0,6664.0,99.7,16764.0,3498.0,99.66,21094.0,4716.0,99.6,17804.0,3595.0,99.56,18191.0,1863.0,99.515,7932.0,1416.0,99.43,9080.0,871.0,99.37,9548.0,296.0,99.31,5257.0,228.0,99.22,8699.0,152.0,99.185,1776.0,64.0,99.1,3585.0,49.0,99.005,2932.0,47.0,98.935,1388.0,14.0,98.865,2149.0,NaN,98.77,67.0,NaN,NaN,NaN,NaN,NaN,NaN,NaN,NaN,NaN,NaN,NaN,NaN,NaN,NaN,NaN,NaN,NaN,NaN,NaN,NaN,NaN,NaN,NaN,NaN,NaN,NaN,NaN,NaN,NaN,NaN,NaN,NaN,NaN,NaN,NaN,NaN,NaN
2010-12-13,NaN,NaN,NaN,NaN,NaN,NaN,NaN,NaN,NaN,NaN,NaN,NaN,NaN,NaN,NaN,NaN,NaN,NaN,NaN,NaN,NaN,NaN,NaN,NaN,NaN,NaN,NaN,NaN,NaN,NaN,NaN,NaN,NaN,99.825,99381.0,3536.0,99.825,65255.0,1924.0,99.82,54442.0,2302.0,99.82,36920.0,1923.0,99.825,38077.0,1192.0,99.82,41643.0,1629.0,99.805,27243.0,1947.0,99.775,24659.0,3556.0,99.745,32425.0,3044.0,99.715,18233.0,2676.0,99.68,21241.0,2032.0,99.625,18167.0,2309.0,99.59,18472.0,1804.0,99.545,7721.0,873.0,99.46,9109.0,180.0,99.405,9519.0,145.0,99.355,5306.0,72.0,99.275,8739.0,81.0,99.24,1768.0,15.0,99.155,3648.0,84.0,99.06,2926.0,96.0,98.985,1358.0,55.0,98.915,2169.0,29.0,98.825,63.0,6.0,NaN,NaN,NaN,NaN,NaN,NaN,NaN,NaN,NaN,NaN,NaN,NaN,NaN,NaN,NaN,NaN,NaN,NaN,NaN,NaN,NaN,NaN,NaN,NaN,NaN,NaN,NaN,NaN,NaN,NaN,NaN,NaN,NaN,NaN,NaN,NaN
2010-12-14,NaN,NaN,NaN,NaN,NaN,NaN,NaN,NaN,NaN,NaN,NaN,NaN,NaN,NaN,NaN,NaN,NaN,NaN,NaN,NaN,NaN,NaN,NaN,NaN,NaN,NaN,NaN,NaN,NaN,NaN,NaN,NaN,NaN,99.825,98298.0,3778.0,99.825,64748.0,6689.0,99.82,56037.0,4414.0,99.82,37822.0,2899.0,99.825,37255.0,4916.0,99.82,44625.0,9428.0,99.805,28069.0,4228.0,99.775,29578.0,7585.0,99.745,32985.0,3754.0,99.715,18855.0,3911.0,99.675,22892.0,8733.0,99.605,20123.0,12332.0,99.56,18786.0,3929.0,99.515,7767.0,1417.0,99.425,9218.0,695.0,99.365,9566.0,377.0,99.305,5310.0,249.0,99.215,8707.0,86.0,99.17,1735.0,49.0,99.085,3655.0,21.0,98.975,2915.0,48.0,98.89,1363.0,59.0,98.82,2159.0,36.0,98.73,67.0,4.0,NaN,NaN,NaN,NaN,NaN,NaN,NaN,NaN,NaN,NaN,NaN,NaN,NaN,NaN,NaN,NaN,NaN,NaN,NaN,NaN,NaN,NaN,NaN,NaN,NaN,NaN,NaN,NaN,NaN,NaN,NaN,NaN,NaN,NaN,NaN,NaN
2010-12-15,NaN,NaN,NaN,NaN,NaN,NaN,NaN,NaN,NaN,NaN,NaN,NaN,NaN,NaN,NaN,NaN,NaN,NaN,NaN,NaN,NaN,NaN,NaN,NaN,NaN,NaN,NaN,NaN,NaN,NaN,NaN,NaN,NaN,99.8225,98355.0,864.0,99.825,64787.0,3782.0,99.82,56945.0,2888.0,99.815,38768.0,1551.0,99.82,37431.0,1270.0,99.81,45162.0,1930.0,99.8,27327.0,2937.0,99.765,30072.0,3422.0,99.73,33524.0,4475.0,99.7,19235.0,2775.0,99.66,23309.0,2444.0,99.59,20833.0,3928.0,99.54,19019.0,2611.0,99.49,7832.0,892.0,99.4,9279.0,660.0,99.34,9425.0,376.0,99.28,5277.0,407.0,99.185,8737.0,111.0,99.14,1729.0,18.0,99.055,3648.0,83.0,98.945,2904.0,95.0,98.86,1357.0,46.0,98.79,2170.0,75.0,98.7,92.0,38.0,NaN,NaN,NaN,NaN,NaN,NaN,NaN,NaN,NaN,NaN,NaN,NaN,NaN,NaN,NaN,NaN,NaN,NaN,NaN,NaN,NaN,NaN,NaN,NaN,NaN,NaN,NaN,NaN,NaN,NaN,NaN,NaN,NaN,NaN,NaN,NaN
2010-12-16,NaN,NaN,NaN,NaN,NaN,NaN,NaN,NaN,NaN,NaN,NaN,NaN,NaN,NaN,NaN,NaN,NaN,NaN,NaN,NaN,NaN,NaN,NaN,NaN,NaN,NaN,NaN,NaN,NaN,NaN,NaN,NaN,NaN,99.8225,99582.0,5949.0,99.82,65811.0,2345.0,99.815,57756.0,2887.0,99.815,38800.0,3450.0,99.815,37362.0,3152.0,99.805,49176.0,5532.0,99.795,27699.0,2812.0,99.765,30631.0,2956.0,99.73,34284.0,3253.0,99.7,18845.0,2509.0,99.655,22486.0,2955.0,99.59,20772.0,3763.0,99.545,20111.0,4807.0,99.495,7876.0,1451.0,99.4,9289.0,1031.0,99.34,9530.0,329.0,99.275,5287.0,329.0,99.18,8831.0,331.0,99.135,1674.0,282.0,99.04,3480.0,305.0,98.93,2904.0,98.0,98.845,1361.0,95.0,98.775,2174.0,110.0,98.68,190.0,181.0,NaN,NaN,NaN,NaN,NaN,NaN,NaN,NaN,NaN,NaN,NaN,NaN,NaN,NaN,NaN,NaN,NaN,NaN,NaN,NaN,NaN,NaN,NaN,NaN,NaN,NaN,NaN,NaN,NaN,NaN,NaN,NaN,NaN,NaN,NaN,NaN
2010-12-17,NaN,NaN,NaN,NaN,NaN,NaN,NaN,NaN,NaN,NaN,NaN,NaN,NaN,NaN,NaN,NaN,NaN,NaN,NaN,NaN,NaN,NaN,NaN,NaN,NaN,NaN,NaN,NaN,NaN,NaN,NaN,NaN,NaN,99.8225,96407.0,3769.0,99.82,66171.0,2013.0,99.815,57809.0,1582.0,99.815,38920.0,1089.0,99.815,37591.0,743.0,99.805,49807.0,1883.0,99.795,27698.0,1711.0,99.765,30510.0,1632.0,99.735,34249.0,1484.0,99.71,18848.0,255.0,99.675,22576.0,481.0,99.615,20891.0,783.0,99.57,20035.0,428.0,99.525,7965.0,506.0,99.445,9353.0,250.0,99.385,9512.0,53.0,99.325,5315.0,71.0,99.23,8832.0,20.0,99.19,1674.0,NaN,99.105,3458.0,31.0,99.005,2904.0,3.0,98.93,1373.0,16.0,98.865,2176.0,35.0,98.775,274.0,98.0,NaN,NaN,NaN,NaN,NaN,NaN,NaN,NaN,NaN,NaN,NaN,NaN,NaN,NaN,NaN,NaN,NaN,NaN,NaN,NaN,NaN,NaN,NaN,NaN,NaN,NaN,NaN,NaN,NaN,NaN,NaN,NaN,NaN,NaN,NaN,NaN
2010-12-20,NaN,NaN,NaN,NaN,NaN,NaN,NaN,NaN,NaN,NaN,NaN,NaN,NaN,NaN,NaN,NaN,NaN,NaN,NaN,NaN,NaN,NaN,NaN,NaN,NaN,NaN,NaN,NaN,NaN,NaN,NaN,NaN,NaN,99.8225,95263.0,3611.0,99.82,65723.0,2080.0,99.815,56722.0,2230.0,99.815,38536.0,1354.0,99.815,37587.0,1021.0,99.805,50186.0,1776.0,99.795,27698.0,718.0,99.77,30417.0,1912.0,99.74,34378.0,1447.0,99.72,18892.0,848.0,99.685,22680.0,768.0,99.625,21100.0,799.0,99.59,20236.0,522.0,99.545,7991.0,214.0,99.465,9364.0,125.0,99.405,9556.0,106.0,99.35,5321.0,84.0,99.26,8844.0,49.0,99.22,1671.0,17.0,99.14,3471.0,21.0,99.045,2963.0,63.0,98.97,1373.0,81.0,98.905,2166.0,78.0,98.815,235.0,78.0,NaN,NaN,NaN,NaN,NaN,NaN,NaN,NaN,NaN,NaN,NaN,NaN,NaN,NaN,NaN,NaN,NaN,NaN,NaN,NaN,NaN,NaN,NaN,NaN,NaN,NaN,NaN,NaN,NaN,NaN,NaN,NaN,NaN,NaN,NaN,NaN
2010-12-21,NaN,NaN,NaN,NaN,NaN,NaN,NaN,NaN,NaN,NaN,NaN,NaN,NaN,NaN,NaN,NaN,NaN,NaN,NaN,NaN,NaN,NaN,NaN,NaN,NaN,NaN,NaN,NaN,NaN,NaN,NaN,NaN,NaN,99.82,94734.0,2074.0,99.82,66078.0,4824.0,99.815,56889.0,768.0,99.815,38586.0,256.0,99.815,37346.0,446.0,99.805,50694.0,898.0,99.795,27900.0,888.0,99.77,30394.0,790.0,99.74,34571.0,898.0,99.72,18674.0,968.0,99.685,22812.0,742.0,99.63,21737.0,1879.0,99.595,20425.0,630.0,99.55,8359.0,697.0,99.47,9420.0,729.0,99.41,9658.0,131.0,99.355,5389.0,107.0,99.265,8889.0,69.0,99.225,1665.0,22.0,99.145,3471.0,7.0,99.05,2964.0,1.0,98.975,1374.0,2.0,98.91,2167.0,1.0,98.82,209.0,35.0,NaN,NaN,NaN,NaN,NaN,NaN,NaN,NaN,NaN,NaN,NaN,NaN,NaN,NaN,NaN,NaN,NaN,NaN,NaN,NaN,NaN,NaN,NaN,NaN,NaN,NaN,NaN,NaN,NaN,NaN,NaN,NaN,NaN,NaN,NaN,NaN
2010-12-22,NaN,NaN,NaN,NaN,NaN,NaN,NaN,NaN,NaN,NaN,NaN,NaN,NaN,NaN,NaN,NaN,NaN,NaN,NaN,NaN,NaN,NaN,NaN,NaN,NaN,NaN,NaN,NaN,NaN,NaN,NaN,NaN,NaN,99.82,94643.0,156.0,99.82,66048.0,983.0,99.815,56902.0,851.0,99.815,38979.0,908.0,99.815,37330.0,220.0,99.805,50911.0,1004.0,99.795,28216.0,747.0,99.77,30795.0,792.0,99.74,33929.0,1283.0,99.72,18558.0,969.0,99.685,23021.0,1053.0,99.63,21754.0,1129.0,99.59,20106.0,1475.0,99.545,8505.0,990.0,99.455,9406.0,546.0,99.39,9686.0,67.0,99.33,5392.0,65.0,99.245,8910.0,79.0,99.205,1664.0,14.0,99.095,3478.0,31.0,98.985,2965.0,38.0,98.91,1387.0,20.0,98.84,2171.0,22.0,98.74,181.0,44.0,NaN,NaN,NaN,NaN,NaN,NaN,NaN,NaN,NaN,NaN,NaN,NaN,NaN,NaN,NaN,NaN,NaN,NaN,NaN,NaN,NaN,NaN,NaN,NaN,NaN,NaN,NaN,NaN,NaN,NaN,NaN,NaN,NaN,NaN,NaN,NaN
2010-12-23,NaN,NaN,NaN,NaN,NaN,NaN,NaN,NaN,NaN,NaN,NaN,NaN,NaN,NaN,NaN,NaN,NaN,NaN,NaN,NaN,NaN,NaN,NaN,NaN,NaN,NaN,NaN,NaN,NaN,NaN,NaN,NaN,NaN,99.82,94640.0,189.0,99.82,67192.0,3240.0,99.815,57004.0,1374.0,99.815,39154.0,735.0,99.815,37231.0,567.0,99.805,50936.0,274.0,99.795,28136.0,204.0,99.77,30944.0,413.0,99.74,33873.0,497.0,99.715,18595.0,345.0,99.675,22698.0,680.0,99.61,21682.0,889.0,99.565,20003.0,503.0,99.515,8723.0,513.0,99.42,9462.0,203.0,99.345,9667.0,57.0,99.275,5382.0,73.0,99.17,9040.0,161.0,99.125,1660.0,13.0,99.015,3479.0,1.0,98.905,2965.0,NaN,98.83,1387.0,1.0,98.76,2172.0,1.0,98.66,182.0,4.0,NaN,NaN,NaN,NaN,NaN,NaN,NaN,NaN,NaN,NaN,NaN,NaN,NaN,NaN,NaN,NaN,NaN,NaN,NaN,NaN,NaN,NaN,NaN,NaN,NaN,NaN,NaN,NaN,NaN,NaN,NaN,NaN,NaN,NaN,NaN,NaN
2010-12-27,NaN,NaN,NaN,NaN,NaN,NaN,NaN,NaN,NaN,NaN,NaN,NaN,NaN,NaN,NaN,NaN,NaN,NaN,NaN,NaN,NaN,NaN,NaN,NaN,NaN,NaN,NaN,NaN,NaN,NaN,NaN,NaN,NaN,99.82,94625.0,134.0,99.82,67260.0,511.0,99.815,57090.0,465.0,99.815,38879.0,616.0,99.815,37081.0,634.0,99.805,51205.0,1270.0,99.795,28039.0,1734.0,99.77,30539.0,1636.0,99.745,33838.0,1074.0,99.72,18644.0,817.0,99.685,22651.0,760.0,99.62,21646.0,582.0,99.575,19881.0,384.0,99.525,8979.0,557.0,99.43,9573.0,346.0,99.355,9640.0,113.0,99.285,5377.0,218.0,99.175,9016.0,189.0,99.13,1643.0,71.0,99.02,3484.0,31.0,98.91,2965.0,14.0,98.83,1392.0,5.0,98.755,2172.0,5.0,98.65,182.0,5.0,NaN,NaN,NaN,NaN,NaN,NaN,NaN,NaN,NaN,NaN,NaN,NaN,NaN,NaN,NaN,NaN,NaN,NaN,NaN,NaN,NaN,NaN,NaN,NaN,NaN,NaN,NaN,NaN,NaN,NaN,NaN,NaN,NaN,NaN,NaN,NaN
2010-12-28,NaN,NaN,NaN,NaN,NaN,NaN,NaN,NaN,NaN,NaN,NaN,NaN,NaN,NaN,NaN,NaN,NaN,NaN,NaN,NaN,NaN,NaN,NaN,NaN,NaN,NaN,NaN,NaN,NaN,NaN,NaN,NaN,NaN,99.82,94411.0,1539.0,99.82,67016.0,742.0,99.815,57375.0,789.0,99.815,38822.0,375.0,99.815,37025.0,274.0,99.805,51226.0,910.0,99.795,27764.0,755.0,99.77,30655.0,1181.0,99.745,33678.0,756.0,99.72,18694.0,554.0,99.685,22392.0,1016.0,99.62,21714.0,925.0,99.575,19918.0,1101.0,99.52,9897.0,2124.0,99.425,9503.0,2676.0,99.35,8641.0,4549.0,99.275,5372.0,722.0,99.16,9207.0,342.0,99.115,1635.0,101.0,99.005,3622.0,191.0,98.88,2965.0,191.0,98.78,1392.0,NaN,98.7,2172.0,1.0,98.595,182.0,1.0,NaN,NaN,NaN,NaN,NaN,NaN,NaN,NaN,NaN,NaN,NaN,NaN,NaN,NaN,NaN,NaN,NaN,NaN,NaN,NaN,NaN,NaN,NaN,NaN,NaN,NaN,NaN,NaN,NaN,NaN,NaN,NaN,NaN,NaN,NaN,NaN
2010-12-29,NaN,NaN,NaN,NaN,NaN,NaN,NaN,NaN,NaN,NaN,NaN,NaN,NaN,NaN,NaN,NaN,NaN,NaN,NaN,NaN,NaN,NaN,NaN,NaN,NaN,NaN,NaN,NaN,NaN,NaN,NaN,NaN,NaN,99.82,95006.0,1430.0,99.82,67309.0,1940.0,99.815,58704.0,2383.0,99.815,39312.0,2405.0,99.815,36952.0,879.0,99.805,51626.0,1344.0,99.8,27106.0,1888.0,99.78,31002.0,3254.0,99.76,32455.0,2713.0,99.74,18679.0,1792.0,99.71,23159.0,2464.0,99.66,22034.0,2266.0,99.625,19402.0,3166.0,99.58,9756.0,1690.0,99.5,9546.0,1511.0,99.43,8746.0,1085.0,99.365,5407.0,402.0,99.26,9165.0,168.0,99.215,1616.0,129.0,99.11,3670.0,112.0,98.99,2990.0,117.0,98.905,1418.0,36.0,98.83,2179.0,20.0,98.725,186.0,24.0,NaN,NaN,NaN,NaN,NaN,NaN,NaN,NaN,NaN,NaN,NaN,NaN,NaN,NaN,NaN,NaN,NaN,NaN,NaN,NaN,NaN,NaN,NaN,NaN,NaN,NaN,NaN,NaN,NaN,NaN,NaN,NaN,NaN,NaN,NaN,NaN
2010-12-30,NaN,NaN,NaN,NaN,NaN,NaN,NaN,NaN,NaN,NaN,NaN,NaN,NaN,NaN,NaN,NaN,NaN,NaN,NaN,NaN,NaN,NaN,NaN,NaN,NaN,NaN,NaN,NaN,NaN,NaN,NaN,NaN,NaN,99.8175,93742.0,5010.0,99.82,67813.0,4131.0,99.815,58941.0,1103.0,99.815,39271.0,761.0,99.82,37779.0,1312.0,99.81,51445.0,1116.0,99.805,28200.0,2611.0,99.79,30622.0,3130.0,99.77,31769.0,2134.0,99.75,18882.0,1577.0,99.72,23331.0,2156.0,99.67,22412.0,1877.0,99.635,19959.0,1944.0,99.59,10386.0,1648.0,99.505,9900.0,923.0,99.435,8927.0,490.0,99.37,5627.0,439.0,99.265,9311.0,222.0,99.22,1606.0,105.0,99.115,3771.0,183.0,98.995,3048.0,189.0,98.91,1566.0,219.0,98.835,2439.0,682.0,98.73,231.0,164.0,NaN,NaN,NaN,NaN,NaN,NaN,NaN,NaN,NaN,NaN,NaN,NaN,NaN,NaN,NaN,NaN,NaN,NaN,NaN,NaN,NaN,NaN,NaN,NaN,NaN,NaN,NaN,NaN,NaN,NaN,NaN,NaN,NaN,NaN,NaN,NaN
2010-12-31,NaN,NaN,NaN,NaN,NaN,NaN,NaN,NaN,NaN,NaN,NaN,NaN,NaN,NaN,NaN,NaN,NaN,NaN,NaN,NaN,NaN,NaN,NaN,NaN,NaN,NaN,NaN,NaN,NaN,NaN,NaN,NaN,NaN,99.8175,93728.0,169.0,99.82,68266.0,749.0,99.815,59200.0,473.0,99.815,40736.0,2111.0,99.82,38302.0,769.0,99.815,51707.0,646.0,99.805,28311.0,1125.0,99.795,30951.0,893.0,99.785,31794.0,2049.0,99.77,18931.0,1386.0,99.745,23412.0,398.0,99.7,22702.0,1270.0,99.67,19906.0,1824.0,99.63,10319.0,1008.0,99.56,10106.0,1548.0,99.505,10037.0,1653.0,99.44,6010.0,595.0,99.335,9546.0,396.0,99.29,1639.0,156.0,99.195,3779.0,31.0,99.08,3057.0,67.0,98.995,1584.0,18.0,98.92,2452.0,28.0,98.815,226.0,15.0,NaN,NaN,NaN,NaN,NaN,NaN,NaN,NaN,NaN,NaN,NaN,NaN,NaN,NaN,NaN,NaN,NaN,NaN,NaN,NaN,NaN,NaN,NaN,NaN,NaN,NaN,NaN,NaN,NaN,NaN,NaN,NaN,NaN,NaN,NaN,NaN
