date,FFF13 Comdty|PX_LAST,FFF13 Comdty|OPEN_INT,FFF13 Comdty|PX_VOLUME,FFG13 Comdty|PX_LAST,FFG13 Comdty|OPEN_INT,FFG13 Comdty|PX_VOLUME,FFH13 Comdty|PX_LAST,FFH13 Comdty|OPEN_INT,FFH13 Comdty|PX_VOLUME,FFJ13 Comdty|PX_LAST,FFJ13 Comdty|OPEN_INT,FFJ13 Comdty|PX_VOLUME,FFK13 Comdty|PX_LAST,FFK13 Comdty|OPEN_INT,FFK13 Comdty|PX_VOLUME,FFM13 Comdty|PX_LAST,FFM13 Comdty|OPEN_INT,FFM13 Comdty|PX_VOLUME,FFN13 Comdty|PX_LAST,FFN13 Comdty|OPEN_INT,FFN13 Comdty|PX_VOLUME,FFQ13 Comdty|PX_LAST,FFQ13 Comdty|OPEN_INT,FFQ13 Comdty|PX_VOLUME,FFU13 Comdty|PX_LAST,FFU13 Comdty|OPEN_INT,FFU13 Comdty|PX_VOLUME,FFV13 Comdty|PX_LAST,FFV13 Comdty|OPEN_INT,FFV13 Comdty|PX_VOLUME,FFX13 Comdty|PX_LAST,FFX13 Comdty|OPEN_INT,FFX13 Comdty|PX_VOLUME,FFZ13 Comdty|PX_LAST,FFZ13 Comdty|OPEN_INT,FFZ13 Comdty|PX_VOLUME,FFF14 Comdty|PX_LAST,FFF14 Comdty|OPEN_INT,FFF14 Comdty|PX_VOLUME,FFG14 Comdty|PX_LAST,FFG14 Comdty|OPEN_INT,FFG14 Comdty|PX_VOLUME,FFH14 Comdty|PX_LAST,FFH14 Comdty|OPEN_INT,FFH14 Comdty|PX_VOLUME,FFJ14 Comdty|PX_LAST,FFJ14 Comdty|OPEN_INT,FFJ14 Comdty|PX_VOLUME,FFK14 Comdty|PX_LAST,FFK14 Comdty|OPEN_INT,FFK14 Comdty|PX_VOLUME,FFM14 Comdty|PX_LAST,FFM14 Comdty|OPEN_INT,FFM14 Comdty|PX_VOLUME,FFN14 Comdty|PX_LAST,FFN14 Comdty|OPEN_INT,FFN14 Comdty|PX_VOLUME,FFQ14 Comdty|PX_LAST,FFQ14 Comdty|OPEN_INT,FFQ14 Comdty|PX_VOLUME,FFU14 Comdty|PX_LAST,FFU14 Comdty|OPEN_INT,FFU14 Comdty|PX_VOLUME,FFV14 Comdty|PX_LAST,FFV14 Comdty|OPEN_INT,FFV14 Comdty|PX_VOLUME,FFX14 Comdty|PX_LAST,FFX14 Comdty|OPEN_INT,FFX14 Comdty|PX_VOLUME,FFZ14 Comdty|PX_LAST,FFZ14 Comdty|OPEN_INT,FFZ14 Comdty|PX_VOLUME,FFF15 Comdty|PX_LAST,FFF15 Comdty|OPEN_INT,FFF15 Comdty|PX_VOLUME,FFG15 Comdty|PX_LAST,FFG15 Comdty|OPEN_INT,FFG15 Comdty|PX_VOLUME,FFH15 Comdty|PX_LAST,FFH15 Comdty|OPEN_INT,FFH15 Comdty|PX_VOLUME,FFJ15 Comdty|PX_LAST,FFJ15 Comdty|OPEN_INT,FFJ15 Comdty|PX_VOLUME,FFK15 Comdty|PX_LAST,FFK15 Comdty|OPEN_INT,FFK15 Comdty|PX_VOLUME,FFM15 Comdty|PX_LAST,FFM15 Comdty|OPEN_INT,FFM15 Comdty|PX_VOLUME,FFN15 Comdty|PX_LAST,FFN15 Comdty|OPEN_INT,FFN15 Comdty|PX_VOLUME,FFQ15 Comdty|PX_LAST,FFQ15 Comdty|OPEN_INT,FFQ15 Comdty|PX_VOLUME,FFU15 Comdty|PX_LAST,FFU15 Comdty|OPEN_INT,FFU15 Comdty|PX_VOLUME,FFV15 Comdty|PX_LAST,FFV15 Comdty|OPEN_INT,FFV15 Comdty|PX_VOLUME,FFX15 Comdty|PX_LAST,FFX15 Comdty|OPEN_INT,FFX15 Comdty|PX_VOLUME,FFZ15 Comdty|PX_LAST,FFF16 Comdty|PX_LAST,FFG16 Comdty|PX_LAST,FFH16 Comdty|PX_LAST,FFJ16 Comdty|PX_LAST,FFK16 Comdty|PX_LAST,FFM16 Comdty|PX_LAST,FFN16 Comdty|PX_LAST,FFQ16 Comdty|PX_LAST,FFU16 Comdty|PX_LAST,FFV16 Comdty|PX_LAST,FFX16 Comdty|PX_LAST,FFZ16 Comdty|PX_LAST,FFF17 Comdty|PX_LAST,FFG17 Comdty|PX_LAST,FFH17 Comdty|PX_LAST,FFJ17 Comdty|PX_LAST,FFK17 Comdty|PX_LAST,FFM17 Comdty|PX_LAST,FFN17 Comdty|PX_LAST,FFQ17 Comdty|PX_LAST,FFU17 Comdty|PX_LAST,FFV17 Comdty|PX_LAST,FFX17 Comdty|PX_LAST,FFZ17 Comdty|PX_LAST,FFF18 Comdty|PX_LAST,FFG18 Comdty|PX_LAST,FFH18 Comdty|PX_LAST,FFJ18 Comdty|PX_LAST,FFK18 Comdty|PX_LAST,FFM18 Comdty|PX_LAST,FFN18 Comdty|PX_LAST,FFQ18 Comdty|PX_LAST,FFU18 Comdty|PX_LAST,FFV18 Comdty|PX_LAST,FFX18 Comdty|PX_LAST
2013-01-02,99.835,60927.0,4376.0,99.855,29555.0,3297.0,99.86,31535.0,2672.0,99.87,27002.0,1434.0,99.87,27766.0,1493.0,99.865,23957.0,1075.0,99.865,17780.0,1119.0,99.865,10457.0,896.0,99.865,11833.0,666.0,99.865,10182.0,710.0,99.865,9388.0,532.0,99.86,17550.0,1427.0,99.855,19539.0,1988.0,99.85,9240.0,1538.0,99.84,10187.0,1612.0,99.835,5946.0,931.0,99.825,5181.0,702.0,99.815,8176.0,622.0,99.8,3905.0,236.0,99.78,2630.0,99.0,99.765,1576.0,77.0,99.75,2037.0,241.0,99.725,1741.0,202.0,99.715,2043.0,2.0,99.7,504.0,NaN,99.67,231.0,NaN,99.645,149.0,NaN,99.625,338.0,NaN,99.595,123.0,NaN,99.575,1343.0,NaN,99.555,125.0,NaN,99.515,125.0,NaN,99.49,30.0,NaN,99.465,5.0,NaN,99.42,NaN,NaN,99.39,NaN,NaN,NaN,NaN,NaN,NaN,NaN,NaN,NaN,NaN,NaN,NaN,NaN,NaN,NaN,NaN,NaN,NaN,NaN,NaN,NaN,NaN,NaN,NaN,NaN,NaN,NaN,NaN,NaN,NaN,NaN,NaN,NaN,NaN,NaN
2013-01-03,99.84,60702.0,909.0,99.855,29229.0,1251.0,99.86,32105.0,2285.0,99.87,26981.0,395.0,99.87,27742.0,40.0,99.865,23951.0,621.0,99.865,18147.0,637.0,99.865,10403.0,346.0,99.865,11762.0,515.0,99.865,10158.0,741.0,99.865,10090.0,1090.0,99.86,17483.0,2849.0,99.85,19436.0,3228.0,99.845,9486.0,1173.0,99.835,10272.0,1419.0,99.825,5762.0,2100.0,99.815,5194.0,1122.0,99.8,7921.0,1194.0,99.785,4108.0,1545.0,99.76,2397.0,928.0,99.745,1637.0,105.0,99.73,2043.0,45.0,99.705,1737.0,6.0,99.69,2245.0,202.0,99.675,504.0,NaN,99.64,231.0,NaN,99.615,149.0,1.0,99.595,342.0,5.0,99.56,123.0,4.0,99.535,1365.0,28.0,99.515,125.0,NaN,99.475,125.0,1.0,99.445,30.0,NaN,99.42,5.0,NaN,99.37,NaN,NaN,99.34,NaN,NaN,NaN,NaN,NaN,NaN,NaN,NaN,NaN,NaN,NaN,NaN,NaN,NaN,NaN,NaN,NaN,NaN,NaN,NaN,NaN,NaN,NaN,NaN,NaN,NaN,NaN,NaN,NaN,NaN,NaN,NaN,NaN,NaN,NaN
2013-01-04,99.84,60413.0,3663.0,99.855,29010.0,1944.0,99.86,33120.0,2250.0,99.87,27218.0,964.0,99.87,28047.0,1055.0,99.865,23946.0,897.0,99.865,18429.0,1570.0,99.865,10391.0,253.0,99.86,11981.0,931.0,99.86,10588.0,712.0,99.855,10718.0,1554.0,99.855,17554.0,1750.0,99.845,18860.0,2031.0,99.835,9391.0,1721.0,99.825,10107.0,2303.0,99.815,5388.0,1453.0,99.805,5547.0,1455.0,99.79,7906.0,1126.0,99.775,4205.0,548.0,99.75,2413.0,206.0,99.735,1622.0,39.0,99.72,1990.0,214.0,99.695,1917.0,433.0,99.68,2250.0,18.0,99.665,499.0,24.0,99.63,231.0,NaN,99.605,159.0,10.0,99.585,343.0,1.0,99.55,123.0,NaN,99.525,1362.0,7.0,99.505,125.0,NaN,99.465,125.0,NaN,99.43,30.0,NaN,99.405,5.0,NaN,99.355,NaN,NaN,99.32,NaN,NaN,NaN,NaN,NaN,NaN,NaN,NaN,NaN,NaN,NaN,NaN,NaN,NaN,NaN,NaN,NaN,NaN,NaN,NaN,NaN,NaN,NaN,NaN,NaN,NaN,NaN,NaN,NaN,NaN,NaN,NaN,NaN,NaN,NaN
2013-01-07,99.8425,60210.0,273.0,99.855,29064.0,262.0,99.86,33097.0,41.0,99.87,27223.0,66.0,99.87,28075.0,92.0,99.865,23914.0,83.0,99.865,18410.0,71.0,99.865,10426.0,73.0,99.86,11946.0,292.0,99.86,10154.0,604.0,99.855,10759.0,427.0,99.855,17522.0,357.0,99.845,19011.0,373.0,99.835,9394.0,125.0,99.83,10172.0,150.0,99.82,5422.0,50.0,99.81,5483.0,95.0,99.795,7943.0,123.0,99.78,4208.0,10.0,99.755,2425.0,30.0,99.74,1622.0,NaN,99.725,1951.0,46.0,99.7,1878.0,47.0,99.685,2250.0,NaN,99.665,499.0,NaN,99.63,231.0,NaN,99.605,159.0,NaN,99.585,343.0,NaN,99.55,123.0,NaN,99.525,1362.0,NaN,99.505,125.0,NaN,99.465,125.0,NaN,99.43,30.0,NaN,99.405,5.0,NaN,99.355,NaN,NaN,99.32,NaN,NaN,NaN,NaN,NaN,NaN,NaN,NaN,NaN,NaN,NaN,NaN,NaN,NaN,NaN,NaN,NaN,NaN,NaN,NaN,NaN,NaN,NaN,NaN,NaN,NaN,NaN,NaN,NaN,NaN,NaN,NaN,NaN,NaN,NaN
2013-01-08,99.8425,60991.0,1430.0,99.855,28893.0,344.0,99.86,33450.0,1456.0,99.87,27254.0,516.0,99.87,28014.0,967.0,99.87,24859.0,2960.0,99.865,19345.0,1858.0,99.865,10423.0,43.0,99.865,11782.0,445.0,99.86,10040.0,273.0,99.86,10709.0,462.0,99.855,17504.0,492.0,99.85,18920.0,270.0,99.845,9138.0,578.0,99.835,10198.0,351.0,99.825,5343.0,219.0,99.815,5439.0,137.0,99.8,7914.0,152.0,99.785,4180.0,77.0,99.76,2345.0,587.0,99.745,1665.0,216.0,99.73,1942.0,12.0,99.705,1884.0,8.0,99.69,2253.0,5.0,99.67,499.0,NaN,99.64,231.0,NaN,99.615,159.0,NaN,99.595,343.0,NaN,99.56,123.0,NaN,99.535,1362.0,NaN,99.515,125.0,NaN,99.475,125.0,NaN,99.44,30.0,NaN,99.415,5.0,NaN,99.365,NaN,NaN,99.33,NaN,NaN,NaN,NaN,NaN,NaN,NaN,NaN,NaN,NaN,NaN,NaN,NaN,NaN,NaN,NaN,NaN,NaN,NaN,NaN,NaN,NaN,NaN,NaN,NaN,NaN,NaN,NaN,NaN,NaN,NaN,NaN,NaN,NaN,NaN
2013-01-09,99.8475,59715.0,8877.0,99.86,30312.0,2988.0,99.86,34840.0,2854.0,99.87,27223.0,335.0,99.875,28002.0,177.0,99.87,24743.0,289.0,99.87,19578.0,986.0,99.87,9864.0,884.0,99.865,11831.0,543.0,99.865,10286.0,774.0,99.86,10730.0,470.0,99.86,17503.0,358.0,99.855,18759.0,423.0,99.85,9057.0,175.0,99.84,10237.0,223.0,99.83,5380.0,344.0,99.82,5457.0,349.0,99.81,8037.0,444.0,99.795,4304.0,256.0,99.77,2315.0,156.0,99.755,1673.0,10.0,99.74,1908.0,42.0,99.715,1855.0,29.0,99.7,2256.0,7.0,99.68,499.0,NaN,99.65,231.0,NaN,99.625,159.0,NaN,99.605,343.0,NaN,99.57,123.0,NaN,99.545,1362.0,NaN,99.525,125.0,NaN,99.485,125.0,NaN,99.45,31.0,1.0,99.425,5.0,NaN,99.375,NaN,NaN,99.345,NaN,NaN,NaN,NaN,NaN,NaN,NaN,NaN,NaN,NaN,NaN,NaN,NaN,NaN,NaN,NaN,NaN,NaN,NaN,NaN,NaN,NaN,NaN,NaN,NaN,NaN,NaN,NaN,NaN,NaN,NaN,NaN,NaN,NaN,NaN
2013-01-10,99.8525,59395.0,3873.0,99.86,30200.0,5208.0,99.865,34831.0,3042.0,99.87,27793.0,1292.0,99.875,28301.0,797.0,99.87,25425.0,2307.0,99.87,19498.0,972.0,99.87,10134.0,685.0,99.865,12044.0,692.0,99.865,10446.0,313.0,99.865,10411.0,612.0,99.86,17627.0,183.0,99.855,18748.0,424.0,99.85,8980.0,270.0,99.84,10236.0,12.0,99.83,5429.0,98.0,99.82,5431.0,107.0,99.81,7987.0,87.0,99.795,4217.0,212.0,99.77,2423.0,244.0,99.755,1674.0,12.0,99.74,1822.0,92.0,99.715,1853.0,3.0,99.7,2256.0,2.0,99.68,499.0,NaN,99.65,231.0,NaN,99.625,159.0,NaN,99.605,343.0,NaN,99.57,123.0,NaN,99.545,1362.0,NaN,99.525,125.0,NaN,99.485,125.0,NaN,99.45,31.0,NaN,99.425,5.0,NaN,99.375,NaN,NaN,99.345,NaN,NaN,NaN,NaN,NaN,NaN,NaN,NaN,NaN,NaN,NaN,NaN,NaN,NaN,NaN,NaN,NaN,NaN,NaN,NaN,NaN,NaN,NaN,NaN,NaN,NaN,NaN,NaN,NaN,NaN,NaN,NaN,NaN,NaN,NaN
2013-01-11,99.8525,58934.0,2319.0,99.865,31408.0,5099.0,99.865,34909.0,402.0,99.875,27870.0,1118.0,99.875,28191.0,269.0,99.87,25657.0,427.0,99.87,19506.0,191.0,99.87,9987.0,459.0,99.865,11899.0,215.0,99.865,10462.0,565.0,99.865,10406.0,15.0,99.86,17566.0,343.0,99.855,18604.0,218.0,99.85,9009.0,661.0,99.84,10561.0,874.0,99.83,5579.0,793.0,99.82,5410.0,408.0,99.81,7984.0,181.0,99.795,4313.0,200.0,99.77,2430.0,248.0,99.755,1691.0,22.0,99.74,1796.0,27.0,99.71,1856.0,30.0,99.695,2282.0,28.0,99.675,499.0,115.0,99.64,231.0,2.0,99.61,160.0,2.0,99.59,343.0,NaN,99.555,123.0,NaN,99.53,1362.0,NaN,99.51,125.0,NaN,99.47,125.0,NaN,99.435,31.0,NaN,99.41,5.0,NaN,99.36,NaN,NaN,99.325,NaN,NaN,NaN,NaN,NaN,NaN,NaN,NaN,NaN,NaN,NaN,NaN,NaN,NaN,NaN,NaN,NaN,NaN,NaN,NaN,NaN,NaN,NaN,NaN,NaN,NaN,NaN,NaN,NaN,NaN,NaN,NaN,NaN,NaN,NaN
2013-01-14,99.8525,58542.0,3331.0,99.865,32469.0,2459.0,99.865,35023.0,3022.0,99.875,28455.0,2325.0,99.875,28446.0,1189.0,99.87,25634.0,130.0,99.87,19638.0,510.0,99.87,10038.0,486.0,99.865,11977.0,310.0,99.865,10452.0,41.0,99.865,10357.0,602.0,99.86,17562.0,28.0,99.855,18884.0,550.0,99.85,8993.0,58.0,99.84,10548.0,30.0,99.83,5628.0,133.0,99.82,5410.0,13.0,99.81,7963.0,117.0,99.795,4283.0,174.0,99.77,2515.0,228.0,99.755,1663.0,82.0,99.74,1796.0,29.0,99.71,1768.0,106.0,99.7,2292.0,11.0,99.68,500.0,4.0,99.645,233.0,3.0,99.62,160.0,8.0,99.6,343.0,NaN,99.565,123.0,NaN,99.54,1362.0,NaN,99.52,125.0,NaN,99.48,125.0,NaN,99.45,32.0,1.0,99.425,5.0,NaN,99.375,NaN,NaN,99.34,NaN,NaN,NaN,NaN,NaN,NaN,NaN,NaN,NaN,NaN,NaN,NaN,NaN,NaN,NaN,NaN,NaN,NaN,NaN,NaN,NaN,NaN,NaN,NaN,NaN,NaN,NaN,NaN,NaN,NaN,NaN,NaN,NaN,NaN,NaN
2013-01-15,99.8525,58911.0,4420.0,99.86,31169.0,6268.0,99.86,36591.0,5338.0,99.87,31865.0,7901.0,99.875,28890.0,4885.0,99.87,24924.0,4858.0,99.87,21387.0,2868.0,99.87,11401.0,3316.0,99.865,12559.0,1540.0,99.865,10527.0,451.0,99.865,10392.0,540.0,99.86,17561.0,653.0,99.855,19033.0,558.0,99.85,8886.0,314.0,99.845,10709.0,341.0,99.835,5846.0,578.0,99.825,6300.0,1464.0,99.815,8029.0,678.0,99.8,4308.0,376.0,99.785,2767.0,652.0,99.77,1672.0,223.0,99.755,1720.0,346.0,99.735,1606.0,436.0,99.725,2510.0,303.0,99.71,507.0,39.0,99.68,249.0,43.0,99.655,150.0,30.0,99.64,356.0,16.0,99.61,125.0,6.0,99.585,1363.0,6.0,99.565,125.0,NaN,99.525,125.0,NaN,99.495,55.0,23.0,99.47,5.0,NaN,99.42,NaN,NaN,99.385,NaN,NaN,NaN,NaN,NaN,NaN,NaN,NaN,NaN,NaN,NaN,NaN,NaN,NaN,NaN,NaN,NaN,NaN,NaN,NaN,NaN,NaN,NaN,NaN,NaN,NaN,NaN,NaN,NaN,NaN,NaN,NaN,NaN,NaN,NaN
2013-01-16,99.8525,59480.0,6521.0,99.86,32144.0,4270.0,99.86,36681.0,3689.0,99.87,31192.0,1223.0,99.875,28864.0,368.0,99.87,24903.0,312.0,99.87,20511.0,2052.0,99.87,12140.0,1814.0,99.865,12511.0,664.0,99.865,10525.0,91.0,99.865,10323.0,200.0,99.86,17644.0,181.0,99.855,19125.0,182.0,99.85,8935.0,269.0,99.845,11026.0,709.0,99.835,5817.0,557.0,99.825,6655.0,1023.0,99.815,8213.0,522.0,99.8,4301.0,19.0,99.785,2762.0,34.0,99.77,1672.0,5.0,99.76,1717.0,115.0,99.74,1558.0,48.0,99.73,2485.0,71.0,99.715,557.0,118.0,99.685,249.0,NaN,99.66,150.0,NaN,99.645,356.0,NaN,99.615,125.0,NaN,99.59,1363.0,NaN,99.57,125.0,NaN,99.53,125.0,NaN,99.5,55.0,NaN,99.475,20.0,15.0,99.425,NaN,NaN,99.39,NaN,NaN,NaN,NaN,NaN,NaN,NaN,NaN,NaN,NaN,NaN,NaN,NaN,NaN,NaN,NaN,NaN,NaN,NaN,NaN,NaN,NaN,NaN,NaN,NaN,NaN,NaN,NaN,NaN,NaN,NaN,NaN,NaN,NaN,NaN
2013-01-17,99.8525,58349.0,4500.0,99.86,33388.0,3181.0,99.86,37436.0,1922.0,99.87,31011.0,446.0,99.87,29630.0,1723.0,99.87,25299.0,1075.0,99.87,20025.0,1601.0,99.87,12504.0,1355.0,99.865,12498.0,1350.0,99.865,10435.0,1042.0,99.86,10211.0,601.0,99.855,17679.0,1339.0,99.85,18778.0,1068.0,99.84,8807.0,977.0,99.835,11335.0,680.0,99.825,5886.0,485.0,99.815,6768.0,633.0,99.805,8317.0,203.0,99.79,4384.0,162.0,99.77,2831.0,343.0,99.75,1728.0,57.0,99.735,1765.0,100.0,99.71,1558.0,106.0,99.695,2426.0,89.0,99.68,558.0,1.0,99.645,281.0,100.0,99.615,150.0,NaN,99.59,369.0,15.0,99.56,133.0,17.0,99.535,1365.0,3.0,99.51,125.0,NaN,99.465,125.0,NaN,99.435,53.0,2.0,99.41,20.0,NaN,99.36,NaN,NaN,99.325,NaN,NaN,NaN,NaN,NaN,NaN,NaN,NaN,NaN,NaN,NaN,NaN,NaN,NaN,NaN,NaN,NaN,NaN,NaN,NaN,NaN,NaN,NaN,NaN,NaN,NaN,NaN,NaN,NaN,NaN,NaN,NaN,NaN,NaN,NaN
2013-01-18,99.855,60229.0,7755.0,99.865,31654.0,5980.0,99.865,37330.0,8868.0,99.87,31013.0,12425.0,99.87,29462.0,2761.0,99.87,24583.0,3426.0,99.87,19791.0,3257.0,99.87,12681.0,1341.0,99.865,12291.0,1328.0,99.865,10318.0,1027.0,99.86,10128.0,138.0,99.855,17527.0,682.0,99.855,18667.0,522.0,99.845,8774.0,759.0,99.84,11439.0,504.0,99.83,5856.0,130.0,99.82,6759.0,285.0,99.81,8219.0,212.0,99.795,4462.0,163.0,99.775,2964.0,196.0,99.755,1746.0,45.0,99.74,1771.0,31.0,99.715,1568.0,13.0,99.7,2415.0,14.0,99.685,563.0,6.0,99.65,281.0,NaN,99.62,150.0,NaN,99.595,369.0,NaN,99.565,133.0,NaN,99.54,1365.0,NaN,99.515,125.0,NaN,99.47,125.0,NaN,99.44,53.0,NaN,99.415,20.0,NaN,99.365,NaN,NaN,99.33,NaN,NaN,NaN,NaN,NaN,NaN,NaN,NaN,NaN,NaN,NaN,NaN,NaN,NaN,NaN,NaN,NaN,NaN,NaN,NaN,NaN,NaN,NaN,NaN,NaN,NaN,NaN,NaN,NaN,NaN,NaN,NaN,NaN,NaN,NaN
2013-01-22,99.8575,57197.0,5889.0,99.87,32607.0,4206.0,99.87,37898.0,4273.0,99.875,30856.0,2597.0,99.875,29696.0,2807.0,99.87,24735.0,569.0,99.87,19789.0,113.0,99.87,12531.0,240.0,99.87,12275.0,201.0,99.865,10241.0,233.0,99.86,10121.0,68.0,99.86,17562.0,197.0,99.855,18605.0,139.0,99.845,8774.0,19.0,99.84,11415.0,33.0,99.83,5775.0,190.0,99.82,6774.0,72.0,99.81,8211.0,16.0,99.795,4455.0,64.0,99.775,2956.0,27.0,99.755,1744.0,3.0,99.74,1770.0,2.0,99.715,1568.0,2.0,99.7,2414.0,6.0,99.69,568.0,5.0,99.655,381.0,100.0,99.625,155.0,5.0,99.61,374.0,5.0,99.58,133.0,NaN,99.555,1364.0,1.0,99.535,125.0,NaN,99.495,125.0,NaN,99.465,53.0,NaN,99.44,20.0,NaN,99.39,NaN,NaN,99.36,NaN,NaN,NaN,NaN,NaN,NaN,NaN,NaN,NaN,NaN,NaN,NaN,NaN,NaN,NaN,NaN,NaN,NaN,NaN,NaN,NaN,NaN,NaN,NaN,NaN,NaN,NaN,NaN,NaN,NaN,NaN,NaN,NaN,NaN,NaN
2013-01-23,99.8575,57169.0,370.0,99.87,33527.0,1935.0,99.87,36813.0,1553.0,99.875,30993.0,891.0,99.875,29679.0,208.0,99.87,25750.0,1945.0,99.87,19843.0,202.0,99.87,12390.0,303.0,99.87,12048.0,421.0,99.865,10170.0,173.0,99.865,10069.0,454.0,99.86,17627.0,266.0,99.855,18899.0,887.0,99.85,8835.0,384.0,99.84,11330.0,137.0,99.83,5541.0,504.0,99.82,6751.0,155.0,99.81,8232.0,89.0,99.795,4523.0,100.0,99.775,2921.0,159.0,99.76,1786.0,57.0,99.745,1771.0,2.0,99.725,1568.0,2.0,99.71,2416.0,41.0,99.7,613.0,77.0,99.665,473.0,100.0,99.635,155.0,NaN,99.62,374.0,NaN,99.59,133.0,NaN,99.565,1365.0,1.0,99.545,126.0,1.0,99.505,125.0,NaN,99.475,54.0,1.0,99.45,20.0,NaN,99.4,NaN,NaN,99.37,NaN,NaN,NaN,NaN,NaN,NaN,NaN,NaN,NaN,NaN,NaN,NaN,NaN,NaN,NaN,NaN,NaN,NaN,NaN,NaN,NaN,NaN,NaN,NaN,NaN,NaN,NaN,NaN,NaN,NaN,NaN,NaN,NaN,NaN,NaN
2013-01-24,99.8575,56754.0,2111.0,99.865,32548.0,6031.0,99.87,36608.0,5157.0,99.875,30341.0,1660.0,99.875,29437.0,868.0,99.87,25075.0,1813.0,99.87,19457.0,2759.0,99.87,14075.0,2212.0,99.865,11967.0,202.0,99.865,10191.0,394.0,99.865,10066.0,15.0,99.86,17611.0,245.0,99.855,18881.0,159.0,99.85,8696.0,241.0,99.84,11249.0,150.0,99.83,5532.0,113.0,99.82,6764.0,129.0,99.81,8190.0,88.0,99.795,4521.0,58.0,99.775,2985.0,122.0,99.76,1796.0,37.0,99.745,1779.0,20.0,99.725,1566.0,2.0,99.71,2414.0,29.0,99.7,613.0,NaN,99.665,473.0,NaN,99.635,160.0,5.0,99.615,379.0,5.0,99.585,133.0,NaN,99.56,1380.0,15.0,99.54,155.0,29.0,99.5,145.0,20.0,99.47,69.0,21.0,99.445,40.0,20.0,99.395,25.0,25.0,99.355,NaN,NaN,NaN,NaN,NaN,NaN,NaN,NaN,NaN,NaN,NaN,NaN,NaN,NaN,NaN,NaN,NaN,NaN,NaN,NaN,NaN,NaN,NaN,NaN,NaN,NaN,NaN,NaN,NaN,NaN,NaN,NaN,NaN,NaN,NaN
2013-01-25,99.855,55457.0,2260.0,99.865,32100.0,2358.0,99.865,36231.0,3126.0,99.87,28869.0,3190.0,99.865,28115.0,4158.0,99.865,24190.0,1641.0,99.86,18600.0,2661.0,99.855,13536.0,1450.0,99.85,11868.0,1997.0,99.845,10358.0,1897.0,99.84,10188.0,1851.0,99.835,17042.0,2512.0,99.83,19064.0,2265.0,99.82,8920.0,1248.0,99.81,12065.0,1248.0,99.8,5791.0,695.0,99.79,6837.0,736.0,99.78,8187.0,601.0,99.76,4537.0,391.0,99.735,2943.0,396.0,99.72,1876.0,526.0,99.695,1813.0,275.0,99.665,1703.0,148.0,99.65,2367.0,67.0,99.63,614.0,3.0,99.595,473.0,1.0,99.565,161.0,2.0,99.545,381.0,22.0,99.51,133.0,60.0,99.485,1490.0,143.0,99.46,266.0,111.0,99.42,145.0,NaN,99.39,66.0,6.0,99.36,40.0,NaN,99.305,25.0,NaN,99.265,NaN,NaN,NaN,NaN,NaN,NaN,NaN,NaN,NaN,NaN,NaN,NaN,NaN,NaN,NaN,NaN,NaN,NaN,NaN,NaN,NaN,NaN,NaN,NaN,NaN,NaN,NaN,NaN,NaN,NaN,NaN,NaN,NaN,NaN,NaN
2013-01-28,99.855,55399.0,961.0,99.865,33678.0,4067.0,99.865,36058.0,1982.0,99.865,28630.0,1229.0,99.86,27621.0,3058.0,99.86,25259.0,4773.0,99.855,18848.0,2004.0,99.85,14468.0,3972.0,99.845,10782.0,3285.0,99.84,9724.0,3243.0,99.835,10045.0,2688.0,99.83,16740.0,1744.0,99.82,18709.0,1439.0,99.81,8989.0,929.0,99.8,11690.0,1336.0,99.79,5941.0,1137.0,99.775,7108.0,1040.0,99.765,8403.0,645.0,99.745,4787.0,661.0,99.715,3017.0,360.0,99.7,1954.0,201.0,99.675,1982.0,300.0,99.645,1853.0,252.0,99.63,2366.0,19.0,99.61,630.0,19.0,99.57,473.0,NaN,99.54,161.0,4.0,99.52,381.0,NaN,99.485,133.0,NaN,99.46,1488.0,2.0,99.435,266.0,NaN,99.39,145.0,NaN,99.36,94.0,33.0,99.325,40.0,NaN,99.27,25.0,NaN,99.23,NaN,NaN,NaN,NaN,NaN,NaN,NaN,NaN,NaN,NaN,NaN,NaN,NaN,NaN,NaN,NaN,NaN,NaN,NaN,NaN,NaN,NaN,NaN,NaN,NaN,NaN,NaN,NaN,NaN,NaN,NaN,NaN,NaN,NaN,NaN
2013-01-29,99.855,55387.0,102.0,99.865,33814.0,2662.0,99.87,34363.0,2772.0,99.87,28520.0,551.0,99.865,27017.0,913.0,99.865,25447.0,941.0,99.86,18803.0,263.0,99.855,14122.0,649.0,99.85,10899.0,1094.0,99.845,9650.0,733.0,99.835,9837.0,648.0,99.83,16851.0,349.0,99.82,18618.0,576.0,99.81,9385.0,720.0,99.8,11642.0,269.0,99.79,5898.0,185.0,99.775,7086.0,179.0,99.765,8387.0,230.0,99.745,4828.0,140.0,99.715,3010.0,292.0,99.7,2082.0,291.0,99.675,1994.0,108.0,99.645,1898.0,203.0,99.625,2266.0,422.0,99.6,687.0,102.0,99.56,437.0,43.0,99.53,136.0,30.0,99.51,332.0,49.0,99.475,130.0,33.0,99.45,1642.0,168.0,99.425,275.0,10.0,99.38,145.0,NaN,99.35,94.0,NaN,99.315,40.0,NaN,99.26,25.0,NaN,99.22,NaN,NaN,NaN,NaN,NaN,NaN,NaN,NaN,NaN,NaN,NaN,NaN,NaN,NaN,NaN,NaN,NaN,NaN,NaN,NaN,NaN,NaN,NaN,NaN,NaN,NaN,NaN,NaN,NaN,NaN,NaN,NaN,NaN,NaN,NaN
2013-01-30,99.855,55385.0,2.0,99.865,37341.0,15640.0,99.87,34116.0,1721.0,99.87,27828.0,1921.0,99.865,26696.0,740.0,99.865,24977.0,1370.0,99.86,18758.0,478.0,99.86,14038.0,641.0,99.85,10724.0,450.0,99.845,9789.0,299.0,99.835,9937.0,495.0,99.835,16825.0,830.0,99.825,18368.0,718.0,99.815,9410.0,658.0,99.8,11226.0,1063.0,99.79,5681.0,957.0,99.775,7281.0,1302.0,99.765,8623.0,849.0,99.745,4913.0,874.0,99.715,2911.0,538.0,99.7,2219.0,270.0,99.68,1989.0,10.0,99.655,1831.0,145.0,99.635,2241.0,96.0,99.61,618.0,103.0,99.57,338.0,99.0,99.54,142.0,30.0,99.52,346.0,40.0,99.485,143.0,55.0,99.46,1615.0,207.0,99.43,453.0,178.0,99.385,145.0,NaN,99.355,94.0,2.0,99.32,40.0,NaN,99.265,25.0,NaN,99.225,NaN,NaN,NaN,NaN,NaN,NaN,NaN,NaN,NaN,NaN,NaN,NaN,NaN,NaN,NaN,NaN,NaN,NaN,NaN,NaN,NaN,NaN,NaN,NaN,NaN,NaN,NaN,NaN,NaN,NaN,NaN,NaN,NaN,NaN,NaN
2013-01-31,99.8575,57656.0,12726.0,99.865,38779.0,4829.0,99.87,33798.0,1731.0,99.87,28203.0,1193.0,99.865,27258.0,2538.0,99.865,25150.0,1627.0,99.86,18785.0,1046.0,99.86,14003.0,1572.0,99.855,10897.0,1207.0,99.85,10118.0,1446.0,99.84,9819.0,579.0,99.84,17431.0,1622.0,99.83,18380.0,721.0,99.82,9332.0,1187.0,99.81,11355.0,620.0,99.8,5644.0,322.0,99.785,7474.0,919.0,99.775,8754.0,489.0,99.755,4867.0,340.0,99.725,2854.0,415.0,99.71,2385.0,288.0,99.69,2275.0,381.0,99.665,1826.0,435.0,99.645,2253.0,25.0,99.625,619.0,1.0,99.585,338.0,NaN,99.555,142.0,NaN,99.535,359.0,13.0,99.5,144.0,2.0,99.475,1614.0,2.0,99.445,453.0,NaN,99.4,145.0,NaN,99.37,94.0,1.0,99.335,40.0,NaN,99.28,25.0,NaN,99.24,NaN,NaN,NaN,NaN,NaN,NaN,NaN,NaN,NaN,NaN,NaN,NaN,NaN,NaN,NaN,NaN,NaN,NaN,NaN,NaN,NaN,NaN,NaN,NaN,NaN,NaN,NaN,NaN,NaN,NaN,NaN,NaN,NaN,NaN,NaN
2013-02-01,NaN,NaN,NaN,99.865,38579.0,3480.0,99.87,33509.0,1426.0,99.87,28151.0,134.0,99.87,27252.0,121.0,99.87,25036.0,780.0,99.865,18864.0,357.0,99.86,14064.0,747.0,99.86,11045.0,883.0,99.855,11029.0,1716.0,99.845,9946.0,976.0,99.845,17311.0,316.0,99.84,18805.0,1320.0,99.83,9233.0,1231.0,99.82,11398.0,1061.0,99.81,5715.0,666.0,99.795,8107.0,1129.0,99.785,9140.0,1591.0,99.765,4691.0,640.0,99.74,2850.0,401.0,99.725,2363.0,1465.0,99.705,2831.0,1284.0,99.68,2409.0,1149.0,99.66,2239.0,64.0,99.64,643.0,29.0,99.6,341.0,3.0,99.57,143.0,8.0,99.545,357.0,14.0,99.51,144.0,15.0,99.485,1621.0,12.0,99.455,458.0,5.0,99.41,145.0,NaN,99.37,95.0,4.0,99.335,40.0,NaN,99.28,26.0,1.0,99.24,99.2,NaN,NaN,NaN,NaN,NaN,NaN,NaN,NaN,NaN,NaN,NaN,NaN,NaN,NaN,NaN,NaN,NaN,NaN,NaN,NaN,NaN,NaN,NaN,NaN,NaN,NaN,NaN,NaN,NaN,NaN,NaN,NaN,NaN,NaN
2013-02-04,NaN,NaN,NaN,99.865,40099.0,3177.0,99.87,33177.0,1527.0,99.87,27921.0,556.0,99.87,25922.0,3146.0,99.87,26268.0,2962.0,99.865,20653.0,5382.0,99.865,13961.0,1575.0,99.86,11055.0,466.0,99.855,11254.0,584.0,99.85,10498.0,1434.0,99.845,17232.0,1012.0,99.845,18698.0,1484.0,99.835,9847.0,1719.0,99.825,11410.0,168.0,99.815,5787.0,230.0,99.805,7955.0,230.0,99.795,9201.0,243.0,99.78,4796.0,272.0,99.76,2888.0,391.0,99.745,2363.0,25.0,99.725,2818.0,22.0,99.7,2409.0,4.0,99.68,2241.0,9.0,99.66,664.0,24.0,99.625,351.0,27.0,99.6,128.0,21.0,99.575,357.0,NaN,99.545,144.0,NaN,99.52,1621.0,4.0,99.495,462.0,4.0,99.45,145.0,NaN,99.41,95.0,1.0,99.375,40.0,NaN,99.32,26.0,NaN,99.28,99.24,NaN,NaN,NaN,NaN,NaN,NaN,NaN,NaN,NaN,NaN,NaN,NaN,NaN,NaN,NaN,NaN,NaN,NaN,NaN,NaN,NaN,NaN,NaN,NaN,NaN,NaN,NaN,NaN,NaN,NaN,NaN,NaN,NaN,NaN
2013-02-05,NaN,NaN,NaN,99.8675,39680.0,1721.0,99.87,33163.0,735.0,99.87,28171.0,822.0,99.87,25856.0,121.0,99.87,26374.0,160.0,99.865,20714.0,513.0,99.865,13945.0,194.0,99.86,11074.0,177.0,99.855,11309.0,272.0,99.85,10416.0,136.0,99.845,17046.0,349.0,99.84,18173.0,1049.0,99.83,9945.0,600.0,99.825,11357.0,134.0,99.815,5767.0,264.0,99.8,8009.0,153.0,99.79,9209.0,85.0,99.775,4798.0,144.0,99.75,2731.0,215.0,99.735,2275.0,113.0,99.715,2814.0,14.0,99.68,2407.0,4.0,99.66,2243.0,3.0,99.64,660.0,5.0,99.6,355.0,4.0,99.57,129.0,5.0,99.545,369.0,15.0,99.51,155.0,11.0,99.485,1672.0,51.0,99.46,503.0,41.0,99.41,145.0,NaN,99.37,95.0,3.0,99.335,40.0,NaN,99.28,26.0,NaN,99.24,99.2,NaN,NaN,NaN,NaN,NaN,NaN,NaN,NaN,NaN,NaN,NaN,NaN,NaN,NaN,NaN,NaN,NaN,NaN,NaN,NaN,NaN,NaN,NaN,NaN,NaN,NaN,NaN,NaN,NaN,NaN,NaN,NaN,NaN,NaN
2013-02-06,NaN,NaN,NaN,99.8675,39680.0,122.0,99.87,33517.0,1684.0,99.87,28136.0,1521.0,99.87,24991.0,1822.0,99.87,26300.0,654.0,99.87,20742.0,723.0,99.87,14275.0,528.0,99.865,11144.0,443.0,99.865,11472.0,550.0,99.86,10454.0,749.0,99.855,17105.0,413.0,99.85,17839.0,2023.0,99.845,9500.0,1161.0,99.84,10303.0,1475.0,99.83,6205.0,1505.0,99.815,7794.0,751.0,99.805,9216.0,998.0,99.79,4738.0,353.0,99.765,2789.0,101.0,99.75,2496.0,697.0,99.73,2764.0,101.0,99.7,2404.0,21.0,99.68,2241.0,4.0,99.66,660.0,2.0,99.62,355.0,NaN,99.59,129.0,NaN,99.565,363.0,6.0,99.535,155.0,NaN,99.51,1679.0,9.0,99.485,503.0,NaN,99.435,145.0,NaN,99.395,95.0,1.0,99.37,40.0,NaN,99.315,26.0,NaN,99.28,99.24,NaN,NaN,NaN,NaN,NaN,NaN,NaN,NaN,NaN,NaN,NaN,NaN,NaN,NaN,NaN,NaN,NaN,NaN,NaN,NaN,NaN,NaN,NaN,NaN,NaN,NaN,NaN,NaN,NaN,NaN,NaN,NaN,NaN,NaN
2013-02-07,NaN,NaN,NaN,99.8625,41087.0,4698.0,99.87,33420.0,4950.0,99.87,28521.0,2369.0,99.87,24439.0,1108.0,99.87,25748.0,890.0,99.87,20660.0,652.0,99.87,14248.0,669.0,99.865,10940.0,662.0,99.865,11544.0,564.0,99.86,10446.0,1142.0,99.855,17243.0,748.0,99.85,17420.0,1071.0,99.845,9354.0,606.0,99.84,10071.0,562.0,99.83,6311.0,1574.0,99.815,7637.0,431.0,99.805,9188.0,291.0,99.79,4816.0,324.0,99.765,2617.0,766.0,99.75,2481.0,55.0,99.73,2995.0,319.0,99.7,2420.0,158.0,99.68,2241.0,2.0,99.66,660.0,NaN,99.62,355.0,NaN,99.595,129.0,NaN,99.57,363.0,NaN,99.54,155.0,NaN,99.515,1703.0,24.0,99.49,543.0,40.0,99.44,145.0,NaN,99.4,97.0,9.0,99.38,168.0,128.0,99.33,26.0,NaN,99.295,99.255,NaN,NaN,NaN,NaN,NaN,NaN,NaN,NaN,NaN,NaN,NaN,NaN,NaN,NaN,NaN,NaN,NaN,NaN,NaN,NaN,NaN,NaN,NaN,NaN,NaN,NaN,NaN,NaN,NaN,NaN,NaN,NaN,NaN,NaN
2013-02-08,NaN,NaN,NaN,99.8625,39440.0,2335.0,99.87,34738.0,2924.0,99.87,29155.0,1228.0,99.87,25423.0,2085.0,99.87,25799.0,628.0,99.87,20211.0,1108.0,99.87,14238.0,30.0,99.865,10819.0,390.0,99.86,11583.0,127.0,99.86,10451.0,75.0,99.855,17234.0,151.0,99.85,17371.0,158.0,99.845,9313.0,292.0,99.835,10124.0,80.0,99.825,6271.0,281.0,99.81,7615.0,58.0,99.8,9154.0,124.0,99.785,4804.0,40.0,99.76,2613.0,50.0,99.745,2481.0,4.0,99.725,3009.0,33.0,99.695,2431.0,20.0,99.68,2250.0,11.0,99.66,652.0,10.0,99.62,355.0,1.0,99.595,129.0,NaN,99.57,363.0,NaN,99.54,155.0,NaN,99.52,1723.0,20.0,99.495,568.0,25.0,99.445,145.0,NaN,99.41,100.0,9.0,99.39,168.0,NaN,99.34,26.0,NaN,99.305,99.265,NaN,NaN,NaN,NaN,NaN,NaN,NaN,NaN,NaN,NaN,NaN,NaN,NaN,NaN,NaN,NaN,NaN,NaN,NaN,NaN,NaN,NaN,NaN,NaN,NaN,NaN,NaN,NaN,NaN,NaN,NaN,NaN,NaN,NaN
2013-02-11,NaN,NaN,NaN,99.8625,40305.0,2376.0,99.865,36190.0,3514.0,99.865,29749.0,2359.0,99.865,25475.0,564.0,99.865,25634.0,1876.0,99.865,20298.0,988.0,99.865,14541.0,1175.0,99.865,10803.0,316.0,99.86,11576.0,241.0,99.86,11017.0,1030.0,99.855,17737.0,893.0,99.85,17369.0,5.0,99.845,9304.0,94.0,99.835,10366.0,311.0,99.825,6464.0,284.0,99.81,7636.0,46.0,99.8,9170.0,167.0,99.785,4799.0,5.0,99.76,2690.0,284.0,99.745,2531.0,50.0,99.725,3002.0,7.0,99.695,2431.0,4.0,99.68,2247.0,5.0,99.66,652.0,1.0,99.62,355.0,NaN,99.595,129.0,8.0,99.57,289.0,74.0,99.54,155.0,NaN,99.52,1728.0,5.0,99.495,573.0,5.0,99.445,145.0,NaN,99.41,100.0,NaN,99.39,168.0,NaN,99.34,26.0,NaN,99.305,99.265,NaN,NaN,NaN,NaN,NaN,NaN,NaN,NaN,NaN,NaN,NaN,NaN,NaN,NaN,NaN,NaN,NaN,NaN,NaN,NaN,NaN,NaN,NaN,NaN,NaN,NaN,NaN,NaN,NaN,NaN,NaN,NaN,NaN,NaN
2013-02-12,NaN,NaN,NaN,99.86,41131.0,1150.0,99.86,36566.0,878.0,99.865,30085.0,1203.0,99.865,25501.0,705.0,99.865,25315.0,1098.0,99.865,20408.0,451.0,99.86,15101.0,1325.0,99.86,10848.0,248.0,99.855,11554.0,123.0,99.85,11327.0,658.0,99.845,17761.0,74.0,99.84,17252.0,560.0,99.83,9297.0,397.0,99.82,10252.0,982.0,99.81,6393.0,363.0,99.795,7605.0,258.0,99.785,9180.0,114.0,99.77,4811.0,30.0,99.745,2657.0,58.0,99.73,2530.0,4.0,99.71,3002.0,NaN,99.68,2432.0,2.0,99.665,2247.0,NaN,99.645,652.0,NaN,99.605,355.0,NaN,99.575,129.0,NaN,99.55,289.0,NaN,99.52,155.0,NaN,99.495,1724.0,9.0,99.47,573.0,NaN,99.42,145.0,NaN,99.385,100.0,1.0,99.365,168.0,NaN,99.31,26.0,NaN,99.275,99.23,NaN,NaN,NaN,NaN,NaN,NaN,NaN,NaN,NaN,NaN,NaN,NaN,NaN,NaN,NaN,NaN,NaN,NaN,NaN,NaN,NaN,NaN,NaN,NaN,NaN,NaN,NaN,NaN,NaN,NaN,NaN,NaN,NaN,NaN
2013-02-13,NaN,NaN,NaN,99.86,41142.0,1075.0,99.86,36337.0,904.0,99.86,30455.0,906.0,99.865,25334.0,843.0,99.865,25807.0,868.0,99.865,20416.0,474.0,99.86,14944.0,1537.0,99.86,10898.0,292.0,99.855,11544.0,239.0,99.85,11247.0,90.0,99.845,17733.0,78.0,99.84,17189.0,178.0,99.83,9412.0,457.0,99.815,10339.0,465.0,99.805,6467.0,192.0,99.79,7604.0,159.0,99.78,9179.0,98.0,99.765,4877.0,232.0,99.74,2613.0,111.0,99.72,2530.0,157.0,99.7,3002.0,28.0,99.67,2432.0,1.0,99.655,2247.0,3.0,99.63,637.0,15.0,99.585,384.0,59.0,99.555,195.0,73.0,99.53,289.0,NaN,99.5,155.0,NaN,99.47,1739.0,20.0,99.445,588.0,20.0,99.395,145.0,NaN,99.36,100.0,3.0,99.325,168.0,NaN,99.27,26.0,NaN,99.23,99.185,NaN,NaN,NaN,NaN,NaN,NaN,NaN,NaN,NaN,NaN,NaN,NaN,NaN,NaN,NaN,NaN,NaN,NaN,NaN,NaN,NaN,NaN,NaN,NaN,NaN,NaN,NaN,NaN,NaN,NaN,NaN,NaN,NaN,NaN
2013-02-14,NaN,NaN,NaN,99.86,43361.0,2702.0,99.86,36680.0,1020.0,99.86,30893.0,848.0,99.865,24982.0,2012.0,99.865,26039.0,1707.0,99.865,21288.0,1871.0,99.86,14915.0,328.0,99.86,10869.0,29.0,99.855,11358.0,236.0,99.85,11228.0,35.0,99.845,17766.0,118.0,99.84,17195.0,24.0,99.83,9462.0,118.0,99.82,10320.0,87.0,99.81,6510.0,89.0,99.795,7609.0,86.0,99.785,9207.0,94.0,99.77,4940.0,79.0,99.745,2641.0,102.0,99.725,2530.0,NaN,99.705,3001.0,1.0,99.675,2432.0,1.0,99.66,2247.0,1.0,99.635,639.0,2.0,99.59,384.0,NaN,99.56,195.0,NaN,99.535,289.0,NaN,99.505,155.0,NaN,99.475,1744.0,5.0,99.45,589.0,1.0,99.4,145.0,NaN,99.365,100.0,NaN,99.33,168.0,NaN,99.275,26.0,NaN,99.235,99.19,NaN,NaN,NaN,NaN,NaN,NaN,NaN,NaN,NaN,NaN,NaN,NaN,NaN,NaN,NaN,NaN,NaN,NaN,NaN,NaN,NaN,NaN,NaN,NaN,NaN,NaN,NaN,NaN,NaN,NaN,NaN,NaN,NaN,NaN
2013-02-15,NaN,NaN,NaN,99.8575,44296.0,1511.0,99.855,37434.0,3044.0,99.86,30916.0,365.0,99.86,25518.0,1062.0,99.865,25955.0,268.0,99.865,21378.0,368.0,99.86,14938.0,150.0,99.855,10869.0,12.0,99.855,11350.0,10.0,99.85,11228.0,10.0,99.845,17723.0,53.0,99.84,17198.0,31.0,99.83,9469.0,114.0,99.82,10254.0,228.0,99.81,6634.0,186.0,99.795,7606.0,36.0,99.785,9204.0,37.0,99.77,4932.0,21.0,99.745,2656.0,15.0,99.725,2530.0,NaN,99.705,3001.0,NaN,99.675,2432.0,NaN,99.66,2247.0,NaN,99.635,639.0,NaN,99.59,384.0,NaN,99.56,195.0,NaN,99.535,289.0,NaN,99.505,155.0,NaN,99.475,1744.0,NaN,99.45,589.0,NaN,99.4,145.0,NaN,99.365,100.0,NaN,99.33,168.0,NaN,99.275,26.0,NaN,99.235,99.19,NaN,NaN,NaN,NaN,NaN,NaN,NaN,NaN,NaN,NaN,NaN,NaN,NaN,NaN,NaN,NaN,NaN,NaN,NaN,NaN,NaN,NaN,NaN,NaN,NaN,NaN,NaN,NaN,NaN,NaN,NaN,NaN,NaN,NaN
2013-02-19,NaN,NaN,NaN,99.8575,44498.0,464.0,99.855,38052.0,1565.0,99.86,30922.0,128.0,99.86,25800.0,1218.0,99.865,26026.0,217.0,99.865,21233.0,204.0,99.86,14930.0,150.0,99.855,10869.0,NaN,99.855,11350.0,1.0,99.85,11228.0,10.0,99.845,17725.0,22.0,99.84,17234.0,63.0,99.83,9481.0,90.0,99.82,10280.0,40.0,99.81,6631.0,24.0,99.795,7605.0,4.0,99.785,9185.0,1.0,99.77,4903.0,36.0,99.74,2686.0,153.0,99.72,2480.0,50.0,99.7,3001.0,NaN,99.67,2432.0,NaN,99.655,2247.0,NaN,99.63,639.0,NaN,99.59,384.0,NaN,99.56,195.0,NaN,99.535,289.0,NaN,99.505,155.0,NaN,99.475,1744.0,NaN,99.45,589.0,NaN,99.4,145.0,NaN,99.365,100.0,NaN,99.335,168.0,NaN,99.28,26.0,NaN,99.24,99.2,NaN,NaN,NaN,NaN,NaN,NaN,NaN,NaN,NaN,NaN,NaN,NaN,NaN,NaN,NaN,NaN,NaN,NaN,NaN,NaN,NaN,NaN,NaN,NaN,NaN,NaN,NaN,NaN,NaN,NaN,NaN,NaN,NaN,NaN
2013-02-20,NaN,NaN,NaN,99.855,44587.0,449.0,99.855,38079.0,89.0,99.86,31017.0,184.0,99.86,26305.0,606.0,99.865,25724.0,1263.0,99.865,21177.0,108.0,99.86,15034.0,262.0,99.855,10882.0,103.0,99.855,11349.0,28.0,99.85,11315.0,99.0,99.845,17725.0,54.0,99.84,17380.0,457.0,99.83,10108.0,979.0,99.82,10410.0,742.0,99.81,6708.0,317.0,99.795,7483.0,137.0,99.785,9206.0,96.0,99.77,4893.0,62.0,99.74,2657.0,126.0,99.72,2408.0,121.0,99.7,2994.0,50.0,99.67,2505.0,106.0,99.655,2247.0,50.0,99.63,639.0,NaN,99.59,384.0,NaN,99.56,195.0,NaN,99.535,289.0,NaN,99.505,155.0,NaN,99.475,1659.0,96.0,99.45,599.0,10.0,99.4,150.0,5.0,99.365,100.0,NaN,99.335,168.0,NaN,99.28,26.0,NaN,99.24,99.2,NaN,NaN,NaN,NaN,NaN,NaN,NaN,NaN,NaN,NaN,NaN,NaN,NaN,NaN,NaN,NaN,NaN,NaN,NaN,NaN,NaN,NaN,NaN,NaN,NaN,NaN,NaN,NaN,NaN,NaN,NaN,NaN,NaN,NaN
2013-02-21,NaN,NaN,NaN,99.855,44619.0,243.0,99.855,38626.0,2376.0,99.86,31475.0,3071.0,99.86,26406.0,408.0,99.86,26322.0,1414.0,99.865,21447.0,615.0,99.86,15034.0,390.0,99.855,10947.0,225.0,99.855,11828.0,964.0,99.85,11431.0,430.0,99.85,17829.0,203.0,99.845,17606.0,291.0,99.84,10141.0,288.0,99.83,10500.0,207.0,99.825,6808.0,423.0,99.81,7617.0,301.0,99.8,9175.0,326.0,99.785,4977.0,293.0,99.765,2790.0,706.0,99.75,2648.0,1351.0,99.735,3166.0,656.0,99.71,2455.0,557.0,99.695,2321.0,171.0,99.67,648.0,10.0,99.63,395.0,11.0,99.6,195.0,14.0,99.575,295.0,12.0,99.545,161.0,10.0,99.515,1669.0,15.0,99.49,604.0,5.0,99.44,150.0,NaN,99.41,116.0,21.0,99.38,169.0,1.0,99.325,26.0,NaN,99.295,99.26,NaN,NaN,NaN,NaN,NaN,NaN,NaN,NaN,NaN,NaN,NaN,NaN,NaN,NaN,NaN,NaN,NaN,NaN,NaN,NaN,NaN,NaN,NaN,NaN,NaN,NaN,NaN,NaN,NaN,NaN,NaN,NaN,NaN,NaN
2013-02-22,NaN,NaN,NaN,99.855,44686.0,100.0,99.855,39444.0,2478.0,99.86,32278.0,2043.0,99.86,26486.0,1507.0,99.865,23488.0,3362.0,99.865,21592.0,1044.0,99.865,15027.0,749.0,99.86,10974.0,204.0,99.855,11996.0,493.0,99.855,11456.0,339.0,99.855,17823.0,171.0,99.85,17731.0,274.0,99.845,10411.0,677.0,99.835,10549.0,188.0,99.83,7034.0,540.0,99.815,7472.0,349.0,99.805,9255.0,149.0,99.79,4908.0,166.0,99.77,2790.0,17.0,99.755,2615.0,166.0,99.74,3122.0,265.0,99.715,2631.0,299.0,99.7,2331.0,11.0,99.675,676.0,38.0,99.64,397.0,2.0,99.61,195.0,NaN,99.59,295.0,NaN,99.56,161.0,NaN,99.535,1681.0,12.0,99.51,660.0,56.0,99.465,150.0,NaN,99.435,120.0,20.0,99.405,169.0,NaN,99.355,27.0,1.0,99.325,99.29,NaN,NaN,NaN,NaN,NaN,NaN,NaN,NaN,NaN,NaN,NaN,NaN,NaN,NaN,NaN,NaN,NaN,NaN,NaN,NaN,NaN,NaN,NaN,NaN,NaN,NaN,NaN,NaN,NaN,NaN,NaN,NaN,NaN,NaN
2013-02-25,NaN,NaN,NaN,99.855,44685.0,13.0,99.855,39473.0,213.0,99.86,32176.0,870.0,99.86,26980.0,824.0,99.865,23147.0,801.0,99.865,20549.0,2472.0,99.865,14603.0,815.0,99.86,11678.0,1098.0,99.86,12078.0,531.0,99.855,11758.0,498.0,99.855,17930.0,245.0,99.85,17773.0,242.0,99.845,11194.0,1003.0,99.84,10637.0,299.0,99.835,7027.0,733.0,99.825,7280.0,933.0,99.815,9395.0,1246.0,99.805,5501.0,1696.0,99.79,3355.0,1709.0,99.775,3290.0,1272.0,99.765,3465.0,929.0,99.74,2771.0,627.0,99.73,2431.0,416.0,99.71,835.0,308.0,99.675,469.0,117.0,99.645,196.0,30.0,99.625,301.0,10.0,99.595,172.0,15.0,99.575,1762.0,84.0,99.55,771.0,111.0,99.505,155.0,5.0,99.475,127.0,7.0,99.45,169.0,NaN,99.4,27.0,NaN,99.37,99.335,NaN,NaN,NaN,NaN,NaN,NaN,NaN,NaN,NaN,NaN,NaN,NaN,NaN,NaN,NaN,NaN,NaN,NaN,NaN,NaN,NaN,NaN,NaN,NaN,NaN,NaN,NaN,NaN,NaN,NaN,NaN,NaN,NaN,NaN
2013-02-26,NaN,NaN,NaN,99.855,43817.0,1969.0,99.855,40419.0,2464.0,99.86,31826.0,1647.0,99.865,26813.0,1499.0,99.865,23450.0,1555.0,99.865,20484.0,1412.0,99.865,14547.0,650.0,99.86,11613.0,132.0,99.86,12175.0,306.0,99.86,11526.0,466.0,99.86,18601.0,1020.0,99.855,17835.0,286.0,99.85,11371.0,257.0,99.845,10659.0,188.0,99.84,6963.0,242.0,99.83,7237.0,162.0,99.82,9418.0,128.0,99.81,5520.0,61.0,99.795,3286.0,131.0,99.78,3291.0,38.0,99.77,3464.0,44.0,99.745,2760.0,83.0,99.735,2426.0,46.0,99.715,841.0,63.0,99.685,509.0,40.0,99.66,160.0,62.0,99.64,304.0,6.0,99.61,178.0,7.0,99.59,1843.0,88.0,99.565,856.0,88.0,99.52,158.0,3.0,99.495,129.0,2.0,99.47,169.0,NaN,99.42,27.0,NaN,99.39,99.355,NaN,NaN,NaN,NaN,NaN,NaN,NaN,NaN,NaN,NaN,NaN,NaN,NaN,NaN,NaN,NaN,NaN,NaN,NaN,NaN,NaN,NaN,NaN,NaN,NaN,NaN,NaN,NaN,NaN,NaN,NaN,NaN,NaN,NaN
2013-02-27,NaN,NaN,NaN,99.855,43871.0,91.0,99.855,42011.0,4504.0,99.86,32351.0,966.0,99.865,26777.0,96.0,99.865,23961.0,1070.0,99.865,20706.0,815.0,99.865,14518.0,79.0,99.86,11633.0,34.0,99.86,12178.0,81.0,99.86,11532.0,133.0,99.86,18768.0,312.0,99.855,17783.0,320.0,99.85,11367.0,89.0,99.845,10768.0,234.0,99.84,6906.0,854.0,99.83,7355.0,797.0,99.82,9361.0,271.0,99.81,5465.0,409.0,99.795,3070.0,548.0,99.78,3352.0,124.0,99.77,3466.0,47.0,99.745,2782.0,33.0,99.735,2429.0,3.0,99.715,841.0,NaN,99.685,518.0,21.0,99.66,164.0,4.0,99.64,304.0,NaN,99.61,178.0,NaN,99.59,1846.0,6.0,99.565,882.0,26.0,99.52,158.0,NaN,99.495,131.0,2.0,99.47,49.0,120.0,99.42,27.0,NaN,99.39,99.355,NaN,NaN,NaN,NaN,NaN,NaN,NaN,NaN,NaN,NaN,NaN,NaN,NaN,NaN,NaN,NaN,NaN,NaN,NaN,NaN,NaN,NaN,NaN,NaN,NaN,NaN,NaN,NaN,NaN,NaN,NaN,NaN,NaN,NaN
2013-02-28,NaN,NaN,NaN,99.855,43701.0,524.0,99.855,43198.0,2120.0,99.86,32492.0,411.0,99.865,27784.0,1800.0,99.865,24772.0,2565.0,99.865,20977.0,1635.0,99.865,14475.0,340.0,99.86,11555.0,266.0,99.86,12535.0,688.0,99.86,11675.0,204.0,99.86,18764.0,85.0,99.855,17822.0,137.0,99.85,11365.0,146.0,99.845,10893.0,175.0,99.84,6944.0,129.0,99.83,7342.0,166.0,99.82,9378.0,437.0,99.81,5477.0,312.0,99.795,3062.0,131.0,99.78,3610.0,316.0,99.77,3476.0,89.0,99.745,2547.0,362.0,99.735,2470.0,45.0,99.715,841.0,1.0,99.685,518.0,NaN,99.66,164.0,NaN,99.64,316.0,12.0,99.61,178.0,NaN,99.595,1874.0,28.0,99.57,930.0,48.0,99.525,173.0,15.0,99.5,131.0,NaN,99.475,49.0,NaN,99.425,27.0,NaN,99.395,99.36,NaN,NaN,NaN,NaN,NaN,NaN,NaN,NaN,NaN,NaN,NaN,NaN,NaN,NaN,NaN,NaN,NaN,NaN,NaN,NaN,NaN,NaN,NaN,NaN,NaN,NaN,NaN,NaN,NaN,NaN,NaN,NaN,NaN,NaN
2013-03-01,NaN,NaN,NaN,NaN,NaN,NaN,99.855,43413.0,690.0,99.86,32533.0,227.0,99.865,28156.0,818.0,99.865,25305.0,880.0,99.865,22384.0,3155.0,99.865,14237.0,2451.0,99.86,12191.0,822.0,99.86,13108.0,757.0,99.86,12921.0,1909.0,99.86,20336.0,1854.0,99.855,18544.0,2513.0,99.85,14220.0,5177.0,99.85,11378.0,4132.0,99.845,8558.0,3950.0,99.835,7630.0,1678.0,99.83,9562.0,746.0,99.82,5799.0,983.0,99.805,2993.0,654.0,99.79,3487.0,951.0,99.78,3697.0,466.0,99.76,2569.0,515.0,99.75,2955.0,684.0,99.735,847.0,12.0,99.705,518.0,NaN,99.68,222.0,172.0,99.67,451.0,144.0,99.64,173.0,7.0,99.62,1925.0,51.0,99.595,984.0,54.0,99.55,176.0,3.0,99.525,163.0,32.0,99.5,94.0,45.0,99.45,32.0,5.0,99.42,99.385,99.35,NaN,NaN,NaN,NaN,NaN,NaN,NaN,NaN,NaN,NaN,NaN,NaN,NaN,NaN,NaN,NaN,NaN,NaN,NaN,NaN,NaN,NaN,NaN,NaN,NaN,NaN,NaN,NaN,NaN,NaN,NaN,NaN,NaN
2013-03-04,NaN,NaN,NaN,NaN,NaN,NaN,99.855,43169.0,1443.0,99.86,32446.0,658.0,99.865,28823.0,778.0,99.865,25476.0,805.0,99.865,22859.0,678.0,99.865,14274.0,349.0,99.86,12162.0,219.0,99.86,13174.0,260.0,99.86,12910.0,43.0,99.86,20369.0,41.0,99.855,18507.0,64.0,99.85,14232.0,119.0,99.85,11390.0,16.0,99.845,8553.0,10.0,99.835,7630.0,102.0,99.83,9576.0,14.0,99.82,5795.0,6.0,99.805,2991.0,110.0,99.79,3512.0,119.0,99.78,3742.0,46.0,99.76,2548.0,22.0,99.75,2955.0,25.0,99.735,847.0,NaN,99.705,518.0,NaN,99.68,232.0,10.0,99.67,451.0,10.0,99.635,173.0,NaN,99.61,1925.0,NaN,99.585,984.0,NaN,99.54,176.0,NaN,99.515,163.0,NaN,99.49,131.0,37.0,99.44,32.0,NaN,99.41,99.375,99.335,NaN,NaN,NaN,NaN,NaN,NaN,NaN,NaN,NaN,NaN,NaN,NaN,NaN,NaN,NaN,NaN,NaN,NaN,NaN,NaN,NaN,NaN,NaN,NaN,NaN,NaN,NaN,NaN,NaN,NaN,NaN,NaN,NaN
2013-03-05,NaN,NaN,NaN,NaN,NaN,NaN,99.8525,43501.0,847.0,99.86,32937.0,2023.0,99.865,29291.0,1114.0,99.865,25487.0,1282.0,99.865,22873.0,500.0,99.865,14902.0,960.0,99.86,12229.0,1171.0,99.86,14213.0,2457.0,99.86,13328.0,509.0,99.86,20587.0,437.0,99.855,18465.0,136.0,99.85,14141.0,353.0,99.85,11369.0,384.0,99.845,8411.0,504.0,99.835,7620.0,64.0,99.83,9609.0,139.0,99.82,5929.0,378.0,99.805,3207.0,257.0,99.79,3633.0,218.0,99.78,3599.0,367.0,99.76,2421.0,566.0,99.745,3215.0,513.0,99.73,898.0,54.0,99.7,529.0,15.0,99.67,268.0,39.0,99.655,405.0,83.0,99.615,172.0,6.0,99.59,1933.0,24.0,99.565,1055.0,71.0,99.52,176.0,NaN,99.495,165.0,2.0,99.47,131.0,NaN,99.42,32.0,NaN,99.39,99.355,99.305,NaN,NaN,NaN,NaN,NaN,NaN,NaN,NaN,NaN,NaN,NaN,NaN,NaN,NaN,NaN,NaN,NaN,NaN,NaN,NaN,NaN,NaN,NaN,NaN,NaN,NaN,NaN,NaN,NaN,NaN,NaN,NaN,NaN
2013-03-06,NaN,NaN,NaN,NaN,NaN,NaN,99.8525,45036.0,2887.0,99.86,33906.0,2451.0,99.865,29311.0,1248.0,99.865,25733.0,420.0,99.865,22863.0,153.0,99.865,14935.0,93.0,99.86,12199.0,57.0,99.86,14197.0,44.0,99.86,13720.0,896.0,99.86,20574.0,54.0,99.855,18138.0,820.0,99.85,14057.0,105.0,99.845,11383.0,164.0,99.84,8415.0,78.0,99.83,7617.0,50.0,99.825,9611.0,40.0,99.815,5918.0,58.0,99.795,3308.0,227.0,99.78,3677.0,343.0,99.765,3596.0,32.0,99.745,2442.0,53.0,99.73,3205.0,25.0,99.715,898.0,4.0,99.68,529.0,10.0,99.65,270.0,2.0,99.635,405.0,NaN,99.595,172.0,NaN,99.57,1932.0,1.0,99.545,1090.0,35.0,99.5,176.0,NaN,99.475,165.0,NaN,99.45,131.0,NaN,99.4,32.0,NaN,99.36,99.325,99.275,NaN,NaN,NaN,NaN,NaN,NaN,NaN,NaN,NaN,NaN,NaN,NaN,NaN,NaN,NaN,NaN,NaN,NaN,NaN,NaN,NaN,NaN,NaN,NaN,NaN,NaN,NaN,NaN,NaN,NaN,NaN,NaN,NaN
2013-03-07,NaN,NaN,NaN,NaN,NaN,NaN,99.8525,45465.0,595.0,99.86,34445.0,4795.0,99.865,29831.0,1727.0,99.865,24959.0,2918.0,99.865,22692.0,481.0,99.865,14996.0,441.0,99.86,12278.0,419.0,99.86,14239.0,449.0,99.86,13700.0,316.0,99.86,19961.0,1691.0,99.855,18188.0,185.0,99.85,13833.0,396.0,99.845,11423.0,124.0,99.84,8189.0,295.0,99.83,7581.0,174.0,99.82,9462.0,221.0,99.81,5626.0,723.0,99.79,3293.0,683.0,99.775,3649.0,584.0,99.755,3629.0,385.0,99.725,2417.0,358.0,99.71,3124.0,109.0,99.695,898.0,14.0,99.655,529.0,NaN,99.625,270.0,NaN,99.605,398.0,7.0,99.565,172.0,NaN,99.54,1845.0,92.0,99.515,1090.0,NaN,99.47,176.0,NaN,99.435,166.0,5.0,99.41,134.0,9.0,99.355,32.0,NaN,99.315,99.28,99.22,NaN,NaN,NaN,NaN,NaN,NaN,NaN,NaN,NaN,NaN,NaN,NaN,NaN,NaN,NaN,NaN,NaN,NaN,NaN,NaN,NaN,NaN,NaN,NaN,NaN,NaN,NaN,NaN,NaN,NaN,NaN,NaN,NaN
2013-03-08,NaN,NaN,NaN,NaN,NaN,NaN,99.8525,45469.0,10.0,99.86,34504.0,387.0,99.865,29804.0,406.0,99.865,25036.0,171.0,99.865,22537.0,320.0,99.865,14942.0,448.0,99.86,12517.0,1102.0,99.86,14062.0,808.0,99.86,13607.0,615.0,99.855,19877.0,1203.0,99.85,17871.0,571.0,99.845,13628.0,436.0,99.84,11417.0,180.0,99.835,8146.0,457.0,99.825,7583.0,795.0,99.815,9186.0,713.0,99.805,5904.0,990.0,99.78,3370.0,704.0,99.765,3517.0,901.0,99.745,3845.0,412.0,99.715,2568.0,451.0,99.7,3053.0,498.0,99.68,853.0,71.0,99.64,577.0,78.0,99.61,359.0,278.0,99.59,326.0,90.0,99.545,177.0,18.0,99.52,1838.0,21.0,99.49,1095.0,9.0,99.44,177.0,3.0,99.405,160.0,7.0,99.375,134.0,NaN,99.32,32.0,NaN,99.275,99.24,99.175,NaN,NaN,NaN,NaN,NaN,NaN,NaN,NaN,NaN,NaN,NaN,NaN,NaN,NaN,NaN,NaN,NaN,NaN,NaN,NaN,NaN,NaN,NaN,NaN,NaN,NaN,NaN,NaN,NaN,NaN,NaN,NaN,NaN
2013-03-11,NaN,NaN,NaN,NaN,NaN,NaN,99.8525,45281.0,917.0,99.86,34582.0,713.0,99.865,29818.0,337.0,99.865,25312.0,535.0,99.865,22440.0,399.0,99.865,14836.0,271.0,99.86,12731.0,627.0,99.86,14447.0,908.0,99.86,13758.0,1042.0,99.855,20030.0,211.0,99.85,17860.0,118.0,99.845,13671.0,201.0,99.84,11467.0,58.0,99.835,8145.0,12.0,99.825,7563.0,33.0,99.815,9155.0,87.0,99.805,5904.0,5.0,99.78,3341.0,31.0,99.765,3515.0,3.0,99.745,3844.0,11.0,99.715,2557.0,31.0,99.7,3053.0,3.0,99.68,850.0,4.0,99.64,578.0,4.0,99.61,359.0,NaN,99.59,326.0,NaN,99.545,177.0,NaN,99.52,1838.0,NaN,99.49,1095.0,NaN,99.44,177.0,NaN,99.4,160.0,NaN,99.37,134.0,NaN,99.31,32.0,NaN,99.265,99.23,99.165,NaN,NaN,NaN,NaN,NaN,NaN,NaN,NaN,NaN,NaN,NaN,NaN,NaN,NaN,NaN,NaN,NaN,NaN,NaN,NaN,NaN,NaN,NaN,NaN,NaN,NaN,NaN,NaN,NaN,NaN,NaN,NaN,NaN
2013-03-12,NaN,NaN,NaN,NaN,NaN,NaN,99.8525,44646.0,1221.0,99.86,33525.0,5051.0,99.865,30596.0,2331.0,99.865,25691.0,792.0,99.865,22703.0,361.0,99.865,14662.0,2037.0,99.86,13019.0,698.0,99.86,14432.0,634.0,99.86,13935.0,443.0,99.855,20211.0,374.0,99.85,17864.0,355.0,99.845,13702.0,224.0,99.84,11575.0,145.0,99.835,8101.0,71.0,99.825,7583.0,108.0,99.815,9137.0,30.0,99.805,6005.0,131.0,99.78,3340.0,44.0,99.765,3516.0,70.0,99.745,3838.0,53.0,99.715,2557.0,87.0,99.7,2968.0,102.0,99.68,804.0,62.0,99.64,566.0,13.0,99.61,359.0,NaN,99.59,326.0,NaN,99.55,177.0,NaN,99.525,1838.0,NaN,99.495,1095.0,NaN,99.445,177.0,NaN,99.41,167.0,7.0,99.38,134.0,NaN,99.33,32.0,NaN,99.29,99.255,99.195,NaN,NaN,NaN,NaN,NaN,NaN,NaN,NaN,NaN,NaN,NaN,NaN,NaN,NaN,NaN,NaN,NaN,NaN,NaN,NaN,NaN,NaN,NaN,NaN,NaN,NaN,NaN,NaN,NaN,NaN,NaN,NaN,NaN
2013-03-13,NaN,NaN,NaN,NaN,NaN,NaN,99.8525,43955.0,1307.0,99.86,33741.0,794.0,99.865,30585.0,120.0,99.865,26038.0,360.0,99.865,23083.0,392.0,99.865,14365.0,669.0,99.86,13040.0,43.0,99.86,14444.0,374.0,99.86,13885.0,134.0,99.855,20134.0,238.0,99.85,17808.0,136.0,99.845,13675.0,45.0,99.84,11595.0,115.0,99.835,8025.0,120.0,99.825,7569.0,75.0,99.815,9149.0,209.0,99.8,6081.0,270.0,99.775,3443.0,164.0,99.76,3314.0,280.0,99.74,3843.0,294.0,99.71,2611.0,134.0,99.695,2991.0,41.0,99.675,804.0,1.0,99.635,529.0,47.0,99.605,359.0,12.0,99.585,323.0,12.0,99.545,177.0,NaN,99.52,1848.0,10.0,99.49,1095.0,NaN,99.44,177.0,NaN,99.405,168.0,1.0,99.375,134.0,NaN,99.325,32.0,NaN,99.285,99.25,99.19,NaN,NaN,NaN,NaN,NaN,NaN,NaN,NaN,NaN,NaN,NaN,NaN,NaN,NaN,NaN,NaN,NaN,NaN,NaN,NaN,NaN,NaN,NaN,NaN,NaN,NaN,NaN,NaN,NaN,NaN,NaN,NaN,NaN
2013-03-14,NaN,NaN,NaN,NaN,NaN,NaN,99.8525,44207.0,1016.0,99.86,33718.0,2080.0,99.865,30733.0,797.0,99.865,26097.0,88.0,99.865,23433.0,757.0,99.865,14216.0,356.0,99.86,13009.0,259.0,99.86,14442.0,169.0,99.855,13810.0,171.0,99.855,19707.0,998.0,99.85,17596.0,745.0,99.845,13776.0,591.0,99.84,11580.0,111.0,99.835,9804.0,2571.0,99.82,8249.0,3061.0,99.81,9033.0,599.0,99.795,6026.0,226.0,99.77,3434.0,56.0,99.755,3307.0,325.0,99.735,4136.0,437.0,99.705,2401.0,410.0,99.69,3001.0,37.0,99.67,814.0,12.0,99.63,527.0,3.0,99.6,359.0,1.0,99.58,317.0,9.0,99.54,177.0,NaN,99.515,1873.0,25.0,99.485,1109.0,19.0,99.435,177.0,5.0,99.4,168.0,2.0,99.37,134.0,NaN,99.32,32.0,NaN,99.28,99.245,99.185,NaN,NaN,NaN,NaN,NaN,NaN,NaN,NaN,NaN,NaN,NaN,NaN,NaN,NaN,NaN,NaN,NaN,NaN,NaN,NaN,NaN,NaN,NaN,NaN,NaN,NaN,NaN,NaN,NaN,NaN,NaN,NaN,NaN
2013-03-15,NaN,NaN,NaN,NaN,NaN,NaN,99.8525,44195.0,164.0,99.86,33877.0,342.0,99.865,30736.0,709.0,99.865,26167.0,885.0,99.865,23846.0,1033.0,99.865,14215.0,174.0,99.86,13254.0,730.0,99.86,14483.0,311.0,99.855,13610.0,424.0,99.855,19634.0,209.0,99.85,17496.0,427.0,99.845,13733.0,407.0,99.84,11752.0,483.0,99.835,9969.0,772.0,99.825,8165.0,452.0,99.815,9009.0,275.0,99.805,6034.0,331.0,99.785,3264.0,300.0,99.77,3293.0,292.0,99.76,4169.0,124.0,99.73,2391.0,219.0,99.715,2979.0,115.0,99.695,817.0,5.0,99.655,507.0,20.0,99.625,359.0,15.0,99.605,315.0,22.0,99.57,177.0,1.0,99.55,1874.0,6.0,99.525,1114.0,5.0,99.48,177.0,NaN,99.445,217.0,49.0,99.415,134.0,NaN,99.365,32.0,NaN,99.33,99.295,99.24,NaN,NaN,NaN,NaN,NaN,NaN,NaN,NaN,NaN,NaN,NaN,NaN,NaN,NaN,NaN,NaN,NaN,NaN,NaN,NaN,NaN,NaN,NaN,NaN,NaN,NaN,NaN,NaN,NaN,NaN,NaN,NaN,NaN
2013-03-18,NaN,NaN,NaN,NaN,NaN,NaN,99.85,53937.0,21377.0,99.86,33903.0,694.0,99.865,30741.0,1681.0,99.865,26413.0,1365.0,99.865,23880.0,464.0,99.865,14275.0,274.0,99.86,13260.0,189.0,99.86,14607.0,322.0,99.855,13559.0,217.0,99.855,19612.0,173.0,99.85,17589.0,390.0,99.845,13870.0,267.0,99.84,11787.0,283.0,99.835,9919.0,411.0,99.825,8178.0,195.0,99.82,9107.0,256.0,99.81,6051.0,80.0,99.795,3252.0,102.0,99.78,3329.0,75.0,99.77,4206.0,188.0,99.74,2372.0,88.0,99.725,2991.0,13.0,99.71,847.0,65.0,99.675,507.0,NaN,99.645,364.0,16.0,99.625,307.0,17.0,99.59,177.0,7.0,99.57,1889.0,15.0,99.545,1122.0,20.0,99.5,189.0,12.0,99.465,220.0,3.0,99.435,134.0,NaN,99.385,32.0,NaN,99.35,99.315,99.26,NaN,NaN,NaN,NaN,NaN,NaN,NaN,NaN,NaN,NaN,NaN,NaN,NaN,NaN,NaN,NaN,NaN,NaN,NaN,NaN,NaN,NaN,NaN,NaN,NaN,NaN,NaN,NaN,NaN,NaN,NaN,NaN,NaN
2013-03-19,NaN,NaN,NaN,NaN,NaN,NaN,99.85,50963.0,4832.0,99.855,34821.0,2595.0,99.865,30939.0,3418.0,99.865,29227.0,5350.0,99.86,24864.0,3103.0,99.86,14608.0,2070.0,99.86,13088.0,1056.0,99.86,14420.0,838.0,99.855,13889.0,1339.0,99.855,19559.0,819.0,99.85,17534.0,840.0,99.845,13763.0,795.0,99.84,11944.0,810.0,99.835,11120.0,3149.0,99.825,9940.0,3902.0,99.82,9417.0,2983.0,99.81,6234.0,1518.0,99.795,3204.0,1385.0,99.78,3437.0,1488.0,99.77,4522.0,1908.0,99.75,2817.0,1495.0,99.735,3629.0,1123.0,99.725,980.0,180.0,99.695,482.0,136.0,99.67,381.0,126.0,99.66,334.0,65.0,99.625,177.0,15.0,99.605,2113.0,233.0,99.58,1203.0,85.0,99.535,208.0,23.0,99.505,239.0,19.0,99.48,137.0,3.0,99.43,32.0,NaN,99.395,99.365,99.31,NaN,NaN,NaN,NaN,NaN,NaN,NaN,NaN,NaN,NaN,NaN,NaN,NaN,NaN,NaN,NaN,NaN,NaN,NaN,NaN,NaN,NaN,NaN,NaN,NaN,NaN,NaN,NaN,NaN,NaN,NaN,NaN,NaN
2013-03-20,NaN,NaN,NaN,NaN,NaN,NaN,99.85,51604.0,3331.0,99.855,34626.0,1295.0,99.865,32437.0,2717.0,99.86,30614.0,1975.0,99.86,25451.0,2220.0,99.86,15681.0,2319.0,99.86,13570.0,1189.0,99.855,14556.0,684.0,99.85,14042.0,336.0,99.85,19462.0,151.0,99.845,17490.0,123.0,99.84,13709.0,209.0,99.84,11887.0,124.0,99.835,11076.0,140.0,99.825,9969.0,312.0,99.82,9327.0,386.0,99.81,6321.0,266.0,99.795,3187.0,407.0,99.78,3265.0,585.0,99.77,4409.0,302.0,99.75,2870.0,78.0,99.735,3598.0,39.0,99.725,1025.0,70.0,99.695,497.0,89.0,99.66,520.0,139.0,99.65,444.0,116.0,99.615,177.0,NaN,99.595,2114.0,1.0,99.57,1203.0,NaN,99.525,208.0,3.0,99.495,242.0,3.0,99.47,137.0,NaN,99.42,32.0,NaN,99.385,99.355,99.3,NaN,NaN,NaN,NaN,NaN,NaN,NaN,NaN,NaN,NaN,NaN,NaN,NaN,NaN,NaN,NaN,NaN,NaN,NaN,NaN,NaN,NaN,NaN,NaN,NaN,NaN,NaN,NaN,NaN,NaN,NaN,NaN,NaN
2013-03-21,NaN,NaN,NaN,NaN,NaN,NaN,99.85,56531.0,5471.0,99.855,35189.0,1459.0,99.86,32456.0,490.0,99.86,29695.0,1855.0,99.86,25558.0,1197.0,99.86,16720.0,1469.0,99.86,13612.0,324.0,99.855,14528.0,208.0,99.85,14002.0,197.0,99.85,19532.0,285.0,99.845,17529.0,391.0,99.84,13524.0,725.0,99.835,12118.0,650.0,99.825,10828.0,780.0,99.815,10131.0,545.0,99.81,9355.0,332.0,99.8,6298.0,210.0,99.785,3380.0,285.0,99.77,2982.0,843.0,99.76,4320.0,567.0,99.74,2850.0,225.0,99.73,3603.0,31.0,99.72,1014.0,20.0,99.69,497.0,NaN,99.655,531.0,30.0,99.645,444.0,13.0,99.61,177.0,5.0,99.59,2115.0,1.0,99.565,1203.0,6.0,99.52,208.0,2.0,99.49,333.0,92.0,99.465,147.0,13.0,99.415,46.0,14.0,99.38,99.35,99.295,NaN,NaN,NaN,NaN,NaN,NaN,NaN,NaN,NaN,NaN,NaN,NaN,NaN,NaN,NaN,NaN,NaN,NaN,NaN,NaN,NaN,NaN,NaN,NaN,NaN,NaN,NaN,NaN,NaN,NaN,NaN,NaN,NaN
2013-03-22,NaN,NaN,NaN,NaN,NaN,NaN,99.85,59396.0,4423.0,99.855,35570.0,910.0,99.86,32573.0,730.0,99.86,29654.0,434.0,99.86,25595.0,164.0,99.86,16743.0,170.0,99.855,13640.0,77.0,99.85,14501.0,120.0,99.845,14009.0,289.0,99.845,19500.0,555.0,99.84,17499.0,327.0,99.835,13565.0,273.0,99.825,12208.0,176.0,99.82,10770.0,217.0,99.81,10171.0,102.0,99.805,9317.0,124.0,99.795,6336.0,50.0,99.78,3395.0,63.0,99.765,2985.0,31.0,99.755,4320.0,NaN,99.735,2849.0,7.0,99.725,3603.0,NaN,99.715,1014.0,NaN,99.685,497.0,NaN,99.65,531.0,NaN,99.64,444.0,NaN,99.605,177.0,NaN,99.585,2115.0,NaN,99.56,1203.0,NaN,99.515,208.0,NaN,99.485,333.0,1.0,99.46,147.0,NaN,99.41,46.0,NaN,99.375,99.345,99.29,NaN,NaN,NaN,NaN,NaN,NaN,NaN,NaN,NaN,NaN,NaN,NaN,NaN,NaN,NaN,NaN,NaN,NaN,NaN,NaN,NaN,NaN,NaN,NaN,NaN,NaN,NaN,NaN,NaN,NaN,NaN,NaN,NaN
2013-03-25,NaN,NaN,NaN,NaN,NaN,NaN,99.85,58789.0,7128.0,99.855,42056.0,12138.0,99.86,33951.0,5115.0,99.86,29736.0,460.0,99.86,25547.0,539.0,99.86,16710.0,285.0,99.855,13602.0,397.0,99.85,14532.0,137.0,99.845,13997.0,69.0,99.845,19491.0,109.0,99.84,17500.0,189.0,99.835,13579.0,89.0,99.825,12208.0,50.0,99.825,10767.0,14.0,99.81,10157.0,33.0,99.805,9339.0,48.0,99.795,6336.0,21.0,99.78,3374.0,68.0,99.765,2973.0,27.0,99.755,4326.0,74.0,99.735,2842.0,63.0,99.725,3603.0,2.0,99.715,1014.0,18.0,99.685,497.0,NaN,99.65,531.0,NaN,99.64,444.0,NaN,99.605,177.0,13.0,99.585,2133.0,42.0,99.56,1215.0,36.0,99.515,214.0,11.0,99.485,333.0,NaN,99.46,147.0,NaN,99.41,46.0,NaN,99.375,99.345,99.29,NaN,NaN,NaN,NaN,NaN,NaN,NaN,NaN,NaN,NaN,NaN,NaN,NaN,NaN,NaN,NaN,NaN,NaN,NaN,NaN,NaN,NaN,NaN,NaN,NaN,NaN,NaN,NaN,NaN,NaN,NaN,NaN,NaN
2013-03-26,NaN,NaN,NaN,NaN,NaN,NaN,99.85,58658.0,778.0,99.855,41587.0,1875.0,99.86,35034.0,2941.0,99.86,30263.0,935.0,99.86,25790.0,571.0,99.86,16949.0,342.0,99.855,13589.0,151.0,99.85,14640.0,223.0,99.845,13963.0,118.0,99.845,19482.0,23.0,99.84,17459.0,384.0,99.835,13591.0,60.0,99.825,12228.0,159.0,99.82,10766.0,26.0,99.81,10176.0,53.0,99.805,9363.0,43.0,99.795,6385.0,123.0,99.78,3377.0,48.0,99.765,2973.0,NaN,99.755,4284.0,77.0,99.735,2885.0,224.0,99.725,3603.0,NaN,99.71,962.0,55.0,99.68,503.0,48.0,99.645,531.0,NaN,99.635,444.0,3.0,99.6,177.0,NaN,99.58,2312.0,179.0,99.555,1220.0,10.0,99.51,219.0,5.0,99.485,343.0,10.0,99.46,147.0,NaN,99.41,46.0,NaN,99.375,99.35,99.295,NaN,NaN,NaN,NaN,NaN,NaN,NaN,NaN,NaN,NaN,NaN,NaN,NaN,NaN,NaN,NaN,NaN,NaN,NaN,NaN,NaN,NaN,NaN,NaN,NaN,NaN,NaN,NaN,NaN,NaN,NaN,NaN,NaN
2013-03-27,NaN,NaN,NaN,NaN,NaN,NaN,99.8525,59444.0,2657.0,99.855,41601.0,327.0,99.86,35068.0,173.0,99.865,30195.0,514.0,99.86,25867.0,911.0,99.86,18425.0,2573.0,99.855,13656.0,1079.0,99.85,15982.0,3150.0,99.845,13539.0,1591.0,99.845,19441.0,126.0,99.84,17376.0,663.0,99.835,13463.0,526.0,99.83,11924.0,598.0,99.83,10759.0,254.0,99.82,10553.0,988.0,99.815,9207.0,870.0,99.805,6513.0,694.0,99.79,3682.0,823.0,99.78,2933.0,426.0,99.77,4566.0,446.0,99.755,2896.0,92.0,99.745,3605.0,9.0,99.73,998.0,54.0,99.7,506.0,10.0,99.68,534.0,11.0,99.67,448.0,18.0,99.635,182.0,5.0,99.615,2321.0,9.0,99.595,1224.0,14.0,99.555,240.0,26.0,99.535,360.0,18.0,99.51,152.0,5.0,99.46,46.0,NaN,99.425,99.4,99.345,NaN,NaN,NaN,NaN,NaN,NaN,NaN,NaN,NaN,NaN,NaN,NaN,NaN,NaN,NaN,NaN,NaN,NaN,NaN,NaN,NaN,NaN,NaN,NaN,NaN,NaN,NaN,NaN,NaN,NaN,NaN,NaN,NaN
2013-03-28,NaN,NaN,NaN,NaN,NaN,NaN,99.8525,NaN,5461.0,99.855,42071.0,3744.0,99.86,35230.0,590.0,99.865,30064.0,295.0,99.86,25830.0,109.0,99.86,18442.0,142.0,99.86,13670.0,296.0,99.855,15851.0,171.0,99.85,13544.0,222.0,99.85,19446.0,157.0,99.845,17350.0,160.0,99.84,13470.0,170.0,99.83,11958.0,204.0,99.83,10834.0,206.0,99.82,10634.0,204.0,99.815,9280.0,284.0,99.805,6490.0,62.0,99.79,3684.0,44.0,99.78,2931.0,2.0,99.77,4546.0,30.0,99.755,2896.0,2.0,99.745,3707.0,102.0,99.73,998.0,1.0,99.7,506.0,NaN,99.68,534.0,NaN,99.67,448.0,NaN,99.635,182.0,4.0,99.61,2388.0,83.0,99.59,1259.0,36.0,99.55,240.0,NaN,99.53,360.0,NaN,99.505,152.0,NaN,99.455,46.0,NaN,99.42,99.395,99.34,NaN,NaN,NaN,NaN,NaN,NaN,NaN,NaN,NaN,NaN,NaN,NaN,NaN,NaN,NaN,NaN,NaN,NaN,NaN,NaN,NaN,NaN,NaN,NaN,NaN,NaN,NaN,NaN,NaN,NaN,NaN,NaN,NaN
2013-04-01,NaN,NaN,NaN,NaN,NaN,NaN,NaN,NaN,NaN,99.855,42004.0,2051.0,99.86,35545.0,2276.0,99.865,30074.0,487.0,99.86,25789.0,68.0,99.86,18447.0,116.0,99.86,13718.0,161.0,99.855,15817.0,123.0,99.85,13507.0,202.0,99.85,19483.0,49.0,99.845,17339.0,197.0,99.845,13738.0,505.0,99.84,12164.0,516.0,99.83,11358.0,770.0,99.825,11017.0,446.0,99.82,9189.0,234.0,99.81,6459.0,182.0,99.8,3730.0,307.0,99.79,2895.0,223.0,99.78,4545.0,24.0,99.765,2902.0,55.0,99.755,3894.0,188.0,99.74,1013.0,15.0,99.71,506.0,5.0,99.69,534.0,NaN,99.68,448.0,NaN,99.645,182.0,NaN,99.62,2388.0,NaN,99.6,1259.0,3.0,99.56,240.0,NaN,99.54,360.0,NaN,99.515,152.0,NaN,99.465,46.0,NaN,99.43,99.405,99.35,99.32,NaN,NaN,NaN,NaN,NaN,NaN,NaN,NaN,NaN,NaN,NaN,NaN,NaN,NaN,NaN,NaN,NaN,NaN,NaN,NaN,NaN,NaN,NaN,NaN,NaN,NaN,NaN,NaN,NaN,NaN,NaN,NaN
2013-04-02,NaN,NaN,NaN,NaN,NaN,NaN,NaN,NaN,NaN,99.855,47337.0,12712.0,99.865,36839.0,2130.0,99.865,30849.0,2523.0,99.86,26227.0,965.0,99.86,18522.0,122.0,99.86,14120.0,675.0,99.855,15805.0,41.0,99.855,13593.0,155.0,99.85,19534.0,363.0,99.845,17277.0,136.0,99.845,14567.0,1133.0,99.84,12470.0,456.0,99.83,11313.0,265.0,99.825,11023.0,218.0,99.82,9240.0,188.0,99.81,6548.0,181.0,99.8,3711.0,154.0,99.79,2798.0,138.0,99.78,4566.0,74.0,99.765,2898.0,8.0,99.755,3894.0,13.0,99.74,1067.0,55.0,99.71,509.0,21.0,99.69,537.0,3.0,99.68,451.0,7.0,99.645,182.0,6.0,99.62,2388.0,NaN,99.6,1259.0,9.0,99.56,240.0,6.0,99.53,360.0,NaN,99.505,152.0,NaN,99.455,46.0,NaN,99.42,99.395,99.34,99.305,NaN,NaN,NaN,NaN,NaN,NaN,NaN,NaN,NaN,NaN,NaN,NaN,NaN,NaN,NaN,NaN,NaN,NaN,NaN,NaN,NaN,NaN,NaN,NaN,NaN,NaN,NaN,NaN,NaN,NaN,NaN,NaN
2013-04-03,NaN,NaN,NaN,NaN,NaN,NaN,NaN,NaN,NaN,99.855,50396.0,5224.0,99.865,36875.0,135.0,99.865,30750.0,181.0,99.865,26239.0,170.0,99.865,18568.0,508.0,99.865,14606.0,771.0,99.86,15833.0,170.0,99.855,13549.0,256.0,99.855,19650.0,937.0,99.85,17369.0,389.0,99.85,14653.0,177.0,99.845,12549.0,352.0,99.835,11756.0,625.0,99.83,10757.0,677.0,99.825,9495.0,337.0,99.82,6551.0,46.0,99.81,3759.0,151.0,99.8,2709.0,110.0,99.79,4557.0,55.0,99.775,2961.0,101.0,99.765,3894.0,4.0,99.75,1068.0,13.0,99.72,510.0,78.0,99.705,656.0,127.0,99.695,451.0,7.0,99.66,182.0,11.0,99.635,2509.0,128.0,99.615,1266.0,25.0,99.575,243.0,10.0,99.555,361.0,5.0,99.53,152.0,9.0,99.48,52.0,13.0,99.455,99.43,99.375,99.34,NaN,NaN,NaN,NaN,NaN,NaN,NaN,NaN,NaN,NaN,NaN,NaN,NaN,NaN,NaN,NaN,NaN,NaN,NaN,NaN,NaN,NaN,NaN,NaN,NaN,NaN,NaN,NaN,NaN,NaN,NaN,NaN
2013-04-04,NaN,NaN,NaN,NaN,NaN,NaN,NaN,NaN,NaN,99.8575,51118.0,2502.0,99.87,38024.0,3044.0,99.87,30476.0,2512.0,99.865,26356.0,439.0,99.865,18682.0,318.0,99.865,14737.0,205.0,99.86,15887.0,133.0,99.86,13492.0,330.0,99.855,19776.0,298.0,99.85,17447.0,438.0,99.85,14654.0,877.0,99.845,13035.0,1041.0,99.84,11760.0,307.0,99.835,10038.0,1122.0,99.83,9804.0,541.0,99.825,6689.0,529.0,99.815,3744.0,274.0,99.805,2552.0,972.0,99.795,4650.0,225.0,99.78,2964.0,29.0,99.77,3896.0,8.0,99.755,1088.0,36.0,99.725,533.0,72.0,99.71,654.0,10.0,99.7,448.0,12.0,99.67,182.0,1.0,99.645,2579.0,70.0,99.63,1270.0,12.0,99.595,258.0,20.0,99.575,361.0,NaN,99.55,152.0,6.0,99.505,57.0,5.0,99.48,99.46,99.405,99.375,NaN,NaN,NaN,NaN,NaN,NaN,NaN,NaN,NaN,NaN,NaN,NaN,NaN,NaN,NaN,NaN,NaN,NaN,NaN,NaN,NaN,NaN,NaN,NaN,NaN,NaN,NaN,NaN,NaN,NaN,NaN,NaN
2013-04-05,NaN,NaN,NaN,NaN,NaN,NaN,NaN,NaN,NaN,99.8575,51003.0,245.0,99.87,38076.0,400.0,99.87,30615.0,624.0,99.87,26427.0,514.0,99.87,18754.0,413.0,99.865,15077.0,490.0,99.865,15820.0,321.0,99.865,13567.0,237.0,99.86,19875.0,480.0,99.855,17694.0,498.0,99.855,14675.0,269.0,99.85,12987.0,764.0,99.845,11903.0,393.0,99.84,10106.0,265.0,99.835,10238.0,674.0,99.83,6673.0,158.0,99.82,3760.0,190.0,99.81,2569.0,163.0,99.805,4658.0,137.0,99.79,2930.0,156.0,99.78,3958.0,111.0,99.765,1108.0,44.0,99.74,547.0,85.0,99.725,686.0,296.0,99.715,445.0,5.0,99.685,158.0,54.0,99.66,2583.0,4.0,99.645,1271.0,4.0,99.61,261.0,3.0,99.59,360.0,4.0,99.565,155.0,4.0,99.525,60.0,3.0,99.5,99.48,99.425,99.4,NaN,NaN,NaN,NaN,NaN,NaN,NaN,NaN,NaN,NaN,NaN,NaN,NaN,NaN,NaN,NaN,NaN,NaN,NaN,NaN,NaN,NaN,NaN,NaN,NaN,NaN,NaN,NaN,NaN,NaN,NaN,NaN
2013-04-08,NaN,NaN,NaN,NaN,NaN,NaN,NaN,NaN,NaN,99.8575,50915.0,227.0,99.87,38105.0,227.0,99.87,30585.0,94.0,99.87,26439.0,261.0,99.87,18796.0,84.0,99.865,15059.0,277.0,99.865,15957.0,167.0,99.865,13547.0,281.0,99.86,20008.0,266.0,99.855,17792.0,223.0,99.855,14622.0,112.0,99.85,13152.0,277.0,99.845,11868.0,197.0,99.84,9852.0,648.0,99.835,10259.0,61.0,99.83,6668.0,40.0,99.82,3750.0,80.0,99.81,2563.0,54.0,99.805,4666.0,15.0,99.79,2959.0,40.0,99.78,3961.0,15.0,99.765,1119.0,24.0,99.74,547.0,5.0,99.725,683.0,3.0,99.715,445.0,NaN,99.685,158.0,NaN,99.66,2586.0,3.0,99.645,1271.0,NaN,99.61,261.0,NaN,99.59,360.0,NaN,99.565,155.0,NaN,99.525,60.0,NaN,99.495,99.475,99.42,99.385,NaN,NaN,NaN,NaN,NaN,NaN,NaN,NaN,NaN,NaN,NaN,NaN,NaN,NaN,NaN,NaN,NaN,NaN,NaN,NaN,NaN,NaN,NaN,NaN,NaN,NaN,NaN,NaN,NaN,NaN,NaN,NaN
2013-04-09,NaN,NaN,NaN,NaN,NaN,NaN,NaN,NaN,NaN,99.8575,49702.0,1418.0,99.87,38276.0,1099.0,99.87,30594.0,19.0,99.87,26441.0,28.0,99.87,18825.0,176.0,99.87,14948.0,471.0,99.865,15995.0,81.0,99.865,13550.0,175.0,99.86,20021.0,61.0,99.86,17792.0,89.0,99.855,14615.0,14.0,99.85,13152.0,1.0,99.85,11880.0,68.0,99.845,9851.0,49.0,99.84,10258.0,8.0,99.835,6685.0,40.0,99.825,3747.0,10.0,99.815,2582.0,30.0,99.81,4665.0,31.0,99.795,2954.0,41.0,99.785,3961.0,NaN,99.77,1119.0,3.0,99.745,544.0,11.0,99.73,881.0,205.0,99.72,442.0,3.0,99.69,161.0,3.0,99.665,2586.0,NaN,99.65,1271.0,4.0,99.615,261.0,2.0,99.595,360.0,NaN,99.565,155.0,NaN,99.525,57.0,3.0,99.495,99.47,99.415,99.38,NaN,NaN,NaN,NaN,NaN,NaN,NaN,NaN,NaN,NaN,NaN,NaN,NaN,NaN,NaN,NaN,NaN,NaN,NaN,NaN,NaN,NaN,NaN,NaN,NaN,NaN,NaN,NaN,NaN,NaN,NaN,NaN
2013-04-10,NaN,NaN,NaN,NaN,NaN,NaN,NaN,NaN,NaN,99.8575,49446.0,944.0,99.87,39508.0,1671.0,99.87,33957.0,3904.0,99.87,26502.0,507.0,99.87,19315.0,1107.0,99.87,14868.0,832.0,99.865,15991.0,119.0,99.865,13467.0,218.0,99.86,20006.0,74.0,99.86,17790.0,103.0,99.855,14527.0,112.0,99.85,13141.0,12.0,99.85,11899.0,110.0,99.84,9817.0,42.0,99.835,10320.0,104.0,99.83,6761.0,117.0,99.82,3765.0,36.0,99.81,2665.0,118.0,99.805,4637.0,50.0,99.79,2939.0,126.0,99.78,3961.0,16.0,99.76,1123.0,4.0,99.735,540.0,15.0,99.72,754.0,96.0,99.71,442.0,7.0,99.67,172.0,40.0,99.645,2586.0,50.0,99.63,1268.0,5.0,99.59,261.0,NaN,99.565,359.0,1.0,99.535,155.0,NaN,99.49,56.0,6.0,99.46,99.435,99.38,99.345,NaN,NaN,NaN,NaN,NaN,NaN,NaN,NaN,NaN,NaN,NaN,NaN,NaN,NaN,NaN,NaN,NaN,NaN,NaN,NaN,NaN,NaN,NaN,NaN,NaN,NaN,NaN,NaN,NaN,NaN,NaN,NaN
2013-04-11,NaN,NaN,NaN,NaN,NaN,NaN,NaN,NaN,NaN,99.8575,49423.0,127.0,99.87,40960.0,1929.0,99.87,34342.0,960.0,99.87,26877.0,1231.0,99.87,19561.0,651.0,99.87,15288.0,1717.0,99.87,16191.0,539.0,99.865,13471.0,55.0,99.865,20131.0,551.0,99.865,18227.0,910.0,99.86,15345.0,1710.0,99.855,13121.0,863.0,99.85,10865.0,1344.0,99.84,9867.0,299.0,99.84,10320.0,462.0,99.835,6739.0,166.0,99.825,3766.0,107.0,99.815,2516.0,177.0,99.81,4636.0,12.0,99.795,2955.0,104.0,99.785,3969.0,9.0,99.77,1172.0,63.0,99.745,570.0,42.0,99.73,754.0,NaN,99.72,442.0,NaN,99.68,172.0,NaN,99.655,2586.0,NaN,99.64,1268.0,NaN,99.6,261.0,NaN,99.575,359.0,NaN,99.545,155.0,3.0,99.5,56.0,NaN,99.47,99.445,99.39,99.355,NaN,NaN,NaN,NaN,NaN,NaN,NaN,NaN,NaN,NaN,NaN,NaN,NaN,NaN,NaN,NaN,NaN,NaN,NaN,NaN,NaN,NaN,NaN,NaN,NaN,NaN,NaN,NaN,NaN,NaN,NaN,NaN
2013-04-12,NaN,NaN,NaN,NaN,NaN,NaN,NaN,NaN,NaN,99.8575,49850.0,1940.0,99.87,41393.0,1173.0,99.87,34356.0,72.0,99.87,26718.0,622.0,99.87,19962.0,720.0,99.87,15230.0,668.0,99.87,15195.0,2367.0,99.865,13016.0,2154.0,99.865,20091.0,71.0,99.865,18224.0,85.0,99.86,15352.0,26.0,99.855,13122.0,25.0,99.85,10802.0,53.0,99.84,9900.0,121.0,99.84,10079.0,338.0,99.835,6729.0,127.0,99.825,3714.0,195.0,99.815,2519.0,24.0,99.81,4701.0,129.0,99.795,2941.0,145.0,99.785,3973.0,17.0,99.77,1184.0,40.0,99.745,584.0,28.0,99.73,696.0,35.0,99.72,464.0,33.0,99.68,172.0,NaN,99.655,2586.0,NaN,99.64,1268.0,NaN,99.6,261.0,3.0,99.575,359.0,NaN,99.545,155.0,NaN,99.5,56.0,NaN,99.47,99.445,99.39,99.355,NaN,NaN,NaN,NaN,NaN,NaN,NaN,NaN,NaN,NaN,NaN,NaN,NaN,NaN,NaN,NaN,NaN,NaN,NaN,NaN,NaN,NaN,NaN,NaN,NaN,NaN,NaN,NaN,NaN,NaN,NaN,NaN
2013-04-15,NaN,NaN,NaN,NaN,NaN,NaN,NaN,NaN,NaN,99.8575,51646.0,2914.0,99.87,41221.0,863.0,99.87,34348.0,302.0,99.87,26765.0,48.0,99.87,19898.0,65.0,99.87,15243.0,135.0,99.87,15220.0,298.0,99.865,13017.0,174.0,99.865,20512.0,596.0,99.865,18066.0,281.0,99.86,15337.0,44.0,99.855,13142.0,372.0,99.855,10758.0,457.0,99.845,9849.0,706.0,99.845,10041.0,344.0,99.84,6926.0,871.0,99.83,3732.0,102.0,99.82,2485.0,401.0,99.815,4769.0,152.0,99.8,2926.0,186.0,99.79,4001.0,87.0,99.78,1284.0,263.0,99.76,679.0,108.0,99.745,792.0,186.0,99.735,517.0,62.0,99.705,166.0,12.0,99.695,2622.0,41.0,99.68,1279.0,14.0,99.64,261.0,5.0,99.615,365.0,6.0,99.585,155.0,NaN,99.545,57.0,1.0,99.52,99.495,99.445,99.41,NaN,NaN,NaN,NaN,NaN,NaN,NaN,NaN,NaN,NaN,NaN,NaN,NaN,NaN,NaN,NaN,NaN,NaN,NaN,NaN,NaN,NaN,NaN,NaN,NaN,NaN,NaN,NaN,NaN,NaN,NaN,NaN
2013-04-16,NaN,NaN,NaN,NaN,NaN,NaN,NaN,NaN,NaN,99.8575,51866.0,938.0,99.87,40863.0,1279.0,99.87,34622.0,3364.0,99.87,26598.0,538.0,99.87,20200.0,536.0,99.87,15348.0,296.0,99.87,15210.0,319.0,99.865,12892.0,157.0,99.865,20512.0,2.0,99.865,18022.0,50.0,99.86,15332.0,56.0,99.855,13142.0,1.0,99.855,10741.0,32.0,99.845,9848.0,12.0,99.845,10037.0,44.0,99.84,6923.0,115.0,99.83,3775.0,96.0,99.82,2524.0,60.0,99.815,4849.0,153.0,99.8,2944.0,234.0,99.79,4007.0,6.0,99.78,1286.0,5.0,99.76,681.0,2.0,99.745,792.0,NaN,99.735,517.0,NaN,99.705,166.0,NaN,99.695,2622.0,NaN,99.67,1279.0,NaN,99.63,261.0,NaN,99.605,365.0,NaN,99.575,155.0,NaN,99.535,57.0,NaN,99.51,99.485,99.435,99.4,NaN,NaN,NaN,NaN,NaN,NaN,NaN,NaN,NaN,NaN,NaN,NaN,NaN,NaN,NaN,NaN,NaN,NaN,NaN,NaN,NaN,NaN,NaN,NaN,NaN,NaN,NaN,NaN,NaN,NaN,NaN,NaN
2013-04-17,NaN,NaN,NaN,NaN,NaN,NaN,NaN,NaN,NaN,99.855,52215.0,1752.0,99.87,40695.0,337.0,99.87,34702.0,1236.0,99.87,26598.0,55.0,99.87,20222.0,257.0,99.87,15707.0,535.0,99.87,15185.0,91.0,99.865,12893.0,47.0,99.865,20639.0,199.0,99.865,17941.0,216.0,99.86,15166.0,216.0,99.855,13306.0,289.0,99.855,10796.0,111.0,99.85,9987.0,196.0,99.845,10026.0,223.0,99.84,6922.0,41.0,99.83,3767.0,42.0,99.82,2524.0,NaN,99.815,4837.0,12.0,99.8,2943.0,29.0,99.79,4007.0,2.0,99.78,1286.0,12.0,99.76,695.0,17.0,99.745,792.0,6.0,99.735,514.0,6.0,99.705,166.0,3.0,99.695,2622.0,NaN,99.67,1279.0,NaN,99.63,261.0,3.0,99.605,365.0,NaN,99.58,155.0,NaN,99.54,57.0,NaN,99.515,99.49,99.44,99.405,NaN,NaN,NaN,NaN,NaN,NaN,NaN,NaN,NaN,NaN,NaN,NaN,NaN,NaN,NaN,NaN,NaN,NaN,NaN,NaN,NaN,NaN,NaN,NaN,NaN,NaN,NaN,NaN,NaN,NaN,NaN,NaN
2013-04-18,NaN,NaN,NaN,NaN,NaN,NaN,NaN,NaN,NaN,99.855,52257.0,53.0,99.87,40688.0,52.0,99.87,34031.0,1153.0,99.87,26436.0,521.0,99.87,20405.0,378.0,99.87,15707.0,5.0,99.87,15188.0,12.0,99.865,12893.0,12.0,99.865,20634.0,15.0,99.865,17956.0,55.0,99.86,15064.0,140.0,99.855,13344.0,121.0,99.855,10808.0,179.0,99.85,10378.0,731.0,99.845,10126.0,128.0,99.84,6986.0,134.0,99.83,3827.0,220.0,99.82,2518.0,83.0,99.815,4759.0,85.0,99.8,2947.0,104.0,99.79,4007.0,2.0,99.78,1530.0,430.0,99.76,885.0,199.0,99.745,793.0,1.0,99.735,514.0,3.0,99.705,166.0,NaN,99.695,2622.0,NaN,99.67,1279.0,NaN,99.63,264.0,3.0,99.605,365.0,NaN,99.58,155.0,NaN,99.54,57.0,NaN,99.515,99.49,99.44,99.405,NaN,NaN,NaN,NaN,NaN,NaN,NaN,NaN,NaN,NaN,NaN,NaN,NaN,NaN,NaN,NaN,NaN,NaN,NaN,NaN,NaN,NaN,NaN,NaN,NaN,NaN,NaN,NaN,NaN,NaN,NaN,NaN
2013-04-19,NaN,NaN,NaN,NaN,NaN,NaN,NaN,NaN,NaN,99.8525,52681.0,1126.0,99.865,40349.0,6795.0,99.87,34926.0,1176.0,99.87,26479.0,707.0,99.87,20356.0,428.0,99.87,15761.0,266.0,99.87,15202.0,64.0,99.865,13148.0,694.0,99.865,20532.0,214.0,99.865,17879.0,193.0,99.86,14888.0,385.0,99.855,13548.0,274.0,99.85,10818.0,177.0,99.845,10350.0,162.0,99.845,10067.0,182.0,99.84,7217.0,361.0,99.825,3808.0,91.0,99.815,2529.0,35.0,99.81,4710.0,64.0,99.795,2946.0,28.0,99.785,4017.0,22.0,99.775,1530.0,13.0,99.75,889.0,17.0,99.73,780.0,57.0,99.715,512.0,33.0,99.685,167.0,3.0,99.675,2622.0,NaN,99.65,1279.0,NaN,99.61,264.0,NaN,99.585,365.0,NaN,99.56,155.0,NaN,99.52,57.0,NaN,99.495,99.47,99.42,99.385,NaN,NaN,NaN,NaN,NaN,NaN,NaN,NaN,NaN,NaN,NaN,NaN,NaN,NaN,NaN,NaN,NaN,NaN,NaN,NaN,NaN,NaN,NaN,NaN,NaN,NaN,NaN,NaN,NaN,NaN,NaN,NaN
2013-04-22,NaN,NaN,NaN,NaN,NaN,NaN,NaN,NaN,NaN,99.8525,52831.0,728.0,99.865,40620.0,1039.0,99.87,34986.0,1941.0,99.87,26868.0,533.0,99.87,20487.0,399.0,99.87,16449.0,1048.0,99.87,15194.0,227.0,99.865,14000.0,2853.0,99.865,20624.0,378.0,99.865,18026.0,285.0,99.86,14843.0,275.0,99.855,13592.0,160.0,99.85,10891.0,415.0,99.845,10047.0,506.0,99.845,10028.0,515.0,99.84,7226.0,240.0,99.825,3746.0,272.0,99.815,2671.0,440.0,99.81,4776.0,615.0,99.795,3331.0,624.0,99.785,4067.0,61.0,99.775,1522.0,146.0,99.75,942.0,86.0,99.73,816.0,53.0,99.715,512.0,13.0,99.685,168.0,10.0,99.675,2622.0,NaN,99.65,1279.0,NaN,99.615,264.0,NaN,99.595,365.0,NaN,99.57,155.0,NaN,99.53,57.0,NaN,99.505,99.48,99.43,99.395,NaN,NaN,NaN,NaN,NaN,NaN,NaN,NaN,NaN,NaN,NaN,NaN,NaN,NaN,NaN,NaN,NaN,NaN,NaN,NaN,NaN,NaN,NaN,NaN,NaN,NaN,NaN,NaN,NaN,NaN,NaN,NaN
2013-04-23,NaN,NaN,NaN,NaN,NaN,NaN,NaN,NaN,NaN,99.8525,52358.0,2076.0,99.865,41799.0,4767.0,99.87,35461.0,3069.0,99.87,26727.0,1955.0,99.87,21980.0,3016.0,99.87,18893.0,4466.0,99.865,16656.0,2595.0,99.865,14039.0,349.0,99.865,20703.0,255.0,99.86,18058.0,590.0,99.86,14700.0,505.0,99.855,13467.0,247.0,99.85,10999.0,452.0,99.845,10111.0,818.0,99.845,10236.0,484.0,99.84,7354.0,364.0,99.825,3978.0,1018.0,99.815,2797.0,364.0,99.81,4883.0,302.0,99.795,3405.0,246.0,99.785,4133.0,197.0,99.775,1701.0,374.0,99.75,1149.0,230.0,99.73,816.0,NaN,99.715,511.0,1.0,99.685,168.0,1.0,99.675,2527.0,100.0,99.65,1279.0,3.0,99.62,274.0,13.0,99.6,365.0,NaN,99.575,155.0,NaN,99.535,57.0,2.0,99.51,99.485,99.435,99.4,NaN,NaN,NaN,NaN,NaN,NaN,NaN,NaN,NaN,NaN,NaN,NaN,NaN,NaN,NaN,NaN,NaN,NaN,NaN,NaN,NaN,NaN,NaN,NaN,NaN,NaN,NaN,NaN,NaN,NaN,NaN,NaN
2013-04-24,NaN,NaN,NaN,NaN,NaN,NaN,NaN,NaN,NaN,99.8525,52022.0,367.0,99.865,41731.0,795.0,99.87,35862.0,595.0,99.87,27008.0,750.0,99.87,22197.0,632.0,99.87,18831.0,330.0,99.865,16627.0,195.0,99.865,14057.0,131.0,99.865,20727.0,150.0,99.86,18058.0,9.0,99.86,14611.0,109.0,99.855,13467.0,78.0,99.855,11078.0,111.0,99.845,10131.0,65.0,99.845,10423.0,383.0,99.84,7838.0,651.0,99.825,3978.0,24.0,99.82,2919.0,142.0,99.815,4867.0,60.0,99.8,3411.0,21.0,99.79,4133.0,1.0,99.78,1701.0,NaN,99.755,1149.0,NaN,99.735,816.0,NaN,99.72,511.0,NaN,99.69,168.0,NaN,99.68,2527.0,NaN,99.655,1283.0,4.0,99.625,274.0,NaN,99.605,366.0,1.0,99.58,155.0,NaN,99.54,57.0,NaN,99.515,99.49,99.44,99.405,NaN,NaN,NaN,NaN,NaN,NaN,NaN,NaN,NaN,NaN,NaN,NaN,NaN,NaN,NaN,NaN,NaN,NaN,NaN,NaN,NaN,NaN,NaN,NaN,NaN,NaN,NaN,NaN,NaN,NaN,NaN,NaN
2013-04-25,NaN,NaN,NaN,NaN,NaN,NaN,NaN,NaN,NaN,99.8525,52073.0,1110.0,99.865,43367.0,4093.0,99.87,36535.0,1845.0,99.87,27231.0,611.0,99.87,22086.0,744.0,99.87,20291.0,2255.0,99.865,16515.0,736.0,99.865,14106.0,134.0,99.865,20727.0,117.0,99.865,18086.0,450.0,99.86,14470.0,177.0,99.855,13467.0,147.0,99.855,11079.0,25.0,99.845,10128.0,84.0,99.845,10536.0,347.0,99.84,8219.0,632.0,99.825,3972.0,168.0,99.82,2919.0,89.0,99.815,4864.0,119.0,99.8,3320.0,138.0,99.79,4108.0,44.0,99.78,1701.0,4.0,99.755,1152.0,3.0,99.735,816.0,NaN,99.72,511.0,NaN,99.69,168.0,NaN,99.68,2527.0,NaN,99.655,1283.0,NaN,99.625,274.0,NaN,99.605,366.0,NaN,99.58,155.0,NaN,99.54,57.0,NaN,99.515,99.49,99.44,99.405,NaN,NaN,NaN,NaN,NaN,NaN,NaN,NaN,NaN,NaN,NaN,NaN,NaN,NaN,NaN,NaN,NaN,NaN,NaN,NaN,NaN,NaN,NaN,NaN,NaN,NaN,NaN,NaN,NaN,NaN,NaN,NaN
2013-04-26,NaN,NaN,NaN,NaN,NaN,NaN,NaN,NaN,NaN,99.8525,52037.0,180.0,99.87,44413.0,3751.0,99.87,36309.0,290.0,99.87,27372.0,482.0,99.87,22451.0,1225.0,99.87,20219.0,337.0,99.87,16540.0,83.0,99.865,14224.0,206.0,99.865,20764.0,98.0,99.865,18164.0,112.0,99.865,14490.0,38.0,99.86,13577.0,146.0,99.855,11095.0,302.0,99.85,10138.0,125.0,99.85,10599.0,249.0,99.845,8410.0,756.0,99.835,4155.0,795.0,99.83,2933.0,133.0,99.825,4789.0,121.0,99.81,3264.0,102.0,99.8,4031.0,158.0,99.79,1728.0,116.0,99.765,1127.0,83.0,99.75,799.0,66.0,99.735,511.0,NaN,99.71,168.0,NaN,99.7,2527.0,NaN,99.675,1283.0,NaN,99.645,274.0,NaN,99.625,371.0,5.0,99.6,160.0,5.0,99.56,57.0,NaN,99.535,99.51,99.46,99.43,NaN,NaN,NaN,NaN,NaN,NaN,NaN,NaN,NaN,NaN,NaN,NaN,NaN,NaN,NaN,NaN,NaN,NaN,NaN,NaN,NaN,NaN,NaN,NaN,NaN,NaN,NaN,NaN,NaN,NaN,NaN,NaN
2013-04-29,NaN,NaN,NaN,NaN,NaN,NaN,NaN,NaN,NaN,99.8525,51562.0,5594.0,99.875,45436.0,2929.0,99.875,35734.0,1635.0,99.875,26741.0,1571.0,99.875,22635.0,963.0,99.875,20105.0,629.0,99.875,16594.0,282.0,99.87,14242.0,190.0,99.87,20864.0,400.0,99.87,18350.0,483.0,99.87,14992.0,1054.0,99.865,13478.0,512.0,99.865,11630.0,882.0,99.86,10316.0,285.0,99.855,10470.0,333.0,99.85,8553.0,336.0,99.84,4137.0,176.0,99.835,2882.0,70.0,99.83,4756.0,173.0,99.815,3264.0,37.0,99.805,4170.0,157.0,99.795,1801.0,73.0,99.77,1177.0,59.0,99.755,799.0,NaN,99.74,511.0,3.0,99.715,182.0,14.0,99.705,2530.0,3.0,99.68,1283.0,NaN,99.65,274.0,NaN,99.63,371.0,NaN,99.605,160.0,NaN,99.565,57.0,NaN,99.54,99.515,99.465,99.435,NaN,NaN,NaN,NaN,NaN,NaN,NaN,NaN,NaN,NaN,NaN,NaN,NaN,NaN,NaN,NaN,NaN,NaN,NaN,NaN,NaN,NaN,NaN,NaN,NaN,NaN,NaN,NaN,NaN,NaN,NaN,NaN
2013-04-30,NaN,NaN,NaN,NaN,NaN,NaN,NaN,NaN,NaN,99.8525,51939.0,1025.0,99.875,45593.0,2195.0,99.875,36085.0,4444.0,99.875,26766.0,2043.0,99.875,22758.0,744.0,99.875,20003.0,413.0,99.875,16534.0,487.0,99.87,14400.0,740.0,99.87,21161.0,797.0,99.87,18392.0,417.0,99.87,15048.0,147.0,99.865,13545.0,276.0,99.865,11643.0,167.0,99.86,10385.0,103.0,99.855,10438.0,227.0,99.85,8472.0,96.0,99.84,4199.0,97.0,99.835,2886.0,10.0,99.83,4716.0,69.0,99.815,3214.0,67.0,99.805,4200.0,50.0,99.795,2042.0,254.0,99.775,1175.0,2.0,99.76,799.0,7.0,99.745,523.0,15.0,99.72,184.0,5.0,99.71,2539.0,14.0,99.685,1301.0,31.0,99.655,277.0,9.0,99.635,381.0,16.0,99.61,172.0,16.0,99.57,77.0,20.0,99.545,99.52,99.47,99.44,NaN,NaN,NaN,NaN,NaN,NaN,NaN,NaN,NaN,NaN,NaN,NaN,NaN,NaN,NaN,NaN,NaN,NaN,NaN,NaN,NaN,NaN,NaN,NaN,NaN,NaN,NaN,NaN,NaN,NaN,NaN,NaN
2013-05-01,NaN,NaN,NaN,NaN,NaN,NaN,NaN,NaN,NaN,NaN,NaN,NaN,99.875,46918.0,4185.0,99.875,36003.0,1158.0,99.875,27003.0,586.0,99.875,22785.0,265.0,99.875,19966.0,242.0,99.875,16541.0,303.0,99.875,14455.0,406.0,99.875,21514.0,547.0,99.875,18736.0,687.0,99.875,15518.0,607.0,99.87,13200.0,1449.0,99.865,11868.0,836.0,99.86,10444.0,86.0,99.86,10477.0,452.0,99.855,8390.0,255.0,99.845,4302.0,267.0,99.84,3027.0,206.0,99.835,4740.0,69.0,99.82,3217.0,32.0,99.815,4262.0,119.0,99.805,2180.0,240.0,99.785,1312.0,142.0,99.77,794.0,6.0,99.755,525.0,26.0,99.73,184.0,NaN,99.72,2544.0,5.0,99.695,1321.0,23.0,99.67,304.0,27.0,99.65,396.0,20.0,99.625,207.0,38.0,99.585,96.0,29.0,99.56,99.535,99.49,99.46,99.43,NaN,NaN,NaN,NaN,NaN,NaN,NaN,NaN,NaN,NaN,NaN,NaN,NaN,NaN,NaN,NaN,NaN,NaN,NaN,NaN,NaN,NaN,NaN,NaN,NaN,NaN,NaN,NaN,NaN,NaN,NaN
2013-05-02,NaN,NaN,NaN,NaN,NaN,NaN,NaN,NaN,NaN,NaN,NaN,NaN,99.875,46941.0,2344.0,99.875,36043.0,4677.0,99.875,26910.0,344.0,99.875,22581.0,612.0,99.875,19926.0,323.0,99.875,16499.0,468.0,99.875,14444.0,522.0,99.875,21401.0,1091.0,99.875,18799.0,312.0,99.875,15622.0,174.0,99.875,13497.0,1043.0,99.875,12030.0,1188.0,99.87,10616.0,881.0,99.865,10418.0,868.0,99.86,8324.0,263.0,99.85,4385.0,362.0,99.845,3044.0,78.0,99.84,4745.0,67.0,99.825,3079.0,229.0,99.82,4309.0,73.0,99.81,2387.0,256.0,99.79,1313.0,10.0,99.775,795.0,2.0,99.76,527.0,4.0,99.74,190.0,13.0,99.73,2484.0,99.0,99.71,1355.0,54.0,99.685,317.0,17.0,99.665,392.0,16.0,99.64,203.0,7.0,99.6,112.0,24.0,99.58,99.555,99.51,99.48,99.45,NaN,NaN,NaN,NaN,NaN,NaN,NaN,NaN,NaN,NaN,NaN,NaN,NaN,NaN,NaN,NaN,NaN,NaN,NaN,NaN,NaN,NaN,NaN,NaN,NaN,NaN,NaN,NaN,NaN,NaN,NaN
2013-05-03,NaN,NaN,NaN,NaN,NaN,NaN,NaN,NaN,NaN,NaN,NaN,NaN,99.87,48042.0,2938.0,99.875,36066.0,1587.0,99.875,26690.0,744.0,99.875,22631.0,520.0,99.875,18894.0,1747.0,99.875,16908.0,1212.0,99.875,14458.0,1379.0,99.875,21780.0,828.0,99.875,18924.0,387.0,99.87,15607.0,429.0,99.865,13780.0,775.0,99.865,12207.0,839.0,99.86,10550.0,370.0,99.855,10331.0,727.0,99.85,8019.0,927.0,99.84,5046.0,913.0,99.835,3061.0,633.0,99.825,4728.0,273.0,99.81,3155.0,307.0,99.805,4218.0,410.0,99.795,2427.0,245.0,99.775,1318.0,30.0,99.76,806.0,25.0,99.745,543.0,36.0,99.725,200.0,37.0,99.715,2489.0,10.0,99.695,1358.0,14.0,99.67,317.0,NaN,99.65,392.0,NaN,99.625,204.0,4.0,99.585,115.0,12.0,99.565,99.54,99.495,99.465,99.435,NaN,NaN,NaN,NaN,NaN,NaN,NaN,NaN,NaN,NaN,NaN,NaN,NaN,NaN,NaN,NaN,NaN,NaN,NaN,NaN,NaN,NaN,NaN,NaN,NaN,NaN,NaN,NaN,NaN,NaN,NaN
2013-05-06,NaN,NaN,NaN,NaN,NaN,NaN,NaN,NaN,NaN,NaN,NaN,NaN,99.87,47890.0,1299.0,99.875,37605.0,3475.0,99.88,26597.0,696.0,99.88,22890.0,580.0,99.875,18919.0,119.0,99.875,16888.0,195.0,99.875,14563.0,217.0,99.875,21767.0,605.0,99.875,18952.0,167.0,99.87,15583.0,293.0,99.865,13352.0,735.0,99.865,11846.0,716.0,99.86,10706.0,744.0,99.855,10289.0,152.0,99.85,7907.0,429.0,99.84,5070.0,252.0,99.835,3220.0,730.0,99.825,3853.0,1751.0,99.81,3178.0,64.0,99.8,4061.0,198.0,99.79,2432.0,33.0,99.765,1377.0,79.0,99.745,857.0,55.0,99.73,536.0,13.0,99.71,200.0,NaN,99.69,2484.0,5.0,99.67,1353.0,8.0,99.63,316.0,3.0,99.6,382.0,11.0,99.575,197.0,7.0,99.53,104.0,12.0,99.5,99.475,99.42,99.385,99.345,NaN,NaN,NaN,NaN,NaN,NaN,NaN,NaN,NaN,NaN,NaN,NaN,NaN,NaN,NaN,NaN,NaN,NaN,NaN,NaN,NaN,NaN,NaN,NaN,NaN,NaN,NaN,NaN,NaN,NaN,NaN
2013-05-07,NaN,NaN,NaN,NaN,NaN,NaN,NaN,NaN,NaN,NaN,NaN,NaN,99.87,47004.0,1758.0,99.875,37613.0,142.0,99.88,26706.0,211.0,99.88,22972.0,152.0,99.875,18967.0,76.0,99.875,16916.0,156.0,99.875,14708.0,240.0,99.875,21968.0,344.0,99.875,19028.0,914.0,99.87,15351.0,396.0,99.865,13360.0,338.0,99.865,12065.0,382.0,99.86,10712.0,139.0,99.855,10329.0,78.0,99.85,7752.0,333.0,99.84,5113.0,199.0,99.835,3170.0,95.0,99.82,3716.0,277.0,99.805,3190.0,55.0,99.795,4109.0,250.0,99.785,2465.0,189.0,99.76,1385.0,15.0,99.74,860.0,18.0,99.72,535.0,7.0,99.695,200.0,4.0,99.675,2484.0,7.0,99.655,1352.0,5.0,99.615,316.0,1.0,99.585,382.0,1.0,99.56,202.0,5.0,99.515,110.0,7.0,99.485,99.46,99.405,99.37,99.33,NaN,NaN,NaN,NaN,NaN,NaN,NaN,NaN,NaN,NaN,NaN,NaN,NaN,NaN,NaN,NaN,NaN,NaN,NaN,NaN,NaN,NaN,NaN,NaN,NaN,NaN,NaN,NaN,NaN,NaN,NaN
2013-05-08,NaN,NaN,NaN,NaN,NaN,NaN,NaN,NaN,NaN,NaN,NaN,NaN,99.87,45895.0,3017.0,99.875,37312.0,2842.0,99.88,26598.0,497.0,99.88,23142.0,351.0,99.875,18943.0,107.0,99.875,16928.0,64.0,99.875,15326.0,627.0,99.875,21963.0,61.0,99.875,19025.0,15.0,99.87,15319.0,35.0,99.865,13279.0,334.0,99.865,12077.0,105.0,99.86,10771.0,147.0,99.855,10337.0,95.0,99.85,7739.0,52.0,99.84,5230.0,219.0,99.835,3043.0,264.0,99.82,3649.0,140.0,99.805,3199.0,58.0,99.795,4110.0,15.0,99.785,2429.0,87.0,99.76,1344.0,259.0,99.74,860.0,16.0,99.72,629.0,136.0,99.695,214.0,67.0,99.68,2517.0,55.0,99.66,1353.0,14.0,99.62,316.0,19.0,99.59,390.0,20.0,99.565,202.0,NaN,99.52,110.0,16.0,99.49,99.465,99.41,99.375,99.335,NaN,NaN,NaN,NaN,NaN,NaN,NaN,NaN,NaN,NaN,NaN,NaN,NaN,NaN,NaN,NaN,NaN,NaN,NaN,NaN,NaN,NaN,NaN,NaN,NaN,NaN,NaN,NaN,NaN,NaN,NaN
2013-05-09,NaN,NaN,NaN,NaN,NaN,NaN,NaN,NaN,NaN,NaN,NaN,NaN,99.87,44930.0,1491.0,99.875,37059.0,2401.0,99.88,26499.0,646.0,99.88,23439.0,1136.0,99.875,18939.0,60.0,99.875,17082.0,419.0,99.875,15390.0,118.0,99.875,21976.0,31.0,99.875,19022.0,109.0,99.87,15286.0,42.0,99.865,13283.0,7.0,99.865,12127.0,60.0,99.86,10798.0,216.0,99.855,10259.0,215.0,99.845,7941.0,898.0,99.835,5445.0,755.0,99.83,3164.0,310.0,99.815,3802.0,244.0,99.8,3287.0,154.0,99.79,4136.0,142.0,99.78,2484.0,55.0,99.755,1348.0,19.0,99.735,860.0,NaN,99.715,627.0,10.0,99.69,214.0,NaN,99.675,2519.0,2.0,99.655,1414.0,64.0,99.615,316.0,4.0,99.585,390.0,NaN,99.56,202.0,NaN,99.515,110.0,NaN,99.485,99.45,99.395,99.36,99.32,NaN,NaN,NaN,NaN,NaN,NaN,NaN,NaN,NaN,NaN,NaN,NaN,NaN,NaN,NaN,NaN,NaN,NaN,NaN,NaN,NaN,NaN,NaN,NaN,NaN,NaN,NaN,NaN,NaN,NaN,NaN
2013-05-10,NaN,NaN,NaN,NaN,NaN,NaN,NaN,NaN,NaN,NaN,NaN,NaN,99.87,44984.0,7116.0,99.875,38784.0,4139.0,99.88,26559.0,358.0,99.88,23162.0,411.0,99.875,18645.0,1405.0,99.875,17060.0,208.0,99.875,15088.0,712.0,99.87,21514.0,1016.0,99.87,19023.0,353.0,99.865,15283.0,69.0,99.865,12916.0,657.0,99.86,12054.0,563.0,99.855,11998.0,2323.0,99.85,11140.0,1805.0,99.84,7870.0,616.0,99.83,5392.0,292.0,99.825,3097.0,225.0,99.81,3743.0,276.0,99.795,3211.0,350.0,99.78,4014.0,479.0,99.765,2562.0,312.0,99.74,1400.0,88.0,99.72,883.0,51.0,99.7,601.0,54.0,99.675,220.0,66.0,99.66,2527.0,33.0,99.63,1419.0,37.0,99.585,308.0,45.0,99.55,382.0,26.0,99.52,196.0,25.0,99.47,110.0,18.0,99.435,99.395,99.34,99.305,99.255,NaN,NaN,NaN,NaN,NaN,NaN,NaN,NaN,NaN,NaN,NaN,NaN,NaN,NaN,NaN,NaN,NaN,NaN,NaN,NaN,NaN,NaN,NaN,NaN,NaN,NaN,NaN,NaN,NaN,NaN,NaN
2013-05-13,NaN,NaN,NaN,NaN,NaN,NaN,NaN,NaN,NaN,NaN,NaN,NaN,99.87,44467.0,2263.0,99.875,36773.0,5106.0,99.88,26968.0,1060.0,99.88,23276.0,313.0,99.875,18552.0,184.0,99.875,17121.0,384.0,99.875,15099.0,169.0,99.87,21149.0,841.0,99.87,19018.0,65.0,99.865,15295.0,25.0,99.86,12980.0,249.0,99.855,12037.0,610.0,99.85,12154.0,1429.0,99.84,11200.0,267.0,99.83,7884.0,1320.0,99.82,5531.0,637.0,99.815,3143.0,302.0,99.8,3606.0,260.0,99.785,3098.0,223.0,99.77,4004.0,78.0,99.755,2537.0,163.0,99.73,1441.0,166.0,99.71,932.0,58.0,99.69,607.0,12.0,99.655,237.0,38.0,99.64,2530.0,18.0,99.605,1419.0,2.0,99.56,292.0,21.0,99.525,382.0,NaN,99.495,193.0,18.0,99.445,110.0,3.0,99.41,99.37,99.315,99.28,99.235,NaN,NaN,NaN,NaN,NaN,NaN,NaN,NaN,NaN,NaN,NaN,NaN,NaN,NaN,NaN,NaN,NaN,NaN,NaN,NaN,NaN,NaN,NaN,NaN,NaN,NaN,NaN,NaN,NaN,NaN,NaN
2013-05-14,NaN,NaN,NaN,NaN,NaN,NaN,NaN,NaN,NaN,NaN,NaN,NaN,99.8725,44412.0,114.0,99.875,38544.0,2101.0,99.88,26986.0,174.0,99.88,23377.0,310.0,99.875,19059.0,966.0,99.875,17137.0,184.0,99.87,15235.0,753.0,99.87,20989.0,336.0,99.865,19096.0,443.0,99.86,15237.0,77.0,99.86,13193.0,316.0,99.855,12069.0,198.0,99.85,12514.0,830.0,99.84,11181.0,147.0,99.83,7768.0,1273.0,99.82,5713.0,723.0,99.81,3201.0,717.0,99.795,3754.0,413.0,99.78,3068.0,47.0,99.765,4003.0,24.0,99.75,2558.0,33.0,99.725,1436.0,42.0,99.7,929.0,11.0,99.68,616.0,42.0,99.645,274.0,93.0,99.63,2521.0,14.0,99.595,1412.0,13.0,99.55,291.0,6.0,99.515,383.0,4.0,99.485,193.0,NaN,99.43,110.0,16.0,99.395,99.355,99.3,99.265,99.22,NaN,NaN,NaN,NaN,NaN,NaN,NaN,NaN,NaN,NaN,NaN,NaN,NaN,NaN,NaN,NaN,NaN,NaN,NaN,NaN,NaN,NaN,NaN,NaN,NaN,NaN,NaN,NaN,NaN,NaN,NaN
2013-05-15,NaN,NaN,NaN,NaN,NaN,NaN,NaN,NaN,NaN,NaN,NaN,NaN,99.875,44892.0,4429.0,99.875,44407.0,10574.0,99.88,30714.0,6673.0,99.88,23351.0,85.0,99.875,19152.0,440.0,99.875,16988.0,1050.0,99.87,15127.0,424.0,99.87,20946.0,317.0,99.865,19041.0,380.0,99.86,15217.0,222.0,99.86,13347.0,310.0,99.855,12065.0,300.0,99.85,12704.0,548.0,99.84,11136.0,363.0,99.83,7711.0,304.0,99.82,5630.0,405.0,99.81,3230.0,389.0,99.795,3875.0,233.0,99.78,3043.0,92.0,99.765,4021.0,129.0,99.75,2556.0,176.0,99.725,1437.0,53.0,99.7,1124.0,236.0,99.68,613.0,21.0,99.645,252.0,22.0,99.63,2504.0,29.0,99.595,1413.0,1.0,99.55,291.0,NaN,99.515,383.0,NaN,99.485,193.0,NaN,99.43,110.0,NaN,99.4,99.365,99.31,99.275,99.23,NaN,NaN,NaN,NaN,NaN,NaN,NaN,NaN,NaN,NaN,NaN,NaN,NaN,NaN,NaN,NaN,NaN,NaN,NaN,NaN,NaN,NaN,NaN,NaN,NaN,NaN,NaN,NaN,NaN,NaN,NaN
2013-05-16,NaN,NaN,NaN,NaN,NaN,NaN,NaN,NaN,NaN,NaN,NaN,NaN,99.8775,46846.0,4811.0,99.875,45104.0,3978.0,99.88,30694.0,3761.0,99.88,24094.0,1432.0,99.875,19111.0,97.0,99.875,16660.0,639.0,99.87,15294.0,549.0,99.87,20978.0,296.0,99.87,19080.0,107.0,99.865,15259.0,102.0,99.86,13356.0,89.0,99.855,12251.0,538.0,99.85,12873.0,448.0,99.845,11123.0,338.0,99.835,7909.0,575.0,99.825,5601.0,249.0,99.815,3272.0,218.0,99.81,4037.0,273.0,99.795,3069.0,145.0,99.785,4130.0,144.0,99.77,2602.0,67.0,99.745,1454.0,50.0,99.72,921.0,NaN,99.705,613.0,NaN,99.675,249.0,3.0,99.66,2504.0,NaN,99.63,1413.0,NaN,99.59,293.0,3.0,99.57,383.0,NaN,99.54,196.0,3.0,99.49,110.0,6.0,99.46,99.43,99.375,99.34,99.295,NaN,NaN,NaN,NaN,NaN,NaN,NaN,NaN,NaN,NaN,NaN,NaN,NaN,NaN,NaN,NaN,NaN,NaN,NaN,NaN,NaN,NaN,NaN,NaN,NaN,NaN,NaN,NaN,NaN,NaN,NaN
2013-05-17,NaN,NaN,NaN,NaN,NaN,NaN,NaN,NaN,NaN,NaN,NaN,NaN,99.8775,46892.0,2081.0,99.88,44652.0,4545.0,99.88,30298.0,1250.0,99.88,24181.0,1773.0,99.875,19691.0,1275.0,99.875,16302.0,1165.0,99.87,15052.0,1067.0,99.865,20677.0,560.0,99.865,18958.0,704.0,99.86,15001.0,767.0,99.855,13370.0,359.0,99.85,12135.0,321.0,99.845,13241.0,812.0,99.835,11142.0,467.0,99.825,7840.0,495.0,99.815,5530.0,362.0,99.805,3278.0,251.0,99.795,4146.0,484.0,99.775,3070.0,22.0,99.765,4092.0,121.0,99.75,2732.0,502.0,99.725,1477.0,269.0,99.7,916.0,64.0,99.685,625.0,66.0,99.655,250.0,1.0,99.64,2504.0,NaN,99.61,1422.0,15.0,99.57,290.0,5.0,99.545,383.0,NaN,99.51,197.0,2.0,99.455,110.0,NaN,99.425,99.395,99.34,99.3,99.255,NaN,NaN,NaN,NaN,NaN,NaN,NaN,NaN,NaN,NaN,NaN,NaN,NaN,NaN,NaN,NaN,NaN,NaN,NaN,NaN,NaN,NaN,NaN,NaN,NaN,NaN,NaN,NaN,NaN,NaN,NaN
2013-05-20,NaN,NaN,NaN,NaN,NaN,NaN,NaN,NaN,NaN,NaN,NaN,NaN,99.88,46701.0,3275.0,99.885,45760.0,6299.0,99.88,29594.0,2454.0,99.88,23877.0,2889.0,99.875,19907.0,1021.0,99.875,16304.0,159.0,99.87,15123.0,329.0,99.865,20785.0,228.0,99.865,18962.0,132.0,99.86,14897.0,266.0,99.855,13352.0,69.0,99.85,12285.0,496.0,99.845,13439.0,255.0,99.835,11122.0,74.0,99.825,7861.0,82.0,99.815,5601.0,169.0,99.805,3252.0,45.0,99.795,4103.0,234.0,99.775,3116.0,254.0,99.765,4056.0,290.0,99.75,2862.0,163.0,99.725,1491.0,39.0,99.7,954.0,39.0,99.685,625.0,1.0,99.65,249.0,12.0,99.63,2521.0,17.0,99.605,1409.0,24.0,99.555,297.0,24.0,99.53,386.0,3.0,99.495,197.0,1.0,99.44,110.0,NaN,99.41,99.38,99.32,99.28,99.235,NaN,NaN,NaN,NaN,NaN,NaN,NaN,NaN,NaN,NaN,NaN,NaN,NaN,NaN,NaN,NaN,NaN,NaN,NaN,NaN,NaN,NaN,NaN,NaN,NaN,NaN,NaN,NaN,NaN,NaN,NaN
2013-05-21,NaN,NaN,NaN,NaN,NaN,NaN,NaN,NaN,NaN,NaN,NaN,NaN,99.885,47099.0,3194.0,99.885,44605.0,2389.0,99.885,29511.0,869.0,99.885,23738.0,1305.0,99.88,20149.0,2825.0,99.875,16801.0,1526.0,99.875,15307.0,1083.0,99.87,20763.0,506.0,99.865,18956.0,110.0,99.86,14897.0,42.0,99.855,13445.0,201.0,99.85,12206.0,406.0,99.845,13855.0,700.0,99.835,11003.0,481.0,99.825,7793.0,747.0,99.815,6075.0,1322.0,99.805,3274.0,179.0,99.795,4265.0,294.0,99.775,3118.0,236.0,99.765,4097.0,249.0,99.75,3079.0,328.0,99.725,1499.0,12.0,99.7,956.0,21.0,99.685,628.0,3.0,99.65,249.0,15.0,99.63,2528.0,7.0,99.605,1409.0,NaN,99.555,297.0,NaN,99.53,386.0,NaN,99.495,198.0,1.0,99.44,110.0,NaN,99.41,99.38,99.32,99.28,99.235,NaN,NaN,NaN,NaN,NaN,NaN,NaN,NaN,NaN,NaN,NaN,NaN,NaN,NaN,NaN,NaN,NaN,NaN,NaN,NaN,NaN,NaN,NaN,NaN,NaN,NaN,NaN,NaN,NaN,NaN,NaN
2013-05-22,NaN,NaN,NaN,NaN,NaN,NaN,NaN,NaN,NaN,NaN,NaN,NaN,99.885,47978.0,3763.0,99.885,44657.0,1994.0,99.885,29716.0,3282.0,99.885,24202.0,1821.0,99.88,20154.0,914.0,99.88,16717.0,491.0,99.875,15368.0,294.0,99.87,20603.0,438.0,99.865,18919.0,480.0,99.86,14984.0,827.0,99.855,13622.0,1063.0,99.85,11665.0,1996.0,99.84,14120.0,1353.0,99.83,11063.0,423.0,99.82,7785.0,759.0,99.81,6322.0,866.0,99.8,3539.0,822.0,99.785,4308.0,514.0,99.765,3136.0,419.0,99.755,4113.0,429.0,99.74,3488.0,685.0,99.71,1515.0,71.0,99.685,957.0,29.0,99.67,698.0,104.0,99.635,255.0,6.0,99.615,2523.0,5.0,99.58,1407.0,16.0,99.53,295.0,14.0,99.505,387.0,12.0,99.465,211.0,34.0,99.405,110.0,2.0,99.37,99.335,99.27,99.225,99.175,NaN,NaN,NaN,NaN,NaN,NaN,NaN,NaN,NaN,NaN,NaN,NaN,NaN,NaN,NaN,NaN,NaN,NaN,NaN,NaN,NaN,NaN,NaN,NaN,NaN,NaN,NaN,NaN,NaN,NaN,NaN
2013-05-23,NaN,NaN,NaN,NaN,NaN,NaN,NaN,NaN,NaN,NaN,NaN,NaN,99.885,47691.0,2203.0,99.885,45229.0,2832.0,99.885,30251.0,683.0,99.885,24569.0,1190.0,99.88,20375.0,645.0,99.88,16274.0,722.0,99.875,15376.0,102.0,99.87,20615.0,101.0,99.865,18918.0,443.0,99.86,14982.0,37.0,99.85,13684.0,385.0,99.845,11764.0,710.0,99.84,14257.0,294.0,99.83,10960.0,422.0,99.82,7943.0,431.0,99.81,6490.0,323.0,99.8,3533.0,172.0,99.785,4352.0,189.0,99.765,3111.0,157.0,99.755,4113.0,125.0,99.74,3413.0,94.0,99.71,1518.0,47.0,99.685,989.0,52.0,99.665,699.0,22.0,99.63,255.0,NaN,99.61,2523.0,NaN,99.575,1407.0,NaN,99.525,295.0,NaN,99.5,387.0,NaN,99.46,211.0,NaN,99.4,110.0,NaN,99.365,99.33,99.265,99.22,99.17,NaN,NaN,NaN,NaN,NaN,NaN,NaN,NaN,NaN,NaN,NaN,NaN,NaN,NaN,NaN,NaN,NaN,NaN,NaN,NaN,NaN,NaN,NaN,NaN,NaN,NaN,NaN,NaN,NaN,NaN,NaN
2013-05-24,NaN,NaN,NaN,NaN,NaN,NaN,NaN,NaN,NaN,NaN,NaN,NaN,99.8875,47698.0,976.0,99.89,44397.0,2552.0,99.885,29895.0,828.0,99.885,25707.0,1731.0,99.88,20393.0,1953.0,99.88,16131.0,249.0,99.875,15370.0,60.0,99.87,20716.0,185.0,99.865,18846.0,356.0,99.86,14905.0,234.0,99.85,13682.0,156.0,99.845,11634.0,235.0,99.84,14326.0,101.0,99.83,11348.0,624.0,99.82,8080.0,258.0,99.81,6668.0,279.0,99.8,3514.0,84.0,99.785,4356.0,61.0,99.765,3106.0,32.0,99.755,4128.0,21.0,99.74,3413.0,25.0,99.71,1527.0,56.0,99.68,1041.0,112.0,99.66,724.0,78.0,99.625,310.0,66.0,99.605,2512.0,11.0,99.57,1396.0,20.0,99.52,295.0,NaN,99.495,387.0,NaN,99.455,211.0,NaN,99.395,110.0,3.0,99.355,99.32,99.255,99.21,99.16,NaN,NaN,NaN,NaN,NaN,NaN,NaN,NaN,NaN,NaN,NaN,NaN,NaN,NaN,NaN,NaN,NaN,NaN,NaN,NaN,NaN,NaN,NaN,NaN,NaN,NaN,NaN,NaN,NaN,NaN,NaN
2013-05-28,NaN,NaN,NaN,NaN,NaN,NaN,NaN,NaN,NaN,NaN,NaN,NaN,99.8875,60402.0,14796.0,99.89,48886.0,8111.0,99.885,30514.0,2342.0,99.88,26876.0,3993.0,99.88,20169.0,2117.0,99.875,15417.0,2270.0,99.865,15407.0,1040.0,99.86,20452.0,2117.0,99.855,18920.0,2351.0,99.845,15446.0,2126.0,99.835,13682.0,2110.0,99.825,11476.0,2609.0,99.815,13835.0,2833.0,99.805,11229.0,1852.0,99.79,8199.0,1687.0,99.775,6621.0,1254.0,99.76,3236.0,1276.0,99.74,4257.0,1013.0,99.71,2961.0,953.0,99.7,3960.0,718.0,99.675,3695.0,600.0,99.64,1704.0,457.0,99.605,1085.0,100.0,99.58,721.0,98.0,99.535,331.0,74.0,99.51,2469.0,67.0,99.475,1385.0,33.0,99.42,284.0,48.0,99.385,389.0,11.0,99.335,213.0,21.0,99.26,107.0,21.0,99.22,99.18,99.105,99.06,98.995,NaN,NaN,NaN,NaN,NaN,NaN,NaN,NaN,NaN,NaN,NaN,NaN,NaN,NaN,NaN,NaN,NaN,NaN,NaN,NaN,NaN,NaN,NaN,NaN,NaN,NaN,NaN,NaN,NaN,NaN,NaN
2013-05-29,NaN,NaN,NaN,NaN,NaN,NaN,NaN,NaN,NaN,NaN,NaN,NaN,99.89,61193.0,4104.0,99.895,47735.0,4412.0,99.885,30446.0,3547.0,99.885,26663.0,1417.0,99.88,19844.0,936.0,99.875,15331.0,1064.0,99.865,15179.0,1441.0,99.86,20650.0,1196.0,99.85,19106.0,936.0,99.84,15627.0,918.0,99.825,13740.0,1691.0,99.815,11483.0,1595.0,99.8,14170.0,846.0,99.79,11374.0,838.0,99.775,8236.0,704.0,99.755,6739.0,935.0,99.735,3128.0,467.0,99.715,4249.0,1177.0,99.685,3032.0,752.0,99.675,3929.0,329.0,99.65,3698.0,139.0,99.615,1790.0,220.0,99.58,1110.0,73.0,99.555,787.0,68.0,99.51,351.0,22.0,99.485,2483.0,26.0,99.45,1385.0,NaN,99.395,284.0,NaN,99.36,389.0,8.0,99.31,223.0,10.0,99.235,107.0,3.0,99.195,99.155,99.08,99.035,98.975,NaN,NaN,NaN,NaN,NaN,NaN,NaN,NaN,NaN,NaN,NaN,NaN,NaN,NaN,NaN,NaN,NaN,NaN,NaN,NaN,NaN,NaN,NaN,NaN,NaN,NaN,NaN,NaN,NaN,NaN,NaN
2013-05-30,NaN,NaN,NaN,NaN,NaN,NaN,NaN,NaN,NaN,NaN,NaN,NaN,99.89,61149.0,387.0,99.895,47260.0,3015.0,99.89,30732.0,2586.0,99.89,25851.0,2708.0,99.88,19553.0,880.0,99.875,15427.0,465.0,99.865,15125.0,288.0,99.86,20394.0,864.0,99.85,19102.0,514.0,99.84,15908.0,887.0,99.83,13716.0,126.0,99.815,11910.0,582.0,99.805,14702.0,1036.0,99.79,11588.0,406.0,99.775,8406.0,345.0,99.755,6665.0,425.0,99.735,3185.0,458.0,99.715,4300.0,659.0,99.685,3023.0,436.0,99.675,3959.0,215.0,99.65,3740.0,51.0,99.615,1790.0,30.0,99.58,1110.0,NaN,99.555,787.0,NaN,99.51,342.0,9.0,99.485,2469.0,17.0,99.45,1399.0,14.0,99.395,284.0,NaN,99.36,390.0,1.0,99.31,235.0,13.0,99.24,107.0,NaN,99.2,99.16,99.09,99.045,98.99,NaN,NaN,NaN,NaN,NaN,NaN,NaN,NaN,NaN,NaN,NaN,NaN,NaN,NaN,NaN,NaN,NaN,NaN,NaN,NaN,NaN,NaN,NaN,NaN,NaN,NaN,NaN,NaN,NaN,NaN,NaN
2013-05-31,NaN,NaN,NaN,NaN,NaN,NaN,NaN,NaN,NaN,NaN,NaN,NaN,99.89,61153.0,101.0,99.895,48468.0,5075.0,99.89,31624.0,5718.0,99.885,25797.0,4624.0,99.875,21305.0,7532.0,99.87,16153.0,2683.0,99.86,14887.0,856.0,99.855,20161.0,1239.0,99.845,19117.0,716.0,99.835,15920.0,728.0,99.82,13525.0,651.0,99.805,12911.0,2474.0,99.795,15173.0,1396.0,99.78,11684.0,1312.0,99.765,8471.0,850.0,99.745,6757.0,532.0,99.725,3492.0,968.0,99.705,4604.0,1347.0,99.675,2736.0,693.0,99.66,3931.0,732.0,99.635,3757.0,349.0,99.6,1984.0,355.0,99.565,1125.0,96.0,99.54,742.0,100.0,99.495,424.0,121.0,99.47,2372.0,183.0,99.435,1396.0,25.0,99.375,279.0,10.0,99.34,404.0,17.0,99.29,231.0,16.0,99.22,104.0,6.0,99.18,99.14,99.06,99.015,98.955,NaN,NaN,NaN,NaN,NaN,NaN,NaN,NaN,NaN,NaN,NaN,NaN,NaN,NaN,NaN,NaN,NaN,NaN,NaN,NaN,NaN,NaN,NaN,NaN,NaN,NaN,NaN,NaN,NaN,NaN,NaN
2013-06-03,NaN,NaN,NaN,NaN,NaN,NaN,NaN,NaN,NaN,NaN,NaN,NaN,NaN,NaN,NaN,99.8975,48962.0,2254.0,99.89,31534.0,1859.0,99.885,25898.0,3018.0,99.875,20753.0,2014.0,99.87,16116.0,909.0,99.86,14775.0,443.0,99.855,19893.0,694.0,99.85,19126.0,934.0,99.84,16190.0,1527.0,99.825,13460.0,679.0,99.815,12861.0,1993.0,99.8,14856.0,1217.0,99.79,11623.0,1007.0,99.775,8359.0,1253.0,99.755,6687.0,1554.0,99.735,3633.0,1305.0,99.715,4321.0,1572.0,99.685,2650.0,422.0,99.67,3995.0,148.0,99.645,3786.0,122.0,99.61,2235.0,373.0,99.58,1103.0,25.0,99.555,751.0,46.0,99.51,501.0,198.0,99.485,2498.0,514.0,99.45,1303.0,87.0,99.39,279.0,4.0,99.355,407.0,3.0,99.305,231.0,NaN,99.235,104.0,3.0,99.195,99.155,99.075,99.03,98.97,98.895,NaN,NaN,NaN,NaN,NaN,NaN,NaN,NaN,NaN,NaN,NaN,NaN,NaN,NaN,NaN,NaN,NaN,NaN,NaN,NaN,NaN,NaN,NaN,NaN,NaN,NaN,NaN,NaN,NaN,NaN
2013-06-04,NaN,NaN,NaN,NaN,NaN,NaN,NaN,NaN,NaN,NaN,NaN,NaN,NaN,NaN,NaN,99.8975,48862.0,4153.0,99.89,31814.0,432.0,99.885,26481.0,671.0,99.88,20772.0,267.0,99.875,16283.0,413.0,99.87,15238.0,1754.0,99.865,19921.0,666.0,99.86,18962.0,422.0,99.845,16167.0,456.0,99.835,13449.0,358.0,99.82,13031.0,445.0,99.81,15069.0,770.0,99.8,11674.0,424.0,99.785,8306.0,192.0,99.765,7089.0,679.0,99.745,4003.0,472.0,99.725,4298.0,667.0,99.695,2705.0,414.0,99.68,4019.0,246.0,99.655,3811.0,468.0,99.62,2334.0,264.0,99.58,1162.0,116.0,99.555,858.0,135.0,99.505,766.0,554.0,99.48,2529.0,71.0,99.445,1302.0,6.0,99.385,275.0,5.0,99.35,407.0,5.0,99.3,231.0,NaN,99.23,106.0,5.0,99.19,99.145,99.065,99.02,98.96,98.885,NaN,NaN,NaN,NaN,NaN,NaN,NaN,NaN,NaN,NaN,NaN,NaN,NaN,NaN,NaN,NaN,NaN,NaN,NaN,NaN,NaN,NaN,NaN,NaN,NaN,NaN,NaN,NaN,NaN,NaN
2013-06-05,NaN,NaN,NaN,NaN,NaN,NaN,NaN,NaN,NaN,NaN,NaN,NaN,NaN,NaN,NaN,99.8975,48261.0,3135.0,99.89,32040.0,927.0,99.885,26417.0,84.0,99.88,20773.0,163.0,99.875,16232.0,133.0,99.87,15185.0,982.0,99.865,19988.0,650.0,99.86,18441.0,908.0,99.845,15981.0,815.0,99.835,13466.0,244.0,99.82,13414.0,493.0,99.81,15126.0,193.0,99.8,11774.0,271.0,99.785,8260.0,333.0,99.765,7252.0,625.0,99.745,3967.0,313.0,99.73,4333.0,495.0,99.7,2940.0,441.0,99.69,4268.0,336.0,99.665,3943.0,213.0,99.63,2311.0,36.0,99.595,1165.0,32.0,99.565,959.0,154.0,99.515,1060.0,311.0,99.49,2567.0,40.0,99.455,1312.0,13.0,99.395,276.0,2.0,99.36,407.0,NaN,99.315,228.0,8.0,99.245,107.0,10.0,99.205,99.16,99.085,99.04,98.985,98.91,NaN,NaN,NaN,NaN,NaN,NaN,NaN,NaN,NaN,NaN,NaN,NaN,NaN,NaN,NaN,NaN,NaN,NaN,NaN,NaN,NaN,NaN,NaN,NaN,NaN,NaN,NaN,NaN,NaN,NaN
2013-06-06,NaN,NaN,NaN,NaN,NaN,NaN,NaN,NaN,NaN,NaN,NaN,NaN,NaN,NaN,NaN,99.8975,50757.0,3980.0,99.89,31238.0,1232.0,99.885,26307.0,1153.0,99.88,20711.0,473.0,99.875,16229.0,112.0,99.87,15193.0,214.0,99.865,19821.0,554.0,99.86,19014.0,803.0,99.845,16073.0,817.0,99.835,13693.0,1026.0,99.82,13639.0,571.0,99.81,15107.0,372.0,99.8,11824.0,180.0,99.785,8170.0,335.0,99.765,7370.0,901.0,99.745,4044.0,334.0,99.73,4321.0,548.0,99.705,2942.0,442.0,99.695,4168.0,294.0,99.675,3923.0,107.0,99.64,2157.0,326.0,99.605,1229.0,114.0,99.575,983.0,51.0,99.53,1068.0,27.0,99.505,2568.0,14.0,99.47,1320.0,14.0,99.41,274.0,16.0,99.375,410.0,18.0,99.33,231.0,12.0,99.26,111.0,8.0,99.22,99.175,99.1,99.055,99.0,98.925,NaN,NaN,NaN,NaN,NaN,NaN,NaN,NaN,NaN,NaN,NaN,NaN,NaN,NaN,NaN,NaN,NaN,NaN,NaN,NaN,NaN,NaN,NaN,NaN,NaN,NaN,NaN,NaN,NaN,NaN
2013-06-07,NaN,NaN,NaN,NaN,NaN,NaN,NaN,NaN,NaN,NaN,NaN,NaN,NaN,NaN,NaN,99.9025,51266.0,679.0,99.89,31682.0,1578.0,99.885,26292.0,977.0,99.88,20819.0,1285.0,99.875,16282.0,1280.0,99.87,15503.0,1236.0,99.865,19774.0,109.0,99.86,19129.0,402.0,99.845,16330.0,1066.0,99.835,13574.0,612.0,99.82,14358.0,1378.0,99.81,15088.0,721.0,99.795,12079.0,576.0,99.78,8269.0,532.0,99.755,7316.0,514.0,99.735,4179.0,277.0,99.72,4174.0,1112.0,99.69,3057.0,1563.0,99.675,4092.0,629.0,99.65,3801.0,301.0,99.605,2198.0,212.0,99.57,1275.0,58.0,99.535,993.0,69.0,99.49,1083.0,36.0,99.465,2545.0,32.0,99.42,1322.0,14.0,99.355,274.0,3.0,99.31,410.0,5.0,99.265,231.0,NaN,99.19,115.0,4.0,99.145,99.1,99.02,98.965,98.91,98.835,NaN,NaN,NaN,NaN,NaN,NaN,NaN,NaN,NaN,NaN,NaN,NaN,NaN,NaN,NaN,NaN,NaN,NaN,NaN,NaN,NaN,NaN,NaN,NaN,NaN,NaN,NaN,NaN,NaN,NaN
2013-06-10,NaN,NaN,NaN,NaN,NaN,NaN,NaN,NaN,NaN,NaN,NaN,NaN,NaN,NaN,NaN,99.905,51485.0,762.0,99.895,32883.0,2482.0,99.885,25940.0,2083.0,99.88,20887.0,2073.0,99.875,16645.0,1759.0,99.87,15700.0,1225.0,99.865,20120.0,1545.0,99.855,19067.0,1114.0,99.845,16743.0,1576.0,99.83,13298.0,667.0,99.82,14724.0,956.0,99.805,14720.0,1686.0,99.79,11715.0,833.0,99.775,8219.0,564.0,99.75,7481.0,1004.0,99.725,4291.0,551.0,99.705,4577.0,938.0,99.67,3109.0,670.0,99.65,3871.0,948.0,99.625,3648.0,298.0,99.58,2580.0,574.0,99.545,1341.0,138.0,99.505,969.0,84.0,99.455,1092.0,83.0,99.425,2520.0,36.0,99.38,1322.0,10.0,99.305,259.0,20.0,99.26,410.0,13.0,99.21,231.0,NaN,99.135,120.0,14.0,99.085,99.035,98.955,98.9,98.84,98.76,NaN,NaN,NaN,NaN,NaN,NaN,NaN,NaN,NaN,NaN,NaN,NaN,NaN,NaN,NaN,NaN,NaN,NaN,NaN,NaN,NaN,NaN,NaN,NaN,NaN,NaN,NaN,NaN,NaN,NaN
2013-06-11,NaN,NaN,NaN,NaN,NaN,NaN,NaN,NaN,NaN,NaN,NaN,NaN,NaN,NaN,NaN,99.905,51462.0,116.0,99.895,33631.0,1400.0,99.885,26051.0,323.0,99.88,20778.0,904.0,99.875,16546.0,1123.0,99.87,15844.0,1663.0,99.865,20295.0,1416.0,99.86,18845.0,1034.0,99.845,16444.0,1482.0,99.835,13205.0,1844.0,99.82,14086.0,2286.0,99.805,15531.0,3116.0,99.79,11875.0,1805.0,99.775,8277.0,1885.0,99.745,7760.0,1756.0,99.72,4463.0,1351.0,99.7,5478.0,2175.0,99.665,3725.0,1954.0,99.645,3835.0,717.0,99.62,3652.0,203.0,99.575,2740.0,454.0,99.54,1389.0,337.0,99.5,1077.0,223.0,99.45,1285.0,255.0,99.42,2498.0,532.0,99.375,1443.0,122.0,99.305,259.0,4.0,99.26,409.0,7.0,99.215,233.0,6.0,99.14,122.0,8.0,99.09,99.045,98.965,98.91,98.85,98.77,NaN,NaN,NaN,NaN,NaN,NaN,NaN,NaN,NaN,NaN,NaN,NaN,NaN,NaN,NaN,NaN,NaN,NaN,NaN,NaN,NaN,NaN,NaN,NaN,NaN,NaN,NaN,NaN,NaN,NaN
2013-06-12,NaN,NaN,NaN,NaN,NaN,NaN,NaN,NaN,NaN,NaN,NaN,NaN,NaN,NaN,NaN,99.905,50970.0,1150.0,99.895,34480.0,1873.0,99.885,26114.0,694.0,99.88,20768.0,516.0,99.875,16589.0,282.0,99.87,15884.0,1034.0,99.865,20065.0,1366.0,99.86,19037.0,366.0,99.845,16457.0,667.0,99.835,13101.0,548.0,99.82,14220.0,338.0,99.805,15576.0,328.0,99.785,11775.0,383.0,99.77,8183.0,598.0,99.74,7811.0,775.0,99.715,4692.0,452.0,99.695,5505.0,634.0,99.66,3797.0,596.0,99.64,3979.0,239.0,99.615,3731.0,181.0,99.57,2802.0,185.0,99.535,1499.0,119.0,99.495,1082.0,25.0,99.445,1290.0,19.0,99.415,2499.0,1.0,99.37,1443.0,2.0,99.3,261.0,8.0,99.255,405.0,4.0,99.21,233.0,NaN,99.135,126.0,4.0,99.085,99.04,98.96,98.905,98.845,98.765,NaN,NaN,NaN,NaN,NaN,NaN,NaN,NaN,NaN,NaN,NaN,NaN,NaN,NaN,NaN,NaN,NaN,NaN,NaN,NaN,NaN,NaN,NaN,NaN,NaN,NaN,NaN,NaN,NaN,NaN
2013-06-13,NaN,NaN,NaN,NaN,NaN,NaN,NaN,NaN,NaN,NaN,NaN,NaN,NaN,NaN,NaN,99.9075,50910.0,124.0,99.895,34991.0,1230.0,99.885,25955.0,1288.0,99.88,20183.0,1428.0,99.88,15642.0,2031.0,99.875,15865.0,1084.0,99.87,20253.0,1427.0,99.87,19760.0,1920.0,99.855,17168.0,1135.0,99.845,13109.0,792.0,99.83,14345.0,952.0,99.815,15545.0,644.0,99.8,11681.0,622.0,99.785,8141.0,535.0,99.755,7563.0,778.0,99.735,4725.0,415.0,99.72,5506.0,567.0,99.685,3925.0,436.0,99.665,3997.0,649.0,99.64,3700.0,377.0,99.595,2784.0,195.0,99.56,1499.0,37.0,99.52,1102.0,52.0,99.47,1336.0,59.0,99.44,2542.0,49.0,99.395,1443.0,NaN,99.325,261.0,4.0,99.285,405.0,2.0,99.24,236.0,3.0,99.165,126.0,NaN,99.115,99.08,99.0,98.945,98.89,98.81,NaN,NaN,NaN,NaN,NaN,NaN,NaN,NaN,NaN,NaN,NaN,NaN,NaN,NaN,NaN,NaN,NaN,NaN,NaN,NaN,NaN,NaN,NaN,NaN,NaN,NaN,NaN,NaN,NaN,NaN
2013-06-14,NaN,NaN,NaN,NaN,NaN,NaN,NaN,NaN,NaN,NaN,NaN,NaN,NaN,NaN,NaN,99.9075,50874.0,182.0,99.895,35357.0,1745.0,99.89,27364.0,3040.0,99.885,21244.0,2668.0,99.88,16225.0,2272.0,99.88,15998.0,1933.0,99.875,19678.0,1398.0,99.875,20445.0,1167.0,99.865,17316.0,1181.0,99.855,13070.0,603.0,99.845,14120.0,951.0,99.835,15496.0,632.0,99.825,11868.0,596.0,99.81,8412.0,465.0,99.79,7394.0,921.0,99.775,5243.0,1678.0,99.76,6184.0,1298.0,99.725,4113.0,743.0,99.705,3629.0,854.0,99.69,3721.0,142.0,99.655,2668.0,281.0,99.62,1560.0,87.0,99.585,1104.0,7.0,99.54,1343.0,11.0,99.51,2548.0,6.0,99.47,1443.0,NaN,99.41,266.0,5.0,99.37,402.0,3.0,99.325,236.0,NaN,99.25,125.0,7.0,99.205,99.17,99.09,99.035,98.98,98.905,NaN,NaN,NaN,NaN,NaN,NaN,NaN,NaN,NaN,NaN,NaN,NaN,NaN,NaN,NaN,NaN,NaN,NaN,NaN,NaN,NaN,NaN,NaN,NaN,NaN,NaN,NaN,NaN,NaN,NaN
2013-06-17,NaN,NaN,NaN,NaN,NaN,NaN,NaN,NaN,NaN,NaN,NaN,NaN,NaN,NaN,NaN,99.9075,49577.0,2311.0,99.895,35875.0,2298.0,99.89,27832.0,3183.0,99.885,21986.0,1761.0,99.88,15749.0,1930.0,99.88,15809.0,970.0,99.88,20015.0,1347.0,99.88,20734.0,2323.0,99.87,17891.0,1042.0,99.865,13155.0,893.0,99.855,14342.0,889.0,99.845,15756.0,1434.0,99.83,12492.0,1241.0,99.82,8363.0,433.0,99.8,7024.0,636.0,99.785,5316.0,268.0,99.77,6175.0,574.0,99.74,4103.0,501.0,99.72,3536.0,237.0,99.705,3721.0,61.0,99.67,2598.0,143.0,99.635,1564.0,10.0,99.6,1105.0,3.0,99.555,1343.0,1.0,99.525,2548.0,NaN,99.485,1443.0,NaN,99.425,266.0,NaN,99.385,402.0,NaN,99.34,236.0,NaN,99.26,125.0,NaN,99.21,99.17,99.085,99.03,98.975,98.9,NaN,NaN,NaN,NaN,NaN,NaN,NaN,NaN,NaN,NaN,NaN,NaN,NaN,NaN,NaN,NaN,NaN,NaN,NaN,NaN,NaN,NaN,NaN,NaN,NaN,NaN,NaN,NaN,NaN,NaN
2013-06-18,NaN,NaN,NaN,NaN,NaN,NaN,NaN,NaN,NaN,NaN,NaN,NaN,NaN,NaN,NaN,99.9075,49186.0,1010.0,99.895,36285.0,3713.0,99.89,29010.0,1552.0,99.885,22725.0,1344.0,99.88,15776.0,127.0,99.88,15817.0,263.0,99.88,20049.0,76.0,99.88,20802.0,287.0,99.87,17859.0,370.0,99.865,13371.0,550.0,99.855,15120.0,1286.0,99.845,15984.0,756.0,99.83,12780.0,506.0,99.82,8443.0,384.0,99.8,6925.0,610.0,99.785,6192.0,1223.0,99.77,6131.0,334.0,99.74,4005.0,428.0,99.72,3417.0,203.0,99.705,3740.0,55.0,99.67,2566.0,85.0,99.635,1719.0,173.0,99.6,1118.0,37.0,99.555,1428.0,102.0,99.525,2548.0,14.0,99.485,1441.0,10.0,99.425,266.0,2.0,99.385,402.0,NaN,99.34,236.0,5.0,99.26,125.0,10.0,99.21,99.17,99.085,99.03,98.975,98.9,NaN,NaN,NaN,NaN,NaN,NaN,NaN,NaN,NaN,NaN,NaN,NaN,NaN,NaN,NaN,NaN,NaN,NaN,NaN,NaN,NaN,NaN,NaN,NaN,NaN,NaN,NaN,NaN,NaN,NaN
2013-06-19,NaN,NaN,NaN,NaN,NaN,NaN,NaN,NaN,NaN,NaN,NaN,NaN,NaN,NaN,NaN,99.9025,48949.0,4080.0,99.89,35979.0,1381.0,99.885,29223.0,954.0,99.88,23685.0,2006.0,99.88,16684.0,2679.0,99.87,16582.0,1960.0,99.87,20312.0,1716.0,99.87,21553.0,1449.0,99.86,17933.0,1756.0,99.845,13390.0,557.0,99.835,15156.0,698.0,99.82,16387.0,1164.0,99.81,13062.0,2282.0,99.8,8885.0,1564.0,99.78,6133.0,1865.0,99.76,6419.0,2490.0,99.74,6476.0,2362.0,99.705,4373.0,1243.0,99.685,3414.0,704.0,99.66,3825.0,490.0,99.62,2644.0,170.0,99.585,1906.0,222.0,99.55,1208.0,194.0,99.485,1459.0,111.0,99.445,2552.0,63.0,99.39,1465.0,46.0,99.3,259.0,33.0,99.23,390.0,26.0,99.17,236.0,13.0,99.09,114.0,11.0,99.02,98.97,98.875,98.81,98.745,98.66,NaN,NaN,NaN,NaN,NaN,NaN,NaN,NaN,NaN,NaN,NaN,NaN,NaN,NaN,NaN,NaN,NaN,NaN,NaN,NaN,NaN,NaN,NaN,NaN,NaN,NaN,NaN,NaN,NaN,NaN
2013-06-20,NaN,NaN,NaN,NaN,NaN,NaN,NaN,NaN,NaN,NaN,NaN,NaN,NaN,NaN,NaN,99.9025,49383.0,939.0,99.885,36666.0,1671.0,99.88,29539.0,2238.0,99.875,23171.0,1117.0,99.875,16391.0,2420.0,99.87,16594.0,1032.0,99.865,20117.0,1145.0,99.865,21840.0,1027.0,99.85,17738.0,1109.0,99.84,13277.0,726.0,99.825,15320.0,759.0,99.81,16152.0,1012.0,99.8,12533.0,2435.0,99.785,8856.0,1714.0,99.755,6895.0,2282.0,99.735,6707.0,2431.0,99.715,6942.0,1594.0,99.67,4442.0,1307.0,99.64,3201.0,1030.0,99.61,3779.0,135.0,99.56,2659.0,132.0,99.515,1982.0,132.0,99.475,1204.0,72.0,99.41,1464.0,80.0,99.37,2537.0,133.0,99.315,1363.0,134.0,99.225,207.0,80.0,99.16,388.0,56.0,99.1,233.0,36.0,99.005,114.0,24.0,98.935,98.88,98.775,98.71,98.64,98.535,NaN,NaN,NaN,NaN,NaN,NaN,NaN,NaN,NaN,NaN,NaN,NaN,NaN,NaN,NaN,NaN,NaN,NaN,NaN,NaN,NaN,NaN,NaN,NaN,NaN,NaN,NaN,NaN,NaN,NaN
2013-06-21,NaN,NaN,NaN,NaN,NaN,NaN,NaN,NaN,NaN,NaN,NaN,NaN,NaN,NaN,NaN,99.9025,47748.0,2401.0,99.885,36882.0,2627.0,99.875,29841.0,1475.0,99.87,23809.0,2432.0,99.865,16246.0,1235.0,99.86,16662.0,922.0,99.855,19778.0,3010.0,99.85,21842.0,1967.0,99.835,17322.0,2381.0,99.82,13433.0,1595.0,99.805,14633.0,3239.0,99.785,16014.0,3127.0,99.77,12016.0,2282.0,99.75,8746.0,1093.0,99.715,7018.0,1390.0,99.695,6610.0,1421.0,99.67,6898.0,799.0,99.625,4691.0,1303.0,99.595,3614.0,1452.0,99.565,3792.0,376.0,99.505,2624.0,530.0,99.46,2245.0,390.0,99.42,1205.0,169.0,99.355,1571.0,182.0,99.315,2540.0,57.0,99.26,1312.0,89.0,99.165,215.0,44.0,99.1,388.0,24.0,99.035,232.0,27.0,98.93,113.0,48.0,98.86,98.795,98.685,98.62,98.54,98.435,NaN,NaN,NaN,NaN,NaN,NaN,NaN,NaN,NaN,NaN,NaN,NaN,NaN,NaN,NaN,NaN,NaN,NaN,NaN,NaN,NaN,NaN,NaN,NaN,NaN,NaN,NaN,NaN,NaN,NaN
2013-06-24,NaN,NaN,NaN,NaN,NaN,NaN,NaN,NaN,NaN,NaN,NaN,NaN,NaN,NaN,NaN,99.9025,48309.0,1268.0,99.885,36662.0,5083.0,99.875,28645.0,5464.0,99.865,23255.0,7501.0,99.855,13939.0,7590.0,99.845,16917.0,6081.0,99.84,18670.0,5679.0,99.83,21829.0,3126.0,99.815,16787.0,4517.0,99.795,13557.0,2677.0,99.78,15582.0,4922.0,99.755,16572.0,3422.0,99.745,11442.0,3279.0,99.725,8654.0,2461.0,99.69,6929.0,1865.0,99.67,6566.0,1883.0,99.645,7096.0,1567.0,99.605,4879.0,1583.0,99.58,3876.0,1364.0,99.55,3793.0,726.0,99.495,2509.0,730.0,99.455,1861.0,916.0,99.415,1188.0,384.0,99.35,1488.0,311.0,99.31,2405.0,330.0,99.255,1312.0,32.0,99.16,209.0,7.0,99.095,378.0,10.0,99.03,231.0,2.0,98.93,111.0,4.0,98.875,98.81,98.7,98.635,98.555,98.445,NaN,NaN,NaN,NaN,NaN,NaN,NaN,NaN,NaN,NaN,NaN,NaN,NaN,NaN,NaN,NaN,NaN,NaN,NaN,NaN,NaN,NaN,NaN,NaN,NaN,NaN,NaN,NaN,NaN,NaN
2013-06-25,NaN,NaN,NaN,NaN,NaN,NaN,NaN,NaN,NaN,NaN,NaN,NaN,NaN,NaN,NaN,99.9025,48066.0,610.0,99.885,38346.0,3441.0,99.875,30032.0,3205.0,99.865,23419.0,4267.0,99.855,13985.0,5432.0,99.845,16505.0,4172.0,99.835,17627.0,2268.0,99.825,21885.0,2691.0,99.81,17718.0,4123.0,99.79,14164.0,2986.0,99.775,15692.0,3771.0,99.755,16022.0,2890.0,99.74,12339.0,2663.0,99.72,8700.0,1979.0,99.685,6888.0,1443.0,99.665,6806.0,1054.0,99.635,6989.0,926.0,99.59,5061.0,1062.0,99.565,4032.0,501.0,99.53,3815.0,296.0,99.475,2262.0,459.0,99.435,1803.0,341.0,99.395,1155.0,151.0,99.33,1480.0,84.0,99.29,2399.0,14.0,99.235,1322.0,10.0,99.14,196.0,NaN,99.075,363.0,NaN,99.01,206.0,NaN,98.91,110.0,1.0,98.855,98.79,98.68,98.615,98.525,98.405,NaN,NaN,NaN,NaN,NaN,NaN,NaN,NaN,NaN,NaN,NaN,NaN,NaN,NaN,NaN,NaN,NaN,NaN,NaN,NaN,NaN,NaN,NaN,NaN,NaN,NaN,NaN,NaN,NaN,NaN
2013-06-26,NaN,NaN,NaN,NaN,NaN,NaN,NaN,NaN,NaN,NaN,NaN,NaN,NaN,NaN,NaN,99.9025,47485.0,3203.0,99.885,39012.0,7604.0,99.875,30611.0,6056.0,99.865,23899.0,1676.0,99.855,14121.0,1200.0,99.845,16491.0,1522.0,99.84,17967.0,1635.0,99.83,21922.0,2112.0,99.82,18288.0,2850.0,99.805,14267.0,1683.0,99.79,15401.0,1447.0,99.765,16696.0,2319.0,99.75,12572.0,1979.0,99.73,8721.0,924.0,99.7,6875.0,700.0,99.68,6984.0,903.0,99.655,7087.0,615.0,99.61,5143.0,607.0,99.585,4146.0,472.0,99.55,3899.0,573.0,99.5,2190.0,442.0,99.465,1288.0,657.0,99.425,1004.0,480.0,99.355,1404.0,248.0,99.315,2426.0,107.0,99.265,1292.0,163.0,99.17,186.0,10.0,99.105,357.0,7.0,99.045,206.0,NaN,98.945,110.0,NaN,98.89,98.825,98.71,98.645,98.555,98.435,NaN,NaN,NaN,NaN,NaN,NaN,NaN,NaN,NaN,NaN,NaN,NaN,NaN,NaN,NaN,NaN,NaN,NaN,NaN,NaN,NaN,NaN,NaN,NaN,NaN,NaN,NaN,NaN,NaN,NaN
2013-06-27,NaN,NaN,NaN,NaN,NaN,NaN,NaN,NaN,NaN,NaN,NaN,NaN,NaN,NaN,NaN,99.9025,47700.0,568.0,99.885,39940.0,3100.0,99.88,30816.0,1249.0,99.87,24112.0,1181.0,99.865,14426.0,674.0,99.855,16335.0,865.0,99.85,18164.0,1204.0,99.845,21820.0,378.0,99.835,18383.0,688.0,99.82,14047.0,860.0,99.81,15273.0,1105.0,99.79,16537.0,1014.0,99.775,12588.0,1057.0,99.755,8685.0,1269.0,99.735,6623.0,748.0,99.72,7056.0,863.0,99.695,7312.0,616.0,99.66,5271.0,453.0,99.64,4188.0,279.0,99.605,3940.0,281.0,99.555,2070.0,353.0,99.525,1012.0,462.0,99.485,1016.0,175.0,99.415,1396.0,13.0,99.375,2426.0,10.0,99.33,1302.0,10.0,99.24,186.0,NaN,99.18,357.0,1.0,99.12,206.0,NaN,99.02,110.0,NaN,98.965,98.895,98.78,98.715,98.625,98.51,NaN,NaN,NaN,NaN,NaN,NaN,NaN,NaN,NaN,NaN,NaN,NaN,NaN,NaN,NaN,NaN,NaN,NaN,NaN,NaN,NaN,NaN,NaN,NaN,NaN,NaN,NaN,NaN,NaN,NaN
2013-06-28,NaN,NaN,NaN,NaN,NaN,NaN,NaN,NaN,NaN,NaN,NaN,NaN,NaN,NaN,NaN,99.905,47247.0,2695.0,99.89,41361.0,2529.0,99.885,31893.0,2398.0,99.875,24473.0,770.0,99.87,14296.0,217.0,99.86,16341.0,354.0,99.85,17925.0,795.0,99.845,21899.0,585.0,99.835,18445.0,721.0,99.82,14162.0,683.0,99.81,15028.0,1049.0,99.785,16638.0,1120.0,99.775,12352.0,956.0,99.755,8714.0,847.0,99.735,6562.0,326.0,99.72,7114.0,759.0,99.695,7201.0,982.0,99.66,5494.0,771.0,99.64,4326.0,247.0,99.605,3965.0,147.0,99.555,2031.0,135.0,99.525,958.0,110.0,99.485,1050.0,41.0,99.415,1426.0,34.0,99.375,2450.0,26.0,99.33,1321.0,19.0,99.24,186.0,NaN,99.185,357.0,NaN,99.125,206.0,NaN,99.025,110.0,NaN,98.97,98.9,98.785,98.72,98.63,98.515,NaN,NaN,NaN,NaN,NaN,NaN,NaN,NaN,NaN,NaN,NaN,NaN,NaN,NaN,NaN,NaN,NaN,NaN,NaN,NaN,NaN,NaN,NaN,NaN,NaN,NaN,NaN,NaN,NaN,NaN
2013-07-01,NaN,NaN,NaN,NaN,NaN,NaN,NaN,NaN,NaN,NaN,NaN,NaN,NaN,NaN,NaN,NaN,NaN,NaN,99.895,41496.0,1793.0,99.89,32299.0,1091.0,99.88,24545.0,461.0,99.875,14227.0,1300.0,99.865,16932.0,1133.0,99.855,18534.0,697.0,99.85,21785.0,629.0,99.84,18834.0,890.0,99.825,14533.0,992.0,99.81,14666.0,813.0,99.795,16907.0,839.0,99.78,11761.0,1349.0,99.765,8940.0,856.0,99.745,6745.0,630.0,99.73,7057.0,550.0,99.705,7254.0,280.0,99.67,5641.0,331.0,99.65,4337.0,116.0,99.615,3981.0,155.0,99.575,2067.0,119.0,99.545,855.0,134.0,99.505,1069.0,44.0,99.435,1445.0,35.0,99.395,2440.0,42.0,99.345,1321.0,10.0,99.255,186.0,NaN,99.195,357.0,NaN,99.135,206.0,NaN,99.035,110.0,NaN,98.975,98.895,98.78,98.715,98.625,98.51,98.44,NaN,NaN,NaN,NaN,NaN,NaN,NaN,NaN,NaN,NaN,NaN,NaN,NaN,NaN,NaN,NaN,NaN,NaN,NaN,NaN,NaN,NaN,NaN,NaN,NaN,NaN,NaN,NaN,NaN
2013-07-02,NaN,NaN,NaN,NaN,NaN,NaN,NaN,NaN,NaN,NaN,NaN,NaN,NaN,NaN,NaN,NaN,NaN,NaN,99.9,41199.0,1481.0,99.895,33462.0,2079.0,99.885,24850.0,2854.0,99.88,14053.0,808.0,99.87,17357.0,1213.0,99.86,18593.0,877.0,99.855,21867.0,920.0,99.84,18843.0,378.0,99.825,13761.0,1375.0,99.81,14885.0,526.0,99.795,16975.0,515.0,99.78,11754.0,204.0,99.765,8972.0,1674.0,99.745,6686.0,422.0,99.73,7576.0,961.0,99.705,7423.0,434.0,99.67,5519.0,759.0,99.65,4354.0,78.0,99.615,3979.0,126.0,99.575,1797.0,408.0,99.54,783.0,366.0,99.495,1157.0,297.0,99.425,1438.0,66.0,99.385,2436.0,33.0,99.335,1317.0,4.0,99.245,186.0,NaN,99.185,357.0,NaN,99.125,206.0,NaN,99.025,110.0,NaN,98.965,98.885,98.77,98.705,98.63,98.515,98.445,NaN,NaN,NaN,NaN,NaN,NaN,NaN,NaN,NaN,NaN,NaN,NaN,NaN,NaN,NaN,NaN,NaN,NaN,NaN,NaN,NaN,NaN,NaN,NaN,NaN,NaN,NaN,NaN,NaN
2013-07-03,NaN,NaN,NaN,NaN,NaN,NaN,NaN,NaN,NaN,NaN,NaN,NaN,NaN,NaN,NaN,NaN,NaN,NaN,99.9,41168.0,2415.0,99.895,32942.0,1520.0,99.885,25030.0,1352.0,99.875,14205.0,1242.0,99.865,17457.0,616.0,99.855,18766.0,3698.0,99.845,21465.0,1676.0,99.835,19088.0,1939.0,99.82,14043.0,1499.0,99.805,14525.0,2015.0,99.785,17290.0,1400.0,99.77,11894.0,4348.0,99.755,8896.0,3880.0,99.73,6602.0,1397.0,99.715,7770.0,1198.0,99.69,7596.0,891.0,99.655,5566.0,812.0,99.635,4411.0,344.0,99.6,3980.0,350.0,99.555,1786.0,326.0,99.52,754.0,107.0,99.475,1191.0,104.0,99.405,1434.0,167.0,99.365,2334.0,155.0,99.315,1312.0,12.0,99.225,186.0,3.0,99.165,357.0,NaN,99.105,206.0,NaN,99.005,110.0,NaN,98.94,98.86,98.745,98.68,98.605,98.49,98.42,NaN,NaN,NaN,NaN,NaN,NaN,NaN,NaN,NaN,NaN,NaN,NaN,NaN,NaN,NaN,NaN,NaN,NaN,NaN,NaN,NaN,NaN,NaN,NaN,NaN,NaN,NaN,NaN,NaN
2013-07-05,NaN,NaN,NaN,NaN,NaN,NaN,NaN,NaN,NaN,NaN,NaN,NaN,NaN,NaN,NaN,NaN,NaN,NaN,99.9,40699.0,840.0,99.895,33396.0,900.0,99.88,25665.0,2432.0,99.875,14878.0,2148.0,99.86,17507.0,1331.0,99.85,18981.0,673.0,99.84,20909.0,980.0,99.825,19391.0,1646.0,99.81,13916.0,848.0,99.79,15383.0,2652.0,99.77,17132.0,762.0,99.75,12085.0,1599.0,99.73,9140.0,1344.0,99.7,7365.0,2004.0,99.68,7796.0,1512.0,99.65,7566.0,1019.0,99.61,5405.0,769.0,99.585,4374.0,303.0,99.54,4027.0,184.0,99.48,1778.0,244.0,99.445,668.0,190.0,99.4,1184.0,43.0,99.31,1482.0,85.0,99.26,2309.0,194.0,99.2,1310.0,194.0,99.09,112.0,92.0,99.025,337.0,20.0,98.95,206.0,NaN,98.84,110.0,2.0,98.765,98.685,98.56,98.48,98.4,98.27,98.185,NaN,NaN,NaN,NaN,NaN,NaN,NaN,NaN,NaN,NaN,NaN,NaN,NaN,NaN,NaN,NaN,NaN,NaN,NaN,NaN,NaN,NaN,NaN,NaN,NaN,NaN,NaN,NaN,NaN
2013-07-08,NaN,NaN,NaN,NaN,NaN,NaN,NaN,NaN,NaN,NaN,NaN,NaN,NaN,NaN,NaN,NaN,NaN,NaN,99.9,40091.0,1981.0,99.895,33223.0,867.0,99.885,25934.0,714.0,99.875,15082.0,309.0,99.865,17363.0,587.0,99.855,18993.0,438.0,99.845,20553.0,893.0,99.835,18550.0,1645.0,99.82,13937.0,756.0,99.8,15371.0,1601.0,99.785,16552.0,1779.0,99.77,11966.0,1076.0,99.75,9211.0,1313.0,99.72,7342.0,1128.0,99.7,7797.0,514.0,99.67,7332.0,827.0,99.63,5248.0,355.0,99.61,4390.0,299.0,99.57,3963.0,153.0,99.51,1773.0,23.0,99.48,673.0,22.0,99.44,1203.0,22.0,99.365,1521.0,53.0,99.315,2309.0,8.0,99.26,1310.0,NaN,99.16,112.0,NaN,99.1,337.0,NaN,99.03,206.0,NaN,98.92,110.0,NaN,98.855,98.78,98.66,98.585,98.505,98.38,98.305,NaN,NaN,NaN,NaN,NaN,NaN,NaN,NaN,NaN,NaN,NaN,NaN,NaN,NaN,NaN,NaN,NaN,NaN,NaN,NaN,NaN,NaN,NaN,NaN,NaN,NaN,NaN,NaN,NaN
2013-07-09,NaN,NaN,NaN,NaN,NaN,NaN,NaN,NaN,NaN,NaN,NaN,NaN,NaN,NaN,NaN,NaN,NaN,NaN,99.9,40036.0,118.0,99.895,33046.0,303.0,99.885,25926.0,84.0,99.875,14997.0,832.0,99.865,17345.0,447.0,99.855,18961.0,162.0,99.85,20508.0,649.0,99.835,18439.0,1230.0,99.82,14153.0,446.0,99.805,14849.0,1794.0,99.79,16492.0,1060.0,99.775,12162.0,621.0,99.755,9231.0,707.0,99.725,7287.0,501.0,99.705,7735.0,404.0,99.675,6744.0,1027.0,99.635,4932.0,540.0,99.615,4695.0,431.0,99.575,4000.0,98.0,99.515,1746.0,143.0,99.485,672.0,16.0,99.445,1167.0,90.0,99.37,1521.0,55.0,99.325,2309.0,5.0,99.27,1305.0,8.0,99.17,112.0,NaN,99.11,337.0,NaN,99.04,206.0,NaN,98.93,110.0,NaN,98.865,98.79,98.675,98.605,98.525,98.4,98.325,NaN,NaN,NaN,NaN,NaN,NaN,NaN,NaN,NaN,NaN,NaN,NaN,NaN,NaN,NaN,NaN,NaN,NaN,NaN,NaN,NaN,NaN,NaN,NaN,NaN,NaN,NaN,NaN,NaN
2013-07-10,NaN,NaN,NaN,NaN,NaN,NaN,NaN,NaN,NaN,NaN,NaN,NaN,NaN,NaN,NaN,NaN,NaN,NaN,99.9,39798.0,299.0,99.895,32675.0,555.0,99.885,25709.0,379.0,99.875,14831.0,1254.0,99.865,17824.0,1478.0,99.855,18983.0,169.0,99.85,20647.0,532.0,99.835,17911.0,1639.0,99.82,14429.0,1170.0,99.805,12636.0,6860.0,99.79,16186.0,4606.0,99.77,12655.0,2275.0,99.75,9281.0,917.0,99.72,7757.0,1904.0,99.7,7502.0,637.0,99.67,6958.0,728.0,99.63,5125.0,1009.0,99.61,4672.0,650.0,99.57,3990.0,130.0,99.51,1595.0,306.0,99.48,699.0,505.0,99.435,1141.0,186.0,99.36,1421.0,350.0,99.31,2348.0,108.0,99.25,1305.0,2.0,99.15,112.0,NaN,99.09,337.0,NaN,99.02,188.0,18.0,98.91,110.0,NaN,98.845,98.77,98.655,98.585,98.505,98.38,98.305,NaN,NaN,NaN,NaN,NaN,NaN,NaN,NaN,NaN,NaN,NaN,NaN,NaN,NaN,NaN,NaN,NaN,NaN,NaN,NaN,NaN,NaN,NaN,NaN,NaN,NaN,NaN,NaN,NaN
2013-07-11,NaN,NaN,NaN,NaN,NaN,NaN,NaN,NaN,NaN,NaN,NaN,NaN,NaN,NaN,NaN,NaN,NaN,NaN,99.9,39700.0,2179.0,99.895,32644.0,382.0,99.885,25351.0,446.0,99.88,14874.0,314.0,99.87,17512.0,1186.0,99.86,19169.0,336.0,99.855,20678.0,219.0,99.845,17849.0,759.0,99.83,14427.0,183.0,99.82,12556.0,764.0,99.805,16283.0,3500.0,99.79,12591.0,1155.0,99.77,9677.0,1740.0,99.745,7659.0,1159.0,99.725,7879.0,672.0,99.7,7038.0,689.0,99.66,5514.0,738.0,99.64,4637.0,404.0,99.605,3990.0,205.0,99.56,1608.0,122.0,99.53,701.0,34.0,99.485,1122.0,51.0,99.415,1409.0,39.0,99.375,2349.0,4.0,99.32,1302.0,3.0,99.23,112.0,NaN,99.175,337.0,NaN,99.115,188.0,NaN,99.015,110.0,NaN,98.95,98.88,98.765,98.7,98.62,98.51,98.44,NaN,NaN,NaN,NaN,NaN,NaN,NaN,NaN,NaN,NaN,NaN,NaN,NaN,NaN,NaN,NaN,NaN,NaN,NaN,NaN,NaN,NaN,NaN,NaN,NaN,NaN,NaN,NaN,NaN
2013-07-12,NaN,NaN,NaN,NaN,NaN,NaN,NaN,NaN,NaN,NaN,NaN,NaN,NaN,NaN,NaN,NaN,NaN,NaN,99.9,40227.0,608.0,99.895,32637.0,56.0,99.885,25456.0,168.0,99.88,14628.0,396.0,99.87,17511.0,218.0,99.86,19096.0,374.0,99.855,20662.0,122.0,99.845,17867.0,331.0,99.83,14695.0,619.0,99.815,12681.0,663.0,99.8,16661.0,1744.0,99.785,13302.0,1937.0,99.765,10285.0,1637.0,99.74,8198.0,1429.0,99.72,8399.0,1533.0,99.695,7217.0,1185.0,99.655,5576.0,1112.0,99.635,4970.0,1296.0,99.6,3878.0,270.0,99.555,1650.0,136.0,99.525,725.0,201.0,99.48,1108.0,97.0,99.41,1415.0,95.0,99.37,2355.0,26.0,99.315,1302.0,2.0,99.225,114.0,4.0,99.17,339.0,2.0,99.11,188.0,NaN,99.005,110.0,NaN,98.94,98.87,98.755,98.685,98.605,98.49,98.42,NaN,NaN,NaN,NaN,NaN,NaN,NaN,NaN,NaN,NaN,NaN,NaN,NaN,NaN,NaN,NaN,NaN,NaN,NaN,NaN,NaN,NaN,NaN,NaN,NaN,NaN,NaN,NaN,NaN
2013-07-15,NaN,NaN,NaN,NaN,NaN,NaN,NaN,NaN,NaN,NaN,NaN,NaN,NaN,NaN,NaN,NaN,NaN,NaN,99.9025,40243.0,159.0,99.895,32422.0,536.0,99.885,25449.0,9.0,99.88,15111.0,645.0,99.87,17493.0,168.0,99.86,19100.0,46.0,99.855,20646.0,58.0,99.845,17857.0,106.0,99.835,14700.0,172.0,99.82,12746.0,190.0,99.805,16738.0,711.0,99.79,13400.0,291.0,99.77,10172.0,355.0,99.745,7718.0,845.0,99.725,8674.0,725.0,99.7,7132.0,820.0,99.66,5709.0,546.0,99.64,4899.0,313.0,99.605,3902.0,115.0,99.56,1637.0,77.0,99.53,717.0,70.0,99.485,1103.0,24.0,99.425,1423.0,20.0,99.385,2352.0,7.0,99.33,1302.0,NaN,99.24,114.0,NaN,99.185,339.0,1.0,99.125,188.0,NaN,99.02,110.0,5.0,98.955,98.885,98.77,98.705,98.63,98.515,98.445,NaN,NaN,NaN,NaN,NaN,NaN,NaN,NaN,NaN,NaN,NaN,NaN,NaN,NaN,NaN,NaN,NaN,NaN,NaN,NaN,NaN,NaN,NaN,NaN,NaN,NaN,NaN,NaN,NaN
2013-07-16,NaN,NaN,NaN,NaN,NaN,NaN,NaN,NaN,NaN,NaN,NaN,NaN,NaN,NaN,NaN,NaN,NaN,NaN,99.9025,40723.0,500.0,99.895,32655.0,303.0,99.89,25962.0,1338.0,99.885,15133.0,99.0,99.875,17444.0,485.0,99.87,19282.0,1038.0,99.865,20718.0,1196.0,99.855,18256.0,729.0,99.845,14765.0,718.0,99.83,12768.0,142.0,99.815,16380.0,1008.0,99.805,13379.0,252.0,99.79,10200.0,90.0,99.765,7661.0,250.0,99.745,8715.0,274.0,99.725,7216.0,302.0,99.685,6001.0,494.0,99.665,4771.0,439.0,99.635,3890.0,38.0,99.59,1629.0,99.0,99.56,728.0,17.0,99.515,1109.0,12.0,99.455,1427.0,26.0,99.415,2350.0,7.0,99.365,1302.0,NaN,99.28,114.0,NaN,99.225,339.0,NaN,99.165,188.0,NaN,99.06,110.0,5.0,98.995,98.925,98.81,98.745,98.67,98.555,98.485,NaN,NaN,NaN,NaN,NaN,NaN,NaN,NaN,NaN,NaN,NaN,NaN,NaN,NaN,NaN,NaN,NaN,NaN,NaN,NaN,NaN,NaN,NaN,NaN,NaN,NaN,NaN,NaN,NaN
2013-07-17,NaN,NaN,NaN,NaN,NaN,NaN,NaN,NaN,NaN,NaN,NaN,NaN,NaN,NaN,NaN,NaN,NaN,NaN,99.9025,41008.0,360.0,99.895,32694.0,2921.0,99.89,25970.0,318.0,99.885,15388.0,480.0,99.88,17875.0,1977.0,99.875,19096.0,865.0,99.87,20273.0,2370.0,99.86,18535.0,2329.0,99.85,15030.0,1041.0,99.84,13242.0,1846.0,99.825,15868.0,1517.0,99.815,13042.0,966.0,99.8,10122.0,1524.0,99.775,8052.0,1347.0,99.76,8883.0,991.0,99.74,7565.0,1025.0,99.705,5837.0,1281.0,99.685,4789.0,766.0,99.66,3855.0,181.0,99.615,1671.0,118.0,99.585,737.0,121.0,99.545,1121.0,199.0,99.485,1381.0,83.0,99.445,2351.0,3.0,99.395,1302.0,2.0,99.315,114.0,NaN,99.265,339.0,NaN,99.205,188.0,NaN,99.11,110.0,NaN,99.055,98.985,98.875,98.815,98.74,98.63,98.565,NaN,NaN,NaN,NaN,NaN,NaN,NaN,NaN,NaN,NaN,NaN,NaN,NaN,NaN,NaN,NaN,NaN,NaN,NaN,NaN,NaN,NaN,NaN,NaN,NaN,NaN,NaN,NaN,NaN
2013-07-18,NaN,NaN,NaN,NaN,NaN,NaN,NaN,NaN,NaN,NaN,NaN,NaN,NaN,NaN,NaN,NaN,NaN,NaN,99.9025,40851.0,1126.0,99.895,33898.0,1687.0,99.89,25978.0,418.0,99.885,14833.0,617.0,99.88,18023.0,289.0,99.875,19075.0,282.0,99.87,20393.0,211.0,99.86,18536.0,259.0,99.85,15115.0,354.0,99.84,13205.0,775.0,99.825,16047.0,688.0,99.815,13179.0,555.0,99.8,9826.0,450.0,99.775,7882.0,818.0,99.76,8703.0,354.0,99.74,7246.0,432.0,99.705,5898.0,487.0,99.685,4820.0,655.0,99.66,4098.0,511.0,99.615,1661.0,184.0,99.585,802.0,118.0,99.545,1141.0,97.0,99.485,1415.0,79.0,99.445,2443.0,118.0,99.395,1312.0,10.0,99.315,114.0,4.0,99.265,342.0,3.0,99.205,194.0,6.0,99.11,110.0,NaN,99.055,98.985,98.875,98.815,98.74,98.63,98.565,NaN,NaN,NaN,NaN,NaN,NaN,NaN,NaN,NaN,NaN,NaN,NaN,NaN,NaN,NaN,NaN,NaN,NaN,NaN,NaN,NaN,NaN,NaN,NaN,NaN,NaN,NaN,NaN,NaN
2013-07-19,NaN,NaN,NaN,NaN,NaN,NaN,NaN,NaN,NaN,NaN,NaN,NaN,NaN,NaN,NaN,NaN,NaN,NaN,99.9025,41059.0,217.0,99.9,33838.0,261.0,99.89,25996.0,24.0,99.885,14742.0,549.0,99.88,17871.0,542.0,99.875,19300.0,659.0,99.87,20343.0,808.0,99.86,18523.0,587.0,99.85,15029.0,637.0,99.84,12705.0,1487.0,99.825,15743.0,1417.0,99.815,13189.0,417.0,99.8,9738.0,220.0,99.775,7916.0,169.0,99.76,8781.0,349.0,99.74,7278.0,353.0,99.705,5725.0,257.0,99.685,4806.0,104.0,99.66,4081.0,67.0,99.615,1662.0,42.0,99.585,815.0,26.0,99.555,1138.0,23.0,99.495,1415.0,17.0,99.455,2443.0,NaN,99.41,1312.0,NaN,99.335,114.0,NaN,99.285,342.0,NaN,99.23,194.0,NaN,99.135,110.0,NaN,99.08,99.01,98.9,98.84,98.765,98.655,98.59,NaN,NaN,NaN,NaN,NaN,NaN,NaN,NaN,NaN,NaN,NaN,NaN,NaN,NaN,NaN,NaN,NaN,NaN,NaN,NaN,NaN,NaN,NaN,NaN,NaN,NaN,NaN,NaN,NaN
2013-07-22,NaN,NaN,NaN,NaN,NaN,NaN,NaN,NaN,NaN,NaN,NaN,NaN,NaN,NaN,NaN,NaN,NaN,NaN,99.905,42560.0,3218.0,99.9,33937.0,1580.0,99.89,25989.0,160.0,99.885,14789.0,88.0,99.88,17874.0,49.0,99.875,19390.0,148.0,99.87,20382.0,233.0,99.86,18511.0,157.0,99.85,15030.0,124.0,99.835,12409.0,444.0,99.82,15506.0,468.0,99.81,13158.0,226.0,99.795,9773.0,119.0,99.77,7996.0,172.0,99.755,8800.0,136.0,99.735,7243.0,125.0,99.7,5718.0,139.0,99.68,4808.0,37.0,99.655,4065.0,147.0,99.61,1657.0,39.0,99.585,822.0,10.0,99.555,1145.0,23.0,99.495,1409.0,12.0,99.455,2510.0,67.0,99.415,1312.0,NaN,99.34,114.0,4.0,99.29,342.0,NaN,99.235,194.0,NaN,99.14,110.0,NaN,99.085,99.02,98.91,98.85,98.775,98.665,98.6,NaN,NaN,NaN,NaN,NaN,NaN,NaN,NaN,NaN,NaN,NaN,NaN,NaN,NaN,NaN,NaN,NaN,NaN,NaN,NaN,NaN,NaN,NaN,NaN,NaN,NaN,NaN,NaN,NaN
2013-07-23,NaN,NaN,NaN,NaN,NaN,NaN,NaN,NaN,NaN,NaN,NaN,NaN,NaN,NaN,NaN,NaN,NaN,NaN,99.905,42489.0,366.0,99.9,34222.0,1712.0,99.89,25774.0,927.0,99.885,14774.0,128.0,99.88,17869.0,54.0,99.875,19390.0,32.0,99.87,20377.0,17.0,99.86,18418.0,398.0,99.845,15085.0,63.0,99.835,11999.0,677.0,99.82,15389.0,392.0,99.81,13152.0,45.0,99.795,9785.0,52.0,99.77,7991.0,135.0,99.755,8757.0,86.0,99.735,7270.0,134.0,99.7,5751.0,150.0,99.68,4793.0,76.0,99.655,4469.0,491.0,99.61,2027.0,479.0,99.585,867.0,67.0,99.555,1146.0,17.0,99.5,1416.0,79.0,99.46,2532.0,35.0,99.42,1312.0,NaN,99.345,114.0,NaN,99.295,342.0,NaN,99.24,194.0,NaN,99.145,110.0,NaN,99.09,99.025,98.915,98.85,98.775,98.665,98.595,NaN,NaN,NaN,NaN,NaN,NaN,NaN,NaN,NaN,NaN,NaN,NaN,NaN,NaN,NaN,NaN,NaN,NaN,NaN,NaN,NaN,NaN,NaN,NaN,NaN,NaN,NaN,NaN,NaN
2013-07-24,NaN,NaN,NaN,NaN,NaN,NaN,NaN,NaN,NaN,NaN,NaN,NaN,NaN,NaN,NaN,NaN,NaN,NaN,99.905,42489.0,NaN,99.9,34351.0,295.0,99.89,26096.0,446.0,99.885,14680.0,163.0,99.88,17922.0,133.0,99.875,19396.0,79.0,99.87,20410.0,64.0,99.86,18269.0,248.0,99.845,14620.0,622.0,99.835,11179.0,1694.0,99.82,14666.0,1716.0,99.805,13106.0,447.0,99.79,9776.0,266.0,99.765,8079.0,331.0,99.75,8778.0,375.0,99.73,7380.0,870.0,99.695,5514.0,1082.0,99.675,4776.0,331.0,99.645,4605.0,327.0,99.6,2029.0,87.0,99.575,943.0,104.0,99.54,1146.0,31.0,99.475,1407.0,25.0,99.435,2533.0,1.0,99.385,1311.0,1.0,99.3,114.0,8.0,99.25,342.0,NaN,99.19,194.0,NaN,99.09,110.0,NaN,99.03,98.965,98.85,98.785,98.705,98.59,98.515,NaN,NaN,NaN,NaN,NaN,NaN,NaN,NaN,NaN,NaN,NaN,NaN,NaN,NaN,NaN,NaN,NaN,NaN,NaN,NaN,NaN,NaN,NaN,NaN,NaN,NaN,NaN,NaN,NaN
2013-07-25,NaN,NaN,NaN,NaN,NaN,NaN,NaN,NaN,NaN,NaN,NaN,NaN,NaN,NaN,NaN,NaN,NaN,NaN,99.905,42466.0,125.0,99.9,34383.0,190.0,99.89,26108.0,25.0,99.885,14634.0,68.0,99.88,17836.0,150.0,99.875,19524.0,368.0,99.87,20431.0,52.0,99.86,18286.0,520.0,99.845,14716.0,411.0,99.835,11362.0,714.0,99.82,14723.0,704.0,99.805,13050.0,275.0,99.79,9782.0,265.0,99.765,8142.0,484.0,99.75,8788.0,513.0,99.73,7866.0,756.0,99.695,5507.0,704.0,99.675,4945.0,421.0,99.645,4631.0,87.0,99.6,2020.0,56.0,99.57,942.0,13.0,99.535,1171.0,116.0,99.465,1376.0,124.0,99.425,2536.0,3.0,99.375,1311.0,10.0,99.29,114.0,NaN,99.23,342.0,NaN,99.17,194.0,NaN,99.07,110.0,NaN,99.005,98.94,98.82,98.75,98.67,98.555,98.48,NaN,NaN,NaN,NaN,NaN,NaN,NaN,NaN,NaN,NaN,NaN,NaN,NaN,NaN,NaN,NaN,NaN,NaN,NaN,NaN,NaN,NaN,NaN,NaN,NaN,NaN,NaN,NaN,NaN
2013-07-26,NaN,NaN,NaN,NaN,NaN,NaN,NaN,NaN,NaN,NaN,NaN,NaN,NaN,NaN,NaN,NaN,NaN,NaN,99.905,42369.0,1081.0,99.9,34375.0,65.0,99.895,26261.0,1172.0,99.885,14631.0,118.0,99.88,17856.0,400.0,99.875,19518.0,229.0,99.87,20722.0,338.0,99.865,18283.0,866.0,99.85,14977.0,723.0,99.84,11359.0,993.0,99.83,14610.0,1066.0,99.82,13876.0,1651.0,99.81,9798.0,69.0,99.785,8119.0,94.0,99.77,8798.0,42.0,99.75,7872.0,100.0,99.72,5502.0,114.0,99.7,4974.0,127.0,99.675,4636.0,38.0,99.63,2040.0,144.0,99.605,1015.0,93.0,99.57,1194.0,58.0,99.505,1376.0,4.0,99.47,2536.0,NaN,99.42,1311.0,NaN,99.335,114.0,NaN,99.285,342.0,NaN,99.23,194.0,NaN,99.13,110.0,NaN,99.07,99.005,98.89,98.82,98.74,98.625,98.55,NaN,NaN,NaN,NaN,NaN,NaN,NaN,NaN,NaN,NaN,NaN,NaN,NaN,NaN,NaN,NaN,NaN,NaN,NaN,NaN,NaN,NaN,NaN,NaN,NaN,NaN,NaN,NaN,NaN
2013-07-29,NaN,NaN,NaN,NaN,NaN,NaN,NaN,NaN,NaN,NaN,NaN,NaN,NaN,NaN,NaN,NaN,NaN,NaN,99.905,42424.0,415.0,99.9,34505.0,131.0,99.895,26600.0,639.0,99.885,14632.0,1.0,99.88,17828.0,158.0,99.875,19485.0,56.0,99.87,20899.0,279.0,99.865,18304.0,26.0,99.85,15490.0,790.0,99.84,11662.0,545.0,99.83,14447.0,261.0,99.82,13908.0,72.0,99.81,9798.0,14.0,99.785,8122.0,76.0,99.77,8754.0,88.0,99.75,7895.0,96.0,99.72,5447.0,105.0,99.7,4935.0,74.0,99.675,4615.0,33.0,99.63,2052.0,34.0,99.605,1004.0,11.0,99.57,1193.0,1.0,99.505,1374.0,8.0,99.47,2536.0,1.0,99.42,1310.0,10.0,99.335,114.0,NaN,99.285,342.0,NaN,99.23,194.0,NaN,99.13,110.0,NaN,99.07,99.005,98.89,98.82,98.74,98.625,98.545,NaN,NaN,NaN,NaN,NaN,NaN,NaN,NaN,NaN,NaN,NaN,NaN,NaN,NaN,NaN,NaN,NaN,NaN,NaN,NaN,NaN,NaN,NaN,NaN,NaN,NaN,NaN,NaN,NaN
2013-07-30,NaN,NaN,NaN,NaN,NaN,NaN,NaN,NaN,NaN,NaN,NaN,NaN,NaN,NaN,NaN,NaN,NaN,NaN,99.905,42339.0,190.0,99.9,34576.0,234.0,99.895,26998.0,504.0,99.885,14636.0,55.0,99.88,17819.0,51.0,99.875,19508.0,119.0,99.87,20821.0,105.0,99.865,18321.0,463.0,99.85,15681.0,1164.0,99.84,11643.0,132.0,99.83,13939.0,749.0,99.82,13802.0,168.0,99.81,9729.0,437.0,99.785,8080.0,67.0,99.77,8745.0,97.0,99.75,7906.0,162.0,99.72,5426.0,103.0,99.705,4967.0,256.0,99.68,4539.0,128.0,99.635,1969.0,146.0,99.61,967.0,92.0,99.58,1208.0,38.0,99.515,1365.0,28.0,99.48,2536.0,NaN,99.43,1310.0,NaN,99.345,114.0,NaN,99.295,342.0,NaN,99.24,194.0,NaN,99.14,110.0,NaN,99.075,99.01,98.89,98.82,98.74,98.62,98.54,NaN,NaN,NaN,NaN,NaN,NaN,NaN,NaN,NaN,NaN,NaN,NaN,NaN,NaN,NaN,NaN,NaN,NaN,NaN,NaN,NaN,NaN,NaN,NaN,NaN,NaN,NaN,NaN,NaN
2013-07-31,NaN,NaN,NaN,NaN,NaN,NaN,NaN,NaN,NaN,NaN,NaN,NaN,NaN,NaN,NaN,NaN,NaN,NaN,99.905,42129.0,248.0,99.9,36142.0,2762.0,99.895,27214.0,1533.0,99.885,14669.0,451.0,99.88,17777.0,249.0,99.875,19461.0,298.0,99.87,20775.0,389.0,99.865,18241.0,273.0,99.855,15581.0,470.0,99.84,11804.0,690.0,99.83,13678.0,524.0,99.82,13774.0,409.0,99.81,9591.0,436.0,99.785,8091.0,158.0,99.77,8727.0,503.0,99.75,7973.0,943.0,99.72,5149.0,948.0,99.705,5235.0,900.0,99.68,4612.0,441.0,99.635,1943.0,156.0,99.61,1248.0,344.0,99.58,1235.0,195.0,99.515,1347.0,58.0,99.48,2536.0,5.0,99.43,1308.0,4.0,99.345,114.0,NaN,99.295,347.0,5.0,99.235,194.0,NaN,99.13,110.0,NaN,99.065,99.0,98.88,98.805,98.725,98.605,98.52,NaN,NaN,NaN,NaN,NaN,NaN,NaN,NaN,NaN,NaN,NaN,NaN,NaN,NaN,NaN,NaN,NaN,NaN,NaN,NaN,NaN,NaN,NaN,NaN,NaN,NaN,NaN,NaN,NaN
2013-08-01,NaN,NaN,NaN,NaN,NaN,NaN,NaN,NaN,NaN,NaN,NaN,NaN,NaN,NaN,NaN,NaN,NaN,NaN,NaN,NaN,NaN,99.9,36029.0,178.0,99.895,27329.0,540.0,99.885,13983.0,1357.0,99.88,17434.0,494.0,99.875,19268.0,371.0,99.87,20469.0,977.0,99.865,18192.0,383.0,99.855,15480.0,374.0,99.84,11852.0,445.0,99.83,13810.0,603.0,99.82,13524.0,1172.0,99.805,9769.0,634.0,99.78,8030.0,189.0,99.76,8943.0,654.0,99.74,8095.0,764.0,99.705,4974.0,1007.0,99.685,5081.0,564.0,99.655,4778.0,360.0,99.6,1914.0,121.0,99.57,1225.0,229.0,99.535,1242.0,69.0,99.46,1320.0,54.0,99.42,2568.0,98.0,99.365,1285.0,23.0,99.28,114.0,NaN,99.22,343.0,4.0,99.155,188.0,6.0,99.045,110.0,NaN,98.975,98.9,98.775,98.7,98.615,98.485,98.4,98.305,NaN,NaN,NaN,NaN,NaN,NaN,NaN,NaN,NaN,NaN,NaN,NaN,NaN,NaN,NaN,NaN,NaN,NaN,NaN,NaN,NaN,NaN,NaN,NaN,NaN,NaN,NaN,NaN
2013-08-02,NaN,NaN,NaN,NaN,NaN,NaN,NaN,NaN,NaN,NaN,NaN,NaN,NaN,NaN,NaN,NaN,NaN,NaN,NaN,NaN,NaN,99.905,35622.0,2487.0,99.9,29085.0,3682.0,99.895,14480.0,1200.0,99.89,17754.0,1773.0,99.885,19119.0,1387.0,99.875,20576.0,1223.0,99.87,18393.0,1055.0,99.865,15651.0,1361.0,99.85,12069.0,888.0,99.84,13842.0,776.0,99.835,14954.0,2855.0,99.82,9502.0,1457.0,99.8,8077.0,846.0,99.78,9215.0,767.0,99.76,8129.0,679.0,99.73,4762.0,858.0,99.71,5094.0,758.0,99.685,4820.0,425.0,99.64,1909.0,204.0,99.615,1146.0,213.0,99.58,1248.0,105.0,99.52,1273.0,81.0,99.485,2558.0,79.0,99.44,1285.0,23.0,99.365,114.0,NaN,99.315,348.0,6.0,99.255,197.0,9.0,99.155,110.0,NaN,99.095,99.03,98.915,98.845,98.765,98.65,98.57,98.475,NaN,NaN,NaN,NaN,NaN,NaN,NaN,NaN,NaN,NaN,NaN,NaN,NaN,NaN,NaN,NaN,NaN,NaN,NaN,NaN,NaN,NaN,NaN,NaN,NaN,NaN,NaN,NaN
2013-08-05,NaN,NaN,NaN,NaN,NaN,NaN,NaN,NaN,NaN,NaN,NaN,NaN,NaN,NaN,NaN,NaN,NaN,NaN,NaN,NaN,NaN,99.905,35543.0,4134.0,99.9,29241.0,479.0,99.895,14478.0,222.0,99.89,17757.0,223.0,99.885,19187.0,121.0,99.875,20782.0,353.0,99.87,17993.0,914.0,99.865,15645.0,55.0,99.85,12301.0,263.0,99.84,13701.0,181.0,99.835,15135.0,252.0,99.82,9324.0,469.0,99.8,8147.0,195.0,99.78,9132.0,142.0,99.76,8161.0,113.0,99.73,4697.0,295.0,99.71,5191.0,321.0,99.685,4790.0,113.0,99.64,1856.0,82.0,99.615,1104.0,99.0,99.58,1259.0,37.0,99.515,1268.0,7.0,99.475,2716.0,192.0,99.43,1296.0,46.0,99.355,119.0,5.0,99.305,359.0,11.0,99.235,197.0,NaN,99.135,103.0,7.0,99.075,99.01,98.895,98.825,98.745,98.63,98.55,98.455,NaN,NaN,NaN,NaN,NaN,NaN,NaN,NaN,NaN,NaN,NaN,NaN,NaN,NaN,NaN,NaN,NaN,NaN,NaN,NaN,NaN,NaN,NaN,NaN,NaN,NaN,NaN,NaN
2013-08-06,NaN,NaN,NaN,NaN,NaN,NaN,NaN,NaN,NaN,NaN,NaN,NaN,NaN,NaN,NaN,NaN,NaN,NaN,NaN,NaN,NaN,99.905,35545.0,17.0,99.9,29250.0,54.0,99.895,14475.0,196.0,99.89,17732.0,100.0,99.885,19065.0,563.0,99.875,20729.0,66.0,99.87,18068.0,297.0,99.865,15696.0,321.0,99.85,12387.0,90.0,99.84,13697.0,15.0,99.835,15258.0,159.0,99.82,9290.0,397.0,99.8,8161.0,474.0,99.78,9697.0,789.0,99.76,7996.0,191.0,99.73,4499.0,263.0,99.71,5107.0,210.0,99.685,4857.0,80.0,99.64,1855.0,5.0,99.615,1127.0,NaN,99.58,1259.0,66.0,99.515,1281.0,52.0,99.475,2801.0,122.0,99.43,1319.0,26.0,99.35,135.0,16.0,99.3,383.0,24.0,99.23,197.0,NaN,99.13,103.0,NaN,99.07,99.005,98.89,98.82,98.74,98.625,98.545,98.45,NaN,NaN,NaN,NaN,NaN,NaN,NaN,NaN,NaN,NaN,NaN,NaN,NaN,NaN,NaN,NaN,NaN,NaN,NaN,NaN,NaN,NaN,NaN,NaN,NaN,NaN,NaN,NaN
2013-08-07,NaN,NaN,NaN,NaN,NaN,NaN,NaN,NaN,NaN,NaN,NaN,NaN,NaN,NaN,NaN,NaN,NaN,NaN,NaN,NaN,NaN,99.905,35783.0,807.0,99.9,29248.0,25.0,99.895,14443.0,62.0,99.89,17650.0,1753.0,99.885,19064.0,12.0,99.875,20693.0,49.0,99.87,18071.0,17.0,99.865,15823.0,882.0,99.85,12355.0,96.0,99.84,13678.0,49.0,99.835,15613.0,624.0,99.82,9411.0,300.0,99.8,8039.0,244.0,99.78,9645.0,234.0,99.76,7947.0,211.0,99.73,4437.0,75.0,99.71,5172.0,92.0,99.685,4898.0,103.0,99.64,1849.0,46.0,99.615,1135.0,12.0,99.58,1253.0,11.0,99.515,1263.0,18.0,99.475,2805.0,24.0,99.43,1344.0,39.0,99.35,133.0,7.0,99.3,383.0,NaN,99.23,197.0,NaN,99.13,103.0,NaN,99.07,99.01,98.895,98.825,98.745,98.63,98.56,98.48,NaN,NaN,NaN,NaN,NaN,NaN,NaN,NaN,NaN,NaN,NaN,NaN,NaN,NaN,NaN,NaN,NaN,NaN,NaN,NaN,NaN,NaN,NaN,NaN,NaN,NaN,NaN,NaN
2013-08-08,NaN,NaN,NaN,NaN,NaN,NaN,NaN,NaN,NaN,NaN,NaN,NaN,NaN,NaN,NaN,NaN,NaN,NaN,NaN,NaN,NaN,99.9075,35909.0,395.0,99.9,29248.0,47.0,99.895,14410.0,37.0,99.89,17588.0,398.0,99.885,19054.0,140.0,99.875,20581.0,152.0,99.87,18076.0,49.0,99.865,15884.0,260.0,99.85,12359.0,67.0,99.84,13815.0,1368.0,99.835,16873.0,1648.0,99.82,9680.0,808.0,99.8,8205.0,496.0,99.785,9684.0,258.0,99.765,7655.0,588.0,99.735,4189.0,548.0,99.715,5352.0,305.0,99.69,4890.0,44.0,99.645,2042.0,206.0,99.62,1138.0,35.0,99.585,1245.0,26.0,99.52,1263.0,5.0,99.48,2815.0,21.0,99.435,1395.0,53.0,99.355,138.0,15.0,99.305,399.0,21.0,99.235,197.0,NaN,99.135,103.0,NaN,99.08,99.02,98.905,98.84,98.76,98.645,98.58,98.5,NaN,NaN,NaN,NaN,NaN,NaN,NaN,NaN,NaN,NaN,NaN,NaN,NaN,NaN,NaN,NaN,NaN,NaN,NaN,NaN,NaN,NaN,NaN,NaN,NaN,NaN,NaN,NaN
2013-08-09,NaN,NaN,NaN,NaN,NaN,NaN,NaN,NaN,NaN,NaN,NaN,NaN,NaN,NaN,NaN,NaN,NaN,NaN,NaN,NaN,NaN,99.9075,36167.0,573.0,99.9,29293.0,161.0,99.895,14461.0,309.0,99.89,17775.0,253.0,99.885,19045.0,19.0,99.875,20567.0,41.0,99.87,18112.0,42.0,99.865,15999.0,384.0,99.85,12359.0,NaN,99.84,13748.0,370.0,99.835,16904.0,61.0,99.82,9683.0,105.0,99.8,8202.0,41.0,99.785,9713.0,49.0,99.765,7655.0,43.0,99.735,4189.0,NaN,99.715,5407.0,65.0,99.69,4894.0,7.0,99.645,2042.0,11.0,99.62,1138.0,3.0,99.585,1235.0,29.0,99.52,1239.0,32.0,99.48,2814.0,11.0,99.435,1453.0,58.0,99.355,138.0,NaN,99.305,399.0,NaN,99.235,197.0,NaN,99.135,103.0,NaN,99.08,99.02,98.905,98.84,98.76,98.645,98.58,98.5,NaN,NaN,NaN,NaN,NaN,NaN,NaN,NaN,NaN,NaN,NaN,NaN,NaN,NaN,NaN,NaN,NaN,NaN,NaN,NaN,NaN,NaN,NaN,NaN,NaN,NaN,NaN,NaN
2013-08-12,NaN,NaN,NaN,NaN,NaN,NaN,NaN,NaN,NaN,NaN,NaN,NaN,NaN,NaN,NaN,NaN,NaN,NaN,NaN,NaN,NaN,99.91,36563.0,1407.0,99.905,29754.0,3237.0,99.9,15017.0,1749.0,99.89,18348.0,1037.0,99.885,19027.0,24.0,99.875,20309.0,285.0,99.87,18156.0,59.0,99.865,16005.0,25.0,99.85,12776.0,545.0,99.84,13748.0,31.0,99.835,16904.0,NaN,99.82,9692.0,9.0,99.8,8202.0,10.0,99.785,9713.0,2.0,99.765,7642.0,100.0,99.735,4093.0,191.0,99.715,5437.0,343.0,99.69,4918.0,195.0,99.645,2043.0,53.0,99.62,1140.0,8.0,99.585,1285.0,53.0,99.52,1236.0,72.0,99.48,2829.0,45.0,99.435,1480.0,31.0,99.355,138.0,NaN,99.305,399.0,NaN,99.235,197.0,NaN,99.135,103.0,NaN,99.08,99.02,98.905,98.84,98.76,98.645,98.58,98.5,NaN,NaN,NaN,NaN,NaN,NaN,NaN,NaN,NaN,NaN,NaN,NaN,NaN,NaN,NaN,NaN,NaN,NaN,NaN,NaN,NaN,NaN,NaN,NaN,NaN,NaN,NaN,NaN
2013-08-13,NaN,NaN,NaN,NaN,NaN,NaN,NaN,NaN,NaN,NaN,NaN,NaN,NaN,NaN,NaN,NaN,NaN,NaN,NaN,NaN,NaN,99.91,40542.0,4414.0,99.905,29807.0,676.0,99.9,15117.0,315.0,99.89,17982.0,1046.0,99.885,19713.0,1314.0,99.875,20312.0,91.0,99.87,17918.0,451.0,99.865,15916.0,410.0,99.85,12756.0,181.0,99.835,14025.0,820.0,99.82,17071.0,1117.0,99.805,9667.0,1291.0,99.785,8506.0,1006.0,99.765,9460.0,1012.0,99.74,7514.0,1020.0,99.705,4687.0,1426.0,99.685,5473.0,658.0,99.66,4967.0,142.0,99.61,2099.0,155.0,99.58,1134.0,13.0,99.54,1285.0,6.0,99.465,1209.0,65.0,99.425,2829.0,80.0,99.375,1458.0,33.0,99.295,138.0,NaN,99.24,408.0,9.0,99.16,188.0,25.0,99.06,103.0,NaN,99.0,98.925,98.805,98.735,98.65,98.53,98.455,98.365,NaN,NaN,NaN,NaN,NaN,NaN,NaN,NaN,NaN,NaN,NaN,NaN,NaN,NaN,NaN,NaN,NaN,NaN,NaN,NaN,NaN,NaN,NaN,NaN,NaN,NaN,NaN,NaN
2013-08-14,NaN,NaN,NaN,NaN,NaN,NaN,NaN,NaN,NaN,NaN,NaN,NaN,NaN,NaN,NaN,NaN,NaN,NaN,NaN,NaN,NaN,99.91,40507.0,505.0,99.905,29799.0,47.0,99.9,15134.0,21.0,99.89,17975.0,54.0,99.885,19662.0,103.0,99.875,20287.0,61.0,99.87,17785.0,370.0,99.865,15918.0,26.0,99.85,12651.0,426.0,99.835,13645.0,2746.0,99.82,14988.0,3071.0,99.805,9674.0,535.0,99.785,8707.0,306.0,99.765,9413.0,112.0,99.74,7532.0,299.0,99.705,4797.0,297.0,99.685,5368.0,186.0,99.66,5010.0,159.0,99.61,2114.0,135.0,99.575,1091.0,92.0,99.535,1267.0,107.0,99.46,1211.0,5.0,99.42,2819.0,17.0,99.37,1446.0,26.0,99.28,137.0,4.0,99.225,408.0,NaN,99.145,188.0,NaN,99.045,103.0,NaN,98.985,98.91,98.79,98.72,98.635,98.515,98.44,98.35,NaN,NaN,NaN,NaN,NaN,NaN,NaN,NaN,NaN,NaN,NaN,NaN,NaN,NaN,NaN,NaN,NaN,NaN,NaN,NaN,NaN,NaN,NaN,NaN,NaN,NaN,NaN,NaN
2013-08-15,NaN,NaN,NaN,NaN,NaN,NaN,NaN,NaN,NaN,NaN,NaN,NaN,NaN,NaN,NaN,NaN,NaN,NaN,NaN,NaN,NaN,99.91,39517.0,2255.0,99.905,33353.0,5116.0,99.9,15666.0,1796.0,99.89,17902.0,553.0,99.885,19537.0,241.0,99.875,20223.0,270.0,99.87,17937.0,323.0,99.86,16336.0,1480.0,99.85,12578.0,1380.0,99.835,13339.0,1514.0,99.82,15101.0,782.0,99.805,9832.0,958.0,99.78,8956.0,829.0,99.755,9782.0,1784.0,99.73,7702.0,1285.0,99.695,5068.0,1188.0,99.675,5439.0,380.0,99.65,5153.0,390.0,99.59,2062.0,286.0,99.555,1103.0,279.0,99.515,1250.0,225.0,99.44,1211.0,42.0,99.4,2798.0,88.0,99.34,1399.0,52.0,99.25,164.0,29.0,99.195,399.0,15.0,99.115,173.0,15.0,99.005,103.0,NaN,98.935,98.86,98.73,98.66,98.57,98.445,98.37,98.28,NaN,NaN,NaN,NaN,NaN,NaN,NaN,NaN,NaN,NaN,NaN,NaN,NaN,NaN,NaN,NaN,NaN,NaN,NaN,NaN,NaN,NaN,NaN,NaN,NaN,NaN,NaN,NaN
2013-08-16,NaN,NaN,NaN,NaN,NaN,NaN,NaN,NaN,NaN,NaN,NaN,NaN,NaN,NaN,NaN,NaN,NaN,NaN,NaN,NaN,NaN,99.91,39905.0,823.0,99.905,33356.0,8.0,99.9,15673.0,11.0,99.89,17890.0,22.0,99.885,19587.0,199.0,99.875,20217.0,15.0,99.87,18055.0,146.0,99.86,16166.0,202.0,99.85,12585.0,452.0,99.835,13333.0,503.0,99.825,15083.0,195.0,99.81,9847.0,117.0,99.78,9084.0,249.0,99.755,9909.0,313.0,99.73,7729.0,135.0,99.695,5038.0,213.0,99.675,5400.0,420.0,99.645,5169.0,162.0,99.585,2077.0,109.0,99.545,1139.0,93.0,99.495,1276.0,212.0,99.415,1211.0,116.0,99.375,2795.0,16.0,99.315,1400.0,8.0,99.22,153.0,15.0,99.155,399.0,2.0,99.075,173.0,NaN,98.965,103.0,NaN,98.895,98.815,98.685,98.615,98.525,98.4,98.325,98.235,NaN,NaN,NaN,NaN,NaN,NaN,NaN,NaN,NaN,NaN,NaN,NaN,NaN,NaN,NaN,NaN,NaN,NaN,NaN,NaN,NaN,NaN,NaN,NaN,NaN,NaN,NaN,NaN
2013-08-19,NaN,NaN,NaN,NaN,NaN,NaN,NaN,NaN,NaN,NaN,NaN,NaN,NaN,NaN,NaN,NaN,NaN,NaN,NaN,NaN,NaN,99.91,39932.0,925.0,99.905,33386.0,57.0,99.9,15675.0,2.0,99.89,17890.0,7.0,99.885,19573.0,17.0,99.875,20491.0,574.0,99.87,18062.0,113.0,99.86,16199.0,138.0,99.85,12497.0,173.0,99.835,13375.0,159.0,99.82,15080.0,270.0,99.805,9832.0,84.0,99.775,9835.0,1039.0,99.75,9992.0,440.0,99.725,8001.0,900.0,99.685,5186.0,520.0,99.655,5407.0,477.0,99.625,5181.0,315.0,99.565,2034.0,139.0,99.525,1123.0,178.0,99.47,1275.0,125.0,99.385,1200.0,19.0,99.345,2787.0,20.0,99.275,1321.0,88.0,99.18,173.0,40.0,99.115,394.0,21.0,99.02,167.0,14.0,98.905,103.0,2.0,98.835,98.75,98.62,98.54,98.445,98.315,98.24,98.145,NaN,NaN,NaN,NaN,NaN,NaN,NaN,NaN,NaN,NaN,NaN,NaN,NaN,NaN,NaN,NaN,NaN,NaN,NaN,NaN,NaN,NaN,NaN,NaN,NaN,NaN,NaN,NaN
2013-08-20,NaN,NaN,NaN,NaN,NaN,NaN,NaN,NaN,NaN,NaN,NaN,NaN,NaN,NaN,NaN,NaN,NaN,NaN,NaN,NaN,NaN,99.9125,39903.0,2632.0,99.905,33596.0,1992.0,99.9,15703.0,188.0,99.89,17883.0,1248.0,99.885,19487.0,191.0,99.875,20271.0,1466.0,99.87,17961.0,846.0,99.865,17000.0,3001.0,99.855,12603.0,2483.0,99.84,14169.0,2700.0,99.825,16003.0,1759.0,99.815,10977.0,1800.0,99.785,10028.0,432.0,99.76,10046.0,280.0,99.735,8051.0,270.0,99.7,5162.0,158.0,99.675,5488.0,141.0,99.645,5141.0,220.0,99.59,1983.0,158.0,99.555,1157.0,71.0,99.505,1279.0,88.0,99.43,1152.0,105.0,99.39,2781.0,7.0,99.325,1317.0,5.0,99.23,173.0,11.0,99.17,396.0,2.0,99.09,167.0,1.0,98.975,103.0,NaN,98.905,98.825,98.695,98.62,98.525,98.4,98.325,98.235,NaN,NaN,NaN,NaN,NaN,NaN,NaN,NaN,NaN,NaN,NaN,NaN,NaN,NaN,NaN,NaN,NaN,NaN,NaN,NaN,NaN,NaN,NaN,NaN,NaN,NaN,NaN,NaN
2013-08-21,NaN,NaN,NaN,NaN,NaN,NaN,NaN,NaN,NaN,NaN,NaN,NaN,NaN,NaN,NaN,NaN,NaN,NaN,NaN,NaN,NaN,99.9125,40197.0,1173.0,99.905,34024.0,2474.0,99.895,17005.0,4836.0,99.885,19209.0,3723.0,99.88,22248.0,7546.0,99.87,21113.0,3618.0,99.86,18460.0,3006.0,99.85,18618.0,2915.0,99.835,12558.0,1721.0,99.82,14638.0,1865.0,99.81,16556.0,1822.0,99.79,11204.0,1226.0,99.765,10082.0,1062.0,99.74,10875.0,1634.0,99.715,8540.0,1199.0,99.68,5423.0,880.0,99.65,5626.0,1150.0,99.62,5269.0,871.0,99.565,1961.0,437.0,99.53,1184.0,508.0,99.48,1323.0,137.0,99.405,1038.0,196.0,99.365,2668.0,181.0,99.3,1311.0,30.0,99.2,166.0,32.0,99.135,391.0,12.0,99.055,167.0,1.0,98.94,103.0,NaN,98.87,98.785,98.65,98.575,98.48,98.35,98.27,98.175,NaN,NaN,NaN,NaN,NaN,NaN,NaN,NaN,NaN,NaN,NaN,NaN,NaN,NaN,NaN,NaN,NaN,NaN,NaN,NaN,NaN,NaN,NaN,NaN,NaN,NaN,NaN,NaN
2013-08-22,NaN,NaN,NaN,NaN,NaN,NaN,NaN,NaN,NaN,NaN,NaN,NaN,NaN,NaN,NaN,NaN,NaN,NaN,NaN,NaN,NaN,99.9125,40274.0,154.0,99.905,34133.0,188.0,99.895,16066.0,1467.0,99.885,18031.0,2328.0,99.875,21761.0,2120.0,99.865,21293.0,2085.0,99.85,17736.0,3179.0,99.84,18028.0,3301.0,99.82,12568.0,1663.0,99.805,14466.0,2120.0,99.79,16869.0,2157.0,99.77,11286.0,1594.0,99.74,10595.0,1954.0,99.71,10606.0,1209.0,99.685,8519.0,859.0,99.64,5589.0,683.0,99.61,5522.0,387.0,99.57,5158.0,309.0,99.505,2257.0,562.0,99.47,1150.0,350.0,99.42,1331.0,215.0,99.33,970.0,231.0,99.28,2573.0,360.0,99.215,1355.0,300.0,99.115,144.0,40.0,99.045,368.0,23.0,98.965,167.0,NaN,98.84,103.0,NaN,98.77,98.675,98.535,98.46,98.355,98.225,98.145,98.05,NaN,NaN,NaN,NaN,NaN,NaN,NaN,NaN,NaN,NaN,NaN,NaN,NaN,NaN,NaN,NaN,NaN,NaN,NaN,NaN,NaN,NaN,NaN,NaN,NaN,NaN,NaN,NaN
2013-08-23,NaN,NaN,NaN,NaN,NaN,NaN,NaN,NaN,NaN,NaN,NaN,NaN,NaN,NaN,NaN,NaN,NaN,NaN,NaN,NaN,NaN,99.9125,40200.0,98.0,99.905,34211.0,1000.0,99.895,16115.0,891.0,99.885,17978.0,1028.0,99.88,22279.0,930.0,99.87,21446.0,862.0,99.86,17557.0,1153.0,99.85,17668.0,1864.0,99.83,12714.0,1214.0,99.815,14687.0,2727.0,99.795,17633.0,4243.0,99.78,11755.0,2031.0,99.75,11222.0,1656.0,99.725,10804.0,738.0,99.7,8547.0,904.0,99.655,5338.0,1219.0,99.625,5483.0,954.0,99.585,5175.0,345.0,99.52,2226.0,348.0,99.485,1165.0,299.0,99.435,1289.0,128.0,99.345,1003.0,90.0,99.295,2599.0,150.0,99.23,1383.0,66.0,99.13,179.0,51.0,99.06,382.0,18.0,98.98,167.0,NaN,98.855,103.0,NaN,98.785,98.69,98.55,98.475,98.37,98.245,98.17,98.08,NaN,NaN,NaN,NaN,NaN,NaN,NaN,NaN,NaN,NaN,NaN,NaN,NaN,NaN,NaN,NaN,NaN,NaN,NaN,NaN,NaN,NaN,NaN,NaN,NaN,NaN,NaN,NaN
2013-08-26,NaN,NaN,NaN,NaN,NaN,NaN,NaN,NaN,NaN,NaN,NaN,NaN,NaN,NaN,NaN,NaN,NaN,NaN,NaN,NaN,NaN,99.9125,39948.0,1041.0,99.905,34234.0,296.0,99.895,16128.0,28.0,99.885,18220.0,327.0,99.88,22501.0,457.0,99.875,21546.0,198.0,99.865,17497.0,698.0,99.85,17818.0,393.0,99.835,12769.0,321.0,99.82,14755.0,1629.0,99.8,17291.0,1962.0,99.785,11997.0,459.0,99.76,11062.0,316.0,99.735,10858.0,412.0,99.71,8586.0,620.0,99.665,5223.0,555.0,99.635,5445.0,243.0,99.595,5186.0,254.0,99.54,2170.0,569.0,99.505,1210.0,564.0,99.455,1336.0,516.0,99.37,975.0,363.0,99.325,2709.0,1171.0,99.265,1381.0,2.0,99.16,179.0,NaN,99.09,382.0,NaN,99.01,167.0,NaN,98.89,103.0,NaN,98.825,98.735,98.6,98.525,98.43,98.305,98.23,98.14,NaN,NaN,NaN,NaN,NaN,NaN,NaN,NaN,NaN,NaN,NaN,NaN,NaN,NaN,NaN,NaN,NaN,NaN,NaN,NaN,NaN,NaN,NaN,NaN,NaN,NaN,NaN,NaN
2013-08-27,NaN,NaN,NaN,NaN,NaN,NaN,NaN,NaN,NaN,NaN,NaN,NaN,NaN,NaN,NaN,NaN,NaN,NaN,NaN,NaN,NaN,99.9125,39855.0,117.0,99.905,34251.0,160.0,99.895,16345.0,396.0,99.89,18926.0,1628.0,99.885,22433.0,523.0,99.875,21541.0,633.0,99.865,17318.0,896.0,99.855,17886.0,315.0,99.84,12794.0,242.0,99.82,14767.0,242.0,99.81,16935.0,1100.0,99.795,11974.0,1171.0,99.77,11736.0,1371.0,99.745,10835.0,268.0,99.72,8636.0,441.0,99.68,5285.0,705.0,99.65,5406.0,374.0,99.615,5081.0,276.0,99.56,2156.0,200.0,99.525,1209.0,117.0,99.475,1441.0,256.0,99.39,1006.0,275.0,99.345,2689.0,320.0,99.285,1446.0,81.0,99.185,179.0,NaN,99.12,382.0,NaN,99.045,167.0,NaN,98.935,103.0,30.0,98.87,98.79,98.66,98.585,98.495,98.37,98.295,98.205,NaN,NaN,NaN,NaN,NaN,NaN,NaN,NaN,NaN,NaN,NaN,NaN,NaN,NaN,NaN,NaN,NaN,NaN,NaN,NaN,NaN,NaN,NaN,NaN,NaN,NaN,NaN,NaN
2013-08-28,NaN,NaN,NaN,NaN,NaN,NaN,NaN,NaN,NaN,NaN,NaN,NaN,NaN,NaN,NaN,NaN,NaN,NaN,NaN,NaN,NaN,99.915,39777.0,650.0,99.91,37176.0,5632.0,99.895,15837.0,3132.0,99.885,19040.0,1029.0,99.885,22958.0,2148.0,99.875,21198.0,669.0,99.865,17338.0,788.0,99.855,17887.0,519.0,99.84,12903.0,526.0,99.82,14612.0,1639.0,99.805,16808.0,1020.0,99.785,12024.0,768.0,99.76,11909.0,910.0,99.73,11052.0,922.0,99.705,8512.0,865.0,99.66,5635.0,801.0,99.63,5614.0,593.0,99.595,5040.0,211.0,99.53,2327.0,342.0,99.495,1228.0,73.0,99.445,1478.0,54.0,99.36,1016.0,27.0,99.315,2707.0,31.0,99.255,1446.0,NaN,99.155,179.0,NaN,99.09,382.0,NaN,99.015,167.0,NaN,98.9,103.0,NaN,98.83,98.75,98.62,98.54,98.45,98.32,98.245,98.155,NaN,NaN,NaN,NaN,NaN,NaN,NaN,NaN,NaN,NaN,NaN,NaN,NaN,NaN,NaN,NaN,NaN,NaN,NaN,NaN,NaN,NaN,NaN,NaN,NaN,NaN,NaN,NaN
2013-08-29,NaN,NaN,NaN,NaN,NaN,NaN,NaN,NaN,NaN,NaN,NaN,NaN,NaN,NaN,NaN,NaN,NaN,NaN,NaN,NaN,NaN,99.915,39684.0,197.0,99.91,36209.0,4580.0,99.9,16598.0,1654.0,99.89,18961.0,1645.0,99.885,23100.0,463.0,99.875,21203.0,577.0,99.865,17330.0,196.0,99.855,17783.0,1316.0,99.84,12422.0,1041.0,99.82,14486.0,929.0,99.805,17523.0,1446.0,99.785,12029.0,823.0,99.76,12173.0,391.0,99.73,11273.0,330.0,99.705,8623.0,567.0,99.66,5684.0,245.0,99.63,5558.0,274.0,99.595,4935.0,358.0,99.53,2311.0,51.0,99.495,1230.0,41.0,99.445,1480.0,56.0,99.36,1016.0,43.0,99.315,2724.0,43.0,99.255,1446.0,39.0,99.155,193.0,24.0,99.09,383.0,1.0,99.015,167.0,NaN,98.9,103.0,NaN,98.83,98.75,98.62,98.54,98.45,98.32,98.245,98.155,NaN,NaN,NaN,NaN,NaN,NaN,NaN,NaN,NaN,NaN,NaN,NaN,NaN,NaN,NaN,NaN,NaN,NaN,NaN,NaN,NaN,NaN,NaN,NaN,NaN,NaN,NaN,NaN
2013-08-30,NaN,NaN,NaN,NaN,NaN,NaN,NaN,NaN,NaN,NaN,NaN,NaN,NaN,NaN,NaN,NaN,NaN,NaN,NaN,NaN,NaN,99.915,NaN,253.0,99.915,36691.0,1177.0,99.9,17781.0,2288.0,99.89,18551.0,1736.0,99.885,23890.0,2005.0,99.875,21156.0,1066.0,99.865,17464.0,581.0,99.855,17659.0,887.0,99.84,12543.0,627.0,99.82,14493.0,732.0,99.805,16857.0,1147.0,99.785,11795.0,1528.0,99.76,12121.0,141.0,99.73,11312.0,119.0,99.705,8626.0,144.0,99.66,5652.0,298.0,99.63,5510.0,170.0,99.595,4871.0,167.0,99.53,2596.0,386.0,99.495,1252.0,286.0,99.445,1466.0,176.0,99.36,1010.0,83.0,99.315,2687.0,58.0,99.255,1445.0,1.0,99.155,193.0,NaN,99.085,383.0,NaN,99.01,167.0,NaN,98.895,103.0,NaN,98.825,98.745,98.615,98.535,98.445,98.315,98.24,98.15,NaN,NaN,NaN,NaN,NaN,NaN,NaN,NaN,NaN,NaN,NaN,NaN,NaN,NaN,NaN,NaN,NaN,NaN,NaN,NaN,NaN,NaN,NaN,NaN,NaN,NaN,NaN,NaN
2013-09-03,NaN,NaN,NaN,NaN,NaN,NaN,NaN,NaN,NaN,NaN,NaN,NaN,NaN,NaN,NaN,NaN,NaN,NaN,NaN,NaN,NaN,NaN,NaN,NaN,99.915,37687.0,3785.0,99.9,18773.0,2486.0,99.89,18642.0,412.0,99.885,24078.0,554.0,99.875,21252.0,791.0,99.865,17478.0,341.0,99.855,17908.0,731.0,99.84,12609.0,482.0,99.82,14484.0,966.0,99.8,15927.0,2295.0,99.78,11787.0,2555.0,99.745,12613.0,1556.0,99.715,11319.0,1359.0,99.685,8474.0,1213.0,99.635,5998.0,1448.0,99.605,5744.0,1077.0,99.565,4789.0,422.0,99.495,2514.0,249.0,99.46,1303.0,227.0,99.405,1407.0,169.0,99.315,1036.0,74.0,99.265,2690.0,70.0,99.2,1456.0,20.0,99.1,202.0,9.0,99.03,383.0,NaN,98.955,167.0,NaN,98.84,102.0,1.0,98.77,98.69,98.56,98.48,98.39,98.26,98.185,98.095,97.98,NaN,NaN,NaN,NaN,NaN,NaN,NaN,NaN,NaN,NaN,NaN,NaN,NaN,NaN,NaN,NaN,NaN,NaN,NaN,NaN,NaN,NaN,NaN,NaN,NaN,NaN,NaN
2013-09-04,NaN,NaN,NaN,NaN,NaN,NaN,NaN,NaN,NaN,NaN,NaN,NaN,NaN,NaN,NaN,NaN,NaN,NaN,NaN,NaN,NaN,NaN,NaN,NaN,99.915,37729.0,2353.0,99.9,19629.0,1557.0,99.89,18790.0,209.0,99.885,23989.0,599.0,99.875,21651.0,1053.0,99.865,17577.0,545.0,99.855,17813.0,373.0,99.835,12288.0,809.0,99.815,15324.0,4717.0,99.79,16196.0,4098.0,99.765,11667.0,3101.0,99.725,13025.0,1835.0,99.69,11243.0,1164.0,99.65,8184.0,688.0,99.595,5731.0,662.0,99.56,5889.0,750.0,99.515,4974.0,529.0,99.445,2943.0,708.0,99.4,1235.0,230.0,99.345,1431.0,83.0,99.245,1335.0,399.0,99.195,2703.0,54.0,99.13,1470.0,44.0,99.03,185.0,32.0,98.96,370.0,43.0,98.88,167.0,62.0,98.76,142.0,62.0,98.69,98.61,98.48,98.4,98.305,98.175,98.1,98.01,97.895,NaN,NaN,NaN,NaN,NaN,NaN,NaN,NaN,NaN,NaN,NaN,NaN,NaN,NaN,NaN,NaN,NaN,NaN,NaN,NaN,NaN,NaN,NaN,NaN,NaN,NaN,NaN
2013-09-05,NaN,NaN,NaN,NaN,NaN,NaN,NaN,NaN,NaN,NaN,NaN,NaN,NaN,NaN,NaN,NaN,NaN,NaN,NaN,NaN,NaN,NaN,NaN,NaN,99.915,37672.0,509.0,99.9,19617.0,22.0,99.89,18450.0,1600.0,99.885,23965.0,1046.0,99.875,21834.0,1449.0,99.86,19803.0,5981.0,99.85,18570.0,5117.0,99.825,12456.0,3519.0,99.8,14694.0,9006.0,99.775,14147.0,9062.0,99.745,12420.0,3178.0,99.7,13995.0,3024.0,99.66,11223.0,1944.0,99.615,8638.0,1531.0,99.555,6492.0,1930.0,99.515,6590.0,2336.0,99.46,4941.0,849.0,99.375,3225.0,852.0,99.315,1485.0,382.0,99.25,1470.0,169.0,99.14,1337.0,133.0,99.085,2650.0,194.0,99.015,1478.0,94.0,98.905,252.0,150.0,98.83,383.0,64.0,98.75,163.0,54.0,98.625,183.0,44.0,98.555,98.475,98.345,98.265,98.17,98.04,97.965,97.875,97.76,NaN,NaN,NaN,NaN,NaN,NaN,NaN,NaN,NaN,NaN,NaN,NaN,NaN,NaN,NaN,NaN,NaN,NaN,NaN,NaN,NaN,NaN,NaN,NaN,NaN,NaN,NaN
2013-09-06,NaN,NaN,NaN,NaN,NaN,NaN,NaN,NaN,NaN,NaN,NaN,NaN,NaN,NaN,NaN,NaN,NaN,NaN,NaN,NaN,NaN,NaN,NaN,NaN,99.9175,38189.0,2372.0,99.905,19429.0,305.0,99.895,18662.0,562.0,99.89,23288.0,1058.0,99.88,21202.0,1945.0,99.865,19727.0,1418.0,99.855,18516.0,1521.0,99.835,11911.0,1822.0,99.815,14051.0,1976.0,99.795,14132.0,2189.0,99.77,12626.0,3414.0,99.735,13404.0,3079.0,99.7,11554.0,2010.0,99.655,8921.0,955.0,99.595,6425.0,1029.0,99.555,6139.0,1888.0,99.5,5161.0,1532.0,99.415,3329.0,1385.0,99.36,1756.0,378.0,99.295,1528.0,159.0,99.185,1344.0,95.0,99.13,2667.0,49.0,99.065,1478.0,7.0,98.955,252.0,11.0,98.88,369.0,36.0,98.805,171.0,47.0,98.69,209.0,32.0,98.62,98.54,98.41,98.33,98.235,98.105,98.03,97.945,97.83,NaN,NaN,NaN,NaN,NaN,NaN,NaN,NaN,NaN,NaN,NaN,NaN,NaN,NaN,NaN,NaN,NaN,NaN,NaN,NaN,NaN,NaN,NaN,NaN,NaN,NaN,NaN
2013-09-09,NaN,NaN,NaN,NaN,NaN,NaN,NaN,NaN,NaN,NaN,NaN,NaN,NaN,NaN,NaN,NaN,NaN,NaN,NaN,NaN,NaN,NaN,NaN,NaN,99.9175,38109.0,1779.0,99.905,21407.0,3523.0,99.9,19167.0,1582.0,99.895,23545.0,700.0,99.885,22388.0,2195.0,99.875,20033.0,700.0,99.865,18507.0,1759.0,99.845,11951.0,503.0,99.825,13936.0,833.0,99.81,13997.0,309.0,99.79,12534.0,1443.0,99.755,13299.0,1019.0,99.72,11391.0,818.0,99.685,8910.0,383.0,99.63,6263.0,548.0,99.59,6152.0,305.0,99.535,5103.0,293.0,99.465,3402.0,407.0,99.42,1893.0,391.0,99.355,1561.0,105.0,99.255,1356.0,29.0,99.205,2676.0,35.0,99.14,1485.0,17.0,99.03,252.0,NaN,98.965,369.0,NaN,98.895,171.0,5.0,98.785,214.0,5.0,98.715,98.645,98.515,98.44,98.35,98.22,98.145,98.06,97.945,NaN,NaN,NaN,NaN,NaN,NaN,NaN,NaN,NaN,NaN,NaN,NaN,NaN,NaN,NaN,NaN,NaN,NaN,NaN,NaN,NaN,NaN,NaN,NaN,NaN,NaN,NaN
2013-09-10,NaN,NaN,NaN,NaN,NaN,NaN,NaN,NaN,NaN,NaN,NaN,NaN,NaN,NaN,NaN,NaN,NaN,NaN,NaN,NaN,NaN,NaN,NaN,NaN,99.9175,38119.0,123.0,99.91,22085.0,1365.0,99.9,18998.0,1130.0,99.895,23788.0,289.0,99.885,21828.0,893.0,99.875,19966.0,293.0,99.865,18378.0,380.0,99.845,11877.0,650.0,99.825,13816.0,339.0,99.81,14135.0,1062.0,99.78,12455.0,818.0,99.74,13410.0,332.0,99.705,11301.0,433.0,99.665,9010.0,497.0,99.605,6790.0,967.0,99.56,6791.0,1633.0,99.505,5079.0,484.0,99.43,3466.0,224.0,99.375,1966.0,161.0,99.31,1656.0,123.0,99.21,1431.0,118.0,99.16,2752.0,84.0,99.095,1547.0,77.0,98.985,264.0,86.0,98.92,452.0,101.0,98.845,184.0,18.0,98.73,242.0,37.0,98.66,98.59,98.46,98.385,98.295,98.165,98.09,98.005,97.89,NaN,NaN,NaN,NaN,NaN,NaN,NaN,NaN,NaN,NaN,NaN,NaN,NaN,NaN,NaN,NaN,NaN,NaN,NaN,NaN,NaN,NaN,NaN,NaN,NaN,NaN,NaN
2013-09-11,NaN,NaN,NaN,NaN,NaN,NaN,NaN,NaN,NaN,NaN,NaN,NaN,NaN,NaN,NaN,NaN,NaN,NaN,NaN,NaN,NaN,NaN,NaN,NaN,99.9175,38381.0,983.0,99.91,22812.0,1756.0,99.9,20885.0,2764.0,99.895,24831.0,1397.0,99.89,21605.0,442.0,99.875,19954.0,66.0,99.865,18483.0,375.0,99.845,11816.0,455.0,99.825,13860.0,805.0,99.81,13878.0,1223.0,99.785,12400.0,751.0,99.75,13590.0,1281.0,99.715,11409.0,1431.0,99.675,8960.0,1389.0,99.62,7016.0,1129.0,99.575,7180.0,1252.0,99.52,5241.0,826.0,99.445,3446.0,585.0,99.395,2244.0,569.0,99.335,1671.0,40.0,99.235,1457.0,42.0,99.185,2775.0,39.0,99.12,1563.0,38.0,99.015,262.0,30.0,98.95,474.0,23.0,98.875,185.0,1.0,98.765,243.0,11.0,98.705,98.635,98.505,98.435,98.35,98.22,98.15,98.065,97.95,NaN,NaN,NaN,NaN,NaN,NaN,NaN,NaN,NaN,NaN,NaN,NaN,NaN,NaN,NaN,NaN,NaN,NaN,NaN,NaN,NaN,NaN,NaN,NaN,NaN,NaN,NaN
2013-09-12,NaN,NaN,NaN,NaN,NaN,NaN,NaN,NaN,NaN,NaN,NaN,NaN,NaN,NaN,NaN,NaN,NaN,NaN,NaN,NaN,NaN,NaN,NaN,NaN,99.9175,37194.0,3074.0,99.91,25449.0,4537.0,99.9,20961.0,2378.0,99.895,24879.0,1030.0,99.89,21680.0,677.0,99.875,19928.0,321.0,99.865,18564.0,960.0,99.85,11677.0,499.0,99.83,14069.0,836.0,99.815,14068.0,546.0,99.79,12189.0,922.0,99.755,13685.0,955.0,99.72,11389.0,425.0,99.685,9046.0,566.0,99.63,7202.0,1440.0,99.59,7227.0,1454.0,99.545,5270.0,435.0,99.475,3497.0,440.0,99.43,2416.0,393.0,99.37,1805.0,187.0,99.27,1509.0,254.0,99.22,2859.0,168.0,99.155,1584.0,35.0,99.05,279.0,24.0,98.985,481.0,9.0,98.91,185.0,5.0,98.8,243.0,5.0,98.74,98.67,98.54,98.465,98.37,98.24,98.17,98.085,97.965,NaN,NaN,NaN,NaN,NaN,NaN,NaN,NaN,NaN,NaN,NaN,NaN,NaN,NaN,NaN,NaN,NaN,NaN,NaN,NaN,NaN,NaN,NaN,NaN,NaN,NaN,NaN
2013-09-13,NaN,NaN,NaN,NaN,NaN,NaN,NaN,NaN,NaN,NaN,NaN,NaN,NaN,NaN,NaN,NaN,NaN,NaN,NaN,NaN,NaN,NaN,NaN,NaN,99.9175,37511.0,641.0,99.91,25836.0,1435.0,99.9,20958.0,827.0,99.895,25664.0,1282.0,99.89,21566.0,552.0,99.875,19935.0,33.0,99.865,18486.0,234.0,99.85,11549.0,472.0,99.83,14222.0,376.0,99.815,13915.0,472.0,99.79,12434.0,658.0,99.755,13509.0,390.0,99.72,11256.0,526.0,99.685,9037.0,611.0,99.63,7232.0,717.0,99.59,7232.0,180.0,99.545,5324.0,203.0,99.475,3594.0,352.0,99.43,2482.0,125.0,99.37,1873.0,146.0,99.27,1570.0,142.0,99.22,2880.0,24.0,99.155,1606.0,25.0,99.05,328.0,51.0,98.985,481.0,1.0,98.91,190.0,5.0,98.8,248.0,9.0,98.73,98.66,98.53,98.45,98.355,98.225,98.155,98.07,97.95,NaN,NaN,NaN,NaN,NaN,NaN,NaN,NaN,NaN,NaN,NaN,NaN,NaN,NaN,NaN,NaN,NaN,NaN,NaN,NaN,NaN,NaN,NaN,NaN,NaN,NaN,NaN
2013-09-16,NaN,NaN,NaN,NaN,NaN,NaN,NaN,NaN,NaN,NaN,NaN,NaN,NaN,NaN,NaN,NaN,NaN,NaN,NaN,NaN,NaN,NaN,NaN,NaN,99.9175,37219.0,571.0,99.91,25457.0,1459.0,99.9,21240.0,1509.0,99.895,25761.0,864.0,99.89,22189.0,1781.0,99.875,20581.0,1386.0,99.87,18512.0,1604.0,99.855,11953.0,2172.0,99.835,14224.0,2675.0,99.825,14868.0,2661.0,99.81,12381.0,3019.0,99.78,13373.0,1698.0,99.75,11230.0,2031.0,99.72,8941.0,1796.0,99.67,7010.0,1823.0,99.64,6625.0,1562.0,99.6,5614.0,1457.0,99.54,3713.0,1634.0,99.495,2501.0,1014.0,99.445,1890.0,505.0,99.355,1626.0,209.0,99.31,2887.0,61.0,99.245,1607.0,5.0,99.145,390.0,68.0,99.08,481.0,NaN,99.005,190.0,NaN,98.895,246.0,9.0,98.825,98.76,98.63,98.55,98.46,98.33,98.26,98.175,98.055,NaN,NaN,NaN,NaN,NaN,NaN,NaN,NaN,NaN,NaN,NaN,NaN,NaN,NaN,NaN,NaN,NaN,NaN,NaN,NaN,NaN,NaN,NaN,NaN,NaN,NaN,NaN
2013-09-17,NaN,NaN,NaN,NaN,NaN,NaN,NaN,NaN,NaN,NaN,NaN,NaN,NaN,NaN,NaN,NaN,NaN,NaN,NaN,NaN,NaN,NaN,NaN,NaN,99.9175,37516.0,661.0,99.91,26976.0,3277.0,99.9,21996.0,1947.0,99.895,26569.0,1190.0,99.89,22247.0,796.0,99.88,20052.0,1574.0,99.875,19007.0,1432.0,99.86,11795.0,469.0,99.845,14113.0,858.0,99.835,14313.0,1713.0,99.815,12192.0,334.0,99.79,13611.0,701.0,99.76,11798.0,931.0,99.735,8822.0,916.0,99.695,6344.0,1299.0,99.665,6827.0,1005.0,99.625,5767.0,1050.0,99.565,3908.0,707.0,99.525,2540.0,680.0,99.475,2141.0,584.0,99.385,1618.0,273.0,99.345,3026.0,179.0,99.29,1657.0,64.0,99.19,393.0,24.0,99.125,488.0,18.0,99.06,189.0,1.0,98.95,245.0,2.0,98.88,98.815,98.685,98.605,98.515,98.385,98.315,98.22,98.09,NaN,NaN,NaN,NaN,NaN,NaN,NaN,NaN,NaN,NaN,NaN,NaN,NaN,NaN,NaN,NaN,NaN,NaN,NaN,NaN,NaN,NaN,NaN,NaN,NaN,NaN,NaN
2013-09-18,NaN,NaN,NaN,NaN,NaN,NaN,NaN,NaN,NaN,NaN,NaN,NaN,NaN,NaN,NaN,NaN,NaN,NaN,NaN,NaN,NaN,NaN,NaN,NaN,99.9175,38298.0,2797.0,99.91,28349.0,3398.0,99.9,22434.0,2715.0,99.895,28118.0,5273.0,99.895,22993.0,2617.0,99.885,19077.0,2746.0,99.88,19444.0,2069.0,99.875,11924.0,3240.0,99.865,15187.0,2718.0,99.855,14766.0,1456.0,99.845,11954.0,1862.0,99.825,13698.0,1599.0,99.805,11718.0,1569.0,99.785,8962.0,1516.0,99.75,6347.0,1520.0,99.725,6634.0,1370.0,99.69,5681.0,811.0,99.645,4036.0,686.0,99.61,2556.0,884.0,99.57,2118.0,1349.0,99.495,1633.0,860.0,99.46,3176.0,649.0,99.415,1697.0,188.0,99.33,368.0,177.0,99.27,515.0,126.0,99.22,165.0,52.0,99.12,250.0,7.0,99.06,99.0,98.875,98.8,98.71,98.58,98.51,98.415,98.285,NaN,NaN,NaN,NaN,NaN,NaN,NaN,NaN,NaN,NaN,NaN,NaN,NaN,NaN,NaN,NaN,NaN,NaN,NaN,NaN,NaN,NaN,NaN,NaN,NaN,NaN,NaN
2013-09-19,NaN,NaN,NaN,NaN,NaN,NaN,NaN,NaN,NaN,NaN,NaN,NaN,NaN,NaN,NaN,NaN,NaN,NaN,NaN,NaN,NaN,NaN,NaN,NaN,99.9175,38580.0,724.0,99.91,28349.0,7.0,99.9,23248.0,2129.0,99.9,27291.0,2394.0,99.895,23072.0,203.0,99.885,18905.0,607.0,99.88,19453.0,226.0,99.875,11941.0,550.0,99.865,15075.0,947.0,99.855,14939.0,1057.0,99.84,11921.0,777.0,99.82,13449.0,648.0,99.8,11559.0,492.0,99.78,8731.0,569.0,99.745,6220.0,795.0,99.72,6696.0,596.0,99.685,5820.0,380.0,99.64,4083.0,513.0,99.605,2870.0,471.0,99.565,2132.0,180.0,99.49,1611.0,117.0,99.455,3125.0,93.0,99.41,1700.0,14.0,99.325,381.0,13.0,99.265,515.0,NaN,99.215,165.0,NaN,99.115,250.0,NaN,99.055,98.995,98.87,98.795,98.705,98.585,98.515,98.43,98.31,NaN,NaN,NaN,NaN,NaN,NaN,NaN,NaN,NaN,NaN,NaN,NaN,NaN,NaN,NaN,NaN,NaN,NaN,NaN,NaN,NaN,NaN,NaN,NaN,NaN,NaN,NaN
2013-09-20,NaN,NaN,NaN,NaN,NaN,NaN,NaN,NaN,NaN,NaN,NaN,NaN,NaN,NaN,NaN,NaN,NaN,NaN,NaN,NaN,NaN,NaN,NaN,NaN,99.9175,38632.0,540.0,99.91,29204.0,5364.0,99.9,23048.0,2014.0,99.9,26677.0,1999.0,99.895,23109.0,1797.0,99.885,19100.0,1403.0,99.88,20373.0,2346.0,99.87,11985.0,3347.0,99.86,15943.0,2067.0,99.85,15024.0,1054.0,99.835,12210.0,1669.0,99.82,13692.0,1671.0,99.8,11923.0,2099.0,99.78,8982.0,694.0,99.745,6360.0,985.0,99.72,6819.0,826.0,99.685,5883.0,515.0,99.64,4093.0,403.0,99.61,3203.0,578.0,99.57,2113.0,178.0,99.495,1617.0,26.0,99.46,3248.0,181.0,99.415,1751.0,68.0,99.33,387.0,13.0,99.275,522.0,16.0,99.225,165.0,6.0,99.125,254.0,7.0,99.065,99.0,98.875,98.8,98.71,98.59,98.52,98.435,98.315,NaN,NaN,NaN,NaN,NaN,NaN,NaN,NaN,NaN,NaN,NaN,NaN,NaN,NaN,NaN,NaN,NaN,NaN,NaN,NaN,NaN,NaN,NaN,NaN,NaN,NaN,NaN
2013-09-23,NaN,NaN,NaN,NaN,NaN,NaN,NaN,NaN,NaN,NaN,NaN,NaN,NaN,NaN,NaN,NaN,NaN,NaN,NaN,NaN,NaN,NaN,NaN,NaN,99.9175,38632.0,57.0,99.91,29050.0,573.0,99.9,23298.0,3622.0,99.9,26703.0,99.0,99.895,22758.0,541.0,99.885,18604.0,776.0,99.88,20356.0,100.0,99.87,12111.0,699.0,99.86,15684.0,571.0,99.85,15031.0,268.0,99.84,12479.0,847.0,99.82,13720.0,835.0,99.805,11840.0,480.0,99.785,9414.0,1198.0,99.75,7107.0,1041.0,99.73,6968.0,311.0,99.695,6006.0,268.0,99.655,4152.0,279.0,99.625,3297.0,202.0,99.585,2177.0,224.0,99.515,1695.0,152.0,99.48,3296.0,75.0,99.435,1754.0,13.0,99.35,387.0,6.0,99.3,522.0,NaN,99.25,165.0,NaN,99.15,254.0,NaN,99.09,99.025,98.9,98.825,98.735,98.615,98.545,98.46,98.34,NaN,NaN,NaN,NaN,NaN,NaN,NaN,NaN,NaN,NaN,NaN,NaN,NaN,NaN,NaN,NaN,NaN,NaN,NaN,NaN,NaN,NaN,NaN,NaN,NaN,NaN,NaN
2013-09-24,NaN,NaN,NaN,NaN,NaN,NaN,NaN,NaN,NaN,NaN,NaN,NaN,NaN,NaN,NaN,NaN,NaN,NaN,NaN,NaN,NaN,NaN,NaN,NaN,99.9175,39393.0,849.0,99.91,27830.0,4117.0,99.9,22845.0,1783.0,99.9,26405.0,1314.0,99.895,23215.0,1463.0,99.885,18381.0,643.0,99.88,20427.0,1104.0,99.87,12086.0,426.0,99.86,15634.0,544.0,99.85,15029.0,171.0,99.84,12075.0,823.0,99.825,13748.0,792.0,99.805,11519.0,580.0,99.79,9391.0,385.0,99.76,6674.0,887.0,99.74,7055.0,376.0,99.705,6312.0,763.0,99.665,4289.0,661.0,99.635,3320.0,78.0,99.6,2366.0,561.0,99.535,1894.0,246.0,99.5,3345.0,50.0,99.455,1770.0,19.0,99.375,343.0,86.0,99.325,549.0,63.0,99.275,165.0,NaN,99.175,251.0,3.0,99.12,99.06,98.94,98.87,98.785,98.67,98.605,98.535,98.415,NaN,NaN,NaN,NaN,NaN,NaN,NaN,NaN,NaN,NaN,NaN,NaN,NaN,NaN,NaN,NaN,NaN,NaN,NaN,NaN,NaN,NaN,NaN,NaN,NaN,NaN,NaN
2013-09-25,NaN,NaN,NaN,NaN,NaN,NaN,NaN,NaN,NaN,NaN,NaN,NaN,NaN,NaN,NaN,NaN,NaN,NaN,NaN,NaN,NaN,NaN,NaN,NaN,99.9175,38691.0,2856.0,99.91,27721.0,2124.0,99.9,23101.0,1393.0,99.9,26882.0,2260.0,99.895,24585.0,2976.0,99.885,18628.0,551.0,99.88,20909.0,1279.0,99.875,12159.0,553.0,99.865,15743.0,582.0,99.855,15290.0,1075.0,99.845,12071.0,1123.0,99.83,14339.0,2166.0,99.81,11836.0,952.0,99.795,10317.0,2019.0,99.77,7569.0,2469.0,99.75,7517.0,1963.0,99.72,6554.0,468.0,99.68,4407.0,560.0,99.655,3331.0,37.0,99.62,2363.0,152.0,99.56,1862.0,250.0,99.525,3382.0,150.0,99.48,1865.0,160.0,99.41,259.0,84.0,99.36,556.0,7.0,99.31,165.0,NaN,99.215,251.0,NaN,99.16,99.105,98.99,98.92,98.84,98.725,98.665,98.595,98.475,NaN,NaN,NaN,NaN,NaN,NaN,NaN,NaN,NaN,NaN,NaN,NaN,NaN,NaN,NaN,NaN,NaN,NaN,NaN,NaN,NaN,NaN,NaN,NaN,NaN,NaN,NaN
2013-09-26,NaN,NaN,NaN,NaN,NaN,NaN,NaN,NaN,NaN,NaN,NaN,NaN,NaN,NaN,NaN,NaN,NaN,NaN,NaN,NaN,NaN,NaN,NaN,NaN,99.9175,40276.0,2309.0,99.905,26481.0,6412.0,99.895,25826.0,5268.0,99.895,27290.0,2331.0,99.895,24635.0,1224.0,99.885,19113.0,1039.0,99.88,20533.0,1509.0,99.875,12432.0,1138.0,99.865,15865.0,1447.0,99.855,15246.0,1164.0,99.845,12093.0,556.0,99.83,14277.0,912.0,99.81,11861.0,246.0,99.795,10343.0,361.0,99.77,7494.0,719.0,99.75,7334.0,777.0,99.72,6371.0,655.0,99.68,4329.0,298.0,99.655,3360.0,94.0,99.62,2365.0,201.0,99.56,2008.0,191.0,99.525,3438.0,93.0,99.48,1969.0,108.0,99.41,314.0,106.0,99.36,588.0,37.0,99.3,165.0,5.0,99.205,256.0,5.0,99.15,99.09,98.97,98.9,98.82,98.705,98.645,98.565,98.445,NaN,NaN,NaN,NaN,NaN,NaN,NaN,NaN,NaN,NaN,NaN,NaN,NaN,NaN,NaN,NaN,NaN,NaN,NaN,NaN,NaN,NaN,NaN,NaN,NaN,NaN,NaN
2013-09-27,NaN,NaN,NaN,NaN,NaN,NaN,NaN,NaN,NaN,NaN,NaN,NaN,NaN,NaN,NaN,NaN,NaN,NaN,NaN,NaN,NaN,NaN,NaN,NaN,99.9175,38564.0,2115.0,99.905,27022.0,1683.0,99.895,26200.0,949.0,99.895,26888.0,854.0,99.895,25036.0,623.0,99.885,19181.0,120.0,99.88,20500.0,84.0,99.875,12374.0,1203.0,99.865,16285.0,724.0,99.855,15384.0,2357.0,99.845,11384.0,3000.0,99.83,14803.0,1941.0,99.815,11996.0,1646.0,99.795,10391.0,538.0,99.77,7506.0,409.0,99.75,7319.0,562.0,99.725,6315.0,305.0,99.69,4377.0,108.0,99.665,3356.0,46.0,99.63,2392.0,134.0,99.575,2133.0,140.0,99.545,3554.0,132.0,99.5,1983.0,22.0,99.43,327.0,29.0,99.38,600.0,14.0,99.32,165.0,NaN,99.23,256.0,NaN,99.175,99.115,99.0,98.935,98.86,98.745,98.685,98.605,98.49,NaN,NaN,NaN,NaN,NaN,NaN,NaN,NaN,NaN,NaN,NaN,NaN,NaN,NaN,NaN,NaN,NaN,NaN,NaN,NaN,NaN,NaN,NaN,NaN,NaN,NaN,NaN
2013-09-30,NaN,NaN,NaN,NaN,NaN,NaN,NaN,NaN,NaN,NaN,NaN,NaN,NaN,NaN,NaN,NaN,NaN,NaN,NaN,NaN,NaN,NaN,NaN,NaN,99.92,40287.0,9115.0,99.905,27850.0,2995.0,99.895,26809.0,1768.0,99.895,26602.0,1549.0,99.895,25153.0,755.0,99.885,19383.0,1250.0,99.88,20510.0,233.0,99.875,12315.0,1397.0,99.865,16074.0,1720.0,99.855,15265.0,803.0,99.845,11420.0,719.0,99.83,14831.0,361.0,99.815,11362.0,945.0,99.8,10439.0,369.0,99.775,7493.0,169.0,99.76,7476.0,559.0,99.735,7018.0,1153.0,99.7,5281.0,1375.0,99.675,3647.0,427.0,99.645,2384.0,90.0,99.59,2391.0,299.0,99.56,3553.0,60.0,99.515,1990.0,20.0,99.45,316.0,11.0,99.405,604.0,5.0,99.35,166.0,1.0,99.26,256.0,NaN,99.205,99.145,99.03,98.965,98.89,98.775,98.71,98.63,98.515,NaN,NaN,NaN,NaN,NaN,NaN,NaN,NaN,NaN,NaN,NaN,NaN,NaN,NaN,NaN,NaN,NaN,NaN,NaN,NaN,NaN,NaN,NaN,NaN,NaN,NaN,NaN
2013-10-01,NaN,NaN,NaN,NaN,NaN,NaN,NaN,NaN,NaN,NaN,NaN,NaN,NaN,NaN,NaN,NaN,NaN,NaN,NaN,NaN,NaN,NaN,NaN,NaN,NaN,NaN,NaN,99.905,28428.0,2005.0,99.895,26797.0,737.0,99.895,26326.0,1793.0,99.895,25180.0,76.0,99.885,18792.0,1572.0,99.88,20478.0,117.0,99.875,12377.0,94.0,99.865,16127.0,180.0,99.855,15275.0,89.0,99.845,11539.0,301.0,99.83,14772.0,181.0,99.815,11474.0,373.0,99.8,10532.0,347.0,99.775,7418.0,510.0,99.76,7512.0,431.0,99.735,6796.0,132.0,99.7,5117.0,227.0,99.675,3660.0,184.0,99.645,2400.0,121.0,99.59,2324.0,238.0,99.56,3649.0,158.0,99.515,2042.0,59.0,99.45,318.0,3.0,99.405,606.0,4.0,99.35,166.0,NaN,99.255,257.0,1.0,99.195,99.125,99.005,98.94,98.86,98.745,98.675,98.595,98.48,98.395,NaN,NaN,NaN,NaN,NaN,NaN,NaN,NaN,NaN,NaN,NaN,NaN,NaN,NaN,NaN,NaN,NaN,NaN,NaN,NaN,NaN,NaN,NaN,NaN,NaN,NaN
2013-10-02,NaN,NaN,NaN,NaN,NaN,NaN,NaN,NaN,NaN,NaN,NaN,NaN,NaN,NaN,NaN,NaN,NaN,NaN,NaN,NaN,NaN,NaN,NaN,NaN,NaN,NaN,NaN,99.91,30303.0,3244.0,99.9,26860.0,1249.0,99.9,25827.0,1379.0,99.895,26492.0,1533.0,99.885,18890.0,355.0,99.88,20403.0,1169.0,99.875,12598.0,443.0,99.865,16232.0,946.0,99.855,15267.0,390.0,99.85,12128.0,1344.0,99.835,14897.0,384.0,99.82,11467.0,464.0,99.805,10421.0,958.0,99.785,7350.0,1145.0,99.77,7700.0,605.0,99.745,7366.0,1185.0,99.715,5569.0,887.0,99.69,3734.0,282.0,99.665,2515.0,298.0,99.615,2534.0,358.0,99.585,3710.0,335.0,99.55,2077.0,82.0,99.485,317.0,1.0,99.44,602.0,6.0,99.39,170.0,7.0,99.3,262.0,11.0,99.245,99.18,99.06,98.995,98.915,98.8,98.73,98.65,98.535,98.46,NaN,NaN,NaN,NaN,NaN,NaN,NaN,NaN,NaN,NaN,NaN,NaN,NaN,NaN,NaN,NaN,NaN,NaN,NaN,NaN,NaN,NaN,NaN,NaN,NaN,NaN
2013-10-03,NaN,NaN,NaN,NaN,NaN,NaN,NaN,NaN,NaN,NaN,NaN,NaN,NaN,NaN,NaN,NaN,NaN,NaN,NaN,NaN,NaN,NaN,NaN,NaN,NaN,NaN,NaN,99.91,28943.0,6163.0,99.9,31939.0,13187.0,99.9,26634.0,3706.0,99.895,26528.0,535.0,99.885,18934.0,135.0,99.88,20230.0,248.0,99.875,12612.0,79.0,99.865,16300.0,182.0,99.855,15277.0,342.0,99.85,12162.0,111.0,99.84,14924.0,570.0,99.825,11748.0,631.0,99.81,10379.0,304.0,99.79,7165.0,513.0,99.775,7670.0,201.0,99.75,7397.0,366.0,99.72,5346.0,501.0,99.695,3842.0,193.0,99.67,2524.0,118.0,99.62,2544.0,101.0,99.595,3722.0,34.0,99.56,2096.0,77.0,99.495,311.0,65.0,99.45,608.0,6.0,99.4,170.0,15.0,99.31,267.0,43.0,99.255,99.19,99.07,99.005,98.925,98.81,98.74,98.66,98.545,98.47,NaN,NaN,NaN,NaN,NaN,NaN,NaN,NaN,NaN,NaN,NaN,NaN,NaN,NaN,NaN,NaN,NaN,NaN,NaN,NaN,NaN,NaN,NaN,NaN,NaN,NaN
2013-10-04,NaN,NaN,NaN,NaN,NaN,NaN,NaN,NaN,NaN,NaN,NaN,NaN,NaN,NaN,NaN,NaN,NaN,NaN,NaN,NaN,NaN,NaN,NaN,NaN,NaN,NaN,NaN,99.905,29702.0,5742.0,99.9,35141.0,6023.0,99.9,26651.0,1805.0,99.895,28270.0,3154.0,99.885,18917.0,71.0,99.88,20136.0,153.0,99.875,12618.0,29.0,99.865,16273.0,128.0,99.855,15581.0,848.0,99.85,12193.0,129.0,99.84,15485.0,775.0,99.825,11701.0,347.0,99.815,10382.0,105.0,99.795,7125.0,802.0,99.78,7661.0,305.0,99.755,7381.0,676.0,99.725,5655.0,645.0,99.7,3955.0,197.0,99.675,2466.0,141.0,99.625,2616.0,147.0,99.595,3725.0,72.0,99.55,2040.0,68.0,99.485,319.0,16.0,99.44,631.0,24.0,99.38,170.0,15.0,99.29,252.0,20.0,99.235,99.17,99.05,98.985,98.905,98.79,98.72,98.64,98.525,98.45,NaN,NaN,NaN,NaN,NaN,NaN,NaN,NaN,NaN,NaN,NaN,NaN,NaN,NaN,NaN,NaN,NaN,NaN,NaN,NaN,NaN,NaN,NaN,NaN,NaN,NaN
2013-10-07,NaN,NaN,NaN,NaN,NaN,NaN,NaN,NaN,NaN,NaN,NaN,NaN,NaN,NaN,NaN,NaN,NaN,NaN,NaN,NaN,NaN,NaN,NaN,NaN,NaN,NaN,NaN,99.9025,30698.0,4035.0,99.895,35925.0,5093.0,99.9,26295.0,1413.0,99.895,28418.0,1247.0,99.885,18903.0,37.0,99.88,19919.0,427.0,99.875,12518.0,190.0,99.865,16259.0,942.0,99.855,15772.0,380.0,99.85,12643.0,920.0,99.84,15337.0,268.0,99.825,11847.0,236.0,99.815,10442.0,241.0,99.795,7051.0,217.0,99.78,7803.0,745.0,99.755,7627.0,1306.0,99.725,5879.0,1200.0,99.7,4117.0,345.0,99.67,2462.0,353.0,99.615,2396.0,244.0,99.585,3727.0,3.0,99.54,2047.0,11.0,99.47,330.0,17.0,99.425,631.0,1.0,99.365,170.0,NaN,99.275,252.0,NaN,99.22,99.155,99.035,98.97,98.89,98.785,98.715,98.635,98.52,98.455,NaN,NaN,NaN,NaN,NaN,NaN,NaN,NaN,NaN,NaN,NaN,NaN,NaN,NaN,NaN,NaN,NaN,NaN,NaN,NaN,NaN,NaN,NaN,NaN,NaN,NaN
2013-10-08,NaN,NaN,NaN,NaN,NaN,NaN,NaN,NaN,NaN,NaN,NaN,NaN,NaN,NaN,NaN,NaN,NaN,NaN,NaN,NaN,NaN,NaN,NaN,NaN,NaN,NaN,NaN,99.8925,30885.0,11788.0,99.885,37884.0,11089.0,99.89,27095.0,6320.0,99.89,28963.0,5048.0,99.885,19013.0,2668.0,99.88,19741.0,2204.0,99.87,12407.0,1718.0,99.865,15766.0,1790.0,99.855,15965.0,888.0,99.845,12488.0,928.0,99.835,15326.0,822.0,99.82,11786.0,665.0,99.805,10500.0,421.0,99.785,7126.0,411.0,99.77,7913.0,563.0,99.745,7366.0,689.0,99.715,5867.0,298.0,99.69,4068.0,304.0,99.66,2458.0,114.0,99.605,2399.0,142.0,99.575,3670.0,91.0,99.53,1980.0,96.0,99.46,334.0,23.0,99.415,640.0,9.0,99.355,170.0,NaN,99.27,252.0,NaN,99.215,99.15,99.035,98.97,98.89,98.785,98.715,98.635,98.525,98.46,NaN,NaN,NaN,NaN,NaN,NaN,NaN,NaN,NaN,NaN,NaN,NaN,NaN,NaN,NaN,NaN,NaN,NaN,NaN,NaN,NaN,NaN,NaN,NaN,NaN,NaN
2013-10-09,NaN,NaN,NaN,NaN,NaN,NaN,NaN,NaN,NaN,NaN,NaN,NaN,NaN,NaN,NaN,NaN,NaN,NaN,NaN,NaN,NaN,NaN,NaN,NaN,NaN,NaN,NaN,99.8925,32086.0,3998.0,99.885,38545.0,2729.0,99.89,27227.0,2681.0,99.89,28609.0,887.0,99.885,18708.0,833.0,99.88,20028.0,1187.0,99.87,12394.0,395.0,99.865,16614.0,1074.0,99.855,15948.0,134.0,99.85,12486.0,80.0,99.84,15325.0,157.0,99.825,11854.0,170.0,99.815,10673.0,463.0,99.795,7206.0,693.0,99.78,7937.0,299.0,99.755,7420.0,771.0,99.725,6035.0,567.0,99.7,4197.0,170.0,99.67,2459.0,88.0,99.615,2380.0,211.0,99.585,3684.0,23.0,99.54,1978.0,10.0,99.47,343.0,28.0,99.425,651.0,11.0,99.365,171.0,5.0,99.285,252.0,NaN,99.235,99.17,99.06,98.995,98.92,98.815,98.745,98.665,98.555,98.49,NaN,NaN,NaN,NaN,NaN,NaN,NaN,NaN,NaN,NaN,NaN,NaN,NaN,NaN,NaN,NaN,NaN,NaN,NaN,NaN,NaN,NaN,NaN,NaN,NaN,NaN
2013-10-10,NaN,NaN,NaN,NaN,NaN,NaN,NaN,NaN,NaN,NaN,NaN,NaN,NaN,NaN,NaN,NaN,NaN,NaN,NaN,NaN,NaN,NaN,NaN,NaN,NaN,NaN,NaN,99.9025,30495.0,9587.0,99.895,35016.0,16314.0,99.895,28423.0,5021.0,99.895,29117.0,1947.0,99.89,18393.0,1419.0,99.88,20373.0,1168.0,99.875,12370.0,570.0,99.865,16597.0,309.0,99.855,15777.0,276.0,99.85,12458.0,525.0,99.84,15420.0,350.0,99.825,11819.0,365.0,99.81,10493.0,773.0,99.79,7103.0,1049.0,99.775,7979.0,882.0,99.745,7157.0,736.0,99.71,5696.0,866.0,99.685,4168.0,228.0,99.655,2452.0,182.0,99.6,2395.0,204.0,99.57,3683.0,13.0,99.525,1974.0,11.0,99.455,352.0,10.0,99.41,651.0,9.0,99.355,171.0,NaN,99.275,252.0,6.0,99.225,99.16,99.05,98.985,98.91,98.805,98.735,98.655,98.545,98.48,NaN,NaN,NaN,NaN,NaN,NaN,NaN,NaN,NaN,NaN,NaN,NaN,NaN,NaN,NaN,NaN,NaN,NaN,NaN,NaN,NaN,NaN,NaN,NaN,NaN,NaN
2013-10-11,NaN,NaN,NaN,NaN,NaN,NaN,NaN,NaN,NaN,NaN,NaN,NaN,NaN,NaN,NaN,NaN,NaN,NaN,NaN,NaN,NaN,NaN,NaN,NaN,NaN,NaN,NaN,99.905,30762.0,1860.0,99.895,35547.0,2384.0,99.895,28562.0,2162.0,99.895,29188.0,827.0,99.89,18869.0,991.0,99.88,20326.0,293.0,99.875,12489.0,1272.0,99.865,16918.0,542.0,99.855,15741.0,286.0,99.85,12423.0,126.0,99.84,15391.0,212.0,99.825,11669.0,232.0,99.81,10399.0,131.0,99.79,7018.0,478.0,99.775,8109.0,368.0,99.745,7254.0,328.0,99.715,5645.0,410.0,99.69,4213.0,83.0,99.66,2545.0,190.0,99.605,2564.0,214.0,99.575,3675.0,31.0,99.54,2074.0,117.0,99.48,436.0,103.0,99.44,634.0,23.0,99.39,173.0,18.0,99.31,257.0,6.0,99.26,99.195,99.09,99.025,98.955,98.85,98.78,98.7,98.59,98.525,NaN,NaN,NaN,NaN,NaN,NaN,NaN,NaN,NaN,NaN,NaN,NaN,NaN,NaN,NaN,NaN,NaN,NaN,NaN,NaN,NaN,NaN,NaN,NaN,NaN,NaN
2013-10-14,NaN,NaN,NaN,NaN,NaN,NaN,NaN,NaN,NaN,NaN,NaN,NaN,NaN,NaN,NaN,NaN,NaN,NaN,NaN,NaN,NaN,NaN,NaN,NaN,NaN,NaN,NaN,99.8975,30936.0,532.0,99.895,34667.0,1461.0,99.895,28572.0,376.0,99.895,29187.0,25.0,99.89,18861.0,44.0,99.88,20264.0,79.0,99.875,12508.0,86.0,99.865,16920.0,11.0,99.855,15767.0,52.0,99.845,12392.0,71.0,99.835,15411.0,61.0,99.82,11730.0,113.0,99.81,10407.0,40.0,99.79,6996.0,61.0,99.77,8116.0,52.0,99.745,7260.0,135.0,99.71,5640.0,35.0,99.685,4208.0,40.0,99.655,2547.0,39.0,99.6,2569.0,16.0,99.57,3675.0,29.0,99.535,2089.0,26.0,99.475,433.0,29.0,99.435,650.0,24.0,99.385,173.0,NaN,99.305,257.0,NaN,99.255,99.19,99.085,99.02,98.95,98.845,98.775,98.695,98.585,98.52,NaN,NaN,NaN,NaN,NaN,NaN,NaN,NaN,NaN,NaN,NaN,NaN,NaN,NaN,NaN,NaN,NaN,NaN,NaN,NaN,NaN,NaN,NaN,NaN,NaN,NaN
2013-10-15,NaN,NaN,NaN,NaN,NaN,NaN,NaN,NaN,NaN,NaN,NaN,NaN,NaN,NaN,NaN,NaN,NaN,NaN,NaN,NaN,NaN,NaN,NaN,NaN,NaN,NaN,NaN,99.9,31356.0,1605.0,99.895,34590.0,3661.0,99.895,28465.0,3062.0,99.89,28903.0,2337.0,99.885,18901.0,1327.0,99.88,20442.0,627.0,99.87,12686.0,827.0,99.86,16974.0,673.0,99.85,15475.0,738.0,99.84,12305.0,484.0,99.83,15380.0,343.0,99.815,11418.0,782.0,99.8,10472.0,875.0,99.78,7249.0,911.0,99.76,8314.0,601.0,99.735,6832.0,1235.0,99.7,5271.0,825.0,99.675,4308.0,196.0,99.645,2741.0,276.0,99.59,2767.0,253.0,99.56,3664.0,22.0,99.525,2302.0,244.0,99.465,634.0,228.0,99.425,661.0,18.0,99.375,173.0,7.0,99.295,257.0,NaN,99.245,99.18,99.075,99.01,98.94,98.835,98.765,98.685,98.575,98.51,NaN,NaN,NaN,NaN,NaN,NaN,NaN,NaN,NaN,NaN,NaN,NaN,NaN,NaN,NaN,NaN,NaN,NaN,NaN,NaN,NaN,NaN,NaN,NaN,NaN,NaN
2013-10-16,NaN,NaN,NaN,NaN,NaN,NaN,NaN,NaN,NaN,NaN,NaN,NaN,NaN,NaN,NaN,NaN,NaN,NaN,NaN,NaN,NaN,NaN,NaN,NaN,NaN,NaN,NaN,99.9075,31017.0,2244.0,99.905,31769.0,6973.0,99.9,27991.0,3581.0,99.895,29119.0,2016.0,99.885,18948.0,543.0,99.88,20633.0,1216.0,99.87,13208.0,1895.0,99.86,17021.0,2442.0,99.85,15553.0,496.0,99.84,12255.0,501.0,99.83,15440.0,410.0,99.815,11566.0,896.0,99.8,10314.0,535.0,99.78,7273.0,836.0,99.765,8046.0,521.0,99.74,6889.0,601.0,99.71,5217.0,618.0,99.685,4621.0,395.0,99.66,2801.0,136.0,99.605,2848.0,111.0,99.575,3661.0,4.0,99.54,2315.0,28.0,99.48,636.0,10.0,99.44,664.0,17.0,99.39,175.0,2.0,99.31,256.0,1.0,99.26,99.195,99.09,99.025,98.955,98.85,98.78,98.7,98.59,98.525,NaN,NaN,NaN,NaN,NaN,NaN,NaN,NaN,NaN,NaN,NaN,NaN,NaN,NaN,NaN,NaN,NaN,NaN,NaN,NaN,NaN,NaN,NaN,NaN,NaN,NaN
2013-10-17,NaN,NaN,NaN,NaN,NaN,NaN,NaN,NaN,NaN,NaN,NaN,NaN,NaN,NaN,NaN,NaN,NaN,NaN,NaN,NaN,NaN,NaN,NaN,NaN,NaN,NaN,NaN,99.9075,31303.0,2556.0,99.91,32174.0,4871.0,99.905,28054.0,572.0,99.9,29371.0,996.0,99.89,20264.0,2310.0,99.885,20686.0,611.0,99.875,13144.0,635.0,99.865,17018.0,412.0,99.855,15516.0,414.0,99.85,12330.0,668.0,99.835,15386.0,428.0,99.825,11254.0,470.0,99.81,10353.0,438.0,99.79,7616.0,623.0,99.775,8103.0,591.0,99.755,7106.0,560.0,99.725,5126.0,405.0,99.7,4802.0,280.0,99.675,3113.0,417.0,99.63,2872.0,130.0,99.6,3870.0,324.0,99.565,2400.0,142.0,99.51,671.0,79.0,99.475,701.0,38.0,99.425,184.0,11.0,99.35,265.0,9.0,99.3,99.25,99.145,99.09,99.025,98.92,98.86,98.78,98.67,98.605,NaN,NaN,NaN,NaN,NaN,NaN,NaN,NaN,NaN,NaN,NaN,NaN,NaN,NaN,NaN,NaN,NaN,NaN,NaN,NaN,NaN,NaN,NaN,NaN,NaN,NaN
2013-10-18,NaN,NaN,NaN,NaN,NaN,NaN,NaN,NaN,NaN,NaN,NaN,NaN,NaN,NaN,NaN,NaN,NaN,NaN,NaN,NaN,NaN,NaN,NaN,NaN,NaN,NaN,NaN,99.9075,30678.0,1306.0,99.91,32924.0,1318.0,99.905,28670.0,2054.0,99.905,29577.0,1368.0,99.89,20690.0,724.0,99.885,20836.0,284.0,99.88,13140.0,660.0,99.87,16851.0,484.0,99.86,15432.0,190.0,99.855,12344.0,177.0,99.84,15416.0,127.0,99.83,11214.0,170.0,99.82,10418.0,409.0,99.8,7680.0,367.0,99.785,8289.0,467.0,99.765,7065.0,589.0,99.735,4996.0,504.0,99.71,5026.0,432.0,99.685,3350.0,287.0,99.64,2922.0,83.0,99.61,3876.0,7.0,99.575,2400.0,1.0,99.52,747.0,88.0,99.485,784.0,99.0,99.435,184.0,NaN,99.36,265.0,NaN,99.31,99.255,99.15,99.095,99.025,98.92,98.86,98.78,98.67,98.605,NaN,NaN,NaN,NaN,NaN,NaN,NaN,NaN,NaN,NaN,NaN,NaN,NaN,NaN,NaN,NaN,NaN,NaN,NaN,NaN,NaN,NaN,NaN,NaN,NaN,NaN
2013-10-21,NaN,NaN,NaN,NaN,NaN,NaN,NaN,NaN,NaN,NaN,NaN,NaN,NaN,NaN,NaN,NaN,NaN,NaN,NaN,NaN,NaN,NaN,NaN,NaN,NaN,NaN,NaN,99.9075,30464.0,1087.0,99.91,32159.0,2449.0,99.91,28029.0,905.0,99.905,29468.0,1233.0,99.895,20325.0,1648.0,99.89,20829.0,451.0,99.88,13207.0,492.0,99.87,15845.0,1223.0,99.86,15615.0,616.0,99.855,12255.0,143.0,99.84,15115.0,249.0,99.83,11358.0,186.0,99.82,10415.0,42.0,99.8,7683.0,240.0,99.785,8377.0,271.0,99.765,7102.0,104.0,99.735,4985.0,34.0,99.71,5012.0,78.0,99.68,3350.0,17.0,99.63,2877.0,126.0,99.6,3962.0,122.0,99.565,2408.0,48.0,99.505,752.0,12.0,99.465,784.0,4.0,99.405,184.0,NaN,99.33,265.0,NaN,99.28,99.22,99.115,99.06,98.99,98.885,98.825,98.745,98.635,98.57,NaN,NaN,NaN,NaN,NaN,NaN,NaN,NaN,NaN,NaN,NaN,NaN,NaN,NaN,NaN,NaN,NaN,NaN,NaN,NaN,NaN,NaN,NaN,NaN,NaN,NaN
2013-10-22,NaN,NaN,NaN,NaN,NaN,NaN,NaN,NaN,NaN,NaN,NaN,NaN,NaN,NaN,NaN,NaN,NaN,NaN,NaN,NaN,NaN,NaN,NaN,NaN,NaN,NaN,NaN,99.91,30394.0,810.0,99.91,32160.0,1422.0,99.91,27895.0,164.0,99.91,29477.0,229.0,99.9,19235.0,1585.0,99.895,20627.0,438.0,99.885,13082.0,1129.0,99.875,15293.0,1318.0,99.87,15936.0,593.0,99.86,12010.0,605.0,99.85,15024.0,683.0,99.835,11040.0,526.0,99.825,10504.0,525.0,99.81,7660.0,563.0,99.795,8397.0,1227.0,99.775,7057.0,491.0,99.75,5076.0,305.0,99.725,5214.0,319.0,99.7,3682.0,388.0,99.655,3010.0,175.0,99.625,4122.0,190.0,99.59,2432.0,90.0,99.54,890.0,192.0,99.505,977.0,215.0,99.45,184.0,NaN,99.38,265.0,1.0,99.335,99.285,99.18,99.125,99.055,98.965,98.905,98.825,98.725,98.66,NaN,NaN,NaN,NaN,NaN,NaN,NaN,NaN,NaN,NaN,NaN,NaN,NaN,NaN,NaN,NaN,NaN,NaN,NaN,NaN,NaN,NaN,NaN,NaN,NaN,NaN
2013-10-23,NaN,NaN,NaN,NaN,NaN,NaN,NaN,NaN,NaN,NaN,NaN,NaN,NaN,NaN,NaN,NaN,NaN,NaN,NaN,NaN,NaN,NaN,NaN,NaN,NaN,NaN,NaN,99.91,30431.0,92.0,99.915,33112.0,3033.0,99.915,27816.0,1462.0,99.91,29480.0,36.0,99.905,19048.0,597.0,99.895,20455.0,1823.0,99.89,12962.0,746.0,99.88,15109.0,488.0,99.87,15934.0,308.0,99.86,11791.0,964.0,99.85,15381.0,646.0,99.835,11017.0,352.0,99.825,10458.0,571.0,99.81,7668.0,579.0,99.795,8431.0,248.0,99.775,6967.0,214.0,99.75,5016.0,387.0,99.725,5303.0,255.0,99.7,3681.0,75.0,99.655,3003.0,78.0,99.625,4237.0,407.0,99.59,2544.0,321.0,99.54,916.0,110.0,99.505,1136.0,168.0,99.45,251.0,68.0,99.385,281.0,16.0,99.34,99.295,99.195,99.145,99.075,98.985,98.925,98.85,98.75,98.685,NaN,NaN,NaN,NaN,NaN,NaN,NaN,NaN,NaN,NaN,NaN,NaN,NaN,NaN,NaN,NaN,NaN,NaN,NaN,NaN,NaN,NaN,NaN,NaN,NaN,NaN
2013-10-24,NaN,NaN,NaN,NaN,NaN,NaN,NaN,NaN,NaN,NaN,NaN,NaN,NaN,NaN,NaN,NaN,NaN,NaN,NaN,NaN,NaN,NaN,NaN,NaN,NaN,NaN,NaN,99.91,30437.0,24.0,99.915,33674.0,1330.0,99.915,28082.0,412.0,99.91,29743.0,549.0,99.905,19208.0,325.0,99.895,20432.0,4.0,99.89,12948.0,141.0,99.88,15100.0,44.0,99.87,15877.0,111.0,99.86,11650.0,162.0,99.85,15365.0,44.0,99.835,11083.0,139.0,99.825,10461.0,53.0,99.805,7687.0,226.0,99.79,8299.0,183.0,99.77,6939.0,350.0,99.745,4996.0,339.0,99.72,5297.0,53.0,99.695,3691.0,57.0,99.645,3001.0,35.0,99.615,4262.0,40.0,99.58,2536.0,45.0,99.53,877.0,35.0,99.49,1136.0,6.0,99.435,251.0,NaN,99.37,281.0,NaN,99.325,99.28,99.18,99.13,99.06,98.97,98.91,98.83,98.73,98.665,NaN,NaN,NaN,NaN,NaN,NaN,NaN,NaN,NaN,NaN,NaN,NaN,NaN,NaN,NaN,NaN,NaN,NaN,NaN,NaN,NaN,NaN,NaN,NaN,NaN,NaN
2013-10-25,NaN,NaN,NaN,NaN,NaN,NaN,NaN,NaN,NaN,NaN,NaN,NaN,NaN,NaN,NaN,NaN,NaN,NaN,NaN,NaN,NaN,NaN,NaN,NaN,NaN,NaN,NaN,99.91,30423.0,89.0,99.915,34582.0,2286.0,99.915,28082.0,660.0,99.91,29298.0,772.0,99.905,18866.0,485.0,99.895,20700.0,994.0,99.89,13119.0,419.0,99.88,15109.0,372.0,99.87,15786.0,183.0,99.865,11614.0,299.0,99.855,15329.0,380.0,99.84,11195.0,739.0,99.83,10581.0,233.0,99.81,7835.0,370.0,99.795,8367.0,481.0,99.775,6974.0,234.0,99.75,5047.0,402.0,99.725,5324.0,164.0,99.7,3761.0,126.0,99.65,3016.0,148.0,99.625,4268.0,98.0,99.595,2556.0,20.0,99.545,888.0,12.0,99.505,1136.0,NaN,99.455,251.0,NaN,99.39,281.0,NaN,99.345,99.305,99.205,99.155,99.085,98.995,98.935,98.86,98.76,98.695,NaN,NaN,NaN,NaN,NaN,NaN,NaN,NaN,NaN,NaN,NaN,NaN,NaN,NaN,NaN,NaN,NaN,NaN,NaN,NaN,NaN,NaN,NaN,NaN,NaN,NaN
2013-10-28,NaN,NaN,NaN,NaN,NaN,NaN,NaN,NaN,NaN,NaN,NaN,NaN,NaN,NaN,NaN,NaN,NaN,NaN,NaN,NaN,NaN,NaN,NaN,NaN,NaN,NaN,NaN,99.91,30439.0,601.0,99.915,34530.0,847.0,99.915,28079.0,21.0,99.91,29429.0,355.0,99.905,18866.0,52.0,99.895,20690.0,22.0,99.89,13190.0,103.0,99.88,15152.0,119.0,99.87,15847.0,94.0,99.865,11647.0,187.0,99.855,15352.0,24.0,99.84,11247.0,84.0,99.83,10587.0,24.0,99.81,7818.0,28.0,99.795,8252.0,281.0,99.775,6826.0,335.0,99.75,5105.0,135.0,99.725,5343.0,72.0,99.7,3825.0,68.0,99.65,3016.0,NaN,99.625,4266.0,2.0,99.595,2552.0,4.0,99.545,929.0,45.0,99.505,1146.0,39.0,99.46,251.0,6.0,99.395,281.0,NaN,99.355,99.315,99.215,99.165,99.095,99.005,98.945,98.87,98.77,98.705,NaN,NaN,NaN,NaN,NaN,NaN,NaN,NaN,NaN,NaN,NaN,NaN,NaN,NaN,NaN,NaN,NaN,NaN,NaN,NaN,NaN,NaN,NaN,NaN,NaN,NaN
2013-10-29,NaN,NaN,NaN,NaN,NaN,NaN,NaN,NaN,NaN,NaN,NaN,NaN,NaN,NaN,NaN,NaN,NaN,NaN,NaN,NaN,NaN,NaN,NaN,NaN,NaN,NaN,NaN,99.91,30440.0,243.0,99.915,34425.0,313.0,99.915,28223.0,380.0,99.91,28599.0,1808.0,99.905,18869.0,65.0,99.895,20692.0,59.0,99.89,13205.0,248.0,99.88,15246.0,297.0,99.87,15888.0,268.0,99.865,12222.0,1302.0,99.855,15397.0,195.0,99.84,11273.0,97.0,99.83,10554.0,211.0,99.81,7800.0,312.0,99.795,8148.0,562.0,99.775,6847.0,213.0,99.75,5135.0,139.0,99.725,5343.0,48.0,99.7,3852.0,47.0,99.65,3045.0,35.0,99.625,4269.0,46.0,99.595,2540.0,40.0,99.545,929.0,53.0,99.505,1146.0,10.0,99.46,294.0,50.0,99.4,281.0,NaN,99.36,99.32,99.22,99.17,99.1,99.015,98.955,98.885,98.785,98.72,NaN,NaN,NaN,NaN,NaN,NaN,NaN,NaN,NaN,NaN,NaN,NaN,NaN,NaN,NaN,NaN,NaN,NaN,NaN,NaN,NaN,NaN,NaN,NaN,NaN,NaN
2013-10-30,NaN,NaN,NaN,NaN,NaN,NaN,NaN,NaN,NaN,NaN,NaN,NaN,NaN,NaN,NaN,NaN,NaN,NaN,NaN,NaN,NaN,NaN,NaN,NaN,NaN,NaN,NaN,99.91,30134.0,1792.0,99.915,34513.0,1400.0,99.915,28075.0,1244.0,99.91,28229.0,747.0,99.905,18883.0,155.0,99.895,20534.0,855.0,99.89,13164.0,648.0,99.88,15454.0,940.0,99.87,16056.0,766.0,99.865,12274.0,580.0,99.855,15384.0,868.0,99.84,11622.0,835.0,99.83,10781.0,895.0,99.81,7799.0,1039.0,99.795,8169.0,545.0,99.775,7084.0,575.0,99.75,5570.0,2065.0,99.725,5805.0,1976.0,99.7,3965.0,888.0,99.65,3097.0,432.0,99.625,4257.0,155.0,99.595,2550.0,179.0,99.545,1012.0,261.0,99.505,1156.0,28.0,99.46,294.0,2.0,99.4,281.0,NaN,99.36,99.32,99.22,99.17,99.1,99.01,98.95,98.88,98.775,98.71,NaN,NaN,NaN,NaN,NaN,NaN,NaN,NaN,NaN,NaN,NaN,NaN,NaN,NaN,NaN,NaN,NaN,NaN,NaN,NaN,NaN,NaN,NaN,NaN,NaN,NaN
2013-10-31,NaN,NaN,NaN,NaN,NaN,NaN,NaN,NaN,NaN,NaN,NaN,NaN,NaN,NaN,NaN,NaN,NaN,NaN,NaN,NaN,NaN,NaN,NaN,NaN,NaN,NaN,NaN,99.9125,29626.0,3173.0,99.915,31699.0,8065.0,99.915,26425.0,3490.0,99.91,28203.0,1282.0,99.905,19042.0,656.0,99.895,20826.0,686.0,99.89,13330.0,475.0,99.88,15362.0,174.0,99.875,16064.0,159.0,99.87,12296.0,337.0,99.86,15965.0,1121.0,99.85,11890.0,677.0,99.84,11190.0,903.0,99.82,7536.0,1327.0,99.81,8138.0,725.0,99.79,7117.0,934.0,99.765,5764.0,942.0,99.74,5992.0,480.0,99.715,3935.0,237.0,99.665,3058.0,179.0,99.64,4269.0,87.0,99.61,2542.0,61.0,99.56,1046.0,84.0,99.525,1157.0,3.0,99.485,294.0,NaN,99.425,281.0,NaN,99.385,99.345,99.25,99.2,99.13,99.04,98.975,98.9,98.795,98.73,NaN,NaN,NaN,NaN,NaN,NaN,NaN,NaN,NaN,NaN,NaN,NaN,NaN,NaN,NaN,NaN,NaN,NaN,NaN,NaN,NaN,NaN,NaN,NaN,NaN,NaN
2013-11-01,NaN,NaN,NaN,NaN,NaN,NaN,NaN,NaN,NaN,NaN,NaN,NaN,NaN,NaN,NaN,NaN,NaN,NaN,NaN,NaN,NaN,NaN,NaN,NaN,NaN,NaN,NaN,NaN,NaN,NaN,99.915,32361.0,1024.0,99.915,26273.0,972.0,99.91,28124.0,1080.0,99.905,19496.0,624.0,99.895,21000.0,544.0,99.89,13477.0,575.0,99.88,15258.0,299.0,99.875,16178.0,443.0,99.87,12050.0,747.0,99.86,15763.0,629.0,99.85,12036.0,337.0,99.84,11379.0,516.0,99.82,7621.0,484.0,99.81,8293.0,539.0,99.79,7361.0,695.0,99.765,5985.0,446.0,99.74,6118.0,190.0,99.715,3992.0,243.0,99.665,3250.0,291.0,99.64,4274.0,71.0,99.61,2567.0,31.0,99.55,1054.0,15.0,99.515,1157.0,1.0,99.475,296.0,3.0,99.405,281.0,NaN,99.36,99.305,99.205,99.145,99.07,98.97,98.9,98.82,98.715,98.64,98.56,NaN,NaN,NaN,NaN,NaN,NaN,NaN,NaN,NaN,NaN,NaN,NaN,NaN,NaN,NaN,NaN,NaN,NaN,NaN,NaN,NaN,NaN,NaN,NaN,NaN
2013-11-04,NaN,NaN,NaN,NaN,NaN,NaN,NaN,NaN,NaN,NaN,NaN,NaN,NaN,NaN,NaN,NaN,NaN,NaN,NaN,NaN,NaN,NaN,NaN,NaN,NaN,NaN,NaN,NaN,NaN,NaN,99.915,32362.0,10.0,99.915,26814.0,905.0,99.91,28124.0,2.0,99.905,19733.0,603.0,99.895,20610.0,1325.0,99.89,13242.0,674.0,99.885,15349.0,134.0,99.88,16317.0,300.0,99.875,12050.0,198.0,99.865,16201.0,594.0,99.855,12001.0,55.0,99.845,11331.0,133.0,99.825,7646.0,642.0,99.815,8371.0,190.0,99.795,7719.0,485.0,99.77,6256.0,372.0,99.745,6119.0,9.0,99.72,3996.0,90.0,99.67,3267.0,44.0,99.645,4269.0,24.0,99.615,2567.0,NaN,99.555,1078.0,24.0,99.52,1157.0,NaN,99.48,296.0,NaN,99.41,281.0,NaN,99.365,99.31,99.21,99.15,99.075,98.975,98.905,98.825,98.72,98.645,98.57,NaN,NaN,NaN,NaN,NaN,NaN,NaN,NaN,NaN,NaN,NaN,NaN,NaN,NaN,NaN,NaN,NaN,NaN,NaN,NaN,NaN,NaN,NaN,NaN,NaN
2013-11-05,NaN,NaN,NaN,NaN,NaN,NaN,NaN,NaN,NaN,NaN,NaN,NaN,NaN,NaN,NaN,NaN,NaN,NaN,NaN,NaN,NaN,NaN,NaN,NaN,NaN,NaN,NaN,NaN,NaN,NaN,99.915,32540.0,255.0,99.915,26185.0,879.0,99.91,28123.0,1.0,99.905,19941.0,550.0,99.895,20514.0,138.0,99.89,13226.0,34.0,99.885,15367.0,60.0,99.88,16286.0,181.0,99.875,12095.0,928.0,99.865,15947.0,918.0,99.855,12004.0,12.0,99.845,11274.0,238.0,99.825,7670.0,492.0,99.815,8474.0,200.0,99.795,7717.0,226.0,99.77,6310.0,108.0,99.745,6114.0,166.0,99.72,4018.0,46.0,99.67,3276.0,26.0,99.645,4278.0,86.0,99.615,2631.0,143.0,99.555,1118.0,68.0,99.52,1178.0,27.0,99.48,301.0,9.0,99.41,293.0,12.0,99.365,99.31,99.21,99.15,99.075,98.975,98.905,98.825,98.72,98.645,98.57,NaN,NaN,NaN,NaN,NaN,NaN,NaN,NaN,NaN,NaN,NaN,NaN,NaN,NaN,NaN,NaN,NaN,NaN,NaN,NaN,NaN,NaN,NaN,NaN,NaN
2013-11-06,NaN,NaN,NaN,NaN,NaN,NaN,NaN,NaN,NaN,NaN,NaN,NaN,NaN,NaN,NaN,NaN,NaN,NaN,NaN,NaN,NaN,NaN,NaN,NaN,NaN,NaN,NaN,NaN,NaN,NaN,99.915,32411.0,179.0,99.915,25450.0,910.0,99.91,28000.0,173.0,99.905,20569.0,1518.0,99.9,20096.0,3203.0,99.895,14209.0,2690.0,99.89,15323.0,895.0,99.885,16226.0,2057.0,99.88,12235.0,618.0,99.875,16449.0,1440.0,99.865,12053.0,512.0,99.855,11345.0,593.0,99.84,7748.0,472.0,99.83,8723.0,403.0,99.81,7785.0,424.0,99.785,6228.0,330.0,99.765,6064.0,576.0,99.74,3984.0,320.0,99.695,3395.0,237.0,99.67,4235.0,259.0,99.64,2697.0,222.0,99.59,1134.0,44.0,99.56,1186.0,22.0,99.525,311.0,25.0,99.46,276.0,32.0,99.425,99.385,99.295,99.235,99.16,99.06,98.99,98.915,98.81,98.735,98.66,NaN,NaN,NaN,NaN,NaN,NaN,NaN,NaN,NaN,NaN,NaN,NaN,NaN,NaN,NaN,NaN,NaN,NaN,NaN,NaN,NaN,NaN,NaN,NaN,NaN
2013-11-07,NaN,NaN,NaN,NaN,NaN,NaN,NaN,NaN,NaN,NaN,NaN,NaN,NaN,NaN,NaN,NaN,NaN,NaN,NaN,NaN,NaN,NaN,NaN,NaN,NaN,NaN,NaN,NaN,NaN,NaN,99.9175,32677.0,1048.0,99.915,25736.0,578.0,99.91,27277.0,1154.0,99.905,20845.0,1484.0,99.9,19684.0,1369.0,99.9,13922.0,2190.0,99.895,15702.0,4360.0,99.89,17378.0,2601.0,99.885,13671.0,2081.0,99.88,16587.0,497.0,99.87,12431.0,790.0,99.86,11388.0,821.0,99.845,7867.0,1985.0,99.835,8945.0,2317.0,99.815,7611.0,1192.0,99.795,6219.0,1061.0,99.78,6065.0,614.0,99.755,4114.0,326.0,99.71,3489.0,213.0,99.69,4257.0,33.0,99.66,2717.0,28.0,99.615,1193.0,92.0,99.585,1232.0,71.0,99.55,312.0,17.0,99.485,276.0,15.0,99.45,99.415,99.325,99.265,99.195,99.105,99.035,98.965,98.86,98.795,98.72,NaN,NaN,NaN,NaN,NaN,NaN,NaN,NaN,NaN,NaN,NaN,NaN,NaN,NaN,NaN,NaN,NaN,NaN,NaN,NaN,NaN,NaN,NaN,NaN,NaN
2013-11-08,NaN,NaN,NaN,NaN,NaN,NaN,NaN,NaN,NaN,NaN,NaN,NaN,NaN,NaN,NaN,NaN,NaN,NaN,NaN,NaN,NaN,NaN,NaN,NaN,NaN,NaN,NaN,NaN,NaN,NaN,99.9175,32712.0,1379.0,99.915,26062.0,519.0,99.91,27264.0,328.0,99.905,21646.0,1708.0,99.9,19549.0,1052.0,99.9,13495.0,831.0,99.895,15637.0,262.0,99.89,17379.0,371.0,99.885,14461.0,1526.0,99.875,16661.0,982.0,99.865,12379.0,822.0,99.855,11729.0,1328.0,99.84,7877.0,1072.0,99.82,8734.0,1238.0,99.8,8210.0,1900.0,99.775,6748.0,1309.0,99.755,6163.0,775.0,99.73,4115.0,561.0,99.68,3405.0,452.0,99.655,4322.0,136.0,99.62,2906.0,458.0,99.565,1180.0,190.0,99.53,1391.0,278.0,99.495,401.0,144.0,99.425,252.0,29.0,99.38,99.345,99.25,99.18,99.105,99.005,98.935,98.855,98.75,98.675,98.595,NaN,NaN,NaN,NaN,NaN,NaN,NaN,NaN,NaN,NaN,NaN,NaN,NaN,NaN,NaN,NaN,NaN,NaN,NaN,NaN,NaN,NaN,NaN,NaN,NaN
2013-11-11,NaN,NaN,NaN,NaN,NaN,NaN,NaN,NaN,NaN,NaN,NaN,NaN,NaN,NaN,NaN,NaN,NaN,NaN,NaN,NaN,NaN,NaN,NaN,NaN,NaN,NaN,NaN,NaN,NaN,NaN,99.9175,32709.0,3.0,99.915,26100.0,198.0,99.91,26911.0,998.0,99.905,21609.0,810.0,99.9,19929.0,831.0,99.9,13495.0,31.0,99.89,15635.0,58.0,99.89,17379.0,1.0,99.88,14419.0,64.0,99.875,16661.0,NaN,99.865,12383.0,11.0,99.855,11747.0,23.0,99.84,7915.0,214.0,99.82,8578.0,492.0,99.8,8361.0,1618.0,99.775,6602.0,679.0,99.755,6163.0,7.0,99.73,4143.0,65.0,99.68,3405.0,2.0,99.655,4323.0,2.0,99.62,2906.0,1.0,99.565,1180.0,1.0,99.53,1391.0,NaN,99.495,401.0,NaN,99.425,252.0,NaN,99.38,99.345,99.25,99.18,99.105,99.005,98.935,98.855,98.75,98.675,98.595,NaN,NaN,NaN,NaN,NaN,NaN,NaN,NaN,NaN,NaN,NaN,NaN,NaN,NaN,NaN,NaN,NaN,NaN,NaN,NaN,NaN,NaN,NaN,NaN,NaN
2013-11-12,NaN,NaN,NaN,NaN,NaN,NaN,NaN,NaN,NaN,NaN,NaN,NaN,NaN,NaN,NaN,NaN,NaN,NaN,NaN,NaN,NaN,NaN,NaN,NaN,NaN,NaN,NaN,NaN,NaN,NaN,99.9175,32702.0,239.0,99.915,25861.0,1420.0,99.91,26969.0,844.0,99.905,21624.0,163.0,99.9,19507.0,673.0,99.895,13356.0,540.0,99.89,15652.0,310.0,99.885,16667.0,2238.0,99.88,15100.0,2686.0,99.87,16364.0,1094.0,99.86,12531.0,437.0,99.85,11669.0,275.0,99.835,7639.0,894.0,99.815,8631.0,1139.0,99.795,8687.0,1042.0,99.77,6804.0,827.0,99.75,6312.0,269.0,99.725,3692.0,617.0,99.675,2946.0,552.0,99.65,4375.0,193.0,99.615,2837.0,174.0,99.56,1179.0,48.0,99.52,1406.0,15.0,99.475,430.0,85.0,99.4,224.0,49.0,99.355,99.31,99.215,99.145,99.065,98.965,98.895,98.815,98.71,98.635,98.555,NaN,NaN,NaN,NaN,NaN,NaN,NaN,NaN,NaN,NaN,NaN,NaN,NaN,NaN,NaN,NaN,NaN,NaN,NaN,NaN,NaN,NaN,NaN,NaN,NaN
2013-11-13,NaN,NaN,NaN,NaN,NaN,NaN,NaN,NaN,NaN,NaN,NaN,NaN,NaN,NaN,NaN,NaN,NaN,NaN,NaN,NaN,NaN,NaN,NaN,NaN,NaN,NaN,NaN,NaN,NaN,NaN,99.9175,32746.0,140.0,99.915,26542.0,819.0,99.91,26650.0,695.0,99.905,21983.0,795.0,99.9,20061.0,746.0,99.895,13453.0,173.0,99.89,15617.0,465.0,99.885,16586.0,463.0,99.88,15115.0,709.0,99.875,16666.0,690.0,99.865,12644.0,149.0,99.855,11616.0,186.0,99.84,7733.0,412.0,99.825,8700.0,605.0,99.805,8674.0,587.0,99.78,6858.0,524.0,99.76,6362.0,109.0,99.74,3744.0,254.0,99.69,2895.0,224.0,99.665,4359.0,85.0,99.63,2823.0,24.0,99.58,1182.0,12.0,99.54,1391.0,20.0,99.5,448.0,21.0,99.43,226.0,2.0,99.39,99.35,99.255,99.2,99.125,99.025,98.955,98.88,98.775,98.7,98.62,NaN,NaN,NaN,NaN,NaN,NaN,NaN,NaN,NaN,NaN,NaN,NaN,NaN,NaN,NaN,NaN,NaN,NaN,NaN,NaN,NaN,NaN,NaN,NaN,NaN
2013-11-14,NaN,NaN,NaN,NaN,NaN,NaN,NaN,NaN,NaN,NaN,NaN,NaN,NaN,NaN,NaN,NaN,NaN,NaN,NaN,NaN,NaN,NaN,NaN,NaN,NaN,NaN,NaN,NaN,NaN,NaN,99.9175,32674.0,126.0,99.915,27525.0,2401.0,99.91,26581.0,1564.0,99.905,22209.0,2191.0,99.905,20344.0,2317.0,99.9,14066.0,1949.0,99.895,15354.0,1356.0,99.895,15806.0,3164.0,99.89,16138.0,2552.0,99.885,16699.0,2003.0,99.875,13701.0,2187.0,99.87,11594.0,953.0,99.855,7901.0,643.0,99.84,8993.0,954.0,99.82,8720.0,978.0,99.8,6889.0,464.0,99.78,6444.0,186.0,99.76,3769.0,49.0,99.72,2907.0,49.0,99.7,4374.0,23.0,99.67,2819.0,13.0,99.62,1191.0,31.0,99.585,1414.0,32.0,99.555,448.0,NaN,99.495,226.0,NaN,99.455,99.415,99.32,99.265,99.195,99.1,99.04,98.965,98.87,98.795,98.715,NaN,NaN,NaN,NaN,NaN,NaN,NaN,NaN,NaN,NaN,NaN,NaN,NaN,NaN,NaN,NaN,NaN,NaN,NaN,NaN,NaN,NaN,NaN,NaN,NaN
2013-11-15,NaN,NaN,NaN,NaN,NaN,NaN,NaN,NaN,NaN,NaN,NaN,NaN,NaN,NaN,NaN,NaN,NaN,NaN,NaN,NaN,NaN,NaN,NaN,NaN,NaN,NaN,NaN,NaN,NaN,NaN,99.9175,32770.0,243.0,99.915,27614.0,192.0,99.91,26781.0,2072.0,99.905,21914.0,857.0,99.905,20538.0,707.0,99.905,14169.0,444.0,99.9,15355.0,830.0,99.895,15882.0,497.0,99.895,16323.0,789.0,99.89,16791.0,549.0,99.88,13570.0,237.0,99.875,11168.0,520.0,99.86,7074.0,969.0,99.845,9007.0,263.0,99.825,8790.0,223.0,99.805,6771.0,363.0,99.785,6422.0,442.0,99.765,3740.0,114.0,99.725,2889.0,106.0,99.705,4401.0,91.0,99.675,2795.0,31.0,99.625,1182.0,11.0,99.59,1409.0,5.0,99.56,448.0,NaN,99.5,226.0,NaN,99.46,99.42,99.325,99.27,99.2,99.105,99.045,98.97,98.875,98.8,98.72,NaN,NaN,NaN,NaN,NaN,NaN,NaN,NaN,NaN,NaN,NaN,NaN,NaN,NaN,NaN,NaN,NaN,NaN,NaN,NaN,NaN,NaN,NaN,NaN,NaN
2013-11-18,NaN,NaN,NaN,NaN,NaN,NaN,NaN,NaN,NaN,NaN,NaN,NaN,NaN,NaN,NaN,NaN,NaN,NaN,NaN,NaN,NaN,NaN,NaN,NaN,NaN,NaN,NaN,NaN,NaN,NaN,99.9175,32064.0,1569.0,99.915,28384.0,2394.0,99.91,26895.0,732.0,99.905,21702.0,664.0,99.905,20546.0,90.0,99.905,14191.0,98.0,99.9,15366.0,122.0,99.895,15890.0,47.0,99.895,16450.0,710.0,99.89,16741.0,357.0,99.88,13509.0,222.0,99.875,11191.0,330.0,99.86,7027.0,149.0,99.85,9101.0,219.0,99.83,8811.0,271.0,99.81,6632.0,339.0,99.79,6409.0,108.0,99.77,3945.0,375.0,99.73,3111.0,424.0,99.71,4390.0,254.0,99.685,2821.0,151.0,99.635,1190.0,133.0,99.6,1376.0,52.0,99.57,448.0,4.0,99.51,226.0,NaN,99.47,99.43,99.34,99.29,99.225,99.13,99.07,99.0,98.905,98.835,98.76,NaN,NaN,NaN,NaN,NaN,NaN,NaN,NaN,NaN,NaN,NaN,NaN,NaN,NaN,NaN,NaN,NaN,NaN,NaN,NaN,NaN,NaN,NaN,NaN,NaN
2013-11-19,NaN,NaN,NaN,NaN,NaN,NaN,NaN,NaN,NaN,NaN,NaN,NaN,NaN,NaN,NaN,NaN,NaN,NaN,NaN,NaN,NaN,NaN,NaN,NaN,NaN,NaN,NaN,NaN,NaN,NaN,99.9175,32116.0,100.0,99.915,28979.0,1182.0,99.91,27762.0,2297.0,99.905,21679.0,114.0,99.905,21397.0,1462.0,99.905,14450.0,605.0,99.9,15359.0,82.0,99.895,15863.0,266.0,99.895,16547.0,152.0,99.89,16953.0,444.0,99.88,13476.0,122.0,99.875,11229.0,832.0,99.86,7081.0,134.0,99.85,9275.0,234.0,99.83,8800.0,96.0,99.81,6627.0,52.0,99.79,6436.0,222.0,99.77,4052.0,272.0,99.73,3056.0,110.0,99.71,4390.0,12.0,99.68,2765.0,40.0,99.63,1115.0,40.0,99.595,1372.0,10.0,99.565,448.0,2.0,99.495,226.0,4.0,99.455,99.415,99.325,99.275,99.21,99.115,99.055,98.985,98.885,98.815,98.74,NaN,NaN,NaN,NaN,NaN,NaN,NaN,NaN,NaN,NaN,NaN,NaN,NaN,NaN,NaN,NaN,NaN,NaN,NaN,NaN,NaN,NaN,NaN,NaN,NaN
2013-11-20,NaN,NaN,NaN,NaN,NaN,NaN,NaN,NaN,NaN,NaN,NaN,NaN,NaN,NaN,NaN,NaN,NaN,NaN,NaN,NaN,NaN,NaN,NaN,NaN,NaN,NaN,NaN,NaN,NaN,NaN,99.9175,32122.0,69.0,99.915,28942.0,1445.0,99.915,27634.0,1628.0,99.915,21094.0,4934.0,99.915,21622.0,2224.0,99.91,14496.0,1799.0,99.91,15269.0,2052.0,99.905,15743.0,1148.0,99.9,15559.0,3144.0,99.895,16786.0,3038.0,99.89,13024.0,1137.0,99.885,11397.0,1093.0,99.875,7188.0,1008.0,99.865,9405.0,1020.0,99.845,8741.0,726.0,99.825,6493.0,699.0,99.805,6638.0,434.0,99.785,3901.0,738.0,99.745,2933.0,403.0,99.725,4423.0,311.0,99.695,2730.0,95.0,99.645,1090.0,113.0,99.61,1383.0,13.0,99.58,446.0,176.0,99.51,235.0,91.0,99.47,99.43,99.34,99.29,99.225,99.13,99.075,99.005,98.905,98.84,98.765,NaN,NaN,NaN,NaN,NaN,NaN,NaN,NaN,NaN,NaN,NaN,NaN,NaN,NaN,NaN,NaN,NaN,NaN,NaN,NaN,NaN,NaN,NaN,NaN,NaN
2013-11-21,NaN,NaN,NaN,NaN,NaN,NaN,NaN,NaN,NaN,NaN,NaN,NaN,NaN,NaN,NaN,NaN,NaN,NaN,NaN,NaN,NaN,NaN,NaN,NaN,NaN,NaN,NaN,NaN,NaN,NaN,99.9175,32120.0,6.0,99.915,28749.0,716.0,99.915,27598.0,77.0,99.915,21100.0,2225.0,99.915,21531.0,2229.0,99.91,14059.0,1004.0,99.91,15202.0,255.0,99.905,15808.0,812.0,99.905,15438.0,283.0,99.9,16786.0,514.0,99.895,12967.0,1129.0,99.89,9920.0,2160.0,99.88,5736.0,1747.0,99.875,9651.0,448.0,99.855,8625.0,822.0,99.84,6574.0,735.0,99.82,6775.0,379.0,99.8,3991.0,514.0,99.76,3069.0,292.0,99.74,4542.0,357.0,99.71,2819.0,115.0,99.665,1142.0,77.0,99.63,1335.0,50.0,99.6,446.0,60.0,99.53,226.0,15.0,99.49,99.45,99.36,99.31,99.245,99.15,99.095,99.025,98.925,98.855,98.78,NaN,NaN,NaN,NaN,NaN,NaN,NaN,NaN,NaN,NaN,NaN,NaN,NaN,NaN,NaN,NaN,NaN,NaN,NaN,NaN,NaN,NaN,NaN,NaN,NaN
2013-11-22,NaN,NaN,NaN,NaN,NaN,NaN,NaN,NaN,NaN,NaN,NaN,NaN,NaN,NaN,NaN,NaN,NaN,NaN,NaN,NaN,NaN,NaN,NaN,NaN,NaN,NaN,NaN,NaN,NaN,NaN,99.9175,32120.0,7.0,99.915,28459.0,822.0,99.915,27424.0,424.0,99.915,21160.0,439.0,99.915,21495.0,489.0,99.91,14062.0,162.0,99.91,14783.0,708.0,99.905,15749.0,175.0,99.905,15495.0,301.0,99.9,16595.0,263.0,99.895,12946.0,34.0,99.89,10039.0,263.0,99.88,5686.0,150.0,99.875,9780.0,277.0,99.855,8659.0,165.0,99.84,6670.0,178.0,99.82,6779.0,24.0,99.8,4118.0,149.0,99.76,3066.0,19.0,99.74,4537.0,51.0,99.71,2813.0,30.0,99.66,1129.0,18.0,99.625,1357.0,56.0,99.595,445.0,1.0,99.525,226.0,72.0,99.485,99.445,99.35,99.295,99.225,99.125,99.065,98.995,98.895,98.825,98.75,NaN,NaN,NaN,NaN,NaN,NaN,NaN,NaN,NaN,NaN,NaN,NaN,NaN,NaN,NaN,NaN,NaN,NaN,NaN,NaN,NaN,NaN,NaN,NaN,NaN
2013-11-25,NaN,NaN,NaN,NaN,NaN,NaN,NaN,NaN,NaN,NaN,NaN,NaN,NaN,NaN,NaN,NaN,NaN,NaN,NaN,NaN,NaN,NaN,NaN,NaN,NaN,NaN,NaN,NaN,NaN,NaN,99.9175,32058.0,278.0,99.915,28862.0,1267.0,99.915,27741.0,676.0,99.915,21499.0,1033.0,99.915,21563.0,182.0,99.91,13908.0,368.0,99.91,14777.0,79.0,99.905,15749.0,112.0,99.905,15490.0,53.0,99.9,16579.0,27.0,99.895,12916.0,38.0,99.89,10031.0,16.0,99.88,5648.0,57.0,99.875,9790.0,16.0,99.855,8672.0,85.0,99.84,6676.0,97.0,99.82,6828.0,87.0,99.8,4125.0,50.0,99.76,3097.0,48.0,99.74,4547.0,213.0,99.71,2807.0,33.0,99.66,1125.0,39.0,99.625,1357.0,NaN,99.59,445.0,NaN,99.52,226.0,NaN,99.48,99.44,99.345,99.29,99.22,99.12,99.06,98.99,98.89,98.82,98.745,NaN,NaN,NaN,NaN,NaN,NaN,NaN,NaN,NaN,NaN,NaN,NaN,NaN,NaN,NaN,NaN,NaN,NaN,NaN,NaN,NaN,NaN,NaN,NaN,NaN
2013-11-26,NaN,NaN,NaN,NaN,NaN,NaN,NaN,NaN,NaN,NaN,NaN,NaN,NaN,NaN,NaN,NaN,NaN,NaN,NaN,NaN,NaN,NaN,NaN,NaN,NaN,NaN,NaN,NaN,NaN,NaN,99.915,32535.0,477.0,99.915,29066.0,337.0,99.915,27603.0,923.0,99.915,21522.0,231.0,99.91,21653.0,830.0,99.91,13902.0,113.0,99.91,14714.0,92.0,99.905,15719.0,100.0,99.905,15611.0,190.0,99.9,16627.0,126.0,99.895,12897.0,25.0,99.89,9969.0,177.0,99.88,5738.0,675.0,99.875,10144.0,562.0,99.855,8645.0,33.0,99.84,6680.0,141.0,99.82,6818.0,42.0,99.8,4105.0,171.0,99.765,3094.0,62.0,99.745,4540.0,29.0,99.715,2807.0,19.0,99.67,1101.0,51.0,99.635,1428.0,104.0,99.6,533.0,88.0,99.535,261.0,89.0,99.495,99.455,99.36,99.305,99.235,99.14,99.08,99.01,98.91,98.84,98.765,NaN,NaN,NaN,NaN,NaN,NaN,NaN,NaN,NaN,NaN,NaN,NaN,NaN,NaN,NaN,NaN,NaN,NaN,NaN,NaN,NaN,NaN,NaN,NaN,NaN
2013-11-27,NaN,NaN,NaN,NaN,NaN,NaN,NaN,NaN,NaN,NaN,NaN,NaN,NaN,NaN,NaN,NaN,NaN,NaN,NaN,NaN,NaN,NaN,NaN,NaN,NaN,NaN,NaN,NaN,NaN,NaN,99.915,32414.0,178.0,99.915,28827.0,1534.0,99.915,27645.0,172.0,99.915,21201.0,595.0,99.91,21180.0,1008.0,99.91,13900.0,20.0,99.91,14662.0,114.0,99.905,15674.0,69.0,99.9,15425.0,852.0,99.9,16674.0,369.0,99.895,12149.0,1163.0,99.89,9611.0,1315.0,99.88,5961.0,987.0,99.875,10483.0,753.0,99.855,8835.0,584.0,99.84,6806.0,401.0,99.82,7031.0,529.0,99.805,4280.0,484.0,99.77,3253.0,191.0,99.75,4552.0,56.0,99.72,2812.0,19.0,99.675,1103.0,2.0,99.64,1430.0,19.0,99.6,548.0,22.0,99.53,319.0,103.0,99.475,99.43,99.335,99.28,99.21,99.115,99.055,98.985,98.88,98.81,98.73,NaN,NaN,NaN,NaN,NaN,NaN,NaN,NaN,NaN,NaN,NaN,NaN,NaN,NaN,NaN,NaN,NaN,NaN,NaN,NaN,NaN,NaN,NaN,NaN,NaN
2013-11-29,NaN,NaN,NaN,NaN,NaN,NaN,NaN,NaN,NaN,NaN,NaN,NaN,NaN,NaN,NaN,NaN,NaN,NaN,NaN,NaN,NaN,NaN,NaN,NaN,NaN,NaN,NaN,NaN,NaN,NaN,99.915,33077.0,2098.0,99.915,29309.0,1634.0,99.915,27652.0,74.0,99.915,21282.0,231.0,99.91,21182.0,125.0,99.91,13912.0,31.0,99.905,14670.0,22.0,99.905,15674.0,75.0,99.9,15417.0,150.0,99.9,16747.0,323.0,99.89,11642.0,907.0,99.885,9709.0,329.0,99.88,5977.0,91.0,99.875,10492.0,63.0,99.855,8778.0,162.0,99.84,6880.0,167.0,99.82,7291.0,314.0,99.805,4277.0,45.0,99.77,3250.0,24.0,99.75,4558.0,8.0,99.72,2812.0,2.0,99.675,1103.0,NaN,99.64,1430.0,NaN,99.6,548.0,NaN,99.53,319.0,10.0,99.475,99.43,99.335,99.28,99.21,99.115,99.055,98.98,98.875,98.805,98.72,NaN,NaN,NaN,NaN,NaN,NaN,NaN,NaN,NaN,NaN,NaN,NaN,NaN,NaN,NaN,NaN,NaN,NaN,NaN,NaN,NaN,NaN,NaN,NaN,NaN
2013-12-02,NaN,NaN,NaN,NaN,NaN,NaN,NaN,NaN,NaN,NaN,NaN,NaN,NaN,NaN,NaN,NaN,NaN,NaN,NaN,NaN,NaN,NaN,NaN,NaN,NaN,NaN,NaN,NaN,NaN,NaN,NaN,NaN,NaN,99.915,29588.0,953.0,99.915,28165.0,1536.0,99.91,21806.0,1076.0,99.91,21194.0,1934.0,99.905,14121.0,1389.0,99.905,15353.0,2236.0,99.9,15050.0,3204.0,99.895,18632.0,4261.0,99.895,17907.0,2050.0,99.885,11847.0,1326.0,99.88,9204.0,1349.0,99.875,5886.0,1649.0,99.87,11389.0,2102.0,99.85,8910.0,1282.0,99.835,6895.0,311.0,99.815,7322.0,56.0,99.8,4364.0,236.0,99.76,3247.0,348.0,99.74,4906.0,583.0,99.71,2748.0,148.0,99.66,1064.0,115.0,99.625,1398.0,55.0,99.575,583.0,51.0,99.5,318.0,10.0,99.445,99.4,99.305,99.25,99.18,99.085,99.025,98.95,98.845,98.775,98.69,98.63,NaN,NaN,NaN,NaN,NaN,NaN,NaN,NaN,NaN,NaN,NaN,NaN,NaN,NaN,NaN,NaN,NaN,NaN,NaN,NaN,NaN,NaN,NaN,NaN
2013-12-03,NaN,NaN,NaN,NaN,NaN,NaN,NaN,NaN,NaN,NaN,NaN,NaN,NaN,NaN,NaN,NaN,NaN,NaN,NaN,NaN,NaN,NaN,NaN,NaN,NaN,NaN,NaN,NaN,NaN,NaN,NaN,NaN,NaN,99.9125,29349.0,1700.0,99.91,28852.0,1665.0,99.905,22509.0,952.0,99.905,20658.0,1069.0,99.905,14117.0,402.0,99.9,15292.0,736.0,99.9,14841.0,388.0,99.895,17301.0,1620.0,99.89,17944.0,568.0,99.885,11770.0,884.0,99.88,9444.0,608.0,99.875,5906.0,362.0,99.87,12050.0,817.0,99.85,8888.0,419.0,99.835,6947.0,223.0,99.815,7342.0,384.0,99.8,4427.0,372.0,99.76,3663.0,681.0,99.74,5181.0,414.0,99.71,2775.0,51.0,99.66,1050.0,95.0,99.625,1398.0,101.0,99.575,558.0,82.0,99.5,380.0,128.0,99.445,99.4,99.305,99.25,99.18,99.085,99.025,98.95,98.845,98.775,98.69,98.63,NaN,NaN,NaN,NaN,NaN,NaN,NaN,NaN,NaN,NaN,NaN,NaN,NaN,NaN,NaN,NaN,NaN,NaN,NaN,NaN,NaN,NaN,NaN,NaN
2013-12-04,NaN,NaN,NaN,NaN,NaN,NaN,NaN,NaN,NaN,NaN,NaN,NaN,NaN,NaN,NaN,NaN,NaN,NaN,NaN,NaN,NaN,NaN,NaN,NaN,NaN,NaN,NaN,NaN,NaN,NaN,NaN,NaN,NaN,99.9125,28777.0,865.0,99.91,29635.0,2377.0,99.905,22953.0,973.0,99.905,20825.0,609.0,99.905,14166.0,1668.0,99.9,14914.0,2288.0,99.9,14480.0,1782.0,99.895,16285.0,1762.0,99.89,17978.0,823.0,99.885,12096.0,724.0,99.88,9420.0,497.0,99.875,5816.0,771.0,99.87,15252.0,5175.0,99.85,10941.0,3896.0,99.835,7309.0,1281.0,99.825,7952.0,831.0,99.805,4942.0,816.0,99.765,3868.0,419.0,99.745,5218.0,290.0,99.71,2775.0,137.0,99.655,1114.0,182.0,99.615,1410.0,73.0,99.565,545.0,64.0,99.49,507.0,224.0,99.43,99.375,99.275,99.22,99.145,99.04,98.98,98.905,98.8,98.73,98.645,98.585,NaN,NaN,NaN,NaN,NaN,NaN,NaN,NaN,NaN,NaN,NaN,NaN,NaN,NaN,NaN,NaN,NaN,NaN,NaN,NaN,NaN,NaN,NaN,NaN
2013-12-05,NaN,NaN,NaN,NaN,NaN,NaN,NaN,NaN,NaN,NaN,NaN,NaN,NaN,NaN,NaN,NaN,NaN,NaN,NaN,NaN,NaN,NaN,NaN,NaN,NaN,NaN,NaN,NaN,NaN,NaN,NaN,NaN,NaN,99.9125,28875.0,1531.0,99.91,30206.0,781.0,99.905,23082.0,1968.0,99.905,20128.0,1513.0,99.905,13851.0,1383.0,99.9,15140.0,2436.0,99.9,14090.0,1778.0,99.9,16399.0,905.0,99.89,17904.0,590.0,99.885,12147.0,397.0,99.88,9472.0,261.0,99.875,5754.0,220.0,99.87,15044.0,519.0,99.855,11131.0,465.0,99.84,7345.0,511.0,99.83,7931.0,211.0,99.805,4874.0,359.0,99.765,3823.0,298.0,99.745,5371.0,226.0,99.71,2803.0,124.0,99.645,1137.0,237.0,99.595,1731.0,380.0,99.545,497.0,253.0,99.47,563.0,198.0,99.41,99.355,99.255,99.2,99.125,99.02,98.96,98.885,98.78,98.71,98.625,98.565,NaN,NaN,NaN,NaN,NaN,NaN,NaN,NaN,NaN,NaN,NaN,NaN,NaN,NaN,NaN,NaN,NaN,NaN,NaN,NaN,NaN,NaN,NaN,NaN
2013-12-06,NaN,NaN,NaN,NaN,NaN,NaN,NaN,NaN,NaN,NaN,NaN,NaN,NaN,NaN,NaN,NaN,NaN,NaN,NaN,NaN,NaN,NaN,NaN,NaN,NaN,NaN,NaN,NaN,NaN,NaN,NaN,NaN,NaN,99.9125,28937.0,261.0,99.91,30269.0,474.0,99.91,23829.0,2381.0,99.905,20439.0,753.0,99.905,13849.0,1189.0,99.9,15021.0,1232.0,99.9,13997.0,1185.0,99.9,18144.0,3913.0,99.89,17629.0,1115.0,99.885,12085.0,341.0,99.88,9515.0,325.0,99.875,5819.0,336.0,99.87,15164.0,689.0,99.855,11127.0,231.0,99.84,7328.0,205.0,99.83,7900.0,229.0,99.805,4696.0,545.0,99.765,3830.0,492.0,99.735,5683.0,757.0,99.7,2844.0,108.0,99.635,1319.0,223.0,99.585,1722.0,34.0,99.535,491.0,35.0,99.46,622.0,67.0,99.4,99.345,99.245,99.19,99.115,99.01,98.95,98.875,98.77,98.7,98.615,98.555,NaN,NaN,NaN,NaN,NaN,NaN,NaN,NaN,NaN,NaN,NaN,NaN,NaN,NaN,NaN,NaN,NaN,NaN,NaN,NaN,NaN,NaN,NaN,NaN
2013-12-09,NaN,NaN,NaN,NaN,NaN,NaN,NaN,NaN,NaN,NaN,NaN,NaN,NaN,NaN,NaN,NaN,NaN,NaN,NaN,NaN,NaN,NaN,NaN,NaN,NaN,NaN,NaN,NaN,NaN,NaN,NaN,NaN,NaN,99.9125,28814.0,343.0,99.915,30323.0,1109.0,99.91,23556.0,671.0,99.91,20022.0,915.0,99.905,13933.0,1205.0,99.9,15027.0,57.0,99.9,14005.0,132.0,99.9,18558.0,729.0,99.89,17207.0,449.0,99.885,11907.0,275.0,99.88,9456.0,120.0,99.875,5823.0,27.0,99.87,15159.0,492.0,99.855,11460.0,743.0,99.84,7358.0,66.0,99.83,7889.0,179.0,99.805,4690.0,31.0,99.765,3827.0,88.0,99.735,5819.0,203.0,99.7,2839.0,21.0,99.635,1320.0,2.0,99.585,1723.0,3.0,99.535,491.0,1.0,99.46,622.0,NaN,99.4,99.345,99.245,99.19,99.115,99.01,98.95,98.875,98.77,98.7,98.615,98.555,NaN,NaN,NaN,NaN,NaN,NaN,NaN,NaN,NaN,NaN,NaN,NaN,NaN,NaN,NaN,NaN,NaN,NaN,NaN,NaN,NaN,NaN,NaN,NaN
2013-12-10,NaN,NaN,NaN,NaN,NaN,NaN,NaN,NaN,NaN,NaN,NaN,NaN,NaN,NaN,NaN,NaN,NaN,NaN,NaN,NaN,NaN,NaN,NaN,NaN,NaN,NaN,NaN,NaN,NaN,NaN,NaN,NaN,NaN,99.9125,28736.0,473.0,99.915,30711.0,1504.0,99.91,23620.0,323.0,99.91,20259.0,642.0,99.905,13984.0,170.0,99.9,15067.0,237.0,99.9,14001.0,68.0,99.9,18631.0,500.0,99.89,17026.0,303.0,99.885,11934.0,45.0,99.88,9457.0,10.0,99.875,5819.0,21.0,99.87,15151.0,78.0,99.855,11487.0,297.0,99.84,7408.0,243.0,99.83,7913.0,95.0,99.805,4705.0,119.0,99.765,3827.0,92.0,99.735,5835.0,155.0,99.7,2788.0,130.0,99.645,1286.0,106.0,99.595,1753.0,45.0,99.545,492.0,59.0,99.47,706.0,139.0,99.4,99.345,99.245,99.19,99.115,99.01,98.95,98.875,98.77,98.7,98.615,98.555,NaN,NaN,NaN,NaN,NaN,NaN,NaN,NaN,NaN,NaN,NaN,NaN,NaN,NaN,NaN,NaN,NaN,NaN,NaN,NaN,NaN,NaN,NaN,NaN
2013-12-11,NaN,NaN,NaN,NaN,NaN,NaN,NaN,NaN,NaN,NaN,NaN,NaN,NaN,NaN,NaN,NaN,NaN,NaN,NaN,NaN,NaN,NaN,NaN,NaN,NaN,NaN,NaN,NaN,NaN,NaN,NaN,NaN,NaN,99.9125,28467.0,638.0,99.915,31057.0,1627.0,99.91,23490.0,646.0,99.91,20104.0,836.0,99.905,13905.0,169.0,99.9,15418.0,813.0,99.9,14036.0,476.0,99.895,18014.0,1675.0,99.89,16679.0,674.0,99.885,12317.0,906.0,99.88,9486.0,221.0,99.875,5755.0,322.0,99.87,15655.0,680.0,99.855,11485.0,68.0,99.84,7460.0,81.0,99.825,7913.0,41.0,99.8,4713.0,50.0,99.76,3827.0,73.0,99.73,5889.0,60.0,99.695,2787.0,5.0,99.635,1288.0,23.0,99.585,1753.0,9.0,99.535,491.0,1.0,99.46,706.0,1.0,99.39,99.335,99.235,99.18,99.105,99.0,98.94,98.865,98.76,98.69,98.605,98.545,NaN,NaN,NaN,NaN,NaN,NaN,NaN,NaN,NaN,NaN,NaN,NaN,NaN,NaN,NaN,NaN,NaN,NaN,NaN,NaN,NaN,NaN,NaN,NaN
2013-12-12,NaN,NaN,NaN,NaN,NaN,NaN,NaN,NaN,NaN,NaN,NaN,NaN,NaN,NaN,NaN,NaN,NaN,NaN,NaN,NaN,NaN,NaN,NaN,NaN,NaN,NaN,NaN,NaN,NaN,NaN,NaN,NaN,NaN,99.915,28660.0,1420.0,99.915,32578.0,3106.0,99.91,24979.0,4237.0,99.91,21628.0,3344.0,99.905,13819.0,1400.0,99.9,15337.0,1122.0,99.895,13835.0,1233.0,99.89,18769.0,2850.0,99.885,16661.0,823.0,99.88,12633.0,1307.0,99.875,9455.0,834.0,99.865,5788.0,508.0,99.855,15476.0,1129.0,99.84,11605.0,3066.0,99.82,8014.0,2753.0,99.8,7826.0,878.0,99.775,4948.0,797.0,99.735,4108.0,870.0,99.705,6004.0,573.0,99.665,2858.0,442.0,99.6,1400.0,455.0,99.55,1991.0,476.0,99.495,618.0,330.0,99.415,817.0,386.0,99.35,99.295,99.195,99.14,99.065,98.96,98.9,98.825,98.72,98.65,98.565,98.505,NaN,NaN,NaN,NaN,NaN,NaN,NaN,NaN,NaN,NaN,NaN,NaN,NaN,NaN,NaN,NaN,NaN,NaN,NaN,NaN,NaN,NaN,NaN,NaN
2013-12-13,NaN,NaN,NaN,NaN,NaN,NaN,NaN,NaN,NaN,NaN,NaN,NaN,NaN,NaN,NaN,NaN,NaN,NaN,NaN,NaN,NaN,NaN,NaN,NaN,NaN,NaN,NaN,NaN,NaN,NaN,NaN,NaN,NaN,99.915,29972.0,2163.0,99.915,33409.0,1594.0,99.91,24100.0,859.0,99.91,22385.0,1111.0,99.905,13795.0,83.0,99.895,15353.0,367.0,99.89,13893.0,241.0,99.885,19133.0,573.0,99.88,16548.0,319.0,99.875,11994.0,155.0,99.87,9360.0,362.0,99.86,5821.0,167.0,99.85,15475.0,149.0,99.83,11608.0,83.0,99.81,8016.0,36.0,99.79,7776.0,105.0,99.765,4847.0,138.0,99.725,4009.0,183.0,99.695,5905.0,162.0,99.655,2891.0,68.0,99.59,1398.0,17.0,99.54,1994.0,8.0,99.485,618.0,23.0,99.405,790.0,55.0,99.345,99.29,99.19,99.135,99.06,98.955,98.895,98.82,98.715,98.645,98.56,98.5,NaN,NaN,NaN,NaN,NaN,NaN,NaN,NaN,NaN,NaN,NaN,NaN,NaN,NaN,NaN,NaN,NaN,NaN,NaN,NaN,NaN,NaN,NaN,NaN
2013-12-16,NaN,NaN,NaN,NaN,NaN,NaN,NaN,NaN,NaN,NaN,NaN,NaN,NaN,NaN,NaN,NaN,NaN,NaN,NaN,NaN,NaN,NaN,NaN,NaN,NaN,NaN,NaN,NaN,NaN,NaN,NaN,NaN,NaN,99.915,29965.0,95.0,99.915,33260.0,398.0,99.91,24041.0,1490.0,99.905,23000.0,1047.0,99.905,13854.0,665.0,99.895,15834.0,907.0,99.89,13912.0,219.0,99.88,19126.0,213.0,99.875,16552.0,197.0,99.865,11636.0,961.0,99.86,9358.0,258.0,99.85,5868.0,159.0,99.845,15459.0,71.0,99.83,11607.0,143.0,99.81,8029.0,45.0,99.79,7768.0,17.0,99.765,4815.0,48.0,99.725,4065.0,117.0,99.695,5903.0,210.0,99.655,2936.0,177.0,99.595,1463.0,202.0,99.555,2055.0,126.0,99.505,662.0,104.0,99.425,775.0,30.0,99.375,99.32,99.22,99.16,99.075,98.96,98.885,98.8,98.685,98.61,98.525,98.415,NaN,NaN,NaN,NaN,NaN,NaN,NaN,NaN,NaN,NaN,NaN,NaN,NaN,NaN,NaN,NaN,NaN,NaN,NaN,NaN,NaN,NaN,NaN,NaN
2013-12-17,NaN,NaN,NaN,NaN,NaN,NaN,NaN,NaN,NaN,NaN,NaN,NaN,NaN,NaN,NaN,NaN,NaN,NaN,NaN,NaN,NaN,NaN,NaN,NaN,NaN,NaN,NaN,NaN,NaN,NaN,NaN,NaN,NaN,99.915,30898.0,2507.0,99.915,35083.0,4839.0,99.91,26015.0,3335.0,99.905,23611.0,2042.0,99.905,13845.0,715.0,99.895,15851.0,628.0,99.89,14458.0,1396.0,99.885,18074.0,2751.0,99.88,17068.0,1203.0,99.875,11307.0,1008.0,99.87,9538.0,744.0,99.86,5851.0,565.0,99.855,15219.0,541.0,99.84,11124.0,615.0,99.825,7763.0,565.0,99.805,7827.0,166.0,99.785,4644.0,523.0,99.745,3991.0,422.0,99.72,5980.0,460.0,99.685,2940.0,169.0,99.635,1624.0,245.0,99.6,2121.0,83.0,99.555,755.0,115.0,99.475,1164.0,623.0,99.425,99.37,99.27,99.21,99.125,99.01,98.935,98.85,98.735,98.66,98.575,98.465,NaN,NaN,NaN,NaN,NaN,NaN,NaN,NaN,NaN,NaN,NaN,NaN,NaN,NaN,NaN,NaN,NaN,NaN,NaN,NaN,NaN,NaN,NaN,NaN
2013-12-18,NaN,NaN,NaN,NaN,NaN,NaN,NaN,NaN,NaN,NaN,NaN,NaN,NaN,NaN,NaN,NaN,NaN,NaN,NaN,NaN,NaN,NaN,NaN,NaN,NaN,NaN,NaN,NaN,NaN,NaN,NaN,NaN,NaN,99.9125,31322.0,769.0,99.915,35821.0,7261.0,99.905,28398.0,5593.0,99.9,24453.0,2185.0,99.9,14335.0,1985.0,99.89,15483.0,799.0,99.89,14285.0,954.0,99.885,18566.0,1748.0,99.88,17014.0,911.0,99.87,11244.0,836.0,99.865,10317.0,2548.0,99.86,6589.0,2975.0,99.855,15201.0,2080.0,99.84,11358.0,1203.0,99.825,7557.0,1185.0,99.81,8185.0,2031.0,99.79,4673.0,1224.0,99.755,4154.0,816.0,99.73,6110.0,921.0,99.705,2957.0,356.0,99.655,1455.0,418.0,99.62,2029.0,315.0,99.575,933.0,317.0,99.5,1017.0,368.0,99.45,99.395,99.295,99.235,99.15,99.035,98.96,98.875,98.76,98.675,98.585,98.475,NaN,NaN,NaN,NaN,NaN,NaN,NaN,NaN,NaN,NaN,NaN,NaN,NaN,NaN,NaN,NaN,NaN,NaN,NaN,NaN,NaN,NaN,NaN,NaN
2013-12-19,NaN,NaN,NaN,NaN,NaN,NaN,NaN,NaN,NaN,NaN,NaN,NaN,NaN,NaN,NaN,NaN,NaN,NaN,NaN,NaN,NaN,NaN,NaN,NaN,NaN,NaN,NaN,NaN,NaN,NaN,NaN,NaN,NaN,99.9125,31047.0,1030.0,99.91,37247.0,4404.0,99.905,28857.0,3215.0,99.895,24931.0,2694.0,99.89,14256.0,2142.0,99.885,15749.0,1031.0,99.88,14036.0,1395.0,99.87,19982.0,2616.0,99.86,16957.0,1173.0,99.855,11728.0,1564.0,99.845,10106.0,646.0,99.835,6791.0,1523.0,99.83,13097.0,3876.0,99.81,10828.0,2546.0,99.795,7491.0,1121.0,99.78,7796.0,924.0,99.755,4789.0,836.0,99.715,3982.0,902.0,99.69,6041.0,789.0,99.66,2969.0,290.0,99.6,1469.0,344.0,99.555,2058.0,411.0,99.505,935.0,194.0,99.425,1083.0,276.0,99.37,99.3,99.195,99.125,99.04,98.925,98.85,98.765,98.65,98.565,98.475,98.365,NaN,NaN,NaN,NaN,NaN,NaN,NaN,NaN,NaN,NaN,NaN,NaN,NaN,NaN,NaN,NaN,NaN,NaN,NaN,NaN,NaN,NaN,NaN,NaN
2013-12-20,NaN,NaN,NaN,NaN,NaN,NaN,NaN,NaN,NaN,NaN,NaN,NaN,NaN,NaN,NaN,NaN,NaN,NaN,NaN,NaN,NaN,NaN,NaN,NaN,NaN,NaN,NaN,NaN,NaN,NaN,NaN,NaN,NaN,99.9125,31425.0,3122.0,99.91,40927.0,8838.0,99.905,29576.0,7776.0,99.895,25768.0,3686.0,99.89,14646.0,1758.0,99.885,15954.0,855.0,99.88,13952.0,580.0,99.87,19928.0,1057.0,99.86,16914.0,1153.0,99.855,11782.0,1022.0,99.845,10268.0,692.0,99.835,7202.0,1062.0,99.83,13141.0,2835.0,99.81,10898.0,3208.0,99.79,7427.0,1750.0,99.77,7972.0,1955.0,99.745,4841.0,837.0,99.705,3789.0,659.0,99.675,5900.0,495.0,99.645,2908.0,236.0,99.58,1440.0,132.0,99.535,1913.0,351.0,99.485,945.0,120.0,99.405,1068.0,193.0,99.345,99.275,99.16,99.085,98.99,98.865,98.785,98.685,98.57,98.485,98.395,98.28,NaN,NaN,NaN,NaN,NaN,NaN,NaN,NaN,NaN,NaN,NaN,NaN,NaN,NaN,NaN,NaN,NaN,NaN,NaN,NaN,NaN,NaN,NaN,NaN
2013-12-23,NaN,NaN,NaN,NaN,NaN,NaN,NaN,NaN,NaN,NaN,NaN,NaN,NaN,NaN,NaN,NaN,NaN,NaN,NaN,NaN,NaN,NaN,NaN,NaN,NaN,NaN,NaN,NaN,NaN,NaN,NaN,NaN,NaN,99.9125,31384.0,780.0,99.91,40889.0,90.0,99.905,29906.0,1107.0,99.895,25774.0,169.0,99.89,14621.0,64.0,99.885,15840.0,213.0,99.88,14082.0,446.0,99.87,20528.0,889.0,99.86,16827.0,362.0,99.855,11903.0,420.0,99.845,10322.0,241.0,99.83,7386.0,239.0,99.82,13179.0,440.0,99.8,10924.0,459.0,99.78,7468.0,122.0,99.76,7975.0,94.0,99.73,4897.0,151.0,99.685,3779.0,220.0,99.655,5852.0,157.0,99.62,2908.0,256.0,99.545,1403.0,157.0,99.5,1889.0,87.0,99.45,945.0,2.0,99.36,1073.0,8.0,99.3,99.225,99.11,99.025,98.92,98.795,98.715,98.615,98.49,98.405,98.315,98.2,NaN,NaN,NaN,NaN,NaN,NaN,NaN,NaN,NaN,NaN,NaN,NaN,NaN,NaN,NaN,NaN,NaN,NaN,NaN,NaN,NaN,NaN,NaN,NaN
2013-12-24,NaN,NaN,NaN,NaN,NaN,NaN,NaN,NaN,NaN,NaN,NaN,NaN,NaN,NaN,NaN,NaN,NaN,NaN,NaN,NaN,NaN,NaN,NaN,NaN,NaN,NaN,NaN,NaN,NaN,NaN,NaN,NaN,NaN,99.9125,31571.0,737.0,99.91,40956.0,110.0,99.905,30110.0,230.0,99.895,25852.0,112.0,99.89,14590.0,37.0,99.885,15814.0,56.0,99.88,14095.0,88.0,99.87,20486.0,188.0,99.86,16792.0,156.0,99.855,12060.0,311.0,99.845,10480.0,398.0,99.83,7604.0,1120.0,99.82,12837.0,1041.0,99.795,11114.0,1729.0,99.77,8002.0,1531.0,99.745,8003.0,690.0,99.715,4966.0,882.0,99.665,3443.0,428.0,99.635,5889.0,313.0,99.6,2956.0,283.0,99.52,1354.0,192.0,99.475,1755.0,375.0,99.415,943.0,12.0,99.32,1064.0,34.0,99.26,99.18,99.06,98.975,98.87,98.74,98.655,98.555,98.43,98.345,98.255,98.14,NaN,NaN,NaN,NaN,NaN,NaN,NaN,NaN,NaN,NaN,NaN,NaN,NaN,NaN,NaN,NaN,NaN,NaN,NaN,NaN,NaN,NaN,NaN,NaN
2013-12-26,NaN,NaN,NaN,NaN,NaN,NaN,NaN,NaN,NaN,NaN,NaN,NaN,NaN,NaN,NaN,NaN,NaN,NaN,NaN,NaN,NaN,NaN,NaN,NaN,NaN,NaN,NaN,NaN,NaN,NaN,NaN,NaN,NaN,99.9125,31745.0,1366.0,99.91,40959.0,575.0,99.905,30324.0,999.0,99.895,26472.0,1082.0,99.89,14567.0,568.0,99.88,15743.0,277.0,99.875,14202.0,653.0,99.865,20364.0,698.0,99.855,16642.0,998.0,99.845,12289.0,567.0,99.835,10451.0,213.0,99.82,7509.0,669.0,99.81,12438.0,867.0,99.785,10839.0,433.0,99.76,7925.0,449.0,99.735,7967.0,111.0,99.705,4816.0,389.0,99.65,3364.0,477.0,99.62,5868.0,26.0,99.575,3038.0,199.0,99.495,1424.0,104.0,99.445,1762.0,21.0,99.385,943.0,NaN,99.29,1059.0,9.0,99.23,99.15,99.03,98.955,98.86,98.73,98.645,98.545,98.42,98.335,98.255,98.14,NaN,NaN,NaN,NaN,NaN,NaN,NaN,NaN,NaN,NaN,NaN,NaN,NaN,NaN,NaN,NaN,NaN,NaN,NaN,NaN,NaN,NaN,NaN,NaN
2013-12-27,NaN,NaN,NaN,NaN,NaN,NaN,NaN,NaN,NaN,NaN,NaN,NaN,NaN,NaN,NaN,NaN,NaN,NaN,NaN,NaN,NaN,NaN,NaN,NaN,NaN,NaN,NaN,NaN,NaN,NaN,NaN,NaN,NaN,99.915,31647.0,233.0,99.91,40696.0,2069.0,99.905,30477.0,799.0,99.895,26543.0,737.0,99.89,14527.0,288.0,99.88,15706.0,307.0,99.875,14061.0,223.0,99.87,20321.0,462.0,99.855,16955.0,590.0,99.85,12212.0,261.0,99.84,10407.0,400.0,99.825,7710.0,874.0,99.82,12261.0,360.0,99.795,10878.0,364.0,99.77,7883.0,391.0,99.745,8101.0,311.0,99.72,4763.0,524.0,99.665,3213.0,1025.0,99.635,5806.0,173.0,99.59,2949.0,328.0,99.515,1668.0,306.0,99.465,1730.0,47.0,99.405,943.0,14.0,99.31,1066.0,22.0,99.25,99.17,99.05,98.975,98.88,98.75,98.665,98.565,98.44,98.355,98.275,98.16,NaN,NaN,NaN,NaN,NaN,NaN,NaN,NaN,NaN,NaN,NaN,NaN,NaN,NaN,NaN,NaN,NaN,NaN,NaN,NaN,NaN,NaN,NaN,NaN
2013-12-30,NaN,NaN,NaN,NaN,NaN,NaN,NaN,NaN,NaN,NaN,NaN,NaN,NaN,NaN,NaN,NaN,NaN,NaN,NaN,NaN,NaN,NaN,NaN,NaN,NaN,NaN,NaN,NaN,NaN,NaN,NaN,NaN,NaN,99.915,32063.0,1071.0,99.91,40382.0,540.0,99.905,30496.0,116.0,99.895,26619.0,224.0,99.895,14504.0,106.0,99.885,15698.0,85.0,99.885,14003.0,202.0,99.875,20403.0,412.0,99.865,16927.0,345.0,99.855,12124.0,142.0,99.845,10437.0,194.0,99.835,7634.0,132.0,99.83,12262.0,133.0,99.805,10897.0,158.0,99.785,7854.0,154.0,99.76,8297.0,300.0,99.735,4676.0,327.0,99.68,3225.0,462.0,99.65,5571.0,278.0,99.61,2950.0,54.0,99.54,1726.0,62.0,99.495,1755.0,34.0,99.435,943.0,8.0,99.34,1063.0,3.0,99.28,99.2,99.08,99.005,98.91,98.78,98.695,98.595,98.47,98.39,98.31,98.195,NaN,NaN,NaN,NaN,NaN,NaN,NaN,NaN,NaN,NaN,NaN,NaN,NaN,NaN,NaN,NaN,NaN,NaN,NaN,NaN,NaN,NaN,NaN,NaN
2013-12-31,NaN,NaN,NaN,NaN,NaN,NaN,NaN,NaN,NaN,NaN,NaN,NaN,NaN,NaN,NaN,NaN,NaN,NaN,NaN,NaN,NaN,NaN,NaN,NaN,NaN,NaN,NaN,NaN,NaN,NaN,NaN,NaN,NaN,99.915,NaN,5251.0,99.91,39862.0,1676.0,99.905,30874.0,1041.0,99.9,26596.0,501.0,99.895,14986.0,1009.0,99.885,15669.0,505.0,99.885,13974.0,357.0,99.875,21126.0,1091.0,99.865,16655.0,407.0,99.855,12099.0,363.0,99.845,10593.0,644.0,99.835,7551.0,161.0,99.825,12472.0,565.0,99.805,10914.0,517.0,99.775,7706.0,537.0,99.75,8120.0,361.0,99.725,4725.0,343.0,99.67,3099.0,316.0,99.64,5745.0,253.0,99.6,2941.0,93.0,99.53,1641.0,158.0,99.485,1743.0,66.0,99.425,979.0,59.0,99.33,1080.0,50.0,99.27,99.19,99.07,98.995,98.9,98.77,98.685,98.585,98.455,98.375,98.295,98.175,NaN,NaN,NaN,NaN,NaN,NaN,NaN,NaN,NaN,NaN,NaN,NaN,NaN,NaN,NaN,NaN,NaN,NaN,NaN,NaN,NaN,NaN,NaN,NaN
