date,FFF21 Comdty|PX_LAST,FFF21 Comdty|OPEN_INT,FFF21 Comdty|PX_VOLUME,FFG21 Comdty|PX_LAST,FFG21 Comdty|OPEN_INT,FFG21 Comdty|PX_VOLUME,FFH21 Comdty|PX_LAST,FFH21 Comdty|OPEN_INT,FFH21 Comdty|PX_VOLUME,FFJ21 Comdty|PX_LAST,FFJ21 Comdty|OPEN_INT,FFJ21 Comdty|PX_VOLUME,FFK21 Comdty|PX_LAST,FFK21 Comdty|OPEN_INT,FFK21 Comdty|PX_VOLUME,FFM21 Comdty|PX_LAST,FFM21 Comdty|OPEN_INT,FFM21 Comdty|PX_VOLUME,FFN21 Comdty|PX_LAST,FFN21 Comdty|OPEN_INT,FFN21 Comdty|PX_VOLUME,FFQ21 Comdty|PX_LAST,FFQ21 Comdty|OPEN_INT,FFQ21 Comdty|PX_VOLUME,FFU21 Comdty|PX_LAST,FFU21 Comdty|OPEN_INT,FFU21 Comdty|PX_VOLUME,FFV21 Comdty|PX_LAST,FFV21 Comdty|OPEN_INT,FFV21 Comdty|PX_VOLUME,FFX21 Comdty|PX_LAST,FFX21 Comdty|OPEN_INT,FFX21 Comdty|PX_VOLUME,FFZ21 Comdty|PX_LAST,FFZ21 Comdty|OPEN_INT,FFZ21 Comdty|PX_VOLUME,FFF22 Comdty|PX_LAST,FFF22 Comdty|OPEN_INT,FFF22 Comdty|PX_VOLUME,FFG22 Comdty|PX_LAST,FFG22 Comdty|OPEN_INT,FFG22 Comdty|PX_VOLUME,FFH22 Comdty|PX_LAST,FFH22 Comdty|OPEN_INT,FFH22 Comdty|PX_VOLUME,FFJ22 Comdty|PX_LAST,FFJ22 Comdty|OPEN_INT,FFJ22 Comdty|PX_VOLUME,FFK22 Comdty|PX_LAST,FFK22 Comdty|OPEN_INT,FFK22 Comdty|PX_VOLUME,FFM22 Comdty|PX_LAST,FFM22 Comdty|OPEN_INT,FFM22 Comdty|PX_VOLUME,FFN22 Comdty|PX_LAST,FFN22 Comdty|OPEN_INT,FFN22 Comdty|PX_VOLUME,FFQ22 Comdty|PX_LAST,FFQ22 Comdty|OPEN_INT,FFQ22 Comdty|PX_VOLUME,FFU22 Comdty|PX_LAST,FFU22 Comdty|OPEN_INT,FFU22 Comdty|PX_VOLUME,FFV22 Comdty|PX_LAST,FFV22 Comdty|OPEN_INT,FFV22 Comdty|PX_VOLUME,FFX22 Comdty|PX_LAST,FFX22 Comdty|OPEN_INT,FFX22 Comdty|PX_VOLUME,FFZ22 Comdty|PX_LAST,FFZ22 Comdty|OPEN_INT,FFZ22 Comdty|PX_VOLUME,FFF23 Comdty|PX_LAST,FFF23 Comdty|OPEN_INT,FFF23 Comdty|PX_VOLUME,FFG23 Comdty|PX_LAST,FFG23 Comdty|OPEN_INT,FFG23 Comdty|PX_VOLUME,FFH23 Comdty|PX_LAST,FFH23 Comdty|OPEN_INT,FFH23 Comdty|PX_VOLUME,FFJ23 Comdty|PX_LAST,FFJ23 Comdty|OPEN_INT,FFJ23 Comdty|PX_VOLUME,FFK23 Comdty|PX_LAST,FFK23 Comdty|OPEN_INT,FFK23 Comdty|PX_VOLUME,FFM23 Comdty|PX_LAST,FFM23 Comdty|OPEN_INT,FFM23 Comdty|PX_VOLUME,FFN23 Comdty|PX_LAST,FFN23 Comdty|OPEN_INT,FFN23 Comdty|PX_VOLUME,FFQ23 Comdty|PX_LAST,FFQ23 Comdty|OPEN_INT,FFQ23 Comdty|PX_VOLUME,FFU23 Comdty|PX_LAST,FFU23 Comdty|OPEN_INT,FFU23 Comdty|PX_VOLUME,FFV23 Comdty|PX_LAST,FFV23 Comdty|OPEN_INT,FFV23 Comdty|PX_VOLUME,FFX23 Comdty|PX_LAST,FFX23 Comdty|OPEN_INT,FFX23 Comdty|PX_VOLUME,FFZ23 Comdty|PX_LAST,FFF24 Comdty|PX_LAST,FFG24 Comdty|PX_LAST,FFH24 Comdty|PX_LAST,FFJ24 Comdty|PX_LAST,FFK24 Comdty|PX_LAST,FFM24 Comdty|PX_LAST,FFN24 Comdty|PX_LAST,FFQ24 Comdty|PX_LAST,FFU24 Comdty|PX_LAST,FFV24 Comdty|PX_LAST,FFX24 Comdty|PX_LAST,FFZ24 Comdty|PX_LAST,FFF25 Comdty|PX_LAST,FFG25 Comdty|PX_LAST,FFH25 Comdty|PX_LAST,FFJ25 Comdty|PX_LAST,FFK25 Comdty|PX_LAST,FFM25 Comdty|PX_LAST,FFN25 Comdty|PX_LAST,FFQ25 Comdty|PX_LAST,FFU25 Comdty|PX_LAST,FFV25 Comdty|PX_LAST,FFX25 Comdty|PX_LAST,FFZ25 Comdty|PX_LAST,FFF26 Comdty|PX_LAST,FFG26 Comdty|PX_LAST,FFH26 Comdty|PX_LAST,FFJ26 Comdty|PX_LAST,FFK26 Comdty|PX_LAST,FFM26 Comdty|PX_LAST,FFN26 Comdty|PX_LAST,FFQ26 Comdty|PX_LAST,FFU26 Comdty|PX_LAST,FFV26 Comdty|PX_LAST,FFX26 Comdty|PX_LAST
2021-01-04,99.915,161820.0,8672.0,99.92,148528.0,6841.0,99.925,84279.0,1460.0,99.93,101281.0,5609.0,99.93,77886.0,5337.0,99.93,58464.0,5165.0,99.93,78628.0,9028.0,99.925,45592.0,1322.0,99.925,23539.0,1304.0,99.925,34725.0,3299.0,99.925,36758.0,2141.0,99.925,18412.0,2319.0,99.925,27361.0,3344.0,99.925,26108.0,5469.0,99.925,14483.0,2223.0,99.925,29344.0,1749.0,99.925,22681.0,897.0,99.925,2084.0,116.0,99.925,5852.0,188.0,99.92,573.0,NaN,99.91,27.0,NaN,99.91,87.0,NaN,99.905,8.0,NaN,99.88,NaN,NaN,99.87,NaN,NaN,99.87,NaN,NaN,99.87,NaN,NaN,99.87,NaN,NaN,99.87,NaN,NaN,99.87,NaN,NaN,99.87,NaN,NaN,99.87,NaN,NaN,99.87,NaN,NaN,99.87,NaN,NaN,99.87,NaN,NaN,99.87,99.87,99.87,99.87,99.87,99.87,99.87,99.87,99.87,99.87,99.87,99.87,99.87,99.87,99.87,99.87,99.87,99.87,99.87,99.87,99.87,99.87,99.87,99.87,99.87,NaN,NaN,NaN,NaN,NaN,NaN,NaN,NaN,NaN,NaN,NaN
2021-01-05,99.9125,165196.0,20034.0,99.92,147509.0,8079.0,99.925,84067.0,5580.0,99.93,102120.0,10168.0,99.93,77321.0,5497.0,99.93,58521.0,4241.0,99.93,79415.0,9712.0,99.93,45270.0,4175.0,99.925,22976.0,1584.0,99.925,34813.0,5359.0,99.925,36972.0,2100.0,99.93,19326.0,2431.0,99.93,27105.0,2707.0,99.93,25066.0,2376.0,99.925,13942.0,1795.0,99.925,27980.0,2169.0,99.925,22458.0,2556.0,99.925,2030.0,92.0,99.925,5862.0,141.0,99.92,661.0,119.0,99.91,115.0,99.0,99.905,587.0,616.0,99.9,8.0,NaN,99.875,NaN,NaN,99.87,5.0,5.0,99.87,NaN,NaN,99.87,NaN,NaN,99.87,NaN,NaN,99.87,NaN,NaN,99.87,NaN,NaN,99.87,NaN,NaN,99.87,NaN,NaN,99.87,NaN,NaN,99.87,NaN,NaN,99.87,NaN,NaN,99.87,99.87,99.87,99.87,99.87,99.87,99.87,99.87,99.87,99.87,99.87,99.87,99.87,99.87,99.87,99.87,99.87,99.87,99.87,99.87,99.87,99.87,99.87,99.87,99.87,NaN,NaN,NaN,NaN,NaN,NaN,NaN,NaN,NaN,NaN,NaN
2021-01-06,99.9125,158560.0,14607.0,99.92,152130.0,18233.0,99.92,86244.0,15761.0,99.925,102242.0,9855.0,99.925,78480.0,14506.0,99.925,60027.0,4975.0,99.925,78986.0,14625.0,99.92,46699.0,4790.0,99.92,23264.0,1406.0,99.92,33895.0,6788.0,99.92,35314.0,4714.0,99.92,19244.0,2416.0,99.92,26084.0,4181.0,99.92,25172.0,1629.0,99.915,13985.0,688.0,99.915,27689.0,2965.0,99.915,22388.0,1565.0,99.915,2018.0,301.0,99.91,6387.0,1536.0,99.905,668.0,74.0,99.895,115.0,1.0,99.89,587.0,24.0,99.885,18.0,10.0,99.86,NaN,NaN,99.855,15.0,10.0,99.855,NaN,NaN,99.855,NaN,NaN,99.855,NaN,NaN,99.855,NaN,NaN,99.855,NaN,NaN,99.855,NaN,NaN,99.855,NaN,NaN,99.855,NaN,NaN,99.855,NaN,NaN,99.855,NaN,NaN,99.855,99.855,99.855,99.855,99.855,99.855,99.855,99.855,99.855,99.855,99.855,99.855,99.855,99.855,99.855,99.855,99.855,99.855,99.855,99.855,99.855,99.855,99.855,99.855,99.855,NaN,NaN,NaN,NaN,NaN,NaN,NaN,NaN,NaN,NaN,NaN
2021-01-07,99.9125,160114.0,5793.0,99.92,155852.0,15729.0,99.92,86209.0,1780.0,99.92,103592.0,7419.0,99.925,78596.0,1243.0,99.925,60515.0,2578.0,99.92,80521.0,4043.0,99.92,51555.0,6508.0,99.92,23981.0,2947.0,99.92,34461.0,1862.0,99.915,35278.0,1389.0,99.915,19548.0,1076.0,99.915,27164.0,2386.0,99.915,25052.0,2128.0,99.91,13815.0,336.0,99.91,28214.0,4101.0,99.905,22318.0,873.0,99.905,1983.0,150.0,99.9,6359.0,420.0,99.895,958.0,337.0,99.885,427.0,378.0,99.88,587.0,10.0,99.875,18.0,NaN,99.85,NaN,NaN,99.845,15.0,NaN,99.845,NaN,NaN,99.845,NaN,NaN,99.845,NaN,NaN,99.845,NaN,NaN,99.845,NaN,NaN,99.845,NaN,NaN,99.845,NaN,NaN,99.845,NaN,NaN,99.845,NaN,NaN,99.845,NaN,NaN,99.845,99.845,99.845,99.845,99.845,99.845,99.845,99.845,99.845,99.845,99.845,99.845,99.845,99.845,99.845,99.845,99.845,99.845,99.845,99.845,99.845,99.845,99.845,99.845,99.845,NaN,NaN,NaN,NaN,NaN,NaN,NaN,NaN,NaN,NaN,NaN
2021-01-08,99.9125,163704.0,16968.0,99.92,157838.0,4306.0,99.925,93557.0,17794.0,99.925,100117.0,17468.0,99.93,77237.0,10192.0,99.93,59524.0,5214.0,99.93,80925.0,12077.0,99.925,51244.0,6957.0,99.925,24170.0,2199.0,99.925,33746.0,6423.0,99.925,35790.0,3507.0,99.92,18775.0,3928.0,99.92,27129.0,1349.0,99.92,24959.0,1305.0,99.92,13595.0,451.0,99.915,29070.0,3729.0,99.91,22790.0,1572.0,99.91,2096.0,279.0,99.905,6403.0,234.0,99.9,1081.0,150.0,99.89,427.0,NaN,99.885,587.0,34.0,99.88,18.0,NaN,99.855,NaN,NaN,99.85,15.0,NaN,99.85,NaN,NaN,99.85,NaN,NaN,99.85,NaN,NaN,99.85,NaN,NaN,99.85,NaN,NaN,99.85,NaN,NaN,99.85,NaN,NaN,99.85,NaN,NaN,99.85,NaN,NaN,99.85,NaN,NaN,99.85,99.85,99.85,99.85,99.85,99.85,99.85,99.85,99.85,99.85,99.85,99.85,99.85,99.85,99.85,99.85,99.85,99.85,99.85,99.85,99.85,99.85,99.85,99.85,99.85,NaN,NaN,NaN,NaN,NaN,NaN,NaN,NaN,NaN,NaN,NaN
2021-01-11,99.91,164675.0,3966.0,99.92,156367.0,3341.0,99.925,93975.0,5716.0,99.93,101326.0,2341.0,99.93,77363.0,429.0,99.93,59680.0,1197.0,99.93,80813.0,1926.0,99.925,50324.0,6288.0,99.925,24045.0,307.0,99.925,33811.0,729.0,99.925,35676.0,1189.0,99.92,18884.0,519.0,99.92,26999.0,321.0,99.92,24699.0,477.0,99.92,13536.0,157.0,99.915,28530.0,2538.0,99.91,22745.0,662.0,99.91,2096.0,4.0,99.905,6431.0,264.0,99.9,1082.0,1.0,99.89,427.0,NaN,99.885,587.0,NaN,99.88,18.0,NaN,99.85,NaN,NaN,99.85,15.0,NaN,99.85,NaN,NaN,99.85,NaN,NaN,99.85,NaN,NaN,99.85,NaN,NaN,99.85,NaN,NaN,99.85,NaN,NaN,99.85,NaN,NaN,99.85,NaN,NaN,99.85,NaN,NaN,99.85,NaN,NaN,99.85,99.85,99.85,99.85,99.85,99.85,99.85,99.85,99.85,99.85,99.85,99.85,99.85,99.85,99.85,99.85,99.85,99.85,99.85,99.85,99.85,99.85,99.85,99.85,99.85,NaN,NaN,NaN,NaN,NaN,NaN,NaN,NaN,NaN,NaN,NaN
2021-01-12,99.91,164334.0,2042.0,99.915,159766.0,12265.0,99.92,94252.0,4671.0,99.925,101002.0,5400.0,99.925,73615.0,8635.0,99.925,59793.0,1715.0,99.925,80406.0,2092.0,99.925,49900.0,695.0,99.925,25261.0,2915.0,99.92,38369.0,5937.0,99.915,38180.0,5574.0,99.915,19719.0,1792.0,99.915,29292.0,4765.0,99.91,24593.0,1256.0,99.91,13449.0,353.0,99.905,28900.0,710.0,99.9,22648.0,233.0,99.9,2073.0,81.0,99.895,6457.0,349.0,99.89,1277.0,195.0,99.88,428.0,2.0,99.875,608.0,174.0,99.87,18.0,1.0,99.84,NaN,NaN,99.84,15.0,NaN,99.84,NaN,NaN,99.84,NaN,NaN,99.84,NaN,NaN,99.84,NaN,NaN,99.84,NaN,NaN,99.84,NaN,NaN,99.84,NaN,NaN,99.84,NaN,NaN,99.84,NaN,NaN,99.84,NaN,NaN,99.84,99.84,99.84,99.84,99.84,99.84,99.84,99.84,99.84,99.84,99.84,99.84,99.84,99.84,99.84,99.84,99.84,99.84,99.84,99.84,99.84,99.84,99.84,99.84,99.84,NaN,NaN,NaN,NaN,NaN,NaN,NaN,NaN,NaN,NaN,NaN
2021-01-13,99.91,164505.0,5311.0,99.915,156399.0,9049.0,99.92,98094.0,4760.0,99.925,104754.0,12351.0,99.925,73519.0,7857.0,99.925,59806.0,298.0,99.925,81554.0,2185.0,99.925,50116.0,2810.0,99.925,25877.0,2153.0,99.92,38557.0,520.0,99.92,37819.0,1876.0,99.92,19597.0,1319.0,99.92,29318.0,2694.0,99.915,24710.0,561.0,99.91,13303.0,324.0,99.91,28932.0,534.0,99.905,23031.0,1182.0,99.905,2125.0,77.0,99.9,6857.0,626.0,99.895,1455.0,198.0,99.885,428.0,NaN,99.88,617.0,114.0,99.875,18.0,NaN,99.84,NaN,NaN,99.84,15.0,NaN,99.84,NaN,NaN,99.84,NaN,NaN,99.84,NaN,NaN,99.84,NaN,NaN,99.84,NaN,NaN,99.84,NaN,NaN,99.84,NaN,NaN,99.84,NaN,NaN,99.84,NaN,NaN,99.84,NaN,NaN,99.84,99.84,99.84,99.84,99.84,99.84,99.84,99.84,99.84,99.84,99.84,99.84,99.84,99.84,99.84,99.84,99.84,99.84,99.84,99.84,99.84,99.84,99.84,99.84,99.84,NaN,NaN,NaN,NaN,NaN,NaN,NaN,NaN,NaN,NaN,NaN
2021-01-14,99.91,167375.0,5544.0,99.915,156634.0,923.0,99.92,99552.0,3168.0,99.925,104711.0,3558.0,99.925,73863.0,5676.0,99.925,60234.0,3373.0,99.925,81533.0,3805.0,99.925,51758.0,3908.0,99.925,26534.0,6609.0,99.925,38329.0,2212.0,99.925,38150.0,2759.0,99.925,20319.0,2784.0,99.925,28247.0,3022.0,99.925,24124.0,2215.0,99.92,13508.0,426.0,99.92,29173.0,744.0,99.915,22844.0,1182.0,99.915,2137.0,29.0,99.91,6787.0,727.0,99.905,1455.0,36.0,99.895,426.0,2.0,99.89,617.0,NaN,99.885,18.0,NaN,99.85,NaN,NaN,99.85,15.0,NaN,99.85,NaN,NaN,99.85,NaN,NaN,99.85,NaN,NaN,99.85,NaN,NaN,99.85,NaN,NaN,99.85,NaN,NaN,99.85,NaN,NaN,99.85,NaN,NaN,99.85,NaN,NaN,99.85,NaN,NaN,99.85,99.85,99.85,99.85,99.85,99.85,99.85,99.85,99.85,99.85,99.85,99.85,99.85,99.85,99.85,99.85,99.85,99.85,99.85,99.85,99.85,99.85,99.85,99.85,99.85,NaN,NaN,NaN,NaN,NaN,NaN,NaN,NaN,NaN,NaN,NaN
2021-01-15,99.91,168394.0,3140.0,99.915,157367.0,11610.0,99.92,99601.0,3188.0,99.925,108689.0,9319.0,99.925,73998.0,741.0,99.925,60235.0,33.0,99.93,84591.0,5838.0,99.93,51644.0,1169.0,99.93,27008.0,1645.0,99.925,37967.0,904.0,99.925,38455.0,952.0,99.93,20020.0,657.0,99.93,27278.0,3495.0,99.93,24198.0,2001.0,99.93,13507.0,61.0,99.925,29034.0,428.0,99.92,22796.0,242.0,99.92,2170.0,59.0,99.915,6708.0,116.0,99.91,1455.0,NaN,99.9,426.0,NaN,99.895,617.0,NaN,99.89,18.0,NaN,99.855,NaN,NaN,99.855,15.0,NaN,99.855,NaN,NaN,99.84,NaN,NaN,99.84,NaN,NaN,99.84,NaN,NaN,99.84,NaN,NaN,99.84,NaN,NaN,99.84,NaN,NaN,99.84,NaN,NaN,99.84,NaN,NaN,99.84,NaN,NaN,99.84,99.84,99.84,99.84,99.84,99.84,99.84,99.84,99.84,99.84,99.84,99.84,99.84,99.84,99.84,99.84,99.84,99.84,99.84,99.84,99.84,99.84,99.84,99.84,99.84,NaN,NaN,NaN,NaN,NaN,NaN,NaN,NaN,NaN,NaN,NaN
2021-01-19,99.91,168251.0,861.0,99.915,157911.0,3578.0,99.92,101655.0,4792.0,99.925,108862.0,2565.0,99.925,74222.0,2471.0,99.925,61522.0,3428.0,99.93,84423.0,2474.0,99.93,51385.0,781.0,99.93,26969.0,1531.0,99.93,37828.0,767.0,99.93,38665.0,672.0,99.93,20364.0,600.0,99.93,27305.0,559.0,99.93,24226.0,578.0,99.93,13272.0,427.0,99.925,29511.0,713.0,99.92,22788.0,94.0,99.92,2202.0,151.0,99.915,7482.0,1436.0,99.915,1455.0,12.0,99.91,426.0,NaN,99.905,619.0,41.0,99.9,128.0,111.0,99.865,2.0,2.0,99.865,15.0,NaN,99.865,NaN,NaN,99.85,NaN,NaN,99.85,NaN,NaN,99.85,NaN,NaN,99.85,NaN,NaN,99.85,NaN,NaN,99.85,NaN,NaN,99.85,NaN,NaN,99.85,NaN,NaN,99.85,NaN,NaN,99.85,99.85,99.85,99.85,99.85,99.85,99.85,99.85,99.85,99.85,99.85,99.85,99.85,99.85,99.85,99.85,99.85,99.85,99.85,99.85,99.85,99.85,99.85,99.85,99.85,NaN,NaN,NaN,NaN,NaN,NaN,NaN,NaN,NaN,NaN,NaN
2021-01-20,99.91,168241.0,1672.0,99.915,160271.0,19251.0,99.92,102725.0,9915.0,99.925,109023.0,7982.0,99.925,77619.0,10236.0,99.925,60070.0,4198.0,99.93,83419.0,2978.0,99.93,51321.0,1052.0,99.93,26998.0,981.0,99.925,38515.0,2124.0,99.925,39168.0,1634.0,99.93,20580.0,567.0,99.93,27320.0,2296.0,99.93,23433.0,2640.0,99.93,14023.0,1400.0,99.925,29802.0,2433.0,99.925,23541.0,1285.0,99.925,2600.0,778.0,99.92,7519.0,230.0,99.92,1483.0,53.0,99.915,426.0,NaN,99.91,619.0,NaN,99.905,128.0,NaN,99.87,2.0,NaN,99.875,15.0,NaN,99.875,NaN,NaN,99.86,NaN,NaN,99.86,NaN,NaN,99.86,NaN,NaN,99.86,NaN,NaN,99.86,NaN,NaN,99.86,NaN,NaN,99.86,NaN,NaN,99.86,NaN,NaN,99.86,NaN,NaN,99.86,99.86,99.86,99.86,99.86,99.86,99.86,99.86,99.86,99.86,99.86,99.86,99.86,99.86,99.86,99.86,99.86,99.86,99.86,99.86,99.86,99.86,99.86,99.86,99.86,NaN,NaN,NaN,NaN,NaN,NaN,NaN,NaN,NaN,NaN,NaN
2021-01-21,99.91,166071.0,17613.0,99.92,166731.0,32318.0,99.925,103181.0,19715.0,99.93,109313.0,4575.0,99.93,75093.0,12630.0,99.93,60041.0,883.0,99.935,83282.0,1463.0,99.935,52178.0,2293.0,99.93,27678.0,1347.0,99.93,38684.0,1230.0,99.93,39565.0,2380.0,99.93,20465.0,586.0,99.93,27817.0,2146.0,99.93,24543.0,3972.0,99.93,14007.0,617.0,99.93,30324.0,1442.0,99.925,23515.0,217.0,99.925,2615.0,43.0,99.92,7785.0,555.0,99.92,1484.0,39.0,99.915,426.0,NaN,99.9,1097.0,569.0,99.895,157.0,93.0,99.86,2.0,NaN,99.865,15.0,NaN,99.865,NaN,NaN,99.85,NaN,NaN,99.85,NaN,NaN,99.85,NaN,NaN,99.85,NaN,NaN,99.85,NaN,NaN,99.85,NaN,NaN,99.85,NaN,NaN,99.85,NaN,NaN,99.85,NaN,NaN,99.85,99.85,99.85,99.85,99.85,99.85,99.85,99.85,99.85,99.85,99.85,99.85,99.85,99.85,99.85,99.85,99.85,99.85,99.85,99.85,99.85,99.85,99.85,99.85,99.85,NaN,NaN,NaN,NaN,NaN,NaN,NaN,NaN,NaN,NaN,NaN
2021-01-22,99.91,164919.0,8732.0,99.92,165904.0,4601.0,99.925,102465.0,6057.0,99.925,109608.0,868.0,99.93,73722.0,19160.0,99.93,60040.0,503.0,99.93,85927.0,4189.0,99.935,51813.0,1253.0,99.935,28212.0,1940.0,99.93,38534.0,2072.0,99.93,39558.0,1205.0,99.93,20419.0,337.0,99.93,27663.0,471.0,99.93,24100.0,1484.0,99.93,14006.0,64.0,99.93,30431.0,280.0,99.925,23108.0,1371.0,99.925,3514.0,983.0,99.92,7796.0,76.0,99.92,1484.0,NaN,99.915,426.0,NaN,99.9,1099.0,78.0,99.895,157.0,NaN,99.86,2.0,NaN,99.865,49.0,34.0,99.865,NaN,NaN,99.85,NaN,NaN,99.85,NaN,NaN,99.85,NaN,NaN,99.85,NaN,NaN,99.85,NaN,NaN,99.85,NaN,NaN,99.85,NaN,NaN,99.85,NaN,NaN,99.85,NaN,NaN,99.85,99.85,99.85,99.85,99.85,99.85,99.85,99.85,99.85,99.85,99.85,99.85,99.85,99.85,99.85,99.85,99.85,99.85,99.85,99.85,99.85,99.85,99.85,99.85,99.84,NaN,NaN,NaN,NaN,NaN,NaN,NaN,NaN,NaN,NaN,NaN
2021-01-25,99.91,162967.0,9219.0,99.92,164762.0,14757.0,99.925,102294.0,2507.0,99.925,109284.0,1429.0,99.93,75225.0,3937.0,99.93,60044.0,48.0,99.935,86677.0,1842.0,99.935,50404.0,2479.0,99.935,28658.0,1092.0,99.93,38800.0,2225.0,99.93,39134.0,1189.0,99.93,20566.0,2060.0,99.93,27470.0,488.0,99.93,24279.0,620.0,99.93,14036.0,199.0,99.93,30388.0,107.0,99.93,23021.0,367.0,99.93,3458.0,100.0,99.925,7966.0,370.0,99.925,1484.0,11.0,99.92,426.0,NaN,99.905,1106.0,144.0,99.9,162.0,5.0,99.87,2.0,NaN,99.87,49.0,NaN,99.87,NaN,NaN,99.855,NaN,NaN,99.855,NaN,NaN,99.855,NaN,NaN,99.855,NaN,NaN,99.855,NaN,NaN,99.855,NaN,NaN,99.855,NaN,NaN,99.855,NaN,NaN,99.855,NaN,NaN,99.855,99.855,99.855,99.855,99.855,99.855,99.855,99.855,99.855,99.855,99.855,99.855,99.855,99.855,99.855,99.855,99.855,99.855,99.855,99.855,99.855,99.855,99.855,99.855,99.845,NaN,NaN,NaN,NaN,NaN,NaN,NaN,NaN,NaN,NaN,NaN
2021-01-26,99.9125,169607.0,17058.0,99.925,170970.0,68659.0,99.93,100293.0,27353.0,99.93,109377.0,21836.0,99.93,76648.0,20580.0,99.93,62850.0,5873.0,99.93,88518.0,9703.0,99.93,51664.0,26770.0,99.925,34998.0,9834.0,99.925,39500.0,5923.0,99.925,46318.0,13821.0,99.925,20582.0,3514.0,99.925,27083.0,1312.0,99.925,23339.0,2052.0,99.925,14117.0,1402.0,99.925,30623.0,667.0,99.925,23208.0,634.0,99.925,3654.0,749.0,99.92,8105.0,1324.0,99.92,1782.0,325.0,99.915,428.0,10.0,99.905,1082.0,69.0,99.9,213.0,103.0,99.87,2.0,NaN,99.87,49.0,NaN,99.87,NaN,NaN,99.855,NaN,NaN,99.855,NaN,NaN,99.855,NaN,NaN,99.855,NaN,NaN,99.855,NaN,NaN,99.855,NaN,NaN,99.855,NaN,NaN,99.855,NaN,NaN,99.855,NaN,NaN,99.855,99.855,99.855,99.855,99.855,99.855,99.855,99.855,99.855,99.855,99.855,99.855,99.855,99.855,99.855,99.855,99.855,99.855,99.855,99.855,99.855,99.855,99.855,99.855,99.845,NaN,NaN,NaN,NaN,NaN,NaN,NaN,NaN,NaN,NaN,NaN
2021-01-27,99.9125,169223.0,1556.0,99.925,168650.0,45460.0,99.93,98789.0,16186.0,99.93,113103.0,18079.0,99.93,76664.0,6318.0,99.93,62700.0,10129.0,99.93,90922.0,10268.0,99.93,50720.0,7026.0,99.93,36589.0,6119.0,99.93,40118.0,2879.0,99.925,49291.0,7160.0,99.925,26754.0,9330.0,99.925,28024.0,2247.0,99.925,23271.0,1207.0,99.925,14115.0,55.0,99.925,30853.0,619.0,99.925,23275.0,183.0,99.925,3754.0,109.0,99.92,8764.0,718.0,99.92,1846.0,65.0,99.915,428.0,NaN,99.905,1082.0,NaN,99.9,213.0,NaN,99.87,2.0,NaN,99.87,49.0,NaN,99.87,NaN,NaN,99.855,NaN,NaN,99.855,NaN,NaN,99.855,NaN,NaN,99.855,NaN,NaN,99.855,NaN,NaN,99.855,NaN,NaN,99.855,NaN,NaN,99.855,NaN,NaN,99.855,NaN,NaN,99.855,99.855,99.855,99.855,99.855,99.855,99.855,99.855,99.855,99.855,99.855,99.855,99.855,99.855,99.855,99.855,99.855,99.855,99.855,99.855,99.855,99.855,99.855,99.855,99.845,NaN,NaN,NaN,NaN,NaN,NaN,NaN,NaN,NaN,NaN,NaN
2021-01-28,99.9125,168643.0,1002.0,99.925,168779.0,11570.0,99.93,96089.0,15946.0,99.93,113720.0,10201.0,99.93,76803.0,2630.0,99.93,63398.0,3288.0,99.93,95785.0,12093.0,99.925,49736.0,5114.0,99.92,39645.0,6862.0,99.92,54973.0,21508.0,99.92,51795.0,7118.0,99.92,27236.0,5563.0,99.92,28523.0,3688.0,99.92,23640.0,1936.0,99.92,14259.0,573.0,99.92,30691.0,1462.0,99.92,23419.0,1042.0,99.92,3754.0,63.0,99.915,8662.0,283.0,99.91,1860.0,15.0,99.905,428.0,NaN,99.895,1082.0,4.0,99.89,233.0,9.0,99.86,2.0,NaN,99.86,56.0,7.0,99.86,NaN,NaN,99.845,NaN,NaN,99.845,NaN,NaN,99.845,NaN,NaN,99.845,NaN,NaN,99.845,NaN,NaN,99.845,NaN,NaN,99.845,NaN,NaN,99.845,NaN,NaN,99.845,NaN,NaN,99.845,99.845,99.845,99.845,99.845,99.845,99.845,99.845,99.845,99.845,99.845,99.845,99.845,99.845,99.845,99.845,99.845,99.845,99.845,99.845,99.845,99.845,99.845,99.845,99.835,NaN,NaN,NaN,NaN,NaN,NaN,NaN,NaN,NaN,NaN,NaN
2021-01-29,99.9125,167874.0,4427.0,99.94,187261.0,89286.0,99.935,114216.0,33131.0,99.93,125872.0,48121.0,99.93,78404.0,11000.0,99.93,62688.0,11808.0,99.93,101749.0,22350.0,99.925,51008.0,10492.0,99.92,42384.0,5292.0,99.92,53304.0,12804.0,99.92,50131.0,5266.0,99.92,26085.0,3725.0,99.92,28285.0,3352.0,99.92,24827.0,4238.0,99.92,14165.0,1591.0,99.925,31850.0,2313.0,99.925,23653.0,383.0,99.925,3949.0,216.0,99.92,9347.0,1095.0,99.915,1860.0,1.0,99.91,428.0,1.0,99.905,1089.0,17.0,99.9,216.0,1.0,99.87,4.0,2.0,99.87,56.0,1.0,99.87,NaN,NaN,99.855,NaN,NaN,99.855,NaN,NaN,99.855,NaN,NaN,99.855,NaN,NaN,99.855,NaN,NaN,99.855,NaN,NaN,99.855,NaN,NaN,99.855,NaN,NaN,99.855,NaN,NaN,99.855,99.855,99.855,99.855,99.855,99.855,99.855,99.855,99.855,99.855,99.855,99.855,99.855,99.855,99.855,99.855,99.855,99.855,99.855,99.855,99.855,99.855,99.855,99.855,99.84,99.84,NaN,NaN,NaN,NaN,NaN,NaN,NaN,NaN,NaN,NaN
2021-02-01,99.915,167788.0,NaN,99.9325,186241.0,32013.0,99.935,114178.0,10590.0,99.93,132989.0,30192.0,99.93,75972.0,6403.0,99.93,62365.0,2096.0,99.93,108124.0,27425.0,99.925,50718.0,3249.0,99.925,52222.0,17466.0,99.92,53701.0,3424.0,99.92,59256.0,12581.0,99.92,26750.0,2100.0,99.92,29129.0,1717.0,99.92,24907.0,726.0,99.92,13745.0,460.0,99.925,31954.0,1088.0,99.925,23995.0,608.0,99.925,4323.0,405.0,99.92,9786.0,790.0,99.92,1730.0,567.0,99.915,428.0,12.0,99.91,1091.0,193.0,99.905,216.0,NaN,99.875,4.0,NaN,99.875,56.0,NaN,99.875,NaN,NaN,99.86,NaN,NaN,99.86,NaN,NaN,99.86,NaN,NaN,99.86,NaN,NaN,99.86,NaN,NaN,99.86,NaN,NaN,99.86,NaN,NaN,99.86,NaN,NaN,99.86,NaN,NaN,99.86,99.86,99.86,99.86,99.86,99.86,99.86,99.86,99.86,99.86,99.86,99.86,99.86,99.86,99.86,99.86,99.86,99.86,99.86,99.86,99.86,99.86,99.86,99.86,99.84,99.84,NaN,NaN,NaN,NaN,NaN,NaN,NaN,NaN,NaN,NaN
2021-02-02,NaN,NaN,NaN,99.9325,173747.0,50920.0,99.935,108071.0,26005.0,99.935,138304.0,12528.0,99.93,79604.0,15229.0,99.93,65210.0,7479.0,99.93,109115.0,2281.0,99.925,52808.0,5500.0,99.925,48885.0,5369.0,99.92,52500.0,2105.0,99.92,55591.0,6220.0,99.92,28064.0,3414.0,99.92,29182.0,493.0,99.92,24885.0,653.0,99.92,13907.0,494.0,99.925,31952.0,347.0,99.925,24051.0,98.0,99.925,4495.0,184.0,99.92,9829.0,370.0,99.92,1730.0,NaN,99.915,428.0,NaN,99.91,1091.0,NaN,99.9,216.0,NaN,99.87,5.0,1.0,99.87,57.0,1.0,99.87,NaN,NaN,99.855,NaN,NaN,99.855,NaN,NaN,99.855,NaN,NaN,99.855,NaN,NaN,99.855,NaN,NaN,99.855,NaN,NaN,99.855,NaN,NaN,99.855,NaN,NaN,99.855,NaN,NaN,99.855,99.855,99.855,99.855,99.855,99.855,99.855,99.855,99.855,99.855,99.855,99.855,99.855,99.855,99.855,99.855,99.855,99.855,99.855,99.855,99.855,99.855,99.855,99.855,99.835,99.835,NaN,NaN,NaN,NaN,NaN,NaN,NaN,NaN,NaN,NaN
2021-02-03,NaN,NaN,NaN,99.9325,177124.0,7683.0,99.935,110927.0,8005.0,99.935,140211.0,10442.0,99.93,82208.0,7466.0,99.93,68202.0,8744.0,99.93,109400.0,1611.0,99.93,52218.0,2289.0,99.93,44835.0,12189.0,99.925,52424.0,2665.0,99.925,50990.0,10572.0,99.925,28349.0,1003.0,99.925,28624.0,2385.0,99.925,24965.0,602.0,99.925,13876.0,502.0,99.925,31768.0,1577.0,99.925,24338.0,2194.0,99.925,4545.0,194.0,99.92,9655.0,554.0,99.915,1789.0,884.0,99.91,428.0,NaN,99.905,582.0,1484.0,99.895,216.0,NaN,99.865,6.0,1.0,99.865,57.0,1.0,99.865,NaN,NaN,99.85,NaN,NaN,99.85,NaN,NaN,99.85,NaN,NaN,99.85,NaN,NaN,99.85,NaN,NaN,99.85,NaN,NaN,99.85,NaN,NaN,99.85,NaN,NaN,99.85,NaN,NaN,99.85,99.85,99.85,99.85,99.85,99.85,99.85,99.85,99.85,99.85,99.85,99.85,99.85,99.85,99.85,99.85,99.85,99.85,99.85,99.85,99.85,99.85,99.85,99.85,99.83,99.83,NaN,NaN,NaN,NaN,NaN,NaN,NaN,NaN,NaN,NaN
2021-02-04,NaN,NaN,NaN,99.935,179504.0,29719.0,99.94,110012.0,4001.0,99.935,136843.0,18108.0,99.93,83005.0,4949.0,99.93,68901.0,3675.0,99.93,109527.0,4607.0,99.93,54862.0,4790.0,99.925,46089.0,6007.0,99.92,52926.0,2849.0,99.925,51728.0,1917.0,99.925,28411.0,878.0,99.925,28405.0,848.0,99.925,24982.0,674.0,99.925,15445.0,3647.0,99.92,32410.0,2497.0,99.92,24429.0,803.0,99.92,4599.0,422.0,99.915,9710.0,397.0,99.91,1810.0,323.0,99.905,428.0,NaN,99.895,769.0,440.0,99.885,216.0,4.0,99.855,6.0,NaN,99.855,61.0,4.0,99.85,NaN,NaN,99.835,NaN,NaN,99.835,NaN,NaN,99.835,NaN,NaN,99.835,NaN,NaN,99.835,NaN,NaN,99.835,NaN,NaN,99.835,NaN,NaN,99.835,NaN,NaN,99.835,NaN,NaN,99.835,99.835,99.835,99.835,99.835,99.835,99.835,99.835,99.835,99.835,99.835,99.835,99.835,99.835,99.835,99.835,99.835,99.835,99.835,99.835,99.835,99.835,99.835,99.835,99.815,99.815,NaN,NaN,NaN,NaN,NaN,NaN,NaN,NaN,NaN,NaN
2021-02-05,NaN,NaN,NaN,99.935,184701.0,28702.0,99.94,107350.0,31065.0,99.93,141304.0,25526.0,99.925,82287.0,14196.0,99.925,70568.0,2809.0,99.925,107655.0,4059.0,99.925,54971.0,1178.0,99.925,45122.0,4067.0,99.92,52481.0,3954.0,99.92,51850.0,720.0,99.92,28343.0,1026.0,99.92,29283.0,3490.0,99.92,25106.0,3359.0,99.92,15218.0,692.0,99.915,30651.0,5806.0,99.915,24694.0,1633.0,99.91,4668.0,314.0,99.905,9253.0,1801.0,99.9,1740.0,286.0,99.9,452.0,24.0,99.89,1070.0,432.0,99.88,270.0,54.0,99.85,7.0,1.0,99.85,61.0,NaN,99.845,NaN,1.0,99.83,NaN,NaN,99.83,NaN,NaN,99.83,NaN,NaN,99.83,NaN,NaN,99.83,NaN,NaN,99.83,NaN,NaN,99.83,NaN,NaN,99.83,NaN,NaN,99.83,NaN,NaN,99.83,99.83,99.83,99.83,99.83,99.83,99.83,99.83,99.83,99.83,99.83,99.83,99.83,99.83,99.83,99.83,99.83,99.83,99.83,99.83,99.83,99.83,99.83,99.83,99.81,99.81,NaN,NaN,NaN,NaN,NaN,NaN,NaN,NaN,NaN,NaN
2021-02-08,NaN,NaN,NaN,99.935,188481.0,39087.0,99.94,124448.0,50783.0,99.93,141453.0,17783.0,99.925,86170.0,15557.0,99.925,70863.0,6344.0,99.92,110979.0,10567.0,99.92,55950.0,5201.0,99.92,44207.0,4330.0,99.915,53067.0,2238.0,99.915,52255.0,1151.0,99.915,28522.0,1717.0,99.915,29930.0,1614.0,99.915,25167.0,864.0,99.915,15260.0,74.0,99.915,30437.0,1181.0,99.91,25434.0,1660.0,99.905,4970.0,527.0,99.9,9195.0,210.0,99.895,1768.0,79.0,99.89,538.0,86.0,99.88,1070.0,13.0,99.87,273.0,3.0,99.84,9.0,2.0,99.84,61.0,NaN,99.84,NaN,NaN,99.825,NaN,NaN,99.825,NaN,NaN,99.825,NaN,NaN,99.825,NaN,NaN,99.825,NaN,NaN,99.825,NaN,NaN,99.825,NaN,NaN,99.825,NaN,NaN,99.825,NaN,NaN,99.825,99.825,99.825,99.825,99.825,99.825,99.825,99.825,99.825,99.825,99.825,99.825,99.825,99.825,99.825,99.825,99.825,99.825,99.825,99.825,99.825,99.825,99.825,99.825,99.805,99.805,NaN,NaN,NaN,NaN,NaN,NaN,NaN,NaN,NaN,NaN
2021-02-09,NaN,NaN,NaN,99.93,216568.0,42705.0,99.935,119550.0,18693.0,99.925,142776.0,12311.0,99.92,88842.0,8262.0,99.92,78717.0,13732.0,99.92,111408.0,1977.0,99.92,59831.0,10288.0,99.92,47738.0,5465.0,99.915,53072.0,2048.0,99.915,52171.0,1146.0,99.915,28882.0,2686.0,99.915,29955.0,1528.0,99.915,25106.0,1200.0,99.915,16376.0,1402.0,99.915,30537.0,437.0,99.91,25278.0,313.0,99.905,4987.0,98.0,99.9,9158.0,45.0,99.895,1758.0,12.0,99.89,538.0,NaN,99.88,1271.0,201.0,99.87,330.0,57.0,99.84,10.0,1.0,99.84,61.0,NaN,99.84,NaN,NaN,99.825,NaN,NaN,99.825,NaN,NaN,99.825,NaN,NaN,99.825,NaN,NaN,99.825,NaN,NaN,99.825,NaN,NaN,99.825,NaN,NaN,99.825,NaN,NaN,99.825,NaN,NaN,99.825,99.825,99.825,99.825,99.825,99.825,99.825,99.825,99.825,99.825,99.825,99.825,99.825,99.825,99.825,99.825,99.825,99.825,99.825,99.825,99.825,99.825,99.825,99.825,99.805,99.805,NaN,NaN,NaN,NaN,NaN,NaN,NaN,NaN,NaN,NaN
2021-02-10,NaN,NaN,NaN,99.93,197702.0,21296.0,99.935,115862.0,8496.0,99.93,143293.0,9743.0,99.925,89874.0,3585.0,99.925,78587.0,6393.0,99.925,111344.0,786.0,99.925,59917.0,752.0,99.925,47872.0,546.0,99.92,53012.0,684.0,99.92,52095.0,245.0,99.92,28923.0,336.0,99.92,30099.0,747.0,99.92,25057.0,664.0,99.92,16377.0,24.0,99.92,30768.0,303.0,99.915,25292.0,173.0,99.91,5002.0,59.0,99.905,9068.0,294.0,99.9,1666.0,169.0,99.895,534.0,12.0,99.885,1696.0,777.0,99.875,361.0,98.0,99.845,10.0,NaN,99.845,78.0,17.0,99.845,1.0,1.0,99.83,NaN,NaN,99.83,NaN,NaN,99.83,NaN,NaN,99.83,NaN,NaN,99.83,NaN,NaN,99.83,NaN,NaN,99.83,NaN,NaN,99.83,NaN,NaN,99.83,NaN,NaN,99.83,99.83,99.83,99.83,99.83,99.83,99.83,99.83,99.83,99.83,99.83,99.83,99.83,99.83,99.83,99.83,99.83,99.83,99.83,99.83,99.83,99.83,99.83,99.83,99.81,99.805,NaN,NaN,NaN,NaN,NaN,NaN,NaN,NaN,NaN,NaN
2021-02-11,NaN,NaN,NaN,99.925,203092.0,12088.0,99.935,118089.0,7918.0,99.925,145950.0,6298.0,99.92,89721.0,917.0,99.92,79263.0,1834.0,99.92,111665.0,1670.0,99.92,60076.0,882.0,99.92,48794.0,3070.0,99.915,53543.0,1288.0,99.915,51836.0,573.0,99.915,28882.0,273.0,99.915,30299.0,1941.0,99.915,25077.0,394.0,99.915,16344.0,555.0,99.915,32395.0,3414.0,99.91,25508.0,479.0,99.905,4959.0,112.0,99.9,9037.0,156.0,99.895,1660.0,25.0,99.89,535.0,4.0,99.88,1749.0,68.0,99.87,810.0,424.0,99.85,62.0,53.0,99.85,80.0,2.0,99.85,1.0,NaN,99.835,NaN,NaN,99.835,NaN,NaN,99.835,NaN,NaN,99.835,NaN,NaN,99.835,NaN,NaN,99.835,NaN,NaN,99.835,NaN,NaN,99.835,NaN,NaN,99.835,NaN,NaN,99.835,99.835,99.835,99.835,99.835,99.835,99.835,99.835,99.835,99.835,99.835,99.835,99.835,99.835,99.835,99.835,99.835,99.835,99.835,99.835,99.835,99.835,99.835,99.835,99.815,99.805,NaN,NaN,NaN,NaN,NaN,NaN,NaN,NaN,NaN,NaN
2021-02-12,NaN,NaN,NaN,99.9275,202826.0,6231.0,99.935,119003.0,1296.0,99.925,146148.0,379.0,99.92,89871.0,636.0,99.92,77259.0,1595.0,99.92,110151.0,487.0,99.92,60460.0,638.0,99.92,49093.0,587.0,99.915,53797.0,270.0,99.915,51847.0,100.0,99.92,29271.0,518.0,99.92,33651.0,2964.0,99.915,25298.0,NaN,99.915,16307.0,74.0,99.915,32959.0,949.0,99.91,25372.0,407.0,99.905,4975.0,110.0,99.9,9207.0,497.0,99.895,1660.0,3.0,99.89,545.0,11.0,99.88,1821.0,86.0,99.87,786.0,29.0,99.85,62.0,NaN,99.845,85.0,8.0,99.81,4.0,6.0,99.795,NaN,NaN,99.795,NaN,NaN,99.795,NaN,NaN,99.795,NaN,NaN,99.795,NaN,NaN,99.795,NaN,NaN,99.795,NaN,NaN,99.795,NaN,NaN,99.795,NaN,NaN,99.795,99.795,99.795,99.795,99.795,99.795,99.795,99.795,99.795,99.795,99.795,99.795,99.795,99.795,99.795,99.795,99.795,99.795,99.795,99.795,99.795,99.795,99.795,99.795,99.775,99.765,NaN,NaN,NaN,NaN,NaN,NaN,NaN,NaN,NaN,NaN
2021-02-16,NaN,NaN,NaN,99.9275,206135.0,11867.0,99.935,118755.0,10760.0,99.925,148059.0,6446.0,99.92,89816.0,2922.0,99.92,78695.0,1542.0,99.92,112401.0,8034.0,99.92,58597.0,3181.0,99.92,50885.0,4697.0,99.915,53523.0,3183.0,99.915,51118.0,4840.0,99.915,29362.0,1134.0,99.91,32874.0,1842.0,99.905,24888.0,2551.0,99.905,15946.0,2445.0,99.9,33075.0,2739.0,99.895,25084.0,2620.0,99.89,5331.0,1309.0,99.885,8661.0,2624.0,99.88,1647.0,28.0,99.875,557.0,16.0,99.86,1912.0,492.0,99.85,736.0,123.0,99.835,67.0,5.0,99.825,328.0,244.0,99.79,4.0,NaN,99.775,NaN,NaN,99.775,NaN,NaN,99.775,NaN,NaN,99.775,NaN,NaN,99.775,NaN,NaN,99.775,NaN,NaN,99.775,NaN,NaN,99.775,NaN,NaN,99.775,NaN,NaN,99.775,99.775,99.775,99.775,99.775,99.775,99.775,99.775,99.775,99.775,99.775,99.775,99.775,99.775,99.775,99.775,99.775,99.775,99.775,99.775,99.775,99.775,99.775,99.775,99.69,99.65,NaN,NaN,NaN,NaN,NaN,NaN,NaN,NaN,NaN,NaN
2021-02-17,NaN,NaN,NaN,99.9275,206761.0,2868.0,99.935,120702.0,12365.0,99.925,150937.0,6830.0,99.92,89343.0,9835.0,99.92,76795.0,7855.0,99.915,114492.0,14624.0,99.915,62374.0,21448.0,99.915,52198.0,8691.0,99.91,55286.0,10230.0,99.91,50877.0,2700.0,99.91,29386.0,2307.0,99.91,33128.0,3696.0,99.905,25425.0,2578.0,99.905,17083.0,2322.0,99.905,34649.0,6055.0,99.9,25373.0,2303.0,99.895,5785.0,708.0,99.89,8743.0,2070.0,99.885,1903.0,539.0,99.88,554.0,33.0,99.875,3624.0,2371.0,99.865,795.0,120.0,99.85,67.0,NaN,99.835,328.0,NaN,99.8,4.0,NaN,99.785,NaN,NaN,99.785,NaN,NaN,99.785,NaN,NaN,99.785,NaN,NaN,99.785,NaN,NaN,99.785,NaN,NaN,99.785,NaN,NaN,99.785,NaN,NaN,99.785,NaN,NaN,99.785,99.785,99.785,99.785,99.785,99.785,99.785,99.785,99.785,99.785,99.785,99.785,99.785,99.785,99.785,99.785,99.785,99.785,99.785,99.785,99.785,99.785,99.785,99.785,99.69,99.65,NaN,NaN,NaN,NaN,NaN,NaN,NaN,NaN,NaN,NaN
2021-02-18,NaN,NaN,NaN,99.925,213753.0,13928.0,99.935,121331.0,11823.0,99.925,149135.0,8002.0,99.92,89695.0,3923.0,99.92,76864.0,6842.0,99.915,114483.0,631.0,99.915,62612.0,815.0,99.915,52362.0,579.0,99.91,54716.0,3557.0,99.91,51701.0,2442.0,99.91,29014.0,1172.0,99.905,32809.0,5456.0,99.905,25426.0,197.0,99.905,17409.0,1035.0,99.905,35093.0,3354.0,99.9,25692.0,1413.0,99.895,5684.0,260.0,99.89,8668.0,829.0,99.885,1907.0,10.0,99.88,554.0,NaN,99.875,3619.0,96.0,99.865,795.0,NaN,99.85,67.0,NaN,99.835,328.0,NaN,99.8,4.0,NaN,99.785,NaN,NaN,99.785,NaN,NaN,99.785,NaN,NaN,99.785,NaN,NaN,99.785,NaN,NaN,99.785,NaN,NaN,99.785,NaN,NaN,99.785,NaN,NaN,99.785,NaN,NaN,99.785,99.785,99.785,99.785,99.785,99.785,99.785,99.785,99.785,99.785,99.785,99.785,99.785,99.785,99.785,99.785,99.785,99.785,99.785,99.785,99.785,99.785,99.785,99.785,99.69,99.65,NaN,NaN,NaN,NaN,NaN,NaN,NaN,NaN,NaN,NaN
2021-02-19,NaN,NaN,NaN,99.9275,213334.0,2492.0,99.94,121308.0,6095.0,99.93,152096.0,13011.0,99.92,92542.0,17734.0,99.92,79772.0,18766.0,99.915,108167.0,27965.0,99.915,62038.0,15036.0,99.91,54021.0,6960.0,99.905,54310.0,4383.0,99.905,52433.0,3832.0,99.905,29222.0,530.0,99.905,32288.0,947.0,99.905,26408.0,3037.0,99.9,17668.0,334.0,99.9,35005.0,1552.0,99.895,25610.0,1903.0,99.89,5648.0,217.0,99.885,8658.0,1362.0,99.88,1847.0,125.0,99.87,554.0,5.0,99.86,3615.0,266.0,99.845,799.0,6.0,99.83,73.0,6.0,99.81,328.0,3.0,99.775,4.0,NaN,99.76,NaN,NaN,99.76,NaN,NaN,99.76,NaN,NaN,99.76,NaN,NaN,99.76,NaN,NaN,99.76,NaN,NaN,99.76,NaN,NaN,99.76,NaN,NaN,99.76,NaN,NaN,99.76,99.76,99.76,99.76,99.76,99.76,99.76,99.76,99.76,99.76,99.76,99.76,99.76,99.76,99.76,99.76,99.76,99.76,99.76,99.76,99.76,99.76,99.76,99.76,99.665,99.625,NaN,NaN,NaN,NaN,NaN,NaN,NaN,NaN,NaN,NaN
2021-02-22,NaN,NaN,NaN,99.925,210403.0,11844.0,99.935,121803.0,10397.0,99.925,154944.0,5853.0,99.915,93676.0,10212.0,99.91,80244.0,8841.0,99.91,109434.0,4417.0,99.91,62201.0,14067.0,99.91,54034.0,290.0,99.905,54280.0,804.0,99.905,52515.0,1276.0,99.905,29154.0,329.0,99.905,31428.0,4886.0,99.905,27772.0,7164.0,99.905,17797.0,657.0,99.905,36856.0,4348.0,99.9,25723.0,1360.0,99.895,6340.0,1468.0,99.89,9210.0,919.0,99.88,1862.0,30.0,99.87,554.0,NaN,99.86,3605.0,62.0,99.845,799.0,NaN,99.83,73.0,4.0,99.81,328.0,NaN,99.775,4.0,NaN,99.76,NaN,NaN,99.76,NaN,NaN,99.76,NaN,NaN,99.76,NaN,NaN,99.76,NaN,NaN,99.76,NaN,NaN,99.76,NaN,NaN,99.76,NaN,NaN,99.76,NaN,NaN,99.76,99.76,99.76,99.76,99.76,99.76,99.76,99.76,99.76,99.76,99.76,99.76,99.76,99.76,99.76,99.76,99.76,99.76,99.76,99.76,99.76,99.76,99.76,99.76,99.665,99.625,NaN,NaN,NaN,NaN,NaN,NaN,NaN,NaN,NaN,NaN
2021-02-23,NaN,NaN,NaN,99.925,210580.0,676.0,99.935,121837.0,2666.0,99.925,154996.0,13826.0,99.915,97685.0,12494.0,99.91,81130.0,2675.0,99.91,109594.0,1221.0,99.91,61852.0,2191.0,99.91,54125.0,837.0,99.905,54170.0,359.0,99.905,52863.0,699.0,99.905,29154.0,83.0,99.905,31372.0,688.0,99.905,27849.0,326.0,99.905,17667.0,578.0,99.905,38047.0,2326.0,99.9,25803.0,775.0,99.895,6366.0,372.0,99.89,9515.0,1256.0,99.88,2410.0,786.0,99.87,556.0,2.0,99.865,3612.0,216.0,99.85,801.0,4.0,99.835,74.0,1.0,99.815,338.0,10.0,99.78,4.0,NaN,99.765,NaN,NaN,99.765,NaN,NaN,99.765,NaN,NaN,99.765,NaN,NaN,99.765,NaN,NaN,99.765,NaN,NaN,99.765,NaN,NaN,99.765,NaN,NaN,99.765,NaN,NaN,99.765,99.765,99.765,99.765,99.765,99.765,99.765,99.765,99.765,99.765,99.765,99.765,99.765,99.765,99.765,99.765,99.765,99.765,99.765,99.765,99.765,99.765,99.765,99.765,99.67,99.63,NaN,NaN,NaN,NaN,NaN,NaN,NaN,NaN,NaN,NaN
2021-02-24,NaN,NaN,NaN,99.925,210481.0,525.0,99.935,122731.0,3558.0,99.925,157980.0,16396.0,99.915,95426.0,13019.0,99.91,81246.0,7112.0,99.91,109196.0,8600.0,99.91,64290.0,7468.0,99.91,55960.0,7789.0,99.905,53072.0,4264.0,99.905,52799.0,5022.0,99.905,29861.0,1769.0,99.905,32782.0,4534.0,99.905,27078.0,1831.0,99.905,17847.0,1623.0,99.905,38308.0,3067.0,99.905,26099.0,3199.0,99.9,6542.0,260.0,99.895,9535.0,1240.0,99.885,2760.0,1369.0,99.875,561.0,5.0,99.865,3699.0,892.0,99.85,802.0,10.0,99.835,79.0,5.0,99.815,438.0,101.0,99.78,4.0,NaN,99.765,NaN,NaN,99.765,NaN,NaN,99.765,NaN,NaN,99.765,NaN,NaN,99.765,NaN,NaN,99.765,NaN,NaN,99.765,NaN,NaN,99.765,NaN,NaN,99.765,NaN,NaN,99.765,99.765,99.765,99.765,99.765,99.765,99.765,99.765,99.765,99.765,99.765,99.765,99.765,99.765,99.765,99.765,99.765,99.765,99.765,99.765,99.765,99.765,99.765,99.765,99.67,99.63,NaN,NaN,NaN,NaN,NaN,NaN,NaN,NaN,NaN,NaN
2021-02-25,NaN,NaN,NaN,99.925,210450.0,1457.0,99.935,131547.0,19995.0,99.92,169829.0,38021.0,99.91,94063.0,17987.0,99.91,79386.0,19282.0,99.905,109563.0,27684.0,99.905,70014.0,35870.0,99.905,56895.0,14071.0,99.905,54388.0,9142.0,99.905,52836.0,8358.0,99.905,28502.0,5488.0,99.905,31861.0,9913.0,99.905,26643.0,9382.0,99.9,19474.0,4701.0,99.9,38991.0,11208.0,99.89,27849.0,10007.0,99.88,6321.0,925.0,99.87,9743.0,4158.0,99.855,3382.0,2162.0,99.84,641.0,565.0,99.82,3821.0,2326.0,99.805,771.0,626.0,99.79,101.0,33.0,99.755,443.0,112.0,99.72,4.0,NaN,99.705,NaN,NaN,99.705,NaN,NaN,99.705,NaN,NaN,99.705,NaN,NaN,99.705,NaN,NaN,99.705,NaN,NaN,99.705,NaN,NaN,99.705,NaN,NaN,99.705,NaN,NaN,99.705,99.705,99.705,99.705,99.705,99.705,99.705,99.705,99.705,99.705,99.705,99.705,99.705,99.705,99.705,99.705,99.705,99.705,99.705,99.705,99.705,99.705,99.705,99.705,99.61,99.57,NaN,NaN,NaN,NaN,NaN,NaN,NaN,NaN,NaN,NaN
2021-02-26,NaN,NaN,NaN,99.9225,209829.0,1621.0,99.93,124358.0,30683.0,99.92,157748.0,35161.0,99.915,82023.0,29834.0,99.915,78748.0,2537.0,99.91,109790.0,3286.0,99.91,64524.0,16099.0,99.91,56549.0,5461.0,99.905,53254.0,7430.0,99.905,52721.0,3498.0,99.905,29464.0,3040.0,99.905,31952.0,8208.0,99.905,26859.0,7258.0,99.9,19281.0,5398.0,99.9,40840.0,12559.0,99.89,26446.0,6286.0,99.885,5989.0,1862.0,99.875,9657.0,1559.0,99.86,3265.0,277.0,99.845,640.0,13.0,99.83,4220.0,635.0,99.815,782.0,16.0,99.8,101.0,NaN,99.755,438.0,5.0,99.72,4.0,NaN,99.705,NaN,NaN,99.705,NaN,NaN,99.705,NaN,NaN,99.705,NaN,NaN,99.705,NaN,NaN,99.705,NaN,NaN,99.705,NaN,NaN,99.705,NaN,NaN,99.705,NaN,NaN,99.705,99.705,99.705,99.705,99.705,99.705,99.705,99.705,99.705,99.705,99.705,99.705,99.705,99.705,99.705,99.705,99.705,99.705,99.705,99.705,99.705,99.705,99.705,99.705,99.6,99.5,99.5,NaN,NaN,NaN,NaN,NaN,NaN,NaN,NaN,NaN
2021-03-01,NaN,NaN,NaN,99.924,209598.0,NaN,99.93,125084.0,4097.0,99.92,158456.0,3148.0,99.915,81959.0,6126.0,99.915,85685.0,15284.0,99.91,109494.0,1463.0,99.91,63959.0,3313.0,99.91,56945.0,2578.0,99.91,52780.0,1781.0,99.91,53008.0,2784.0,99.91,29445.0,1550.0,99.91,31891.0,1437.0,99.905,26810.0,1451.0,99.9,19362.0,529.0,99.9,41438.0,3770.0,99.895,27126.0,2713.0,99.89,6578.0,1439.0,99.88,10041.0,1365.0,99.865,3338.0,226.0,99.855,640.0,5.0,99.84,4114.0,228.0,99.825,782.0,NaN,99.81,101.0,NaN,99.765,438.0,91.0,99.73,4.0,NaN,99.715,NaN,NaN,99.715,NaN,NaN,99.715,NaN,NaN,99.715,NaN,NaN,99.715,NaN,NaN,99.715,NaN,NaN,99.715,NaN,NaN,99.715,NaN,NaN,99.715,NaN,NaN,99.715,99.715,99.715,99.715,99.715,99.715,99.715,99.715,99.715,99.715,99.715,99.715,99.715,99.715,99.715,99.715,99.715,99.715,99.715,99.715,99.715,99.715,99.715,99.715,99.6,99.5,99.5,NaN,NaN,NaN,NaN,NaN,NaN,NaN,NaN,NaN
2021-03-02,NaN,NaN,NaN,NaN,NaN,NaN,99.93,113902.0,21240.0,99.92,157652.0,17994.0,99.91,81428.0,15309.0,99.915,86234.0,4371.0,99.915,110708.0,4990.0,99.91,64652.0,1006.0,99.91,56655.0,2496.0,99.91,52307.0,2380.0,99.91,54054.0,2499.0,99.91,30679.0,2060.0,99.91,33615.0,3465.0,99.905,26788.0,845.0,99.905,19259.0,1214.0,99.905,41656.0,1176.0,99.9,27111.0,1040.0,99.89,8358.0,2369.0,99.88,10990.0,2195.0,99.865,3361.0,103.0,99.855,640.0,22.0,99.845,4063.0,93.0,99.83,779.0,12.0,99.815,101.0,NaN,99.77,438.0,NaN,99.735,4.0,NaN,99.72,NaN,NaN,99.72,NaN,NaN,99.72,NaN,NaN,99.72,NaN,NaN,99.72,NaN,NaN,99.72,NaN,NaN,99.72,NaN,NaN,99.72,NaN,NaN,99.72,NaN,NaN,99.72,99.72,99.72,99.72,99.72,99.72,99.72,99.72,99.72,99.72,99.72,99.72,99.72,99.72,99.72,99.72,99.72,99.72,99.72,99.72,99.72,99.72,99.72,99.72,99.6,99.5,99.5,NaN,NaN,NaN,NaN,NaN,NaN,NaN,NaN,NaN
2021-03-03,NaN,NaN,NaN,NaN,NaN,NaN,99.93,112579.0,11585.0,99.925,160088.0,25690.0,99.915,87319.0,32460.0,99.915,85751.0,5212.0,99.915,107604.0,8100.0,99.915,65188.0,5736.0,99.915,56981.0,4433.0,99.91,53298.0,2139.0,99.91,53724.0,934.0,99.915,30765.0,1603.0,99.915,33972.0,1661.0,99.91,26334.0,1852.0,99.905,18721.0,1764.0,99.905,41169.0,3997.0,99.9,25891.0,3643.0,99.89,8399.0,917.0,99.88,11267.0,1202.0,99.865,3371.0,188.0,99.855,640.0,51.0,99.84,4069.0,178.0,99.82,781.0,26.0,99.805,101.0,2.0,99.755,438.0,NaN,99.72,4.0,NaN,99.705,NaN,NaN,99.705,NaN,NaN,99.705,NaN,NaN,99.705,NaN,NaN,99.705,NaN,NaN,99.705,NaN,NaN,99.705,NaN,NaN,99.705,NaN,NaN,99.705,NaN,NaN,99.705,99.705,99.705,99.705,99.705,99.705,99.705,99.705,99.705,99.705,99.705,99.705,99.705,99.705,99.705,99.705,99.705,99.705,99.705,99.705,99.705,99.705,99.705,99.705,99.585,99.485,99.485,NaN,NaN,NaN,NaN,NaN,NaN,NaN,NaN,NaN
2021-03-04,NaN,NaN,NaN,NaN,NaN,NaN,99.93,114817.0,8218.0,99.925,159721.0,6333.0,99.915,90660.0,7106.0,99.915,85720.0,2161.0,99.915,107626.0,2760.0,99.915,64557.0,1250.0,99.915,57298.0,3389.0,99.91,54502.0,3637.0,99.91,53832.0,6030.0,99.91,33751.0,7694.0,99.91,33396.0,4137.0,99.905,26900.0,2509.0,99.9,18115.0,5405.0,99.9,42295.0,5874.0,99.895,26763.0,4561.0,99.885,8889.0,1237.0,99.875,12103.0,2473.0,99.86,3367.0,143.0,99.85,645.0,17.0,99.83,4072.0,74.0,99.81,778.0,NaN,99.795,101.0,NaN,99.745,440.0,20.0,99.71,4.0,NaN,99.695,NaN,NaN,99.695,NaN,NaN,99.695,NaN,NaN,99.695,NaN,NaN,99.695,NaN,NaN,99.695,NaN,NaN,99.695,NaN,NaN,99.695,NaN,NaN,99.695,NaN,NaN,99.695,99.695,99.695,99.695,99.695,99.695,99.695,99.695,99.695,99.695,99.695,99.695,99.695,99.695,99.695,99.695,99.695,99.695,99.695,99.695,99.695,99.695,99.695,99.695,99.575,99.475,99.475,NaN,NaN,NaN,NaN,NaN,NaN,NaN,NaN,NaN
2021-03-05,NaN,NaN,NaN,NaN,NaN,NaN,99.935,111815.0,8513.0,99.93,159427.0,3839.0,99.92,91763.0,3863.0,99.92,85843.0,2712.0,99.92,109384.0,6152.0,99.92,64030.0,3635.0,99.92,57339.0,1904.0,99.915,55517.0,8840.0,99.915,56152.0,5716.0,99.915,33788.0,4130.0,99.915,37912.0,16469.0,99.915,30489.0,11820.0,99.91,17854.0,15965.0,99.91,44767.0,15773.0,99.905,27600.0,4294.0,99.895,10129.0,3549.0,99.885,12108.0,2267.0,99.87,3341.0,415.0,99.855,646.0,73.0,99.835,4599.0,732.0,99.815,715.0,NaN,99.79,101.0,2.0,99.74,441.0,1.0,99.705,4.0,NaN,99.69,NaN,NaN,99.69,NaN,NaN,99.69,NaN,NaN,99.69,NaN,NaN,99.69,NaN,NaN,99.69,NaN,NaN,99.69,NaN,NaN,99.69,NaN,NaN,99.69,NaN,NaN,99.69,99.69,99.69,99.69,99.69,99.69,99.69,99.69,99.69,99.69,99.69,99.69,99.69,99.69,99.69,99.69,99.69,99.69,99.69,99.69,99.69,99.69,99.69,99.69,99.57,99.47,99.47,NaN,NaN,NaN,NaN,NaN,NaN,NaN,NaN,NaN
2021-03-08,NaN,NaN,NaN,NaN,NaN,NaN,99.93,111164.0,8060.0,99.93,154996.0,32735.0,99.92,93318.0,6599.0,99.92,87008.0,4445.0,99.92,106748.0,6662.0,99.92,64416.0,8413.0,99.92,56167.0,2664.0,99.915,53739.0,3220.0,99.915,54802.0,2387.0,99.915,33468.0,2594.0,99.915,35905.0,7847.0,99.91,30567.0,3879.0,99.91,18819.0,3837.0,99.91,42308.0,5236.0,99.9,27348.0,2403.0,99.89,10621.0,2635.0,99.88,11297.0,2484.0,99.865,4009.0,1093.0,99.85,635.0,14.0,99.825,4628.0,189.0,99.8,737.0,38.0,99.775,137.0,NaN,99.725,441.0,NaN,99.69,4.0,NaN,99.675,NaN,NaN,99.675,NaN,NaN,99.675,NaN,NaN,99.675,NaN,NaN,99.675,NaN,NaN,99.675,NaN,NaN,99.675,NaN,NaN,99.675,NaN,NaN,99.675,NaN,NaN,99.675,99.675,99.675,99.675,99.675,99.675,99.675,99.675,99.675,99.675,99.675,99.675,99.675,99.675,99.675,99.675,99.675,99.675,99.675,99.675,99.675,99.675,99.675,99.675,99.555,99.455,99.455,NaN,NaN,NaN,NaN,NaN,NaN,NaN,NaN,NaN
2021-03-09,NaN,NaN,NaN,NaN,NaN,NaN,99.93,110795.0,5832.0,99.93,154962.0,4224.0,99.915,94477.0,8320.0,99.92,86999.0,1115.0,99.92,106677.0,1344.0,99.915,65287.0,2905.0,99.915,57890.0,3267.0,99.915,53837.0,2159.0,99.91,54894.0,1412.0,99.91,33925.0,2402.0,99.91,38182.0,4540.0,99.91,30307.0,1414.0,99.905,18756.0,1661.0,99.905,42700.0,1761.0,99.895,27505.0,671.0,99.885,10943.0,642.0,99.875,11260.0,375.0,99.86,3988.0,216.0,99.845,635.0,17.0,99.825,5020.0,841.0,99.8,785.0,137.0,99.775,101.0,NaN,99.725,441.0,NaN,99.69,4.0,NaN,99.675,NaN,NaN,99.675,NaN,NaN,99.675,NaN,NaN,99.675,NaN,NaN,99.675,NaN,NaN,99.675,NaN,NaN,99.675,NaN,NaN,99.675,NaN,NaN,99.675,NaN,NaN,99.675,99.675,99.675,99.675,99.675,99.675,99.675,99.675,99.675,99.675,99.675,99.675,99.675,99.675,99.675,99.675,99.675,99.675,99.675,99.675,99.675,99.675,99.675,99.675,99.555,99.455,99.455,NaN,NaN,NaN,NaN,NaN,NaN,NaN,NaN,NaN
2021-03-10,NaN,NaN,NaN,NaN,NaN,NaN,99.9325,112311.0,6459.0,99.93,157242.0,5062.0,99.92,103712.0,20667.0,99.92,86727.0,5988.0,99.92,106542.0,20440.0,99.915,64621.0,2098.0,99.915,57779.0,5230.0,99.91,52314.0,5725.0,99.91,54860.0,947.0,99.91,34263.0,2221.0,99.91,38409.0,1854.0,99.905,31151.0,4991.0,99.905,19314.0,2147.0,99.905,42881.0,774.0,99.895,26534.0,1687.0,99.885,11094.0,548.0,99.875,11288.0,847.0,99.86,4003.0,69.0,99.845,635.0,17.0,99.83,4938.0,394.0,99.805,732.0,90.0,99.78,101.0,1.0,99.74,441.0,NaN,99.705,4.0,NaN,99.69,NaN,NaN,99.69,NaN,NaN,99.69,NaN,NaN,99.69,NaN,NaN,99.69,NaN,NaN,99.69,NaN,NaN,99.69,NaN,NaN,99.69,NaN,NaN,99.69,NaN,NaN,99.69,99.69,99.69,99.69,99.69,99.69,99.69,99.69,99.69,99.69,99.69,99.69,99.69,99.69,99.69,99.69,99.69,99.69,99.69,99.69,99.69,99.69,99.69,99.69,99.57,99.47,99.47,NaN,NaN,NaN,NaN,NaN,NaN,NaN,NaN,NaN
2021-03-11,NaN,NaN,NaN,NaN,NaN,NaN,99.93,113042.0,5652.0,99.93,158044.0,11818.0,99.92,105969.0,20238.0,99.92,86232.0,8595.0,99.92,109626.0,19127.0,99.92,57153.0,21574.0,99.92,58529.0,4242.0,99.915,54377.0,7884.0,99.915,55173.0,3348.0,99.915,35173.0,3319.0,99.915,39058.0,2118.0,99.91,30979.0,2278.0,99.91,19266.0,956.0,99.91,42774.0,1689.0,99.9,26296.0,1823.0,99.89,11356.0,589.0,99.88,11650.0,1332.0,99.865,3958.0,133.0,99.85,635.0,5.0,99.835,4945.0,345.0,99.81,717.0,27.0,99.785,102.0,5.0,99.745,473.0,32.0,99.71,4.0,NaN,99.695,NaN,NaN,99.695,NaN,NaN,99.695,NaN,NaN,99.695,NaN,NaN,99.695,NaN,NaN,99.695,NaN,NaN,99.695,NaN,NaN,99.695,NaN,NaN,99.695,NaN,NaN,99.695,99.695,99.695,99.695,99.695,99.695,99.695,99.695,99.695,99.695,99.695,99.695,99.695,99.695,99.695,99.695,99.695,99.695,99.695,99.695,99.695,99.695,99.695,99.695,99.575,99.475,99.475,NaN,NaN,NaN,NaN,NaN,NaN,NaN,NaN,NaN
2021-03-12,NaN,NaN,NaN,NaN,NaN,NaN,99.93,112618.0,3189.0,99.93,161747.0,14598.0,99.92,111380.0,12664.0,99.92,86297.0,1611.0,99.92,109370.0,2228.0,99.92,56971.0,4161.0,99.92,58178.0,1109.0,99.915,54434.0,4337.0,99.915,55565.0,1740.0,99.915,35169.0,2794.0,99.915,43152.0,8869.0,99.91,31546.0,3867.0,99.91,19027.0,1146.0,99.91,42726.0,4198.0,99.9,26175.0,3003.0,99.89,11393.0,353.0,99.88,11977.0,1104.0,99.865,4324.0,497.0,99.845,635.0,2.0,99.825,4987.0,211.0,99.8,732.0,20.0,99.775,101.0,1.0,99.735,473.0,10.0,99.7,4.0,NaN,99.685,NaN,NaN,99.685,NaN,NaN,99.685,NaN,NaN,99.685,NaN,NaN,99.685,NaN,NaN,99.685,NaN,NaN,99.685,NaN,NaN,99.685,NaN,NaN,99.685,NaN,NaN,99.685,99.685,99.685,99.685,99.685,99.685,99.685,99.685,99.685,99.685,99.685,99.685,99.685,99.685,99.685,99.685,99.685,99.685,99.685,99.685,99.685,99.685,99.685,99.685,99.565,99.465,99.465,NaN,NaN,NaN,NaN,NaN,NaN,NaN,NaN,NaN
2021-03-15,NaN,NaN,NaN,NaN,NaN,NaN,99.93,112975.0,2501.0,99.93,158287.0,18688.0,99.925,112822.0,8626.0,99.925,86342.0,2722.0,99.92,106363.0,7469.0,99.92,58814.0,3683.0,99.92,58233.0,468.0,99.915,55009.0,2599.0,99.915,56303.0,1761.0,99.915,35528.0,1351.0,99.915,43212.0,1701.0,99.915,33128.0,3610.0,99.91,19930.0,1824.0,99.91,42682.0,397.0,99.9,26038.0,1495.0,99.89,11396.0,146.0,99.88,12100.0,749.0,99.865,4329.0,228.0,99.85,632.0,15.0,99.83,5037.0,169.0,99.805,721.0,17.0,99.78,109.0,17.0,99.74,475.0,80.0,99.705,9.0,10.0,99.69,5.0,10.0,99.69,NaN,NaN,99.69,NaN,NaN,99.685,NaN,NaN,99.685,NaN,NaN,99.685,NaN,NaN,99.685,NaN,NaN,99.685,NaN,NaN,99.685,NaN,NaN,99.685,99.685,99.685,99.685,99.685,99.685,99.685,99.685,99.685,99.685,99.685,99.685,99.685,99.685,99.685,99.685,99.685,99.685,99.685,99.685,99.685,99.685,99.685,99.685,99.565,99.465,99.465,NaN,NaN,NaN,NaN,NaN,NaN,NaN,NaN,NaN
2021-03-16,NaN,NaN,NaN,NaN,NaN,NaN,99.9275,115833.0,15262.0,99.93,162719.0,31467.0,99.92,109936.0,14979.0,99.92,86476.0,7776.0,99.915,105502.0,8003.0,99.915,59621.0,4313.0,99.915,58208.0,489.0,99.91,56238.0,3414.0,99.91,55738.0,3036.0,99.91,35983.0,1096.0,99.915,41049.0,4989.0,99.91,34525.0,6856.0,99.905,19536.0,1877.0,99.905,44129.0,7305.0,99.895,26204.0,2456.0,99.885,11686.0,827.0,99.875,12146.0,954.0,99.86,4785.0,861.0,99.845,1072.0,589.0,99.83,5043.0,216.0,99.805,807.0,92.0,99.775,158.0,50.0,99.75,476.0,32.0,99.715,9.0,NaN,99.695,5.0,NaN,99.695,NaN,NaN,99.695,NaN,NaN,99.69,NaN,NaN,99.69,NaN,NaN,99.69,NaN,NaN,99.69,NaN,NaN,99.69,NaN,NaN,99.69,NaN,NaN,99.69,99.69,99.69,99.69,99.69,99.69,99.69,99.69,99.69,99.69,99.69,99.69,99.69,99.69,99.69,99.69,99.69,99.69,99.69,99.69,99.69,99.69,99.69,99.69,99.57,99.47,99.47,NaN,NaN,NaN,NaN,NaN,NaN,NaN,NaN,NaN
2021-03-17,NaN,NaN,NaN,NaN,NaN,NaN,99.93,114453.0,16886.0,99.93,184467.0,83238.0,99.92,112575.0,38066.0,99.92,85114.0,16244.0,99.92,103246.0,16188.0,99.92,57002.0,12428.0,99.92,61880.0,19387.0,99.92,54762.0,14067.0,99.92,55540.0,9236.0,99.92,36509.0,8412.0,99.92,48818.0,18186.0,99.92,35753.0,9084.0,99.915,20929.0,5914.0,99.915,45851.0,7343.0,99.905,26822.0,2558.0,99.895,11828.0,2000.0,99.885,12368.0,2267.0,99.87,4902.0,277.0,99.855,1081.0,52.0,99.84,4953.0,261.0,99.815,880.0,270.0,99.785,168.0,67.0,99.765,477.0,88.0,99.73,9.0,2.0,99.705,5.0,NaN,99.705,NaN,NaN,99.705,NaN,NaN,99.7,NaN,NaN,99.7,NaN,NaN,99.7,NaN,NaN,99.7,NaN,NaN,99.7,NaN,NaN,99.7,NaN,NaN,99.7,99.7,99.7,99.7,99.7,99.7,99.7,99.7,99.7,99.7,99.7,99.7,99.7,99.7,99.7,99.7,99.7,99.7,99.7,99.7,99.7,99.7,99.7,99.7,99.58,99.48,99.48,NaN,NaN,NaN,NaN,NaN,NaN,NaN,NaN,NaN
2021-03-18,NaN,NaN,NaN,NaN,NaN,NaN,99.93,117849.0,13510.0,99.935,180662.0,43774.0,99.925,112715.0,18936.0,99.925,83087.0,10289.0,99.92,103419.0,4850.0,99.92,58471.0,6268.0,99.92,64063.0,7410.0,99.92,54948.0,5054.0,99.915,55175.0,3059.0,99.915,36473.0,3107.0,99.915,48401.0,3985.0,99.91,35130.0,2435.0,99.91,21538.0,3713.0,99.91,47597.0,7497.0,99.9,26717.0,2115.0,99.885,11962.0,615.0,99.875,12253.0,2123.0,99.86,4941.0,836.0,99.845,1080.0,15.0,99.825,5005.0,301.0,99.8,867.0,16.0,99.77,168.0,NaN,99.75,477.0,11.0,99.715,9.0,NaN,99.69,5.0,NaN,99.69,NaN,NaN,99.69,NaN,NaN,99.685,NaN,NaN,99.685,NaN,NaN,99.685,NaN,NaN,99.685,NaN,NaN,99.685,NaN,NaN,99.685,NaN,NaN,99.68,99.68,99.68,99.68,99.68,99.68,99.68,99.68,99.68,99.68,99.68,99.68,99.68,99.68,99.68,99.68,99.68,99.68,99.68,99.68,99.68,99.68,99.68,99.68,99.56,99.46,99.46,NaN,NaN,NaN,NaN,NaN,NaN,NaN,NaN,NaN
2021-03-19,NaN,NaN,NaN,NaN,NaN,NaN,99.9325,117257.0,8301.0,99.935,180341.0,19628.0,99.93,113120.0,26065.0,99.93,82728.0,7557.0,99.925,99837.0,6436.0,99.925,58661.0,3276.0,99.925,60533.0,9073.0,99.925,54368.0,5710.0,99.925,56722.0,7354.0,99.92,36521.0,1879.0,99.915,49660.0,8386.0,99.915,34698.0,6659.0,99.91,21429.0,1098.0,99.91,47120.0,4976.0,99.9,26678.0,1488.0,99.885,11992.0,1133.0,99.875,12352.0,1961.0,99.86,5016.0,524.0,99.845,1095.0,22.0,99.825,5024.0,143.0,99.8,861.0,5.0,99.77,165.0,3.0,99.75,477.0,6.0,99.715,9.0,NaN,99.69,5.0,NaN,99.69,NaN,NaN,99.69,NaN,NaN,99.685,NaN,NaN,99.685,NaN,NaN,99.685,NaN,NaN,99.685,NaN,NaN,99.685,NaN,NaN,99.685,NaN,NaN,99.68,99.68,99.68,99.68,99.68,99.68,99.68,99.68,99.68,99.68,99.68,99.68,99.68,99.68,99.68,99.68,99.68,99.68,99.68,99.68,99.68,99.68,99.68,99.68,99.56,99.46,99.46,NaN,NaN,NaN,NaN,NaN,NaN,NaN,NaN,NaN
2021-03-22,NaN,NaN,NaN,NaN,NaN,NaN,99.9325,117787.0,1577.0,99.94,178814.0,22519.0,99.935,114264.0,18191.0,99.935,83124.0,1282.0,99.935,99969.0,4482.0,99.93,58406.0,2305.0,99.925,60935.0,4109.0,99.925,55595.0,5499.0,99.925,59198.0,4552.0,99.92,35448.0,2935.0,99.915,50086.0,1734.0,99.915,34752.0,4814.0,99.91,21483.0,514.0,99.91,47135.0,1666.0,99.9,26803.0,282.0,99.885,12099.0,292.0,99.875,12376.0,103.0,99.86,5008.0,61.0,99.845,1095.0,NaN,99.825,4988.0,67.0,99.8,861.0,2.0,99.77,166.0,4.0,99.75,477.0,NaN,99.715,9.0,NaN,99.69,5.0,NaN,99.685,NaN,NaN,99.685,NaN,NaN,99.68,NaN,NaN,99.68,NaN,NaN,99.68,NaN,NaN,99.68,NaN,NaN,99.68,NaN,NaN,99.68,NaN,NaN,99.675,99.675,99.675,99.675,99.675,99.675,99.675,99.675,99.675,99.675,99.675,99.675,99.675,99.675,99.675,99.675,99.675,99.675,99.675,99.675,99.675,99.675,99.675,99.675,99.555,99.455,99.455,NaN,NaN,NaN,NaN,NaN,NaN,NaN,NaN,NaN
2021-03-23,NaN,NaN,NaN,NaN,NaN,NaN,99.93,133792.0,64472.0,99.935,162335.0,84943.0,99.93,115659.0,5636.0,99.93,91191.0,23012.0,99.925,100548.0,3772.0,99.92,61231.0,15399.0,99.92,61077.0,2056.0,99.92,54391.0,7976.0,99.92,58746.0,2824.0,99.915,35007.0,2031.0,99.915,50616.0,10689.0,99.915,34871.0,728.0,99.91,21460.0,2796.0,99.91,47971.0,3788.0,99.9,26866.0,334.0,99.885,12243.0,604.0,99.875,12312.0,564.0,99.86,5104.0,136.0,99.845,1097.0,7.0,99.825,5120.0,408.0,99.8,1070.0,226.0,99.77,287.0,123.0,99.75,475.0,2.0,99.715,9.0,NaN,99.69,7.0,2.0,99.685,NaN,NaN,99.685,NaN,NaN,99.68,NaN,NaN,99.68,NaN,NaN,99.68,NaN,NaN,99.68,NaN,NaN,99.68,NaN,NaN,99.68,NaN,NaN,99.66,99.66,99.66,99.66,99.66,99.66,99.66,99.66,99.66,99.66,99.66,99.66,99.66,99.66,99.66,99.66,99.66,99.66,99.66,99.66,99.66,99.66,99.66,99.66,99.54,99.44,99.44,NaN,NaN,NaN,NaN,NaN,NaN,NaN,NaN,NaN
2021-03-24,NaN,NaN,NaN,NaN,NaN,NaN,99.9325,133474.0,455.0,99.94,167630.0,21270.0,99.935,116327.0,4284.0,99.935,91602.0,5603.0,99.93,100584.0,7421.0,99.925,63359.0,5962.0,99.92,62847.0,4877.0,99.92,55714.0,3910.0,99.92,58544.0,2437.0,99.92,35131.0,1034.0,99.92,50742.0,2893.0,99.915,34882.0,516.0,99.91,21886.0,1177.0,99.91,48011.0,86.0,99.9,26862.0,570.0,99.89,12405.0,252.0,99.88,12222.0,487.0,99.865,5545.0,725.0,99.85,1386.0,494.0,99.83,5716.0,743.0,99.805,1128.0,148.0,99.775,323.0,37.0,99.755,475.0,NaN,99.72,9.0,NaN,99.695,7.0,NaN,99.69,NaN,NaN,99.69,NaN,NaN,99.685,NaN,NaN,99.685,NaN,NaN,99.685,NaN,NaN,99.685,NaN,NaN,99.685,NaN,NaN,99.685,NaN,NaN,99.665,99.665,99.665,99.665,99.665,99.665,99.665,99.665,99.665,99.665,99.665,99.665,99.665,99.665,99.665,99.665,99.665,99.665,99.665,99.665,99.665,99.665,99.665,99.665,99.545,99.445,99.445,NaN,NaN,NaN,NaN,NaN,NaN,NaN,NaN,NaN
2021-03-25,NaN,NaN,NaN,NaN,NaN,NaN,99.93,133660.0,1260.0,99.935,165394.0,5287.0,99.93,116253.0,1455.0,99.93,92038.0,1529.0,99.925,99853.0,2668.0,99.925,62573.0,6606.0,99.925,62891.0,971.0,99.925,55532.0,3646.0,99.925,59287.0,3517.0,99.92,36023.0,2560.0,99.92,51545.0,2498.0,99.915,35628.0,1891.0,99.915,21832.0,507.0,99.915,48337.0,668.0,99.905,25493.0,2304.0,99.895,12475.0,234.0,99.885,12021.0,1026.0,99.87,5596.0,465.0,99.855,1398.0,37.0,99.835,5811.0,186.0,99.81,1181.0,97.0,99.78,384.0,61.0,99.76,475.0,NaN,99.725,9.0,NaN,99.7,7.0,NaN,99.695,NaN,NaN,99.695,NaN,NaN,99.69,NaN,NaN,99.69,NaN,NaN,99.69,NaN,NaN,99.69,NaN,NaN,99.69,NaN,NaN,99.69,NaN,NaN,99.67,99.67,99.67,99.67,99.67,99.67,99.67,99.67,99.67,99.67,99.67,99.67,99.67,99.67,99.67,99.67,99.67,99.67,99.67,99.67,99.67,99.67,99.67,99.67,99.55,99.45,99.45,NaN,NaN,NaN,NaN,NaN,NaN,NaN,NaN,NaN
2021-03-26,NaN,NaN,NaN,NaN,NaN,NaN,99.93,132971.0,342.0,99.935,166050.0,5690.0,99.935,118173.0,5672.0,99.93,91914.0,584.0,99.925,98962.0,6707.0,99.925,61866.0,1566.0,99.925,63184.0,839.0,99.925,54768.0,1485.0,99.925,59305.0,3144.0,99.925,35952.0,726.0,99.92,49663.0,2695.0,99.92,36358.0,2373.0,99.915,21493.0,1379.0,99.915,48408.0,309.0,99.905,25465.0,302.0,99.895,12486.0,38.0,99.885,11797.0,551.0,99.87,5770.0,501.0,99.855,1425.0,32.0,99.835,5868.0,150.0,99.81,1184.0,4.0,99.78,419.0,35.0,99.76,475.0,NaN,99.725,9.0,NaN,99.69,7.0,NaN,99.685,NaN,NaN,99.685,NaN,NaN,99.68,NaN,NaN,99.68,NaN,NaN,99.68,NaN,NaN,99.68,NaN,NaN,99.68,NaN,NaN,99.68,NaN,NaN,99.66,99.66,99.66,99.66,99.66,99.66,99.66,99.66,99.66,99.66,99.66,99.66,99.66,99.66,99.66,99.66,99.66,99.66,99.66,99.66,99.66,99.66,99.66,99.66,99.54,99.44,99.44,NaN,NaN,NaN,NaN,NaN,NaN,NaN,NaN,NaN
2021-03-29,NaN,NaN,NaN,NaN,NaN,NaN,99.93,132732.0,497.0,99.935,167225.0,6044.0,99.935,120006.0,4754.0,99.93,93570.0,8088.0,99.925,97184.0,8113.0,99.92,62099.0,4027.0,99.92,63295.0,1486.0,99.92,54023.0,3293.0,99.92,58473.0,2976.0,99.915,35830.0,3183.0,99.915,49577.0,570.0,99.91,36720.0,3041.0,99.905,21481.0,1107.0,99.905,53393.0,7116.0,99.895,26145.0,2166.0,99.885,12749.0,361.0,99.875,11793.0,1038.0,99.86,5920.0,297.0,99.845,1389.0,42.0,99.825,5887.0,34.0,99.8,1184.0,NaN,99.77,419.0,NaN,99.75,475.0,5.0,99.715,9.0,NaN,99.68,7.0,NaN,99.675,NaN,NaN,99.675,NaN,NaN,99.67,NaN,NaN,99.67,NaN,NaN,99.67,NaN,NaN,99.67,NaN,NaN,99.67,NaN,NaN,99.67,NaN,NaN,99.65,99.65,99.65,99.65,99.65,99.65,99.65,99.65,99.65,99.65,99.65,99.65,99.65,99.65,99.65,99.65,99.65,99.65,99.65,99.65,99.65,99.65,99.65,99.65,99.53,99.43,99.43,NaN,NaN,NaN,NaN,NaN,NaN,NaN,NaN,NaN
2021-03-30,NaN,NaN,NaN,NaN,NaN,NaN,99.93,132684.0,103.0,99.9375,171314.0,16917.0,99.935,121407.0,7810.0,99.93,93988.0,5317.0,99.925,95802.0,2190.0,99.92,61917.0,3541.0,99.92,62759.0,1143.0,99.92,53804.0,1372.0,99.92,58712.0,1409.0,99.915,35868.0,1224.0,99.91,49266.0,1834.0,99.91,36749.0,981.0,99.905,21482.0,1011.0,99.9,52703.0,1587.0,99.89,26189.0,668.0,99.88,12788.0,236.0,99.87,12009.0,1349.0,99.85,6550.0,1092.0,99.835,1390.0,8.0,99.815,6069.0,300.0,99.785,1192.0,47.0,99.755,420.0,16.0,99.735,475.0,NaN,99.7,9.0,NaN,99.665,8.0,1.0,99.655,NaN,NaN,99.645,NaN,NaN,99.64,NaN,NaN,99.64,NaN,NaN,99.64,NaN,NaN,99.64,NaN,NaN,99.64,NaN,NaN,99.64,NaN,NaN,99.62,99.62,99.62,99.62,99.62,99.62,99.62,99.62,99.62,99.62,99.62,99.62,99.62,99.62,99.62,99.62,99.62,99.62,99.62,99.62,99.62,99.62,99.62,99.62,99.5,99.4,99.4,NaN,NaN,NaN,NaN,NaN,NaN,NaN,NaN,NaN
2021-03-31,NaN,NaN,NaN,NaN,NaN,NaN,99.93,132612.0,360.0,99.9375,166956.0,38964.0,99.93,132726.0,32217.0,99.925,97249.0,7236.0,99.92,94237.0,5041.0,99.915,62610.0,5990.0,99.915,62497.0,607.0,99.915,53798.0,1329.0,99.915,58859.0,610.0,99.915,36552.0,2548.0,99.91,48313.0,2764.0,99.905,36892.0,2010.0,99.9,21137.0,2053.0,99.895,51120.0,4301.0,99.885,27141.0,2008.0,99.87,12681.0,704.0,99.855,11992.0,885.0,99.835,6520.0,303.0,99.82,1391.0,178.0,99.795,6060.0,125.0,99.765,1200.0,14.0,99.735,419.0,3.0,99.715,475.0,NaN,99.68,9.0,NaN,99.645,9.0,1.0,99.635,NaN,NaN,99.625,NaN,NaN,99.62,NaN,NaN,99.62,NaN,NaN,99.62,NaN,NaN,99.62,NaN,NaN,99.62,NaN,NaN,99.62,NaN,NaN,99.6,99.6,99.6,99.6,99.6,99.6,99.6,99.6,99.6,99.6,99.6,99.6,99.6,99.6,99.6,99.6,99.6,99.6,99.6,99.6,99.6,99.6,99.6,99.6,99.48,99.38,99.38,99.38,NaN,NaN,NaN,NaN,NaN,NaN,NaN,NaN
2021-04-01,NaN,NaN,NaN,NaN,NaN,NaN,99.93,132612.0,NaN,99.9375,159185.0,46083.0,99.93,144254.0,43589.0,99.93,96467.0,5530.0,99.925,104998.0,16668.0,99.92,63712.0,7044.0,99.92,62718.0,4468.0,99.92,53338.0,2099.0,99.92,65541.0,10486.0,99.915,35797.0,1203.0,99.91,48336.0,662.0,99.91,37156.0,1580.0,99.905,21176.0,678.0,99.895,51035.0,1587.0,99.885,28138.0,2367.0,99.87,12631.0,234.0,99.855,11929.0,500.0,99.835,6424.0,505.0,99.82,1442.0,210.0,99.795,6035.0,68.0,99.765,1200.0,NaN,99.735,419.0,NaN,99.715,475.0,NaN,99.68,9.0,NaN,99.645,10.0,1.0,99.635,NaN,NaN,99.625,NaN,NaN,99.62,NaN,NaN,99.61,NaN,NaN,99.61,NaN,NaN,99.61,NaN,NaN,99.61,NaN,NaN,99.61,NaN,NaN,99.59,99.59,99.59,99.59,99.59,99.59,99.59,99.59,99.59,99.59,99.59,99.59,99.59,99.59,99.59,99.59,99.59,99.59,99.59,99.59,99.59,99.59,99.59,99.59,99.47,99.37,99.37,99.37,NaN,NaN,NaN,NaN,NaN,NaN,NaN,NaN
2021-04-02,NaN,NaN,NaN,NaN,NaN,NaN,NaN,132523.0,NaN,99.935,160030.0,5342.0,99.93,143070.0,5088.0,99.925,96241.0,692.0,99.92,106192.0,1841.0,99.915,64197.0,1846.0,99.915,63105.0,776.0,99.915,53165.0,2051.0,99.915,65796.0,2464.0,99.91,35885.0,781.0,99.9,44873.0,6694.0,99.895,37338.0,2387.0,99.885,21202.0,879.0,99.875,50882.0,1153.0,99.865,28744.0,1951.0,99.845,12672.0,463.0,99.825,13388.0,3043.0,99.805,6421.0,868.0,99.785,1484.0,128.0,99.755,6069.0,251.0,99.725,1209.0,126.0,99.685,416.0,142.0,99.655,502.0,75.0,99.62,9.0,NaN,99.585,10.0,NaN,99.565,1.0,1.0,99.555,NaN,NaN,99.55,NaN,NaN,99.54,NaN,NaN,99.54,NaN,NaN,99.54,NaN,NaN,99.54,NaN,NaN,99.54,NaN,NaN,99.52,99.52,99.52,99.52,99.52,99.52,99.52,99.52,99.52,99.52,99.52,99.52,99.52,99.52,99.52,99.52,99.52,99.52,99.52,99.52,99.52,99.52,99.52,99.52,99.4,99.3,99.3,99.3,NaN,NaN,NaN,NaN,NaN,NaN,NaN,NaN
2021-04-05,NaN,NaN,NaN,NaN,NaN,NaN,NaN,NaN,NaN,99.935,159203.0,7975.0,99.93,141923.0,1661.0,99.93,95418.0,5531.0,99.925,108448.0,16087.0,99.92,64359.0,930.0,99.92,62857.0,7790.0,99.92,53013.0,3144.0,99.92,65337.0,1904.0,99.915,35582.0,1188.0,99.91,45357.0,1461.0,99.905,36966.0,811.0,99.895,21246.0,1043.0,99.885,50246.0,4029.0,99.875,28661.0,399.0,99.86,12817.0,367.0,99.845,13032.0,1101.0,99.825,6495.0,498.0,99.805,1527.0,49.0,99.775,6157.0,102.0,99.745,1257.0,69.0,99.705,416.0,19.0,99.675,501.0,5.0,99.64,9.0,NaN,99.57,12.0,3.0,99.55,3.0,3.0,99.54,NaN,NaN,99.53,NaN,NaN,99.52,NaN,NaN,99.52,NaN,NaN,99.52,NaN,NaN,99.52,NaN,NaN,99.52,NaN,NaN,99.5,99.5,99.5,99.5,99.5,99.5,99.5,99.5,99.5,99.5,99.5,99.5,99.5,99.5,99.5,99.5,99.5,99.5,99.5,99.5,99.5,99.5,99.5,99.5,99.38,99.28,99.28,99.28,NaN,NaN,NaN,NaN,NaN,NaN,NaN,NaN
2021-04-06,NaN,NaN,NaN,NaN,NaN,NaN,NaN,NaN,NaN,99.9325,159310.0,2258.0,99.93,141403.0,2256.0,99.93,95823.0,4239.0,99.925,108554.0,2075.0,99.92,64744.0,2546.0,99.92,60254.0,672.0,99.925,53232.0,3224.0,99.925,65295.0,3584.0,99.92,35734.0,1206.0,99.915,45815.0,1831.0,99.91,36855.0,528.0,99.905,21015.0,2057.0,99.895,50438.0,767.0,99.885,28542.0,415.0,99.87,12627.0,1039.0,99.86,12802.0,1615.0,99.84,6643.0,1608.0,99.82,1479.0,743.0,99.8,6304.0,982.0,99.77,1362.0,109.0,99.735,418.0,12.0,99.705,501.0,NaN,99.67,9.0,NaN,99.6,12.0,NaN,99.58,3.0,NaN,99.57,NaN,NaN,99.56,NaN,NaN,99.55,NaN,NaN,99.55,NaN,NaN,99.55,NaN,NaN,99.55,NaN,NaN,99.55,NaN,NaN,99.53,99.49,99.49,99.49,99.49,99.49,99.49,99.49,99.49,99.49,99.49,99.49,99.49,99.49,99.49,99.49,99.49,99.49,99.49,99.49,99.49,99.49,99.49,99.49,99.37,99.27,99.27,99.27,NaN,NaN,NaN,NaN,NaN,NaN,NaN,NaN
2021-04-07,NaN,NaN,NaN,NaN,NaN,NaN,NaN,NaN,NaN,99.935,154559.0,45712.0,99.93,154201.0,47675.0,99.925,96468.0,13214.0,99.915,111988.0,12781.0,99.915,64002.0,4999.0,99.915,60280.0,2267.0,99.915,55436.0,5901.0,99.915,61204.0,9192.0,99.915,35833.0,964.0,99.91,45916.0,1992.0,99.905,36536.0,1715.0,99.9,21012.0,352.0,99.895,50403.0,4117.0,99.885,27637.0,4433.0,99.875,12665.0,577.0,99.865,13181.0,2117.0,99.845,6740.0,713.0,99.83,1489.0,24.0,99.81,5744.0,797.0,99.78,1751.0,436.0,99.75,425.0,11.0,99.725,501.0,5.0,99.69,9.0,NaN,99.645,12.0,NaN,99.625,3.0,NaN,99.615,NaN,NaN,99.605,NaN,NaN,99.595,NaN,NaN,99.595,NaN,NaN,99.595,NaN,NaN,99.595,NaN,NaN,99.595,NaN,NaN,99.575,99.535,99.535,99.535,99.535,99.535,99.535,99.535,99.535,99.535,99.535,99.535,99.535,99.535,99.535,99.535,99.535,99.535,99.535,99.535,99.535,99.535,99.535,99.535,99.415,99.315,99.315,99.315,NaN,NaN,NaN,NaN,NaN,NaN,NaN,NaN
2021-04-08,NaN,NaN,NaN,NaN,NaN,NaN,NaN,NaN,NaN,99.9325,155986.0,7820.0,99.925,161750.0,21819.0,99.92,95191.0,6634.0,99.915,113847.0,5825.0,99.915,64808.0,4912.0,99.915,60348.0,902.0,99.915,55926.0,1966.0,99.915,61889.0,3287.0,99.915,35309.0,1031.0,99.91,46583.0,2547.0,99.91,37229.0,1374.0,99.905,20965.0,457.0,99.9,51085.0,1298.0,99.895,28432.0,3930.0,99.88,12617.0,212.0,99.865,13604.0,1553.0,99.85,6813.0,149.0,99.835,1499.0,110.0,99.815,5924.0,967.0,99.785,1901.0,379.0,99.755,436.0,26.0,99.735,515.0,21.0,99.7,11.0,2.0,99.655,13.0,2.0,99.635,3.0,NaN,99.625,NaN,NaN,99.615,NaN,NaN,99.605,NaN,NaN,99.605,NaN,NaN,99.605,NaN,NaN,99.605,NaN,NaN,99.605,NaN,NaN,99.585,99.545,99.545,99.545,99.545,99.545,99.545,99.545,99.545,99.545,99.545,99.545,99.545,99.545,99.545,99.545,99.545,99.545,99.545,99.545,99.545,99.545,99.545,99.545,99.425,99.325,99.325,99.325,NaN,NaN,NaN,NaN,NaN,NaN,NaN,NaN
2021-04-09,NaN,NaN,NaN,NaN,NaN,NaN,NaN,NaN,NaN,99.9325,152126.0,16146.0,99.925,159375.0,6186.0,99.92,94784.0,4605.0,99.915,114188.0,1073.0,99.915,65044.0,786.0,99.915,60591.0,1347.0,99.915,57678.0,3746.0,99.915,62412.0,3297.0,99.915,35308.0,59.0,99.91,46935.0,1869.0,99.91,37762.0,1994.0,99.905,21085.0,1786.0,99.895,51067.0,610.0,99.89,28387.0,727.0,99.875,12171.0,1347.0,99.86,14262.0,2178.0,99.845,6967.0,672.0,99.83,1495.0,33.0,99.81,5870.0,357.0,99.78,1922.0,100.0,99.75,440.0,13.0,99.73,521.0,9.0,99.695,11.0,NaN,99.65,13.0,NaN,99.63,3.0,NaN,99.62,NaN,NaN,99.61,NaN,NaN,99.6,NaN,NaN,99.6,NaN,NaN,99.6,NaN,NaN,99.6,NaN,NaN,99.6,NaN,NaN,99.58,99.54,99.54,99.54,99.54,99.54,99.54,99.54,99.54,99.54,99.54,99.54,99.54,99.54,99.54,99.54,99.54,99.54,99.54,99.54,99.54,99.54,99.54,99.54,99.42,99.32,99.32,99.32,NaN,NaN,NaN,NaN,NaN,NaN,NaN,NaN
2021-04-12,NaN,NaN,NaN,NaN,NaN,NaN,NaN,NaN,NaN,99.93,152784.0,3768.0,99.925,160588.0,3139.0,99.92,94870.0,4029.0,99.915,114417.0,2948.0,99.915,65013.0,1225.0,99.915,60509.0,228.0,99.915,57404.0,601.0,99.915,63875.0,3897.0,99.915,35523.0,565.0,99.91,49761.0,5384.0,99.91,37747.0,81.0,99.905,21148.0,703.0,99.895,51078.0,40.0,99.885,28356.0,544.0,99.87,12114.0,266.0,99.855,14265.0,233.0,99.835,7027.0,286.0,99.82,1495.0,NaN,99.8,5869.0,65.0,99.77,1932.0,13.0,99.74,440.0,NaN,99.72,521.0,1.0,99.685,11.0,NaN,99.64,13.0,NaN,99.62,3.0,NaN,99.61,NaN,NaN,99.6,NaN,NaN,99.59,NaN,NaN,99.59,NaN,NaN,99.59,NaN,NaN,99.59,NaN,NaN,99.59,NaN,NaN,99.57,99.53,99.53,99.53,99.53,99.53,99.53,99.53,99.53,99.53,99.53,99.53,99.53,99.53,99.53,99.53,99.53,99.53,99.53,99.53,99.53,99.53,99.53,99.53,99.41,99.31,99.31,99.31,NaN,NaN,NaN,NaN,NaN,NaN,NaN,NaN
2021-04-13,NaN,NaN,NaN,NaN,NaN,NaN,NaN,NaN,NaN,99.93,154401.0,3357.0,99.925,151055.0,25584.0,99.92,94725.0,3926.0,99.915,114192.0,5428.0,99.915,66391.0,7007.0,99.915,60481.0,302.0,99.915,58070.0,1503.0,99.915,65940.0,4359.0,99.915,36100.0,1412.0,99.915,52140.0,8734.0,99.91,37669.0,1324.0,99.905,21200.0,765.0,99.9,51361.0,6457.0,99.89,28377.0,513.0,99.88,11892.0,605.0,99.865,14644.0,1934.0,99.85,7128.0,602.0,99.835,1520.0,31.0,99.815,5922.0,853.0,99.79,2030.0,256.0,99.76,440.0,NaN,99.74,521.0,NaN,99.705,11.0,NaN,99.655,13.0,NaN,99.635,3.0,NaN,99.625,NaN,NaN,99.615,NaN,NaN,99.605,NaN,NaN,99.605,NaN,NaN,99.605,NaN,NaN,99.605,NaN,NaN,99.605,NaN,NaN,99.585,99.545,99.545,99.545,99.545,99.545,99.545,99.545,99.545,99.545,99.545,99.545,99.545,99.545,99.545,99.545,99.545,99.545,99.545,99.545,99.545,99.545,99.545,99.545,99.425,99.325,99.325,99.325,NaN,NaN,NaN,NaN,NaN,NaN,NaN,NaN
2021-04-14,NaN,NaN,NaN,NaN,NaN,NaN,NaN,NaN,NaN,99.93,155106.0,2425.0,99.925,147965.0,6307.0,99.92,94935.0,2593.0,99.915,114512.0,1566.0,99.915,66772.0,1692.0,99.915,60606.0,704.0,99.915,59889.0,2331.0,99.915,66417.0,1109.0,99.915,36267.0,800.0,99.915,51671.0,2515.0,99.91,37860.0,688.0,99.905,21548.0,1849.0,99.9,51356.0,66.0,99.89,27556.0,1332.0,99.875,11891.0,79.0,99.865,15308.0,1383.0,99.85,7375.0,571.0,99.835,1520.0,66.0,99.815,5934.0,105.0,99.785,2030.0,38.0,99.755,440.0,NaN,99.735,521.0,NaN,99.7,11.0,NaN,99.645,13.0,NaN,99.625,3.0,NaN,99.615,NaN,NaN,99.605,NaN,NaN,99.595,NaN,NaN,99.595,NaN,NaN,99.595,NaN,NaN,99.595,NaN,NaN,99.595,NaN,NaN,99.575,99.535,99.535,99.535,99.535,99.535,99.535,99.535,99.535,99.535,99.535,99.535,99.535,99.535,99.535,99.535,99.535,99.535,99.535,99.535,99.535,99.535,99.535,99.535,99.415,99.315,99.315,99.315,NaN,NaN,NaN,NaN,NaN,NaN,NaN,NaN
2021-04-15,NaN,NaN,NaN,NaN,NaN,NaN,NaN,NaN,NaN,99.9325,155736.0,31666.0,99.92,136233.0,66676.0,99.915,98447.0,31955.0,99.91,118862.0,24437.0,99.91,67270.0,17906.0,99.91,60193.0,7650.0,99.91,57980.0,7455.0,99.91,68475.0,14122.0,99.91,37317.0,7706.0,99.905,62559.0,27440.0,99.905,39725.0,9482.0,99.9,21255.0,2263.0,99.895,51742.0,6713.0,99.89,28187.0,1857.0,99.875,11882.0,2066.0,99.865,16074.0,4265.0,99.855,7606.0,1999.0,99.845,1539.0,278.0,99.825,6850.0,1923.0,99.805,2362.0,706.0,99.775,722.0,388.0,99.755,1100.0,1045.0,99.72,32.0,22.0,99.675,23.0,10.0,99.655,3.0,NaN,99.645,NaN,NaN,99.635,NaN,NaN,99.625,NaN,NaN,99.625,NaN,NaN,99.625,NaN,NaN,99.625,NaN,NaN,99.625,NaN,NaN,99.605,99.565,99.565,99.565,99.565,99.565,99.565,99.565,99.565,99.565,99.565,99.565,99.565,99.565,99.565,99.565,99.565,99.565,99.565,99.565,99.565,99.565,99.565,99.565,99.445,99.345,99.345,99.345,NaN,NaN,NaN,NaN,NaN,NaN,NaN,NaN
2021-04-16,NaN,NaN,NaN,NaN,NaN,NaN,NaN,NaN,NaN,99.93,153392.0,9075.0,99.915,138930.0,7100.0,99.91,98330.0,7639.0,99.905,121004.0,4509.0,99.905,67505.0,2371.0,99.905,60214.0,658.0,99.905,57890.0,765.0,99.905,68344.0,690.0,99.905,37081.0,421.0,99.9,63199.0,2028.0,99.9,39726.0,853.0,99.895,21590.0,699.0,99.89,50742.0,1854.0,99.885,28274.0,947.0,99.87,12015.0,288.0,99.86,16340.0,1353.0,99.845,7826.0,741.0,99.835,1519.0,84.0,99.815,6946.0,491.0,99.79,2365.0,201.0,99.76,789.0,207.0,99.74,1148.0,201.0,99.705,47.0,15.0,99.66,23.0,NaN,99.64,3.0,NaN,99.63,NaN,NaN,99.62,NaN,NaN,99.61,NaN,NaN,99.61,NaN,NaN,99.61,NaN,NaN,99.61,NaN,NaN,99.61,NaN,NaN,99.59,99.55,99.55,99.55,99.55,99.55,99.55,99.55,99.55,99.55,99.55,99.55,99.55,99.55,99.55,99.55,99.55,99.55,99.55,99.55,99.55,99.55,99.55,99.55,99.43,99.33,99.33,99.33,NaN,NaN,NaN,NaN,NaN,NaN,NaN,NaN
2021-04-19,NaN,NaN,NaN,NaN,NaN,NaN,NaN,NaN,NaN,99.9325,155730.0,3901.0,99.92,137616.0,8252.0,99.915,96740.0,6304.0,99.91,123249.0,3946.0,99.91,67525.0,729.0,99.91,58751.0,2316.0,99.91,57923.0,198.0,99.91,69238.0,1115.0,99.91,37575.0,1501.0,99.905,63957.0,2060.0,99.905,40129.0,680.0,99.9,21320.0,1429.0,99.895,50907.0,371.0,99.89,28443.0,971.0,99.875,12185.0,171.0,99.865,17019.0,1188.0,99.85,7865.0,376.0,99.84,1570.0,27.0,99.82,7521.0,2022.0,99.795,2983.0,605.0,99.765,884.0,2.0,99.745,1581.0,645.0,99.71,64.0,2.0,99.665,23.0,NaN,99.645,3.0,NaN,99.635,NaN,NaN,99.625,NaN,NaN,99.615,NaN,NaN,99.615,NaN,NaN,99.615,NaN,NaN,99.615,NaN,NaN,99.615,NaN,NaN,99.595,99.555,99.555,99.555,99.555,99.555,99.555,99.555,99.555,99.555,99.555,99.555,99.555,99.555,99.555,99.555,99.555,99.555,99.555,99.555,99.555,99.555,99.555,99.555,99.435,99.335,99.335,99.335,NaN,NaN,NaN,NaN,NaN,NaN,NaN,NaN
2021-04-20,NaN,NaN,NaN,NaN,NaN,NaN,NaN,NaN,NaN,99.93,154157.0,2267.0,99.92,139550.0,6941.0,99.91,94687.0,9889.0,99.905,123423.0,1209.0,99.905,67328.0,1072.0,99.905,57987.0,1676.0,99.905,59213.0,5016.0,99.905,69284.0,478.0,99.905,37597.0,589.0,99.905,64113.0,1337.0,99.905,42022.0,2460.0,99.9,21125.0,377.0,99.895,50523.0,591.0,99.89,28433.0,888.0,99.875,12007.0,237.0,99.865,17041.0,1032.0,99.855,8477.0,900.0,99.845,1606.0,70.0,99.825,8007.0,1390.0,99.8,3002.0,453.0,99.78,879.0,137.0,99.76,1558.0,27.0,99.725,55.0,6.0,99.68,23.0,NaN,99.66,7.0,7.0,99.65,1.0,1.0,99.64,NaN,NaN,99.63,NaN,NaN,99.63,NaN,NaN,99.63,NaN,NaN,99.63,NaN,NaN,99.63,NaN,NaN,99.61,99.57,99.57,99.57,99.57,99.57,99.57,99.57,99.57,99.57,99.57,99.57,99.57,99.57,99.57,99.57,99.57,99.57,99.57,99.57,99.57,99.57,99.57,99.57,99.45,99.35,99.35,99.35,NaN,NaN,NaN,NaN,NaN,NaN,NaN,NaN
2021-04-21,NaN,NaN,NaN,NaN,NaN,NaN,NaN,NaN,NaN,99.93,155527.0,2027.0,99.92,131561.0,24220.0,99.91,89502.0,13002.0,99.905,127652.0,16469.0,99.905,67348.0,782.0,99.905,58130.0,323.0,99.905,59304.0,295.0,99.905,69174.0,5917.0,99.905,37590.0,85.0,99.905,64068.0,112.0,99.905,42211.0,584.0,99.9,21024.0,509.0,99.895,50548.0,194.0,99.89,28448.0,562.0,99.875,12184.0,243.0,99.865,16971.0,308.0,99.85,8516.0,135.0,99.84,1787.0,290.0,99.82,8403.0,601.0,99.795,3234.0,451.0,99.77,943.0,93.0,99.75,1558.0,82.0,99.715,57.0,3.0,99.67,23.0,NaN,99.65,7.0,NaN,99.62,1.0,NaN,99.61,NaN,NaN,99.6,NaN,NaN,99.6,NaN,NaN,99.6,NaN,NaN,99.6,NaN,NaN,99.6,NaN,NaN,99.58,99.54,99.54,99.54,99.54,99.54,99.54,99.54,99.54,99.54,99.54,99.54,99.54,99.54,99.54,99.54,99.54,99.54,99.54,99.54,99.54,99.54,99.54,99.54,99.42,99.32,99.32,99.32,NaN,NaN,NaN,NaN,NaN,NaN,NaN,NaN
2021-04-22,NaN,NaN,NaN,NaN,NaN,NaN,NaN,NaN,NaN,99.93,152649.0,10223.0,99.92,131504.0,6457.0,99.91,90538.0,4318.0,99.905,128664.0,2827.0,99.905,67529.0,453.0,99.905,57946.0,728.0,99.905,59384.0,435.0,99.905,69236.0,290.0,99.905,37232.0,429.0,99.905,63229.0,1304.0,99.905,42271.0,670.0,99.9,20175.0,887.0,99.895,50617.0,350.0,99.89,28447.0,205.0,99.875,12221.0,184.0,99.865,16932.0,493.0,99.85,8521.0,234.0,99.84,1944.0,259.0,99.82,8700.0,718.0,99.795,3403.0,527.0,99.77,1116.0,505.0,99.75,1977.0,771.0,99.715,58.0,1.0,99.67,23.0,NaN,99.65,7.0,NaN,99.62,1.0,NaN,99.61,NaN,NaN,99.6,NaN,NaN,99.6,NaN,NaN,99.6,NaN,NaN,99.6,NaN,NaN,99.6,NaN,NaN,99.58,99.54,99.54,99.54,99.54,99.54,99.54,99.54,99.54,99.54,99.54,99.54,99.54,99.54,99.54,99.54,99.54,99.54,99.54,99.54,99.54,99.54,99.54,99.54,99.42,99.32,99.32,99.32,NaN,NaN,NaN,NaN,NaN,NaN,NaN,NaN
2021-04-23,NaN,NaN,NaN,NaN,NaN,NaN,NaN,NaN,NaN,99.93,153053.0,1424.0,99.92,131877.0,3497.0,99.91,91285.0,5421.0,99.905,129104.0,3953.0,99.905,67730.0,748.0,99.905,58423.0,1633.0,99.905,59689.0,538.0,99.905,69329.0,283.0,99.905,37299.0,204.0,99.905,63409.0,485.0,99.905,42315.0,554.0,99.9,20073.0,585.0,99.895,50671.0,589.0,99.89,28439.0,33.0,99.875,12130.0,190.0,99.865,17126.0,677.0,99.85,8543.0,98.0,99.84,2870.0,1092.0,99.82,8898.0,412.0,99.795,3405.0,18.0,99.77,1116.0,7.0,99.75,1977.0,2.0,99.715,58.0,NaN,99.67,23.0,NaN,99.65,7.0,NaN,99.62,1.0,NaN,99.61,NaN,NaN,99.6,NaN,NaN,99.6,NaN,NaN,99.6,NaN,NaN,99.6,NaN,NaN,99.6,NaN,NaN,99.58,99.54,99.54,99.54,99.54,99.54,99.54,99.54,99.54,99.54,99.54,99.54,99.54,99.54,99.54,99.54,99.54,99.54,99.54,99.54,99.54,99.54,99.54,99.54,99.42,99.32,99.32,99.32,NaN,NaN,NaN,NaN,NaN,NaN,NaN,NaN
2021-04-26,NaN,NaN,NaN,NaN,NaN,NaN,NaN,NaN,NaN,99.93,153119.0,3744.0,99.925,131963.0,11469.0,99.915,91313.0,1505.0,99.91,130674.0,12423.0,99.91,68235.0,2019.0,99.91,58609.0,559.0,99.91,60095.0,1067.0,99.91,69390.0,394.0,99.91,37479.0,284.0,99.905,63417.0,1243.0,99.905,42662.0,930.0,99.9,19979.0,1139.0,99.895,50729.0,324.0,99.89,28781.0,665.0,99.875,12254.0,653.0,99.865,17074.0,289.0,99.85,8426.0,243.0,99.835,2886.0,51.0,99.815,8905.0,111.0,99.79,3407.0,23.0,99.765,1118.0,21.0,99.74,1976.0,10.0,99.705,58.0,NaN,99.66,23.0,NaN,99.64,7.0,NaN,99.61,1.0,NaN,99.595,NaN,NaN,99.58,NaN,NaN,99.565,NaN,NaN,99.55,NaN,NaN,99.55,NaN,NaN,99.55,NaN,NaN,99.53,99.49,99.49,99.49,99.49,99.49,99.49,99.49,99.49,99.49,99.49,99.49,99.49,99.49,99.49,99.49,99.49,99.49,99.49,99.49,99.49,99.49,99.49,99.49,99.37,99.27,99.27,99.27,NaN,NaN,NaN,NaN,NaN,NaN,NaN,NaN
2021-04-27,NaN,NaN,NaN,NaN,NaN,NaN,NaN,NaN,NaN,99.9275,147216.0,9470.0,99.92,132188.0,5883.0,99.91,91839.0,5248.0,99.905,130759.0,1912.0,99.905,67530.0,2545.0,99.905,58900.0,614.0,99.905,60207.0,384.0,99.905,69326.0,169.0,99.905,37749.0,924.0,99.9,63506.0,2764.0,99.9,42658.0,282.0,99.895,20015.0,196.0,99.89,50732.0,858.0,99.885,28857.0,535.0,99.87,12332.0,560.0,99.86,17229.0,1344.0,99.845,8457.0,1027.0,99.83,2892.0,88.0,99.81,9185.0,989.0,99.785,3967.0,734.0,99.755,1126.0,101.0,99.73,2056.0,184.0,99.695,57.0,NaN,99.65,23.0,NaN,99.63,7.0,NaN,99.6,1.0,NaN,99.585,NaN,NaN,99.57,NaN,NaN,99.555,NaN,NaN,99.54,NaN,NaN,99.54,NaN,NaN,99.54,NaN,NaN,99.52,99.48,99.48,99.48,99.48,99.48,99.48,99.48,99.48,99.48,99.48,99.48,99.48,99.48,99.48,99.48,99.48,99.48,99.48,99.48,99.48,99.48,99.48,99.48,99.36,99.26,99.26,99.26,NaN,NaN,NaN,NaN,NaN,NaN,NaN,NaN
2021-04-28,NaN,NaN,NaN,NaN,NaN,NaN,NaN,NaN,NaN,99.93,146596.0,6482.0,99.93,141397.0,81801.0,99.92,94056.0,16131.0,99.915,133511.0,20211.0,99.91,65084.0,29546.0,99.91,55282.0,11313.0,99.91,59816.0,11917.0,99.905,70655.0,10787.0,99.905,39055.0,3806.0,99.905,61620.0,3871.0,99.9,43592.0,6105.0,99.895,20092.0,1824.0,99.89,50194.0,3542.0,99.885,28855.0,1913.0,99.875,12514.0,997.0,99.865,17572.0,1712.0,99.85,9179.0,1235.0,99.835,3030.0,291.0,99.815,9225.0,2754.0,99.79,3999.0,577.0,99.76,1275.0,208.0,99.735,2244.0,240.0,99.7,57.0,2.0,99.66,25.0,2.0,99.64,7.0,NaN,99.61,1.0,NaN,99.595,NaN,NaN,99.58,NaN,NaN,99.565,NaN,NaN,99.55,NaN,NaN,99.55,NaN,NaN,99.55,NaN,NaN,99.53,99.49,99.49,99.49,99.49,99.49,99.49,99.49,99.49,99.49,99.49,99.49,99.49,99.49,99.49,99.49,99.49,99.49,99.49,99.49,99.49,99.49,99.49,99.49,99.37,99.27,99.27,99.27,NaN,NaN,NaN,NaN,NaN,NaN,NaN,NaN
2021-04-29,NaN,NaN,NaN,NaN,NaN,NaN,NaN,NaN,NaN,99.93,148477.0,3612.0,99.93,142665.0,25336.0,99.915,110667.0,39458.0,99.91,134942.0,17011.0,99.905,64344.0,1699.0,99.905,54808.0,3310.0,99.905,59504.0,2303.0,99.9,69253.0,3344.0,99.9,38492.0,1340.0,99.9,62410.0,1696.0,99.9,43422.0,1918.0,99.895,20129.0,322.0,99.89,50696.0,1269.0,99.885,28658.0,1173.0,99.875,12532.0,219.0,99.865,19649.0,4472.0,99.85,9140.0,700.0,99.835,3168.0,413.0,99.815,9302.0,605.0,99.79,5287.0,3243.0,99.76,1295.0,430.0,99.735,4246.0,3067.0,99.7,57.0,NaN,99.66,25.0,NaN,99.64,7.0,NaN,99.61,1.0,NaN,99.595,NaN,NaN,99.58,NaN,NaN,99.565,NaN,NaN,99.55,NaN,NaN,99.55,NaN,NaN,99.55,NaN,NaN,99.53,99.49,99.49,99.49,99.49,99.49,99.49,99.49,99.49,99.49,99.49,99.49,99.49,99.49,99.49,99.49,99.49,99.49,99.49,99.49,99.49,99.49,99.49,99.49,99.37,99.27,99.27,99.27,NaN,NaN,NaN,NaN,NaN,NaN,NaN,NaN
2021-04-30,NaN,NaN,NaN,NaN,NaN,NaN,NaN,NaN,NaN,99.93,148034.0,2161.0,99.93,138145.0,32789.0,99.915,108502.0,22378.0,99.91,139170.0,11164.0,99.905,64902.0,952.0,99.905,54687.0,330.0,99.905,60163.0,2732.0,99.905,67554.0,4581.0,99.905,38142.0,3539.0,99.9,61693.0,1663.0,99.9,43637.0,398.0,99.895,20115.0,170.0,99.89,50716.0,319.0,99.885,28841.0,688.0,99.87,12492.0,436.0,99.86,19774.0,325.0,99.85,9702.0,1050.0,99.835,3237.0,254.0,99.815,9598.0,846.0,99.79,5516.0,1131.0,99.76,1468.0,306.0,99.735,4268.0,783.0,99.7,57.0,NaN,99.66,25.0,NaN,99.64,7.0,NaN,99.61,1.0,NaN,99.595,NaN,NaN,99.58,NaN,NaN,99.565,NaN,NaN,99.55,NaN,NaN,99.55,NaN,NaN,99.55,NaN,NaN,99.53,99.49,99.49,99.49,99.49,99.49,99.49,99.49,99.49,99.49,99.49,99.49,99.49,99.49,99.49,99.49,99.49,99.49,99.49,99.49,99.49,99.49,99.49,99.49,99.37,99.27,99.27,99.27,99.27,NaN,NaN,NaN,NaN,NaN,NaN,NaN
2021-05-03,NaN,NaN,NaN,NaN,NaN,NaN,NaN,NaN,NaN,99.931,148034.0,NaN,99.925,149788.0,34070.0,99.91,104684.0,24297.0,99.905,143393.0,32578.0,99.9,70416.0,13832.0,99.9,60127.0,12732.0,99.9,61384.0,4730.0,99.9,67991.0,5712.0,99.9,42566.0,12149.0,99.9,61234.0,4096.0,99.9,44427.0,2396.0,99.895,20176.0,1619.0,99.89,50785.0,1113.0,99.885,29410.0,1023.0,99.87,12820.0,678.0,99.86,19765.0,396.0,99.85,9751.0,274.0,99.84,3442.0,581.0,99.82,9832.0,1992.0,99.795,5724.0,1341.0,99.77,1480.0,36.0,99.745,4775.0,1540.0,99.715,508.0,463.0,99.68,31.0,7.0,99.655,7.0,NaN,99.625,1.0,NaN,99.61,NaN,NaN,99.595,NaN,NaN,99.58,NaN,NaN,99.565,NaN,NaN,99.565,NaN,NaN,99.565,NaN,NaN,99.545,99.505,99.505,99.505,99.505,99.505,99.505,99.505,99.505,99.505,99.505,99.505,99.505,99.505,99.505,99.505,99.505,99.505,99.505,99.505,99.505,99.505,99.505,99.505,99.385,99.285,99.285,99.285,99.285,NaN,NaN,NaN,NaN,NaN,NaN,NaN
2021-05-04,NaN,NaN,NaN,NaN,NaN,NaN,NaN,NaN,NaN,NaN,NaN,NaN,99.9325,150010.0,14671.0,99.915,105250.0,10421.0,99.91,142729.0,16482.0,99.91,68445.0,17664.0,99.91,59591.0,3737.0,99.91,59614.0,11115.0,99.91,82338.0,35351.0,99.91,42023.0,11241.0,99.91,60096.0,4038.0,99.905,45177.0,3335.0,99.9,21132.0,2906.0,99.895,51031.0,3802.0,99.89,29358.0,966.0,99.875,13116.0,2307.0,99.865,22039.0,3734.0,99.855,10567.0,2036.0,99.845,3697.0,590.0,99.825,9364.0,1684.0,99.8,5782.0,310.0,99.77,1534.0,172.0,99.745,5455.0,1159.0,99.715,511.0,8.0,99.68,31.0,NaN,99.655,7.0,NaN,99.625,1.0,NaN,99.61,NaN,NaN,99.595,NaN,NaN,99.58,NaN,NaN,99.565,NaN,NaN,99.565,NaN,NaN,99.565,NaN,NaN,99.545,99.505,99.505,99.505,99.505,99.505,99.505,99.505,99.505,99.505,99.505,99.505,99.505,99.505,99.505,99.505,99.505,99.505,99.505,99.505,99.505,99.505,99.505,99.505,99.385,99.285,99.285,99.285,99.285,NaN,NaN,NaN,NaN,NaN,NaN,NaN
2021-05-05,NaN,NaN,NaN,NaN,NaN,NaN,NaN,NaN,NaN,NaN,NaN,NaN,99.93,153066.0,10435.0,99.915,103967.0,14488.0,99.91,142530.0,3796.0,99.91,67936.0,2933.0,99.91,59864.0,565.0,99.91,60562.0,5323.0,99.91,81901.0,8041.0,99.91,42269.0,2452.0,99.91,60029.0,3055.0,99.91,46498.0,2028.0,99.905,22211.0,2959.0,99.9,52992.0,3622.0,99.895,29490.0,624.0,99.88,13113.0,1042.0,99.87,21436.0,2205.0,99.86,11930.0,1796.0,99.845,3761.0,435.0,99.825,9691.0,1026.0,99.8,5913.0,535.0,99.77,1607.0,148.0,99.745,5457.0,77.0,99.715,586.0,75.0,99.68,33.0,2.0,99.655,7.0,NaN,99.625,1.0,NaN,99.61,NaN,NaN,99.595,NaN,NaN,99.58,NaN,NaN,99.565,NaN,NaN,99.565,NaN,NaN,99.565,NaN,NaN,99.545,99.505,99.505,99.505,99.505,99.505,99.505,99.505,99.505,99.505,99.505,99.505,99.505,99.505,99.505,99.505,99.505,99.505,99.505,99.505,99.505,99.505,99.505,99.505,99.385,99.285,99.285,99.285,99.285,NaN,NaN,NaN,NaN,NaN,NaN,NaN
2021-05-06,NaN,NaN,NaN,NaN,NaN,NaN,NaN,NaN,NaN,NaN,NaN,NaN,99.935,163325.0,26808.0,99.92,103408.0,2352.0,99.915,144871.0,8656.0,99.915,68368.0,831.0,99.915,59656.0,597.0,99.915,61152.0,3527.0,99.915,81381.0,3498.0,99.91,42288.0,1351.0,99.91,59942.0,719.0,99.91,46699.0,667.0,99.905,22408.0,935.0,99.9,52919.0,827.0,99.895,29945.0,1234.0,99.885,13368.0,1677.0,99.875,22310.0,2433.0,99.865,12604.0,1579.0,99.85,3895.0,250.0,99.83,10396.0,1237.0,99.805,6178.0,610.0,99.78,1608.0,1.0,99.755,6022.0,803.0,99.73,1138.0,627.0,99.695,33.0,NaN,99.67,7.0,NaN,99.64,1.0,NaN,99.625,NaN,NaN,99.61,NaN,NaN,99.595,NaN,NaN,99.58,NaN,NaN,99.58,NaN,NaN,99.58,NaN,NaN,99.56,99.52,99.52,99.52,99.52,99.52,99.52,99.52,99.52,99.52,99.52,99.52,99.52,99.52,99.52,99.52,99.52,99.52,99.52,99.52,99.52,99.52,99.52,99.52,99.4,99.3,99.3,99.3,99.3,NaN,NaN,NaN,NaN,NaN,NaN,NaN
2021-05-07,NaN,NaN,NaN,NaN,NaN,NaN,NaN,NaN,NaN,NaN,NaN,NaN,99.9375,166418.0,12297.0,99.925,106379.0,7016.0,99.92,149981.0,22098.0,99.915,68595.0,1948.0,99.915,59474.0,4538.0,99.915,62373.0,4479.0,99.915,81568.0,1741.0,99.915,42972.0,3787.0,99.915,60207.0,9141.0,99.915,47572.0,3622.0,99.91,21813.0,1604.0,99.905,54538.0,5632.0,99.9,30326.0,5523.0,99.89,13392.0,1399.0,99.885,22757.0,4344.0,99.88,13065.0,4044.0,99.87,4032.0,554.0,99.85,11173.0,2942.0,99.835,6383.0,1219.0,99.81,1663.0,195.0,99.79,8743.0,4330.0,99.77,1379.0,254.0,99.735,37.0,5.0,99.71,7.0,NaN,99.68,1.0,NaN,99.665,NaN,NaN,99.65,NaN,NaN,99.635,NaN,NaN,99.62,NaN,NaN,99.62,NaN,NaN,99.62,NaN,NaN,99.6,99.56,99.56,99.56,99.56,99.56,99.56,99.56,99.56,99.56,99.56,99.56,99.56,99.56,99.56,99.56,99.56,99.56,99.56,99.56,99.56,99.56,99.56,99.56,99.44,99.34,99.34,99.34,99.34,NaN,NaN,NaN,NaN,NaN,NaN,NaN
2021-05-10,NaN,NaN,NaN,NaN,NaN,NaN,NaN,NaN,NaN,NaN,NaN,NaN,99.9375,167619.0,4882.0,99.925,107162.0,1503.0,99.92,149542.0,3880.0,99.915,68718.0,392.0,99.915,59547.0,243.0,99.915,62272.0,688.0,99.915,82090.0,1140.0,99.915,42428.0,372.0,99.915,60191.0,612.0,99.915,47676.0,475.0,99.91,21972.0,604.0,99.905,54431.0,1004.0,99.9,30621.0,1165.0,99.89,13521.0,994.0,99.885,22372.0,1264.0,99.88,13257.0,1460.0,99.87,4035.0,107.0,99.85,11121.0,742.0,99.835,6358.0,79.0,99.81,1638.0,65.0,99.79,8805.0,182.0,99.77,1389.0,15.0,99.735,37.0,NaN,99.71,7.0,NaN,99.68,1.0,NaN,99.665,NaN,NaN,99.65,NaN,NaN,99.635,NaN,NaN,99.62,NaN,NaN,99.62,NaN,NaN,99.62,NaN,NaN,99.6,99.56,99.56,99.56,99.56,99.56,99.56,99.56,99.56,99.56,99.56,99.56,99.56,99.56,99.56,99.56,99.56,99.56,99.56,99.56,99.56,99.56,99.56,99.56,99.44,99.34,99.34,99.34,99.34,NaN,NaN,NaN,NaN,NaN,NaN,NaN
2021-05-11,NaN,NaN,NaN,NaN,NaN,NaN,NaN,NaN,NaN,NaN,NaN,NaN,99.9375,171200.0,7252.0,99.925,108655.0,4122.0,99.92,149173.0,18090.0,99.92,69071.0,1534.0,99.92,59838.0,994.0,99.92,62255.0,1522.0,99.92,82204.0,411.0,99.915,42603.0,512.0,99.915,59900.0,429.0,99.915,47909.0,493.0,99.91,22031.0,285.0,99.905,55281.0,1829.0,99.9,30865.0,1149.0,99.89,13561.0,1443.0,99.885,22713.0,2045.0,99.875,13290.0,1755.0,99.86,4150.0,190.0,99.84,11472.0,1549.0,99.82,6683.0,1377.0,99.795,1707.0,140.0,99.775,8942.0,600.0,99.755,1785.0,504.0,99.72,40.0,5.0,99.695,7.0,NaN,99.665,1.0,NaN,99.65,NaN,NaN,99.635,NaN,NaN,99.62,NaN,NaN,99.605,NaN,NaN,99.605,NaN,NaN,99.605,NaN,NaN,99.585,99.545,99.545,99.545,99.545,99.545,99.545,99.545,99.545,99.545,99.545,99.545,99.545,99.545,99.545,99.545,99.545,99.545,99.545,99.545,99.545,99.545,99.545,99.545,99.425,99.325,99.325,99.325,99.325,NaN,NaN,NaN,NaN,NaN,NaN,NaN
2021-05-12,NaN,NaN,NaN,NaN,NaN,NaN,NaN,NaN,NaN,NaN,NaN,NaN,99.9375,170954.0,36.0,99.925,107444.0,2914.0,99.92,149248.0,2672.0,99.92,69051.0,290.0,99.92,60069.0,730.0,99.92,62901.0,3934.0,99.92,84107.0,5308.0,99.915,43063.0,1405.0,99.915,59329.0,2813.0,99.915,44887.0,8129.0,99.91,21202.0,6668.0,99.9,55311.0,8550.0,99.895,31578.0,3944.0,99.88,13644.0,2194.0,99.87,23259.0,4586.0,99.86,13804.0,2804.0,99.845,4456.0,1051.0,99.82,11613.0,3857.0,99.8,7838.0,2379.0,99.77,1765.0,262.0,99.745,8260.0,1468.0,99.72,1653.0,278.0,99.685,40.0,NaN,99.66,7.0,NaN,99.63,1.0,NaN,99.615,NaN,NaN,99.6,NaN,NaN,99.585,NaN,NaN,99.57,NaN,NaN,99.57,NaN,NaN,99.57,NaN,NaN,99.55,99.51,99.51,99.51,99.51,99.51,99.51,99.51,99.51,99.51,99.51,99.51,99.51,99.51,99.51,99.51,99.51,99.51,99.51,99.51,99.51,99.51,99.51,99.51,99.39,99.29,99.29,99.29,99.29,NaN,NaN,NaN,NaN,NaN,NaN,NaN
2021-05-13,NaN,NaN,NaN,NaN,NaN,NaN,NaN,NaN,NaN,NaN,NaN,NaN,99.9375,171253.0,387.0,99.925,107979.0,2725.0,99.92,157010.0,13807.0,99.92,69744.0,1475.0,99.92,60596.0,1396.0,99.92,64487.0,3452.0,99.92,82868.0,8577.0,99.915,43277.0,2370.0,99.915,60587.0,4643.0,99.915,45535.0,2212.0,99.91,21222.0,1233.0,99.905,56216.0,1606.0,99.9,31518.0,395.0,99.885,13955.0,924.0,99.875,23531.0,820.0,99.865,13769.0,660.0,99.85,4524.0,117.0,99.83,11654.0,466.0,99.81,7879.0,275.0,99.78,1777.0,37.0,99.755,8384.0,464.0,99.73,1713.0,62.0,99.695,40.0,NaN,99.67,7.0,NaN,99.64,1.0,NaN,99.625,NaN,NaN,99.61,NaN,NaN,99.595,NaN,NaN,99.58,NaN,NaN,99.58,NaN,NaN,99.58,NaN,NaN,99.56,99.52,99.52,99.52,99.52,99.52,99.52,99.52,99.52,99.52,99.52,99.52,99.4,99.4,99.4,99.4,99.4,99.4,99.4,99.4,99.4,99.4,99.4,99.4,99.28,99.18,99.18,99.18,99.18,NaN,NaN,NaN,NaN,NaN,NaN,NaN
2021-05-14,NaN,NaN,NaN,NaN,NaN,NaN,NaN,NaN,NaN,NaN,NaN,NaN,99.9375,171260.0,27.0,99.925,108356.0,598.0,99.92,155888.0,4354.0,99.92,69762.0,655.0,99.92,59830.0,2825.0,99.92,64465.0,81.0,99.92,82704.0,1397.0,99.92,43227.0,151.0,99.92,61489.0,2899.0,99.92,45513.0,452.0,99.915,21630.0,1950.0,99.905,56262.0,659.0,99.9,31747.0,1298.0,99.885,14149.0,635.0,99.875,23615.0,1589.0,99.865,13757.0,266.0,99.85,4417.0,185.0,99.83,11680.0,1336.0,99.81,8059.0,628.0,99.78,1841.0,74.0,99.755,8483.0,524.0,99.73,1713.0,18.0,99.695,40.0,NaN,99.67,7.0,NaN,99.64,1.0,NaN,99.625,NaN,NaN,99.61,NaN,NaN,99.595,NaN,NaN,99.58,NaN,NaN,99.58,NaN,NaN,99.58,NaN,NaN,99.56,99.52,99.52,99.52,99.52,99.52,99.52,99.52,99.52,99.52,99.52,99.52,99.4,99.4,99.4,99.4,99.4,99.4,99.4,99.4,99.4,99.4,99.4,99.4,99.28,99.18,99.18,99.18,99.18,NaN,NaN,NaN,NaN,NaN,NaN,NaN
2021-05-17,NaN,NaN,NaN,NaN,NaN,NaN,NaN,NaN,NaN,NaN,NaN,NaN,99.94,178870.0,14977.0,99.93,106534.0,3949.0,99.925,155589.0,1365.0,99.925,69863.0,5175.0,99.925,60234.0,1799.0,99.925,66583.0,4181.0,99.925,85902.0,9115.0,99.92,43742.0,941.0,99.92,63111.0,4328.0,99.92,50379.0,7803.0,99.915,21658.0,463.0,99.905,57470.0,2130.0,99.9,31815.0,773.0,99.885,14356.0,636.0,99.875,23727.0,207.0,99.865,13920.0,585.0,99.85,4449.0,78.0,99.83,11662.0,333.0,99.81,8064.0,109.0,99.78,1841.0,6.0,99.755,8509.0,57.0,99.73,1713.0,9.0,99.695,40.0,NaN,99.67,7.0,NaN,99.64,1.0,NaN,99.625,NaN,NaN,99.61,NaN,NaN,99.595,NaN,NaN,99.58,NaN,NaN,99.58,NaN,NaN,99.58,NaN,NaN,99.56,99.52,99.52,99.52,99.52,99.52,99.52,99.52,99.52,99.52,99.52,99.52,99.4,99.4,99.4,99.4,99.4,99.4,99.4,99.4,99.4,99.4,99.4,99.4,99.28,99.18,99.18,99.18,99.18,NaN,NaN,NaN,NaN,NaN,NaN,NaN
2021-05-18,NaN,NaN,NaN,NaN,NaN,NaN,NaN,NaN,NaN,NaN,NaN,NaN,99.94,182922.0,10285.0,99.93,106167.0,10099.0,99.925,157808.0,3124.0,99.925,69965.0,851.0,99.925,60141.0,427.0,99.925,66228.0,991.0,99.925,86166.0,1114.0,99.92,44026.0,612.0,99.92,62923.0,540.0,99.92,53794.0,4873.0,99.915,22241.0,1159.0,99.905,57980.0,1348.0,99.9,31516.0,1384.0,99.89,14141.0,2518.0,99.88,23735.0,1430.0,99.87,13956.0,633.0,99.855,4579.0,365.0,99.835,11557.0,204.0,99.81,7948.0,59.0,99.78,1841.0,16.0,99.755,8519.0,44.0,99.73,1708.0,10.0,99.695,43.0,3.0,99.67,7.0,NaN,99.64,1.0,NaN,99.625,NaN,NaN,99.61,NaN,NaN,99.595,NaN,NaN,99.58,NaN,NaN,99.58,NaN,NaN,99.58,NaN,NaN,99.56,99.52,99.52,99.52,99.52,99.52,99.52,99.52,99.52,99.52,99.52,99.52,99.4,99.4,99.4,99.4,99.4,99.4,99.4,99.4,99.4,99.4,99.4,99.4,99.28,99.18,99.18,99.18,99.18,NaN,NaN,NaN,NaN,NaN,NaN,NaN
2021-05-19,NaN,NaN,NaN,NaN,NaN,NaN,NaN,NaN,NaN,NaN,NaN,NaN,99.9425,186796.0,7440.0,99.93,112976.0,28048.0,99.92,154775.0,18418.0,99.92,69892.0,6105.0,99.92,60184.0,6661.0,99.92,65060.0,11805.0,99.92,74588.0,14573.0,99.915,43815.0,1867.0,99.915,63136.0,6497.0,99.915,53241.0,3146.0,99.91,22653.0,3263.0,99.9,57532.0,2261.0,99.895,31813.0,1838.0,99.88,14949.0,1948.0,99.87,23798.0,576.0,99.86,14997.0,2197.0,99.845,5141.0,1436.0,99.82,11590.0,1896.0,99.795,8376.0,768.0,99.765,1934.0,226.0,99.74,8722.0,810.0,99.715,1838.0,215.0,99.68,44.0,1.0,99.655,7.0,NaN,99.625,1.0,NaN,99.61,NaN,NaN,99.595,NaN,NaN,99.58,NaN,NaN,99.565,NaN,NaN,99.565,NaN,NaN,99.565,NaN,NaN,99.545,99.505,99.505,99.505,99.505,99.505,99.505,99.505,99.505,99.505,99.505,99.505,99.385,99.385,99.385,99.385,99.385,99.385,99.385,99.385,99.385,99.385,99.385,99.385,99.265,99.165,99.165,99.165,99.165,NaN,NaN,NaN,NaN,NaN,NaN,NaN
2021-05-20,NaN,NaN,NaN,NaN,NaN,NaN,NaN,NaN,NaN,NaN,NaN,NaN,99.94,186332.0,2099.0,99.93,113562.0,4833.0,99.92,154630.0,11302.0,99.92,71277.0,3818.0,99.92,60360.0,4460.0,99.92,64410.0,3193.0,99.92,76615.0,6035.0,99.92,43766.0,901.0,99.92,65155.0,3839.0,99.92,52420.0,5961.0,99.915,22690.0,1094.0,99.91,57290.0,8864.0,99.905,37330.0,7758.0,99.89,15031.0,3130.0,99.88,33160.0,12428.0,99.87,16918.0,3747.0,99.855,5809.0,1015.0,99.83,12309.0,3111.0,99.805,9207.0,2681.0,99.775,2034.0,221.0,99.75,8804.0,347.0,99.725,1840.0,41.0,99.69,44.0,NaN,99.665,7.0,NaN,99.635,1.0,NaN,99.62,NaN,NaN,99.605,NaN,NaN,99.59,NaN,NaN,99.575,NaN,NaN,99.575,NaN,NaN,99.575,NaN,NaN,99.555,99.515,99.515,99.515,99.515,99.515,99.515,99.515,99.515,99.515,99.515,99.515,99.395,99.395,99.395,99.395,99.395,99.395,99.395,99.395,99.395,99.395,99.395,99.395,99.275,99.175,99.175,99.175,99.175,NaN,NaN,NaN,NaN,NaN,NaN,NaN
2021-05-21,NaN,NaN,NaN,NaN,NaN,NaN,NaN,NaN,NaN,NaN,NaN,NaN,99.94,188072.0,3497.0,99.93,108663.0,18922.0,99.92,149161.0,19956.0,99.915,70254.0,5384.0,99.915,59615.0,2043.0,99.915,63139.0,3302.0,99.915,76590.0,5234.0,99.915,43122.0,2376.0,99.92,64863.0,3599.0,99.92,52887.0,2758.0,99.915,22712.0,30.0,99.91,56803.0,656.0,99.905,39088.0,3362.0,99.89,16608.0,5699.0,99.875,38214.0,6668.0,99.865,17131.0,874.0,99.85,5964.0,623.0,99.83,12306.0,120.0,99.81,9315.0,563.0,99.78,2095.0,106.0,99.755,9093.0,351.0,99.73,1913.0,75.0,99.695,44.0,NaN,99.67,7.0,NaN,99.64,1.0,NaN,99.625,NaN,NaN,99.61,NaN,NaN,99.595,NaN,NaN,99.58,NaN,NaN,99.58,NaN,NaN,99.58,NaN,NaN,99.56,99.52,99.52,99.52,99.52,99.52,99.52,99.52,99.52,99.52,99.52,99.52,99.4,99.4,99.4,99.4,99.4,99.4,99.4,99.4,99.4,99.4,99.4,99.4,99.28,99.18,99.18,99.18,99.18,NaN,NaN,NaN,NaN,NaN,NaN,NaN
2021-05-24,NaN,NaN,NaN,NaN,NaN,NaN,NaN,NaN,NaN,NaN,NaN,NaN,99.94,187758.0,819.0,99.93,108260.0,8399.0,99.92,147045.0,9880.0,99.915,68384.0,2549.0,99.915,60594.0,2763.0,99.915,62897.0,3615.0,99.915,75549.0,2171.0,99.915,43118.0,132.0,99.92,64910.0,4319.0,99.92,53449.0,2356.0,99.915,23600.0,2108.0,99.91,56844.0,2460.0,99.905,38991.0,1780.0,99.895,16441.0,1585.0,99.88,38529.0,1668.0,99.87,17373.0,957.0,99.855,5977.0,123.0,99.835,12282.0,483.0,99.815,9427.0,515.0,99.785,2183.0,198.0,99.76,10618.0,2047.0,99.735,2512.0,669.0,99.7,64.0,20.0,99.675,7.0,NaN,99.64,1.0,NaN,99.62,NaN,NaN,99.605,NaN,NaN,99.59,NaN,NaN,99.575,NaN,NaN,99.575,NaN,NaN,99.575,NaN,NaN,99.555,99.515,99.515,99.515,99.515,99.515,99.515,99.515,99.515,99.515,99.515,99.515,99.395,99.395,99.395,99.395,99.395,99.395,99.395,99.395,99.395,99.395,99.395,99.395,99.275,99.175,99.175,99.175,99.175,NaN,NaN,NaN,NaN,NaN,NaN,NaN
2021-05-25,NaN,NaN,NaN,NaN,NaN,NaN,NaN,NaN,NaN,NaN,NaN,NaN,99.9425,188073.0,833.0,99.935,105582.0,9223.0,99.925,144115.0,21816.0,99.92,74977.0,19118.0,99.92,57660.0,9130.0,99.92,63529.0,2599.0,99.92,75455.0,2191.0,99.92,43077.0,89.0,99.92,66024.0,4829.0,99.92,56479.0,5685.0,99.92,23810.0,1479.0,99.915,57064.0,2917.0,99.91,41273.0,4536.0,99.9,17629.0,2989.0,99.89,38899.0,9708.0,99.88,19057.0,2497.0,99.865,6505.0,2189.0,99.845,12318.0,991.0,99.825,9459.0,579.0,99.8,2246.0,236.0,99.78,15433.0,6785.0,99.76,2639.0,212.0,99.725,66.0,2.0,99.7,17.0,12.0,99.665,1.0,NaN,99.645,NaN,NaN,99.63,NaN,NaN,99.615,NaN,NaN,99.6,NaN,NaN,99.6,NaN,NaN,99.6,NaN,NaN,99.56,99.52,99.52,99.52,99.52,99.52,99.52,99.52,99.52,99.52,99.52,99.52,99.4,99.4,99.4,99.4,99.4,99.4,99.4,99.4,99.4,99.4,99.4,99.4,99.28,99.18,99.18,99.18,99.18,NaN,NaN,NaN,NaN,NaN,NaN,NaN
2021-05-26,NaN,NaN,NaN,NaN,NaN,NaN,NaN,NaN,NaN,NaN,NaN,NaN,99.94,188020.0,3490.0,99.93,105830.0,9157.0,99.92,142419.0,5801.0,99.915,79497.0,23759.0,99.915,55470.0,7393.0,99.915,65461.0,9375.0,99.915,77824.0,8659.0,99.915,49702.0,12554.0,99.92,65983.0,3552.0,99.92,60862.0,8481.0,99.92,24486.0,3746.0,99.915,56852.0,2166.0,99.91,41112.0,2259.0,99.9,17616.0,1011.0,99.89,39602.0,3011.0,99.88,19372.0,1387.0,99.865,6387.0,788.0,99.845,12002.0,916.0,99.825,9338.0,580.0,99.795,2233.0,120.0,99.775,16134.0,1054.0,99.75,2675.0,75.0,99.715,86.0,20.0,99.69,17.0,NaN,99.655,1.0,NaN,99.635,NaN,NaN,99.62,NaN,NaN,99.605,NaN,NaN,99.59,NaN,NaN,99.59,NaN,NaN,99.59,NaN,NaN,99.52,99.48,99.48,99.48,99.48,99.48,99.48,99.48,99.48,99.48,99.48,99.48,99.36,99.36,99.36,99.36,99.36,99.36,99.36,99.36,99.36,99.36,99.36,99.36,99.24,99.14,99.14,99.14,99.14,NaN,NaN,NaN,NaN,NaN,NaN,NaN
2021-05-27,NaN,NaN,NaN,NaN,NaN,NaN,NaN,NaN,NaN,NaN,NaN,NaN,99.94,188043.0,396.0,99.93,105339.0,17999.0,99.92,156379.0,24506.0,99.915,78806.0,2742.0,99.915,54599.0,3723.0,99.915,65576.0,3210.0,99.915,77622.0,5031.0,99.915,48532.0,3940.0,99.915,76328.0,13737.0,99.915,60129.0,3434.0,99.915,26798.0,3744.0,99.91,56523.0,1524.0,99.905,43108.0,4028.0,99.895,17208.0,1504.0,99.88,40357.0,8090.0,99.87,22296.0,6160.0,99.855,6576.0,690.0,99.835,12381.0,840.0,99.815,9439.0,400.0,99.785,2340.0,215.0,99.76,16151.0,444.0,99.74,2749.0,93.0,99.705,86.0,NaN,99.68,40.0,23.0,99.645,1.0,NaN,99.625,NaN,NaN,99.61,NaN,NaN,99.595,NaN,NaN,99.58,NaN,NaN,99.58,NaN,NaN,99.58,NaN,NaN,99.51,99.47,99.47,99.47,99.47,99.47,99.47,99.47,99.47,99.47,99.47,99.47,99.35,99.35,99.35,99.35,99.35,99.35,99.35,99.35,99.35,99.35,99.35,99.35,99.23,99.13,99.13,99.13,99.13,NaN,NaN,NaN,NaN,NaN,NaN,NaN
2021-05-28,NaN,NaN,NaN,NaN,NaN,NaN,NaN,NaN,NaN,NaN,NaN,NaN,99.94,188009.0,114.0,99.93,109254.0,11780.0,99.92,159819.0,9057.0,99.92,78574.0,7146.0,99.92,54255.0,1978.0,99.92,65504.0,1833.0,99.92,77418.0,7556.0,99.92,48823.0,1126.0,99.92,75911.0,5845.0,99.92,60646.0,3447.0,99.92,27063.0,1559.0,99.915,56908.0,1869.0,99.91,44338.0,3168.0,99.895,17065.0,1017.0,99.88,40587.0,7126.0,99.865,25824.0,6786.0,99.85,6777.0,529.0,99.83,12651.0,1795.0,99.81,9629.0,956.0,99.785,3037.0,866.0,99.76,16603.0,1241.0,99.74,2948.0,223.0,99.705,105.0,22.0,99.67,50.0,33.0,99.645,9.0,16.0,99.625,NaN,NaN,99.61,NaN,NaN,99.595,NaN,NaN,99.58,NaN,NaN,99.58,NaN,NaN,99.58,NaN,NaN,99.51,99.47,99.47,99.47,99.47,99.47,99.47,99.47,99.47,99.47,99.47,99.47,99.35,99.35,99.35,99.35,99.35,99.35,99.35,99.35,99.35,99.35,99.35,99.35,99.23,99.13,99.13,99.13,99.13,99.13,NaN,NaN,NaN,NaN,NaN,NaN
2021-06-01,NaN,NaN,NaN,NaN,NaN,NaN,NaN,NaN,NaN,NaN,NaN,NaN,99.942,188009.0,NaN,99.93,113567.0,11095.0,99.92,160709.0,31230.0,99.92,79492.0,6543.0,99.92,55670.0,2389.0,99.92,63958.0,5531.0,99.92,79966.0,4883.0,99.92,50632.0,4019.0,99.915,76301.0,1615.0,99.915,60637.0,1036.0,99.915,27571.0,699.0,99.91,57045.0,637.0,99.905,44180.0,1225.0,99.895,17798.0,899.0,99.88,40297.0,2397.0,99.865,27106.0,1930.0,99.855,7058.0,798.0,99.83,13141.0,1121.0,99.81,9851.0,546.0,99.785,3048.0,38.0,99.76,16605.0,170.0,99.74,2980.0,40.0,99.705,110.0,11.0,99.67,50.0,30.0,99.645,9.0,NaN,99.605,NaN,NaN,99.555,15.0,30.0,99.54,NaN,NaN,99.525,NaN,NaN,99.525,NaN,NaN,99.525,NaN,NaN,99.455,99.415,99.415,99.415,99.415,99.415,99.415,99.415,99.415,99.415,99.415,99.415,99.295,99.295,99.295,99.295,99.295,99.295,99.295,99.295,99.295,99.295,99.295,99.295,99.175,99.075,99.075,99.075,99.075,99.075,NaN,NaN,NaN,NaN,NaN,NaN
2021-06-02,NaN,NaN,NaN,NaN,NaN,NaN,NaN,NaN,NaN,NaN,NaN,NaN,NaN,NaN,NaN,99.93,113328.0,6182.0,99.92,164964.0,18441.0,99.915,81361.0,2912.0,99.915,55801.0,582.0,99.915,64124.0,1707.0,99.915,80817.0,2693.0,99.915,55523.0,9328.0,99.915,77227.0,3966.0,99.915,60317.0,1381.0,99.915,27601.0,583.0,99.91,57625.0,1461.0,99.905,44210.0,398.0,99.895,17730.0,822.0,99.885,39885.0,2278.0,99.87,29394.0,4101.0,99.86,7572.0,907.0,99.835,13340.0,890.0,99.815,10088.0,678.0,99.795,3049.0,30.0,99.77,16668.0,438.0,99.75,3133.0,153.0,99.715,110.0,NaN,99.68,50.0,NaN,99.655,9.0,NaN,99.615,NaN,NaN,99.565,15.0,NaN,99.55,NaN,NaN,99.535,NaN,NaN,99.445,NaN,NaN,99.445,NaN,NaN,99.375,99.31,99.31,99.31,99.31,99.31,99.31,99.31,99.31,99.31,99.31,99.31,99.19,99.19,99.19,99.19,99.19,99.19,99.19,99.19,99.19,99.19,99.19,99.19,99.07,98.97,98.97,98.97,98.97,98.97,NaN,NaN,NaN,NaN,NaN,NaN
2021-06-03,NaN,NaN,NaN,NaN,NaN,NaN,NaN,NaN,NaN,NaN,NaN,NaN,NaN,NaN,NaN,99.9325,117414.0,18204.0,99.92,170529.0,13606.0,99.915,81397.0,3508.0,99.915,55577.0,1099.0,99.915,64212.0,2211.0,99.915,81715.0,3018.0,99.915,56615.0,3953.0,99.915,76378.0,4231.0,99.915,59068.0,1858.0,99.915,27269.0,2176.0,99.91,59442.0,3799.0,99.905,44514.0,1639.0,99.895,17999.0,2466.0,99.885,38710.0,7801.0,99.865,34420.0,8019.0,99.85,7552.0,514.0,99.83,13951.0,2944.0,99.81,10214.0,370.0,99.785,3166.0,239.0,99.755,17172.0,1000.0,99.735,3829.0,1139.0,99.7,151.0,70.0,99.665,64.0,50.0,99.64,9.0,NaN,99.6,NaN,NaN,99.545,15.0,NaN,99.53,NaN,NaN,99.515,NaN,NaN,99.41,NaN,NaN,99.41,NaN,NaN,99.34,99.275,99.275,99.275,99.275,99.275,99.275,99.275,99.275,99.275,99.275,99.275,99.155,99.155,99.155,99.155,99.155,99.155,99.155,99.155,99.155,99.155,99.155,99.155,99.035,98.935,98.935,98.935,98.935,98.935,NaN,NaN,NaN,NaN,NaN,NaN
2021-06-04,NaN,NaN,NaN,NaN,NaN,NaN,NaN,NaN,NaN,NaN,NaN,NaN,NaN,NaN,NaN,99.9325,118912.0,2995.0,99.92,174388.0,11965.0,99.915,81199.0,4912.0,99.92,55515.0,676.0,99.92,63587.0,1512.0,99.92,81585.0,1349.0,99.92,57792.0,3253.0,99.92,75236.0,5388.0,99.92,59127.0,868.0,99.92,27535.0,963.0,99.92,58345.0,2315.0,99.915,44327.0,2510.0,99.905,17918.0,685.0,99.895,40145.0,3241.0,99.875,33872.0,2811.0,99.865,7433.0,2452.0,99.845,14209.0,2045.0,99.825,10276.0,782.0,99.805,3531.0,492.0,99.78,18420.0,2039.0,99.76,4716.0,902.0,99.725,151.0,NaN,99.69,65.0,2.0,99.665,9.0,NaN,99.625,NaN,NaN,99.57,15.0,NaN,99.555,NaN,NaN,99.54,NaN,NaN,99.435,NaN,NaN,99.435,NaN,NaN,99.365,99.3,99.3,99.3,99.3,99.3,99.3,99.3,99.3,99.3,99.3,99.3,99.18,99.18,99.18,99.18,99.18,99.18,99.18,99.18,99.18,99.18,99.18,99.18,99.06,98.96,98.96,98.96,98.96,98.96,NaN,NaN,NaN,NaN,NaN,NaN
2021-06-07,NaN,NaN,NaN,NaN,NaN,NaN,NaN,NaN,NaN,NaN,NaN,NaN,NaN,NaN,NaN,99.935,118817.0,8948.0,99.925,175479.0,11976.0,99.92,80478.0,5397.0,99.92,55975.0,1749.0,99.92,63903.0,902.0,99.92,81533.0,938.0,99.92,57566.0,1486.0,99.92,75077.0,1802.0,99.92,59177.0,852.0,99.92,27533.0,17.0,99.915,58354.0,983.0,99.91,44265.0,1015.0,99.9,17973.0,501.0,99.89,40057.0,311.0,99.87,33778.0,430.0,99.86,7528.0,589.0,99.84,14337.0,687.0,99.82,10298.0,68.0,99.795,3570.0,217.0,99.775,18577.0,249.0,99.755,5009.0,318.0,99.72,151.0,NaN,99.685,65.0,NaN,99.66,9.0,NaN,99.62,NaN,NaN,99.565,15.0,NaN,99.55,NaN,NaN,99.535,NaN,NaN,99.43,NaN,NaN,99.43,NaN,NaN,99.36,99.295,99.295,99.295,99.295,99.295,99.295,99.295,99.295,99.295,99.295,99.295,99.175,99.175,99.175,99.175,99.175,99.175,99.175,99.175,99.175,99.175,99.175,99.175,99.055,98.955,98.955,98.955,98.955,98.955,NaN,NaN,NaN,NaN,NaN,NaN
2021-06-08,NaN,NaN,NaN,NaN,NaN,NaN,NaN,NaN,NaN,NaN,NaN,NaN,NaN,NaN,NaN,99.935,119836.0,7747.0,99.925,174014.0,3576.0,99.92,81131.0,5286.0,99.92,56188.0,933.0,99.92,63939.0,175.0,99.92,81958.0,1972.0,99.92,58617.0,2459.0,99.92,74679.0,4264.0,99.92,58770.0,3192.0,99.92,28771.0,2675.0,99.915,58520.0,1378.0,99.91,44064.0,473.0,99.9,17633.0,1388.0,99.89,39830.0,1946.0,99.87,34129.0,1263.0,99.86,7683.0,486.0,99.845,14554.0,2015.0,99.825,11098.0,1500.0,99.8,3419.0,363.0,99.78,18635.0,822.0,99.76,5213.0,208.0,99.725,151.0,NaN,99.69,65.0,6.0,99.665,9.0,NaN,99.625,NaN,NaN,99.57,15.0,NaN,99.555,NaN,NaN,99.54,NaN,NaN,99.44,NaN,NaN,99.44,NaN,NaN,99.37,99.305,99.305,99.305,99.305,99.305,99.305,99.305,99.305,99.305,99.305,99.305,99.185,99.185,99.185,99.185,99.185,99.185,99.185,99.185,99.185,99.185,99.185,99.185,99.065,98.965,98.965,98.965,98.965,98.965,NaN,NaN,NaN,NaN,NaN,NaN
2021-06-09,NaN,NaN,NaN,NaN,NaN,NaN,NaN,NaN,NaN,NaN,NaN,NaN,NaN,NaN,NaN,99.9375,122335.0,5012.0,99.93,169777.0,25120.0,99.92,89946.0,27133.0,99.92,56063.0,2894.0,99.92,62132.0,5763.0,99.92,81134.0,6921.0,99.92,58600.0,984.0,99.92,74638.0,2855.0,99.92,58454.0,1682.0,99.92,28419.0,1822.0,99.915,58017.0,1518.0,99.91,44049.0,445.0,99.9,18147.0,2830.0,99.89,40331.0,2128.0,99.875,35146.0,4147.0,99.865,8466.0,1871.0,99.85,14879.0,1199.0,99.83,10904.0,383.0,99.81,3920.0,702.0,99.79,19419.0,1589.0,99.77,5513.0,521.0,99.735,151.0,NaN,99.7,527.0,471.0,99.675,9.0,NaN,99.635,NaN,NaN,99.585,15.0,NaN,99.57,NaN,NaN,99.555,NaN,NaN,99.46,NaN,NaN,99.46,NaN,NaN,99.39,99.325,99.325,99.325,99.325,99.325,99.325,99.325,99.325,99.325,99.325,99.325,99.205,99.205,99.205,99.205,99.205,99.205,99.205,99.205,99.205,99.205,99.205,99.205,99.085,98.985,98.985,98.985,98.985,98.985,NaN,NaN,NaN,NaN,NaN,NaN
2021-06-10,NaN,NaN,NaN,NaN,NaN,NaN,NaN,NaN,NaN,NaN,NaN,NaN,NaN,NaN,NaN,99.935,122730.0,2296.0,99.925,172966.0,5848.0,99.92,86365.0,8128.0,99.92,57021.0,5199.0,99.92,62891.0,5917.0,99.92,78984.0,5187.0,99.92,58633.0,351.0,99.92,74984.0,680.0,99.92,58262.0,2386.0,99.92,28623.0,1301.0,99.915,58059.0,1409.0,99.91,44281.0,1659.0,99.9,18550.0,946.0,99.89,39928.0,2990.0,99.875,34067.0,2411.0,99.865,9420.0,1770.0,99.85,14840.0,1903.0,99.83,11028.0,1410.0,99.81,4074.0,329.0,99.79,19554.0,2283.0,99.77,5781.0,1412.0,99.735,151.0,NaN,99.705,817.0,360.0,99.68,9.0,NaN,99.64,NaN,NaN,99.6,15.0,NaN,99.585,NaN,NaN,99.57,NaN,NaN,99.475,NaN,NaN,99.475,NaN,NaN,99.405,99.34,99.34,99.34,99.34,99.34,99.34,99.34,99.34,99.34,99.34,99.34,99.22,99.22,99.22,99.22,99.22,99.22,99.22,99.22,99.22,99.22,99.22,99.22,99.1,99.0,99.0,99.0,99.0,99.0,NaN,NaN,NaN,NaN,NaN,NaN
2021-06-11,NaN,NaN,NaN,NaN,NaN,NaN,NaN,NaN,NaN,NaN,NaN,NaN,NaN,NaN,NaN,99.935,121945.0,4459.0,99.925,174798.0,4144.0,99.92,93407.0,18734.0,99.92,58340.0,8062.0,99.92,62172.0,5040.0,99.92,79738.0,4797.0,99.92,58450.0,2502.0,99.92,75144.0,969.0,99.915,58770.0,3864.0,99.915,28970.0,1339.0,99.91,57949.0,1775.0,99.905,44179.0,1618.0,99.895,18395.0,555.0,99.885,39521.0,2765.0,99.87,33005.0,2342.0,99.86,9499.0,451.0,99.84,15028.0,1630.0,99.825,11104.0,587.0,99.8,4191.0,220.0,99.78,19850.0,539.0,99.76,5781.0,38.0,99.725,151.0,NaN,99.69,884.0,106.0,99.665,9.0,NaN,99.625,NaN,NaN,99.585,15.0,NaN,99.57,NaN,NaN,99.555,NaN,NaN,99.46,NaN,NaN,99.46,NaN,NaN,99.39,99.325,99.325,99.325,99.325,99.325,99.325,99.325,99.325,99.325,99.325,99.325,99.205,99.205,99.205,99.205,99.205,99.205,99.205,99.205,99.205,99.205,99.205,99.205,99.085,98.985,98.985,98.985,98.985,98.985,NaN,NaN,NaN,NaN,NaN,NaN
2021-06-14,NaN,NaN,NaN,NaN,NaN,NaN,NaN,NaN,NaN,NaN,NaN,NaN,NaN,NaN,NaN,99.93,117685.0,31813.0,99.92,164239.0,55107.0,99.91,95966.0,16010.0,99.91,57224.0,6790.0,99.91,60876.0,3034.0,99.91,79266.0,2546.0,99.915,57337.0,2483.0,99.915,74956.0,1148.0,99.915,58733.0,1027.0,99.91,28397.0,1338.0,99.905,58197.0,2460.0,99.9,43964.0,1549.0,99.89,18635.0,4950.0,99.88,39876.0,2025.0,99.865,32745.0,1406.0,99.855,9519.0,286.0,99.835,14922.0,473.0,99.815,11096.0,554.0,99.79,4516.0,715.0,99.77,19845.0,505.0,99.745,5833.0,411.0,99.715,325.0,199.0,99.68,984.0,155.0,99.655,91.0,94.0,99.615,NaN,NaN,99.57,15.0,NaN,99.555,NaN,NaN,99.54,NaN,NaN,99.445,NaN,NaN,99.445,NaN,NaN,99.375,99.31,99.31,99.31,99.31,99.31,99.31,99.31,99.31,99.31,99.31,99.31,99.19,99.19,99.19,99.19,99.19,99.19,99.19,99.19,99.19,99.19,99.19,99.19,99.07,98.97,98.97,98.97,98.97,98.97,NaN,NaN,NaN,NaN,NaN,NaN
2021-06-15,NaN,NaN,NaN,NaN,NaN,NaN,NaN,NaN,NaN,NaN,NaN,NaN,NaN,NaN,NaN,99.93,115557.0,15500.0,99.92,155664.0,35278.0,99.91,96949.0,3676.0,99.91,57789.0,1916.0,99.91,60424.0,2784.0,99.91,77922.0,4667.0,99.91,56552.0,2447.0,99.91,77209.0,3614.0,99.91,60098.0,4506.0,99.91,28171.0,814.0,99.905,58803.0,951.0,99.9,44270.0,633.0,99.89,18428.0,982.0,99.88,40569.0,1374.0,99.865,32612.0,632.0,99.855,9551.0,88.0,99.835,15057.0,708.0,99.815,11236.0,640.0,99.79,4763.0,574.0,99.765,19857.0,344.0,99.74,5833.0,177.0,99.71,450.0,125.0,99.675,984.0,5.0,99.65,91.0,NaN,99.61,NaN,NaN,99.565,15.0,NaN,99.55,NaN,NaN,99.535,NaN,NaN,99.44,NaN,NaN,99.44,NaN,NaN,99.37,99.305,99.305,99.305,99.305,99.305,99.305,99.305,99.305,99.305,99.305,99.305,99.185,99.185,99.185,99.185,99.185,99.185,99.185,99.185,99.185,99.185,99.185,99.185,99.065,98.965,98.965,98.965,98.965,98.965,NaN,NaN,NaN,NaN,NaN,NaN
2021-06-16,NaN,NaN,NaN,NaN,NaN,NaN,NaN,NaN,NaN,NaN,NaN,NaN,NaN,NaN,NaN,99.9175,127159.0,53049.0,99.9,154740.0,87991.0,99.9,94466.0,37161.0,99.9,59790.0,22859.0,99.905,64167.0,23811.0,99.905,80036.0,18195.0,99.905,56526.0,7862.0,99.905,78901.0,20068.0,99.905,58900.0,7950.0,99.9,30183.0,4922.0,99.895,58093.0,12984.0,99.885,43155.0,4554.0,99.87,18995.0,5267.0,99.855,40450.0,7470.0,99.84,31315.0,8314.0,99.825,9958.0,2611.0,99.8,16112.0,5673.0,99.775,11757.0,1804.0,99.75,4790.0,382.0,99.72,18449.0,3816.0,99.695,5832.0,787.0,99.665,453.0,3.0,99.62,1055.0,446.0,99.595,98.0,7.0,99.555,NaN,NaN,99.5,15.0,15.0,99.485,NaN,NaN,99.47,NaN,NaN,99.37,NaN,NaN,99.37,NaN,NaN,99.3,99.235,99.235,99.235,99.235,99.235,99.235,99.235,99.235,99.235,99.235,99.235,99.115,99.115,99.115,99.115,99.115,99.115,99.115,99.115,99.115,99.115,99.115,99.115,98.995,98.895,98.895,98.895,98.895,98.895,NaN,NaN,NaN,NaN,NaN,NaN
2021-06-17,NaN,NaN,NaN,NaN,NaN,NaN,NaN,NaN,NaN,NaN,NaN,NaN,NaN,NaN,NaN,99.9225,124939.0,22220.0,99.905,150197.0,47093.0,99.905,90724.0,114102.0,99.905,62533.0,22282.0,99.905,71375.0,25576.0,99.905,80801.0,19117.0,99.9,54491.0,8208.0,99.9,78830.0,13839.0,99.9,65885.0,21212.0,99.895,33511.0,10441.0,99.89,61103.0,18016.0,99.88,43501.0,4256.0,99.865,19474.0,3878.0,99.85,40207.0,6195.0,99.825,31038.0,4943.0,99.81,9291.0,2075.0,99.785,17316.0,5477.0,99.755,12484.0,2373.0,99.72,5018.0,647.0,99.69,11399.0,12480.0,99.66,5863.0,1894.0,99.62,726.0,320.0,99.575,1055.0,9.0,99.55,98.0,NaN,99.51,NaN,NaN,99.455,15.0,NaN,99.44,NaN,NaN,99.425,NaN,NaN,99.32,NaN,NaN,99.32,NaN,NaN,99.25,99.185,99.185,99.185,99.185,99.185,99.185,99.185,99.185,99.185,99.185,99.185,99.065,99.065,99.065,99.065,99.065,99.065,99.065,99.065,99.065,99.065,99.065,99.065,98.945,98.845,98.845,98.845,98.845,98.845,NaN,NaN,NaN,NaN,NaN,NaN
2021-06-18,NaN,NaN,NaN,NaN,NaN,NaN,NaN,NaN,NaN,NaN,NaN,NaN,NaN,NaN,NaN,99.92,124082.0,7907.0,99.9,150854.0,20332.0,99.905,97912.0,24911.0,99.905,63715.0,12722.0,99.905,71832.0,8970.0,99.905,80694.0,12604.0,99.9,54246.0,7107.0,99.895,79798.0,16110.0,99.895,65510.0,19508.0,99.89,30710.0,11088.0,99.88,62017.0,21451.0,99.87,41757.0,21979.0,99.85,21408.0,15119.0,99.83,35359.0,24324.0,99.8,31111.0,11424.0,99.78,9019.0,4149.0,99.75,20960.0,9202.0,99.715,12330.0,2669.0,99.68,5167.0,684.0,99.65,11693.0,9376.0,99.615,5565.0,630.0,99.575,696.0,30.0,99.53,1045.0,26.0,99.505,98.0,NaN,99.465,NaN,NaN,99.41,15.0,NaN,99.395,NaN,NaN,99.38,NaN,NaN,99.275,NaN,NaN,99.275,NaN,NaN,99.25,99.175,99.175,99.175,99.175,99.175,99.175,99.175,99.175,99.175,99.175,99.175,99.055,99.055,99.055,99.055,99.055,99.055,99.055,99.055,99.055,99.055,99.055,99.055,98.935,98.835,98.835,98.835,98.835,98.835,NaN,NaN,NaN,NaN,NaN,NaN
2021-06-21,NaN,NaN,NaN,NaN,NaN,NaN,NaN,NaN,NaN,NaN,NaN,NaN,NaN,NaN,NaN,99.92,124570.0,3272.0,99.9,151296.0,1962.0,99.9,97716.0,13456.0,99.9,64667.0,3901.0,99.905,80239.0,15441.0,99.905,81167.0,2487.0,99.9,53784.0,7626.0,99.895,79338.0,1506.0,99.895,62885.0,10746.0,99.885,29577.0,7622.0,99.875,54686.0,14772.0,99.86,37551.0,16291.0,99.84,21829.0,5014.0,99.82,35498.0,10427.0,99.795,31915.0,7990.0,99.78,9160.0,3056.0,99.75,21441.0,3186.0,99.72,12243.0,951.0,99.69,5267.0,250.0,99.66,10485.0,2479.0,99.625,5465.0,320.0,99.585,914.0,220.0,99.535,1065.0,30.0,99.51,98.0,NaN,99.47,NaN,NaN,99.415,15.0,NaN,99.4,NaN,NaN,99.385,NaN,NaN,99.28,NaN,NaN,99.28,NaN,NaN,99.255,99.18,99.18,99.18,99.18,99.18,99.18,99.18,99.18,99.18,99.18,99.18,99.06,99.06,99.06,99.06,99.06,99.06,99.06,99.06,99.06,99.06,99.06,99.06,98.94,98.84,98.84,98.84,98.84,98.84,NaN,NaN,NaN,NaN,NaN,NaN
2021-06-22,NaN,NaN,NaN,NaN,NaN,NaN,NaN,NaN,NaN,NaN,NaN,NaN,NaN,NaN,NaN,99.9225,124674.0,4987.0,99.905,150962.0,18730.0,99.91,99280.0,4333.0,99.91,65038.0,9108.0,99.91,79701.0,6590.0,99.91,82744.0,5840.0,99.91,54211.0,4441.0,99.905,76742.0,6993.0,99.905,68339.0,12333.0,99.895,27407.0,5591.0,99.88,54591.0,6882.0,99.87,37208.0,3353.0,99.85,21216.0,3500.0,99.835,33400.0,9391.0,99.81,31553.0,3324.0,99.795,9357.0,863.0,99.765,20794.0,2868.0,99.735,11823.0,2036.0,99.705,5258.0,152.0,99.675,10347.0,900.0,99.64,5414.0,269.0,99.6,964.0,50.0,99.55,1065.0,NaN,99.52,98.0,NaN,99.48,NaN,NaN,99.425,15.0,NaN,99.41,NaN,NaN,99.395,NaN,NaN,99.29,NaN,NaN,99.29,NaN,NaN,99.265,99.19,99.19,99.19,99.19,99.19,99.19,99.19,99.19,99.19,99.19,99.19,99.07,99.07,99.07,99.07,99.07,99.07,99.07,99.07,99.07,99.07,99.07,99.07,98.95,98.85,98.85,98.85,98.85,98.85,NaN,NaN,NaN,NaN,NaN,NaN
2021-06-23,NaN,NaN,NaN,NaN,NaN,NaN,NaN,NaN,NaN,NaN,NaN,NaN,NaN,NaN,NaN,99.9225,123179.0,817.0,99.905,151249.0,3879.0,99.905,99780.0,2092.0,99.905,65391.0,1694.0,99.905,79511.0,4013.0,99.905,83050.0,3597.0,99.905,53947.0,904.0,99.905,75133.0,2963.0,99.905,55726.0,3910.0,99.89,28020.0,7873.0,99.875,54917.0,3321.0,99.865,37320.0,4233.0,99.845,19862.0,2598.0,99.825,33738.0,4970.0,99.795,31829.0,2606.0,99.78,9326.0,353.0,99.745,20773.0,1450.0,99.71,11842.0,617.0,99.68,5254.0,326.0,99.65,10096.0,2165.0,99.61,4632.0,956.0,99.565,965.0,2.0,99.515,1065.0,NaN,99.485,98.0,NaN,99.445,NaN,NaN,99.39,15.0,NaN,99.375,NaN,NaN,99.36,NaN,NaN,99.255,NaN,NaN,99.255,NaN,NaN,99.23,99.155,99.155,99.155,99.155,99.155,99.155,99.155,99.155,99.155,99.155,99.155,99.035,99.035,99.035,99.035,99.035,99.035,99.035,99.035,99.035,99.035,99.035,99.035,98.915,98.815,98.815,98.815,98.815,98.815,NaN,NaN,NaN,NaN,NaN,NaN
2021-06-24,NaN,NaN,NaN,NaN,NaN,NaN,NaN,NaN,NaN,NaN,NaN,NaN,NaN,NaN,NaN,99.92,122272.0,1046.0,99.905,150002.0,4633.0,99.905,98978.0,2742.0,99.905,65359.0,1398.0,99.905,79703.0,543.0,99.905,83067.0,141.0,99.905,53926.0,74.0,99.905,75254.0,2123.0,99.905,52177.0,7172.0,99.885,27030.0,3302.0,99.87,55902.0,4905.0,99.86,38196.0,3030.0,99.84,19081.0,5524.0,99.82,32911.0,3669.0,99.79,30212.0,4029.0,99.775,9143.0,1241.0,99.74,21104.0,3551.0,99.705,12062.0,1384.0,99.67,5426.0,572.0,99.64,10045.0,813.0,99.595,4741.0,709.0,99.55,965.0,NaN,99.5,1065.0,NaN,99.46,98.0,NaN,99.42,NaN,NaN,99.365,15.0,NaN,99.35,NaN,NaN,99.335,NaN,NaN,99.23,NaN,NaN,99.23,NaN,NaN,99.205,99.13,99.13,99.13,99.13,99.13,99.13,99.13,99.13,99.13,99.13,99.13,99.01,99.01,99.01,99.01,99.01,99.01,99.01,99.01,99.01,99.01,99.01,99.01,98.89,98.79,98.79,98.79,98.79,98.79,NaN,NaN,NaN,NaN,NaN,NaN
2021-06-25,NaN,NaN,NaN,NaN,NaN,NaN,NaN,NaN,NaN,NaN,NaN,NaN,NaN,NaN,NaN,99.92,120644.0,3779.0,99.905,138302.0,27075.0,99.905,102655.0,10066.0,99.905,67581.0,12198.0,99.905,79759.0,5297.0,99.905,87298.0,21521.0,99.905,52677.0,5559.0,99.905,74990.0,1362.0,99.905,59127.0,31842.0,99.89,26844.0,6345.0,99.88,60790.0,23527.0,99.87,56567.0,42688.0,99.845,19814.0,7203.0,99.825,35524.0,10871.0,99.795,32286.0,6901.0,99.775,9175.0,834.0,99.74,21741.0,5097.0,99.705,13712.0,4789.0,99.665,5438.0,605.0,99.63,11498.0,3204.0,99.59,4868.0,1014.0,99.545,967.0,53.0,99.495,1065.0,6.0,99.455,98.0,NaN,99.415,NaN,NaN,99.36,15.0,NaN,99.345,NaN,NaN,99.33,NaN,NaN,99.225,NaN,NaN,99.225,NaN,NaN,99.2,99.125,99.125,99.125,99.125,99.125,99.125,99.125,99.125,99.125,99.125,99.125,99.005,99.005,99.005,99.005,99.005,99.005,99.005,99.005,99.005,99.005,99.005,99.005,98.885,98.785,98.785,98.785,98.785,98.785,NaN,NaN,NaN,NaN,NaN,NaN
2021-06-28,NaN,NaN,NaN,NaN,NaN,NaN,NaN,NaN,NaN,NaN,NaN,NaN,NaN,NaN,NaN,99.92,120667.0,755.0,99.905,134630.0,10989.0,99.905,102516.0,1923.0,99.905,67247.0,1125.0,99.905,77798.0,2273.0,99.905,87941.0,3539.0,99.905,52524.0,478.0,99.905,74674.0,642.0,99.905,58494.0,1053.0,99.89,26813.0,904.0,99.88,61053.0,2044.0,99.87,55551.0,1641.0,99.845,20041.0,1188.0,99.825,35532.0,1037.0,99.795,32166.0,328.0,99.78,9222.0,281.0,99.745,22341.0,808.0,99.71,13873.0,399.0,99.675,5318.0,663.0,99.64,11516.0,528.0,99.6,4847.0,61.0,99.555,967.0,NaN,99.505,1065.0,NaN,99.465,98.0,NaN,99.425,NaN,NaN,99.37,15.0,NaN,99.355,NaN,NaN,99.34,NaN,NaN,99.235,NaN,NaN,99.235,NaN,NaN,99.21,99.135,99.135,99.135,99.135,99.135,99.135,99.135,99.135,99.135,99.135,99.135,99.015,99.015,99.015,99.015,99.015,99.015,99.015,99.015,99.015,99.015,99.015,99.015,98.895,98.795,98.795,98.795,98.795,98.795,NaN,NaN,NaN,NaN,NaN,NaN
2021-06-29,NaN,NaN,NaN,NaN,NaN,NaN,NaN,NaN,NaN,NaN,NaN,NaN,NaN,NaN,NaN,99.9225,120042.0,623.0,99.9075,137032.0,8292.0,99.91,103549.0,3529.0,99.91,67643.0,1205.0,99.91,77810.0,876.0,99.91,87828.0,395.0,99.91,52100.0,780.0,99.905,74671.0,98.0,99.905,58273.0,2286.0,99.89,26934.0,861.0,99.88,60935.0,1476.0,99.87,55218.0,1651.0,99.85,20011.0,637.0,99.83,35946.0,1972.0,99.8,32030.0,1782.0,99.78,9213.0,62.0,99.745,23392.0,2962.0,99.71,14235.0,1825.0,99.675,5314.0,53.0,99.64,11690.0,337.0,99.6,4847.0,20.0,99.555,967.0,NaN,99.505,1065.0,NaN,99.465,98.0,NaN,99.425,NaN,NaN,99.37,15.0,NaN,99.355,NaN,NaN,99.34,NaN,NaN,99.235,NaN,NaN,99.235,NaN,NaN,99.21,99.135,99.135,99.135,99.135,99.135,99.135,99.135,99.135,99.135,99.135,99.135,99.015,99.015,99.015,99.015,99.015,99.015,99.015,99.015,99.015,99.015,99.015,99.015,98.895,98.795,98.795,98.795,98.795,98.795,NaN,NaN,NaN,NaN,NaN,NaN
2021-06-30,NaN,NaN,NaN,NaN,NaN,NaN,NaN,NaN,NaN,NaN,NaN,NaN,NaN,NaN,NaN,99.92,119461.0,957.0,99.9025,143251.0,12689.0,99.905,104188.0,2991.0,99.905,69147.0,2402.0,99.905,77719.0,340.0,99.91,88158.0,1705.0,99.91,51909.0,1371.0,99.905,74672.0,45.0,99.905,58596.0,1145.0,99.89,26755.0,917.0,99.88,61168.0,452.0,99.87,55694.0,2161.0,99.85,19854.0,1795.0,99.83,36469.0,4192.0,99.8,32680.0,2380.0,99.78,9251.0,263.0,99.745,23702.0,799.0,99.71,14819.0,1439.0,99.675,4986.0,524.0,99.64,11907.0,478.0,99.6,4802.0,143.0,99.55,971.0,4.0,99.5,1065.0,NaN,99.46,98.0,NaN,99.42,NaN,NaN,99.365,15.0,NaN,99.35,NaN,NaN,99.335,NaN,NaN,99.23,NaN,NaN,99.23,NaN,NaN,99.205,99.13,99.13,99.13,99.13,99.13,99.13,99.13,99.13,99.13,99.13,99.13,99.01,99.01,99.01,99.01,99.01,99.01,99.01,99.01,99.01,99.01,99.01,99.01,98.89,98.79,98.79,98.79,98.79,98.79,98.79,NaN,NaN,NaN,NaN,NaN
2021-07-01,NaN,NaN,NaN,NaN,NaN,NaN,NaN,NaN,NaN,NaN,NaN,NaN,NaN,NaN,NaN,99.922,119461.0,NaN,99.9025,144122.0,27994.0,99.905,107059.0,5564.0,99.905,70089.0,2753.0,99.905,78655.0,2235.0,99.905,88515.0,4135.0,99.905,52170.0,745.0,99.905,74621.0,763.0,99.9,59536.0,2106.0,99.89,26947.0,1267.0,99.88,61491.0,3966.0,99.87,53494.0,3997.0,99.845,19610.0,1263.0,99.825,38292.0,5644.0,99.795,33853.0,3973.0,99.775,9357.0,298.0,99.74,26630.0,5762.0,99.705,15553.0,1367.0,99.665,5146.0,360.0,99.63,12665.0,974.0,99.59,4797.0,123.0,99.54,974.0,3.0,99.49,1065.0,NaN,99.45,98.0,NaN,99.41,NaN,NaN,99.355,15.0,NaN,99.34,NaN,NaN,99.325,NaN,NaN,99.22,NaN,NaN,99.22,NaN,NaN,99.195,99.12,99.12,99.12,99.12,99.12,99.12,99.12,99.12,99.12,99.12,99.12,99.0,99.0,99.0,99.0,99.0,99.0,99.0,99.0,99.0,99.0,99.0,99.0,98.88,98.78,98.78,98.78,98.78,98.78,98.78,NaN,NaN,NaN,NaN,NaN
2021-07-02,NaN,NaN,NaN,NaN,NaN,NaN,NaN,NaN,NaN,NaN,NaN,NaN,NaN,NaN,NaN,NaN,NaN,NaN,99.9025,144441.0,4779.0,99.905,106998.0,919.0,99.905,70271.0,419.0,99.905,78724.0,407.0,99.91,87372.0,2380.0,99.91,52181.0,534.0,99.905,77642.0,5417.0,99.905,65355.0,8744.0,99.895,27213.0,2587.0,99.885,65231.0,13413.0,99.875,57676.0,16903.0,99.855,19633.0,1819.0,99.835,43709.0,11361.0,99.815,34243.0,2626.0,99.795,9851.0,1704.0,99.76,25253.0,4932.0,99.73,15731.0,910.0,99.695,5263.0,256.0,99.66,12945.0,802.0,99.625,4828.0,85.0,99.58,985.0,26.0,99.53,1065.0,NaN,99.49,98.0,NaN,99.45,NaN,NaN,99.395,15.0,NaN,99.38,NaN,NaN,99.365,NaN,NaN,99.26,NaN,NaN,99.26,NaN,NaN,99.235,99.16,99.16,99.16,99.16,99.16,99.16,99.16,99.16,99.16,99.16,99.16,99.04,99.04,99.04,99.04,99.04,99.04,99.04,99.04,99.04,99.04,99.04,99.04,98.92,98.82,98.82,98.82,98.82,98.82,98.82,NaN,NaN,NaN,NaN,NaN
2021-07-06,NaN,NaN,NaN,NaN,NaN,NaN,NaN,NaN,NaN,NaN,NaN,NaN,NaN,NaN,NaN,NaN,NaN,NaN,99.905,145931.0,2928.0,99.91,106121.0,6284.0,99.91,70284.0,1830.0,99.91,78855.0,2013.0,99.91,87654.0,1021.0,99.91,53015.0,4645.0,99.91,76655.0,3562.0,99.91,68772.0,5671.0,99.9,28388.0,2798.0,99.895,66874.0,6370.0,99.89,56822.0,9435.0,99.87,18771.0,4674.0,99.85,49954.0,10675.0,99.83,30910.0,11210.0,99.815,9725.0,985.0,99.78,27094.0,7225.0,99.75,17308.0,3341.0,99.715,5635.0,707.0,99.68,13946.0,1579.0,99.645,5009.0,241.0,99.6,1038.0,138.0,99.555,1034.0,39.0,99.515,95.0,3.0,99.475,NaN,NaN,99.43,15.0,NaN,99.415,NaN,NaN,99.4,NaN,NaN,99.295,NaN,NaN,99.295,NaN,NaN,99.27,99.19,99.19,99.19,99.19,99.19,99.19,99.19,99.19,99.19,99.19,99.19,99.07,99.07,99.07,99.07,99.07,99.07,99.07,99.07,99.07,99.07,99.07,99.07,98.95,98.85,98.85,98.85,98.85,98.85,98.85,NaN,NaN,NaN,NaN,NaN
2021-07-07,NaN,NaN,NaN,NaN,NaN,NaN,NaN,NaN,NaN,NaN,NaN,NaN,NaN,NaN,NaN,NaN,NaN,NaN,99.905,144132.0,1189.0,99.91,105869.0,1317.0,99.91,70797.0,1052.0,99.91,78731.0,2083.0,99.91,88479.0,3349.0,99.91,52896.0,2192.0,99.91,76862.0,457.0,99.91,69592.0,1961.0,99.9,29448.0,1911.0,99.895,67111.0,997.0,99.89,57662.0,1897.0,99.87,18977.0,1593.0,99.85,50544.0,3382.0,99.83,29683.0,3544.0,99.815,9676.0,897.0,99.785,27286.0,2597.0,99.76,17339.0,1524.0,99.725,5727.0,254.0,99.69,14534.0,1184.0,99.66,5095.0,135.0,99.615,1050.0,27.0,99.57,1009.0,25.0,99.535,95.0,NaN,99.495,NaN,NaN,99.45,15.0,NaN,99.435,NaN,NaN,99.42,NaN,NaN,99.315,NaN,NaN,99.315,NaN,NaN,99.29,99.21,99.21,99.21,99.21,99.21,99.21,99.21,99.21,99.21,99.21,99.21,99.09,99.09,99.09,99.09,99.09,99.09,99.09,99.09,99.09,99.09,99.09,99.09,98.97,98.87,98.87,98.87,98.87,98.87,98.87,NaN,NaN,NaN,NaN,NaN
2021-07-08,NaN,NaN,NaN,NaN,NaN,NaN,NaN,NaN,NaN,NaN,NaN,NaN,NaN,NaN,NaN,NaN,NaN,NaN,99.9025,144188.0,1807.0,99.905,105436.0,3220.0,99.905,70861.0,1446.0,99.91,79736.0,6891.0,99.91,89534.0,6551.0,99.91,52841.0,607.0,99.91,75149.0,6482.0,99.915,72503.0,8729.0,99.905,30372.0,5152.0,99.895,64887.0,15891.0,99.895,55627.0,9111.0,99.875,17602.0,5797.0,99.86,57411.0,17531.0,99.85,28799.0,6734.0,99.835,9719.0,1984.0,99.805,27499.0,5902.0,99.785,19081.0,7253.0,99.75,6368.0,805.0,99.72,16865.0,3746.0,99.695,5107.0,307.0,99.65,1121.0,83.0,99.605,1009.0,23.0,99.575,95.0,NaN,99.535,NaN,NaN,99.495,15.0,NaN,99.48,NaN,NaN,99.465,NaN,NaN,99.37,NaN,NaN,99.37,NaN,NaN,99.345,99.265,99.265,99.265,99.265,99.265,99.265,99.265,99.265,99.265,99.265,99.265,99.145,99.145,99.145,99.145,99.145,99.145,99.145,99.145,99.145,99.145,99.145,99.145,99.025,98.925,98.925,98.925,98.925,98.925,98.925,NaN,NaN,NaN,NaN,NaN
2021-07-09,NaN,NaN,NaN,NaN,NaN,NaN,NaN,NaN,NaN,NaN,NaN,NaN,NaN,NaN,NaN,NaN,NaN,NaN,99.9025,145364.0,2154.0,99.905,107398.0,2981.0,99.905,71466.0,2213.0,99.905,80235.0,1266.0,99.91,89642.0,1186.0,99.91,52835.0,240.0,99.91,75074.0,157.0,99.91,72492.0,1347.0,99.9,30845.0,1394.0,99.89,65210.0,3791.0,99.885,55340.0,2147.0,99.865,17706.0,1191.0,99.85,56895.0,6168.0,99.835,30560.0,7708.0,99.82,9542.0,479.0,99.785,27716.0,1441.0,99.76,19155.0,1001.0,99.725,6276.0,558.0,99.69,16931.0,584.0,99.665,5088.0,91.0,99.62,1105.0,16.0,99.575,1009.0,NaN,99.545,95.0,NaN,99.505,NaN,NaN,99.465,15.0,NaN,99.45,NaN,NaN,99.435,NaN,NaN,99.34,NaN,NaN,99.34,NaN,NaN,99.315,99.235,99.235,99.235,99.235,99.235,99.235,99.235,99.235,99.235,99.235,99.235,99.115,99.115,99.115,99.115,99.115,99.115,99.115,99.115,99.115,99.115,99.115,99.115,98.995,98.895,98.895,98.895,98.895,98.895,98.895,NaN,NaN,NaN,NaN,NaN
2021-07-12,NaN,NaN,NaN,NaN,NaN,NaN,NaN,NaN,NaN,NaN,NaN,NaN,NaN,NaN,NaN,NaN,NaN,NaN,99.9025,144791.0,5324.0,99.905,107992.0,1641.0,99.905,75423.0,5570.0,99.91,81150.0,3671.0,99.91,89523.0,5528.0,99.91,53019.0,900.0,99.91,74552.0,1023.0,99.91,72630.0,1553.0,99.9,30898.0,975.0,99.89,65631.0,6850.0,99.88,55491.0,6247.0,99.86,16938.0,2096.0,99.84,61367.0,12216.0,99.825,31849.0,4390.0,99.805,9619.0,1521.0,99.77,27413.0,2300.0,99.745,19250.0,1811.0,99.71,6196.0,683.0,99.675,17264.0,1355.0,99.65,5215.0,177.0,99.605,1108.0,3.0,99.56,1009.0,NaN,99.53,95.0,NaN,99.49,NaN,NaN,99.45,15.0,NaN,99.435,NaN,NaN,99.42,NaN,NaN,99.325,NaN,NaN,99.325,NaN,NaN,99.3,99.22,99.22,99.22,99.22,99.22,99.22,99.22,99.22,99.22,99.22,99.22,99.1,99.1,99.1,99.1,99.1,99.1,99.1,99.1,99.1,99.1,99.1,99.1,98.98,98.88,98.88,98.88,98.88,98.88,98.88,NaN,NaN,NaN,NaN,NaN
2021-07-13,NaN,NaN,NaN,NaN,NaN,NaN,NaN,NaN,NaN,NaN,NaN,NaN,NaN,NaN,NaN,NaN,NaN,NaN,99.905,147753.0,12577.0,99.91,117278.0,12759.0,99.91,91818.0,58684.0,99.91,78427.0,1492.0,99.915,91388.0,6140.0,99.915,53483.0,7722.0,99.91,74161.0,1536.0,99.91,69961.0,5440.0,99.895,31355.0,3893.0,99.885,63219.0,6712.0,99.875,56383.0,5889.0,99.85,16563.0,2011.0,99.83,60110.0,18417.0,99.815,36527.0,13758.0,99.795,10896.0,3709.0,99.745,28254.0,5936.0,99.72,19512.0,3289.0,99.675,6319.0,662.0,99.635,16994.0,1354.0,99.6,5034.0,309.0,99.55,1120.0,12.0,99.505,1016.0,7.0,99.475,95.0,NaN,99.435,NaN,NaN,99.395,15.0,NaN,99.38,NaN,NaN,99.365,NaN,NaN,99.27,NaN,NaN,99.225,NaN,NaN,99.2,99.12,99.12,99.12,99.12,99.12,99.12,99.12,99.12,99.12,99.12,99.12,99.0,99.0,99.0,99.0,99.0,99.0,99.0,99.0,99.0,99.0,99.0,99.0,98.88,98.78,98.78,98.78,98.78,98.78,98.78,NaN,NaN,NaN,NaN,NaN
2021-07-14,NaN,NaN,NaN,NaN,NaN,NaN,NaN,NaN,NaN,NaN,NaN,NaN,NaN,NaN,NaN,NaN,NaN,NaN,99.9025,147706.0,374.0,99.905,119017.0,5444.0,99.91,92465.0,4271.0,99.91,78428.0,311.0,99.91,91268.0,3434.0,99.91,53001.0,1181.0,99.91,73636.0,1825.0,99.91,70736.0,2046.0,99.9,30847.0,1693.0,99.89,62233.0,4090.0,99.885,56509.0,4621.0,99.865,17443.0,3302.0,99.845,61306.0,9034.0,99.83,37421.0,5576.0,99.81,11054.0,1454.0,99.77,28339.0,2590.0,99.745,19944.0,1425.0,99.705,6266.0,159.0,99.665,17613.0,1202.0,99.64,5229.0,303.0,99.59,1120.0,NaN,99.545,1020.0,5.0,99.515,94.0,1.0,99.475,NaN,NaN,99.435,15.0,NaN,99.42,NaN,NaN,99.405,NaN,NaN,99.31,NaN,NaN,99.265,NaN,NaN,99.24,99.16,99.16,99.16,99.16,99.16,99.16,99.16,99.16,99.16,99.16,99.16,99.04,99.04,99.04,99.04,99.04,99.04,99.04,99.04,99.04,99.04,99.04,99.04,98.92,98.82,98.82,98.82,98.82,98.82,98.82,NaN,NaN,NaN,NaN,NaN
2021-07-15,NaN,NaN,NaN,NaN,NaN,NaN,NaN,NaN,NaN,NaN,NaN,NaN,NaN,NaN,NaN,NaN,NaN,NaN,99.9025,149589.0,12941.0,99.91,110872.0,16785.0,99.91,92373.0,641.0,99.91,78578.0,506.0,99.915,91404.0,4298.0,99.915,52566.0,700.0,99.91,73654.0,421.0,99.91,70325.0,1462.0,99.9,30552.0,2269.0,99.89,62836.0,3517.0,99.89,60470.0,10473.0,99.87,16715.0,2981.0,99.85,64656.0,9743.0,99.835,37117.0,8843.0,99.815,10722.0,1426.0,99.775,29609.0,3909.0,99.755,20392.0,1593.0,99.71,6435.0,387.0,99.67,17843.0,1243.0,99.645,5940.0,921.0,99.595,1131.0,11.0,99.55,1021.0,1.0,99.52,94.0,NaN,99.48,NaN,NaN,99.44,15.0,NaN,99.425,NaN,NaN,99.41,NaN,NaN,99.315,NaN,NaN,99.27,NaN,NaN,99.245,99.165,99.165,99.165,99.165,99.165,99.165,99.165,99.165,99.165,99.165,99.165,99.045,99.045,99.045,99.045,99.045,99.045,99.045,99.045,99.045,99.045,99.045,99.045,98.925,98.825,98.825,98.825,98.825,98.825,98.825,NaN,NaN,NaN,NaN,NaN
2021-07-16,NaN,NaN,NaN,NaN,NaN,NaN,NaN,NaN,NaN,NaN,NaN,NaN,NaN,NaN,NaN,NaN,NaN,NaN,99.9025,148884.0,1880.0,99.91,116006.0,10032.0,99.91,92285.0,335.0,99.91,78425.0,766.0,99.91,91793.0,1191.0,99.91,52438.0,66.0,99.91,73720.0,167.0,99.91,70369.0,363.0,99.9,31392.0,1932.0,99.89,64565.0,4875.0,99.885,61563.0,6904.0,99.865,17184.0,2115.0,99.845,66270.0,5766.0,99.835,38943.0,6446.0,99.815,10862.0,344.0,99.775,30034.0,2555.0,99.755,21033.0,2110.0,99.71,6480.0,273.0,99.67,17874.0,824.0,99.645,6077.0,156.0,99.595,1131.0,NaN,99.55,1021.0,NaN,99.52,94.0,NaN,99.48,NaN,NaN,99.44,15.0,NaN,99.425,NaN,NaN,99.41,NaN,NaN,99.315,NaN,NaN,99.27,NaN,NaN,99.245,99.165,99.165,99.165,99.165,99.165,99.165,99.165,99.165,99.165,99.165,99.165,99.045,99.045,99.045,99.045,99.045,99.045,99.045,99.045,99.045,99.045,99.045,99.045,98.925,98.825,98.825,98.825,98.825,98.825,98.825,NaN,NaN,NaN,NaN,NaN
2021-07-19,NaN,NaN,NaN,NaN,NaN,NaN,NaN,NaN,NaN,NaN,NaN,NaN,NaN,NaN,NaN,NaN,NaN,NaN,99.9025,147303.0,12391.0,99.91,113854.0,3687.0,99.91,92026.0,5169.0,99.91,78240.0,620.0,99.915,93538.0,7155.0,99.915,52450.0,2587.0,99.91,75196.0,4483.0,99.91,71349.0,4624.0,99.9,31243.0,4758.0,99.895,65714.0,5201.0,99.89,62016.0,6689.0,99.875,17275.0,4183.0,99.86,65253.0,10592.0,99.85,37452.0,5194.0,99.835,10929.0,1905.0,99.8,30043.0,4291.0,99.78,21096.0,3311.0,99.745,6227.0,875.0,99.71,18741.0,2621.0,99.69,6304.0,1112.0,99.64,1177.0,66.0,99.61,1038.0,63.0,99.58,94.0,NaN,99.54,NaN,NaN,99.505,15.0,NaN,99.49,NaN,NaN,99.475,NaN,NaN,99.38,NaN,NaN,99.335,NaN,NaN,99.31,99.22,99.22,99.22,99.22,99.22,99.22,99.22,99.22,99.22,99.22,99.22,99.1,99.1,99.1,99.1,99.1,99.1,99.1,99.1,99.1,99.1,99.1,99.1,98.98,98.88,98.88,98.88,98.88,98.88,98.88,NaN,NaN,NaN,NaN,NaN
2021-07-20,NaN,NaN,NaN,NaN,NaN,NaN,NaN,NaN,NaN,NaN,NaN,NaN,NaN,NaN,NaN,NaN,NaN,NaN,99.9,147999.0,2783.0,99.905,116311.0,5339.0,99.91,92419.0,5276.0,99.91,78284.0,411.0,99.91,94004.0,7452.0,99.91,53681.0,2607.0,99.91,75659.0,1888.0,99.91,71736.0,3105.0,99.905,31867.0,4322.0,99.9,65060.0,4698.0,99.895,60635.0,4229.0,99.88,17425.0,1853.0,99.865,64627.0,7105.0,99.86,36689.0,4601.0,99.85,11202.0,1441.0,99.82,30093.0,7483.0,99.8,22943.0,9159.0,99.77,5971.0,605.0,99.74,20297.0,5551.0,99.72,6406.0,927.0,99.675,1097.0,94.0,99.645,1039.0,28.0,99.62,94.0,NaN,99.58,NaN,NaN,99.545,15.0,NaN,99.53,NaN,NaN,99.515,NaN,NaN,99.42,NaN,NaN,99.375,NaN,NaN,99.35,99.22,99.22,99.22,99.22,99.22,99.22,99.22,99.22,99.22,99.22,99.22,99.1,99.1,99.1,99.1,99.1,99.1,99.1,99.1,99.1,99.1,99.1,99.1,98.98,98.88,98.88,98.88,98.88,98.88,98.88,NaN,NaN,NaN,NaN,NaN
2021-07-21,NaN,NaN,NaN,NaN,NaN,NaN,NaN,NaN,NaN,NaN,NaN,NaN,NaN,NaN,NaN,NaN,NaN,NaN,99.9,148123.0,422.0,99.905,117662.0,2772.0,99.91,92114.0,1455.0,99.91,77429.0,2544.0,99.91,93681.0,2784.0,99.91,55140.0,4677.0,99.91,76487.0,4542.0,99.91,73569.0,5628.0,99.9,32254.0,2898.0,99.895,65286.0,2757.0,99.89,60694.0,773.0,99.875,17414.0,668.0,99.86,64765.0,11103.0,99.85,37661.0,6230.0,99.835,11317.0,852.0,99.805,29988.0,2115.0,99.785,22769.0,489.0,99.745,5952.0,172.0,99.71,20116.0,851.0,99.69,6395.0,73.0,99.645,1097.0,10.0,99.615,1039.0,NaN,99.59,94.0,NaN,99.55,NaN,NaN,99.515,15.0,NaN,99.5,NaN,NaN,99.485,NaN,NaN,99.39,NaN,NaN,99.345,NaN,NaN,99.32,99.19,99.19,99.19,99.19,99.19,99.19,99.19,99.19,99.19,99.19,99.19,99.07,99.07,99.07,99.07,99.07,99.07,99.07,99.07,99.07,99.07,99.07,99.07,98.95,98.85,98.85,98.85,98.85,98.85,98.85,NaN,NaN,NaN,NaN,NaN
2021-07-22,NaN,NaN,NaN,NaN,NaN,NaN,NaN,NaN,NaN,NaN,NaN,NaN,NaN,NaN,NaN,NaN,NaN,NaN,99.9,147582.0,841.0,99.905,110735.0,8554.0,99.91,86180.0,8168.0,99.91,77490.0,12275.0,99.915,89649.0,15732.0,99.915,49640.0,5442.0,99.91,76999.0,22712.0,99.91,69094.0,19535.0,99.905,31726.0,1722.0,99.9,65503.0,2500.0,99.895,60018.0,2912.0,99.88,17742.0,1684.0,99.865,64659.0,2458.0,99.855,37088.0,4414.0,99.84,10770.0,1423.0,99.81,29921.0,1854.0,99.79,22960.0,610.0,99.75,5939.0,113.0,99.715,20126.0,557.0,99.695,6543.0,165.0,99.65,1097.0,NaN,99.62,1039.0,NaN,99.595,94.0,NaN,99.555,NaN,NaN,99.52,15.0,NaN,99.505,NaN,NaN,99.49,NaN,NaN,99.41,NaN,NaN,99.365,NaN,NaN,99.34,99.21,99.21,99.21,99.21,99.21,99.21,99.21,99.21,99.21,99.21,99.21,99.09,99.09,99.09,99.09,99.09,99.09,99.09,99.09,99.09,99.09,99.09,99.09,98.97,98.87,98.87,98.87,98.87,98.87,98.87,NaN,NaN,NaN,NaN,NaN
2021-07-23,NaN,NaN,NaN,NaN,NaN,NaN,NaN,NaN,NaN,NaN,NaN,NaN,NaN,NaN,NaN,NaN,NaN,NaN,99.9,147252.0,665.0,99.905,110461.0,335.0,99.91,86222.0,308.0,99.91,77503.0,97.0,99.915,90521.0,6004.0,99.915,50222.0,4430.0,99.91,75015.0,10587.0,99.91,69189.0,1079.0,99.905,31736.0,179.0,99.9,64936.0,1717.0,99.895,60080.0,474.0,99.88,18049.0,848.0,99.865,65253.0,5587.0,99.855,37956.0,4728.0,99.84,10799.0,510.0,99.81,29817.0,1120.0,99.79,22965.0,195.0,99.75,5940.0,32.0,99.72,20080.0,334.0,99.7,6528.0,351.0,99.655,1097.0,NaN,99.625,1039.0,NaN,99.6,94.0,NaN,99.56,NaN,NaN,99.52,15.0,NaN,99.505,NaN,NaN,99.49,NaN,NaN,99.41,NaN,NaN,99.365,NaN,NaN,99.34,99.21,99.21,99.21,99.21,99.21,99.21,99.21,99.21,99.21,99.21,99.21,99.09,99.09,99.09,99.09,99.09,99.09,99.09,99.09,99.09,99.09,99.09,99.09,98.97,98.87,98.87,98.87,98.87,98.87,98.87,NaN,NaN,NaN,NaN,NaN
2021-07-26,NaN,NaN,NaN,NaN,NaN,NaN,NaN,NaN,NaN,NaN,NaN,NaN,NaN,NaN,NaN,NaN,NaN,NaN,99.9025,146724.0,3142.0,99.91,108855.0,7820.0,99.91,90633.0,11287.0,99.91,78168.0,5128.0,99.915,91316.0,11306.0,99.915,48058.0,4835.0,99.91,75576.0,1881.0,99.91,69140.0,585.0,99.905,31739.0,42.0,99.9,65614.0,1821.0,99.895,59934.0,226.0,99.88,18075.0,546.0,99.865,65031.0,1450.0,99.855,37524.0,808.0,99.84,10867.0,745.0,99.81,29272.0,1072.0,99.79,23075.0,304.0,99.75,5957.0,208.0,99.715,20089.0,289.0,99.695,6485.0,110.0,99.65,1099.0,10.0,99.62,1039.0,18.0,99.595,96.0,10.0,99.555,2.0,10.0,99.515,18.0,18.0,99.5,NaN,NaN,99.485,NaN,NaN,99.405,NaN,NaN,99.36,NaN,NaN,99.335,99.205,99.205,99.205,99.205,99.205,99.205,99.205,99.205,99.205,99.205,99.205,99.085,99.085,99.085,99.085,99.085,99.085,99.085,99.085,99.085,99.085,99.085,99.085,98.965,98.865,98.865,98.865,98.865,98.865,98.865,NaN,NaN,NaN,NaN,NaN
2021-07-27,NaN,NaN,NaN,NaN,NaN,NaN,NaN,NaN,NaN,NaN,NaN,NaN,NaN,NaN,NaN,NaN,NaN,NaN,99.9,146696.0,93.0,99.905,108697.0,2349.0,99.91,90179.0,1181.0,99.91,77846.0,2068.0,99.915,93767.0,4636.0,99.915,47919.0,701.0,99.915,75523.0,211.0,99.915,69658.0,1715.0,99.91,32126.0,2218.0,99.905,65417.0,4917.0,99.9,58441.0,3965.0,99.885,17969.0,556.0,99.87,65030.0,2909.0,99.86,36604.0,7809.0,99.845,10623.0,2547.0,99.815,29101.0,1399.0,99.8,24448.0,2080.0,99.765,6148.0,1169.0,99.73,20537.0,981.0,99.71,6503.0,162.0,99.665,1097.0,6.0,99.635,1072.0,2.0,99.61,94.0,2.0,99.57,NaN,2.0,99.53,20.0,2.0,99.515,NaN,NaN,99.5,NaN,NaN,99.425,NaN,NaN,99.38,NaN,NaN,99.355,99.225,99.225,99.225,99.225,99.225,99.225,99.225,99.225,99.225,99.225,99.225,99.105,99.1,99.1,99.1,99.1,99.1,99.1,99.1,99.1,99.1,99.1,99.1,98.98,98.88,98.88,98.88,98.88,98.88,98.88,NaN,NaN,NaN,NaN,NaN
2021-07-28,NaN,NaN,NaN,NaN,NaN,NaN,NaN,NaN,NaN,NaN,NaN,NaN,NaN,NaN,NaN,NaN,NaN,NaN,99.9,144941.0,3135.0,99.905,108312.0,4431.0,99.91,89757.0,3350.0,99.91,77296.0,598.0,99.915,94732.0,3180.0,99.915,48976.0,2995.0,99.915,75383.0,864.0,99.915,69629.0,1400.0,99.91,32399.0,2188.0,99.905,65119.0,5802.0,99.9,60429.0,9729.0,99.88,17381.0,3858.0,99.865,66973.0,9631.0,99.855,37498.0,5373.0,99.84,10454.0,1826.0,99.805,29976.0,5005.0,99.785,23901.0,5001.0,99.745,6171.0,898.0,99.705,22282.0,3430.0,99.68,6994.0,748.0,99.635,1047.0,80.0,99.6,1039.0,7.0,99.575,94.0,NaN,99.535,NaN,NaN,99.495,15.0,7.0,99.48,NaN,NaN,99.465,NaN,NaN,99.39,NaN,NaN,99.345,NaN,NaN,99.32,99.19,99.19,99.19,99.19,99.19,99.19,99.19,99.19,99.19,99.19,99.19,99.07,99.065,99.065,99.065,99.065,99.065,99.065,99.065,99.065,99.065,99.065,99.065,98.945,98.845,98.845,98.845,98.845,98.845,98.845,NaN,NaN,NaN,NaN,NaN
2021-07-29,NaN,NaN,NaN,NaN,NaN,NaN,NaN,NaN,NaN,NaN,NaN,NaN,NaN,NaN,NaN,NaN,NaN,NaN,99.9,144554.0,2155.0,99.91,108799.0,3596.0,99.91,89624.0,3090.0,99.915,80062.0,16595.0,99.915,93726.0,12813.0,99.915,49128.0,9572.0,99.915,70305.0,16545.0,99.915,71530.0,14054.0,99.91,32100.0,1990.0,99.905,65832.0,8984.0,99.9,60274.0,2195.0,99.89,17381.0,2472.0,99.875,68653.0,6054.0,99.865,37569.0,1869.0,99.85,10762.0,1141.0,99.815,29945.0,1388.0,99.795,23902.0,1203.0,99.755,6435.0,349.0,99.72,22265.0,736.0,99.7,7094.0,105.0,99.655,1047.0,NaN,99.615,1039.0,2.0,99.59,94.0,2.0,99.56,NaN,NaN,99.52,15.0,NaN,99.505,NaN,NaN,99.49,NaN,NaN,99.415,NaN,NaN,99.37,NaN,NaN,99.345,99.215,99.215,99.215,99.215,99.215,99.215,99.215,99.215,99.215,99.215,99.215,99.095,99.09,99.09,99.09,99.09,99.09,99.09,99.09,99.09,99.09,99.09,99.09,98.97,98.87,98.87,98.87,98.87,98.87,98.87,NaN,NaN,NaN,NaN,NaN
2021-07-30,NaN,NaN,NaN,NaN,NaN,NaN,NaN,NaN,NaN,NaN,NaN,NaN,NaN,NaN,NaN,NaN,NaN,NaN,99.9,144492.0,284.0,99.91,109699.0,3060.0,99.91,90131.0,2489.0,99.915,83641.0,9580.0,99.915,93784.0,227.0,99.915,55201.0,6849.0,99.915,72475.0,5000.0,99.915,71233.0,1374.0,99.91,32071.0,784.0,99.91,64753.0,2814.0,99.905,59628.0,1493.0,99.895,17429.0,746.0,99.885,69586.0,2686.0,99.875,41794.0,7203.0,99.86,11259.0,1746.0,99.83,29672.0,1481.0,99.81,23925.0,1636.0,99.775,5651.0,1211.0,99.74,20723.0,2616.0,99.72,7301.0,290.0,99.675,1099.0,52.0,99.635,1039.0,6.0,99.61,96.0,4.0,99.58,NaN,NaN,99.54,15.0,NaN,99.525,NaN,NaN,99.51,NaN,NaN,99.435,NaN,NaN,99.39,NaN,NaN,99.365,99.235,99.235,99.235,99.235,99.235,99.235,99.235,99.235,99.235,99.235,99.235,99.115,99.11,99.11,99.11,99.11,99.11,99.11,99.11,99.11,99.11,99.11,99.11,98.99,98.89,98.89,98.89,98.89,98.89,98.89,98.89,NaN,NaN,NaN,NaN
2021-08-02,NaN,NaN,NaN,NaN,NaN,NaN,NaN,NaN,NaN,NaN,NaN,NaN,NaN,NaN,NaN,NaN,NaN,NaN,99.902,144492.0,NaN,99.9075,112977.0,20814.0,99.91,90426.0,1275.0,99.915,80553.0,7968.0,99.915,94061.0,682.0,99.915,56083.0,1829.0,99.915,72594.0,3642.0,99.915,71430.0,2181.0,99.91,32486.0,3223.0,99.91,64234.0,1807.0,99.91,58721.0,3089.0,99.9,17486.0,1375.0,99.89,68597.0,3698.0,99.88,42122.0,2092.0,99.87,11454.0,978.0,99.845,29648.0,1196.0,99.825,23892.0,872.0,99.79,5594.0,491.0,99.76,20731.0,898.0,99.74,7303.0,136.0,99.695,1099.0,8.0,99.66,1039.0,NaN,99.635,96.0,NaN,99.605,NaN,NaN,99.565,15.0,NaN,99.55,NaN,NaN,99.535,NaN,NaN,99.46,NaN,NaN,99.415,NaN,NaN,99.39,99.26,99.26,99.26,99.26,99.26,99.26,99.26,99.26,99.26,99.26,99.26,99.14,99.135,99.135,99.135,99.135,99.135,99.135,99.135,99.135,99.135,99.135,99.135,99.015,98.915,98.915,98.915,98.915,98.915,98.915,98.915,NaN,NaN,NaN,NaN
2021-08-03,NaN,NaN,NaN,NaN,NaN,NaN,NaN,NaN,NaN,NaN,NaN,NaN,NaN,NaN,NaN,NaN,NaN,NaN,NaN,NaN,NaN,99.905,114317.0,3176.0,99.91,89549.0,5825.0,99.915,80704.0,1022.0,99.92,94061.0,1415.0,99.92,55792.0,598.0,99.92,77845.0,17286.0,99.92,71098.0,810.0,99.915,32624.0,4409.0,99.915,63094.0,3352.0,99.915,60901.0,5301.0,99.905,18392.0,1391.0,99.895,69844.0,6820.0,99.885,42645.0,2419.0,99.87,11681.0,771.0,99.845,29732.0,1939.0,99.83,24182.0,1583.0,99.795,5479.0,490.0,99.765,20865.0,973.0,99.745,7418.0,224.0,99.7,1101.0,14.0,99.67,1040.0,31.0,99.65,110.0,15.0,99.62,NaN,NaN,99.58,15.0,NaN,99.565,NaN,NaN,99.55,NaN,NaN,99.475,NaN,NaN,99.43,NaN,NaN,99.405,99.275,99.275,99.275,99.275,99.275,99.275,99.275,99.275,99.275,99.275,99.275,99.155,99.15,99.15,99.15,99.15,99.15,99.15,99.15,99.15,99.15,99.15,99.15,99.03,98.93,98.93,98.93,98.93,98.93,98.93,98.93,NaN,NaN,NaN,NaN
2021-08-04,NaN,NaN,NaN,NaN,NaN,NaN,NaN,NaN,NaN,NaN,NaN,NaN,NaN,NaN,NaN,NaN,NaN,NaN,NaN,NaN,NaN,99.905,118390.0,5883.0,99.91,88325.0,3765.0,99.915,81294.0,1238.0,99.92,93263.0,892.0,99.92,52230.0,3598.0,99.92,75666.0,8269.0,99.92,72827.0,7440.0,99.915,33430.0,2110.0,99.915,63100.0,6880.0,99.91,61195.0,5494.0,99.9,18382.0,2673.0,99.89,68650.0,4624.0,99.88,44511.0,8429.0,99.865,12875.0,4464.0,99.835,32079.0,9087.0,99.815,26104.0,8630.0,99.775,5433.0,378.0,99.74,21196.0,2856.0,99.72,7495.0,407.0,99.675,1100.0,28.0,99.645,1068.0,45.0,99.625,119.0,14.0,99.595,5.0,5.0,99.555,20.0,5.0,99.535,5.0,5.0,99.52,NaN,NaN,99.445,NaN,NaN,99.4,NaN,NaN,99.375,99.245,99.245,99.245,99.245,99.245,99.245,99.245,99.245,99.245,99.245,99.245,99.125,99.12,99.12,99.12,99.12,99.12,99.12,99.12,99.12,99.12,99.12,99.12,99.0,98.9,98.9,98.9,98.9,98.9,98.9,98.9,NaN,NaN,NaN,NaN
2021-08-05,NaN,NaN,NaN,NaN,NaN,NaN,NaN,NaN,NaN,NaN,NaN,NaN,NaN,NaN,NaN,NaN,NaN,NaN,NaN,NaN,NaN,99.9025,118469.0,9152.0,99.905,88676.0,1401.0,99.91,81785.0,2929.0,99.915,90457.0,8496.0,99.915,52096.0,490.0,99.915,77586.0,5792.0,99.915,72940.0,4174.0,99.91,33593.0,2350.0,99.905,62351.0,3359.0,99.905,59854.0,2398.0,99.895,18620.0,2576.0,99.88,67535.0,2732.0,99.865,46038.0,5783.0,99.85,12769.0,1619.0,99.815,31504.0,3565.0,99.795,26153.0,1785.0,99.755,5387.0,319.0,99.72,19483.0,3711.0,99.695,7496.0,586.0,99.65,1096.0,14.0,99.615,1087.0,62.0,99.59,147.0,14.0,99.56,5.0,5.0,99.52,27.0,33.0,99.5,5.0,11.0,99.485,NaN,NaN,99.41,NaN,NaN,99.365,NaN,NaN,99.34,99.21,99.21,99.21,99.21,99.21,99.21,99.21,99.21,99.21,99.21,99.21,99.09,99.085,99.085,99.085,99.085,99.085,99.085,99.085,99.085,99.085,99.085,99.085,98.965,98.865,98.865,98.865,98.865,98.865,98.865,98.865,NaN,NaN,NaN,NaN
2021-08-06,NaN,NaN,NaN,NaN,NaN,NaN,NaN,NaN,NaN,NaN,NaN,NaN,NaN,NaN,NaN,NaN,NaN,NaN,NaN,NaN,NaN,99.9025,118184.0,2567.0,99.905,88642.0,848.0,99.91,81366.0,5939.0,99.915,93564.0,9448.0,99.915,52440.0,1224.0,99.915,77612.0,275.0,99.915,76847.0,9364.0,99.91,33488.0,3792.0,99.905,62594.0,2990.0,99.9,59596.0,3407.0,99.885,19712.0,3645.0,99.87,68657.0,7030.0,99.86,45518.0,9630.0,99.84,13043.0,861.0,99.805,33410.0,6167.0,99.785,26162.0,1674.0,99.74,5407.0,489.0,99.695,19320.0,1510.0,99.67,7391.0,325.0,99.62,1078.0,81.0,99.575,1078.0,43.0,99.55,135.0,15.0,99.52,5.0,NaN,99.47,27.0,NaN,99.45,5.0,NaN,99.435,NaN,NaN,99.36,NaN,NaN,99.315,NaN,NaN,99.29,99.16,99.16,99.16,99.16,99.16,99.16,99.16,99.16,99.16,99.16,99.16,99.04,99.035,99.035,99.035,99.035,99.035,99.035,99.035,99.035,99.035,99.035,99.035,98.915,98.815,98.815,98.815,98.815,98.815,98.815,98.815,NaN,NaN,NaN,NaN
2021-08-09,NaN,NaN,NaN,NaN,NaN,NaN,NaN,NaN,NaN,NaN,NaN,NaN,NaN,NaN,NaN,NaN,NaN,NaN,NaN,NaN,NaN,99.9025,118314.0,432.0,99.905,88626.0,327.0,99.91,81260.0,2056.0,99.915,93593.0,178.0,99.915,51750.0,1572.0,99.915,77757.0,1532.0,99.915,78015.0,3894.0,99.91,33750.0,484.0,99.905,62967.0,2668.0,99.9,59395.0,2518.0,99.89,19620.0,1640.0,99.875,67887.0,4711.0,99.86,44832.0,2289.0,99.84,13210.0,943.0,99.805,34743.0,3777.0,99.78,27711.0,5164.0,99.735,5555.0,585.0,99.69,19542.0,1152.0,99.66,7426.0,464.0,99.61,1095.0,17.0,99.565,1080.0,8.0,99.54,135.0,1.0,99.51,5.0,NaN,99.455,27.0,NaN,99.435,5.0,NaN,99.42,NaN,NaN,99.345,NaN,NaN,99.3,NaN,NaN,99.275,99.145,99.145,99.145,99.145,99.145,99.145,99.145,99.145,99.145,99.145,99.145,99.025,99.02,99.02,99.02,99.02,99.02,99.02,99.02,99.02,99.02,99.02,99.02,98.9,98.8,98.8,98.8,98.8,98.8,98.8,98.8,NaN,NaN,NaN,NaN
2021-08-10,NaN,NaN,NaN,NaN,NaN,NaN,NaN,NaN,NaN,NaN,NaN,NaN,NaN,NaN,NaN,NaN,NaN,NaN,NaN,NaN,NaN,99.9025,116961.0,3331.0,99.905,88068.0,3054.0,99.91,82097.0,2796.0,99.915,92895.0,1510.0,99.915,51057.0,3418.0,99.915,78706.0,4400.0,99.91,78300.0,2355.0,99.905,33826.0,1539.0,99.9,62161.0,1645.0,99.895,59607.0,2083.0,99.88,20378.0,4467.0,99.86,68487.0,7091.0,99.845,46710.0,8800.0,99.825,13740.0,1650.0,99.785,34819.0,2439.0,99.76,27072.0,1517.0,99.715,5633.0,288.0,99.67,19243.0,1085.0,99.635,7414.0,100.0,99.58,1092.0,4.0,99.535,1085.0,12.0,99.505,138.0,4.0,99.47,5.0,NaN,99.415,27.0,NaN,99.39,5.0,NaN,99.375,NaN,NaN,99.3,NaN,NaN,99.255,NaN,NaN,99.3,99.17,99.17,99.17,99.17,99.17,99.17,99.17,99.17,99.17,99.17,99.17,99.05,99.045,99.045,99.045,99.045,99.045,99.045,99.045,99.045,99.045,99.045,99.045,98.925,98.825,98.825,98.825,98.825,98.825,98.825,98.825,NaN,NaN,NaN,NaN
2021-08-11,NaN,NaN,NaN,NaN,NaN,NaN,NaN,NaN,NaN,NaN,NaN,NaN,NaN,NaN,NaN,NaN,NaN,NaN,NaN,NaN,NaN,99.9025,114971.0,6169.0,99.905,88305.0,1409.0,99.91,82351.0,2186.0,99.915,92647.0,2815.0,99.915,53519.0,5750.0,99.915,78099.0,3559.0,99.915,78201.0,489.0,99.91,34945.0,2977.0,99.905,61805.0,1634.0,99.9,59022.0,2077.0,99.885,20083.0,2013.0,99.87,68450.0,5486.0,99.86,47306.0,5519.0,99.84,13795.0,2026.0,99.8,36025.0,5742.0,99.775,26001.0,2387.0,99.73,6014.0,843.0,99.69,18120.0,2058.0,99.66,7536.0,610.0,99.605,1090.0,87.0,99.56,1141.0,368.0,99.53,373.0,357.0,99.495,5.0,NaN,99.44,26.0,1.0,99.415,5.0,1.0,99.4,NaN,NaN,99.325,NaN,NaN,99.28,NaN,NaN,99.325,99.195,99.195,99.195,99.195,99.195,99.195,99.195,99.195,99.195,99.195,99.195,99.075,99.07,99.07,99.07,99.07,99.07,99.07,99.07,99.07,99.07,99.07,99.07,98.95,98.85,98.85,98.85,98.85,98.85,98.85,98.85,NaN,NaN,NaN,NaN
2021-08-12,NaN,NaN,NaN,NaN,NaN,NaN,NaN,NaN,NaN,NaN,NaN,NaN,NaN,NaN,NaN,NaN,NaN,NaN,NaN,NaN,NaN,99.9025,115109.0,663.0,99.905,89471.0,1514.0,99.91,81941.0,1151.0,99.915,94013.0,1847.0,99.915,53390.0,476.0,99.915,78360.0,2284.0,99.91,78192.0,139.0,99.905,34941.0,13.0,99.905,62745.0,2479.0,99.9,59947.0,3282.0,99.885,19694.0,1680.0,99.865,69010.0,3953.0,99.855,47479.0,1128.0,99.835,13992.0,620.0,99.795,35774.0,1611.0,99.77,26229.0,1089.0,99.725,5996.0,131.0,99.68,18045.0,468.0,99.65,7541.0,114.0,99.595,1081.0,16.0,99.55,1194.0,53.0,99.515,382.0,12.0,99.48,5.0,NaN,99.425,26.0,NaN,99.395,5.0,NaN,99.38,NaN,NaN,99.305,NaN,NaN,99.26,NaN,NaN,99.31,99.18,99.18,99.18,99.18,99.18,99.18,99.18,99.18,99.18,99.18,99.18,99.06,99.055,99.055,99.055,99.055,99.055,99.055,99.055,99.055,99.055,99.055,99.055,98.935,98.835,98.835,98.835,98.835,98.835,98.835,98.835,NaN,NaN,NaN,NaN
2021-08-13,NaN,NaN,NaN,NaN,NaN,NaN,NaN,NaN,NaN,NaN,NaN,NaN,NaN,NaN,NaN,NaN,NaN,NaN,NaN,NaN,NaN,99.9025,113798.0,4817.0,99.905,92457.0,4856.0,99.91,82776.0,1576.0,99.915,93529.0,1283.0,99.915,53345.0,142.0,99.915,77478.0,2116.0,99.91,78671.0,851.0,99.905,34953.0,176.0,99.905,64665.0,3098.0,99.9,60729.0,2868.0,99.885,19068.0,916.0,99.87,69054.0,1677.0,99.86,47455.0,1150.0,99.84,13984.0,665.0,99.8,37310.0,2957.0,99.775,25635.0,1575.0,99.73,5987.0,65.0,99.69,18038.0,539.0,99.66,7554.0,238.0,99.605,1083.0,4.0,99.56,1232.0,40.0,99.525,383.0,2.0,99.49,5.0,NaN,99.44,26.0,NaN,99.41,5.0,NaN,99.395,NaN,NaN,99.32,NaN,NaN,99.275,NaN,NaN,99.325,99.195,99.195,99.195,99.195,99.195,99.195,99.195,99.195,99.195,99.195,99.195,99.075,99.07,99.07,99.07,99.07,99.07,99.07,99.07,99.07,99.07,99.07,99.07,98.95,98.85,98.85,98.85,98.85,98.85,98.85,98.85,NaN,NaN,NaN,NaN
2021-08-16,NaN,NaN,NaN,NaN,NaN,NaN,NaN,NaN,NaN,NaN,NaN,NaN,NaN,NaN,NaN,NaN,NaN,NaN,NaN,NaN,NaN,99.9025,113339.0,2460.0,99.905,92921.0,5195.0,99.905,84613.0,3272.0,99.91,93428.0,377.0,99.91,53302.0,93.0,99.91,78566.0,1461.0,99.91,78584.0,296.0,99.905,34879.0,101.0,99.9,64578.0,1573.0,99.895,60694.0,2359.0,99.885,19666.0,1278.0,99.87,68472.0,4394.0,99.86,47897.0,2092.0,99.845,14112.0,1585.0,99.81,34641.0,6063.0,99.785,26199.0,1948.0,99.745,5997.0,197.0,99.705,18840.0,1423.0,99.675,7740.0,183.0,99.625,1087.0,42.0,99.58,1235.0,45.0,99.55,391.0,16.0,99.515,5.0,NaN,99.47,26.0,NaN,99.44,5.0,NaN,99.425,NaN,NaN,99.355,NaN,NaN,99.31,NaN,NaN,99.36,99.23,99.23,99.23,99.23,99.23,99.23,99.23,99.23,99.23,99.23,99.23,99.11,99.1,99.1,99.1,99.1,99.1,99.1,99.1,99.1,99.1,99.1,99.1,98.98,98.88,98.88,98.88,98.88,98.88,98.88,98.88,NaN,NaN,NaN,NaN
2021-08-17,NaN,NaN,NaN,NaN,NaN,NaN,NaN,NaN,NaN,NaN,NaN,NaN,NaN,NaN,NaN,NaN,NaN,NaN,NaN,NaN,NaN,99.905,113429.0,106.0,99.905,93020.0,1049.0,99.91,84727.0,494.0,99.915,95783.0,3886.0,99.915,53102.0,724.0,99.915,78443.0,1900.0,99.91,78496.0,321.0,99.905,34832.0,242.0,99.905,64715.0,875.0,99.9,60186.0,1409.0,99.885,19772.0,884.0,99.87,69639.0,5913.0,99.86,50942.0,9799.0,99.84,14067.0,1046.0,99.805,35424.0,3957.0,99.78,27066.0,2845.0,99.735,5996.0,115.0,99.69,19865.0,2348.0,99.66,7412.0,232.0,99.61,1073.0,48.0,99.565,1261.0,93.0,99.535,391.0,62.0,99.5,5.0,NaN,99.455,35.0,34.0,99.425,10.0,6.0,99.41,NaN,NaN,99.34,NaN,NaN,99.295,NaN,NaN,99.345,99.215,99.215,99.215,99.215,99.215,99.215,99.215,99.215,99.215,99.215,99.215,99.095,99.085,99.085,99.085,99.085,99.085,99.085,99.085,99.085,99.085,99.085,99.085,98.965,98.865,98.865,98.865,98.865,98.865,98.865,98.865,NaN,NaN,NaN,NaN
2021-08-18,NaN,NaN,NaN,NaN,NaN,NaN,NaN,NaN,NaN,NaN,NaN,NaN,NaN,NaN,NaN,NaN,NaN,NaN,NaN,NaN,NaN,99.9025,113385.0,224.0,99.905,93772.0,3024.0,99.91,86822.0,4666.0,99.915,95427.0,4681.0,99.915,54491.0,5271.0,99.915,78330.0,1647.0,99.91,78420.0,435.0,99.905,34903.0,463.0,99.905,65054.0,6383.0,99.9,61972.0,6941.0,99.89,21057.0,3733.0,99.875,74115.0,13647.0,99.86,53912.0,9407.0,99.84,14606.0,2205.0,99.8,36615.0,5163.0,99.775,27640.0,2237.0,99.73,5998.0,600.0,99.69,19645.0,2693.0,99.66,7415.0,1347.0,99.61,1047.0,76.0,99.565,1286.0,179.0,99.535,419.0,65.0,99.5,5.0,10.0,99.455,35.0,10.0,99.425,13.0,10.0,99.41,NaN,NaN,99.34,NaN,NaN,99.295,NaN,NaN,99.345,99.215,99.215,99.215,99.215,99.215,99.215,99.215,99.215,99.215,99.215,99.215,99.095,99.085,99.085,99.085,99.085,99.085,99.085,99.085,99.085,99.085,99.085,99.085,98.965,98.865,98.865,98.865,98.865,98.865,98.865,98.865,NaN,NaN,NaN,NaN
2021-08-19,NaN,NaN,NaN,NaN,NaN,NaN,NaN,NaN,NaN,NaN,NaN,NaN,NaN,NaN,NaN,NaN,NaN,NaN,NaN,NaN,NaN,99.905,119925.0,36632.0,99.91,93331.0,24015.0,99.915,81724.0,8798.0,99.915,94083.0,3630.0,99.915,56249.0,13966.0,99.915,84630.0,13582.0,99.915,84873.0,12316.0,99.91,35856.0,5529.0,99.91,64887.0,2014.0,99.905,61547.0,3895.0,99.895,21403.0,2064.0,99.88,73969.0,2519.0,99.865,53399.0,3512.0,99.845,15251.0,1891.0,99.805,36769.0,1590.0,99.78,27358.0,1658.0,99.735,6076.0,425.0,99.695,20058.0,2064.0,99.665,7774.0,823.0,99.615,1047.0,NaN,99.57,1286.0,9.0,99.54,428.0,9.0,99.505,5.0,NaN,99.46,35.0,NaN,99.43,13.0,NaN,99.415,NaN,NaN,99.345,NaN,NaN,99.3,NaN,NaN,99.35,99.22,99.22,99.22,99.22,99.22,99.22,99.22,99.22,99.22,99.22,99.22,99.1,99.09,99.09,99.09,99.09,99.09,99.09,99.09,99.09,99.09,99.09,99.09,98.97,98.87,98.87,98.87,98.87,98.87,98.87,98.87,NaN,NaN,NaN,NaN
2021-08-20,NaN,NaN,NaN,NaN,NaN,NaN,NaN,NaN,NaN,NaN,NaN,NaN,NaN,NaN,NaN,NaN,NaN,NaN,NaN,NaN,NaN,99.905,119946.0,1920.0,99.91,92428.0,2920.0,99.915,81656.0,453.0,99.915,94086.0,112.0,99.915,54763.0,3908.0,99.915,84998.0,540.0,99.91,84950.0,327.0,99.905,36161.0,1005.0,99.905,64968.0,199.0,99.9,61610.0,1213.0,99.89,21445.0,652.0,99.875,74962.0,1493.0,99.86,53363.0,274.0,99.84,15201.0,302.0,99.805,36660.0,1092.0,99.78,26918.0,1246.0,99.73,6080.0,141.0,99.69,19415.0,1794.0,99.66,7851.0,124.0,99.61,1026.0,21.0,99.565,1286.0,2.0,99.535,428.0,2.0,99.5,5.0,NaN,99.455,35.0,NaN,99.425,13.0,NaN,99.41,NaN,NaN,99.34,NaN,NaN,99.295,NaN,NaN,99.345,99.215,99.215,99.215,99.215,99.215,99.215,99.215,99.215,99.215,99.215,99.215,99.095,99.085,99.085,99.085,99.085,99.085,99.085,99.085,99.085,99.085,99.085,99.085,98.965,98.865,98.865,98.865,98.865,98.865,98.865,98.865,NaN,NaN,NaN,NaN
2021-08-23,NaN,NaN,NaN,NaN,NaN,NaN,NaN,NaN,NaN,NaN,NaN,NaN,NaN,NaN,NaN,NaN,NaN,NaN,NaN,NaN,NaN,99.905,121550.0,3741.0,99.91,92989.0,4564.0,99.915,82086.0,1714.0,99.915,92593.0,3042.0,99.915,52564.0,4785.0,99.915,85323.0,13959.0,99.915,84892.0,303.0,99.91,36711.0,1304.0,99.91,66104.0,3440.0,99.905,64310.0,5069.0,99.895,22849.0,1803.0,99.88,78021.0,4798.0,99.865,53511.0,1151.0,99.845,15275.0,515.0,99.805,36465.0,969.0,99.78,27480.0,2141.0,99.735,6029.0,106.0,99.695,21177.0,2973.0,99.665,7850.0,122.0,99.615,1027.0,9.0,99.57,1286.0,NaN,99.54,428.0,NaN,99.495,5.0,NaN,99.45,35.0,NaN,99.42,13.0,NaN,99.405,NaN,NaN,99.335,NaN,NaN,99.29,NaN,NaN,99.34,99.21,99.21,99.21,99.21,99.21,99.21,99.21,99.21,99.21,99.21,99.21,99.09,99.08,99.08,99.08,99.08,99.08,99.08,99.08,99.08,99.08,99.08,99.08,98.96,98.86,98.86,98.86,98.86,98.86,98.86,98.86,NaN,NaN,NaN,NaN
2021-08-24,NaN,NaN,NaN,NaN,NaN,NaN,NaN,NaN,NaN,NaN,NaN,NaN,NaN,NaN,NaN,NaN,NaN,NaN,NaN,NaN,NaN,99.905,120478.0,2312.0,99.91,89916.0,9550.0,99.91,82121.0,846.0,99.91,91956.0,1888.0,99.91,52252.0,1795.0,99.91,84297.0,1484.0,99.91,84015.0,1868.0,99.905,37297.0,1354.0,99.905,67109.0,3038.0,99.9,64135.0,452.0,99.89,22718.0,1067.0,99.875,78052.0,284.0,99.86,53205.0,2031.0,99.84,15322.0,127.0,99.8,36485.0,225.0,99.775,27351.0,760.0,99.73,6028.0,25.0,99.69,21145.0,781.0,99.66,7827.0,26.0,99.61,1027.0,NaN,99.565,1300.0,14.0,99.535,428.0,4.0,99.49,6.0,1.0,99.445,35.0,NaN,99.415,13.0,NaN,99.4,NaN,NaN,99.33,NaN,NaN,99.285,NaN,NaN,99.335,99.205,99.205,99.205,99.205,99.205,99.205,99.205,99.205,99.205,99.205,99.205,99.085,99.075,99.075,99.075,99.075,99.075,99.075,99.075,99.075,99.075,99.075,99.075,98.955,98.855,98.855,98.855,98.855,98.855,98.855,98.855,NaN,NaN,NaN,NaN
2021-08-25,NaN,NaN,NaN,NaN,NaN,NaN,NaN,NaN,NaN,NaN,NaN,NaN,NaN,NaN,NaN,NaN,NaN,NaN,NaN,NaN,NaN,99.905,119691.0,2405.0,99.91,89565.0,4370.0,99.915,82108.0,797.0,99.915,92002.0,922.0,99.915,52566.0,1914.0,99.915,84260.0,134.0,99.91,84524.0,862.0,99.905,37294.0,36.0,99.905,66904.0,2593.0,99.9,64143.0,738.0,99.89,22989.0,992.0,99.875,78020.0,198.0,99.86,53290.0,1087.0,99.84,15368.0,347.0,99.8,36594.0,2284.0,99.775,27372.0,1977.0,99.725,6133.0,153.0,99.685,21338.0,3203.0,99.655,7768.0,251.0,99.605,1028.0,3.0,99.56,1302.0,12.0,99.53,428.0,8.0,99.485,5.0,3.0,99.44,35.0,3.0,99.41,10.0,3.0,99.395,NaN,NaN,99.325,NaN,NaN,99.28,NaN,NaN,99.33,99.2,99.2,99.2,99.2,99.2,99.2,99.2,99.2,99.2,99.2,99.2,99.08,99.07,99.07,99.07,99.07,99.07,99.07,99.07,99.07,99.07,99.07,99.07,98.95,98.85,98.85,98.85,98.85,98.85,98.85,98.85,NaN,NaN,NaN,NaN
2021-08-26,NaN,NaN,NaN,NaN,NaN,NaN,NaN,NaN,NaN,NaN,NaN,NaN,NaN,NaN,NaN,NaN,NaN,NaN,NaN,NaN,NaN,99.905,119591.0,1828.0,99.91,89544.0,1431.0,99.915,83546.0,3083.0,99.915,91896.0,6898.0,99.915,55378.0,4681.0,99.915,84284.0,2078.0,99.91,84454.0,796.0,99.905,37220.0,224.0,99.905,67124.0,1625.0,99.9,64212.0,638.0,99.89,22341.0,2961.0,99.875,77420.0,2521.0,99.86,51540.0,4886.0,99.84,15387.0,587.0,99.8,36834.0,4674.0,99.775,26856.0,2956.0,99.725,6148.0,97.0,99.685,21578.0,1476.0,99.655,7856.0,357.0,99.605,1028.0,NaN,99.56,1302.0,NaN,99.53,428.0,NaN,99.48,5.0,NaN,99.435,35.0,NaN,99.405,10.0,NaN,99.39,NaN,NaN,99.32,NaN,NaN,99.275,NaN,NaN,99.325,99.195,99.195,99.195,99.195,99.195,99.195,99.195,99.195,99.195,99.195,99.195,99.075,99.065,99.065,99.065,99.065,99.065,99.065,99.065,99.065,99.065,99.065,99.065,98.945,98.845,98.845,98.845,98.845,98.845,98.845,98.845,NaN,NaN,NaN,NaN
2021-08-27,NaN,NaN,NaN,NaN,NaN,NaN,NaN,NaN,NaN,NaN,NaN,NaN,NaN,NaN,NaN,NaN,NaN,NaN,NaN,NaN,NaN,99.905,119592.0,2639.0,99.915,89274.0,19224.0,99.92,86593.0,15689.0,99.915,91670.0,18096.0,99.915,56352.0,5559.0,99.915,83473.0,10480.0,99.915,84070.0,8015.0,99.91,37421.0,3743.0,99.91,66600.0,9333.0,99.91,65840.0,10874.0,99.9,25157.0,7475.0,99.89,79679.0,18195.0,99.875,53236.0,4525.0,99.855,15007.0,1816.0,99.82,39374.0,10266.0,99.795,28369.0,10286.0,99.75,6246.0,424.0,99.71,21272.0,2727.0,99.68,8161.0,397.0,99.63,1029.0,10.0,99.585,1307.0,10.0,99.555,428.0,6.0,99.505,5.0,1.0,99.46,35.0,NaN,99.43,10.0,NaN,99.415,NaN,NaN,99.345,NaN,NaN,99.3,NaN,NaN,99.35,99.22,99.22,99.22,99.22,99.22,99.22,99.22,99.22,99.22,99.22,99.22,99.1,99.09,99.09,99.09,99.09,99.09,99.09,99.09,99.09,99.09,99.09,99.09,98.97,98.87,98.87,98.87,98.87,98.87,98.87,98.87,NaN,NaN,NaN,NaN
2021-08-30,NaN,NaN,NaN,NaN,NaN,NaN,NaN,NaN,NaN,NaN,NaN,NaN,NaN,NaN,NaN,NaN,NaN,NaN,NaN,NaN,NaN,99.9075,116939.0,10449.0,99.92,88391.0,9464.0,99.925,86511.0,2205.0,99.92,95226.0,7087.0,99.92,58075.0,4632.0,99.92,84228.0,1311.0,99.92,84151.0,219.0,99.915,37343.0,597.0,99.915,66281.0,2178.0,99.915,66431.0,3427.0,99.905,25283.0,513.0,99.895,79719.0,693.0,99.88,53240.0,1261.0,99.865,15106.0,202.0,99.83,39358.0,893.0,99.805,27805.0,1700.0,99.76,6242.0,256.0,99.72,21673.0,1049.0,99.695,8317.0,206.0,99.645,1029.0,8.0,99.605,1307.0,NaN,99.575,428.0,NaN,99.525,5.0,NaN,99.48,35.0,NaN,99.45,10.0,NaN,99.435,NaN,NaN,99.365,NaN,NaN,99.32,NaN,NaN,99.37,99.23,99.23,99.23,99.23,99.23,99.23,99.23,99.23,99.23,99.23,99.23,99.11,99.1,99.1,99.1,99.1,99.1,99.1,99.1,99.1,99.1,99.1,99.1,98.98,98.88,98.88,98.88,98.88,98.88,98.88,98.88,NaN,NaN,NaN,NaN
2021-08-31,NaN,NaN,NaN,NaN,NaN,NaN,NaN,NaN,NaN,NaN,NaN,NaN,NaN,NaN,NaN,NaN,NaN,NaN,NaN,NaN,NaN,99.9075,113957.0,4866.0,99.92,86070.0,8640.0,99.925,87535.0,3685.0,99.92,95520.0,2105.0,99.92,57683.0,4209.0,99.92,86008.0,11684.0,99.92,83727.0,984.0,99.915,37426.0,143.0,99.915,66221.0,1533.0,99.915,68563.0,5411.0,99.905,24140.0,3105.0,99.895,80739.0,2609.0,99.88,53830.0,1155.0,99.865,14969.0,1617.0,99.83,39912.0,2307.0,99.805,27934.0,1986.0,99.765,7292.0,1317.0,99.725,22184.0,1190.0,99.7,8513.0,527.0,99.65,1034.0,36.0,99.61,1295.0,201.0,99.58,431.0,44.0,99.53,10.0,8.0,99.49,36.0,1.0,99.46,10.0,NaN,99.445,NaN,NaN,99.375,NaN,NaN,99.33,NaN,NaN,99.38,99.235,99.235,99.235,99.235,99.235,99.235,99.235,99.235,99.235,99.235,99.235,99.115,99.1,99.1,99.1,99.1,99.1,99.1,99.1,99.1,99.1,99.1,99.1,98.98,98.88,98.88,98.88,98.88,98.88,98.88,98.88,98.8,NaN,NaN,NaN
2021-09-01,NaN,NaN,NaN,NaN,NaN,NaN,NaN,NaN,NaN,NaN,NaN,NaN,NaN,NaN,NaN,NaN,NaN,NaN,NaN,NaN,NaN,99.908,113957.0,NaN,99.92,93364.0,23042.0,99.925,87881.0,3646.0,99.92,96210.0,2206.0,99.92,57074.0,7202.0,99.92,85169.0,9034.0,99.92,83736.0,1264.0,99.915,39085.0,3173.0,99.915,65351.0,1875.0,99.915,69219.0,1133.0,99.905,24910.0,1334.0,99.89,81015.0,2381.0,99.875,53884.0,815.0,99.86,17918.0,4978.0,99.83,40076.0,2063.0,99.805,28067.0,1077.0,99.765,7364.0,374.0,99.725,22287.0,1810.0,99.7,8560.0,283.0,99.65,1053.0,34.0,99.61,1303.0,92.0,99.58,436.0,14.0,99.53,12.0,2.0,99.49,36.0,NaN,99.46,10.0,NaN,99.445,NaN,NaN,99.375,NaN,NaN,99.33,NaN,NaN,99.38,99.235,99.235,99.235,99.235,99.235,99.235,99.235,99.235,99.235,99.235,99.235,99.115,99.1,99.1,99.1,99.1,99.1,99.1,99.1,99.1,99.1,99.1,99.1,98.98,98.88,98.88,98.88,98.88,98.88,98.88,98.88,98.8,NaN,NaN,NaN
2021-09-02,NaN,NaN,NaN,NaN,NaN,NaN,NaN,NaN,NaN,NaN,NaN,NaN,NaN,NaN,NaN,NaN,NaN,NaN,NaN,NaN,NaN,NaN,NaN,NaN,99.92,91934.0,1880.0,99.925,91066.0,6804.0,99.92,95571.0,940.0,99.92,62023.0,6585.0,99.92,90820.0,10274.0,99.92,84487.0,1716.0,99.915,39351.0,390.0,99.915,65135.0,357.0,99.915,70502.0,3241.0,99.905,24988.0,385.0,99.895,81133.0,766.0,99.875,54746.0,2208.0,99.86,17958.0,807.0,99.83,39754.0,1555.0,99.81,27384.0,1498.0,99.77,7418.0,336.0,99.73,22069.0,440.0,99.705,8581.0,191.0,99.655,1063.0,27.0,99.615,1312.0,167.0,99.585,442.0,17.0,99.535,15.0,12.0,99.495,43.0,11.0,99.465,17.0,11.0,99.45,10.0,10.0,99.38,NaN,NaN,99.335,NaN,NaN,99.385,99.235,99.235,99.235,99.235,99.235,99.235,99.235,99.235,99.235,99.235,99.235,99.115,99.1,99.1,99.1,99.1,99.1,99.1,99.1,99.1,99.1,99.1,99.1,98.98,98.88,98.88,98.88,98.88,98.88,98.88,98.88,98.8,NaN,NaN,NaN
2021-09-03,NaN,NaN,NaN,NaN,NaN,NaN,NaN,NaN,NaN,NaN,NaN,NaN,NaN,NaN,NaN,NaN,NaN,NaN,NaN,NaN,NaN,NaN,NaN,NaN,99.925,94990.0,8677.0,99.93,92139.0,4155.0,99.925,90399.0,16735.0,99.925,63043.0,5069.0,99.925,90362.0,1949.0,99.92,86674.0,5393.0,99.92,38423.0,3395.0,99.92,65097.0,8402.0,99.92,70921.0,4549.0,99.91,24866.0,3263.0,99.9,81929.0,16938.0,99.885,57692.0,9215.0,99.87,18397.0,3800.0,99.84,40329.0,2742.0,99.82,27998.0,988.0,99.78,7820.0,720.0,99.74,23768.0,4347.0,99.715,8928.0,924.0,99.67,1063.0,3.0,99.63,1348.0,176.0,99.6,508.0,68.0,99.55,18.0,3.0,99.51,43.0,NaN,99.48,17.0,NaN,99.465,10.0,NaN,99.395,NaN,NaN,99.35,NaN,NaN,99.4,99.235,99.235,99.235,99.235,99.235,99.235,99.235,99.235,99.235,99.235,99.235,99.115,99.1,99.1,99.1,99.1,99.1,99.1,99.1,99.1,99.1,99.1,99.1,98.98,98.88,98.88,98.88,98.88,98.88,98.88,98.88,98.8,NaN,NaN,NaN
2021-09-07,NaN,NaN,NaN,NaN,NaN,NaN,NaN,NaN,NaN,NaN,NaN,NaN,NaN,NaN,NaN,NaN,NaN,NaN,NaN,NaN,NaN,NaN,NaN,NaN,99.925,94955.0,2448.0,99.93,91912.0,1576.0,99.925,92579.0,10554.0,99.925,64168.0,1972.0,99.925,90635.0,3154.0,99.92,88767.0,5772.0,99.92,38423.0,2308.0,99.92,63632.0,3982.0,99.915,71748.0,1517.0,99.905,24284.0,1338.0,99.895,81352.0,2628.0,99.88,60527.0,4424.0,99.865,18559.0,912.0,99.83,41085.0,3493.0,99.805,28676.0,2980.0,99.765,8045.0,520.0,99.725,23930.0,604.0,99.7,8840.0,201.0,99.655,1088.0,25.0,99.61,1348.0,NaN,99.58,508.0,NaN,99.53,18.0,NaN,99.49,43.0,NaN,99.46,17.0,NaN,99.445,10.0,NaN,99.375,NaN,NaN,99.33,NaN,NaN,99.38,99.215,99.215,99.215,99.215,99.215,99.215,99.215,99.215,99.215,99.215,99.215,99.095,99.08,99.08,99.08,99.08,99.08,99.08,99.08,99.08,99.08,99.08,99.08,98.96,98.86,98.86,98.86,98.86,98.86,98.86,98.86,98.78,NaN,NaN,NaN
2021-09-08,NaN,NaN,NaN,NaN,NaN,NaN,NaN,NaN,NaN,NaN,NaN,NaN,NaN,NaN,NaN,NaN,NaN,NaN,NaN,NaN,NaN,NaN,NaN,NaN,99.925,94408.0,759.0,99.93,92353.0,1191.0,99.925,92684.0,1201.0,99.925,64337.0,1370.0,99.925,90346.0,1930.0,99.92,87963.0,4313.0,99.92,38288.0,2944.0,99.92,62406.0,3630.0,99.915,72239.0,755.0,99.91,24588.0,862.0,99.9,79330.0,3682.0,99.885,61159.0,1092.0,99.87,18676.0,753.0,99.835,41881.0,2908.0,99.81,28626.0,1727.0,99.77,8293.0,1222.0,99.73,27167.0,6980.0,99.705,11118.0,4956.0,99.66,1088.0,5.0,99.615,1375.0,108.0,99.58,508.0,6.0,99.53,18.0,NaN,99.495,43.0,NaN,99.465,17.0,NaN,99.45,10.0,NaN,99.38,NaN,NaN,99.335,NaN,NaN,99.385,99.22,99.22,99.22,99.22,99.22,99.22,99.22,99.22,99.22,99.22,99.22,99.1,99.085,99.085,99.085,99.085,99.085,99.085,99.085,99.085,99.085,99.085,99.085,98.965,98.865,98.865,98.865,98.865,98.865,98.865,98.865,98.785,NaN,NaN,NaN
2021-09-09,NaN,NaN,NaN,NaN,NaN,NaN,NaN,NaN,NaN,NaN,NaN,NaN,NaN,NaN,NaN,NaN,NaN,NaN,NaN,NaN,NaN,NaN,NaN,NaN,99.925,95067.0,2383.0,99.93,92185.0,584.0,99.925,94187.0,3329.0,99.925,64584.0,2999.0,99.925,100860.0,23631.0,99.92,86462.0,3692.0,99.92,37635.0,1672.0,99.92,62233.0,5510.0,99.915,73391.0,1849.0,99.91,25590.0,2816.0,99.9,79528.0,726.0,99.885,61312.0,2854.0,99.87,18598.0,711.0,99.835,41884.0,293.0,99.81,28535.0,761.0,99.77,8119.0,533.0,99.73,27474.0,1425.0,99.7,11186.0,684.0,99.655,1091.0,23.0,99.615,1389.0,127.0,99.58,515.0,46.0,99.53,26.0,10.0,99.495,45.0,4.0,99.465,17.0,NaN,99.45,10.0,NaN,99.38,NaN,NaN,99.335,NaN,NaN,99.385,99.22,99.22,99.22,99.22,99.22,99.22,99.22,99.22,99.22,99.22,99.22,99.1,99.085,99.085,99.085,99.085,99.085,99.085,99.085,99.085,99.085,99.085,99.085,98.965,98.865,98.865,98.865,98.865,98.865,98.865,98.865,98.785,NaN,NaN,NaN
2021-09-10,NaN,NaN,NaN,NaN,NaN,NaN,NaN,NaN,NaN,NaN,NaN,NaN,NaN,NaN,NaN,NaN,NaN,NaN,NaN,NaN,NaN,NaN,NaN,NaN,99.92,95518.0,6350.0,99.925,93096.0,8557.0,99.92,94508.0,4626.0,99.92,63804.0,7341.0,99.92,100125.0,410.0,99.915,86626.0,1828.0,99.915,37805.0,1233.0,99.915,62587.0,2382.0,99.915,73376.0,267.0,99.91,25250.0,1744.0,99.9,79439.0,1376.0,99.88,62965.0,2894.0,99.865,18586.0,16.0,99.83,43650.0,3203.0,99.805,28497.0,1223.0,99.76,8083.0,902.0,99.72,28156.0,2959.0,99.69,12837.0,2373.0,99.645,1090.0,17.0,99.605,1435.0,66.0,99.57,530.0,16.0,99.525,32.0,9.0,99.48,46.0,3.0,99.45,17.0,NaN,99.435,10.0,NaN,99.365,NaN,NaN,99.32,NaN,NaN,99.37,99.205,99.205,99.205,99.205,99.205,99.205,99.205,99.205,99.205,99.205,99.205,99.085,99.07,99.07,99.07,99.07,99.07,99.07,99.07,99.07,99.07,99.07,99.07,98.95,98.85,98.85,98.85,98.85,98.85,98.85,98.85,98.77,NaN,NaN,NaN
2021-09-13,NaN,NaN,NaN,NaN,NaN,NaN,NaN,NaN,NaN,NaN,NaN,NaN,NaN,NaN,NaN,NaN,NaN,NaN,NaN,NaN,NaN,NaN,NaN,NaN,99.92,96402.0,5771.0,99.925,92184.0,10007.0,99.92,96001.0,3363.0,99.92,67332.0,3210.0,99.92,100512.0,784.0,99.92,93013.0,10157.0,99.92,37671.0,1152.0,99.92,64507.0,2477.0,99.92,77298.0,5306.0,99.91,25912.0,897.0,99.9,79725.0,1650.0,99.88,65803.0,6071.0,99.865,19501.0,1204.0,99.83,44494.0,1644.0,99.805,29431.0,1341.0,99.76,8390.0,875.0,99.72,28452.0,1161.0,99.69,13595.0,649.0,99.645,1692.0,584.0,99.6,1830.0,523.0,99.565,643.0,137.0,99.53,52.0,6.0,99.485,47.0,1.0,99.455,17.0,NaN,99.44,10.0,NaN,99.37,NaN,NaN,99.325,NaN,NaN,99.375,99.21,99.21,99.21,99.21,99.21,99.21,99.21,99.21,99.21,99.21,99.21,99.09,99.075,99.075,99.075,99.075,99.075,99.075,99.075,99.075,99.075,99.075,99.075,98.955,98.855,98.855,98.855,98.855,98.855,98.855,98.855,98.775,NaN,NaN,NaN
2021-09-14,NaN,NaN,NaN,NaN,NaN,NaN,NaN,NaN,NaN,NaN,NaN,NaN,NaN,NaN,NaN,NaN,NaN,NaN,NaN,NaN,NaN,NaN,NaN,NaN,99.9225,95777.0,2479.0,99.925,94733.0,3157.0,99.92,93913.0,15753.0,99.92,64951.0,8920.0,99.92,102985.0,17388.0,99.92,95325.0,5963.0,99.92,40224.0,7923.0,99.92,72607.0,17877.0,99.92,77391.0,1057.0,99.91,26825.0,3725.0,99.9,79541.0,13382.0,99.885,66433.0,12443.0,99.87,19646.0,3153.0,99.84,45113.0,4952.0,99.815,30098.0,3482.0,99.77,8827.0,1136.0,99.735,28682.0,2292.0,99.705,13514.0,891.0,99.66,1681.0,128.0,99.615,1995.0,398.0,99.58,713.0,105.0,99.545,70.0,39.0,99.495,49.0,10.0,99.465,14.0,6.0,99.45,10.0,NaN,99.38,NaN,NaN,99.335,NaN,NaN,99.385,99.22,99.22,99.22,99.22,99.22,99.22,99.22,99.22,99.22,99.22,99.22,99.1,99.085,99.085,99.085,99.085,99.085,99.085,99.085,99.085,99.085,99.085,99.085,98.965,98.865,98.865,98.865,98.865,98.865,98.865,98.865,98.785,NaN,NaN,NaN
2021-09-15,NaN,NaN,NaN,NaN,NaN,NaN,NaN,NaN,NaN,NaN,NaN,NaN,NaN,NaN,NaN,NaN,NaN,NaN,NaN,NaN,NaN,NaN,NaN,NaN,99.9225,96149.0,4828.0,99.92,101828.0,49086.0,99.92,98566.0,40685.0,99.92,74128.0,19823.0,99.925,103025.0,991.0,99.92,97992.0,7496.0,99.92,40263.0,6210.0,99.92,71955.0,5801.0,99.92,77877.0,787.0,99.91,26868.0,1743.0,99.9,81134.0,3589.0,99.885,66354.0,2759.0,99.87,18339.0,2206.0,99.84,45426.0,2589.0,99.815,29382.0,2660.0,99.77,9649.0,1794.0,99.73,29620.0,2308.0,99.7,13962.0,784.0,99.655,2134.0,559.0,99.61,2065.0,83.0,99.575,710.0,3.0,99.54,70.0,NaN,99.49,48.0,1.0,99.46,14.0,NaN,99.445,10.0,NaN,99.37,NaN,NaN,99.325,NaN,NaN,99.375,99.21,99.21,99.21,99.21,99.21,99.21,99.21,99.21,99.21,99.21,99.21,99.09,99.075,99.075,99.075,99.075,99.075,99.075,99.075,99.075,99.075,99.075,99.075,98.955,98.855,98.855,98.855,98.855,98.855,98.855,98.855,98.775,NaN,NaN,NaN
2021-09-16,NaN,NaN,NaN,NaN,NaN,NaN,NaN,NaN,NaN,NaN,NaN,NaN,NaN,NaN,NaN,NaN,NaN,NaN,NaN,NaN,NaN,NaN,NaN,NaN,99.9225,96139.0,768.0,99.92,103093.0,6057.0,99.92,99444.0,2133.0,99.92,76801.0,10074.0,99.925,103881.0,1328.0,99.92,97940.0,1446.0,99.92,39995.0,1185.0,99.92,72736.0,2214.0,99.92,78897.0,2522.0,99.91,28003.0,2295.0,99.9,80103.0,5307.0,99.885,66680.0,7785.0,99.87,18307.0,1178.0,99.84,45072.0,2306.0,99.81,29161.0,1247.0,99.765,9725.0,410.0,99.725,29925.0,1195.0,99.695,13950.0,77.0,99.645,2134.0,10.0,99.595,2070.0,23.0,99.555,702.0,28.0,99.52,75.0,10.0,99.47,47.0,11.0,99.44,19.0,11.0,99.425,15.0,10.0,99.345,NaN,NaN,99.3,NaN,NaN,99.35,99.185,99.185,99.185,99.185,99.185,99.185,99.185,99.185,99.185,99.185,99.185,99.065,99.05,99.05,99.05,99.05,99.05,99.05,99.05,99.05,99.05,99.05,99.05,98.93,98.83,98.83,98.83,98.83,98.83,98.83,98.83,98.75,NaN,NaN,NaN
2021-09-17,NaN,NaN,NaN,NaN,NaN,NaN,NaN,NaN,NaN,NaN,NaN,NaN,NaN,NaN,NaN,NaN,NaN,NaN,NaN,NaN,NaN,NaN,NaN,NaN,99.92,98162.0,4563.0,99.92,105940.0,4920.0,99.915,99461.0,690.0,99.92,77000.0,1341.0,99.925,104504.0,1438.0,99.92,99511.0,2881.0,99.92,41640.0,4062.0,99.92,72235.0,1854.0,99.92,78592.0,836.0,99.91,27766.0,425.0,99.9,82021.0,2848.0,99.885,65704.0,3950.0,99.87,18357.0,344.0,99.84,45465.0,4959.0,99.81,29031.0,1621.0,99.76,9831.0,508.0,99.72,29564.0,2138.0,99.69,13802.0,320.0,99.64,2134.0,5.0,99.59,2069.0,27.0,99.55,697.0,5.0,99.515,75.0,NaN,99.465,47.0,2.0,99.435,19.0,1.0,99.42,15.0,NaN,99.335,NaN,NaN,99.29,NaN,NaN,99.34,99.175,99.175,99.175,99.175,99.175,99.175,99.175,99.175,99.175,99.175,99.175,99.055,99.04,99.04,99.04,99.04,99.04,99.04,99.04,99.04,99.04,99.04,99.04,98.92,98.82,98.82,98.82,98.82,98.82,98.82,98.82,98.74,NaN,NaN,NaN
2021-09-20,NaN,NaN,NaN,NaN,NaN,NaN,NaN,NaN,NaN,NaN,NaN,NaN,NaN,NaN,NaN,NaN,NaN,NaN,NaN,NaN,NaN,NaN,NaN,NaN,99.92,97976.0,1440.0,99.92,106809.0,6693.0,99.92,99406.0,3969.0,99.92,75718.0,3754.0,99.92,104808.0,573.0,99.92,99338.0,985.0,99.92,41330.0,376.0,99.92,72262.0,512.0,99.92,80233.0,4843.0,99.915,27726.0,358.0,99.905,83018.0,2736.0,99.89,67047.0,3768.0,99.875,18406.0,544.0,99.845,44930.0,1761.0,99.815,28778.0,1820.0,99.77,9869.0,376.0,99.73,29354.0,893.0,99.7,13854.0,478.0,99.65,2144.0,16.0,99.6,2079.0,11.0,99.56,697.0,NaN,99.525,75.0,NaN,99.475,48.0,1.0,99.445,19.0,NaN,99.43,15.0,NaN,99.345,NaN,NaN,99.3,NaN,NaN,99.35,99.185,99.185,99.185,99.185,99.185,99.185,99.185,99.185,99.185,99.185,99.185,99.065,99.05,99.05,99.05,99.05,99.05,99.05,99.05,99.05,99.05,99.05,99.05,98.93,98.83,98.83,98.83,98.83,98.83,98.83,98.83,98.75,NaN,NaN,NaN
2021-09-21,NaN,NaN,NaN,NaN,NaN,NaN,NaN,NaN,NaN,NaN,NaN,NaN,NaN,NaN,NaN,NaN,NaN,NaN,NaN,NaN,NaN,NaN,NaN,NaN,99.92,98515.0,1067.0,99.92,106281.0,3179.0,99.92,105075.0,10437.0,99.92,77102.0,6685.0,99.92,103420.0,7617.0,99.92,99337.0,366.0,99.92,41321.0,597.0,99.92,72373.0,1024.0,99.92,81561.0,2007.0,99.915,28067.0,505.0,99.905,83471.0,3479.0,99.89,68503.0,2864.0,99.875,18848.0,1325.0,99.845,44681.0,1668.0,99.815,30473.0,3272.0,99.77,9936.0,1629.0,99.73,30571.0,1823.0,99.7,13851.0,370.0,99.655,2352.0,714.0,99.61,2352.0,355.0,99.57,723.0,38.0,99.53,79.0,6.0,99.48,48.0,2.0,99.45,19.0,NaN,99.435,15.0,NaN,99.35,NaN,NaN,99.305,NaN,NaN,99.355,99.19,99.19,99.19,99.19,99.19,99.19,99.19,99.19,99.19,99.19,99.19,99.07,99.055,99.055,99.055,99.055,99.055,99.055,99.055,99.055,99.055,99.055,99.055,98.935,98.835,98.835,98.835,98.835,98.835,98.835,98.835,98.755,NaN,NaN,NaN
2021-09-22,NaN,NaN,NaN,NaN,NaN,NaN,NaN,NaN,NaN,NaN,NaN,NaN,NaN,NaN,NaN,NaN,NaN,NaN,NaN,NaN,NaN,NaN,NaN,NaN,99.92,98464.0,522.0,99.92,105957.0,3099.0,99.92,104382.0,7858.0,99.92,76910.0,5830.0,99.925,104209.0,1541.0,99.92,99015.0,2434.0,99.92,41698.0,2033.0,99.92,72127.0,3232.0,99.915,81824.0,6792.0,99.905,28678.0,5565.0,99.895,82970.0,17011.0,99.88,75625.0,25709.0,99.86,18543.0,4442.0,99.825,44702.0,13631.0,99.79,31344.0,5867.0,99.74,10755.0,4798.0,99.695,29709.0,5398.0,99.66,13804.0,1111.0,99.61,2410.0,371.0,99.565,2333.0,138.0,99.525,705.0,18.0,99.48,79.0,NaN,99.425,48.0,15.0,99.395,19.0,NaN,99.38,15.0,NaN,99.295,NaN,NaN,99.25,NaN,NaN,99.32,99.155,99.155,99.155,99.155,99.155,99.155,99.155,99.155,99.155,99.155,99.155,99.035,99.02,99.02,99.02,99.02,99.02,99.02,99.02,99.02,99.02,99.02,99.02,98.9,98.8,98.8,98.8,98.8,98.8,98.8,98.8,98.72,NaN,NaN,NaN
2021-09-23,NaN,NaN,NaN,NaN,NaN,NaN,NaN,NaN,NaN,NaN,NaN,NaN,NaN,NaN,NaN,NaN,NaN,NaN,NaN,NaN,NaN,NaN,NaN,NaN,99.92,97464.0,2801.0,99.92,108760.0,9667.0,99.92,104584.0,993.0,99.92,77148.0,1746.0,99.925,104753.0,734.0,99.92,99100.0,903.0,99.92,41873.0,1622.0,99.92,72206.0,1802.0,99.915,81940.0,649.0,99.905,28495.0,1806.0,99.89,83062.0,6703.0,99.875,79964.0,16349.0,99.855,19452.0,6306.0,99.81,45368.0,6589.0,99.775,33028.0,6632.0,99.72,10733.0,2376.0,99.675,30042.0,10807.0,99.64,13896.0,820.0,99.585,2686.0,397.0,99.53,2378.0,343.0,99.49,743.0,299.0,99.44,79.0,10.0,99.385,48.0,NaN,99.335,19.0,NaN,99.32,15.0,NaN,99.235,NaN,NaN,99.19,NaN,NaN,99.26,99.1,99.1,99.1,99.1,99.1,99.1,99.1,99.1,99.1,99.1,99.1,98.98,98.965,98.965,98.965,98.965,98.965,98.965,98.965,98.965,98.965,98.965,98.965,98.845,98.745,98.745,98.745,98.745,98.745,98.745,98.745,98.665,NaN,NaN,NaN
2021-09-24,NaN,NaN,NaN,NaN,NaN,NaN,NaN,NaN,NaN,NaN,NaN,NaN,NaN,NaN,NaN,NaN,NaN,NaN,NaN,NaN,NaN,NaN,NaN,NaN,99.92,97569.0,205.0,99.92,110309.0,3710.0,99.92,107980.0,17042.0,99.92,78944.0,5147.0,99.925,108867.0,5887.0,99.92,95154.0,14672.0,99.92,40295.0,2660.0,99.92,71852.0,1275.0,99.915,81071.0,4408.0,99.9,29463.0,5677.0,99.885,82926.0,21509.0,99.865,87108.0,16636.0,99.84,19330.0,2553.0,99.79,47893.0,10661.0,99.755,33147.0,3337.0,99.7,11261.0,2023.0,99.65,34858.0,7824.0,99.615,18581.0,5497.0,99.555,2674.0,78.0,99.5,2403.0,181.0,99.46,747.0,4.0,99.41,79.0,NaN,99.355,48.0,NaN,99.305,19.0,NaN,99.29,15.0,NaN,99.205,NaN,NaN,99.16,NaN,NaN,99.23,99.07,99.07,99.07,99.07,99.07,99.05,99.05,99.05,99.05,99.05,99.05,98.93,98.915,98.915,98.915,98.915,98.915,98.915,98.915,98.915,98.915,98.915,98.915,98.795,98.695,98.695,98.695,98.695,98.695,98.695,98.695,98.615,NaN,NaN,NaN
2021-09-27,NaN,NaN,NaN,NaN,NaN,NaN,NaN,NaN,NaN,NaN,NaN,NaN,NaN,NaN,NaN,NaN,NaN,NaN,NaN,NaN,NaN,NaN,NaN,NaN,99.92,96887.0,3221.0,99.92,111347.0,6670.0,99.92,106815.0,8843.0,99.92,80892.0,6473.0,99.925,108736.0,320.0,99.92,96414.0,5046.0,99.92,40857.0,2759.0,99.92,72339.0,2677.0,99.915,81113.0,1243.0,99.9,29174.0,3063.0,99.88,81800.0,4589.0,99.855,86037.0,8785.0,99.835,18676.0,3251.0,99.785,48097.0,8940.0,99.75,34220.0,8252.0,99.695,11487.0,1077.0,99.645,34707.0,6508.0,99.605,18704.0,1382.0,99.545,2729.0,133.0,99.49,2595.0,470.0,99.445,951.0,240.0,99.395,79.0,1.0,99.34,48.0,NaN,99.3,19.0,NaN,99.285,15.0,NaN,99.2,NaN,NaN,99.155,NaN,NaN,99.225,99.065,99.065,99.065,99.065,99.065,99.045,99.045,99.045,99.045,99.045,99.045,98.925,98.91,98.91,98.91,98.91,98.91,98.91,98.91,98.91,98.91,98.91,98.91,98.79,98.69,98.69,98.69,98.69,98.69,98.69,98.69,98.61,NaN,NaN,NaN
2021-09-28,NaN,NaN,NaN,NaN,NaN,NaN,NaN,NaN,NaN,NaN,NaN,NaN,NaN,NaN,NaN,NaN,NaN,NaN,NaN,NaN,NaN,NaN,NaN,NaN,99.92,97235.0,1974.0,99.9175,110926.0,16742.0,99.92,112131.0,25376.0,99.92,82267.0,5617.0,99.925,108696.0,2203.0,99.92,99128.0,16118.0,99.915,40965.0,1838.0,99.915,78092.0,14591.0,99.91,75138.0,14128.0,99.895,28780.0,4237.0,99.875,81147.0,11187.0,99.855,84219.0,13037.0,99.83,18392.0,1075.0,99.78,51034.0,14714.0,99.745,33469.0,7655.0,99.69,11966.0,2701.0,99.64,35620.0,3606.0,99.6,18949.0,785.0,99.54,2729.0,224.0,99.485,2641.0,842.0,99.44,1191.0,444.0,99.39,79.0,2.0,99.335,50.0,6.0,99.295,19.0,1.0,99.28,15.0,NaN,99.195,NaN,NaN,99.15,NaN,NaN,99.22,99.06,99.06,99.06,99.06,99.06,99.04,99.04,99.04,99.04,99.04,99.04,98.92,98.905,98.905,98.905,98.905,98.905,98.905,98.905,98.905,98.905,98.905,98.905,98.785,98.685,98.685,98.685,98.685,98.685,98.685,98.685,98.605,NaN,NaN,NaN
2021-09-29,NaN,NaN,NaN,NaN,NaN,NaN,NaN,NaN,NaN,NaN,NaN,NaN,NaN,NaN,NaN,NaN,NaN,NaN,NaN,NaN,NaN,NaN,NaN,NaN,99.92,97206.0,707.0,99.92,118319.0,38044.0,99.92,111047.0,2960.0,99.92,82097.0,1537.0,99.925,110567.0,3304.0,99.92,98649.0,1354.0,99.915,40978.0,106.0,99.915,78143.0,1125.0,99.91,77576.0,4978.0,99.895,31141.0,3028.0,99.875,80572.0,5630.0,99.855,87455.0,9191.0,99.83,18838.0,1477.0,99.78,50719.0,5111.0,99.75,33224.0,2198.0,99.695,12105.0,341.0,99.645,37269.0,3130.0,99.61,19242.0,930.0,99.555,3078.0,484.0,99.5,2821.0,491.0,99.455,1222.0,54.0,99.405,79.0,5.0,99.35,50.0,1.0,99.31,19.0,NaN,99.295,15.0,NaN,99.21,NaN,NaN,99.165,NaN,NaN,99.235,99.075,99.075,99.075,99.075,99.075,99.05,99.05,99.05,99.05,99.05,99.05,98.93,98.915,98.915,98.915,98.915,98.915,98.915,98.915,98.915,98.915,98.915,98.915,98.795,98.695,98.695,98.695,98.695,98.695,98.695,98.695,98.615,NaN,NaN,NaN
2021-09-30,NaN,NaN,NaN,NaN,NaN,NaN,NaN,NaN,NaN,NaN,NaN,NaN,NaN,NaN,NaN,NaN,NaN,NaN,NaN,NaN,NaN,NaN,NaN,NaN,99.92,97333.0,1335.0,99.9225,118849.0,11212.0,99.925,113448.0,10083.0,99.925,82059.0,1101.0,99.925,110694.0,171.0,99.92,91660.0,2426.0,99.92,42686.0,4847.0,99.92,78394.0,4977.0,99.915,77280.0,6972.0,99.895,30917.0,10930.0,99.875,80267.0,10200.0,99.855,86717.0,4574.0,99.835,18720.0,2134.0,99.785,50506.0,5567.0,99.755,35373.0,6198.0,99.7,12086.0,1415.0,99.65,37541.0,4133.0,99.615,19269.0,1367.0,99.56,3088.0,120.0,99.51,2818.0,110.0,99.465,1224.0,2.0,99.415,79.0,NaN,99.36,50.0,NaN,99.32,19.0,NaN,99.305,15.0,NaN,99.22,NaN,NaN,99.175,NaN,NaN,99.245,99.085,99.085,99.085,99.085,99.085,99.05,99.05,99.05,99.05,99.05,99.05,98.93,98.915,98.915,98.915,98.915,98.915,98.915,98.915,98.915,98.915,98.915,98.915,98.795,98.695,98.695,98.695,98.695,98.695,98.695,98.695,98.615,98.615,NaN,NaN
2021-10-01,NaN,NaN,NaN,NaN,NaN,NaN,NaN,NaN,NaN,NaN,NaN,NaN,NaN,NaN,NaN,NaN,NaN,NaN,NaN,NaN,NaN,NaN,NaN,NaN,99.921,97333.0,NaN,99.92,118302.0,12865.0,99.92,114866.0,9014.0,99.92,81847.0,1346.0,99.925,111258.0,3799.0,99.92,91695.0,1308.0,99.92,42101.0,2488.0,99.92,78226.0,7747.0,99.915,77382.0,7008.0,99.9,32455.0,7072.0,99.885,83422.0,8996.0,99.865,89128.0,7383.0,99.845,18625.0,1749.0,99.8,50332.0,5135.0,99.775,38064.0,7878.0,99.72,11864.0,758.0,99.675,40564.0,5686.0,99.645,18940.0,2098.0,99.595,3087.0,78.0,99.545,3054.0,615.0,99.5,1157.0,270.0,99.455,111.0,36.0,99.41,51.0,10.0,99.375,19.0,1.0,99.36,16.0,1.0,99.275,NaN,NaN,99.23,NaN,NaN,99.3,99.14,99.14,99.14,99.14,99.14,99.05,99.05,99.05,99.05,99.05,99.05,98.93,98.915,98.915,98.915,98.915,98.915,98.915,98.915,98.915,98.915,98.915,98.915,98.795,98.695,98.695,98.695,98.695,98.695,98.695,98.695,98.615,98.615,NaN,NaN
2021-10-04,NaN,NaN,NaN,NaN,NaN,NaN,NaN,NaN,NaN,NaN,NaN,NaN,NaN,NaN,NaN,NaN,NaN,NaN,NaN,NaN,NaN,NaN,NaN,NaN,NaN,NaN,NaN,99.9225,119238.0,1538.0,99.925,115118.0,1702.0,99.925,81427.0,1323.0,99.93,111426.0,3961.0,99.925,88027.0,4207.0,99.925,42083.0,699.0,99.92,78572.0,5148.0,99.915,77185.0,786.0,99.9,32119.0,1346.0,99.885,83111.0,3126.0,99.865,88846.0,4462.0,99.84,18731.0,1123.0,99.795,50403.0,4464.0,99.77,37757.0,3107.0,99.715,11834.0,424.0,99.67,40943.0,2520.0,99.64,18704.0,1541.0,99.59,3105.0,113.0,99.54,3798.0,929.0,99.495,1157.0,NaN,99.45,111.0,NaN,99.405,51.0,NaN,99.37,19.0,NaN,99.355,16.0,NaN,99.27,NaN,NaN,99.225,NaN,NaN,99.295,99.135,99.135,99.135,99.135,99.135,99.045,99.045,99.045,99.045,99.045,99.045,98.925,98.91,98.91,98.91,98.91,98.91,98.91,98.91,98.91,98.91,98.91,98.91,98.79,98.69,98.69,98.69,98.69,98.69,98.69,98.69,98.61,98.61,NaN,NaN
2021-10-05,NaN,NaN,NaN,NaN,NaN,NaN,NaN,NaN,NaN,NaN,NaN,NaN,NaN,NaN,NaN,NaN,NaN,NaN,NaN,NaN,NaN,NaN,NaN,NaN,NaN,NaN,NaN,99.92,119466.0,642.0,99.92,115359.0,851.0,99.92,81629.0,2200.0,99.925,111541.0,1165.0,99.92,88046.0,723.0,99.92,42103.0,153.0,99.92,79597.0,3089.0,99.915,77141.0,553.0,99.895,31072.0,2873.0,99.88,83456.0,5766.0,99.86,88874.0,6361.0,99.835,19510.0,2000.0,99.79,55058.0,9854.0,99.765,37926.0,8452.0,99.71,12227.0,1157.0,99.66,41440.0,2144.0,99.63,19514.0,1738.0,99.58,3223.0,152.0,99.53,4099.0,660.0,99.485,1162.0,12.0,99.44,111.0,1.0,99.39,51.0,1.0,99.355,20.0,1.0,99.34,16.0,NaN,99.255,NaN,NaN,99.21,NaN,NaN,99.28,99.12,99.12,99.12,99.12,99.12,99.03,99.03,99.03,99.03,99.03,99.03,98.91,98.895,98.895,98.895,98.895,98.895,98.895,98.895,98.895,98.895,98.895,98.895,98.775,98.675,98.675,98.675,98.675,98.675,98.675,98.675,98.595,98.595,NaN,NaN
2021-10-06,NaN,NaN,NaN,NaN,NaN,NaN,NaN,NaN,NaN,NaN,NaN,NaN,NaN,NaN,NaN,NaN,NaN,NaN,NaN,NaN,NaN,NaN,NaN,NaN,NaN,NaN,NaN,99.92,127495.0,10774.0,99.92,113704.0,10235.0,99.92,80068.0,4779.0,99.925,110757.0,3621.0,99.92,87450.0,2740.0,99.92,44299.0,9348.0,99.915,81942.0,11542.0,99.91,82570.0,16734.0,99.895,31499.0,2898.0,99.875,79973.0,8494.0,99.85,90725.0,7626.0,99.825,19542.0,1945.0,99.775,57200.0,13103.0,99.745,38781.0,9874.0,99.69,12227.0,1033.0,99.64,41686.0,5537.0,99.61,19823.0,768.0,99.555,3217.0,6.0,99.5,4334.0,791.0,99.455,1255.0,93.0,99.41,111.0,NaN,99.36,51.0,NaN,99.325,20.0,NaN,99.31,16.0,NaN,99.225,NaN,NaN,99.18,NaN,NaN,99.25,99.09,99.09,99.09,99.09,99.09,99.0,99.0,99.0,99.0,99.0,99.0,98.88,98.865,98.865,98.865,98.865,98.865,98.865,98.865,98.865,98.865,98.865,98.865,98.745,98.645,98.645,98.645,98.645,98.645,98.645,98.645,98.565,98.565,NaN,NaN
2021-10-07,NaN,NaN,NaN,NaN,NaN,NaN,NaN,NaN,NaN,NaN,NaN,NaN,NaN,NaN,NaN,NaN,NaN,NaN,NaN,NaN,NaN,NaN,NaN,NaN,NaN,NaN,NaN,99.925,127584.0,8372.0,99.925,111224.0,8245.0,99.925,81757.0,4421.0,99.925,110907.0,6989.0,99.92,88453.0,10318.0,99.92,44795.0,6924.0,99.915,81828.0,362.0,99.91,82531.0,5711.0,99.89,33117.0,3812.0,99.87,81276.0,6460.0,99.845,92284.0,4125.0,99.82,19442.0,1202.0,99.77,57330.0,4203.0,99.74,40643.0,3734.0,99.68,11800.0,1130.0,99.63,42259.0,8441.0,99.595,19802.0,936.0,99.535,3210.0,17.0,99.48,4290.0,130.0,99.435,1260.0,10.0,99.39,111.0,1.0,99.34,52.0,29.0,99.305,20.0,NaN,99.28,16.0,NaN,99.195,NaN,NaN,99.15,NaN,NaN,99.22,99.06,99.06,99.06,99.06,99.06,98.97,98.97,98.97,98.97,98.97,98.97,98.85,98.835,98.835,98.835,98.835,98.835,98.835,98.835,98.835,98.835,98.835,98.835,98.715,98.615,98.615,98.615,98.615,98.615,98.615,98.615,98.535,98.535,NaN,NaN
2021-10-08,NaN,NaN,NaN,NaN,NaN,NaN,NaN,NaN,NaN,NaN,NaN,NaN,NaN,NaN,NaN,NaN,NaN,NaN,NaN,NaN,NaN,NaN,NaN,NaN,NaN,NaN,NaN,99.9225,127716.0,2997.0,99.925,114330.0,6007.0,99.925,82898.0,4587.0,99.925,113611.0,10115.0,99.92,90060.0,5165.0,99.915,44622.0,1771.0,99.91,86229.0,18529.0,99.9,82198.0,14784.0,99.88,34259.0,13864.0,99.855,91113.0,43514.0,99.825,99400.0,49765.0,99.8,18295.0,7181.0,99.75,63998.0,21036.0,99.715,45426.0,17784.0,99.655,12504.0,4302.0,99.605,43245.0,10275.0,99.57,20748.0,2676.0,99.51,3263.0,315.0,99.455,4778.0,1478.0,99.41,1458.0,358.0,99.36,111.0,1.0,99.31,52.0,NaN,99.275,20.0,NaN,99.25,16.0,NaN,99.165,NaN,NaN,99.12,NaN,NaN,99.19,99.03,99.03,99.03,99.03,99.03,98.94,98.94,98.94,98.94,98.94,98.94,98.82,98.805,98.805,98.805,98.805,98.805,98.805,98.805,98.805,98.805,98.805,98.805,98.685,98.585,98.585,98.585,98.585,98.585,98.585,98.585,98.505,98.505,NaN,NaN
2021-10-11,NaN,NaN,NaN,NaN,NaN,NaN,NaN,NaN,NaN,NaN,NaN,NaN,NaN,NaN,NaN,NaN,NaN,NaN,NaN,NaN,NaN,NaN,NaN,NaN,NaN,NaN,NaN,99.92,121861.0,7361.0,99.92,115156.0,3664.0,99.92,83454.0,1539.0,99.92,113369.0,921.0,99.915,91139.0,5832.0,99.915,44295.0,1331.0,99.91,85358.0,8723.0,99.895,82412.0,7339.0,99.87,33812.0,5472.0,99.845,93327.0,10243.0,99.805,101061.0,11107.0,99.78,17978.0,2579.0,99.73,63519.0,5097.0,99.69,45663.0,1148.0,99.63,12532.0,371.0,99.575,44137.0,2160.0,99.535,20931.0,376.0,99.475,3262.0,2.0,99.42,4904.0,196.0,99.37,1458.0,18.0,99.32,111.0,NaN,99.27,52.0,NaN,99.235,20.0,NaN,99.21,16.0,NaN,99.125,NaN,NaN,99.08,NaN,NaN,99.15,98.99,98.99,98.99,98.99,98.99,98.9,98.9,98.9,98.9,98.9,98.9,98.78,98.765,98.765,98.765,98.765,98.765,98.765,98.765,98.765,98.765,98.765,98.765,98.645,98.545,98.545,98.545,98.545,98.545,98.545,98.545,98.465,98.465,NaN,NaN
2021-10-12,NaN,NaN,NaN,NaN,NaN,NaN,NaN,NaN,NaN,NaN,NaN,NaN,NaN,NaN,NaN,NaN,NaN,NaN,NaN,NaN,NaN,NaN,NaN,NaN,NaN,NaN,NaN,99.92,121702.0,262.0,99.92,115327.0,522.0,99.92,83873.0,768.0,99.92,111388.0,4910.0,99.915,89470.0,9459.0,99.915,43546.0,4636.0,99.91,82579.0,11104.0,99.895,82927.0,24216.0,99.87,35584.0,10506.0,99.84,94141.0,28172.0,99.8,106759.0,28650.0,99.775,17571.0,5028.0,99.72,66292.0,15768.0,99.68,49970.0,16376.0,99.615,13260.0,1596.0,99.56,44616.0,10486.0,99.52,21175.0,2836.0,99.46,3500.0,269.0,99.4,4820.0,532.0,99.35,1510.0,181.0,99.3,111.0,1.0,99.25,52.0,NaN,99.21,20.0,NaN,99.185,16.0,NaN,99.1,NaN,NaN,99.055,NaN,NaN,99.15,98.99,98.99,98.99,98.99,98.99,98.9,98.9,98.9,98.9,98.9,98.9,98.78,98.765,98.765,98.765,98.765,98.765,98.765,98.765,98.765,98.765,98.765,98.765,98.645,98.545,98.545,98.545,98.545,98.545,98.545,98.545,98.465,98.465,NaN,NaN
2021-10-13,NaN,NaN,NaN,NaN,NaN,NaN,NaN,NaN,NaN,NaN,NaN,NaN,NaN,NaN,NaN,NaN,NaN,NaN,NaN,NaN,NaN,NaN,NaN,NaN,NaN,NaN,NaN,99.92,121931.0,930.0,99.92,114396.0,2720.0,99.92,81517.0,5712.0,99.92,114804.0,10528.0,99.91,96022.0,16242.0,99.905,46791.0,10548.0,99.9,81405.0,12043.0,99.88,85420.0,30931.0,99.855,34126.0,12191.0,99.825,94143.0,42297.0,99.78,106715.0,33146.0,99.755,17602.0,6286.0,99.695,65295.0,15793.0,99.655,55018.0,11274.0,99.585,13516.0,3772.0,99.525,44399.0,9196.0,99.485,22509.0,5870.0,99.42,3529.0,83.0,99.355,5385.0,1770.0,99.305,2064.0,946.0,99.255,111.0,3.0,99.205,52.0,1.0,99.165,20.0,NaN,99.14,16.0,NaN,99.055,NaN,NaN,99.01,NaN,NaN,99.15,98.99,98.99,98.99,98.99,98.99,98.9,98.9,98.9,98.9,98.9,98.9,98.78,98.765,98.765,98.765,98.765,98.765,98.765,98.765,98.765,98.765,98.765,98.765,98.645,98.545,98.545,98.545,98.545,98.545,98.545,98.545,98.465,98.465,NaN,NaN
2021-10-14,NaN,NaN,NaN,NaN,NaN,NaN,NaN,NaN,NaN,NaN,NaN,NaN,NaN,NaN,NaN,NaN,NaN,NaN,NaN,NaN,NaN,NaN,NaN,NaN,NaN,NaN,NaN,99.9225,121687.0,4029.0,99.925,115314.0,2019.0,99.925,81942.0,1054.0,99.925,114692.0,453.0,99.915,96521.0,3897.0,99.91,44571.0,6164.0,99.9,80744.0,1898.0,99.88,86887.0,9796.0,99.855,31264.0,7828.0,99.825,96211.0,14930.0,99.785,107777.0,18160.0,99.755,18687.0,4510.0,99.7,66357.0,11204.0,99.66,55168.0,8227.0,99.595,13868.0,2055.0,99.54,44270.0,6785.0,99.5,22325.0,2104.0,99.44,3518.0,91.0,99.375,5340.0,642.0,99.325,2155.0,174.0,99.275,111.0,NaN,99.225,52.0,NaN,99.185,20.0,NaN,99.16,16.0,NaN,99.075,NaN,NaN,99.03,NaN,NaN,99.17,99.01,99.01,99.01,99.01,99.01,98.92,98.92,98.92,98.92,98.92,98.92,98.8,98.785,98.785,98.785,98.785,98.785,98.785,98.785,98.785,98.785,98.785,98.785,98.665,98.565,98.565,98.565,98.565,98.565,98.565,98.565,98.485,98.485,NaN,NaN
2021-10-15,NaN,NaN,NaN,NaN,NaN,NaN,NaN,NaN,NaN,NaN,NaN,NaN,NaN,NaN,NaN,NaN,NaN,NaN,NaN,NaN,NaN,NaN,NaN,NaN,NaN,NaN,NaN,99.9225,121607.0,2161.0,99.925,115379.0,5644.0,99.925,88100.0,13453.0,99.925,114148.0,4342.0,99.915,96877.0,7667.0,99.905,46414.0,14742.0,99.89,81349.0,13172.0,99.87,88339.0,22927.0,99.835,31640.0,9600.0,99.8,95105.0,39970.0,99.755,107294.0,29557.0,99.72,19147.0,7120.0,99.65,65232.0,21726.0,99.61,56149.0,13888.0,99.535,14642.0,2889.0,99.475,45156.0,6371.0,99.435,22139.0,1526.0,99.365,3544.0,140.0,99.295,5778.0,1113.0,99.24,2744.0,698.0,99.19,111.0,5.0,99.14,52.0,4.0,99.1,21.0,3.0,99.09,15.0,2.0,99.005,NaN,NaN,98.96,NaN,NaN,99.15,98.95,98.95,98.95,98.95,98.95,98.86,98.86,98.86,98.86,98.86,98.86,98.74,98.7,98.7,98.7,98.7,98.7,98.7,98.7,98.7,98.7,98.7,98.7,98.58,98.48,98.48,98.48,98.48,98.48,98.48,98.48,98.4,98.4,NaN,NaN
2021-10-18,NaN,NaN,NaN,NaN,NaN,NaN,NaN,NaN,NaN,NaN,NaN,NaN,NaN,NaN,NaN,NaN,NaN,NaN,NaN,NaN,NaN,NaN,NaN,NaN,NaN,NaN,NaN,99.92,122252.0,2515.0,99.92,115864.0,5466.0,99.92,88057.0,3800.0,99.92,111926.0,26683.0,99.91,90695.0,32351.0,99.9,46100.0,12212.0,99.885,79435.0,17062.0,99.86,83715.0,30816.0,99.825,31284.0,14267.0,99.785,95558.0,33837.0,99.74,107464.0,24210.0,99.705,21031.0,8807.0,99.63,67081.0,23132.0,99.59,60579.0,14458.0,99.51,14782.0,2539.0,99.445,44859.0,8984.0,99.405,22605.0,2356.0,99.33,3544.0,47.0,99.255,6289.0,1262.0,99.2,2973.0,533.0,99.135,113.0,2.0,99.07,52.0,NaN,99.03,22.0,1.0,99.02,15.0,NaN,98.935,NaN,NaN,98.89,NaN,NaN,99.08,98.88,98.88,98.88,98.88,98.88,98.79,98.79,98.79,98.79,98.79,98.79,98.67,98.63,98.63,98.63,98.63,98.63,98.63,98.63,98.63,98.63,98.63,98.63,98.51,98.41,98.41,98.41,98.41,98.41,98.41,98.41,98.33,98.33,NaN,NaN
2021-10-19,NaN,NaN,NaN,NaN,NaN,NaN,NaN,NaN,NaN,NaN,NaN,NaN,NaN,NaN,NaN,NaN,NaN,NaN,NaN,NaN,NaN,NaN,NaN,NaN,NaN,NaN,NaN,99.9225,124385.0,2853.0,99.925,117011.0,4228.0,99.925,87839.0,2519.0,99.925,109869.0,8869.0,99.915,89549.0,5345.0,99.905,45663.0,18618.0,99.895,80012.0,13864.0,99.875,84717.0,17881.0,99.84,33343.0,9395.0,99.805,94610.0,22509.0,99.76,109296.0,10855.0,99.73,20293.0,6934.0,99.66,65941.0,8185.0,99.625,60773.0,11940.0,99.545,15183.0,1292.0,99.48,43459.0,4837.0,99.44,22677.0,406.0,99.365,3531.0,16.0,99.29,6282.0,482.0,99.235,3137.0,179.0,99.17,113.0,2.0,99.105,52.0,3.0,99.065,22.0,2.0,99.05,15.0,NaN,98.965,NaN,NaN,98.92,NaN,NaN,99.11,98.91,98.91,98.91,98.91,98.91,98.82,98.82,98.82,98.82,98.82,98.82,98.7,98.66,98.66,98.66,98.66,98.66,98.66,98.66,98.66,98.66,98.66,98.66,98.54,98.44,98.44,98.44,98.44,98.44,98.44,98.44,98.36,98.36,NaN,NaN
2021-10-20,NaN,NaN,NaN,NaN,NaN,NaN,NaN,NaN,NaN,NaN,NaN,NaN,NaN,NaN,NaN,NaN,NaN,NaN,NaN,NaN,NaN,NaN,NaN,NaN,NaN,NaN,NaN,99.9225,127688.0,21747.0,99.925,113270.0,35398.0,99.925,88541.0,9605.0,99.925,110152.0,9912.0,99.915,93987.0,14241.0,99.905,45535.0,8819.0,99.895,87084.0,27264.0,99.87,78069.0,32176.0,99.835,32989.0,7446.0,99.8,109221.0,37399.0,99.76,109986.0,21735.0,99.725,20703.0,3010.0,99.665,70515.0,19813.0,99.63,63323.0,15018.0,99.55,15466.0,1384.0,99.485,42977.0,2830.0,99.445,22681.0,571.0,99.37,3541.0,41.0,99.3,6204.0,480.0,99.245,3197.0,277.0,99.18,213.0,204.0,99.115,52.0,81.0,99.075,21.0,2.0,99.06,15.0,NaN,98.975,NaN,NaN,98.93,NaN,NaN,99.12,98.92,98.92,98.92,98.92,98.92,98.83,98.83,98.83,98.83,98.83,98.83,98.71,98.67,98.67,98.67,98.67,98.67,98.67,98.67,98.67,98.67,98.67,98.67,98.55,98.45,98.45,98.45,98.45,98.45,98.45,98.45,98.37,98.37,NaN,NaN
2021-10-21,NaN,NaN,NaN,NaN,NaN,NaN,NaN,NaN,NaN,NaN,NaN,NaN,NaN,NaN,NaN,NaN,NaN,NaN,NaN,NaN,NaN,NaN,NaN,NaN,NaN,NaN,NaN,99.92,128241.0,2573.0,99.925,108954.0,19767.0,99.925,92019.0,14070.0,99.925,110093.0,15059.0,99.91,96603.0,25969.0,99.895,46715.0,12466.0,99.885,98392.0,50922.0,99.85,83721.0,45921.0,99.81,32069.0,18203.0,99.765,113981.0,31950.0,99.72,111995.0,25662.0,99.685,19578.0,7137.0,99.615,72317.0,15370.0,99.575,64947.0,7310.0,99.49,15684.0,2654.0,99.42,43668.0,5505.0,99.37,22507.0,1681.0,99.29,3498.0,65.0,99.21,6236.0,766.0,99.155,3357.0,431.0,99.09,213.0,1.0,99.025,52.0,1.0,98.985,22.0,1.0,98.97,16.0,1.0,98.885,NaN,NaN,98.84,NaN,NaN,99.03,98.83,98.83,98.83,98.83,98.83,98.74,98.74,98.74,98.74,98.74,98.74,98.62,98.58,98.58,98.58,98.58,98.58,98.58,98.58,98.58,98.58,98.58,98.58,98.46,98.36,98.36,98.36,98.36,98.36,98.36,98.36,98.28,98.28,NaN,NaN
2021-10-22,NaN,NaN,NaN,NaN,NaN,NaN,NaN,NaN,NaN,NaN,NaN,NaN,NaN,NaN,NaN,NaN,NaN,NaN,NaN,NaN,NaN,NaN,NaN,NaN,NaN,NaN,NaN,99.92,128235.0,1224.0,99.925,112604.0,8030.0,99.925,90609.0,9797.0,99.925,111845.0,8194.0,99.905,91981.0,22658.0,99.885,48970.0,15862.0,99.865,93090.0,38805.0,99.82,86119.0,44120.0,99.775,35142.0,22484.0,99.73,120285.0,49479.0,99.68,112218.0,27012.0,99.64,19510.0,6912.0,99.565,70414.0,25168.0,99.525,66778.0,14843.0,99.445,16744.0,4035.0,99.375,43911.0,6080.0,99.325,21883.0,1807.0,99.245,3507.0,42.0,99.17,6299.0,599.0,99.115,3374.0,154.0,99.05,213.0,NaN,98.985,52.0,NaN,98.945,22.0,NaN,98.88,16.0,NaN,98.795,NaN,NaN,98.75,NaN,NaN,98.94,98.74,98.74,98.74,98.74,98.74,98.65,98.65,98.65,98.65,98.65,98.65,98.53,98.49,98.49,98.49,98.49,98.49,98.49,98.49,98.49,98.49,98.49,98.49,98.37,98.27,98.27,98.27,98.27,98.27,98.27,98.27,98.19,98.19,NaN,NaN
2021-10-25,NaN,NaN,NaN,NaN,NaN,NaN,NaN,NaN,NaN,NaN,NaN,NaN,NaN,NaN,NaN,NaN,NaN,NaN,NaN,NaN,NaN,NaN,NaN,NaN,NaN,NaN,NaN,99.92,128056.0,1176.0,99.925,115385.0,8907.0,99.925,92761.0,4433.0,99.925,112296.0,3633.0,99.91,90759.0,11704.0,99.895,48849.0,8712.0,99.88,92570.0,21544.0,99.84,83617.0,17892.0,99.8,36689.0,8138.0,99.755,121355.0,12301.0,99.705,112625.0,14631.0,99.67,19084.0,2463.0,99.595,72368.0,13770.0,99.555,66362.0,6522.0,99.475,17120.0,1202.0,99.41,43371.0,2973.0,99.36,21649.0,744.0,99.285,3568.0,173.0,99.215,5580.0,1328.0,99.16,3375.0,131.0,99.095,213.0,1.0,99.03,52.0,NaN,98.99,22.0,NaN,98.925,16.0,NaN,98.875,NaN,NaN,98.83,NaN,NaN,99.02,98.82,98.82,98.82,98.82,98.82,98.73,98.73,98.73,98.73,98.73,98.73,98.61,98.57,98.57,98.57,98.57,98.57,98.57,98.57,98.57,98.57,98.57,98.57,98.45,98.35,98.35,98.35,98.35,98.35,98.35,98.35,98.27,98.27,NaN,NaN
2021-10-26,NaN,NaN,NaN,NaN,NaN,NaN,NaN,NaN,NaN,NaN,NaN,NaN,NaN,NaN,NaN,NaN,NaN,NaN,NaN,NaN,NaN,NaN,NaN,NaN,NaN,NaN,NaN,99.92,127874.0,968.0,99.925,115287.0,3599.0,99.925,92621.0,2211.0,99.925,112567.0,3545.0,99.91,91048.0,4655.0,99.895,49248.0,3179.0,99.88,92538.0,9767.0,99.84,83392.0,8163.0,99.795,37446.0,4182.0,99.75,122730.0,10414.0,99.7,112735.0,5512.0,99.665,19021.0,902.0,99.59,73861.0,7692.0,99.545,68023.0,6064.0,99.465,17095.0,150.0,99.4,43543.0,2308.0,99.35,21442.0,699.0,99.275,3573.0,9.0,99.205,5336.0,132.0,99.15,3407.0,111.0,99.085,213.0,1.0,99.02,52.0,NaN,98.98,22.0,NaN,98.915,16.0,NaN,98.87,NaN,NaN,98.825,NaN,NaN,99.015,98.815,98.815,98.815,98.815,98.815,98.725,98.725,98.725,98.725,98.725,98.725,98.605,98.565,98.565,98.565,98.565,98.565,98.565,98.565,98.565,98.565,98.565,98.565,98.445,98.345,98.345,98.345,98.345,98.345,98.345,98.345,98.265,98.265,NaN,NaN
2021-10-27,NaN,NaN,NaN,NaN,NaN,NaN,NaN,NaN,NaN,NaN,NaN,NaN,NaN,NaN,NaN,NaN,NaN,NaN,NaN,NaN,NaN,NaN,NaN,NaN,NaN,NaN,NaN,99.9225,128064.0,1321.0,99.925,116025.0,5512.0,99.925,93132.0,8058.0,99.925,114186.0,16149.0,99.91,92441.0,18924.0,99.89,50377.0,13476.0,99.875,94311.0,41321.0,99.835,87073.0,45210.0,99.785,39931.0,20192.0,99.735,121947.0,25156.0,99.675,112602.0,17764.0,99.635,18709.0,8391.0,99.555,73796.0,16095.0,99.51,66281.0,12514.0,99.43,17457.0,1452.0,99.365,43091.0,5198.0,99.315,21589.0,1334.0,99.24,3575.0,36.0,99.17,5706.0,1468.0,99.11,3730.0,835.0,99.05,211.0,2.0,98.99,52.0,18.0,98.95,39.0,18.0,98.885,16.0,NaN,98.86,NaN,NaN,98.815,NaN,NaN,99.005,98.805,98.805,98.805,98.805,98.805,98.715,98.715,98.715,98.715,98.715,98.715,98.595,98.555,98.555,98.555,98.555,98.555,98.555,98.555,98.555,98.555,98.555,98.555,98.435,98.335,98.335,98.335,98.335,98.335,98.335,98.335,98.255,98.255,NaN,NaN
2021-10-28,NaN,NaN,NaN,NaN,NaN,NaN,NaN,NaN,NaN,NaN,NaN,NaN,NaN,NaN,NaN,NaN,NaN,NaN,NaN,NaN,NaN,NaN,NaN,NaN,NaN,NaN,NaN,99.92,127709.0,1575.0,99.925,116058.0,3745.0,99.925,93557.0,12653.0,99.92,114108.0,11938.0,99.91,90243.0,28270.0,99.89,48646.0,14833.0,99.87,91113.0,45740.0,99.82,89477.0,48249.0,99.77,37780.0,21869.0,99.72,120541.0,40406.0,99.66,110920.0,25117.0,99.62,18955.0,4533.0,99.54,71141.0,21050.0,99.495,63861.0,13120.0,99.42,17230.0,1238.0,99.35,40514.0,9336.0,99.3,22287.0,2669.0,99.225,3560.0,180.0,99.155,5367.0,1073.0,99.095,4087.0,820.0,99.04,134.0,93.0,98.98,66.0,142.0,98.94,37.0,29.0,98.875,17.0,2.0,98.86,NaN,NaN,98.815,NaN,NaN,98.9,98.7,98.7,98.7,98.7,98.7,98.61,98.61,98.61,98.61,98.61,98.61,98.49,98.45,98.45,98.45,98.45,98.45,98.45,98.45,98.45,98.45,98.45,98.45,98.33,98.23,98.23,98.23,98.23,98.23,98.23,98.23,98.15,98.15,NaN,NaN
2021-10-29,NaN,NaN,NaN,NaN,NaN,NaN,NaN,NaN,NaN,NaN,NaN,NaN,NaN,NaN,NaN,NaN,NaN,NaN,NaN,NaN,NaN,NaN,NaN,NaN,NaN,NaN,NaN,99.92,127490.0,497.0,99.925,116012.0,6470.0,99.925,89636.0,12420.0,99.92,114069.0,5956.0,99.91,92196.0,21403.0,99.89,52619.0,13646.0,99.87,94065.0,31194.0,99.83,84738.0,40699.0,99.78,37632.0,12219.0,99.725,119799.0,24604.0,99.67,111519.0,13141.0,99.63,19066.0,5679.0,99.54,70800.0,11203.0,99.495,63359.0,6545.0,99.41,16971.0,2828.0,99.34,40584.0,4477.0,99.29,22677.0,2478.0,99.215,3579.0,74.0,99.14,5479.0,523.0,99.08,4208.0,430.0,99.025,127.0,86.0,98.965,54.0,43.0,98.925,36.0,2.0,98.86,16.0,1.0,98.845,NaN,NaN,98.8,NaN,NaN,98.885,98.685,98.685,98.685,98.685,98.685,98.595,98.595,98.595,98.595,98.595,98.595,98.475,98.435,98.435,98.435,98.435,98.435,98.435,98.435,98.435,98.435,98.435,98.435,98.315,98.215,98.215,98.215,98.215,98.215,98.215,98.215,98.135,98.135,98.13,NaN
2021-11-01,NaN,NaN,NaN,NaN,NaN,NaN,NaN,NaN,NaN,NaN,NaN,NaN,NaN,NaN,NaN,NaN,NaN,NaN,NaN,NaN,NaN,NaN,NaN,NaN,NaN,NaN,NaN,99.921,127490.0,NaN,99.925,113815.0,14642.0,99.925,89188.0,13580.0,99.925,114374.0,1452.0,99.91,94588.0,15788.0,99.89,50700.0,12172.0,99.87,97670.0,24842.0,99.83,86971.0,20654.0,99.775,39838.0,11009.0,99.715,120366.0,14181.0,99.65,108887.0,13710.0,99.61,19405.0,5612.0,99.53,72796.0,24537.0,99.47,65434.0,15985.0,99.39,16491.0,1584.0,99.32,40048.0,8111.0,99.27,21643.0,4876.0,99.195,3583.0,230.0,99.12,5324.0,621.0,99.06,4310.0,235.0,99.005,127.0,1.0,98.945,54.0,NaN,98.905,36.0,NaN,98.84,16.0,NaN,98.825,NaN,NaN,98.78,NaN,NaN,98.865,98.665,98.665,98.665,98.665,98.665,98.575,98.575,98.575,98.575,98.575,98.575,98.455,98.415,98.415,98.415,98.415,98.415,98.415,98.415,98.415,98.415,98.415,98.415,98.295,98.195,98.195,98.195,98.195,98.195,98.195,98.195,98.115,98.115,98.11,NaN
2021-11-02,NaN,NaN,NaN,NaN,NaN,NaN,NaN,NaN,NaN,NaN,NaN,NaN,NaN,NaN,NaN,NaN,NaN,NaN,NaN,NaN,NaN,NaN,NaN,NaN,NaN,NaN,NaN,NaN,NaN,NaN,99.925,114123.0,4557.0,99.925,90019.0,5378.0,99.925,113365.0,6414.0,99.915,92568.0,13486.0,99.9,50647.0,11535.0,99.885,100048.0,25361.0,99.85,87985.0,21146.0,99.8,36931.0,10178.0,99.75,119127.0,17306.0,99.695,106823.0,15394.0,99.66,19273.0,4338.0,99.585,72393.0,21838.0,99.53,62747.0,11840.0,99.46,17137.0,2976.0,99.395,41633.0,7140.0,99.345,22201.0,2881.0,99.275,3600.0,206.0,99.205,5719.0,718.0,99.145,4398.0,154.0,99.09,127.0,NaN,99.03,54.0,2.0,98.99,34.0,6.0,98.92,16.0,NaN,98.905,NaN,NaN,98.86,NaN,NaN,98.9,98.7,98.7,98.7,98.7,98.7,98.61,98.61,98.61,98.61,98.61,98.61,98.49,98.45,98.45,98.45,98.45,98.45,98.45,98.45,98.45,98.45,98.45,98.45,98.33,98.23,98.23,98.23,98.23,98.23,98.23,98.23,98.15,98.15,98.145,NaN
2021-11-03,NaN,NaN,NaN,NaN,NaN,NaN,NaN,NaN,NaN,NaN,NaN,NaN,NaN,NaN,NaN,NaN,NaN,NaN,NaN,NaN,NaN,NaN,NaN,NaN,NaN,NaN,NaN,NaN,NaN,NaN,99.92,109108.0,22879.0,99.92,87034.0,8768.0,99.92,114451.0,7935.0,99.915,89456.0,22517.0,99.9,50566.0,9422.0,99.88,100087.0,46542.0,99.835,90105.0,53987.0,99.785,36314.0,17821.0,99.73,121113.0,38986.0,99.675,107707.0,22541.0,99.635,19259.0,5870.0,99.56,69146.0,29497.0,99.5,63836.0,21215.0,99.43,16820.0,3462.0,99.365,41938.0,7762.0,99.315,23234.0,6227.0,99.245,3632.0,85.0,99.17,5690.0,538.0,99.11,4667.0,422.0,99.055,127.0,NaN,98.995,54.0,NaN,98.95,34.0,NaN,98.88,16.0,NaN,98.865,NaN,NaN,98.82,NaN,NaN,98.86,98.66,98.66,98.66,98.66,98.66,98.57,98.57,98.57,98.57,98.57,98.57,98.45,98.41,98.41,98.41,98.41,98.41,98.41,98.41,98.41,98.41,98.41,98.41,98.29,98.19,98.19,98.19,98.19,98.19,98.19,98.19,98.11,98.11,98.105,NaN
2021-11-04,NaN,NaN,NaN,NaN,NaN,NaN,NaN,NaN,NaN,NaN,NaN,NaN,NaN,NaN,NaN,NaN,NaN,NaN,NaN,NaN,NaN,NaN,NaN,NaN,NaN,NaN,NaN,NaN,NaN,NaN,99.9225,109465.0,1919.0,99.925,89068.0,3981.0,99.925,113434.0,9197.0,99.92,90391.0,12549.0,99.905,49957.0,14240.0,99.89,105479.0,37045.0,99.855,91610.0,38157.0,99.81,35899.0,20038.0,99.76,124416.0,31450.0,99.705,106251.0,19511.0,99.675,20171.0,6600.0,99.605,68433.0,14978.0,99.55,65237.0,12965.0,99.49,17323.0,5177.0,99.435,41173.0,4721.0,99.39,23132.0,2365.0,99.32,3647.0,216.0,99.255,6131.0,1377.0,99.2,4516.0,185.0,99.145,127.0,25.0,99.085,54.0,12.0,99.04,34.0,NaN,98.97,16.0,NaN,98.955,NaN,NaN,98.91,NaN,NaN,98.9,98.7,98.7,98.7,98.7,98.7,98.61,98.61,98.61,98.61,98.61,98.61,98.49,98.45,98.45,98.45,98.45,98.45,98.45,98.45,98.45,98.45,98.45,98.45,98.33,98.23,98.23,98.23,98.23,98.23,98.23,98.23,98.15,98.15,98.145,NaN
2021-11-05,NaN,NaN,NaN,NaN,NaN,NaN,NaN,NaN,NaN,NaN,NaN,NaN,NaN,NaN,NaN,NaN,NaN,NaN,NaN,NaN,NaN,NaN,NaN,NaN,NaN,NaN,NaN,NaN,NaN,NaN,99.9225,109275.0,2326.0,99.925,90452.0,3248.0,99.925,110307.0,8355.0,99.92,89927.0,11665.0,99.91,51911.0,11391.0,99.9,110923.0,31305.0,99.865,84802.0,30837.0,99.825,33346.0,17796.0,99.78,125621.0,34452.0,99.735,104553.0,15633.0,99.705,20293.0,10163.0,99.635,70944.0,20268.0,99.58,64788.0,14458.0,99.52,17538.0,5193.0,99.47,40886.0,5891.0,99.425,23360.0,2657.0,99.36,3640.0,175.0,99.3,6296.0,347.0,99.245,4441.0,121.0,99.19,127.0,21.0,99.135,57.0,3.0,99.09,35.0,2.0,99.02,17.0,1.0,98.98,NaN,NaN,98.935,NaN,NaN,98.9,98.7,98.7,98.7,98.7,98.7,98.61,98.61,98.61,98.61,98.61,98.61,98.49,98.45,98.45,98.45,98.45,98.45,98.45,98.45,98.45,98.45,98.45,98.45,98.33,98.23,98.23,98.23,98.23,98.23,98.23,98.23,98.15,98.15,98.145,NaN
2021-11-08,NaN,NaN,NaN,NaN,NaN,NaN,NaN,NaN,NaN,NaN,NaN,NaN,NaN,NaN,NaN,NaN,NaN,NaN,NaN,NaN,NaN,NaN,NaN,NaN,NaN,NaN,NaN,NaN,NaN,NaN,99.92,108654.0,2801.0,99.92,90359.0,1649.0,99.92,108878.0,3700.0,99.915,91030.0,6322.0,99.905,51720.0,3656.0,99.89,111127.0,7691.0,99.85,85386.0,8763.0,99.805,33867.0,4223.0,99.755,126875.0,9858.0,99.7,105045.0,4745.0,99.665,19835.0,1953.0,99.59,68948.0,4386.0,99.535,65631.0,2748.0,99.47,18171.0,2205.0,99.415,41236.0,4722.0,99.365,23744.0,1438.0,99.3,3532.0,216.0,99.24,6280.0,77.0,99.185,4444.0,46.0,99.13,127.0,16.0,99.075,57.0,4.0,99.03,35.0,NaN,98.96,17.0,NaN,98.92,NaN,NaN,98.875,NaN,NaN,98.84,98.64,98.64,98.64,98.64,98.64,98.55,98.55,98.55,98.55,98.55,98.55,98.43,98.39,98.39,98.39,98.39,98.39,98.39,98.39,98.39,98.39,98.39,98.39,98.27,98.17,98.17,98.17,98.17,98.17,98.17,98.17,98.09,98.09,98.085,NaN
2021-11-09,NaN,NaN,NaN,NaN,NaN,NaN,NaN,NaN,NaN,NaN,NaN,NaN,NaN,NaN,NaN,NaN,NaN,NaN,NaN,NaN,NaN,NaN,NaN,NaN,NaN,NaN,NaN,NaN,NaN,NaN,99.92,108305.0,1286.0,99.92,90747.0,1579.0,99.92,109450.0,979.0,99.92,91335.0,10841.0,99.91,51646.0,2516.0,99.895,111283.0,9944.0,99.865,84216.0,13279.0,99.82,32941.0,5045.0,99.775,126504.0,16708.0,99.73,104318.0,7371.0,99.7,19698.0,2399.0,99.63,66660.0,8361.0,99.575,64216.0,6414.0,99.51,18206.0,1143.0,99.455,39672.0,4179.0,99.405,23399.0,1589.0,99.34,3722.0,684.0,99.275,6270.0,567.0,99.22,4451.0,107.0,99.165,127.0,NaN,99.11,57.0,NaN,99.065,35.0,NaN,98.995,17.0,NaN,98.955,NaN,NaN,98.91,NaN,NaN,98.875,98.675,98.675,98.675,98.675,98.675,98.585,98.585,98.585,98.585,98.585,98.585,98.465,98.425,98.425,98.425,98.425,98.425,98.425,98.425,98.425,98.425,98.425,98.425,98.305,98.205,98.205,98.205,98.205,98.205,98.205,98.205,98.125,98.125,98.12,NaN
2021-11-10,NaN,NaN,NaN,NaN,NaN,NaN,NaN,NaN,NaN,NaN,NaN,NaN,NaN,NaN,NaN,NaN,NaN,NaN,NaN,NaN,NaN,NaN,NaN,NaN,NaN,NaN,NaN,NaN,NaN,NaN,99.92,107850.0,1510.0,99.92,90887.0,2812.0,99.92,107992.0,16057.0,99.915,96921.0,33057.0,99.895,49705.0,18617.0,99.875,112304.0,44652.0,99.835,87979.0,41025.0,99.785,33424.0,10352.0,99.73,127843.0,26829.0,99.67,107103.0,17407.0,99.63,20042.0,6323.0,99.545,67362.0,19737.0,99.485,64861.0,13381.0,99.405,18936.0,4819.0,99.335,39402.0,6127.0,99.28,22406.0,2409.0,99.2,3710.0,182.0,99.125,6355.0,507.0,99.055,4647.0,302.0,98.995,132.0,5.0,98.925,141.0,90.0,98.88,35.0,2.0,98.81,16.0,1.0,98.77,NaN,NaN,98.725,NaN,NaN,98.69,98.49,98.49,98.49,98.49,98.49,98.4,98.4,98.4,98.4,98.4,98.4,98.28,98.24,98.24,98.24,98.24,98.24,98.24,98.24,98.24,98.24,98.24,98.24,98.12,98.02,98.02,98.02,98.02,98.02,98.02,98.02,97.94,97.94,97.935,NaN
2021-11-11,NaN,NaN,NaN,NaN,NaN,NaN,NaN,NaN,NaN,NaN,NaN,NaN,NaN,NaN,NaN,NaN,NaN,NaN,NaN,NaN,NaN,NaN,NaN,NaN,NaN,NaN,NaN,NaN,NaN,NaN,99.92,107816.0,256.0,99.92,91093.0,1423.0,99.92,109599.0,5527.0,99.91,97390.0,2064.0,99.89,49661.0,2236.0,99.865,116875.0,14737.0,99.82,86286.0,10751.0,99.76,33619.0,1534.0,99.695,128746.0,5915.0,99.63,106714.0,1485.0,99.59,20056.0,455.0,99.495,66984.0,1602.0,99.43,64899.0,1156.0,99.35,18746.0,1403.0,99.28,39083.0,1180.0,99.22,22261.0,388.0,99.135,3679.0,80.0,99.055,6363.0,97.0,98.985,4653.0,87.0,98.925,132.0,NaN,98.855,141.0,NaN,98.81,35.0,NaN,98.74,16.0,NaN,98.7,NaN,NaN,98.655,NaN,NaN,98.62,98.42,98.42,98.42,98.42,98.42,98.33,98.33,98.33,98.33,98.33,98.33,98.21,98.17,98.17,98.17,98.17,98.17,98.17,98.17,98.17,98.17,98.17,98.17,98.05,97.95,97.95,97.95,97.95,97.95,97.95,97.95,97.87,97.87,97.865,NaN
2021-11-12,NaN,NaN,NaN,NaN,NaN,NaN,NaN,NaN,NaN,NaN,NaN,NaN,NaN,NaN,NaN,NaN,NaN,NaN,NaN,NaN,NaN,NaN,NaN,NaN,NaN,NaN,NaN,NaN,NaN,NaN,99.92,107981.0,475.0,99.92,90508.0,2793.0,99.92,110554.0,2968.0,99.91,103848.0,18407.0,99.89,49848.0,3568.0,99.865,126166.0,38732.0,99.82,88655.0,19656.0,99.76,34050.0,5555.0,99.7,131392.0,21505.0,99.635,104958.0,11101.0,99.595,19666.0,3285.0,99.5,67579.0,6971.0,99.435,66065.0,7313.0,99.355,19400.0,2601.0,99.285,39153.0,3146.0,99.225,22466.0,915.0,99.14,3677.0,163.0,99.06,6375.0,496.0,98.99,4740.0,225.0,98.93,132.0,NaN,98.86,141.0,NaN,98.815,35.0,NaN,98.745,16.0,NaN,98.705,NaN,NaN,98.66,NaN,NaN,98.625,98.425,98.425,98.425,98.425,98.425,98.335,98.335,98.335,98.335,98.335,98.335,98.215,98.175,98.175,98.175,98.175,98.175,98.175,98.175,98.175,98.175,98.175,98.175,98.055,97.955,97.955,97.955,97.955,97.955,97.955,97.955,97.875,97.875,97.87,NaN
2021-11-15,NaN,NaN,NaN,NaN,NaN,NaN,NaN,NaN,NaN,NaN,NaN,NaN,NaN,NaN,NaN,NaN,NaN,NaN,NaN,NaN,NaN,NaN,NaN,NaN,NaN,NaN,NaN,NaN,NaN,NaN,99.92,108353.0,162.0,99.92,84570.0,13345.0,99.92,114653.0,12254.0,99.91,103540.0,2407.0,99.89,49969.0,1625.0,99.865,125937.0,9986.0,99.82,90096.0,7413.0,99.765,34137.0,3306.0,99.705,133521.0,7079.0,99.64,104043.0,4405.0,99.6,19758.0,1171.0,99.505,67009.0,2662.0,99.44,66520.0,4370.0,99.36,19353.0,1419.0,99.29,39650.0,1961.0,99.23,22618.0,399.0,99.145,3664.0,149.0,99.065,6452.0,123.0,98.995,4776.0,41.0,98.935,133.0,1.0,98.865,144.0,2.0,98.82,42.0,1.0,98.75,16.0,NaN,98.71,NaN,NaN,98.665,NaN,NaN,98.63,98.43,98.43,98.43,98.43,98.43,98.34,98.34,98.34,98.34,98.34,98.34,98.22,98.18,98.18,98.18,98.18,98.18,98.18,98.18,98.18,98.18,98.18,98.18,98.06,97.96,97.96,97.96,97.96,97.96,97.96,97.96,97.88,97.88,97.875,NaN
2021-11-16,NaN,NaN,NaN,NaN,NaN,NaN,NaN,NaN,NaN,NaN,NaN,NaN,NaN,NaN,NaN,NaN,NaN,NaN,NaN,NaN,NaN,NaN,NaN,NaN,NaN,NaN,NaN,NaN,NaN,NaN,99.9225,111925.0,4702.0,99.92,84559.0,4432.0,99.92,114024.0,8536.0,99.91,102028.0,23372.0,99.885,51503.0,7147.0,99.86,130733.0,29438.0,99.815,90234.0,19183.0,99.76,36806.0,6221.0,99.705,132450.0,15725.0,99.64,103610.0,7906.0,99.595,19846.0,1343.0,99.5,66631.0,7105.0,99.435,65838.0,7323.0,99.355,19437.0,1098.0,99.285,39635.0,2627.0,99.225,22821.0,2084.0,99.14,3680.0,580.0,99.06,6810.0,474.0,98.99,4780.0,9.0,98.93,132.0,NaN,98.86,141.0,NaN,98.815,35.0,NaN,98.745,16.0,NaN,98.705,NaN,NaN,98.66,NaN,NaN,98.625,98.425,98.425,98.425,98.425,98.425,98.335,98.335,98.335,98.335,98.335,98.335,98.215,98.175,98.175,98.175,98.175,98.175,98.175,98.175,98.175,98.175,98.175,98.175,98.055,97.955,97.955,97.955,97.955,97.955,97.955,97.955,97.875,97.875,97.87,NaN
2021-11-17,NaN,NaN,NaN,NaN,NaN,NaN,NaN,NaN,NaN,NaN,NaN,NaN,NaN,NaN,NaN,NaN,NaN,NaN,NaN,NaN,NaN,NaN,NaN,NaN,NaN,NaN,NaN,NaN,NaN,NaN,99.92,110679.0,236.0,99.92,83541.0,1714.0,99.92,113493.0,8625.0,99.91,102922.0,7173.0,99.89,53178.0,3984.0,99.87,131119.0,14424.0,99.825,90532.0,10142.0,99.775,40453.0,9183.0,99.72,136298.0,12743.0,99.66,102258.0,7654.0,99.615,20219.0,1228.0,99.525,65184.0,10860.0,99.46,68397.0,7576.0,99.38,19736.0,1597.0,99.31,41736.0,6141.0,99.25,22591.0,774.0,99.165,3650.0,317.0,99.085,6803.0,93.0,99.015,4777.0,18.0,98.955,132.0,10.0,98.885,141.0,13.0,98.825,36.0,12.0,98.765,16.0,11.0,98.725,NaN,10.0,98.685,NaN,10.0,98.65,98.45,98.45,98.45,98.45,98.45,98.36,98.36,98.36,98.36,98.36,98.36,98.24,98.2,98.2,98.2,98.2,98.2,98.2,98.2,98.2,98.2,98.2,98.2,98.08,97.98,97.98,97.98,97.98,97.98,97.98,97.98,97.9,97.9,97.895,NaN
2021-11-18,NaN,NaN,NaN,NaN,NaN,NaN,NaN,NaN,NaN,NaN,NaN,NaN,NaN,NaN,NaN,NaN,NaN,NaN,NaN,NaN,NaN,NaN,NaN,NaN,NaN,NaN,NaN,NaN,NaN,NaN,99.92,115407.0,34504.0,99.92,84228.0,2593.0,99.92,114372.0,3545.0,99.91,111366.0,20844.0,99.895,56183.0,20171.0,99.88,134970.0,20253.0,99.835,94551.0,16757.0,99.785,39313.0,3979.0,99.73,135881.0,12268.0,99.67,105173.0,11996.0,99.625,20688.0,2301.0,99.53,63405.0,4699.0,99.465,67712.0,4608.0,99.39,19671.0,1078.0,99.32,42047.0,3458.0,99.26,22778.0,1109.0,99.18,3337.0,612.0,99.1,6794.0,267.0,99.03,4761.0,18.0,98.97,132.0,NaN,98.9,150.0,6.0,98.84,39.0,3.0,98.78,16.0,NaN,98.74,NaN,NaN,98.7,NaN,NaN,98.665,98.465,98.465,98.465,98.465,98.465,98.375,98.375,98.375,98.375,98.375,98.375,98.255,98.215,98.215,98.215,98.215,98.215,98.215,98.215,98.215,98.215,98.215,98.215,98.095,97.995,97.995,97.995,97.995,97.995,97.995,97.995,97.915,97.915,97.91,NaN
2021-11-19,NaN,NaN,NaN,NaN,NaN,NaN,NaN,NaN,NaN,NaN,NaN,NaN,NaN,NaN,NaN,NaN,NaN,NaN,NaN,NaN,NaN,NaN,NaN,NaN,NaN,NaN,NaN,NaN,NaN,NaN,99.92,107040.0,7632.0,99.92,87389.0,12802.0,99.92,111463.0,22168.0,99.91,115016.0,61829.0,99.89,51418.0,15185.0,99.865,147633.0,82833.0,99.815,112459.0,70466.0,99.765,39652.0,14981.0,99.71,138906.0,30387.0,99.645,105528.0,20234.0,99.605,20061.0,4787.0,99.51,61448.0,14930.0,99.445,68376.0,9782.0,99.37,20662.0,3298.0,99.31,42420.0,7719.0,99.255,23458.0,3153.0,99.175,3268.0,513.0,99.1,6832.0,1746.0,99.035,4724.0,312.0,98.975,132.0,NaN,98.905,150.0,NaN,98.845,39.0,NaN,98.785,16.0,NaN,98.75,NaN,NaN,98.71,NaN,NaN,98.675,98.475,98.475,98.475,98.475,98.475,98.385,98.385,98.385,98.385,98.385,98.385,98.265,98.225,98.225,98.225,98.225,98.225,98.225,98.225,98.225,98.225,98.225,98.225,98.105,98.005,98.005,98.005,98.005,98.005,98.005,98.005,97.925,97.925,97.92,NaN
2021-11-22,NaN,NaN,NaN,NaN,NaN,NaN,NaN,NaN,NaN,NaN,NaN,NaN,NaN,NaN,NaN,NaN,NaN,NaN,NaN,NaN,NaN,NaN,NaN,NaN,NaN,NaN,NaN,NaN,NaN,NaN,99.92,106972.0,2122.0,99.92,87434.0,1600.0,99.92,111210.0,9928.0,99.91,115170.0,17119.0,99.885,51085.0,16498.0,99.855,148644.0,69109.0,99.785,120696.0,57923.0,99.725,39695.0,12268.0,99.66,134587.0,32591.0,99.58,101701.0,23568.0,99.54,20221.0,3008.0,99.445,61606.0,15254.0,99.375,68121.0,7796.0,99.295,20747.0,3465.0,99.225,42859.0,6711.0,99.16,23530.0,2904.0,99.08,3325.0,271.0,99.0,7582.0,1463.0,98.93,4788.0,275.0,98.865,130.0,3.0,98.795,150.0,NaN,98.735,39.0,NaN,98.675,16.0,NaN,98.64,NaN,NaN,98.605,NaN,NaN,98.595,98.395,98.395,98.395,98.395,98.395,98.305,98.305,98.305,98.305,98.305,98.305,98.185,98.145,98.145,98.145,98.145,98.145,98.145,98.145,98.145,98.145,98.145,98.145,98.025,97.925,97.925,97.925,97.925,97.925,97.925,97.925,97.845,97.845,97.84,NaN
2021-11-23,NaN,NaN,NaN,NaN,NaN,NaN,NaN,NaN,NaN,NaN,NaN,NaN,NaN,NaN,NaN,NaN,NaN,NaN,NaN,NaN,NaN,NaN,NaN,NaN,NaN,NaN,NaN,NaN,NaN,NaN,99.9175,107120.0,4269.0,99.915,86947.0,3341.0,99.915,113508.0,7202.0,99.905,117332.0,14493.0,99.88,49666.0,9640.0,99.85,156846.0,37788.0,99.785,121242.0,27422.0,99.725,40897.0,5079.0,99.665,145288.0,33802.0,99.59,106889.0,23337.0,99.55,20245.0,1902.0,99.46,62170.0,15557.0,99.395,67957.0,10948.0,99.32,21014.0,1823.0,99.25,41837.0,6479.0,99.185,23298.0,2220.0,99.105,3582.0,679.0,99.03,7798.0,1203.0,98.96,4449.0,339.0,98.895,130.0,NaN,98.825,149.0,27.0,98.765,39.0,2.0,98.7,16.0,NaN,98.665,NaN,NaN,98.63,NaN,NaN,98.62,98.42,98.42,98.42,98.42,98.42,98.33,98.33,98.33,98.33,98.33,98.33,98.21,98.17,98.17,98.17,98.17,98.17,98.17,98.17,98.17,98.17,98.17,98.17,98.05,97.95,97.95,97.95,97.95,97.95,97.95,97.95,97.87,97.87,97.865,NaN
2021-11-24,NaN,NaN,NaN,NaN,NaN,NaN,NaN,NaN,NaN,NaN,NaN,NaN,NaN,NaN,NaN,NaN,NaN,NaN,NaN,NaN,NaN,NaN,NaN,NaN,NaN,NaN,NaN,NaN,NaN,NaN,99.92,105313.0,2787.0,99.92,86779.0,2324.0,99.92,115379.0,18942.0,99.91,121519.0,42997.0,99.875,51057.0,24656.0,99.84,161789.0,68381.0,99.76,125481.0,34479.0,99.695,41697.0,7854.0,99.625,147406.0,27381.0,99.555,111761.0,17142.0,99.51,20545.0,1627.0,99.42,61517.0,6702.0,99.355,67453.0,4942.0,99.28,21004.0,898.0,99.21,42454.0,4706.0,99.145,23415.0,1475.0,99.065,3597.0,335.0,98.99,7810.0,375.0,98.92,4492.0,105.0,98.855,132.0,10.0,98.785,149.0,16.0,98.72,36.0,22.0,98.655,18.0,10.0,98.62,2.0,10.0,98.585,2.0,11.0,98.575,98.375,98.375,98.375,98.375,98.375,98.285,98.285,98.285,98.285,98.285,98.285,98.165,98.125,98.125,98.125,98.125,98.125,98.125,98.125,98.125,98.125,98.125,98.125,98.005,97.905,97.905,97.905,97.905,97.905,97.905,97.905,97.825,97.825,97.82,NaN
2021-11-26,NaN,NaN,NaN,NaN,NaN,NaN,NaN,NaN,NaN,NaN,NaN,NaN,NaN,NaN,NaN,NaN,NaN,NaN,NaN,NaN,NaN,NaN,NaN,NaN,NaN,NaN,NaN,NaN,NaN,NaN,99.92,104829.0,1353.0,99.92,87068.0,3956.0,99.925,116942.0,12198.0,99.915,121330.0,31510.0,99.895,59710.0,26112.0,99.875,170893.0,102885.0,99.825,121826.0,56549.0,99.78,40998.0,9867.0,99.73,148032.0,35827.0,99.67,112826.0,23144.0,99.635,20539.0,4817.0,99.565,62739.0,22057.0,99.505,68996.0,12194.0,99.44,21225.0,3534.0,99.38,41232.0,7551.0,99.32,23026.0,2963.0,99.245,3175.0,754.0,99.175,7812.0,1060.0,99.105,4677.0,350.0,99.04,132.0,NaN,98.97,149.0,2.0,98.905,36.0,2.0,98.84,18.0,NaN,98.805,2.0,NaN,98.77,2.0,NaN,98.75,98.55,98.55,98.55,98.55,98.55,98.46,98.46,98.46,98.46,98.46,98.46,98.34,98.3,98.3,98.3,98.3,98.3,98.3,98.3,98.3,98.3,98.3,98.3,98.18,98.08,98.08,98.08,98.08,98.08,98.08,98.08,98.0,98.0,97.995,NaN
2021-11-29,NaN,NaN,NaN,NaN,NaN,NaN,NaN,NaN,NaN,NaN,NaN,NaN,NaN,NaN,NaN,NaN,NaN,NaN,NaN,NaN,NaN,NaN,NaN,NaN,NaN,NaN,NaN,NaN,NaN,NaN,99.92,104515.0,631.0,99.92,88307.0,5861.0,99.925,119352.0,5062.0,99.915,130414.0,29535.0,99.895,60931.0,16125.0,99.87,194560.0,83486.0,99.825,124610.0,39562.0,99.78,40035.0,9205.0,99.735,148499.0,36745.0,99.68,112076.0,23964.0,99.645,22072.0,6177.0,99.57,61918.0,19154.0,99.51,72322.0,12834.0,99.445,20855.0,2969.0,99.385,40969.0,8910.0,99.325,23015.0,2124.0,99.25,3117.0,198.0,99.18,7205.0,800.0,99.11,4198.0,638.0,99.045,132.0,NaN,98.975,140.0,16.0,98.91,38.0,3.0,98.845,18.0,1.0,98.81,2.0,NaN,98.775,2.0,NaN,98.75,98.55,98.55,98.55,98.55,98.55,98.46,98.46,98.46,98.46,98.46,98.46,98.34,98.3,98.3,98.3,98.3,98.3,98.3,98.3,98.3,98.3,98.3,98.3,98.18,98.08,98.08,98.08,98.08,98.08,98.08,98.08,98.0,98.0,97.995,NaN
2021-11-30,NaN,NaN,NaN,NaN,NaN,NaN,NaN,NaN,NaN,NaN,NaN,NaN,NaN,NaN,NaN,NaN,NaN,NaN,NaN,NaN,NaN,NaN,NaN,NaN,NaN,NaN,NaN,NaN,NaN,NaN,99.92,104289.0,723.0,99.92,85887.0,8539.0,99.92,118220.0,22008.0,99.915,148107.0,59102.0,99.885,58728.0,16950.0,99.855,206962.0,116316.0,99.8,130739.0,83092.0,99.755,41207.0,14846.0,99.705,155771.0,69303.0,99.65,116005.0,51127.0,99.62,22899.0,8173.0,99.545,61352.0,21398.0,99.485,73695.0,12009.0,99.42,21604.0,7418.0,99.36,41489.0,11933.0,99.3,23351.0,5049.0,99.225,3103.0,544.0,99.155,7587.0,1889.0,99.085,4567.0,561.0,99.02,232.0,126.0,98.95,174.0,40.0,98.885,44.0,18.0,98.82,19.0,2.0,98.785,3.0,3.0,98.75,2.0,2.0,98.725,98.525,98.525,98.525,98.525,98.525,98.435,98.435,98.435,98.435,98.435,98.435,98.315,98.275,98.275,98.275,98.275,98.275,98.275,98.275,98.275,98.275,98.275,98.275,98.155,98.055,98.055,98.055,98.055,98.055,98.055,98.055,97.975,97.975,97.97,97.95
2021-12-01,NaN,NaN,NaN,NaN,NaN,NaN,NaN,NaN,NaN,NaN,NaN,NaN,NaN,NaN,NaN,NaN,NaN,NaN,NaN,NaN,NaN,NaN,NaN,NaN,NaN,NaN,NaN,NaN,NaN,NaN,99.92,104289.0,NaN,99.9175,87617.0,10381.0,99.92,115158.0,20526.0,99.915,154281.0,43320.0,99.885,58885.0,17655.0,99.855,198814.0,69045.0,99.795,137274.0,63195.0,99.745,42985.0,10750.0,99.69,162229.0,45173.0,99.635,117647.0,30435.0,99.6,22573.0,4257.0,99.52,62952.0,14888.0,99.46,73436.0,6487.0,99.39,21967.0,2321.0,99.33,42223.0,6029.0,99.27,23241.0,2596.0,99.195,3080.0,446.0,99.12,8331.0,1472.0,99.05,4871.0,491.0,98.99,323.0,123.0,98.92,254.0,95.0,98.855,61.0,25.0,98.79,19.0,NaN,98.73,3.0,NaN,98.695,2.0,NaN,98.67,98.47,98.47,98.47,98.47,98.47,98.38,98.38,98.38,98.38,98.38,98.38,98.26,98.22,98.22,98.22,98.22,98.22,98.22,98.22,98.22,98.22,98.22,98.22,98.1,98.0,98.0,98.0,98.0,98.0,98.0,98.0,97.92,97.92,97.915,97.895
2021-12-02,NaN,NaN,NaN,NaN,NaN,NaN,NaN,NaN,NaN,NaN,NaN,NaN,NaN,NaN,NaN,NaN,NaN,NaN,NaN,NaN,NaN,NaN,NaN,NaN,NaN,NaN,NaN,NaN,NaN,NaN,NaN,NaN,NaN,99.92,86029.0,5291.0,99.92,117671.0,10436.0,99.91,149829.0,23092.0,99.875,58531.0,25803.0,99.84,192117.0,31571.0,99.775,135585.0,24653.0,99.72,42223.0,8272.0,99.66,163001.0,24336.0,99.6,121163.0,17284.0,99.565,23358.0,5482.0,99.475,64753.0,12698.0,99.41,74693.0,5728.0,99.335,22409.0,2021.0,99.27,43699.0,5671.0,99.21,23921.0,1874.0,99.13,3016.0,356.0,99.055,8258.0,694.0,98.985,5009.0,471.0,98.93,323.0,NaN,98.86,254.0,5.0,98.795,61.0,6.0,98.74,19.0,NaN,98.7,3.0,NaN,98.68,2.0,NaN,98.655,98.47,98.47,98.47,98.47,98.47,98.38,98.38,98.38,98.38,98.38,98.38,98.26,98.22,98.22,98.22,98.22,98.22,98.22,98.22,98.22,98.22,98.22,98.22,98.1,98.0,98.0,98.0,98.0,98.0,98.0,98.0,97.92,97.92,97.915,97.895
2021-12-03,NaN,NaN,NaN,NaN,NaN,NaN,NaN,NaN,NaN,NaN,NaN,NaN,NaN,NaN,NaN,NaN,NaN,NaN,NaN,NaN,NaN,NaN,NaN,NaN,NaN,NaN,NaN,NaN,NaN,NaN,NaN,NaN,NaN,99.92,85440.0,2212.0,99.92,117123.0,2797.0,99.91,151154.0,22512.0,99.88,56237.0,19815.0,99.845,192790.0,55985.0,99.785,133504.0,49290.0,99.735,43158.0,8432.0,99.68,163474.0,34607.0,99.62,120337.0,31430.0,99.59,23008.0,3997.0,99.51,64836.0,11637.0,99.445,75039.0,11919.0,99.37,22484.0,3443.0,99.305,43682.0,8945.0,99.245,24183.0,3634.0,99.165,3052.0,239.0,99.09,8883.0,2429.0,99.025,5231.0,279.0,98.97,323.0,NaN,98.9,254.0,NaN,98.835,62.0,1.0,98.78,19.0,NaN,98.74,3.0,NaN,98.72,2.0,NaN,98.695,98.51,98.51,98.51,98.51,98.51,98.42,98.42,98.42,98.42,98.42,98.42,98.3,98.26,98.26,98.26,98.26,98.26,98.26,98.26,98.26,98.26,98.26,98.26,98.14,98.04,98.04,98.04,98.04,98.04,98.04,98.04,97.96,97.96,97.955,97.935
2021-12-06,NaN,NaN,NaN,NaN,NaN,NaN,NaN,NaN,NaN,NaN,NaN,NaN,NaN,NaN,NaN,NaN,NaN,NaN,NaN,NaN,NaN,NaN,NaN,NaN,NaN,NaN,NaN,NaN,NaN,NaN,NaN,NaN,NaN,99.92,85402.0,623.0,99.92,117619.0,3535.0,99.905,151297.0,12238.0,99.87,56807.0,9958.0,99.83,193088.0,26010.0,99.76,134631.0,17823.0,99.705,42675.0,2939.0,99.65,163517.0,11709.0,99.585,120777.0,7877.0,99.55,23582.0,2398.0,99.47,65535.0,8320.0,99.405,74307.0,4212.0,99.33,22479.0,2292.0,99.265,43690.0,4121.0,99.205,24086.0,898.0,99.125,2996.0,296.0,99.045,8561.0,1014.0,98.98,5231.0,40.0,98.925,473.0,150.0,98.855,254.0,1.0,98.79,61.0,2.0,98.735,19.0,NaN,98.695,3.0,NaN,98.675,2.0,NaN,98.65,98.465,98.465,98.465,98.465,98.465,98.375,98.375,98.375,98.375,98.375,98.375,98.255,98.215,98.215,98.215,98.215,98.215,98.215,98.215,98.215,98.215,98.215,98.215,98.095,97.995,97.995,97.995,97.995,97.995,97.995,97.995,97.915,97.915,97.91,97.89
2021-12-07,NaN,NaN,NaN,NaN,NaN,NaN,NaN,NaN,NaN,NaN,NaN,NaN,NaN,NaN,NaN,NaN,NaN,NaN,NaN,NaN,NaN,NaN,NaN,NaN,NaN,NaN,NaN,NaN,NaN,NaN,NaN,NaN,NaN,99.9225,84568.0,1554.0,99.925,119880.0,7715.0,99.91,147831.0,32705.0,99.865,58526.0,10250.0,99.82,193680.0,34173.0,99.74,128791.0,22754.0,99.68,43805.0,5046.0,99.62,163325.0,17101.0,99.55,124114.0,16675.0,99.515,24443.0,4276.0,99.43,65957.0,8165.0,99.36,74670.0,6502.0,99.285,22168.0,2757.0,99.22,43414.0,9907.0,99.155,24458.0,2965.0,99.075,3062.0,146.0,98.995,9093.0,2193.0,98.93,5539.0,509.0,98.875,524.0,115.0,98.805,273.0,175.0,98.745,97.0,122.0,98.69,19.0,NaN,98.65,3.0,NaN,98.63,2.0,NaN,98.605,98.42,98.42,98.42,98.42,98.42,98.33,98.33,98.33,98.33,98.33,98.33,98.21,98.17,98.17,98.17,98.17,98.17,98.17,98.17,98.17,98.17,98.17,98.17,98.05,97.95,97.95,97.95,97.95,97.95,97.95,97.95,97.87,97.87,97.865,97.845
2021-12-08,NaN,NaN,NaN,NaN,NaN,NaN,NaN,NaN,NaN,NaN,NaN,NaN,NaN,NaN,NaN,NaN,NaN,NaN,NaN,NaN,NaN,NaN,NaN,NaN,NaN,NaN,NaN,NaN,NaN,NaN,NaN,NaN,NaN,99.9175,86497.0,6556.0,99.915,119448.0,5246.0,99.905,145175.0,25228.0,99.865,57997.0,10365.0,99.82,191826.0,35082.0,99.75,124825.0,24923.0,99.695,44948.0,6807.0,99.635,165110.0,17359.0,99.57,124423.0,21437.0,99.53,25249.0,4893.0,99.45,65195.0,8419.0,99.38,74097.0,7999.0,99.305,22076.0,1440.0,99.24,42124.0,6247.0,99.175,24696.0,1395.0,99.095,3150.0,150.0,99.015,9035.0,1021.0,98.95,5585.0,203.0,98.895,524.0,3.0,98.825,293.0,30.0,98.765,97.0,5.0,98.71,19.0,NaN,98.67,3.0,NaN,98.63,2.0,NaN,98.605,98.44,98.44,98.44,98.44,98.44,98.35,98.35,98.35,98.35,98.35,98.35,98.23,98.19,98.19,98.19,98.19,98.19,98.19,98.19,98.19,98.19,98.19,98.19,98.07,97.97,97.97,97.97,97.97,97.97,97.97,97.97,97.89,97.89,97.885,97.865
2021-12-09,NaN,NaN,NaN,NaN,NaN,NaN,NaN,NaN,NaN,NaN,NaN,NaN,NaN,NaN,NaN,NaN,NaN,NaN,NaN,NaN,NaN,NaN,NaN,NaN,NaN,NaN,NaN,NaN,NaN,NaN,NaN,NaN,NaN,99.92,87671.0,5164.0,99.92,122656.0,11364.0,99.905,144773.0,6476.0,99.865,58392.0,6276.0,99.82,194225.0,27744.0,99.745,126570.0,18168.0,99.69,44987.0,4742.0,99.63,166341.0,10168.0,99.56,126362.0,6774.0,99.52,24974.0,2184.0,99.435,65286.0,8472.0,99.365,73641.0,7137.0,99.29,22939.0,3024.0,99.22,42083.0,3611.0,99.155,24408.0,1389.0,99.075,3087.0,116.0,98.995,8839.0,786.0,98.93,5516.0,126.0,98.875,548.0,68.0,98.805,288.0,31.0,98.745,97.0,NaN,98.69,19.0,NaN,98.65,3.0,NaN,98.61,2.0,NaN,98.585,98.42,98.42,98.42,98.42,98.42,98.33,98.33,98.33,98.33,98.33,98.33,98.21,98.17,98.17,98.17,98.17,98.17,98.17,98.17,98.17,98.17,98.17,98.17,98.05,97.95,97.95,97.95,97.95,97.95,97.95,97.95,97.87,97.87,97.865,97.845
2021-12-10,NaN,NaN,NaN,NaN,NaN,NaN,NaN,NaN,NaN,NaN,NaN,NaN,NaN,NaN,NaN,NaN,NaN,NaN,NaN,NaN,NaN,NaN,NaN,NaN,NaN,NaN,NaN,NaN,NaN,NaN,NaN,NaN,NaN,99.9175,86752.0,3271.0,99.915,126125.0,10225.0,99.905,150536.0,48175.0,99.865,60851.0,11840.0,99.82,190080.0,31999.0,99.745,125091.0,27849.0,99.69,47177.0,11531.0,99.63,165659.0,19072.0,99.565,128514.0,14052.0,99.53,24310.0,3672.0,99.455,63640.0,12906.0,99.39,71020.0,9750.0,99.315,22795.0,3362.0,99.25,41658.0,5109.0,99.185,24592.0,1494.0,99.105,3118.0,85.0,99.03,8752.0,258.0,98.965,5374.0,263.0,98.905,443.0,232.0,98.835,213.0,212.0,98.775,46.0,110.0,98.72,15.0,6.0,98.68,6.0,6.0,98.64,5.0,7.0,98.615,98.45,98.45,98.45,98.45,98.45,98.36,98.36,98.36,98.36,98.36,98.36,98.24,98.2,98.2,98.2,98.2,98.2,98.2,98.2,98.2,98.2,98.2,98.2,98.08,97.98,97.98,97.98,97.98,97.98,97.98,97.98,97.9,97.9,97.895,97.875
2021-12-13,NaN,NaN,NaN,NaN,NaN,NaN,NaN,NaN,NaN,NaN,NaN,NaN,NaN,NaN,NaN,NaN,NaN,NaN,NaN,NaN,NaN,NaN,NaN,NaN,NaN,NaN,NaN,NaN,NaN,NaN,NaN,NaN,NaN,99.92,87606.0,1683.0,99.915,131629.0,37510.0,99.905,146724.0,21760.0,99.87,61800.0,11598.0,99.835,187260.0,47795.0,99.755,120701.0,22968.0,99.7,46454.0,3254.0,99.645,165427.0,7250.0,99.58,129390.0,5526.0,99.545,24655.0,2901.0,99.47,64541.0,7191.0,99.4,71589.0,4427.0,99.33,22908.0,1872.0,99.265,42770.0,4960.0,99.205,24856.0,1320.0,99.13,3305.0,366.0,99.055,8543.0,1586.0,98.99,5406.0,819.0,98.935,1006.0,570.0,98.87,441.0,300.0,98.815,49.0,29.0,98.76,11.0,10.0,98.72,16.0,10.0,98.68,15.0,10.0,98.655,98.585,98.585,98.585,98.585,98.585,98.495,98.495,98.495,98.495,98.495,98.495,98.375,98.335,98.335,98.335,98.335,98.335,98.335,98.335,98.335,98.335,98.335,98.335,98.215,98.115,98.115,98.115,98.115,98.115,98.115,98.115,98.035,98.035,98.03,98.01
2021-12-14,NaN,NaN,NaN,NaN,NaN,NaN,NaN,NaN,NaN,NaN,NaN,NaN,NaN,NaN,NaN,NaN,NaN,NaN,NaN,NaN,NaN,NaN,NaN,NaN,NaN,NaN,NaN,NaN,NaN,NaN,NaN,NaN,NaN,99.915,86842.0,8613.0,99.91,126985.0,25424.0,99.9,141069.0,29518.0,99.865,63556.0,6939.0,99.825,183236.0,32469.0,99.745,120965.0,24098.0,99.69,45690.0,3925.0,99.63,162670.0,21920.0,99.565,130970.0,13647.0,99.53,24856.0,1583.0,99.45,64055.0,5245.0,99.38,70940.0,4463.0,99.305,22943.0,1846.0,99.24,41536.0,8458.0,99.18,24587.0,5227.0,99.105,3473.0,346.0,99.03,8906.0,2217.0,98.965,5607.0,472.0,98.91,1415.0,439.0,98.845,618.0,234.0,98.795,61.0,54.0,98.74,26.0,39.0,98.7,39.0,41.0,98.655,24.0,19.0,98.63,98.56,98.56,98.56,98.56,98.56,98.47,98.47,98.47,98.47,98.47,98.47,98.35,98.31,98.31,98.31,98.31,98.31,98.31,98.31,98.31,98.31,98.31,98.31,98.19,98.09,98.09,98.09,98.09,98.09,98.09,98.09,98.01,98.01,98.005,97.985
2021-12-15,NaN,NaN,NaN,NaN,NaN,NaN,NaN,NaN,NaN,NaN,NaN,NaN,NaN,NaN,NaN,NaN,NaN,NaN,NaN,NaN,NaN,NaN,NaN,NaN,NaN,NaN,NaN,NaN,NaN,NaN,NaN,NaN,NaN,99.9175,84081.0,14218.0,99.915,148722.0,47548.0,99.905,150272.0,87993.0,99.855,63423.0,27269.0,99.8,167842.0,106988.0,99.715,118178.0,45060.0,99.65,44391.0,7978.0,99.58,164773.0,38000.0,99.515,131353.0,29986.0,99.48,25196.0,5401.0,99.395,65427.0,16891.0,99.33,71530.0,9984.0,99.255,22779.0,1907.0,99.195,43406.0,7819.0,99.135,25494.0,4314.0,99.06,3890.0,587.0,98.99,8822.0,1654.0,98.925,5405.0,772.0,98.875,1503.0,97.0,98.81,620.0,80.0,98.76,81.0,100.0,98.705,38.0,27.0,98.665,59.0,25.0,98.62,33.0,30.0,98.595,98.525,98.525,98.525,98.525,98.525,98.435,98.435,98.435,98.435,98.435,98.435,98.315,98.275,98.275,98.275,98.275,98.275,98.275,98.275,98.275,98.275,98.275,98.275,98.155,98.055,98.055,98.055,98.055,98.055,98.055,98.055,97.975,97.975,97.97,97.95
2021-12-16,NaN,NaN,NaN,NaN,NaN,NaN,NaN,NaN,NaN,NaN,NaN,NaN,NaN,NaN,NaN,NaN,NaN,NaN,NaN,NaN,NaN,NaN,NaN,NaN,NaN,NaN,NaN,NaN,NaN,NaN,NaN,NaN,NaN,99.9175,83929.0,761.0,99.915,149484.0,2270.0,99.905,146828.0,21173.0,99.855,62429.0,8751.0,99.8,160237.0,33835.0,99.725,117354.0,18100.0,99.66,44859.0,5804.0,99.59,170803.0,24351.0,99.53,134039.0,19976.0,99.5,26830.0,7090.0,99.43,66579.0,11574.0,99.37,72820.0,6456.0,99.305,23461.0,4263.0,99.245,44906.0,6623.0,99.19,25936.0,1832.0,99.125,3896.0,80.0,99.06,8829.0,787.0,99.005,5338.0,290.0,98.96,1548.0,74.0,98.905,658.0,58.0,98.865,116.0,57.0,98.81,39.0,1.0,98.77,44.0,28.0,98.725,33.0,1.0,98.7,98.63,98.63,98.63,98.63,98.63,98.54,98.54,98.54,98.54,98.54,98.54,98.42,98.38,98.38,98.38,98.38,98.38,98.38,98.38,98.38,98.38,98.38,98.38,98.26,98.16,98.16,98.16,98.16,98.16,98.16,98.16,98.08,98.08,98.075,98.055
2021-12-17,NaN,NaN,NaN,NaN,NaN,NaN,NaN,NaN,NaN,NaN,NaN,NaN,NaN,NaN,NaN,NaN,NaN,NaN,NaN,NaN,NaN,NaN,NaN,NaN,NaN,NaN,NaN,NaN,NaN,NaN,NaN,NaN,NaN,99.9175,83585.0,13433.0,99.915,151876.0,6726.0,99.905,146593.0,18493.0,99.845,61882.0,8516.0,99.775,165589.0,58295.0,99.705,121205.0,26012.0,99.635,44413.0,12364.0,99.56,169014.0,18516.0,99.505,131140.0,14991.0,99.475,26564.0,2583.0,99.4,66970.0,8424.0,99.345,72650.0,5262.0,99.28,22823.0,2902.0,99.225,45126.0,8151.0,99.17,26362.0,2270.0,99.11,3899.0,12.0,99.05,8724.0,398.0,98.995,5343.0,263.0,98.955,1428.0,122.0,98.905,598.0,62.0,98.865,114.0,2.0,98.81,38.0,1.0,98.77,44.0,NaN,98.725,33.0,NaN,98.7,98.63,98.63,98.63,98.63,98.63,98.54,98.54,98.54,98.54,98.54,98.54,98.42,98.38,98.38,98.38,98.38,98.38,98.38,98.38,98.38,98.38,98.38,98.38,98.26,98.16,98.16,98.16,98.16,98.16,98.16,98.16,98.08,98.08,98.075,98.055
2021-12-20,NaN,NaN,NaN,NaN,NaN,NaN,NaN,NaN,NaN,NaN,NaN,NaN,NaN,NaN,NaN,NaN,NaN,NaN,NaN,NaN,NaN,NaN,NaN,NaN,NaN,NaN,NaN,NaN,NaN,NaN,NaN,NaN,NaN,99.92,84312.0,3054.0,99.915,153576.0,5568.0,99.905,147858.0,6997.0,99.85,62346.0,4506.0,99.785,165380.0,22858.0,99.72,120596.0,14807.0,99.65,44927.0,2043.0,99.575,171283.0,6463.0,99.52,131249.0,6495.0,99.49,26531.0,1169.0,99.42,67735.0,7761.0,99.365,75823.0,7239.0,99.305,23096.0,2082.0,99.255,46392.0,8928.0,99.205,26604.0,2028.0,99.145,3896.0,69.0,99.085,9097.0,918.0,99.03,5307.0,74.0,98.99,1485.0,110.0,98.94,593.0,53.0,98.9,151.0,37.0,98.845,38.0,NaN,98.805,44.0,NaN,98.76,33.0,1.0,98.735,98.665,98.665,98.665,98.665,98.665,98.575,98.575,98.575,98.575,98.575,98.575,98.455,98.415,98.415,98.415,98.415,98.415,98.415,98.415,98.415,98.415,98.415,98.415,98.295,98.195,98.195,98.195,98.195,98.195,98.195,98.195,98.115,98.115,98.11,98.09
2021-12-21,NaN,NaN,NaN,NaN,NaN,NaN,NaN,NaN,NaN,NaN,NaN,NaN,NaN,NaN,NaN,NaN,NaN,NaN,NaN,NaN,NaN,NaN,NaN,NaN,NaN,NaN,NaN,NaN,NaN,NaN,NaN,NaN,NaN,99.92,81093.0,4241.0,99.915,151519.0,3005.0,99.9,150926.0,13653.0,99.84,62655.0,4303.0,99.77,162798.0,13447.0,99.705,121435.0,7578.0,99.63,44925.0,1939.0,99.555,174364.0,13819.0,99.495,131647.0,6758.0,99.465,26288.0,1837.0,99.39,67541.0,4775.0,99.33,76170.0,2422.0,99.265,23057.0,1024.0,99.21,46752.0,3498.0,99.16,26675.0,1474.0,99.1,3899.0,13.0,99.04,9087.0,149.0,98.985,5302.0,39.0,98.94,1500.0,15.0,98.885,593.0,4.0,98.835,163.0,16.0,98.78,37.0,1.0,98.74,44.0,NaN,98.695,33.0,NaN,98.67,98.625,98.625,98.625,98.625,98.625,98.535,98.535,98.535,98.535,98.535,98.535,98.415,98.375,98.375,98.375,98.375,98.375,98.375,98.375,98.375,98.375,98.375,98.375,98.255,98.155,98.155,98.155,98.155,98.155,98.155,98.155,98.075,98.075,98.07,98.05
2021-12-22,NaN,NaN,NaN,NaN,NaN,NaN,NaN,NaN,NaN,NaN,NaN,NaN,NaN,NaN,NaN,NaN,NaN,NaN,NaN,NaN,NaN,NaN,NaN,NaN,NaN,NaN,NaN,NaN,NaN,NaN,NaN,NaN,NaN,99.92,82342.0,2179.0,99.915,150584.0,3601.0,99.905,152168.0,3943.0,99.84,63239.0,1519.0,99.77,161431.0,16840.0,99.7,123505.0,11479.0,99.625,44949.0,2970.0,99.55,173410.0,8231.0,99.495,131171.0,7550.0,99.465,26298.0,744.0,99.39,68903.0,4784.0,99.335,75737.0,3439.0,99.27,23840.0,1556.0,99.215,46543.0,1414.0,99.165,26697.0,248.0,99.105,3890.0,41.0,99.04,9004.0,765.0,98.985,5280.0,39.0,98.94,1533.0,98.0,98.885,593.0,13.0,98.835,163.0,8.0,98.78,37.0,8.0,98.74,44.0,8.0,98.695,33.0,8.0,98.67,98.625,98.625,98.625,98.625,98.625,98.535,98.535,98.535,98.535,98.535,98.535,98.415,98.375,98.375,98.375,98.375,98.375,98.375,98.375,98.375,98.375,98.375,98.375,98.255,98.155,98.155,98.155,98.155,98.155,98.155,98.155,98.075,98.075,98.07,98.05
2021-12-23,NaN,NaN,NaN,NaN,NaN,NaN,NaN,NaN,NaN,NaN,NaN,NaN,NaN,NaN,NaN,NaN,NaN,NaN,NaN,NaN,NaN,NaN,NaN,NaN,NaN,NaN,NaN,NaN,NaN,NaN,NaN,NaN,NaN,99.9225,82447.0,4013.0,99.92,148477.0,2367.0,99.905,152252.0,1807.0,99.835,63492.0,3810.0,99.76,158584.0,12238.0,99.69,123313.0,5000.0,99.615,45071.0,1018.0,99.535,173392.0,4120.0,99.475,128648.0,5492.0,99.445,26391.0,633.0,99.37,68521.0,4815.0,99.31,75999.0,1456.0,99.245,23911.0,742.0,99.19,45323.0,2032.0,99.14,26745.0,403.0,99.08,3884.0,728.0,99.015,8983.0,158.0,98.96,5288.0,48.0,98.915,1541.0,9.0,98.86,590.0,9.0,98.81,166.0,3.0,98.755,37.0,3.0,98.715,44.0,3.0,98.67,33.0,3.0,98.645,98.6,98.6,98.6,98.6,98.6,98.51,98.51,98.51,98.51,98.51,98.51,98.39,98.35,98.35,98.35,98.35,98.35,98.35,98.35,98.35,98.35,98.35,98.35,98.23,98.13,98.13,98.13,98.13,98.13,98.13,98.13,98.05,98.05,98.045,98.025
2021-12-27,NaN,NaN,NaN,NaN,NaN,NaN,NaN,NaN,NaN,NaN,NaN,NaN,NaN,NaN,NaN,NaN,NaN,NaN,NaN,NaN,NaN,NaN,NaN,NaN,NaN,NaN,NaN,NaN,NaN,NaN,NaN,NaN,NaN,99.9225,81904.0,819.0,99.92,147636.0,2052.0,99.91,153234.0,5279.0,99.84,63649.0,3253.0,99.76,160576.0,6287.0,99.68,125184.0,8379.0,99.6,45487.0,1995.0,99.52,173056.0,2673.0,99.46,128785.0,1434.0,99.43,26463.0,398.0,99.355,68160.0,2874.0,99.295,76220.0,1009.0,99.23,24175.0,983.0,99.175,45029.0,1216.0,99.125,26736.0,260.0,99.065,3887.0,11.0,99.0,8988.0,13.0,98.94,5287.0,2.0,98.895,1541.0,7.0,98.84,586.0,4.0,98.79,173.0,7.0,98.73,37.0,NaN,98.7,48.0,4.0,98.65,33.0,NaN,98.625,98.61,98.61,98.61,98.61,98.61,98.52,98.52,98.52,98.52,98.52,98.52,98.4,98.36,98.36,98.36,98.36,98.36,98.36,98.36,98.36,98.36,98.36,98.36,98.24,98.14,98.14,98.14,98.14,98.14,98.14,98.14,98.06,98.06,98.055,98.035
2021-12-28,NaN,NaN,NaN,NaN,NaN,NaN,NaN,NaN,NaN,NaN,NaN,NaN,NaN,NaN,NaN,NaN,NaN,NaN,NaN,NaN,NaN,NaN,NaN,NaN,NaN,NaN,NaN,NaN,NaN,NaN,NaN,NaN,NaN,99.92,81899.0,63.0,99.915,147192.0,1783.0,99.905,151752.0,5315.0,99.83,63616.0,3254.0,99.75,159205.0,12142.0,99.67,124150.0,4969.0,99.595,45456.0,1868.0,99.515,174777.0,3969.0,99.45,128681.0,1266.0,99.42,26615.0,686.0,99.345,69525.0,4051.0,99.29,76368.0,1115.0,99.23,24175.0,600.0,99.175,46014.0,2371.0,99.125,26765.0,264.0,99.065,3876.0,33.0,99.0,9017.0,76.0,98.94,5266.0,75.0,98.895,1547.0,7.0,98.84,588.0,19.0,98.79,259.0,86.0,98.735,37.0,NaN,98.705,48.0,NaN,98.655,33.0,NaN,98.63,98.615,98.615,98.615,98.615,98.615,98.525,98.525,98.525,98.525,98.525,98.525,98.405,98.365,98.365,98.365,98.365,98.365,98.365,98.365,98.365,98.365,98.365,98.365,98.245,98.145,98.145,98.145,98.145,98.145,98.145,98.145,98.065,98.065,98.06,98.04
2021-12-29,NaN,NaN,NaN,NaN,NaN,NaN,NaN,NaN,NaN,NaN,NaN,NaN,NaN,NaN,NaN,NaN,NaN,NaN,NaN,NaN,NaN,NaN,NaN,NaN,NaN,NaN,NaN,NaN,NaN,NaN,NaN,NaN,NaN,99.92,81291.0,875.0,99.92,145210.0,7114.0,99.905,152510.0,7525.0,99.83,64543.0,2916.0,99.745,160541.0,12746.0,99.665,126667.0,9819.0,99.59,46338.0,5278.0,99.51,174986.0,7034.0,99.445,128193.0,5807.0,99.415,26492.0,1464.0,99.335,70082.0,7157.0,99.28,76286.0,1859.0,99.22,24355.0,1249.0,99.165,45782.0,1773.0,99.115,26813.0,295.0,99.055,3854.0,68.0,98.99,9093.0,121.0,98.93,5268.0,57.0,98.885,1577.0,44.0,98.83,578.0,32.0,98.78,262.0,14.0,98.725,32.0,5.0,98.695,43.0,5.0,98.645,30.0,6.0,98.62,98.605,98.605,98.605,98.605,98.605,98.515,98.515,98.515,98.515,98.515,98.515,98.395,98.355,98.355,98.355,98.355,98.355,98.355,98.355,98.355,98.355,98.355,98.355,98.235,98.135,98.135,98.135,98.135,98.135,98.135,98.135,98.055,98.055,98.05,98.03
2021-12-30,NaN,NaN,NaN,NaN,NaN,NaN,NaN,NaN,NaN,NaN,NaN,NaN,NaN,NaN,NaN,NaN,NaN,NaN,NaN,NaN,NaN,NaN,NaN,NaN,NaN,NaN,NaN,NaN,NaN,NaN,NaN,NaN,NaN,99.92,80955.0,930.0,99.92,141811.0,9409.0,99.91,154150.0,13145.0,99.84,64519.0,4813.0,99.76,160426.0,12810.0,99.68,127190.0,8043.0,99.605,46342.0,1466.0,99.53,175536.0,3084.0,99.465,129026.0,2939.0,99.43,26301.0,1049.0,99.355,70753.0,2251.0,99.295,75981.0,1211.0,99.235,24588.0,1092.0,99.185,45527.0,2224.0,99.135,26902.0,852.0,99.075,4008.0,211.0,99.01,9100.0,12.0,98.95,5223.0,61.0,98.91,1696.0,135.0,98.855,622.0,50.0,98.805,283.0,21.0,98.74,35.0,3.0,98.71,48.0,5.0,98.64,30.0,2.0,98.615,98.615,98.615,98.615,98.615,98.615,98.525,98.525,98.525,98.525,98.525,98.525,98.405,98.365,98.365,98.365,98.365,98.365,98.365,98.365,98.365,98.365,98.365,98.365,98.245,98.145,98.145,98.145,98.145,98.145,98.145,98.145,98.065,98.065,98.06,98.04
2021-12-31,NaN,NaN,NaN,NaN,NaN,NaN,NaN,NaN,NaN,NaN,NaN,NaN,NaN,NaN,NaN,NaN,NaN,NaN,NaN,NaN,NaN,NaN,NaN,NaN,NaN,NaN,NaN,NaN,NaN,NaN,NaN,NaN,NaN,99.92,80955.0,1.0,99.92,140598.0,2816.0,99.905,152899.0,4487.0,99.84,65296.0,1454.0,99.765,166572.0,18325.0,99.685,128753.0,8024.0,99.61,46322.0,1385.0,99.535,175059.0,8509.0,99.47,128728.0,3575.0,99.435,26515.0,1915.0,99.355,71159.0,6587.0,99.3,74338.0,3608.0,99.24,24662.0,1264.0,99.19,45343.0,1051.0,99.14,27172.0,1136.0,99.08,3881.0,309.0,99.015,9019.0,109.0,98.955,5210.0,24.0,98.915,1682.0,89.0,98.865,827.0,264.0,98.82,337.0,54.0,98.76,35.0,NaN,98.73,49.0,1.0,98.66,30.0,NaN,98.635,98.635,98.635,98.635,98.635,98.635,98.545,98.545,98.545,98.545,98.545,98.545,98.425,98.385,98.385,98.385,98.385,98.385,98.385,98.385,98.385,98.385,98.385,98.385,98.265,98.165,98.165,98.165,98.165,98.165,98.165,98.165,98.085,98.085,98.08,98.06
