date,FFF17 Comdty|PX_LAST,FFF17 Comdty|OPEN_INT,FFF17 Comdty|PX_VOLUME,FFG17 Comdty|PX_LAST,FFG17 Comdty|OPEN_INT,FFG17 Comdty|PX_VOLUME,FFH17 Comdty|PX_LAST,FFH17 Comdty|OPEN_INT,FFH17 Comdty|PX_VOLUME,FFJ17 Comdty|PX_LAST,FFJ17 Comdty|OPEN_INT,FFJ17 Comdty|PX_VOLUME,FFK17 Comdty|PX_LAST,FFK17 Comdty|OPEN_INT,FFK17 Comdty|PX_VOLUME,FFM17 Comdty|PX_LAST,FFM17 Comdty|OPEN_INT,FFM17 Comdty|PX_VOLUME,FFN17 Comdty|PX_LAST,FFN17 Comdty|OPEN_INT,FFN17 Comdty|PX_VOLUME,FFQ17 Comdty|PX_LAST,FFQ17 Comdty|OPEN_INT,FFQ17 Comdty|PX_VOLUME,FFU17 Comdty|PX_LAST,FFU17 Comdty|OPEN_INT,FFU17 Comdty|PX_VOLUME,FFV17 Comdty|PX_LAST,FFV17 Comdty|OPEN_INT,FFV17 Comdty|PX_VOLUME,FFX17 Comdty|PX_LAST,FFX17 Comdty|OPEN_INT,FFX17 Comdty|PX_VOLUME,FFZ17 Comdty|PX_LAST,FFZ17 Comdty|OPEN_INT,FFZ17 Comdty|PX_VOLUME,FFF18 Comdty|PX_LAST,FFF18 Comdty|OPEN_INT,FFF18 Comdty|PX_VOLUME,FFG18 Comdty|PX_LAST,FFG18 Comdty|OPEN_INT,FFG18 Comdty|PX_VOLUME,FFH18 Comdty|PX_LAST,FFH18 Comdty|OPEN_INT,FFH18 Comdty|PX_VOLUME,FFJ18 Comdty|PX_LAST,FFJ18 Comdty|OPEN_INT,FFJ18 Comdty|PX_VOLUME,FFK18 Comdty|PX_LAST,FFK18 Comdty|OPEN_INT,FFK18 Comdty|PX_VOLUME,FFM18 Comdty|PX_LAST,FFM18 Comdty|OPEN_INT,FFM18 Comdty|PX_VOLUME,FFN18 Comdty|PX_LAST,FFN18 Comdty|OPEN_INT,FFN18 Comdty|PX_VOLUME,FFQ18 Comdty|PX_LAST,FFQ18 Comdty|OPEN_INT,FFQ18 Comdty|PX_VOLUME,FFU18 Comdty|PX_LAST,FFU18 Comdty|OPEN_INT,FFU18 Comdty|PX_VOLUME,FFV18 Comdty|PX_LAST,FFV18 Comdty|OPEN_INT,FFV18 Comdty|PX_VOLUME,FFX18 Comdty|PX_LAST,FFX18 Comdty|OPEN_INT,FFX18 Comdty|PX_VOLUME,FFZ18 Comdty|PX_LAST,FFZ18 Comdty|OPEN_INT,FFZ18 Comdty|PX_VOLUME,FFF19 Comdty|PX_LAST,FFF19 Comdty|OPEN_INT,FFF19 Comdty|PX_VOLUME,FFG19 Comdty|PX_LAST,FFG19 Comdty|OPEN_INT,FFG19 Comdty|PX_VOLUME,FFH19 Comdty|PX_LAST,FFH19 Comdty|OPEN_INT,FFH19 Comdty|PX_VOLUME,FFJ19 Comdty|PX_LAST,FFJ19 Comdty|OPEN_INT,FFJ19 Comdty|PX_VOLUME,FFK19 Comdty|PX_LAST,FFK19 Comdty|OPEN_INT,FFK19 Comdty|PX_VOLUME,FFM19 Comdty|PX_LAST,FFM19 Comdty|OPEN_INT,FFM19 Comdty|PX_VOLUME,FFN19 Comdty|PX_LAST,FFN19 Comdty|OPEN_INT,FFN19 Comdty|PX_VOLUME,FFQ19 Comdty|PX_LAST,FFQ19 Comdty|OPEN_INT,FFQ19 Comdty|PX_VOLUME,FFU19 Comdty|PX_LAST,FFU19 Comdty|OPEN_INT,FFU19 Comdty|PX_VOLUME,FFV19 Comdty|PX_LAST,FFV19 Comdty|OPEN_INT,FFV19 Comdty|PX_VOLUME,FFX19 Comdty|PX_LAST,FFX19 Comdty|OPEN_INT,FFX19 Comdty|PX_VOLUME,FFZ19 Comdty|PX_LAST,FFF20 Comdty|PX_LAST,FFG20 Comdty|PX_LAST,FFH20 Comdty|PX_LAST,FFJ20 Comdty|PX_LAST,FFK20 Comdty|PX_LAST,FFM20 Comdty|PX_LAST,FFN20 Comdty|PX_LAST,FFQ20 Comdty|PX_LAST,FFU20 Comdty|PX_LAST,FFV20 Comdty|PX_LAST,FFX20 Comdty|PX_LAST,FFZ20 Comdty|PX_LAST,FFF21 Comdty|PX_LAST,FFG21 Comdty|PX_LAST,FFH21 Comdty|PX_LAST,FFJ21 Comdty|PX_LAST,FFK21 Comdty|PX_LAST,FFM21 Comdty|PX_LAST,FFN21 Comdty|PX_LAST,FFQ21 Comdty|PX_LAST,FFU21 Comdty|PX_LAST,FFV21 Comdty|PX_LAST,FFX21 Comdty|PX_LAST,FFZ21 Comdty|PX_LAST,FFF22 Comdty|PX_LAST,FFG22 Comdty|PX_LAST,FFH22 Comdty|PX_LAST,FFJ22 Comdty|PX_LAST,FFK22 Comdty|PX_LAST,FFM22 Comdty|PX_LAST,FFN22 Comdty|PX_LAST,FFQ22 Comdty|PX_LAST,FFU22 Comdty|PX_LAST,FFV22 Comdty|PX_LAST,FFX22 Comdty|PX_LAST
2017-01-03,99.3525,147268.0,93577.0,99.345,82719.0,26920.0,99.305,80818.0,9626.0,99.28,219039.0,34300.0,99.24,67669.0,13943.0,99.17,19483.0,3559.0,99.115,60595.0,9244.0,99.075,46466.0,6632.0,99.04,13849.0,4120.0,98.97,24313.0,14500.0,98.915,27616.0,31504.0,98.845,26941.0,10962.0,98.79,40922.0,9398.0,98.75,10061.0,8570.0,98.73,3895.0,3238.0,98.675,3097.0,1573.0,98.635,902.0,1157.0,98.595,4036.0,4126.0,98.555,881.0,901.0,98.52,403.0,240.0,98.47,624.0,2.0,98.445,318.0,1.0,98.405,93.0,NaN,98.365,156.0,NaN,98.32,41.0,NaN,98.295,5.0,NaN,98.265,17.0,NaN,98.23,21.0,NaN,98.21,6.0,NaN,98.185,6.0,NaN,98.15,10.0,NaN,98.135,10.0,NaN,98.11,10.0,NaN,98.08,12.0,NaN,98.07,5.0,NaN,98.045,NaN,NaN,NaN,NaN,NaN,NaN,NaN,NaN,NaN,NaN,NaN,NaN,NaN,NaN,NaN,NaN,NaN,NaN,NaN,NaN,NaN,NaN,NaN,NaN,NaN,NaN,NaN,NaN,NaN,NaN,NaN,NaN,NaN,NaN,NaN
2017-01-04,99.3525,144483.0,3832.0,99.345,82887.0,5626.0,99.305,83690.0,10246.0,99.28,214080.0,17781.0,99.24,66203.0,11098.0,99.17,19694.0,2439.0,99.115,60842.0,4882.0,99.075,47804.0,6353.0,99.04,14384.0,2982.0,98.975,25896.0,7599.0,98.92,30535.0,10815.0,98.85,27923.0,6471.0,98.8,40289.0,4956.0,98.76,12661.0,6158.0,98.735,4257.0,1443.0,98.68,3218.0,735.0,98.64,961.0,238.0,98.6,4429.0,598.0,98.555,1001.0,223.0,98.525,532.0,160.0,98.48,624.0,NaN,98.45,318.0,3.0,98.41,96.0,3.0,98.375,156.0,NaN,98.32,41.0,NaN,98.3,5.0,NaN,98.275,17.0,NaN,98.24,21.0,NaN,98.22,6.0,NaN,98.195,6.0,NaN,98.16,10.0,NaN,98.145,10.0,NaN,98.12,10.0,NaN,98.09,12.0,NaN,98.08,5.0,NaN,98.055,NaN,NaN,NaN,NaN,NaN,NaN,NaN,NaN,NaN,NaN,NaN,NaN,NaN,NaN,NaN,NaN,NaN,NaN,NaN,NaN,NaN,NaN,NaN,NaN,NaN,NaN,NaN,NaN,NaN,NaN,NaN,NaN,NaN,NaN,NaN
2017-01-05,99.3525,147744.0,25432.0,99.345,82564.0,3842.0,99.31,86337.0,12607.0,99.29,219145.0,40159.0,99.245,69653.0,17348.0,99.18,22094.0,7471.0,99.135,62370.0,11200.0,99.095,46999.0,10569.0,99.065,14289.0,3713.0,99.005,26709.0,5786.0,98.955,35365.0,12167.0,98.895,27534.0,5639.0,98.845,41403.0,4586.0,98.805,14488.0,7518.0,98.785,4615.0,1505.0,98.74,3418.0,814.0,98.7,1195.0,803.0,98.655,5777.0,2422.0,98.625,1148.0,353.0,98.595,726.0,234.0,98.545,636.0,172.0,98.52,318.0,NaN,98.49,96.0,NaN,98.445,156.0,NaN,98.395,51.0,10.0,98.38,15.0,10.0,98.365,17.0,NaN,98.32,21.0,NaN,98.315,6.0,NaN,98.29,6.0,NaN,98.255,10.0,NaN,98.24,10.0,NaN,98.22,10.0,NaN,98.195,12.0,NaN,98.18,5.0,NaN,98.155,NaN,NaN,NaN,NaN,NaN,NaN,NaN,NaN,NaN,NaN,NaN,NaN,NaN,NaN,NaN,NaN,NaN,NaN,NaN,NaN,NaN,NaN,NaN,NaN,NaN,NaN,NaN,NaN,NaN,NaN,NaN,NaN,NaN,NaN,NaN
2017-01-06,99.3525,160690.0,19999.0,99.345,85090.0,12846.0,99.305,94908.0,32256.0,99.28,249594.0,96057.0,99.235,75532.0,24484.0,99.17,23107.0,6349.0,99.12,63097.0,13869.0,99.08,49970.0,8222.0,99.05,14168.0,1668.0,98.985,27363.0,3167.0,98.93,35537.0,3375.0,98.865,27010.0,3186.0,98.81,42147.0,5507.0,98.77,15906.0,2850.0,98.745,4419.0,693.0,98.69,3512.0,715.0,98.65,1206.0,170.0,98.6,6293.0,1192.0,98.565,1188.0,53.0,98.53,885.0,188.0,98.48,636.0,NaN,98.45,318.0,NaN,98.415,96.0,NaN,98.37,156.0,NaN,98.32,51.0,NaN,98.31,15.0,NaN,98.28,17.0,NaN,98.245,21.0,NaN,98.225,6.0,NaN,98.205,6.0,NaN,98.17,10.0,NaN,98.16,10.0,NaN,98.13,10.0,NaN,98.1,12.0,NaN,98.095,5.0,NaN,98.07,NaN,NaN,NaN,NaN,NaN,NaN,NaN,NaN,NaN,NaN,NaN,NaN,NaN,NaN,NaN,NaN,NaN,NaN,NaN,NaN,NaN,NaN,NaN,NaN,NaN,NaN,NaN,NaN,NaN,NaN,NaN,NaN,NaN,NaN,NaN
2017-01-09,99.3525,163104.0,9682.0,99.345,85450.0,5211.0,99.31,94733.0,8508.0,99.285,268800.0,18150.0,99.24,76143.0,8877.0,99.17,23252.0,2627.0,99.12,53833.0,6514.0,99.085,44132.0,8727.0,99.055,10254.0,1292.0,98.995,29024.0,5206.0,98.95,36587.0,3419.0,98.885,26413.0,6997.0,98.83,45855.0,9626.0,98.795,16111.0,2723.0,98.77,4236.0,439.0,98.72,3899.0,1246.0,98.68,1388.0,260.0,98.63,6803.0,1043.0,98.595,1148.0,152.0,98.57,1063.0,272.0,98.52,635.0,2.0,98.49,318.0,1.0,98.455,96.0,NaN,98.42,156.0,NaN,98.37,51.0,NaN,98.36,15.0,NaN,98.33,17.0,NaN,98.3,21.0,NaN,98.285,6.0,NaN,98.265,6.0,NaN,98.23,10.0,NaN,98.22,10.0,NaN,98.195,10.0,NaN,98.165,12.0,NaN,98.16,5.0,NaN,98.135,NaN,NaN,NaN,NaN,NaN,NaN,NaN,NaN,NaN,NaN,NaN,NaN,NaN,NaN,NaN,NaN,NaN,NaN,NaN,NaN,NaN,NaN,NaN,NaN,NaN,NaN,NaN,NaN,NaN,NaN,NaN,NaN,NaN,NaN,NaN
2017-01-10,99.3525,162857.0,8302.0,99.345,84243.0,3394.0,99.31,96131.0,5498.0,99.285,272751.0,16599.0,99.24,78088.0,5544.0,99.175,22885.0,2319.0,99.12,53993.0,8313.0,99.085,44543.0,4825.0,99.055,10421.0,1022.0,98.995,29914.0,3001.0,98.95,36432.0,1198.0,98.885,27190.0,1739.0,98.83,45019.0,1737.0,98.8,16367.0,1232.0,98.775,4204.0,102.0,98.725,4062.0,1127.0,98.68,1445.0,203.0,98.635,6882.0,161.0,98.6,1194.0,63.0,98.575,1108.0,46.0,98.52,635.0,NaN,98.495,318.0,NaN,98.455,96.0,NaN,98.42,156.0,NaN,98.37,51.0,NaN,98.36,15.0,NaN,98.335,17.0,NaN,98.305,21.0,NaN,98.29,6.0,NaN,98.27,6.0,NaN,98.235,10.0,NaN,98.225,10.0,NaN,98.205,10.0,NaN,98.175,12.0,NaN,98.17,5.0,NaN,98.145,NaN,NaN,NaN,NaN,NaN,NaN,NaN,NaN,NaN,NaN,NaN,NaN,NaN,NaN,NaN,NaN,NaN,NaN,NaN,NaN,NaN,NaN,NaN,NaN,NaN,NaN,NaN,NaN,NaN,NaN,NaN,NaN,NaN,NaN,NaN
2017-01-11,99.3525,163912.0,2960.0,99.345,84110.0,5263.0,99.315,101261.0,20407.0,99.29,273367.0,19905.0,99.25,79786.0,9718.0,99.185,23115.0,3995.0,99.135,53648.0,6630.0,99.095,44737.0,4453.0,99.065,10577.0,2354.0,99.01,29494.0,4162.0,98.96,37415.0,4242.0,98.895,24034.0,8128.0,98.845,44254.0,7526.0,98.81,17111.0,2882.0,98.785,4364.0,1035.0,98.73,4240.0,1295.0,98.69,2206.0,1555.0,98.64,10138.0,5017.0,98.605,1628.0,1124.0,98.58,1423.0,489.0,98.53,579.0,118.0,98.5,368.0,53.0,98.47,147.0,108.0,98.425,201.0,45.0,98.375,51.0,NaN,98.365,15.0,NaN,98.34,17.0,NaN,98.31,21.0,NaN,98.295,6.0,NaN,98.275,6.0,NaN,98.24,10.0,NaN,98.23,10.0,NaN,98.205,10.0,NaN,98.18,12.0,NaN,98.17,5.0,NaN,98.15,NaN,NaN,NaN,NaN,NaN,NaN,NaN,NaN,NaN,NaN,NaN,NaN,NaN,NaN,NaN,NaN,NaN,NaN,NaN,NaN,NaN,NaN,NaN,NaN,NaN,NaN,NaN,NaN,NaN,NaN,NaN,NaN,NaN,NaN,NaN
2017-01-12,99.3525,160491.0,7496.0,99.345,85582.0,12648.0,99.32,99976.0,36331.0,99.3,241688.0,107967.0,99.26,78219.0,29212.0,99.195,24279.0,10168.0,99.14,53251.0,9730.0,99.105,43333.0,6907.0,99.075,10813.0,1586.0,99.015,30429.0,4250.0,98.97,37486.0,1792.0,98.905,24157.0,1276.0,98.855,46934.0,6482.0,98.825,17896.0,2398.0,98.8,4620.0,744.0,98.745,4113.0,623.0,98.7,2056.0,261.0,98.655,10169.0,293.0,98.625,1672.0,96.0,98.6,1472.0,85.0,98.55,569.0,10.0,98.515,318.0,50.0,98.485,143.0,70.0,98.44,201.0,NaN,98.4,51.0,NaN,98.39,15.0,NaN,98.36,17.0,NaN,98.325,21.0,NaN,98.315,6.0,NaN,98.295,6.0,NaN,98.26,10.0,NaN,98.25,10.0,NaN,98.225,10.0,NaN,98.2,12.0,NaN,98.19,5.0,NaN,98.165,NaN,NaN,NaN,NaN,NaN,NaN,NaN,NaN,NaN,NaN,NaN,NaN,NaN,NaN,NaN,NaN,NaN,NaN,NaN,NaN,NaN,NaN,NaN,NaN,NaN,NaN,NaN,NaN,NaN,NaN,NaN,NaN,NaN,NaN,NaN
2017-01-13,99.3525,163297.0,7260.0,99.345,84600.0,16845.0,99.315,95697.0,17938.0,99.29,234537.0,47861.0,99.25,78833.0,24256.0,99.185,24563.0,5441.0,99.13,51591.0,12103.0,99.095,43918.0,3615.0,99.07,10760.0,2184.0,99.01,30967.0,2942.0,98.96,37968.0,4294.0,98.9,24673.0,2118.0,98.85,48107.0,4341.0,98.815,18222.0,1363.0,98.79,4610.0,449.0,98.73,4362.0,1010.0,98.69,1981.0,248.0,98.64,10123.0,387.0,98.605,1759.0,203.0,98.575,1496.0,34.0,98.525,569.0,NaN,98.495,301.0,23.0,98.46,140.0,3.0,98.415,201.0,NaN,98.37,51.0,NaN,98.36,15.0,NaN,98.335,17.0,NaN,98.305,21.0,NaN,98.29,6.0,NaN,98.265,6.0,NaN,98.235,10.0,NaN,98.225,10.0,NaN,98.2,10.0,NaN,98.175,12.0,NaN,98.165,5.0,NaN,98.14,NaN,NaN,NaN,NaN,NaN,NaN,NaN,NaN,NaN,NaN,NaN,NaN,NaN,NaN,NaN,NaN,NaN,NaN,NaN,NaN,NaN,NaN,NaN,NaN,NaN,NaN,NaN,NaN,NaN,NaN,NaN,NaN,NaN,NaN,NaN
2017-01-17,99.3525,163527.0,441.0,99.345,85205.0,2350.0,99.32,91647.0,11927.0,99.3,232171.0,26967.0,99.26,79975.0,14762.0,99.195,24951.0,4247.0,99.14,51501.0,8058.0,99.11,43595.0,3165.0,99.08,10717.0,1702.0,99.025,30778.0,5794.0,98.98,37210.0,2706.0,98.925,25046.0,1198.0,98.875,48474.0,2129.0,98.85,18421.0,953.0,98.83,4636.0,234.0,98.78,4458.0,895.0,98.74,2199.0,861.0,98.695,10146.0,48.0,98.665,1783.0,122.0,98.64,1508.0,12.0,98.59,569.0,NaN,98.56,301.0,NaN,98.53,140.0,NaN,98.49,216.0,15.0,98.445,110.0,59.0,98.445,74.0,59.0,98.415,17.0,NaN,98.385,21.0,NaN,98.375,6.0,NaN,98.35,6.0,NaN,98.315,10.0,NaN,98.305,10.0,NaN,98.285,10.0,NaN,98.255,12.0,NaN,98.245,5.0,NaN,98.23,NaN,NaN,NaN,NaN,NaN,NaN,NaN,NaN,NaN,NaN,NaN,NaN,NaN,NaN,NaN,NaN,NaN,NaN,NaN,NaN,NaN,NaN,NaN,NaN,NaN,NaN,NaN,NaN,NaN,NaN,NaN,NaN,NaN,NaN,NaN
2017-01-18,99.3525,165410.0,6076.0,99.345,94155.0,39087.0,99.315,89466.0,13566.0,99.295,236750.0,31422.0,99.255,84338.0,22885.0,99.185,25855.0,4995.0,99.13,53327.0,14391.0,99.095,44683.0,11604.0,99.065,11438.0,3556.0,99.005,33083.0,6976.0,98.96,38122.0,7687.0,98.9,25511.0,1488.0,98.85,50743.0,6293.0,98.82,19569.0,1916.0,98.795,5806.0,1614.0,98.74,4576.0,450.0,98.7,2286.0,211.0,98.65,10146.0,261.0,98.615,1818.0,62.0,98.585,1502.0,30.0,98.54,569.0,NaN,98.505,301.0,1.0,98.475,140.0,NaN,98.435,216.0,NaN,98.385,110.0,NaN,98.38,74.0,NaN,98.35,17.0,NaN,98.32,21.0,NaN,98.31,6.0,NaN,98.285,82.0,76.0,98.25,10.0,NaN,98.245,10.0,NaN,98.215,10.0,NaN,98.19,12.0,NaN,98.18,5.0,NaN,98.155,NaN,NaN,NaN,NaN,NaN,NaN,NaN,NaN,NaN,NaN,NaN,NaN,NaN,NaN,NaN,NaN,NaN,NaN,NaN,NaN,NaN,NaN,NaN,NaN,NaN,NaN,NaN,NaN,NaN,NaN,NaN,NaN,NaN,NaN,NaN
2017-01-19,99.3525,163180.0,5504.0,99.34,97902.0,10962.0,99.305,89488.0,12696.0,99.275,244423.0,56425.0,99.225,90696.0,34886.0,99.155,27329.0,6466.0,99.1,52975.0,18865.0,99.065,44738.0,9621.0,99.035,12789.0,4409.0,98.97,33795.0,8280.0,98.925,38429.0,4843.0,98.865,24451.0,4413.0,98.81,54643.0,12531.0,98.78,21393.0,6909.0,98.755,5422.0,945.0,98.69,4751.0,1005.0,98.65,2302.0,126.0,98.6,10151.0,77.0,98.565,1824.0,9.0,98.535,1508.0,6.0,98.485,569.0,NaN,98.45,301.0,NaN,98.415,140.0,NaN,98.375,216.0,NaN,98.325,122.0,27.0,98.32,74.0,NaN,98.285,17.0,NaN,98.255,21.0,NaN,98.24,6.0,NaN,98.21,82.0,NaN,98.18,10.0,NaN,98.165,10.0,NaN,98.14,10.0,NaN,98.11,12.0,NaN,98.095,5.0,NaN,98.07,NaN,NaN,NaN,NaN,NaN,NaN,NaN,NaN,NaN,NaN,NaN,NaN,NaN,NaN,NaN,NaN,NaN,NaN,NaN,NaN,NaN,NaN,NaN,NaN,NaN,NaN,NaN,NaN,NaN,NaN,NaN,NaN,NaN,NaN,NaN
2017-01-20,99.3525,163228.0,573.0,99.34,97335.0,5619.0,99.31,90155.0,13980.0,99.29,256024.0,90933.0,99.235,126725.0,72621.0,99.165,27974.0,7952.0,99.11,54224.0,20332.0,99.075,45190.0,7418.0,99.045,11797.0,3918.0,98.98,34260.0,5889.0,98.94,39565.0,3086.0,98.88,25454.0,3481.0,98.825,58318.0,9123.0,98.8,22740.0,4928.0,98.775,5815.0,2810.0,98.715,4642.0,2010.0,98.68,2480.0,556.0,98.63,10151.0,64.0,98.595,1788.0,168.0,98.565,1550.0,74.0,98.515,569.0,NaN,98.48,267.0,36.0,98.445,140.0,NaN,98.405,216.0,NaN,98.35,110.0,12.0,98.34,74.0,NaN,98.305,17.0,NaN,98.275,21.0,NaN,98.26,6.0,NaN,98.235,82.0,NaN,98.2,10.0,NaN,98.185,10.0,NaN,98.155,10.0,NaN,98.125,12.0,NaN,98.105,5.0,NaN,98.085,NaN,NaN,NaN,NaN,NaN,NaN,NaN,NaN,NaN,NaN,NaN,NaN,NaN,NaN,NaN,NaN,NaN,NaN,NaN,NaN,NaN,NaN,NaN,NaN,NaN,NaN,NaN,NaN,NaN,NaN,NaN,NaN,NaN,NaN,NaN
2017-01-23,99.3525,163184.0,392.0,99.345,97014.0,11384.0,99.315,90362.0,11203.0,99.295,267192.0,57587.0,99.245,142433.0,42363.0,99.18,29179.0,8317.0,99.13,54563.0,10353.0,99.1,44455.0,9038.0,99.07,12055.0,1917.0,99.015,33475.0,5704.0,98.975,39366.0,2747.0,98.915,25623.0,2348.0,98.87,57868.0,9506.0,98.845,22920.0,4382.0,98.82,6001.0,1834.0,98.76,5160.0,2191.0,98.725,2585.0,174.0,98.675,10174.0,615.0,98.645,1810.0,101.0,98.62,1574.0,27.0,98.57,569.0,NaN,98.535,267.0,1.0,98.5,140.0,NaN,98.465,216.0,NaN,98.41,110.0,NaN,98.405,74.0,NaN,98.375,17.0,NaN,98.345,21.0,NaN,98.33,6.0,NaN,98.305,82.0,NaN,98.27,10.0,NaN,98.255,10.0,NaN,98.225,10.0,NaN,98.195,12.0,NaN,98.18,5.0,NaN,98.155,NaN,NaN,NaN,NaN,NaN,NaN,NaN,NaN,NaN,NaN,NaN,NaN,NaN,NaN,NaN,NaN,NaN,NaN,NaN,NaN,NaN,NaN,NaN,NaN,NaN,NaN,NaN,NaN,NaN,NaN,NaN,NaN,NaN,NaN,NaN
2017-01-24,99.3525,164769.0,3767.0,99.345,96806.0,4097.0,99.305,88789.0,15018.0,99.28,268236.0,30083.0,99.23,138225.0,14132.0,99.165,30294.0,5228.0,99.11,61915.0,22134.0,99.075,47860.0,9747.0,99.05,12627.0,3947.0,98.99,32344.0,3684.0,98.95,39177.0,2179.0,98.89,25438.0,1542.0,98.835,60359.0,9219.0,98.81,22964.0,1922.0,98.785,5680.0,1433.0,98.725,5178.0,1223.0,98.69,2929.0,513.0,98.64,10175.0,56.0,98.605,1999.0,255.0,98.58,1636.0,87.0,98.53,569.0,NaN,98.495,267.0,NaN,98.46,140.0,NaN,98.42,216.0,NaN,98.365,110.0,NaN,98.355,74.0,NaN,98.32,17.0,NaN,98.29,21.0,NaN,98.27,6.0,NaN,98.245,82.0,NaN,98.21,10.0,NaN,98.195,10.0,NaN,98.165,10.0,NaN,98.135,12.0,NaN,98.12,5.0,NaN,98.095,NaN,NaN,NaN,NaN,NaN,NaN,NaN,NaN,NaN,NaN,NaN,NaN,NaN,NaN,NaN,NaN,NaN,NaN,NaN,NaN,NaN,NaN,NaN,NaN,NaN,NaN,NaN,NaN,NaN,NaN,NaN,NaN,NaN,NaN,NaN
2017-01-25,99.35,163883.0,3138.0,99.34,94974.0,6818.0,99.305,82511.0,23381.0,99.28,282019.0,49249.0,99.225,144711.0,35706.0,99.155,29813.0,4437.0,99.1,66824.0,16407.0,99.065,48675.0,6570.0,99.035,12475.0,2237.0,98.975,33181.0,5911.0,98.935,39169.0,1633.0,98.875,25460.0,824.0,98.82,60522.0,3760.0,98.795,24127.0,2204.0,98.77,5724.0,342.0,98.71,5523.0,635.0,98.665,2859.0,290.0,98.615,10145.0,49.0,98.58,1992.0,39.0,98.555,1701.0,169.0,98.5,569.0,NaN,98.46,267.0,NaN,98.425,140.0,NaN,98.375,304.0,88.0,98.325,110.0,NaN,98.315,74.0,NaN,98.28,17.0,NaN,98.245,21.0,NaN,98.225,6.0,NaN,98.2,82.0,NaN,98.165,10.0,NaN,98.145,10.0,NaN,98.11,10.0,NaN,98.08,12.0,NaN,98.065,5.0,NaN,98.035,NaN,NaN,NaN,NaN,NaN,NaN,NaN,NaN,NaN,NaN,NaN,NaN,NaN,NaN,NaN,NaN,NaN,NaN,NaN,NaN,NaN,NaN,NaN,NaN,NaN,NaN,NaN,NaN,NaN,NaN,NaN,NaN,NaN,NaN,NaN
2017-01-26,99.35,163675.0,2311.0,99.34,92350.0,7648.0,99.305,83688.0,16351.0,99.28,289494.0,45566.0,99.225,150393.0,19548.0,99.155,30134.0,2949.0,99.1,69995.0,9809.0,99.065,49463.0,4571.0,99.035,13030.0,2964.0,98.975,33503.0,4823.0,98.935,39559.0,5388.0,98.875,25615.0,1703.0,98.82,64695.0,10748.0,98.8,25227.0,1906.0,98.77,5663.0,824.0,98.715,5992.0,1116.0,98.675,2882.0,57.0,98.625,10201.0,169.0,98.59,1933.0,190.0,98.56,1676.0,28.0,98.505,563.0,6.0,98.47,267.0,NaN,98.435,140.0,NaN,98.395,304.0,10.0,98.34,110.0,NaN,98.33,74.0,NaN,98.29,17.0,NaN,98.26,21.0,NaN,98.24,6.0,NaN,98.215,82.0,NaN,98.175,10.0,NaN,98.155,10.0,NaN,98.125,10.0,NaN,98.095,12.0,NaN,98.08,5.0,NaN,98.05,NaN,NaN,NaN,NaN,NaN,NaN,NaN,NaN,NaN,NaN,NaN,NaN,NaN,NaN,NaN,NaN,NaN,NaN,NaN,NaN,NaN,NaN,NaN,NaN,NaN,NaN,NaN,NaN,NaN,NaN,NaN,NaN,NaN,NaN,NaN
2017-01-27,99.35,162104.0,260.0,99.34,89007.0,12206.0,99.305,81642.0,9172.0,99.28,292603.0,28759.0,99.225,151661.0,7924.0,99.155,30769.0,3147.0,99.1,69199.0,8380.0,99.065,50055.0,5170.0,99.04,13133.0,1473.0,98.98,34054.0,3242.0,98.94,39489.0,1388.0,98.88,25727.0,1694.0,98.825,67963.0,5464.0,98.805,28694.0,4611.0,98.775,8284.0,3825.0,98.72,5900.0,402.0,98.68,2971.0,149.0,98.63,10207.0,63.0,98.59,1905.0,178.0,98.565,1693.0,55.0,98.515,559.0,24.0,98.485,283.0,16.0,98.45,165.0,31.0,98.415,304.0,15.0,98.36,125.0,15.0,98.35,74.0,NaN,98.31,17.0,NaN,98.28,21.0,NaN,98.26,6.0,NaN,98.235,82.0,NaN,98.2,10.0,NaN,98.18,10.0,NaN,98.15,10.0,NaN,98.12,12.0,NaN,98.105,5.0,NaN,98.075,NaN,NaN,NaN,NaN,NaN,NaN,NaN,NaN,NaN,NaN,NaN,NaN,NaN,NaN,NaN,NaN,NaN,NaN,NaN,NaN,NaN,NaN,NaN,NaN,NaN,NaN,NaN,NaN,NaN,NaN,NaN,NaN,NaN,NaN,NaN
2017-01-30,99.35,161338.0,2039.0,99.34,86607.0,7028.0,99.305,84379.0,19014.0,99.285,324756.0,73221.0,99.235,155346.0,19322.0,99.17,31255.0,4789.0,99.115,70163.0,10617.0,99.08,52129.0,9831.0,99.055,14561.0,6544.0,98.995,35841.0,10399.0,98.955,39638.0,5918.0,98.89,23693.0,9303.0,98.835,71420.0,11443.0,98.815,29476.0,3990.0,98.785,7943.0,1213.0,98.725,5970.0,2310.0,98.685,3119.0,208.0,98.63,10207.0,111.0,98.595,1941.0,149.0,98.57,1722.0,55.0,98.52,559.0,NaN,98.485,283.0,NaN,98.45,165.0,NaN,98.415,304.0,NaN,98.36,125.0,NaN,98.35,74.0,NaN,98.31,17.0,NaN,98.28,21.0,NaN,98.26,6.0,NaN,98.235,82.0,NaN,98.2,10.0,NaN,98.18,10.0,NaN,98.15,10.0,NaN,98.12,12.0,NaN,98.105,5.0,NaN,98.075,NaN,NaN,NaN,NaN,NaN,NaN,NaN,NaN,NaN,NaN,NaN,NaN,NaN,NaN,NaN,NaN,NaN,NaN,NaN,NaN,NaN,NaN,NaN,NaN,NaN,NaN,NaN,NaN,NaN,NaN,NaN,NaN,NaN,NaN,NaN
2017-01-31,99.35,172228.0,628.0,99.34,85750.0,4121.0,99.31,85238.0,17195.0,99.29,331704.0,51603.0,99.24,155494.0,26594.0,99.175,38160.0,5362.0,99.12,94594.0,13742.0,99.085,65605.0,12274.0,99.06,15749.0,3821.0,99.0,39277.0,7431.0,98.965,40635.0,4272.0,98.9,24940.0,3090.0,98.845,88143.0,7402.0,98.825,30306.0,3036.0,98.795,7899.0,807.0,98.74,6019.0,502.0,98.7,3119.0,228.0,98.65,10187.0,51.0,98.615,1993.0,173.0,98.59,1792.0,156.0,98.54,546.0,13.0,98.505,283.0,NaN,98.475,165.0,NaN,98.435,304.0,NaN,98.375,125.0,NaN,98.37,74.0,NaN,98.34,17.0,NaN,98.31,21.0,NaN,98.295,6.0,NaN,98.27,82.0,NaN,98.24,10.0,NaN,98.22,10.0,NaN,98.19,10.0,NaN,98.155,12.0,NaN,98.145,5.0,NaN,98.115,98.085,NaN,NaN,NaN,NaN,NaN,NaN,NaN,NaN,NaN,NaN,NaN,NaN,NaN,NaN,NaN,NaN,NaN,NaN,NaN,NaN,NaN,NaN,NaN,NaN,NaN,NaN,NaN,NaN,NaN,NaN,NaN,NaN,NaN,NaN
2017-02-01,NaN,NaN,NaN,99.3425,97066.0,67989.0,99.315,95273.0,35752.0,99.295,321460.0,114178.0,99.24,159455.0,39588.0,99.175,37218.0,10045.0,99.12,95721.0,35487.0,99.08,68286.0,24899.0,99.055,13728.0,5593.0,98.995,40184.0,7903.0,98.96,40739.0,3888.0,98.895,25056.0,4608.0,98.84,91636.0,12221.0,98.82,31587.0,4343.0,98.79,8957.0,2070.0,98.73,6321.0,2248.0,98.7,3153.0,1302.0,98.65,10244.0,313.0,98.615,2007.0,285.0,98.59,1806.0,58.0,98.535,646.0,32.0,98.5,303.0,20.0,98.465,185.0,40.0,98.43,304.0,NaN,98.37,125.0,NaN,98.365,74.0,NaN,98.33,17.0,NaN,98.295,21.0,NaN,98.275,6.0,NaN,98.255,82.0,NaN,98.22,10.0,NaN,98.205,10.0,NaN,98.175,10.0,NaN,98.14,12.0,NaN,98.125,5.0,NaN,98.1,98.06,NaN,NaN,NaN,NaN,NaN,NaN,NaN,NaN,NaN,NaN,NaN,NaN,NaN,NaN,NaN,NaN,NaN,NaN,NaN,NaN,NaN,NaN,NaN,NaN,NaN,NaN,NaN,NaN,NaN,NaN,NaN,NaN,NaN,NaN
2017-02-02,NaN,NaN,NaN,99.3425,96384.0,18679.0,99.315,97076.0,24450.0,99.295,324045.0,48821.0,99.24,166121.0,25808.0,99.175,29936.0,5340.0,99.12,70785.0,9218.0,99.08,56600.0,6821.0,99.055,13206.0,2774.0,98.995,37187.0,7246.0,98.96,40474.0,4484.0,98.895,25292.0,2297.0,98.84,76660.0,25253.0,98.82,31508.0,4397.0,98.79,9002.0,856.0,98.73,7108.0,1989.0,98.7,3362.0,617.0,98.65,10251.0,118.0,98.615,2048.0,345.0,98.59,1868.0,160.0,98.545,564.0,75.0,98.505,303.0,20.0,98.475,185.0,20.0,98.43,304.0,NaN,98.37,125.0,NaN,98.365,74.0,NaN,98.33,17.0,NaN,98.3,21.0,NaN,98.28,6.0,NaN,98.255,82.0,NaN,98.225,10.0,NaN,98.205,10.0,NaN,98.175,10.0,NaN,98.14,12.0,NaN,98.125,5.0,NaN,98.11,98.075,NaN,NaN,NaN,NaN,NaN,NaN,NaN,NaN,NaN,NaN,NaN,NaN,NaN,NaN,NaN,NaN,NaN,NaN,NaN,NaN,NaN,NaN,NaN,NaN,NaN,NaN,NaN,NaN,NaN,NaN,NaN,NaN,NaN,NaN
2017-02-03,NaN,NaN,NaN,99.3425,99300.0,9294.0,99.315,100877.0,33841.0,99.3,348307.0,142293.0,99.24,179009.0,54856.0,99.175,30242.0,9578.0,99.12,75274.0,25748.0,99.08,56293.0,8260.0,99.05,12689.0,1873.0,98.99,36545.0,4526.0,98.95,41422.0,8181.0,98.88,25938.0,5475.0,98.82,80608.0,30366.0,98.8,38363.0,14992.0,98.77,9030.0,1220.0,98.715,7180.0,851.0,98.685,3724.0,987.0,98.635,10223.0,324.0,98.595,2097.0,167.0,98.57,1825.0,193.0,98.52,619.0,124.0,98.48,304.0,1.0,98.445,186.0,1.0,98.405,304.0,NaN,98.34,125.0,NaN,98.335,74.0,NaN,98.305,17.0,NaN,98.275,21.0,NaN,98.25,6.0,NaN,98.225,82.0,NaN,98.195,10.0,NaN,98.18,10.0,NaN,98.15,10.0,NaN,98.115,12.0,NaN,98.105,5.0,NaN,98.08,98.045,NaN,NaN,NaN,NaN,NaN,NaN,NaN,NaN,NaN,NaN,NaN,NaN,NaN,NaN,NaN,NaN,NaN,NaN,NaN,NaN,NaN,NaN,NaN,NaN,NaN,NaN,NaN,NaN,NaN,NaN,NaN,NaN,NaN,NaN
2017-02-06,NaN,NaN,NaN,99.3425,100639.0,6961.0,99.325,103917.0,11989.0,99.315,354952.0,45856.0,99.265,180374.0,32443.0,99.205,32546.0,11328.0,99.15,76810.0,17348.0,99.115,54843.0,10030.0,99.09,12489.0,2261.0,99.025,37252.0,5964.0,98.995,41623.0,7294.0,98.925,25871.0,997.0,98.865,81525.0,8610.0,98.85,40136.0,5026.0,98.825,8503.0,1246.0,98.77,7193.0,1634.0,98.74,3728.0,584.0,98.685,10140.0,392.0,98.655,1948.0,311.0,98.63,1665.0,226.0,98.585,600.0,29.0,98.55,313.0,9.0,98.515,186.0,NaN,98.48,307.0,3.0,98.42,144.0,68.0,98.415,100.0,29.0,98.38,21.0,4.0,98.355,28.0,10.0,98.335,6.0,NaN,98.305,82.0,NaN,98.275,10.0,NaN,98.26,10.0,NaN,98.23,10.0,NaN,98.2,12.0,NaN,98.185,5.0,NaN,98.16,98.135,NaN,NaN,NaN,NaN,NaN,NaN,NaN,NaN,NaN,NaN,NaN,NaN,NaN,NaN,NaN,NaN,NaN,NaN,NaN,NaN,NaN,NaN,NaN,NaN,NaN,NaN,NaN,NaN,NaN,NaN,NaN,NaN,NaN,NaN
2017-02-07,NaN,NaN,NaN,99.3425,99973.0,3574.0,99.325,102327.0,10188.0,99.315,363573.0,43287.0,99.265,186387.0,28868.0,99.205,33149.0,8804.0,99.15,74648.0,10392.0,99.115,53878.0,7402.0,99.09,12123.0,2583.0,99.03,38260.0,3693.0,98.995,43719.0,5714.0,98.93,26182.0,2451.0,98.87,82838.0,12994.0,98.855,41833.0,4354.0,98.825,8883.0,1180.0,98.77,7775.0,1735.0,98.745,3796.0,625.0,98.695,10140.0,61.0,98.66,1962.0,38.0,98.635,1677.0,30.0,98.59,595.0,6.0,98.56,313.0,NaN,98.525,186.0,NaN,98.49,307.0,NaN,98.43,314.0,265.0,98.43,140.0,79.0,98.395,21.0,NaN,98.365,50.0,39.0,98.345,6.0,NaN,98.325,82.0,NaN,98.295,10.0,NaN,98.28,10.0,NaN,98.255,10.0,NaN,98.225,12.0,NaN,98.21,5.0,NaN,98.185,98.16,NaN,NaN,NaN,NaN,NaN,NaN,NaN,NaN,NaN,NaN,NaN,NaN,NaN,NaN,NaN,NaN,NaN,NaN,NaN,NaN,NaN,NaN,NaN,NaN,NaN,NaN,NaN,NaN,NaN,NaN,NaN,NaN,NaN,NaN
2017-02-08,NaN,NaN,NaN,99.3425,100104.0,1381.0,99.325,103443.0,6959.0,99.315,373852.0,37202.0,99.27,193888.0,26739.0,99.21,32580.0,8012.0,99.16,79169.0,26222.0,99.125,54855.0,20713.0,99.1,12305.0,4932.0,99.04,40306.0,6951.0,99.01,44244.0,4110.0,98.945,25632.0,2132.0,98.885,85297.0,8357.0,98.87,42172.0,2581.0,98.845,8675.0,933.0,98.795,8215.0,1826.0,98.765,3735.0,345.0,98.72,10132.0,193.0,98.685,2412.0,601.0,98.665,1694.0,22.0,98.62,569.0,31.0,98.585,313.0,NaN,98.56,186.0,NaN,98.525,354.0,88.0,98.465,602.0,476.0,98.465,319.0,282.0,98.43,21.0,NaN,98.405,50.0,NaN,98.39,6.0,NaN,98.365,82.0,1.0,98.34,10.0,NaN,98.325,10.0,NaN,98.295,10.0,NaN,98.27,12.0,NaN,98.255,5.0,NaN,98.235,98.215,NaN,NaN,NaN,NaN,NaN,NaN,NaN,NaN,NaN,NaN,NaN,NaN,NaN,NaN,NaN,NaN,NaN,NaN,NaN,NaN,NaN,NaN,NaN,NaN,NaN,NaN,NaN,NaN,NaN,NaN,NaN,NaN,NaN,NaN
2017-02-09,NaN,NaN,NaN,99.3425,100211.0,963.0,99.32,106679.0,11852.0,99.31,388711.0,48197.0,99.265,196106.0,25642.0,99.2,32051.0,8133.0,99.145,79343.0,20917.0,99.11,55806.0,10031.0,99.085,14169.0,5017.0,99.02,38649.0,9373.0,98.99,46537.0,5480.0,98.925,26423.0,3788.0,98.86,86901.0,9532.0,98.845,42729.0,1650.0,98.815,8792.0,615.0,98.76,8355.0,267.0,98.73,3660.0,202.0,98.685,10132.0,40.0,98.65,2412.0,NaN,98.625,1680.0,20.0,98.575,569.0,NaN,98.54,313.0,NaN,98.51,186.0,NaN,98.475,354.0,NaN,98.415,602.0,NaN,98.41,319.0,NaN,98.38,21.0,NaN,98.355,50.0,NaN,98.335,6.0,NaN,98.31,82.0,NaN,98.28,10.0,NaN,98.265,10.0,NaN,98.24,10.0,NaN,98.21,12.0,NaN,98.2,5.0,NaN,98.175,98.15,NaN,NaN,NaN,NaN,NaN,NaN,NaN,NaN,NaN,NaN,NaN,NaN,NaN,NaN,NaN,NaN,NaN,NaN,NaN,NaN,NaN,NaN,NaN,NaN,NaN,NaN,NaN,NaN,NaN,NaN,NaN,NaN,NaN,NaN
2017-02-10,NaN,NaN,NaN,99.3425,100227.0,805.0,99.32,109241.0,13690.0,99.305,397283.0,57640.0,99.25,204152.0,41129.0,99.18,34117.0,11963.0,99.125,80545.0,13627.0,99.09,55921.0,7368.0,99.065,13689.0,4485.0,99.005,38220.0,5513.0,98.975,46637.0,1606.0,98.905,26242.0,1053.0,98.845,86903.0,7295.0,98.83,43110.0,1151.0,98.795,8747.0,530.0,98.745,8596.0,760.0,98.715,3659.0,259.0,98.665,10135.0,14.0,98.635,2495.0,108.0,98.61,1680.0,29.0,98.56,571.0,2.0,98.53,313.0,NaN,98.5,186.0,NaN,98.465,354.0,NaN,98.405,602.0,NaN,98.4,319.0,NaN,98.365,21.0,NaN,98.34,50.0,NaN,98.32,6.0,NaN,98.295,82.0,NaN,98.265,10.0,NaN,98.245,10.0,NaN,98.225,10.0,NaN,98.195,12.0,NaN,98.18,5.0,NaN,98.155,98.13,NaN,NaN,NaN,NaN,NaN,NaN,NaN,NaN,NaN,NaN,NaN,NaN,NaN,NaN,NaN,NaN,NaN,NaN,NaN,NaN,NaN,NaN,NaN,NaN,NaN,NaN,NaN,NaN,NaN,NaN,NaN,NaN,NaN,NaN
2017-02-13,NaN,NaN,NaN,99.3425,100521.0,576.0,99.315,109892.0,4532.0,99.3,396275.0,35716.0,99.24,209591.0,35634.0,99.175,31713.0,15613.0,99.125,82382.0,9683.0,99.085,56992.0,4889.0,99.06,13769.0,1917.0,98.995,42358.0,10880.0,98.965,47443.0,2692.0,98.895,26252.0,1298.0,98.835,86128.0,4570.0,98.815,43139.0,1022.0,98.785,8669.0,645.0,98.73,8727.0,600.0,98.7,3568.0,572.0,98.655,10123.0,50.0,98.615,2505.0,93.0,98.59,1680.0,67.0,98.545,571.0,NaN,98.51,313.0,NaN,98.475,189.0,3.0,98.435,357.0,3.0,98.375,602.0,NaN,98.375,319.0,NaN,98.34,21.0,NaN,98.31,50.0,NaN,98.29,6.0,NaN,98.27,82.0,NaN,98.235,10.0,NaN,98.215,10.0,NaN,98.19,10.0,NaN,98.16,12.0,NaN,98.145,5.0,NaN,98.12,98.095,NaN,NaN,NaN,NaN,NaN,NaN,NaN,NaN,NaN,NaN,NaN,NaN,NaN,NaN,NaN,NaN,NaN,NaN,NaN,NaN,NaN,NaN,NaN,NaN,NaN,NaN,NaN,NaN,NaN,NaN,NaN,NaN,NaN,NaN
2017-02-14,NaN,NaN,NaN,99.3425,100239.0,6519.0,99.31,106688.0,51555.0,99.29,396493.0,161634.0,99.225,233672.0,109440.0,99.16,33993.0,25663.0,99.11,90831.0,43069.0,99.07,61982.0,19480.0,99.035,13038.0,3576.0,98.965,42048.0,5120.0,98.935,47088.0,2637.0,98.865,25872.0,1034.0,98.8,86152.0,6438.0,98.78,43287.0,1473.0,98.75,8768.0,515.0,98.69,8744.0,323.0,98.66,3430.0,374.0,98.605,10113.0,79.0,98.57,2507.0,44.0,98.545,1686.0,37.0,98.5,571.0,NaN,98.465,316.0,5.0,98.43,189.0,NaN,98.39,358.0,1.0,98.33,602.0,1.0,98.325,319.0,NaN,98.29,21.0,NaN,98.26,50.0,NaN,98.24,6.0,NaN,98.22,82.0,NaN,98.185,10.0,NaN,98.165,10.0,NaN,98.14,10.0,NaN,98.11,12.0,NaN,98.095,5.0,NaN,98.07,98.045,NaN,NaN,NaN,NaN,NaN,NaN,NaN,NaN,NaN,NaN,NaN,NaN,NaN,NaN,NaN,NaN,NaN,NaN,NaN,NaN,NaN,NaN,NaN,NaN,NaN,NaN,NaN,NaN,NaN,NaN,NaN,NaN,NaN,NaN
2017-02-15,NaN,NaN,NaN,99.3425,100821.0,5864.0,99.3,115312.0,61261.0,99.265,417645.0,233987.0,99.195,252405.0,131896.0,99.13,36629.0,31578.0,99.075,100378.0,51592.0,99.035,64370.0,19798.0,99.005,12523.0,5993.0,98.935,44346.0,11478.0,98.905,47716.0,5617.0,98.83,27658.0,4579.0,98.765,84727.0,16425.0,98.745,43590.0,6296.0,98.705,9113.0,864.0,98.645,9316.0,2017.0,98.61,3541.0,564.0,98.56,10084.0,206.0,98.52,2530.0,129.0,98.495,1698.0,88.0,98.45,571.0,NaN,98.41,316.0,4.0,98.38,189.0,NaN,98.34,391.0,33.0,98.275,602.0,33.0,98.27,319.0,NaN,98.23,21.0,NaN,98.205,50.0,NaN,98.185,6.0,NaN,98.155,82.0,NaN,98.13,10.0,NaN,98.11,10.0,NaN,98.08,10.0,NaN,98.055,12.0,NaN,98.035,5.0,NaN,98.015,97.99,NaN,NaN,NaN,NaN,NaN,NaN,NaN,NaN,NaN,NaN,NaN,NaN,NaN,NaN,NaN,NaN,NaN,NaN,NaN,NaN,NaN,NaN,NaN,NaN,NaN,NaN,NaN,NaN,NaN,NaN,NaN,NaN,NaN,NaN
2017-02-16,NaN,NaN,NaN,99.3425,102889.0,6410.0,99.31,118742.0,23429.0,99.285,410086.0,135508.0,99.205,254407.0,90086.0,99.14,36974.0,20729.0,99.09,111103.0,51566.0,99.045,71935.0,35799.0,99.015,13699.0,8787.0,98.945,45325.0,10510.0,98.915,48132.0,8126.0,98.845,27977.0,4383.0,98.78,87454.0,21964.0,98.76,43373.0,5657.0,98.73,9257.0,1043.0,98.67,9324.0,1169.0,98.645,3603.0,430.0,98.595,10095.0,149.0,98.555,2514.0,154.0,98.53,1711.0,137.0,98.485,555.0,27.0,98.455,310.0,10.0,98.42,191.0,14.0,98.38,401.0,10.0,98.32,602.0,NaN,98.315,319.0,NaN,98.28,21.0,NaN,98.255,50.0,NaN,98.235,6.0,NaN,98.21,82.0,NaN,98.18,10.0,NaN,98.165,10.0,NaN,98.135,10.0,NaN,98.105,12.0,NaN,98.09,5.0,NaN,98.065,98.045,NaN,NaN,NaN,NaN,NaN,NaN,NaN,NaN,NaN,NaN,NaN,NaN,NaN,NaN,NaN,NaN,NaN,NaN,NaN,NaN,NaN,NaN,NaN,NaN,NaN,NaN,NaN,NaN,NaN,NaN,NaN,NaN,NaN,NaN
2017-02-17,NaN,NaN,NaN,99.3425,103181.0,1942.0,99.31,123818.0,14090.0,99.29,429637.0,79792.0,99.215,257651.0,34787.0,99.15,36130.0,12690.0,99.1,112441.0,34445.0,99.065,72651.0,15668.0,99.03,14553.0,5973.0,98.965,43956.0,8534.0,98.93,47676.0,6433.0,98.86,28224.0,3418.0,98.8,87456.0,11416.0,98.78,43141.0,2560.0,98.75,8826.0,1228.0,98.695,9141.0,525.0,98.665,4885.0,2287.0,98.615,10097.0,46.0,98.58,2519.0,145.0,98.555,1722.0,150.0,98.51,540.0,102.0,98.475,311.0,13.0,98.445,236.0,125.0,98.41,466.0,65.0,98.355,602.0,NaN,98.35,319.0,NaN,98.315,21.0,NaN,98.29,50.0,NaN,98.27,6.0,NaN,98.245,82.0,NaN,98.215,10.0,NaN,98.195,10.0,NaN,98.17,10.0,NaN,98.145,12.0,NaN,98.13,5.0,NaN,98.105,98.08,NaN,NaN,NaN,NaN,NaN,NaN,NaN,NaN,NaN,NaN,NaN,NaN,NaN,NaN,NaN,NaN,NaN,NaN,NaN,NaN,NaN,NaN,NaN,NaN,NaN,NaN,NaN,NaN,NaN,NaN,NaN,NaN,NaN,NaN
2017-02-21,NaN,NaN,NaN,99.3425,103008.0,2692.0,99.305,127055.0,13819.0,99.285,435759.0,90496.0,99.205,257830.0,43498.0,99.14,35562.0,9605.0,99.085,112537.0,26589.0,99.045,74806.0,9992.0,99.015,14947.0,3427.0,98.945,44925.0,5726.0,98.915,48533.0,3427.0,98.845,28508.0,1520.0,98.785,87655.0,12590.0,98.765,44584.0,3285.0,98.73,8702.0,417.0,98.675,9325.0,820.0,98.65,4945.0,234.0,98.595,10095.0,12.0,98.56,2530.0,105.0,98.54,1739.0,102.0,98.495,540.0,NaN,98.46,314.0,10.0,98.43,228.0,12.0,98.395,466.0,NaN,98.335,602.0,NaN,98.33,319.0,NaN,98.295,21.0,NaN,98.27,50.0,NaN,98.255,6.0,NaN,98.225,82.0,NaN,98.2,10.0,NaN,98.185,10.0,NaN,98.155,10.0,NaN,98.125,12.0,NaN,98.11,5.0,NaN,98.085,98.06,NaN,NaN,NaN,NaN,NaN,NaN,NaN,NaN,NaN,NaN,NaN,NaN,NaN,NaN,NaN,NaN,NaN,NaN,NaN,NaN,NaN,NaN,NaN,NaN,NaN,NaN,NaN,NaN,NaN,NaN,NaN,NaN,NaN,NaN
2017-02-22,NaN,NaN,NaN,99.3425,103034.0,4617.0,99.31,131965.0,44408.0,99.29,544803.0,283487.0,99.195,275756.0,151542.0,99.135,40974.0,44295.0,99.09,119797.0,38413.0,99.045,75301.0,15067.0,99.015,15037.0,10308.0,98.955,39552.0,22517.0,98.925,48552.0,6983.0,98.855,25615.0,13621.0,98.795,91229.0,16623.0,98.775,44830.0,3790.0,98.745,8594.0,1149.0,98.69,9356.0,453.0,98.66,5060.0,672.0,98.61,10105.0,75.0,98.575,2715.0,516.0,98.55,1722.0,106.0,98.505,541.0,1.0,98.47,314.0,NaN,98.44,229.0,1.0,98.4,466.0,NaN,98.345,592.0,32.0,98.34,341.0,22.0,98.31,19.0,2.0,98.285,50.0,NaN,98.265,6.0,NaN,98.24,82.0,NaN,98.21,10.0,NaN,98.195,10.0,NaN,98.165,20.0,10.0,98.14,12.0,NaN,98.125,5.0,NaN,98.1,98.08,NaN,NaN,NaN,NaN,NaN,NaN,NaN,NaN,NaN,NaN,NaN,NaN,NaN,NaN,NaN,NaN,NaN,NaN,NaN,NaN,NaN,NaN,NaN,NaN,NaN,NaN,NaN,NaN,NaN,NaN,NaN,NaN,NaN,NaN
2017-02-23,NaN,NaN,NaN,99.3425,103600.0,1942.0,99.305,140122.0,43694.0,99.28,555655.0,136342.0,99.19,272952.0,112929.0,99.135,39892.0,39641.0,99.095,118757.0,49336.0,99.055,77659.0,15879.0,99.025,14798.0,3682.0,98.965,40715.0,6350.0,98.935,50289.0,4938.0,98.865,24330.0,5970.0,98.805,95232.0,17137.0,98.79,45309.0,2788.0,98.76,8906.0,983.0,98.71,9059.0,1014.0,98.685,5204.0,769.0,98.63,10105.0,29.0,98.6,2716.0,134.0,98.575,1691.0,246.0,98.53,540.0,2.0,98.5,313.0,121.0,98.47,231.0,101.0,98.43,467.0,5.0,98.375,592.0,4.0,98.37,343.0,4.0,98.34,19.0,NaN,98.315,50.0,NaN,98.3,6.0,NaN,98.275,82.0,NaN,98.25,10.0,NaN,98.23,10.0,NaN,98.205,20.0,NaN,98.18,12.0,NaN,98.165,5.0,NaN,98.14,98.12,NaN,NaN,NaN,NaN,NaN,NaN,NaN,NaN,NaN,NaN,NaN,NaN,NaN,NaN,NaN,NaN,NaN,NaN,NaN,NaN,NaN,NaN,NaN,NaN,NaN,NaN,NaN,NaN,NaN,NaN,NaN,NaN,NaN,NaN
2017-02-24,NaN,NaN,NaN,99.3425,103278.0,3583.0,99.305,148385.0,47453.0,99.275,558980.0,175946.0,99.195,282229.0,73865.0,99.145,36866.0,23424.0,99.105,118274.0,28167.0,99.07,81966.0,18882.0,99.04,17126.0,13699.0,98.985,41832.0,15105.0,98.955,55166.0,13666.0,98.89,24915.0,5049.0,98.835,100097.0,22935.0,98.82,45624.0,4726.0,98.795,8867.0,2213.0,98.745,8807.0,1873.0,98.72,5382.0,530.0,98.67,10385.0,335.0,98.64,2724.0,107.0,98.62,1705.0,99.0,98.58,528.0,58.0,98.55,294.0,77.0,98.525,229.0,22.0,98.485,467.0,NaN,98.43,592.0,20.0,98.425,363.0,20.0,98.4,19.0,NaN,98.38,50.0,NaN,98.365,6.0,NaN,98.34,82.0,NaN,98.315,10.0,NaN,98.3,10.0,NaN,98.275,20.0,NaN,98.255,12.0,NaN,98.24,5.0,NaN,98.215,98.195,NaN,NaN,NaN,NaN,NaN,NaN,NaN,NaN,NaN,NaN,NaN,NaN,NaN,NaN,NaN,NaN,NaN,NaN,NaN,NaN,NaN,NaN,NaN,NaN,NaN,NaN,NaN,NaN,NaN,NaN,NaN,NaN,NaN,NaN
2017-02-27,NaN,NaN,NaN,99.3425,101919.0,13714.0,99.285,131638.0,128867.0,99.25,562317.0,197285.0,99.175,278532.0,76300.0,99.12,38257.0,14225.0,99.075,122210.0,22552.0,99.04,81880.0,7522.0,99.01,17308.0,2884.0,98.945,42084.0,4950.0,98.915,55193.0,2460.0,98.845,25166.0,1486.0,98.785,100069.0,7071.0,98.765,46413.0,2221.0,98.74,8845.0,254.0,98.685,8809.0,213.0,98.66,5392.0,76.0,98.61,10385.0,66.0,98.58,2732.0,21.0,98.56,1733.0,191.0,98.515,552.0,33.0,98.485,288.0,22.0,98.455,237.0,16.0,98.415,467.0,NaN,98.36,592.0,NaN,98.355,363.0,NaN,98.325,19.0,NaN,98.305,50.0,NaN,98.29,6.0,NaN,98.265,82.0,NaN,98.24,10.0,NaN,98.225,10.0,NaN,98.2,20.0,NaN,98.18,12.0,NaN,98.165,5.0,NaN,98.14,98.12,NaN,NaN,NaN,NaN,NaN,NaN,NaN,NaN,NaN,NaN,NaN,NaN,NaN,NaN,NaN,NaN,NaN,NaN,NaN,NaN,NaN,NaN,NaN,NaN,NaN,NaN,NaN,NaN,NaN,NaN,NaN,NaN,NaN,NaN
2017-02-28,NaN,NaN,NaN,99.3425,100971.0,1259.0,99.285,124648.0,43759.0,99.245,528094.0,269448.0,99.175,263820.0,104920.0,99.115,37610.0,18206.0,99.07,125995.0,49682.0,99.035,77252.0,12940.0,99.005,14476.0,6853.0,98.94,41931.0,4741.0,98.91,54369.0,2732.0,98.84,24762.0,2780.0,98.78,102146.0,9202.0,98.76,46327.0,1596.0,98.735,8809.0,1260.0,98.68,9040.0,555.0,98.655,5641.0,564.0,98.605,10355.0,149.0,98.57,2770.0,211.0,98.55,1837.0,197.0,98.51,552.0,NaN,98.48,275.0,39.0,98.45,237.0,NaN,98.415,467.0,NaN,98.36,592.0,64.0,98.355,427.0,64.0,98.325,19.0,NaN,98.305,50.0,NaN,98.29,6.0,NaN,98.265,82.0,NaN,98.24,10.0,NaN,98.225,10.0,NaN,98.2,20.0,NaN,98.18,12.0,NaN,98.165,5.0,NaN,98.13,98.11,98.09,NaN,NaN,NaN,NaN,NaN,NaN,NaN,NaN,NaN,NaN,NaN,NaN,NaN,NaN,NaN,NaN,NaN,NaN,NaN,NaN,NaN,NaN,NaN,NaN,NaN,NaN,NaN,NaN,NaN,NaN,NaN,NaN,NaN
2017-03-01,NaN,NaN,NaN,NaN,NaN,NaN,99.25,122793.0,29654.0,99.175,473435.0,292422.0,99.14,245659.0,158240.0,99.08,39029.0,17820.0,99.03,127683.0,47324.0,98.995,77189.0,29914.0,98.96,13560.0,5251.0,98.89,41561.0,12106.0,98.86,56421.0,8136.0,98.79,24784.0,5495.0,98.725,101862.0,20299.0,98.7,47253.0,8951.0,98.67,8887.0,1584.0,98.61,9042.0,251.0,98.58,5532.0,401.0,98.53,10480.0,176.0,98.49,2842.0,178.0,98.47,1871.0,128.0,98.425,556.0,62.0,98.39,326.0,137.0,98.36,237.0,16.0,98.32,482.0,35.0,98.26,658.0,95.0,98.25,428.0,3.0,98.22,19.0,NaN,98.195,50.0,NaN,98.18,6.0,NaN,98.155,32.0,50.0,98.125,10.0,NaN,98.11,10.0,NaN,98.08,20.0,NaN,98.055,12.0,NaN,98.04,5.0,NaN,98.01,97.97,97.975,NaN,NaN,NaN,NaN,NaN,NaN,NaN,NaN,NaN,NaN,NaN,NaN,NaN,NaN,NaN,NaN,NaN,NaN,NaN,NaN,NaN,NaN,NaN,NaN,NaN,NaN,NaN,NaN,NaN,NaN,NaN,NaN,NaN
2017-03-02,NaN,NaN,NaN,NaN,NaN,NaN,99.2375,121539.0,21120.0,99.15,407570.0,236696.0,99.12,237480.0,158058.0,99.045,52678.0,44276.0,98.985,124786.0,116948.0,98.95,74519.0,29190.0,98.92,13690.0,5369.0,98.845,49115.0,37928.0,98.815,60087.0,23556.0,98.745,26440.0,9496.0,98.685,97933.0,23124.0,98.655,46125.0,4982.0,98.625,9273.0,650.0,98.565,9188.0,542.0,98.535,5534.0,330.0,98.485,10491.0,170.0,98.445,2930.0,169.0,98.42,1921.0,75.0,98.38,576.0,63.0,98.34,302.0,188.0,98.31,324.0,87.0,98.27,482.0,NaN,98.21,658.0,NaN,98.2,428.0,NaN,98.165,19.0,NaN,98.14,50.0,NaN,98.125,6.0,NaN,98.095,32.0,NaN,98.07,10.0,NaN,98.05,10.0,NaN,98.02,20.0,NaN,97.99,12.0,NaN,97.985,5.0,NaN,97.955,97.915,97.915,NaN,NaN,NaN,NaN,NaN,NaN,NaN,NaN,NaN,NaN,NaN,NaN,NaN,NaN,NaN,NaN,NaN,NaN,NaN,NaN,NaN,NaN,NaN,NaN,NaN,NaN,NaN,NaN,NaN,NaN,NaN,NaN,NaN
2017-03-03,NaN,NaN,NaN,NaN,NaN,NaN,99.23,120355.0,24852.0,99.14,400097.0,172236.0,99.115,244113.0,99869.0,99.05,61808.0,25601.0,99.0,125446.0,31966.0,98.97,75696.0,27740.0,98.935,13923.0,6697.0,98.86,52282.0,19175.0,98.83,62471.0,16049.0,98.765,27184.0,9113.0,98.705,96141.0,19246.0,98.68,45648.0,3721.0,98.645,9211.0,851.0,98.59,9278.0,1119.0,98.555,5554.0,959.0,98.5,10443.0,648.0,98.455,2737.0,446.0,98.43,1922.0,181.0,98.385,602.0,81.0,98.34,261.0,94.0,98.31,324.0,10.0,98.27,493.0,28.0,98.21,658.0,1.0,98.2,428.0,NaN,98.165,19.0,NaN,98.14,50.0,NaN,98.12,6.0,NaN,98.095,32.0,NaN,98.07,10.0,NaN,98.05,10.0,NaN,98.02,20.0,NaN,97.99,12.0,NaN,97.985,6.0,2.0,97.955,97.915,97.915,NaN,NaN,NaN,NaN,NaN,NaN,NaN,NaN,NaN,NaN,NaN,NaN,NaN,NaN,NaN,NaN,NaN,NaN,NaN,NaN,NaN,NaN,NaN,NaN,NaN,NaN,NaN,NaN,NaN,NaN,NaN,NaN,NaN
2017-03-06,NaN,NaN,NaN,NaN,NaN,NaN,99.23,107290.0,42535.0,99.135,435034.0,93061.0,99.115,250310.0,41285.0,99.055,62265.0,12419.0,99.005,126077.0,29238.0,98.98,79148.0,15008.0,98.945,15032.0,4130.0,98.87,52227.0,7064.0,98.84,62807.0,3161.0,98.775,28203.0,3637.0,98.715,98233.0,13088.0,98.69,45666.0,1852.0,98.655,9321.0,657.0,98.595,9391.0,912.0,98.565,5613.0,677.0,98.505,10769.0,747.0,98.46,2886.0,822.0,98.43,2204.0,967.0,98.38,762.0,548.0,98.335,612.0,650.0,98.3,455.0,401.0,98.255,985.0,558.0,98.2,668.0,80.0,98.195,428.0,NaN,98.16,19.0,NaN,98.135,50.0,NaN,98.12,6.0,NaN,98.095,32.0,NaN,98.065,10.0,NaN,98.05,10.0,NaN,98.02,20.0,NaN,97.99,12.0,NaN,97.985,6.0,NaN,97.955,97.915,97.915,NaN,NaN,NaN,NaN,NaN,NaN,NaN,NaN,NaN,NaN,NaN,NaN,NaN,NaN,NaN,NaN,NaN,NaN,NaN,NaN,NaN,NaN,NaN,NaN,NaN,NaN,NaN,NaN,NaN,NaN,NaN,NaN,NaN
2017-03-07,NaN,NaN,NaN,NaN,NaN,NaN,99.2275,107538.0,9545.0,99.135,452929.0,110612.0,99.115,224571.0,82865.0,99.055,60609.0,5831.0,99.005,125825.0,28896.0,98.975,79789.0,20044.0,98.94,15247.0,2136.0,98.87,51665.0,10672.0,98.84,62653.0,4305.0,98.775,28462.0,2041.0,98.715,100291.0,14791.0,98.69,45755.0,2707.0,98.65,9534.0,656.0,98.59,9519.0,1069.0,98.555,5729.0,421.0,98.5,11046.0,469.0,98.46,2976.0,371.0,98.43,2290.0,116.0,98.375,747.0,153.0,98.33,713.0,139.0,98.3,575.0,185.0,98.255,986.0,38.0,98.2,545.0,135.0,98.19,423.0,5.0,98.155,19.0,NaN,98.13,50.0,NaN,98.11,6.0,NaN,98.085,32.0,NaN,98.055,10.0,NaN,98.04,10.0,NaN,98.01,20.0,NaN,97.98,12.0,NaN,97.975,6.0,NaN,97.945,97.91,97.905,NaN,NaN,NaN,NaN,NaN,NaN,NaN,NaN,NaN,NaN,NaN,NaN,NaN,NaN,NaN,NaN,NaN,NaN,NaN,NaN,NaN,NaN,NaN,NaN,NaN,NaN,NaN,NaN,NaN,NaN,NaN,NaN,NaN
2017-03-08,NaN,NaN,NaN,NaN,NaN,NaN,99.225,107329.0,6839.0,99.125,468335.0,88312.0,99.11,223919.0,53680.0,99.045,61441.0,13201.0,98.995,125576.0,37168.0,98.96,77167.0,18606.0,98.925,16159.0,5392.0,98.855,49574.0,11922.0,98.82,64245.0,6419.0,98.755,28855.0,6416.0,98.695,97182.0,30810.0,98.665,45681.0,4149.0,98.63,9466.0,293.0,98.57,9380.0,753.0,98.535,5906.0,301.0,98.475,11030.0,65.0,98.43,3174.0,555.0,98.4,2342.0,110.0,98.35,753.0,67.0,98.305,713.0,29.0,98.27,575.0,8.0,98.225,995.0,26.0,98.165,545.0,30.0,98.155,423.0,NaN,98.12,19.0,NaN,98.095,50.0,NaN,98.07,6.0,NaN,98.04,32.0,NaN,98.015,10.0,NaN,97.995,10.0,NaN,97.965,20.0,NaN,97.935,12.0,NaN,97.93,6.0,NaN,97.9,97.865,97.86,NaN,NaN,NaN,NaN,NaN,NaN,NaN,NaN,NaN,NaN,NaN,NaN,NaN,NaN,NaN,NaN,NaN,NaN,NaN,NaN,NaN,NaN,NaN,NaN,NaN,NaN,NaN,NaN,NaN,NaN,NaN,NaN,NaN
2017-03-09,NaN,NaN,NaN,NaN,NaN,NaN,99.225,106789.0,7688.0,99.125,482918.0,76490.0,99.105,247161.0,89756.0,99.04,59672.0,10080.0,98.99,121587.0,30088.0,98.95,80426.0,16673.0,98.91,18468.0,5818.0,98.835,49042.0,7670.0,98.8,63965.0,5392.0,98.735,28983.0,4681.0,98.675,105197.0,26157.0,98.645,47553.0,4425.0,98.605,10583.0,2885.0,98.54,9213.0,762.0,98.505,6053.0,773.0,98.45,11186.0,390.0,98.405,3249.0,149.0,98.375,2552.0,246.0,98.32,758.0,38.0,98.275,711.0,6.0,98.235,575.0,2.0,98.19,996.0,2.0,98.13,494.0,335.0,98.115,327.0,137.0,98.08,9.0,10.0,98.05,50.0,NaN,98.025,6.0,NaN,97.995,32.0,NaN,97.97,8.0,2.0,97.95,8.0,2.0,97.915,20.0,NaN,97.89,12.0,NaN,97.88,6.0,NaN,97.845,97.81,97.805,NaN,NaN,NaN,NaN,NaN,NaN,NaN,NaN,NaN,NaN,NaN,NaN,NaN,NaN,NaN,NaN,NaN,NaN,NaN,NaN,NaN,NaN,NaN,NaN,NaN,NaN,NaN,NaN,NaN,NaN,NaN,NaN,NaN
2017-03-10,NaN,NaN,NaN,NaN,NaN,NaN,99.22,107445.0,10295.0,99.12,489769.0,85020.0,99.1,256738.0,72443.0,99.035,58439.0,30364.0,98.975,132321.0,50745.0,98.935,83635.0,18334.0,98.9,19231.0,6987.0,98.825,62968.0,33826.0,98.795,64088.0,9739.0,98.735,29299.0,7897.0,98.675,115258.0,28469.0,98.645,49761.0,7452.0,98.605,12966.0,5197.0,98.545,9531.0,3031.0,98.515,6566.0,1625.0,98.455,11443.0,1029.0,98.415,3994.0,1236.0,98.385,3323.0,1435.0,98.33,1149.0,592.0,98.28,1024.0,515.0,98.245,990.0,700.0,98.2,1227.0,380.0,98.14,462.0,44.0,98.13,350.0,25.0,98.095,9.0,NaN,98.065,50.0,NaN,98.035,6.0,NaN,98.01,32.0,NaN,97.98,8.0,NaN,97.965,8.0,NaN,97.93,20.0,NaN,97.905,12.0,NaN,97.895,6.0,NaN,97.86,97.825,97.825,NaN,NaN,NaN,NaN,NaN,NaN,NaN,NaN,NaN,NaN,NaN,NaN,NaN,NaN,NaN,NaN,NaN,NaN,NaN,NaN,NaN,NaN,NaN,NaN,NaN,NaN,NaN,NaN,NaN,NaN,NaN,NaN,NaN
2017-03-13,NaN,NaN,NaN,NaN,NaN,NaN,99.22,109953.0,4831.0,99.115,496527.0,51318.0,99.1,261966.0,16429.0,99.025,59755.0,10330.0,98.965,130460.0,12758.0,98.925,81920.0,7964.0,98.89,20017.0,3005.0,98.81,64458.0,11736.0,98.785,67457.0,7375.0,98.725,29386.0,2310.0,98.67,120253.0,16970.0,98.64,52402.0,6767.0,98.595,13140.0,902.0,98.535,9930.0,961.0,98.505,6624.0,537.0,98.445,11656.0,666.0,98.4,4406.0,622.0,98.37,3483.0,469.0,98.31,1264.0,188.0,98.26,1255.0,309.0,98.225,1133.0,215.0,98.18,1417.0,274.0,98.125,448.0,26.0,98.115,350.0,1.0,98.075,9.0,NaN,98.045,50.0,NaN,98.02,6.0,NaN,97.995,32.0,NaN,97.965,8.0,NaN,97.945,8.0,NaN,97.915,20.0,NaN,97.885,12.0,NaN,97.87,6.0,NaN,97.84,97.805,97.805,NaN,NaN,NaN,NaN,NaN,NaN,NaN,NaN,NaN,NaN,NaN,NaN,NaN,NaN,NaN,NaN,NaN,NaN,NaN,NaN,NaN,NaN,NaN,NaN,NaN,NaN,NaN,NaN,NaN,NaN,NaN,NaN,NaN
2017-03-14,NaN,NaN,NaN,NaN,NaN,NaN,99.2175,110385.0,6835.0,99.115,477290.0,70543.0,99.1,275942.0,47631.0,99.025,61142.0,11543.0,98.965,130822.0,14724.0,98.925,81767.0,7605.0,98.89,20170.0,2916.0,98.81,67653.0,8913.0,98.785,69841.0,6146.0,98.72,30374.0,2459.0,98.67,129991.0,21848.0,98.64,53340.0,2624.0,98.6,13310.0,1056.0,98.54,10261.0,1213.0,98.505,7478.0,2801.0,98.445,11898.0,724.0,98.4,5193.0,1193.0,98.37,3602.0,558.0,98.31,1498.0,655.0,98.26,1578.0,663.0,98.225,1327.0,406.0,98.18,1521.0,272.0,98.125,465.0,106.0,98.11,364.0,15.0,98.075,9.0,NaN,98.045,50.0,NaN,98.025,6.0,NaN,97.995,32.0,NaN,97.97,8.0,NaN,97.945,8.0,NaN,97.915,20.0,NaN,97.885,12.0,NaN,97.875,8.0,3.0,97.84,97.805,97.805,NaN,NaN,NaN,NaN,NaN,NaN,NaN,NaN,NaN,NaN,NaN,NaN,NaN,NaN,NaN,NaN,NaN,NaN,NaN,NaN,NaN,NaN,NaN,NaN,NaN,NaN,NaN,NaN,NaN,NaN,NaN,NaN,NaN
2017-03-15,NaN,NaN,NaN,NaN,NaN,NaN,99.215,113362.0,19968.0,99.11,473042.0,95556.0,99.095,272535.0,58039.0,99.035,62827.0,48649.0,98.985,129631.0,79862.0,98.95,84329.0,29342.0,98.915,23162.0,14649.0,98.835,78848.0,42464.0,98.815,74154.0,18860.0,98.765,31021.0,9880.0,98.715,133269.0,43625.0,98.69,53272.0,5683.0,98.65,13761.0,3479.0,98.6,10654.0,3068.0,98.57,7477.0,1558.0,98.51,12252.0,761.0,98.465,5572.0,1252.0,98.44,3829.0,836.0,98.38,1844.0,519.0,98.34,2641.0,2051.0,98.315,1988.0,1202.0,98.25,1814.0,438.0,98.205,617.0,428.0,98.2,568.0,227.0,98.165,9.0,NaN,98.14,50.0,NaN,98.125,6.0,NaN,98.095,32.0,NaN,98.07,8.0,NaN,98.05,8.0,NaN,98.02,20.0,NaN,97.99,12.0,NaN,97.985,8.0,NaN,97.95,97.915,97.915,NaN,NaN,NaN,NaN,NaN,NaN,NaN,NaN,NaN,NaN,NaN,NaN,NaN,NaN,NaN,NaN,NaN,NaN,NaN,NaN,NaN,NaN,NaN,NaN,NaN,NaN,NaN,NaN,NaN,NaN,NaN,NaN,NaN
2017-03-16,NaN,NaN,NaN,NaN,NaN,NaN,99.215,112453.0,729.0,99.11,471060.0,3523.0,99.095,276748.0,34411.0,99.03,63862.0,12116.0,98.975,120501.0,43421.0,98.94,91597.0,24315.0,98.9,25625.0,11408.0,98.815,81085.0,14918.0,98.795,77113.0,12974.0,98.745,34562.0,13684.0,98.7,137413.0,27985.0,98.68,53487.0,8307.0,98.64,12089.0,4306.0,98.585,10843.0,1089.0,98.56,7483.0,387.0,98.505,12299.0,397.0,98.465,5630.0,146.0,98.435,3910.0,304.0,98.38,1875.0,213.0,98.34,2659.0,195.0,98.315,2015.0,84.0,98.255,1820.0,43.0,98.205,717.0,107.0,98.2,603.0,35.0,98.165,9.0,NaN,98.14,50.0,NaN,98.125,6.0,NaN,98.095,32.0,NaN,98.07,8.0,NaN,98.05,8.0,NaN,98.02,20.0,NaN,97.99,12.0,NaN,97.985,8.0,NaN,97.95,97.915,97.915,NaN,NaN,NaN,NaN,NaN,NaN,NaN,NaN,NaN,NaN,NaN,NaN,NaN,NaN,NaN,NaN,NaN,NaN,NaN,NaN,NaN,NaN,NaN,NaN,NaN,NaN,NaN,NaN,NaN,NaN,NaN,NaN,NaN
2017-03-17,NaN,NaN,NaN,NaN,NaN,NaN,99.215,108536.0,8906.0,99.11,465988.0,12499.0,99.095,275540.0,19543.0,99.03,63683.0,7508.0,98.97,120498.0,19984.0,98.94,95194.0,12036.0,98.9,24719.0,4492.0,98.815,81972.0,17634.0,98.795,74593.0,15870.0,98.74,33923.0,4780.0,98.695,142182.0,20098.0,98.675,55168.0,3407.0,98.635,11870.0,835.0,98.58,10797.0,1884.0,98.56,7536.0,567.0,98.505,12329.0,982.0,98.46,5627.0,401.0,98.435,4106.0,516.0,98.385,1859.0,328.0,98.345,2602.0,925.0,98.325,2008.0,402.0,98.275,1809.0,27.0,98.225,717.0,NaN,98.22,603.0,NaN,98.18,9.0,NaN,98.15,50.0,NaN,98.135,6.0,NaN,98.105,32.0,NaN,98.08,8.0,NaN,98.065,8.0,NaN,98.035,20.0,NaN,98.005,12.0,NaN,98.0,8.0,NaN,97.965,97.93,97.93,NaN,NaN,NaN,NaN,NaN,NaN,NaN,NaN,NaN,NaN,NaN,NaN,NaN,NaN,NaN,NaN,NaN,NaN,NaN,NaN,NaN,NaN,NaN,NaN,NaN,NaN,NaN,NaN,NaN,NaN,NaN,NaN,NaN
2017-03-20,NaN,NaN,NaN,NaN,NaN,NaN,99.215,108885.0,390.0,99.11,465760.0,1035.0,99.095,267613.0,35234.0,99.03,62624.0,11358.0,98.97,123223.0,20916.0,98.94,97652.0,7230.0,98.9,25385.0,3584.0,98.815,85495.0,16510.0,98.795,80887.0,15360.0,98.745,35026.0,6152.0,98.705,141053.0,13459.0,98.685,57204.0,10744.0,98.645,11886.0,353.0,98.595,11187.0,1772.0,98.57,7534.0,152.0,98.52,12384.0,451.0,98.48,5813.0,429.0,98.455,4248.0,159.0,98.405,1859.0,4.0,98.37,2588.0,28.0,98.345,1973.0,64.0,98.295,1808.0,94.0,98.25,785.0,120.0,98.245,629.0,47.0,98.21,12.0,3.0,98.185,50.0,NaN,98.175,6.0,NaN,98.14,32.0,NaN,98.115,8.0,NaN,98.095,8.0,NaN,98.07,20.0,NaN,98.04,12.0,NaN,98.035,8.0,NaN,98.0,97.965,97.965,NaN,NaN,NaN,NaN,NaN,NaN,NaN,NaN,NaN,NaN,NaN,NaN,NaN,NaN,NaN,NaN,NaN,NaN,NaN,NaN,NaN,NaN,NaN,NaN,NaN,NaN,NaN,NaN,NaN,NaN,NaN,NaN,NaN
2017-03-21,NaN,NaN,NaN,NaN,NaN,NaN,99.215,108386.0,2099.0,99.11,467998.0,5078.0,99.095,266256.0,12219.0,99.025,63060.0,11485.0,98.97,129975.0,50515.0,98.94,101008.0,24468.0,98.9,25647.0,8938.0,98.82,94474.0,25278.0,98.8,90355.0,22175.0,98.755,37605.0,8456.0,98.71,147113.0,22505.0,98.69,62706.0,13170.0,98.655,11913.0,1423.0,98.605,11147.0,2863.0,98.58,7465.0,802.0,98.53,12382.0,422.0,98.49,5943.0,263.0,98.46,4255.0,190.0,98.415,1843.0,132.0,98.38,2577.0,245.0,98.35,1921.0,159.0,98.3,1734.0,105.0,98.255,855.0,225.0,98.25,771.0,142.0,98.215,112.0,100.0,98.19,64.0,14.0,98.18,6.0,NaN,98.15,35.0,3.0,98.13,8.0,NaN,98.115,8.0,NaN,98.09,20.0,NaN,98.06,12.0,NaN,98.055,8.0,NaN,98.02,97.99,97.99,NaN,NaN,NaN,NaN,NaN,NaN,NaN,NaN,NaN,NaN,NaN,NaN,NaN,NaN,NaN,NaN,NaN,NaN,NaN,NaN,NaN,NaN,NaN,NaN,NaN,NaN,NaN,NaN,NaN,NaN,NaN,NaN,NaN
2017-03-22,NaN,NaN,NaN,NaN,NaN,NaN,99.215,104656.0,4758.0,99.11,462867.0,11167.0,99.095,265785.0,9622.0,99.035,63927.0,6127.0,98.98,125752.0,25011.0,98.945,101280.0,18080.0,98.91,24957.0,5451.0,98.835,89031.0,23423.0,98.815,93673.0,17303.0,98.77,36972.0,3747.0,98.725,146909.0,11808.0,98.71,65731.0,11909.0,98.675,12691.0,3589.0,98.63,11616.0,3664.0,98.61,8048.0,2390.0,98.56,12278.0,842.0,98.525,6089.0,219.0,98.5,4309.0,362.0,98.455,1848.0,109.0,98.415,2697.0,247.0,98.39,1899.0,63.0,98.345,1795.0,128.0,98.295,1120.0,414.0,98.295,881.0,162.0,98.26,112.0,NaN,98.24,64.0,1.0,98.23,21.0,15.0,98.195,132.0,104.0,98.175,39.0,45.0,98.16,13.0,14.0,98.135,22.0,2.0,98.105,12.0,NaN,98.1,8.0,NaN,98.065,98.035,98.035,NaN,NaN,NaN,NaN,NaN,NaN,NaN,NaN,NaN,NaN,NaN,NaN,NaN,NaN,NaN,NaN,NaN,NaN,NaN,NaN,NaN,NaN,NaN,NaN,NaN,NaN,NaN,NaN,NaN,NaN,NaN,NaN,NaN
2017-03-23,NaN,NaN,NaN,NaN,NaN,NaN,99.215,103971.0,1051.0,99.11,461452.0,4786.0,99.095,265773.0,14507.0,99.035,67028.0,15563.0,98.98,125985.0,23450.0,98.95,101527.0,13603.0,98.915,24498.0,6746.0,98.84,91676.0,27943.0,98.82,95965.0,14626.0,98.77,36764.0,3297.0,98.725,148540.0,16999.0,98.71,70533.0,8653.0,98.675,12954.0,2004.0,98.63,11435.0,3120.0,98.61,8691.0,2434.0,98.56,10595.0,4513.0,98.52,6063.0,562.0,98.49,4064.0,748.0,98.45,1737.0,598.0,98.405,2658.0,528.0,98.38,1581.0,802.0,98.345,1741.0,200.0,98.29,1148.0,284.0,98.28,948.0,192.0,98.25,112.0,NaN,98.235,64.0,NaN,98.22,21.0,NaN,98.185,132.0,NaN,98.165,39.0,NaN,98.15,13.0,NaN,98.12,22.0,NaN,98.09,12.0,NaN,98.085,8.0,NaN,98.045,98.015,98.015,NaN,NaN,NaN,NaN,NaN,NaN,NaN,NaN,NaN,NaN,NaN,NaN,NaN,NaN,NaN,NaN,NaN,NaN,NaN,NaN,NaN,NaN,NaN,NaN,NaN,NaN,NaN,NaN,NaN,NaN,NaN,NaN,NaN
2017-03-24,NaN,NaN,NaN,NaN,NaN,NaN,99.215,103398.0,587.0,99.11,460376.0,1684.0,99.095,265053.0,2748.0,99.035,67367.0,4329.0,98.98,133419.0,24244.0,98.95,100709.0,7901.0,98.915,24391.0,3311.0,98.84,89023.0,11427.0,98.815,95763.0,4567.0,98.765,36188.0,2916.0,98.72,149184.0,11749.0,98.705,70481.0,2270.0,98.67,12890.0,1891.0,98.62,11804.0,3905.0,98.6,8449.0,1613.0,98.555,9684.0,2481.0,98.515,6077.0,227.0,98.49,3930.0,462.0,98.445,1735.0,11.0,98.405,2770.0,298.0,98.38,1556.0,85.0,98.34,1741.0,NaN,98.285,1148.0,NaN,98.275,972.0,24.0,98.24,112.0,NaN,98.22,64.0,NaN,98.205,21.0,NaN,98.17,132.0,NaN,98.15,39.0,NaN,98.135,13.0,NaN,98.105,22.0,NaN,98.075,12.0,1.0,98.07,9.0,1.0,98.035,98.005,98.005,NaN,NaN,NaN,NaN,NaN,NaN,NaN,NaN,NaN,NaN,NaN,NaN,NaN,NaN,NaN,NaN,NaN,NaN,NaN,NaN,NaN,NaN,NaN,NaN,NaN,NaN,NaN,NaN,NaN,NaN,NaN,NaN,NaN
2017-03-27,NaN,NaN,NaN,NaN,NaN,NaN,99.215,101639.0,3055.0,99.11,457704.0,4743.0,99.095,264740.0,9518.0,99.035,68820.0,4809.0,98.985,132101.0,35655.0,98.955,103271.0,20167.0,98.925,24909.0,5153.0,98.85,84582.0,21311.0,98.83,94654.0,7897.0,98.785,38098.0,6540.0,98.74,151147.0,14419.0,98.725,70969.0,3821.0,98.69,13401.0,2446.0,98.645,12172.0,2263.0,98.625,9822.0,2767.0,98.575,9711.0,491.0,98.535,6229.0,330.0,98.51,3938.0,427.0,98.465,1715.0,250.0,98.425,2775.0,446.0,98.4,1744.0,381.0,98.36,1893.0,227.0,98.305,1281.0,249.0,98.3,1088.0,232.0,98.265,112.0,NaN,98.245,64.0,NaN,98.23,21.0,NaN,98.2,132.0,NaN,98.18,39.0,NaN,98.165,13.0,NaN,98.14,22.0,NaN,98.11,12.0,NaN,98.105,9.0,NaN,98.07,98.04,98.035,NaN,NaN,NaN,NaN,NaN,NaN,NaN,NaN,NaN,NaN,NaN,NaN,NaN,NaN,NaN,NaN,NaN,NaN,NaN,NaN,NaN,NaN,NaN,NaN,NaN,NaN,NaN,NaN,NaN,NaN,NaN,NaN,NaN
2017-03-28,NaN,NaN,NaN,NaN,NaN,NaN,99.215,99511.0,3050.0,99.11,457882.0,2511.0,99.095,264156.0,8212.0,99.035,68747.0,3930.0,98.98,133360.0,26722.0,98.955,104575.0,14545.0,98.92,24568.0,5136.0,98.84,88812.0,16674.0,98.82,94759.0,6034.0,98.77,37931.0,2636.0,98.72,153375.0,19923.0,98.705,70424.0,4731.0,98.67,13913.0,2535.0,98.62,12117.0,3782.0,98.6,10369.0,2006.0,98.555,9626.0,8836.0,98.51,6833.0,1012.0,98.49,3912.0,396.0,98.44,1605.0,242.0,98.4,2671.0,186.0,98.375,1647.0,202.0,98.335,1844.0,169.0,98.28,1214.0,167.0,98.27,1088.0,24.0,98.235,112.0,NaN,98.215,64.0,NaN,98.205,21.0,NaN,98.17,132.0,NaN,98.15,39.0,NaN,98.13,13.0,NaN,98.1,22.0,NaN,98.075,12.0,NaN,98.07,9.0,NaN,98.035,98.0,98.0,NaN,NaN,NaN,NaN,NaN,NaN,NaN,NaN,NaN,NaN,NaN,NaN,NaN,NaN,NaN,NaN,NaN,NaN,NaN,NaN,NaN,NaN,NaN,NaN,NaN,NaN,NaN,NaN,NaN,NaN,NaN,NaN,NaN
2017-03-29,NaN,NaN,NaN,NaN,NaN,NaN,99.215,99362.0,171.0,99.11,457821.0,1755.0,99.095,266703.0,14573.0,99.035,68311.0,1393.0,98.98,132781.0,14306.0,98.955,104499.0,10375.0,98.92,25649.0,3058.0,98.84,86394.0,11297.0,98.82,96439.0,12507.0,98.77,39858.0,6530.0,98.72,154563.0,9991.0,98.705,69732.0,4318.0,98.67,13989.0,2966.0,98.625,12016.0,1684.0,98.605,10054.0,1151.0,98.555,9132.0,804.0,98.515,6916.0,378.0,98.49,3850.0,291.0,98.44,1604.0,22.0,98.4,2666.0,38.0,98.38,1573.0,51.0,98.335,1844.0,NaN,98.28,1214.0,NaN,98.275,1088.0,NaN,98.24,112.0,NaN,98.22,64.0,NaN,98.21,21.0,NaN,98.175,132.0,NaN,98.155,39.0,NaN,98.135,13.0,NaN,98.11,22.0,NaN,98.08,12.0,NaN,98.08,9.0,NaN,98.045,98.01,98.015,NaN,NaN,NaN,NaN,NaN,NaN,NaN,NaN,NaN,NaN,NaN,NaN,NaN,NaN,NaN,NaN,NaN,NaN,NaN,NaN,NaN,NaN,NaN,NaN,NaN,NaN,NaN,NaN,NaN,NaN,NaN,NaN,NaN
2017-03-30,NaN,NaN,NaN,NaN,NaN,NaN,99.215,99323.0,221.0,99.11,454949.0,5656.0,99.095,264538.0,9167.0,99.03,68990.0,10862.0,98.975,139264.0,26267.0,98.945,105414.0,7737.0,98.91,24753.0,3118.0,98.83,88974.0,10809.0,98.805,96888.0,7401.0,98.755,45262.0,12411.0,98.7,156120.0,14786.0,98.685,69346.0,2107.0,98.65,13698.0,1974.0,98.6,12017.0,2082.0,98.58,10443.0,1441.0,98.53,8929.0,1265.0,98.49,6992.0,1065.0,98.47,3989.0,564.0,98.425,1555.0,707.0,98.38,2651.0,476.0,98.355,1615.0,523.0,98.315,2074.0,929.0,98.255,1234.0,166.0,98.25,1088.0,NaN,98.21,112.0,NaN,98.185,64.0,NaN,98.175,21.0,NaN,98.14,132.0,NaN,98.12,39.0,NaN,98.105,13.0,NaN,98.07,22.0,NaN,98.045,12.0,NaN,98.04,9.0,NaN,98.005,97.97,97.975,NaN,NaN,NaN,NaN,NaN,NaN,NaN,NaN,NaN,NaN,NaN,NaN,NaN,NaN,NaN,NaN,NaN,NaN,NaN,NaN,NaN,NaN,NaN,NaN,NaN,NaN,NaN,NaN,NaN,NaN,NaN,NaN,NaN
2017-03-31,NaN,NaN,NaN,NaN,NaN,NaN,99.215,99255.0,140.0,99.11,445259.0,17688.0,99.095,263121.0,13888.0,99.025,69551.0,6383.0,98.96,138391.0,23215.0,98.93,102676.0,13075.0,98.895,25289.0,4062.0,98.815,89397.0,16494.0,98.79,96708.0,11600.0,98.745,47061.0,9114.0,98.7,161531.0,30450.0,98.685,69542.0,4637.0,98.65,13131.0,1483.0,98.605,11893.0,1836.0,98.585,10091.0,779.0,98.54,8766.0,603.0,98.5,7112.0,965.0,98.475,3888.0,248.0,98.43,1542.0,117.0,98.39,2647.0,50.0,98.37,1642.0,252.0,98.32,2008.0,159.0,98.27,1234.0,32.0,98.265,1088.0,40.0,98.23,112.0,NaN,98.205,64.0,NaN,98.195,21.0,NaN,98.165,132.0,NaN,98.145,39.0,NaN,98.125,13.0,NaN,98.095,22.0,NaN,98.07,12.0,NaN,98.065,9.0,NaN,98.03,97.99,97.995,97.99,NaN,NaN,NaN,NaN,NaN,NaN,NaN,NaN,NaN,NaN,NaN,NaN,NaN,NaN,NaN,NaN,NaN,NaN,NaN,NaN,NaN,NaN,NaN,NaN,NaN,NaN,NaN,NaN,NaN,NaN,NaN,NaN
2017-04-03,NaN,NaN,NaN,NaN,NaN,NaN,NaN,NaN,NaN,99.1075,447329.0,68033.0,99.095,250466.0,28203.0,99.025,70409.0,9064.0,98.96,140434.0,25988.0,98.935,102352.0,16002.0,98.895,26586.0,4917.0,98.82,92205.0,24144.0,98.8,96196.0,18143.0,98.765,46926.0,5841.0,98.725,164993.0,32469.0,98.715,71198.0,7811.0,98.685,13282.0,2227.0,98.635,12424.0,3876.0,98.62,9570.0,1148.0,98.58,8592.0,963.0,98.545,7756.0,1462.0,98.52,3980.0,263.0,98.48,1575.0,131.0,98.44,2673.0,116.0,98.42,1645.0,94.0,98.375,2016.0,63.0,98.325,1377.0,261.0,98.32,1212.0,124.0,98.285,112.0,NaN,98.27,64.0,NaN,98.26,21.0,NaN,98.225,132.0,NaN,98.21,39.0,NaN,98.19,13.0,NaN,98.165,22.0,NaN,98.135,12.0,NaN,98.13,9.0,NaN,98.1,98.06,98.065,98.035,NaN,NaN,NaN,NaN,NaN,NaN,NaN,NaN,NaN,NaN,NaN,NaN,NaN,NaN,NaN,NaN,NaN,NaN,NaN,NaN,NaN,NaN,NaN,NaN,NaN,NaN,NaN,NaN,NaN,NaN,NaN,NaN
2017-04-04,NaN,NaN,NaN,NaN,NaN,NaN,NaN,NaN,NaN,99.1075,442234.0,7369.0,99.095,251337.0,7785.0,99.025,70186.0,5736.0,98.96,132253.0,23902.0,98.935,99962.0,15063.0,98.895,26863.0,6585.0,98.82,99704.0,29951.0,98.805,98720.0,13474.0,98.765,46310.0,10890.0,98.73,168612.0,30677.0,98.715,71007.0,3836.0,98.69,13284.0,2658.0,98.645,11688.0,2695.0,98.635,9523.0,837.0,98.59,8423.0,579.0,98.555,7812.0,726.0,98.535,3921.0,114.0,98.49,1576.0,16.0,98.45,2712.0,82.0,98.43,1628.0,53.0,98.385,2025.0,14.0,98.34,1491.0,125.0,98.33,1245.0,33.0,98.295,112.0,NaN,98.275,64.0,NaN,98.265,21.0,NaN,98.24,132.0,NaN,98.22,39.0,NaN,98.205,13.0,NaN,98.175,22.0,NaN,98.15,12.0,NaN,98.15,9.0,NaN,98.11,98.075,98.08,98.05,NaN,NaN,NaN,NaN,NaN,NaN,NaN,NaN,NaN,NaN,NaN,NaN,NaN,NaN,NaN,NaN,NaN,NaN,NaN,NaN,NaN,NaN,NaN,NaN,NaN,NaN,NaN,NaN,NaN,NaN,NaN,NaN
2017-04-05,NaN,NaN,NaN,NaN,NaN,NaN,NaN,NaN,NaN,99.1075,437943.0,32602.0,99.095,247448.0,25174.0,99.015,69741.0,10782.0,98.945,129684.0,46966.0,98.93,101428.0,25636.0,98.89,26576.0,6358.0,98.81,108567.0,40691.0,98.8,103173.0,19422.0,98.765,46291.0,6844.0,98.725,166912.0,41104.0,98.715,71983.0,15321.0,98.69,12362.0,2353.0,98.65,12222.0,3778.0,98.635,9909.0,1383.0,98.595,8357.0,1501.0,98.565,8413.0,1393.0,98.545,3988.0,419.0,98.505,1588.0,87.0,98.47,2799.0,526.0,98.45,1718.0,177.0,98.41,2025.0,NaN,98.365,1716.0,271.0,98.36,1365.0,126.0,98.325,112.0,NaN,98.315,64.0,NaN,98.305,21.0,NaN,98.275,132.0,NaN,98.255,39.0,NaN,98.24,13.0,NaN,98.215,12.0,10.0,98.185,12.0,NaN,98.185,18.0,9.0,98.15,98.115,98.12,98.09,NaN,NaN,NaN,NaN,NaN,NaN,NaN,NaN,NaN,NaN,NaN,NaN,NaN,NaN,NaN,NaN,NaN,NaN,NaN,NaN,NaN,NaN,NaN,NaN,NaN,NaN,NaN,NaN,NaN,NaN,NaN,NaN
2017-04-06,NaN,NaN,NaN,NaN,NaN,NaN,NaN,NaN,NaN,99.1075,433372.0,13592.0,99.095,252860.0,27812.0,99.015,69595.0,6695.0,98.94,129796.0,24748.0,98.92,102790.0,12657.0,98.88,30182.0,10341.0,98.8,112734.0,16433.0,98.79,104471.0,8554.0,98.755,46366.0,2255.0,98.72,168425.0,12732.0,98.71,72385.0,8013.0,98.69,12042.0,1173.0,98.65,12453.0,3203.0,98.635,9438.0,1005.0,98.595,8262.0,353.0,98.565,8045.0,895.0,98.545,4062.0,280.0,98.505,1588.0,64.0,98.47,2773.0,42.0,98.45,1718.0,1.0,98.41,2025.0,NaN,98.36,1745.0,29.0,98.355,1365.0,NaN,98.325,209.0,100.0,98.315,65.0,12.0,98.3,21.0,NaN,98.27,207.0,75.0,98.255,70.0,31.0,98.24,13.0,NaN,98.21,12.0,NaN,98.185,12.0,NaN,98.185,18.0,NaN,98.145,98.11,98.115,98.085,NaN,NaN,NaN,NaN,NaN,NaN,NaN,NaN,NaN,NaN,NaN,NaN,NaN,NaN,NaN,NaN,NaN,NaN,NaN,NaN,NaN,NaN,NaN,NaN,NaN,NaN,NaN,NaN,NaN,NaN,NaN,NaN
2017-04-07,NaN,NaN,NaN,NaN,NaN,NaN,NaN,NaN,NaN,99.1075,431970.0,11707.0,99.095,249970.0,18575.0,99.015,76111.0,34034.0,98.94,137500.0,75711.0,98.92,107279.0,25891.0,98.88,30233.0,9581.0,98.79,117416.0,48109.0,98.78,110704.0,29126.0,98.745,46392.0,9093.0,98.705,170553.0,41985.0,98.695,73666.0,9240.0,98.67,12150.0,2255.0,98.625,13171.0,4149.0,98.61,9949.0,2386.0,98.57,8125.0,673.0,98.535,7953.0,1100.0,98.515,4156.0,762.0,98.47,1633.0,142.0,98.435,2696.0,212.0,98.415,1726.0,170.0,98.37,2031.0,17.0,98.315,1889.0,272.0,98.31,1367.0,82.0,98.27,209.0,NaN,98.265,65.0,NaN,98.255,21.0,NaN,98.22,207.0,NaN,98.205,70.0,NaN,98.19,13.0,NaN,98.165,12.0,NaN,98.14,12.0,NaN,98.14,18.0,NaN,98.1,98.065,98.07,98.04,NaN,NaN,NaN,NaN,NaN,NaN,NaN,NaN,NaN,NaN,NaN,NaN,NaN,NaN,NaN,NaN,NaN,NaN,NaN,NaN,NaN,NaN,NaN,NaN,NaN,NaN,NaN,NaN,NaN,NaN,NaN,NaN
2017-04-10,NaN,NaN,NaN,NaN,NaN,NaN,NaN,NaN,NaN,99.1075,431531.0,5496.0,99.095,255237.0,12365.0,99.015,75624.0,10980.0,98.945,144132.0,31663.0,98.93,112246.0,19053.0,98.89,30991.0,7489.0,98.805,123119.0,33691.0,98.795,112729.0,20249.0,98.765,46664.0,5459.0,98.73,172486.0,16235.0,98.715,73219.0,2378.0,98.69,11724.0,950.0,98.645,13331.0,2196.0,98.63,10037.0,719.0,98.59,8072.0,446.0,98.55,7889.0,312.0,98.53,4234.0,318.0,98.49,1630.0,69.0,98.45,2771.0,104.0,98.43,1760.0,63.0,98.395,2052.0,46.0,98.34,1923.0,127.0,98.335,1373.0,24.0,98.3,209.0,NaN,98.29,65.0,NaN,98.28,21.0,NaN,98.245,207.0,NaN,98.23,70.0,NaN,98.215,13.0,NaN,98.19,12.0,NaN,98.165,12.0,NaN,98.165,18.0,NaN,98.125,98.09,98.095,98.065,NaN,NaN,NaN,NaN,NaN,NaN,NaN,NaN,NaN,NaN,NaN,NaN,NaN,NaN,NaN,NaN,NaN,NaN,NaN,NaN,NaN,NaN,NaN,NaN,NaN,NaN,NaN,NaN,NaN,NaN,NaN,NaN
2017-04-11,NaN,NaN,NaN,NaN,NaN,NaN,NaN,NaN,NaN,99.1075,434253.0,13930.0,99.095,257037.0,12186.0,99.025,74298.0,9407.0,98.96,142693.0,65913.0,98.94,109110.0,41442.0,98.905,29901.0,7909.0,98.83,122465.0,35185.0,98.82,114586.0,12664.0,98.795,48694.0,7421.0,98.765,177665.0,19804.0,98.755,75144.0,3840.0,98.73,11866.0,441.0,98.69,12902.0,1289.0,98.68,9972.0,418.0,98.64,8030.0,881.0,98.61,7783.0,1206.0,98.585,4295.0,476.0,98.545,1770.0,200.0,98.515,2798.0,39.0,98.495,1760.0,6.0,98.455,2052.0,NaN,98.405,1908.0,42.0,98.4,1427.0,54.0,98.37,209.0,NaN,98.36,65.0,NaN,98.35,21.0,NaN,98.32,207.0,NaN,98.3,70.0,NaN,98.29,13.0,NaN,98.265,12.0,NaN,98.24,12.0,NaN,98.24,18.0,NaN,98.205,98.17,98.175,98.145,NaN,NaN,NaN,NaN,NaN,NaN,NaN,NaN,NaN,NaN,NaN,NaN,NaN,NaN,NaN,NaN,NaN,NaN,NaN,NaN,NaN,NaN,NaN,NaN,NaN,NaN,NaN,NaN,NaN,NaN,NaN,NaN
2017-04-12,NaN,NaN,NaN,NaN,NaN,NaN,NaN,NaN,NaN,99.1075,431551.0,7167.0,99.095,254583.0,7654.0,99.02,75198.0,7095.0,98.955,147635.0,37124.0,98.94,108189.0,10074.0,98.905,29552.0,11496.0,98.83,120939.0,34054.0,98.82,121631.0,21778.0,98.795,49127.0,11411.0,98.77,182796.0,31116.0,98.755,75217.0,4654.0,98.73,12246.0,1847.0,98.695,13489.0,1720.0,98.68,10197.0,436.0,98.645,8248.0,788.0,98.61,8062.0,1256.0,98.59,4399.0,211.0,98.55,1769.0,37.0,98.515,2823.0,40.0,98.495,1777.0,60.0,98.46,2064.0,38.0,98.41,2555.0,719.0,98.405,1898.0,525.0,98.375,209.0,15.0,98.365,67.0,11.0,98.355,26.0,10.0,98.325,207.0,NaN,98.31,70.0,NaN,98.295,13.0,NaN,98.27,12.0,NaN,98.25,12.0,NaN,98.245,18.0,NaN,98.21,98.175,98.18,98.15,NaN,NaN,NaN,NaN,NaN,NaN,NaN,NaN,NaN,NaN,NaN,NaN,NaN,NaN,NaN,NaN,NaN,NaN,NaN,NaN,NaN,NaN,NaN,NaN,NaN,NaN,NaN,NaN,NaN,NaN,NaN,NaN
2017-04-13,NaN,NaN,NaN,NaN,NaN,NaN,NaN,NaN,NaN,99.1075,430157.0,3975.0,99.095,253933.0,5576.0,99.025,74397.0,5319.0,98.965,152198.0,23745.0,98.945,108273.0,7742.0,98.915,29488.0,6200.0,98.845,119228.0,23680.0,98.835,120046.0,14755.0,98.81,47127.0,6670.0,98.785,187361.0,20337.0,98.775,75700.0,3831.0,98.755,12468.0,619.0,98.72,13609.0,1479.0,98.71,10193.0,599.0,98.675,8135.0,1414.0,98.645,8432.0,797.0,98.625,4489.0,213.0,98.595,1798.0,255.0,98.565,2967.0,467.0,98.545,1829.0,84.0,98.51,2081.0,27.0,98.465,2594.0,196.0,98.465,1951.0,151.0,98.435,209.0,NaN,98.425,67.0,NaN,98.415,26.0,NaN,98.39,207.0,NaN,98.37,70.0,NaN,98.36,13.0,NaN,98.335,12.0,NaN,98.315,12.0,NaN,98.31,18.0,NaN,98.28,98.245,98.25,98.22,NaN,NaN,NaN,NaN,NaN,NaN,NaN,NaN,NaN,NaN,NaN,NaN,NaN,NaN,NaN,NaN,NaN,NaN,NaN,NaN,NaN,NaN,NaN,NaN,NaN,NaN,NaN,NaN,NaN,NaN,NaN,NaN
2017-04-17,NaN,NaN,NaN,NaN,NaN,NaN,NaN,NaN,NaN,99.1075,427740.0,6794.0,99.095,254874.0,7509.0,99.035,74110.0,11737.0,98.985,152133.0,38200.0,98.96,105441.0,14429.0,98.93,29157.0,6738.0,98.865,118890.0,27179.0,98.86,123927.0,10203.0,98.83,47201.0,3053.0,98.8,187012.0,21418.0,98.79,75628.0,2356.0,98.765,12585.0,1080.0,98.73,13697.0,367.0,98.72,10177.0,65.0,98.685,8104.0,139.0,98.65,8405.0,751.0,98.635,4593.0,151.0,98.6,1851.0,80.0,98.565,2988.0,56.0,98.55,1884.0,59.0,98.52,2086.0,12.0,98.47,2623.0,70.0,98.47,1951.0,NaN,98.435,209.0,NaN,98.425,67.0,NaN,98.41,26.0,NaN,98.385,207.0,NaN,98.37,70.0,NaN,98.355,13.0,NaN,98.33,12.0,NaN,98.305,12.0,NaN,98.3,18.0,NaN,98.265,98.23,98.235,98.205,NaN,NaN,NaN,NaN,NaN,NaN,NaN,NaN,NaN,NaN,NaN,NaN,NaN,NaN,NaN,NaN,NaN,NaN,NaN,NaN,NaN,NaN,NaN,NaN,NaN,NaN,NaN,NaN,NaN,NaN,NaN,NaN
2017-04-18,NaN,NaN,NaN,NaN,NaN,NaN,NaN,NaN,NaN,99.1075,428347.0,2013.0,99.095,254273.0,2822.0,99.045,74808.0,11499.0,99.0,145444.0,50773.0,98.98,101085.0,17213.0,98.955,26104.0,9026.0,98.895,120879.0,30993.0,98.885,122351.0,13506.0,98.855,46399.0,6160.0,98.825,198070.0,46685.0,98.82,77377.0,11093.0,98.8,13144.0,1599.0,98.765,15953.0,5062.0,98.755,10314.0,1334.0,98.725,8195.0,916.0,98.695,8223.0,892.0,98.68,4814.0,477.0,98.645,1942.0,645.0,98.615,3083.0,322.0,98.6,1958.0,150.0,98.57,2115.0,60.0,98.525,2860.0,433.0,98.525,2057.0,230.0,98.495,209.0,66.0,98.485,67.0,NaN,98.475,26.0,NaN,98.45,207.0,NaN,98.435,70.0,NaN,98.425,13.0,NaN,98.4,12.0,NaN,98.38,12.0,NaN,98.375,18.0,NaN,98.345,98.305,98.31,98.285,NaN,NaN,NaN,NaN,NaN,NaN,NaN,NaN,NaN,NaN,NaN,NaN,NaN,NaN,NaN,NaN,NaN,NaN,NaN,NaN,NaN,NaN,NaN,NaN,NaN,NaN,NaN,NaN,NaN,NaN,NaN,NaN
2017-04-19,NaN,NaN,NaN,NaN,NaN,NaN,NaN,NaN,NaN,99.1075,429279.0,2923.0,99.095,255511.0,5634.0,99.04,75965.0,4783.0,98.99,145868.0,40834.0,98.975,99925.0,12490.0,98.95,26946.0,5967.0,98.895,119288.0,21183.0,98.885,121352.0,15592.0,98.86,47490.0,5336.0,98.83,197265.0,25954.0,98.825,78323.0,4773.0,98.805,13743.0,2830.0,98.77,16583.0,4287.0,98.76,10301.0,546.0,98.73,8274.0,343.0,98.7,7448.0,1066.0,98.685,4847.0,98.0,98.65,1954.0,54.0,98.615,3082.0,47.0,98.6,1943.0,18.0,98.57,2117.0,3.0,98.52,2930.0,195.0,98.52,2097.0,105.0,98.49,209.0,NaN,98.48,68.0,1.0,98.465,26.0,NaN,98.44,207.0,NaN,98.42,70.0,NaN,98.41,13.0,NaN,98.385,12.0,NaN,98.36,12.0,NaN,98.36,18.0,NaN,98.325,98.29,98.295,98.26,NaN,NaN,NaN,NaN,NaN,NaN,NaN,NaN,NaN,NaN,NaN,NaN,NaN,NaN,NaN,NaN,NaN,NaN,NaN,NaN,NaN,NaN,NaN,NaN,NaN,NaN,NaN,NaN,NaN,NaN,NaN,NaN
2017-04-20,NaN,NaN,NaN,NaN,NaN,NaN,NaN,NaN,NaN,99.1075,429100.0,914.0,99.095,254462.0,9432.0,99.025,75164.0,11470.0,98.96,145312.0,41304.0,98.945,104853.0,23548.0,98.915,24900.0,10648.0,98.855,123348.0,32270.0,98.85,122484.0,11052.0,98.82,47368.0,5871.0,98.79,195218.0,41072.0,98.775,79562.0,12007.0,98.755,13616.0,1523.0,98.72,16407.0,1661.0,98.705,10034.0,2439.0,98.675,8454.0,803.0,98.64,7618.0,925.0,98.62,4959.0,284.0,98.59,1960.0,373.0,98.555,3113.0,177.0,98.535,1940.0,12.0,98.5,2119.0,2.0,98.455,2959.0,79.0,98.45,2174.0,127.0,98.425,209.0,NaN,98.41,68.0,NaN,98.395,26.0,NaN,98.37,207.0,NaN,98.355,70.0,NaN,98.34,13.0,NaN,98.315,12.0,NaN,98.29,12.0,NaN,98.29,18.0,NaN,98.255,98.22,98.225,98.2,NaN,NaN,NaN,NaN,NaN,NaN,NaN,NaN,NaN,NaN,NaN,NaN,NaN,NaN,NaN,NaN,NaN,NaN,NaN,NaN,NaN,NaN,NaN,NaN,NaN,NaN,NaN,NaN,NaN,NaN,NaN,NaN
2017-04-21,NaN,NaN,NaN,NaN,NaN,NaN,NaN,NaN,NaN,99.1075,427519.0,2961.0,99.095,251405.0,8405.0,99.035,74445.0,10206.0,98.98,151020.0,58584.0,98.96,111853.0,27764.0,98.93,23831.0,4181.0,98.87,126198.0,25186.0,98.865,124433.0,27120.0,98.835,47721.0,4372.0,98.805,189065.0,34000.0,98.795,79452.0,4475.0,98.775,13750.0,1135.0,98.74,16886.0,2142.0,98.725,9812.0,874.0,98.695,8410.0,324.0,98.66,7619.0,414.0,98.64,4951.0,232.0,98.61,2167.0,539.0,98.57,3044.0,308.0,98.555,1926.0,185.0,98.525,2118.0,72.0,98.48,2959.0,26.0,98.475,2229.0,56.0,98.445,209.0,NaN,98.435,68.0,NaN,98.42,26.0,NaN,98.39,207.0,NaN,98.37,70.0,NaN,98.36,13.0,NaN,98.34,12.0,NaN,98.31,12.0,NaN,98.31,18.0,NaN,98.275,98.24,98.245,98.215,NaN,NaN,NaN,NaN,NaN,NaN,NaN,NaN,NaN,NaN,NaN,NaN,NaN,NaN,NaN,NaN,NaN,NaN,NaN,NaN,NaN,NaN,NaN,NaN,NaN,NaN,NaN,NaN,NaN,NaN,NaN,NaN
2017-04-24,NaN,NaN,NaN,NaN,NaN,NaN,NaN,NaN,NaN,99.1075,427384.0,363.0,99.095,250262.0,9083.0,99.01,74002.0,15941.0,98.94,155265.0,62896.0,98.915,110350.0,24595.0,98.885,25103.0,8590.0,98.815,136217.0,42286.0,98.805,125204.0,15582.0,98.78,46975.0,8457.0,98.75,187004.0,33828.0,98.74,79414.0,2071.0,98.715,14450.0,3300.0,98.675,17727.0,2397.0,98.665,9779.0,428.0,98.63,8363.0,818.0,98.595,7851.0,930.0,98.575,5049.0,374.0,98.545,2268.0,192.0,98.51,3053.0,399.0,98.49,1901.0,325.0,98.465,2188.0,137.0,98.415,3005.0,131.0,98.415,2302.0,121.0,98.385,209.0,NaN,98.37,68.0,NaN,98.36,26.0,NaN,98.335,207.0,NaN,98.32,70.0,NaN,98.31,13.0,NaN,98.285,12.0,NaN,98.265,12.0,NaN,98.26,18.0,NaN,98.23,98.195,98.2,98.17,NaN,NaN,NaN,NaN,NaN,NaN,NaN,NaN,NaN,NaN,NaN,NaN,NaN,NaN,NaN,NaN,NaN,NaN,NaN,NaN,NaN,NaN,NaN,NaN,NaN,NaN,NaN,NaN,NaN,NaN,NaN,NaN
2017-04-25,NaN,NaN,NaN,NaN,NaN,NaN,NaN,NaN,NaN,99.1075,426574.0,1369.0,99.095,248541.0,14449.0,99.005,74139.0,8596.0,98.925,158131.0,49839.0,98.905,113035.0,28397.0,98.87,25041.0,6889.0,98.79,143845.0,32417.0,98.78,125578.0,11534.0,98.755,46020.0,5656.0,98.72,183436.0,23647.0,98.705,78765.0,4496.0,98.68,14168.0,1204.0,98.635,18073.0,2614.0,98.625,9768.0,1013.0,98.59,8405.0,1208.0,98.55,7382.0,1207.0,98.53,5017.0,282.0,98.495,2329.0,334.0,98.46,2806.0,445.0,98.44,1623.0,338.0,98.405,2032.0,166.0,98.36,3005.0,NaN,98.35,2380.0,78.0,98.325,209.0,NaN,98.31,68.0,NaN,98.295,26.0,NaN,98.27,207.0,NaN,98.255,70.0,NaN,98.24,13.0,NaN,98.21,12.0,NaN,98.19,12.0,NaN,98.185,18.0,NaN,98.155,98.12,98.125,98.095,NaN,NaN,NaN,NaN,NaN,NaN,NaN,NaN,NaN,NaN,NaN,NaN,NaN,NaN,NaN,NaN,NaN,NaN,NaN,NaN,NaN,NaN,NaN,NaN,NaN,NaN,NaN,NaN,NaN,NaN,NaN,NaN
2017-04-26,NaN,NaN,NaN,NaN,NaN,NaN,NaN,NaN,NaN,99.105,403504.0,32597.0,99.095,248898.0,9243.0,99.005,105125.0,10774.0,98.925,156984.0,34421.0,98.905,113912.0,13536.0,98.87,24680.0,6749.0,98.79,144480.0,26466.0,98.785,126262.0,15782.0,98.76,46987.0,7837.0,98.73,183840.0,13060.0,98.715,78716.0,1227.0,98.695,14108.0,454.0,98.65,17850.0,1278.0,98.64,9897.0,269.0,98.605,9132.0,158.0,98.57,7541.0,662.0,98.55,5001.0,44.0,98.51,2407.0,38.0,98.475,3080.0,924.0,98.46,1618.0,93.0,98.43,4231.0,NaN,98.385,3023.0,150.0,98.38,2349.0,31.0,98.35,259.0,NaN,98.34,68.0,NaN,98.325,26.0,NaN,98.3,207.0,NaN,98.28,70.0,NaN,98.27,13.0,NaN,98.24,67.0,NaN,98.215,12.0,NaN,98.21,18.0,NaN,98.18,98.145,98.15,98.12,NaN,NaN,NaN,NaN,NaN,NaN,NaN,NaN,NaN,NaN,NaN,NaN,NaN,NaN,NaN,NaN,NaN,NaN,NaN,NaN,NaN,NaN,NaN,NaN,NaN,NaN,NaN,NaN,NaN,NaN,NaN,NaN
2017-04-27,NaN,NaN,NaN,NaN,NaN,NaN,NaN,NaN,NaN,99.105,397035.0,9043.0,99.095,225434.0,7848.0,99.005,69591.0,13983.0,98.93,150982.0,33922.0,98.91,114127.0,20414.0,98.875,25792.0,6655.0,98.8,144564.0,25062.0,98.79,128440.0,22668.0,98.765,47912.0,5562.0,98.735,186602.0,29521.0,98.72,76588.0,6027.0,98.7,14582.0,2349.0,98.66,18239.0,3083.0,98.65,9992.0,1550.0,98.62,8378.0,1680.0,98.585,7574.0,1337.0,98.565,5045.0,95.0,98.53,2391.0,94.0,98.495,3087.0,53.0,98.48,1665.0,68.0,98.45,2032.0,NaN,98.41,3097.0,96.0,98.405,2398.0,104.0,98.375,259.0,NaN,98.365,79.0,11.0,98.35,26.0,NaN,98.33,207.0,NaN,98.305,70.0,NaN,98.295,13.0,NaN,98.265,12.0,NaN,98.245,12.0,NaN,98.24,18.0,NaN,98.205,98.17,98.175,98.15,NaN,NaN,NaN,NaN,NaN,NaN,NaN,NaN,NaN,NaN,NaN,NaN,NaN,NaN,NaN,NaN,NaN,NaN,NaN,NaN,NaN,NaN,NaN,NaN,NaN,NaN,NaN,NaN,NaN,NaN,NaN,NaN
2017-04-28,NaN,NaN,NaN,NaN,NaN,NaN,NaN,NaN,NaN,99.105,395531.0,7046.0,99.095,217267.0,21852.0,99.005,66169.0,14086.0,98.93,162681.0,39564.0,98.91,113473.0,10471.0,98.875,26125.0,3712.0,98.8,146846.0,22953.0,98.795,130510.0,13776.0,98.765,47881.0,2875.0,98.735,182129.0,20941.0,98.72,78072.0,12132.0,98.695,15119.0,3129.0,98.65,21024.0,6658.0,98.64,10043.0,728.0,98.605,8347.0,1825.0,98.57,7700.0,899.0,98.555,5173.0,248.0,98.52,2349.0,1.0,98.485,3019.0,95.0,98.465,1665.0,NaN,98.435,2032.0,NaN,98.39,3020.0,100.0,98.385,2398.0,NaN,98.355,209.0,NaN,98.345,79.0,NaN,98.335,26.0,NaN,98.31,207.0,NaN,98.29,70.0,NaN,98.28,13.0,NaN,98.255,12.0,NaN,98.235,12.0,NaN,98.23,18.0,NaN,98.195,98.165,98.17,98.15,98.13,NaN,NaN,NaN,NaN,NaN,NaN,NaN,NaN,NaN,NaN,NaN,NaN,NaN,NaN,NaN,NaN,NaN,NaN,NaN,NaN,NaN,NaN,NaN,NaN,NaN,NaN,NaN,NaN,NaN,NaN,NaN
2017-05-01,NaN,NaN,NaN,NaN,NaN,NaN,NaN,NaN,NaN,NaN,NaN,NaN,99.095,215897.0,19168.0,99.005,70320.0,17165.0,98.93,178346.0,37998.0,98.91,115563.0,10253.0,98.875,25933.0,4871.0,98.8,146187.0,27030.0,98.79,132386.0,6182.0,98.76,47414.0,3876.0,98.73,182738.0,12843.0,98.715,76117.0,4062.0,98.69,16214.0,3087.0,98.65,20871.0,2087.0,98.635,10585.0,1032.0,98.6,8333.0,475.0,98.565,7875.0,901.0,98.545,5368.0,645.0,98.51,2399.0,104.0,98.475,3016.0,20.0,98.46,1696.0,34.0,98.425,2032.0,NaN,98.385,3020.0,1.0,98.375,2398.0,NaN,98.345,209.0,NaN,98.335,79.0,NaN,98.32,26.0,NaN,98.295,207.0,NaN,98.28,70.0,NaN,98.27,13.0,NaN,98.24,12.0,NaN,98.215,12.0,NaN,98.205,18.0,NaN,98.175,98.145,98.15,98.125,98.105,NaN,NaN,NaN,NaN,NaN,NaN,NaN,NaN,NaN,NaN,NaN,NaN,NaN,NaN,NaN,NaN,NaN,NaN,NaN,NaN,NaN,NaN,NaN,NaN,NaN,NaN,NaN,NaN,NaN,NaN,NaN
2017-05-02,NaN,NaN,NaN,NaN,NaN,NaN,NaN,NaN,NaN,NaN,NaN,NaN,99.095,215971.0,13562.0,99.01,70718.0,19251.0,98.935,179630.0,34999.0,98.915,116200.0,14705.0,98.88,26357.0,6313.0,98.82,142778.0,15447.0,98.81,133874.0,8976.0,98.78,47684.0,2489.0,98.745,180555.0,12197.0,98.735,75570.0,3679.0,98.715,17100.0,1325.0,98.675,20517.0,2150.0,98.66,10542.0,410.0,98.63,8344.0,293.0,98.595,8078.0,815.0,98.575,5319.0,458.0,98.54,2412.0,118.0,98.505,3021.0,147.0,98.485,1620.0,114.0,98.46,2032.0,NaN,98.415,3070.0,50.0,98.405,2398.0,NaN,98.38,209.0,NaN,98.37,79.0,NaN,98.355,26.0,NaN,98.325,207.0,NaN,98.305,70.0,NaN,98.295,13.0,NaN,98.265,12.0,NaN,98.245,12.0,NaN,98.24,18.0,NaN,98.205,98.175,98.18,98.155,98.135,NaN,NaN,NaN,NaN,NaN,NaN,NaN,NaN,NaN,NaN,NaN,NaN,NaN,NaN,NaN,NaN,NaN,NaN,NaN,NaN,NaN,NaN,NaN,NaN,NaN,NaN,NaN,NaN,NaN,NaN,NaN
2017-05-03,NaN,NaN,NaN,NaN,NaN,NaN,NaN,NaN,NaN,NaN,NaN,NaN,99.095,232501.0,50333.0,99.005,72057.0,22643.0,98.925,195704.0,66120.0,98.905,120750.0,43964.0,98.87,26866.0,9869.0,98.795,144302.0,22639.0,98.79,134778.0,9089.0,98.76,48070.0,3231.0,98.725,173348.0,22081.0,98.715,74555.0,13536.0,98.695,16011.0,1648.0,98.65,20514.0,2357.0,98.64,10669.0,1023.0,98.605,8274.0,647.0,98.57,9998.0,2931.0,98.55,5431.0,681.0,98.515,2410.0,81.0,98.48,3021.0,54.0,98.46,1620.0,7.0,98.43,2042.0,16.0,98.385,3070.0,1.0,98.38,2422.0,24.0,98.35,209.0,NaN,98.335,79.0,NaN,98.32,26.0,NaN,98.295,207.0,NaN,98.275,70.0,NaN,98.265,13.0,NaN,98.24,12.0,NaN,98.215,12.0,NaN,98.21,18.0,NaN,98.175,98.145,98.15,98.13,98.11,NaN,NaN,NaN,NaN,NaN,NaN,NaN,NaN,NaN,NaN,NaN,NaN,NaN,NaN,NaN,NaN,NaN,NaN,NaN,NaN,NaN,NaN,NaN,NaN,NaN,NaN,NaN,NaN,NaN,NaN,NaN
2017-05-04,NaN,NaN,NaN,NaN,NaN,NaN,NaN,NaN,NaN,NaN,NaN,NaN,99.095,230065.0,12397.0,99.0,73752.0,5498.0,98.92,201833.0,56671.0,98.9,120055.0,13799.0,98.865,28303.0,6956.0,98.795,147509.0,18217.0,98.785,133651.0,8348.0,98.755,49125.0,5014.0,98.72,165356.0,20558.0,98.705,75571.0,9075.0,98.685,16188.0,1635.0,98.64,21272.0,4225.0,98.625,9830.0,1969.0,98.59,8347.0,1545.0,98.555,10189.0,1075.0,98.535,5525.0,806.0,98.495,2447.0,153.0,98.46,3010.0,345.0,98.44,1563.0,145.0,98.41,2042.0,72.0,98.365,2892.0,276.0,98.36,2422.0,150.0,98.325,209.0,NaN,98.315,126.0,47.0,98.3,26.0,NaN,98.27,207.0,NaN,98.25,70.0,NaN,98.24,13.0,NaN,98.21,12.0,NaN,98.185,12.0,NaN,98.18,18.0,NaN,98.145,98.11,98.115,98.095,98.07,NaN,NaN,NaN,NaN,NaN,NaN,NaN,NaN,NaN,NaN,NaN,NaN,NaN,NaN,NaN,NaN,NaN,NaN,NaN,NaN,NaN,NaN,NaN,NaN,NaN,NaN,NaN,NaN,NaN,NaN,NaN
2017-05-05,NaN,NaN,NaN,NaN,NaN,NaN,NaN,NaN,NaN,NaN,NaN,NaN,99.095,230596.0,13166.0,98.99,75900.0,12954.0,98.905,221223.0,115572.0,98.89,137440.0,45489.0,98.85,34300.0,13457.0,98.775,155205.0,38945.0,98.77,133259.0,10933.0,98.74,52287.0,9389.0,98.71,164260.0,27415.0,98.695,76145.0,8118.0,98.675,16768.0,1665.0,98.635,21518.0,2237.0,98.615,10019.0,671.0,98.585,8345.0,1542.0,98.55,10158.0,888.0,98.53,5470.0,600.0,98.49,2503.0,66.0,98.455,2980.0,78.0,98.44,1532.0,166.0,98.405,2042.0,39.0,98.36,2917.0,58.0,98.355,2398.0,24.0,98.325,209.0,NaN,98.31,126.0,NaN,98.295,26.0,NaN,98.27,207.0,NaN,98.25,70.0,NaN,98.24,13.0,NaN,98.21,12.0,NaN,98.185,12.0,NaN,98.18,18.0,NaN,98.145,98.115,98.12,98.1,98.075,NaN,NaN,NaN,NaN,NaN,NaN,NaN,NaN,NaN,NaN,NaN,NaN,NaN,NaN,NaN,NaN,NaN,NaN,NaN,NaN,NaN,NaN,NaN,NaN,NaN,NaN,NaN,NaN,NaN,NaN,NaN
2017-05-08,NaN,NaN,NaN,NaN,NaN,NaN,NaN,NaN,NaN,NaN,NaN,NaN,99.095,230910.0,4502.0,98.985,75958.0,8639.0,98.895,235657.0,45981.0,98.88,136679.0,10588.0,98.84,35313.0,6742.0,98.76,151050.0,19496.0,98.755,130310.0,6415.0,98.725,52347.0,4944.0,98.695,162882.0,10345.0,98.68,75369.0,3826.0,98.66,16948.0,1784.0,98.615,21704.0,2001.0,98.6,10193.0,721.0,98.565,8577.0,1257.0,98.525,10520.0,878.0,98.51,5656.0,679.0,98.475,2541.0,46.0,98.435,2935.0,79.0,98.42,1527.0,44.0,98.385,2044.0,11.0,98.34,3094.0,234.0,98.33,2394.0,85.0,98.305,209.0,NaN,98.29,126.0,NaN,98.28,26.0,NaN,98.255,207.0,NaN,98.235,70.0,NaN,98.225,13.0,NaN,98.2,12.0,NaN,98.17,12.0,NaN,98.17,18.0,NaN,98.13,98.095,98.1,98.075,98.06,NaN,NaN,NaN,NaN,NaN,NaN,NaN,NaN,NaN,NaN,NaN,NaN,NaN,NaN,NaN,NaN,NaN,NaN,NaN,NaN,NaN,NaN,NaN,NaN,NaN,NaN,NaN,NaN,NaN,NaN,NaN
2017-05-09,NaN,NaN,NaN,NaN,NaN,NaN,NaN,NaN,NaN,NaN,NaN,NaN,99.095,231920.0,4261.0,98.98,76611.0,13358.0,98.89,253157.0,63985.0,98.87,143136.0,37159.0,98.83,37367.0,11234.0,98.745,164701.0,43083.0,98.735,133106.0,14290.0,98.71,50784.0,6675.0,98.685,163209.0,42677.0,98.665,73746.0,13116.0,98.64,16306.0,2911.0,98.595,22666.0,3581.0,98.58,10576.0,1367.0,98.54,9503.0,1726.0,98.5,11192.0,2016.0,98.48,5706.0,476.0,98.445,2489.0,129.0,98.405,2954.0,343.0,98.39,1610.0,226.0,98.355,2104.0,65.0,98.31,3134.0,141.0,98.305,2394.0,82.0,98.275,209.0,NaN,98.26,139.0,13.0,98.245,26.0,NaN,98.22,207.0,NaN,98.2,85.0,15.0,98.19,13.0,NaN,98.165,12.0,NaN,98.135,16.0,15.0,98.135,18.0,NaN,98.095,98.06,98.065,98.045,98.025,NaN,NaN,NaN,NaN,NaN,NaN,NaN,NaN,NaN,NaN,NaN,NaN,NaN,NaN,NaN,NaN,NaN,NaN,NaN,NaN,NaN,NaN,NaN,NaN,NaN,NaN,NaN,NaN,NaN,NaN,NaN
2017-05-10,NaN,NaN,NaN,NaN,NaN,NaN,NaN,NaN,NaN,NaN,NaN,NaN,99.095,232521.0,2518.0,98.985,76238.0,6809.0,98.89,259904.0,78578.0,98.87,147211.0,43620.0,98.83,37756.0,8214.0,98.75,165309.0,42144.0,98.745,137506.0,15742.0,98.715,51850.0,5213.0,98.685,157977.0,41660.0,98.67,74230.0,7823.0,98.645,16390.0,2095.0,98.6,23105.0,3893.0,98.585,12065.0,2852.0,98.55,9438.0,425.0,98.51,12146.0,2327.0,98.49,5867.0,602.0,98.455,2485.0,98.0,98.415,2970.0,575.0,98.4,1620.0,126.0,98.36,2105.0,1.0,98.315,3146.0,45.0,98.31,2398.0,54.0,98.275,209.0,NaN,98.26,148.0,10.0,98.245,26.0,NaN,98.215,207.0,NaN,98.195,84.0,1.0,98.185,14.0,1.0,98.155,12.0,NaN,98.125,16.0,NaN,98.125,18.0,NaN,98.09,98.055,98.06,98.03,98.015,NaN,NaN,NaN,NaN,NaN,NaN,NaN,NaN,NaN,NaN,NaN,NaN,NaN,NaN,NaN,NaN,NaN,NaN,NaN,NaN,NaN,NaN,NaN,NaN,NaN,NaN,NaN,NaN,NaN,NaN,NaN
2017-05-11,NaN,NaN,NaN,NaN,NaN,NaN,NaN,NaN,NaN,NaN,NaN,NaN,99.095,231430.0,2671.0,98.985,71610.0,16579.0,98.895,259655.0,52646.0,98.875,147154.0,27172.0,98.84,38921.0,6074.0,98.765,159995.0,26194.0,98.755,139665.0,11525.0,98.725,51121.0,6191.0,98.695,154676.0,32344.0,98.68,73362.0,10472.0,98.655,19180.0,6872.0,98.61,25326.0,12737.0,98.595,12761.0,2974.0,98.56,9845.0,5175.0,98.52,11875.0,2399.0,98.5,9745.0,15150.0,98.485,9519.0,18911.0,98.425,4396.0,6201.0,98.415,1595.0,845.0,98.385,2080.0,232.0,98.33,3425.0,480.0,98.325,2487.0,125.0,98.29,209.0,NaN,98.275,148.0,NaN,98.26,26.0,NaN,98.235,207.0,NaN,98.215,84.0,NaN,98.205,14.0,NaN,98.175,12.0,NaN,98.145,16.0,NaN,98.145,18.0,NaN,98.105,98.07,98.075,98.05,98.03,NaN,NaN,NaN,NaN,NaN,NaN,NaN,NaN,NaN,NaN,NaN,NaN,NaN,NaN,NaN,NaN,NaN,NaN,NaN,NaN,NaN,NaN,NaN,NaN,NaN,NaN,NaN,NaN,NaN,NaN,NaN
2017-05-12,NaN,NaN,NaN,NaN,NaN,NaN,NaN,NaN,NaN,NaN,NaN,NaN,99.095,229252.0,9086.0,98.995,73986.0,26070.0,98.92,288325.0,146514.0,98.9,152311.0,52689.0,98.87,38457.0,16771.0,98.805,157852.0,51792.0,98.8,144502.0,22915.0,98.77,50378.0,10807.0,98.735,158874.0,40666.0,98.725,73498.0,10192.0,98.71,18957.0,3980.0,98.665,24127.0,8115.0,98.655,14336.0,5032.0,98.615,11086.0,3820.0,98.58,12704.0,2862.0,98.57,10628.0,6210.0,98.565,10073.0,5065.0,98.495,4465.0,1324.0,98.485,1602.0,29.0,98.46,2078.0,25.0,98.41,3425.0,122.0,98.405,2526.0,111.0,98.37,209.0,NaN,98.355,148.0,NaN,98.34,26.0,NaN,98.315,207.0,NaN,98.295,84.0,NaN,98.285,14.0,NaN,98.25,12.0,NaN,98.225,16.0,NaN,98.225,18.0,NaN,98.185,98.15,98.155,98.13,98.11,NaN,NaN,NaN,NaN,NaN,NaN,NaN,NaN,NaN,NaN,NaN,NaN,NaN,NaN,NaN,NaN,NaN,NaN,NaN,NaN,NaN,NaN,NaN,NaN,NaN,NaN,NaN,NaN,NaN,NaN,NaN
2017-05-15,NaN,NaN,NaN,NaN,NaN,NaN,NaN,NaN,NaN,NaN,NaN,NaN,99.095,231005.0,7137.0,98.995,72712.0,16832.0,98.915,294200.0,63621.0,98.9,154179.0,21316.0,98.87,39031.0,6906.0,98.81,159452.0,30175.0,98.805,146909.0,12944.0,98.775,53082.0,6824.0,98.745,157699.0,34255.0,98.735,72857.0,10271.0,98.72,22543.0,7422.0,98.68,26028.0,7111.0,98.675,15618.0,3377.0,98.63,11418.0,1447.0,98.6,16669.0,7335.0,98.585,11323.0,1236.0,98.585,9898.0,568.0,98.515,4501.0,687.0,98.5,1669.0,169.0,98.48,2078.0,NaN,98.425,3437.0,37.0,98.42,2544.0,30.0,98.39,209.0,NaN,98.375,148.0,NaN,98.36,26.0,NaN,98.33,207.0,NaN,98.315,84.0,NaN,98.305,14.0,NaN,98.27,12.0,NaN,98.245,16.0,NaN,98.245,18.0,NaN,98.205,98.165,98.17,98.15,98.13,NaN,NaN,NaN,NaN,NaN,NaN,NaN,NaN,NaN,NaN,NaN,NaN,NaN,NaN,NaN,NaN,NaN,NaN,NaN,NaN,NaN,NaN,NaN,NaN,NaN,NaN,NaN,NaN,NaN,NaN,NaN
2017-05-16,NaN,NaN,NaN,NaN,NaN,NaN,NaN,NaN,NaN,NaN,NaN,NaN,99.095,230811.0,1550.0,98.995,73177.0,15730.0,98.91,305319.0,40677.0,98.9,154781.0,13542.0,98.87,37314.0,5731.0,98.81,161805.0,34474.0,98.805,144812.0,17569.0,98.775,55646.0,10863.0,98.745,162971.0,33022.0,98.735,72064.0,11639.0,98.72,22581.0,1716.0,98.68,26143.0,2987.0,98.675,16126.0,1984.0,98.635,11339.0,872.0,98.605,16687.0,801.0,98.59,11569.0,741.0,98.59,9804.0,221.0,98.52,4466.0,163.0,98.505,1665.0,104.0,98.485,2057.0,29.0,98.43,3538.0,279.0,98.42,2803.0,335.0,98.395,209.0,NaN,98.385,148.0,NaN,98.37,26.0,NaN,98.34,207.0,NaN,98.32,84.0,NaN,98.31,14.0,NaN,98.285,12.0,NaN,98.255,16.0,NaN,98.255,18.0,NaN,98.225,98.18,98.185,98.16,98.145,NaN,NaN,NaN,NaN,NaN,NaN,NaN,NaN,NaN,NaN,NaN,NaN,NaN,NaN,NaN,NaN,NaN,NaN,NaN,NaN,NaN,NaN,NaN,NaN,NaN,NaN,NaN,NaN,NaN,NaN,NaN
2017-05-17,NaN,NaN,NaN,NaN,NaN,NaN,NaN,NaN,NaN,NaN,NaN,NaN,99.095,230777.0,4639.0,99.015,71735.0,24823.0,98.945,323271.0,173909.0,98.93,158408.0,51375.0,98.91,37715.0,23917.0,98.865,173897.0,70735.0,98.855,149649.0,33426.0,98.835,58681.0,16289.0,98.805,170027.0,61033.0,98.8,73192.0,13403.0,98.79,25756.0,8023.0,98.76,27754.0,14972.0,98.755,16680.0,5907.0,98.72,10616.0,3622.0,98.685,19669.0,6245.0,98.68,11323.0,2566.0,98.675,9845.0,2699.0,98.61,4539.0,844.0,98.6,2027.0,617.0,98.585,2072.0,200.0,98.53,4063.0,1122.0,98.525,2918.0,313.0,98.495,209.0,NaN,98.48,248.0,101.0,98.475,58.0,32.0,98.445,207.0,NaN,98.43,84.0,NaN,98.42,14.0,NaN,98.395,12.0,NaN,98.37,16.0,NaN,98.37,18.0,NaN,98.34,98.295,98.3,98.28,98.265,NaN,NaN,NaN,NaN,NaN,NaN,NaN,NaN,NaN,NaN,NaN,NaN,NaN,NaN,NaN,NaN,NaN,NaN,NaN,NaN,NaN,NaN,NaN,NaN,NaN,NaN,NaN,NaN,NaN,NaN,NaN
2017-05-18,NaN,NaN,NaN,NaN,NaN,NaN,NaN,NaN,NaN,NaN,NaN,NaN,99.095,229657.0,4475.0,99.0,70290.0,27678.0,98.92,322324.0,141679.0,98.91,157805.0,52153.0,98.885,38056.0,21296.0,98.83,170459.0,58561.0,98.825,148401.0,19177.0,98.795,58239.0,12903.0,98.77,172265.0,55501.0,98.765,78858.0,17223.0,98.75,24082.0,6571.0,98.715,28146.0,13579.0,98.71,20654.0,7649.0,98.67,10807.0,1883.0,98.635,21324.0,4945.0,98.635,11574.0,2094.0,98.63,9731.0,376.0,98.565,4486.0,169.0,98.555,2161.0,423.0,98.535,2146.0,234.0,98.49,4048.0,489.0,98.49,3014.0,472.0,98.455,209.0,NaN,98.44,255.0,12.0,98.435,34.0,24.0,98.41,207.0,NaN,98.395,84.0,NaN,98.385,14.0,NaN,98.355,12.0,NaN,98.335,16.0,NaN,98.335,18.0,NaN,98.305,98.265,98.27,98.25,98.235,NaN,NaN,NaN,NaN,NaN,NaN,NaN,NaN,NaN,NaN,NaN,NaN,NaN,NaN,NaN,NaN,NaN,NaN,NaN,NaN,NaN,NaN,NaN,NaN,NaN,NaN,NaN,NaN,NaN,NaN,NaN
2017-05-19,NaN,NaN,NaN,NaN,NaN,NaN,NaN,NaN,NaN,NaN,NaN,NaN,99.095,229458.0,1643.0,98.995,69096.0,5741.0,98.915,343718.0,64797.0,98.9,154939.0,11399.0,98.875,37338.0,4632.0,98.815,189245.0,22555.0,98.805,147927.0,16123.0,98.785,58206.0,2269.0,98.76,169465.0,20275.0,98.75,79681.0,4459.0,98.74,23742.0,1418.0,98.7,28187.0,3638.0,98.695,21071.0,1941.0,98.655,10780.0,1229.0,98.62,20926.0,1929.0,98.615,11695.0,788.0,98.615,9644.0,182.0,98.545,4329.0,274.0,98.535,1931.0,272.0,98.515,2146.0,NaN,98.465,4048.0,NaN,98.46,3034.0,147.0,98.435,209.0,NaN,98.42,255.0,NaN,98.415,34.0,NaN,98.385,207.0,NaN,98.37,84.0,NaN,98.36,14.0,NaN,98.33,12.0,NaN,98.31,16.0,NaN,98.31,18.0,NaN,98.28,98.24,98.245,98.225,98.21,NaN,NaN,NaN,NaN,NaN,NaN,NaN,NaN,NaN,NaN,NaN,NaN,NaN,NaN,NaN,NaN,NaN,NaN,NaN,NaN,NaN,NaN,NaN,NaN,NaN,NaN,NaN,NaN,NaN,NaN,NaN
2017-05-22,NaN,NaN,NaN,NaN,NaN,NaN,NaN,NaN,NaN,NaN,NaN,NaN,99.095,229951.0,1193.0,98.99,74534.0,12119.0,98.905,364269.0,59967.0,98.89,154149.0,16062.0,98.86,41136.0,7607.0,98.8,184411.0,30518.0,98.795,148851.0,10986.0,98.77,58268.0,3731.0,98.745,172936.0,19126.0,98.74,79976.0,3268.0,98.73,25223.0,1937.0,98.69,28189.0,1987.0,98.685,21194.0,1855.0,98.645,10624.0,318.0,98.61,20873.0,1082.0,98.605,11852.0,378.0,98.605,9621.0,106.0,98.535,4396.0,408.0,98.525,2007.0,176.0,98.505,2151.0,8.0,98.455,4025.0,110.0,98.45,3034.0,42.0,98.425,209.0,NaN,98.41,255.0,NaN,98.405,34.0,NaN,98.375,207.0,NaN,98.36,84.0,NaN,98.35,14.0,NaN,98.325,12.0,NaN,98.3,16.0,NaN,98.3,18.0,NaN,98.27,98.23,98.235,98.215,98.2,NaN,NaN,NaN,NaN,NaN,NaN,NaN,NaN,NaN,NaN,NaN,NaN,NaN,NaN,NaN,NaN,NaN,NaN,NaN,NaN,NaN,NaN,NaN,NaN,NaN,NaN,NaN,NaN,NaN,NaN,NaN
2017-05-23,NaN,NaN,NaN,NaN,NaN,NaN,NaN,NaN,NaN,NaN,NaN,NaN,99.095,229541.0,1277.0,98.985,77982.0,10760.0,98.895,373755.0,68289.0,98.88,151974.0,17301.0,98.85,39923.0,11046.0,98.79,177296.0,33384.0,98.785,148085.0,13206.0,98.76,58527.0,5658.0,98.725,175129.0,25403.0,98.72,79944.0,5529.0,98.71,25133.0,1565.0,98.665,28709.0,4451.0,98.66,21397.0,1466.0,98.615,10730.0,645.0,98.585,20543.0,1192.0,98.575,12079.0,1148.0,98.575,9512.0,479.0,98.505,4030.0,902.0,98.49,1898.0,289.0,98.47,2151.0,NaN,98.42,4050.0,86.0,98.415,3034.0,148.0,98.39,209.0,NaN,98.37,255.0,NaN,98.365,34.0,NaN,98.335,207.0,NaN,98.325,84.0,NaN,98.31,14.0,NaN,98.285,12.0,NaN,98.26,16.0,NaN,98.265,18.0,NaN,98.235,98.19,98.195,98.175,98.16,NaN,NaN,NaN,NaN,NaN,NaN,NaN,NaN,NaN,NaN,NaN,NaN,NaN,NaN,NaN,NaN,NaN,NaN,NaN,NaN,NaN,NaN,NaN,NaN,NaN,NaN,NaN,NaN,NaN,NaN,NaN
2017-05-24,NaN,NaN,NaN,NaN,NaN,NaN,NaN,NaN,NaN,NaN,NaN,NaN,99.095,229764.0,1937.0,98.985,77599.0,15486.0,98.895,372544.0,107892.0,98.88,154360.0,32367.0,98.855,41673.0,17883.0,98.805,181880.0,50257.0,98.795,151517.0,14981.0,98.77,58701.0,5795.0,98.74,172072.0,28512.0,98.735,80773.0,8212.0,98.72,25425.0,1558.0,98.68,28438.0,2738.0,98.675,21190.0,1549.0,98.63,10848.0,755.0,98.595,20179.0,3774.0,98.585,12890.0,2695.0,98.585,9548.0,640.0,98.515,3984.0,425.0,98.505,1772.0,283.0,98.485,2079.0,164.0,98.435,4026.0,93.0,98.43,2852.0,223.0,98.405,223.0,19.0,98.39,285.0,30.0,98.38,34.0,NaN,98.355,207.0,NaN,98.34,84.0,NaN,98.33,14.0,NaN,98.305,12.0,NaN,98.28,16.0,NaN,98.285,18.0,NaN,98.255,98.215,98.22,98.2,98.185,NaN,NaN,NaN,NaN,NaN,NaN,NaN,NaN,NaN,NaN,NaN,NaN,NaN,NaN,NaN,NaN,NaN,NaN,NaN,NaN,NaN,NaN,NaN,NaN,NaN,NaN,NaN,NaN,NaN,NaN,NaN
2017-05-25,NaN,NaN,NaN,NaN,NaN,NaN,NaN,NaN,NaN,NaN,NaN,NaN,99.095,230907.0,3280.0,98.985,77772.0,4458.0,98.89,377313.0,53725.0,98.875,151396.0,33323.0,98.855,45158.0,13214.0,98.8,192836.0,47786.0,98.795,154843.0,15749.0,98.765,59622.0,3685.0,98.735,174054.0,19926.0,98.73,79429.0,6364.0,98.72,25753.0,1169.0,98.675,29320.0,3409.0,98.67,22187.0,2726.0,98.625,10936.0,703.0,98.595,20685.0,2756.0,98.585,13204.0,1125.0,98.585,9514.0,312.0,98.515,3954.0,119.0,98.505,1814.0,141.0,98.485,2061.0,18.0,98.435,4113.0,201.0,98.435,2851.0,35.0,98.41,223.0,NaN,98.39,285.0,NaN,98.385,34.0,NaN,98.36,207.0,NaN,98.345,84.0,NaN,98.335,14.0,NaN,98.315,12.0,NaN,98.29,16.0,NaN,98.29,18.0,NaN,98.26,98.22,98.225,98.205,98.19,NaN,NaN,NaN,NaN,NaN,NaN,NaN,NaN,NaN,NaN,NaN,NaN,NaN,NaN,NaN,NaN,NaN,NaN,NaN,NaN,NaN,NaN,NaN,NaN,NaN,NaN,NaN,NaN,NaN,NaN,NaN
2017-05-26,NaN,NaN,NaN,NaN,NaN,NaN,NaN,NaN,NaN,NaN,NaN,NaN,99.095,230517.0,1815.0,98.985,78780.0,7433.0,98.89,377258.0,37890.0,98.875,154438.0,18324.0,98.855,49681.0,11515.0,98.8,199432.0,16735.0,98.795,155577.0,3396.0,98.765,59302.0,2694.0,98.735,179876.0,8909.0,98.73,81032.0,4641.0,98.72,25798.0,4225.0,98.675,29313.0,4231.0,98.665,22317.0,2327.0,98.625,12922.0,429.0,98.59,21508.0,2419.0,98.58,13328.0,2137.0,98.585,9193.0,1092.0,98.515,3774.0,263.0,98.505,1897.0,193.0,98.485,2043.0,52.0,98.435,4113.0,60.0,98.435,2841.0,58.0,98.415,223.0,NaN,98.4,285.0,NaN,98.39,34.0,NaN,98.36,207.0,NaN,98.345,84.0,NaN,98.335,14.0,NaN,98.31,12.0,NaN,98.285,16.0,NaN,98.285,18.0,NaN,98.26,98.215,98.22,98.2,98.185,NaN,NaN,NaN,NaN,NaN,NaN,NaN,NaN,NaN,NaN,NaN,NaN,NaN,NaN,NaN,NaN,NaN,NaN,NaN,NaN,NaN,NaN,NaN,NaN,NaN,NaN,NaN,NaN,NaN,NaN,NaN
2017-05-30,NaN,NaN,NaN,NaN,NaN,NaN,NaN,NaN,NaN,NaN,NaN,NaN,99.095,232756.0,3499.0,98.98,78085.0,14326.0,98.88,380339.0,72353.0,98.87,156143.0,29867.0,98.85,50859.0,10051.0,98.8,199659.0,23118.0,98.795,158042.0,10366.0,98.765,59985.0,8221.0,98.74,175774.0,15649.0,98.735,81207.0,2610.0,98.72,25402.0,2574.0,98.68,29219.0,2816.0,98.675,21712.0,1961.0,98.635,10854.0,494.0,98.605,20788.0,2676.0,98.595,13103.0,1089.0,98.6,8777.0,444.0,98.53,3670.0,409.0,98.52,2234.0,520.0,98.5,2571.0,737.0,98.455,4126.0,99.0,98.455,2855.0,91.0,98.435,228.0,5.0,98.42,321.0,37.0,98.41,74.0,52.0,98.39,207.0,1.0,98.38,84.0,NaN,98.37,14.0,NaN,98.345,12.0,NaN,98.325,25.0,18.0,98.325,18.0,18.0,98.3,98.26,98.26,98.235,98.225,NaN,NaN,NaN,NaN,NaN,NaN,NaN,NaN,NaN,NaN,NaN,NaN,NaN,NaN,NaN,NaN,NaN,NaN,NaN,NaN,NaN,NaN,NaN,NaN,NaN,NaN,NaN,NaN,NaN,NaN,NaN
2017-05-31,NaN,NaN,NaN,NaN,NaN,NaN,NaN,NaN,NaN,NaN,NaN,NaN,99.095,232748.0,313.0,98.9775,77470.0,5091.0,98.88,370132.0,43905.0,98.87,146824.0,21963.0,98.85,52705.0,7421.0,98.805,215538.0,46056.0,98.8,169114.0,23786.0,98.77,59787.0,4661.0,98.74,184869.0,29303.0,98.735,81796.0,2954.0,98.72,25081.0,880.0,98.685,30271.0,2839.0,98.675,21892.0,1642.0,98.64,13679.0,938.0,98.61,20903.0,1686.0,98.6,13397.0,1494.0,98.605,8799.0,513.0,98.54,3652.0,271.0,98.53,2196.0,171.0,98.505,2584.0,61.0,98.46,4137.0,63.0,98.46,2855.0,16.0,98.44,244.0,16.0,98.425,327.0,6.0,98.415,74.0,NaN,98.395,207.0,NaN,98.385,84.0,NaN,98.375,14.0,NaN,98.355,12.0,NaN,98.335,25.0,NaN,98.335,18.0,NaN,98.31,98.27,98.27,98.25,98.24,98.23,NaN,NaN,NaN,NaN,NaN,NaN,NaN,NaN,NaN,NaN,NaN,NaN,NaN,NaN,NaN,NaN,NaN,NaN,NaN,NaN,NaN,NaN,NaN,NaN,NaN,NaN,NaN,NaN,NaN,NaN
2017-06-01,NaN,NaN,NaN,NaN,NaN,NaN,NaN,NaN,NaN,NaN,NaN,NaN,NaN,NaN,NaN,98.9725,78036.0,10039.0,98.875,364184.0,54096.0,98.865,148805.0,22417.0,98.84,54833.0,13616.0,98.785,222811.0,32390.0,98.78,169319.0,15821.0,98.755,60219.0,4570.0,98.725,181317.0,13121.0,98.72,83827.0,6507.0,98.71,25938.0,945.0,98.675,33134.0,5274.0,98.665,22386.0,934.0,98.625,12033.0,975.0,98.595,24792.0,5391.0,98.585,16144.0,5199.0,98.59,8801.0,1416.0,98.52,3801.0,696.0,98.515,2120.0,237.0,98.495,2613.0,218.0,98.455,4218.0,310.0,98.455,3015.0,337.0,98.435,244.0,NaN,98.42,327.0,NaN,98.41,74.0,NaN,98.39,207.0,NaN,98.38,93.0,9.0,98.37,14.0,NaN,98.345,12.0,NaN,98.325,25.0,NaN,98.325,18.0,NaN,98.295,98.26,98.26,98.24,98.23,98.225,NaN,NaN,NaN,NaN,NaN,NaN,NaN,NaN,NaN,NaN,NaN,NaN,NaN,NaN,NaN,NaN,NaN,NaN,NaN,NaN,NaN,NaN,NaN,NaN,NaN,NaN,NaN,NaN,NaN,NaN
2017-06-02,NaN,NaN,NaN,NaN,NaN,NaN,NaN,NaN,NaN,NaN,NaN,NaN,NaN,NaN,NaN,98.97,77966.0,11190.0,98.87,393586.0,126630.0,98.855,148009.0,40806.0,98.835,57581.0,16344.0,98.79,226609.0,93599.0,98.785,171575.0,34692.0,98.755,63351.0,12533.0,98.725,206464.0,65039.0,98.72,89585.0,28264.0,98.71,25735.0,7025.0,98.68,35647.0,8437.0,98.67,22243.0,1547.0,98.635,14043.0,1048.0,98.605,26429.0,3843.0,98.6,16599.0,2737.0,98.6,10469.0,3419.0,98.545,4552.0,1721.0,98.535,2248.0,611.0,98.515,2526.0,441.0,98.48,4498.0,992.0,98.48,3779.0,956.0,98.46,204.0,106.0,98.445,323.0,26.0,98.44,69.0,72.0,98.42,157.0,62.0,98.41,93.0,NaN,98.405,14.0,NaN,98.38,12.0,NaN,98.36,25.0,NaN,98.36,18.0,NaN,98.335,98.305,98.305,98.29,98.28,98.27,NaN,NaN,NaN,NaN,NaN,NaN,NaN,NaN,NaN,NaN,NaN,NaN,NaN,NaN,NaN,NaN,NaN,NaN,NaN,NaN,NaN,NaN,NaN,NaN,NaN,NaN,NaN,NaN,NaN,NaN
2017-06-05,NaN,NaN,NaN,NaN,NaN,NaN,NaN,NaN,NaN,NaN,NaN,NaN,NaN,NaN,NaN,98.97,79408.0,3810.0,98.87,391800.0,21594.0,98.86,147730.0,11089.0,98.84,55996.0,10899.0,98.79,224648.0,19647.0,98.785,170484.0,5937.0,98.755,63142.0,4003.0,98.725,198113.0,7306.0,98.72,89391.0,852.0,98.705,25654.0,643.0,98.67,35270.0,1375.0,98.665,22421.0,777.0,98.63,12009.0,252.0,98.6,26155.0,1567.0,98.59,16691.0,275.0,98.595,10125.0,649.0,98.535,4506.0,143.0,98.53,2280.0,77.0,98.515,2534.0,98.0,98.48,4533.0,185.0,98.475,3787.0,22.0,98.455,204.0,NaN,98.435,331.0,15.0,98.43,65.0,18.0,98.41,157.0,NaN,98.4,93.0,NaN,98.39,14.0,NaN,98.37,12.0,NaN,98.35,25.0,NaN,98.35,18.0,NaN,98.325,98.29,98.29,98.275,98.265,98.26,NaN,NaN,NaN,NaN,NaN,NaN,NaN,NaN,NaN,NaN,NaN,NaN,NaN,NaN,NaN,NaN,NaN,NaN,NaN,NaN,NaN,NaN,NaN,NaN,NaN,NaN,NaN,NaN,NaN,NaN
2017-06-06,NaN,NaN,NaN,NaN,NaN,NaN,NaN,NaN,NaN,NaN,NaN,NaN,NaN,NaN,NaN,98.97,78265.0,10036.0,98.87,403813.0,52988.0,98.86,148781.0,13956.0,98.84,58296.0,8842.0,98.8,220383.0,30865.0,98.795,173504.0,10433.0,98.765,62593.0,4768.0,98.735,199127.0,22750.0,98.725,91601.0,7110.0,98.715,25948.0,1825.0,98.685,36530.0,4809.0,98.68,23037.0,1842.0,98.645,11878.0,217.0,98.615,27691.0,3321.0,98.605,16548.0,863.0,98.61,10247.0,375.0,98.55,5000.0,1583.0,98.545,2302.0,102.0,98.525,2532.0,7.0,98.49,4837.0,1365.0,98.485,3817.0,53.0,98.47,204.0,NaN,98.45,331.0,NaN,98.445,65.0,NaN,98.42,157.0,NaN,98.41,93.0,NaN,98.4,14.0,NaN,98.38,12.0,NaN,98.36,25.0,NaN,98.36,18.0,NaN,98.335,98.3,98.3,98.285,98.275,98.27,NaN,NaN,NaN,NaN,NaN,NaN,NaN,NaN,NaN,NaN,NaN,NaN,NaN,NaN,NaN,NaN,NaN,NaN,NaN,NaN,NaN,NaN,NaN,NaN,NaN,NaN,NaN,NaN,NaN,NaN
2017-06-07,NaN,NaN,NaN,NaN,NaN,NaN,NaN,NaN,NaN,NaN,NaN,NaN,NaN,NaN,NaN,98.9675,77446.0,7018.0,98.865,421272.0,60092.0,98.855,150881.0,15268.0,98.835,59748.0,9463.0,98.795,224177.0,28505.0,98.79,173929.0,5902.0,98.76,64119.0,6974.0,98.73,197676.0,19431.0,98.72,90342.0,6806.0,98.71,25825.0,1526.0,98.68,36749.0,5177.0,98.67,26227.0,5175.0,98.635,11806.0,349.0,98.6,27760.0,1611.0,98.595,16733.0,1075.0,98.595,10195.0,348.0,98.535,5015.0,305.0,98.53,2327.0,56.0,98.51,2540.0,46.0,98.47,4815.0,157.0,98.465,3837.0,93.0,98.45,204.0,NaN,98.43,341.0,15.0,98.42,60.0,10.0,98.405,157.0,NaN,98.39,93.0,NaN,98.38,14.0,NaN,98.365,12.0,NaN,98.345,25.0,NaN,98.345,18.0,NaN,98.315,98.285,98.285,98.27,98.26,98.255,NaN,NaN,NaN,NaN,NaN,NaN,NaN,NaN,NaN,NaN,NaN,NaN,NaN,NaN,NaN,NaN,NaN,NaN,NaN,NaN,NaN,NaN,NaN,NaN,NaN,NaN,NaN,NaN,NaN,NaN
2017-06-08,NaN,NaN,NaN,NaN,NaN,NaN,NaN,NaN,NaN,NaN,NaN,NaN,NaN,NaN,NaN,98.9675,77555.0,1466.0,98.86,419722.0,48919.0,98.855,155061.0,12824.0,98.835,60249.0,6189.0,98.795,224487.0,9044.0,98.785,173541.0,5089.0,98.76,63581.0,1762.0,98.73,198837.0,14359.0,98.72,91183.0,4989.0,98.71,25781.0,726.0,98.675,37436.0,2548.0,98.67,26200.0,1208.0,98.63,12137.0,767.0,98.6,27836.0,1860.0,98.59,16770.0,658.0,98.595,9530.0,1121.0,98.53,5007.0,339.0,98.525,2371.0,258.0,98.5,2549.0,296.0,98.46,4775.0,224.0,98.455,3830.0,7.0,98.44,184.0,27.0,98.42,341.0,15.0,98.415,60.0,NaN,98.395,157.0,NaN,98.38,93.0,NaN,98.37,14.0,NaN,98.35,12.0,NaN,98.33,25.0,NaN,98.33,18.0,NaN,98.305,98.275,98.275,98.255,98.245,98.245,NaN,NaN,NaN,NaN,NaN,NaN,NaN,NaN,NaN,NaN,NaN,NaN,NaN,NaN,NaN,NaN,NaN,NaN,NaN,NaN,NaN,NaN,NaN,NaN,NaN,NaN,NaN,NaN,NaN,NaN
2017-06-09,NaN,NaN,NaN,NaN,NaN,NaN,NaN,NaN,NaN,NaN,NaN,NaN,NaN,NaN,NaN,98.9675,77705.0,4485.0,98.86,427791.0,43821.0,98.855,155500.0,14215.0,98.83,63433.0,11045.0,98.785,224938.0,9324.0,98.78,174861.0,8044.0,98.75,63714.0,4940.0,98.72,200622.0,11078.0,98.715,90192.0,4074.0,98.7,25588.0,1163.0,98.67,37529.0,1700.0,98.66,26042.0,994.0,98.625,12171.0,245.0,98.595,27340.0,1438.0,98.585,16876.0,461.0,98.59,9577.0,289.0,98.525,5132.0,330.0,98.52,2413.0,197.0,98.5,2584.0,104.0,98.46,4787.0,48.0,98.455,3830.0,52.0,98.445,177.0,23.0,98.425,341.0,NaN,98.415,60.0,NaN,98.4,107.0,50.0,98.385,93.0,NaN,98.375,14.0,NaN,98.36,12.0,NaN,98.335,25.0,NaN,98.335,18.0,NaN,98.305,98.275,98.275,98.255,98.245,98.245,NaN,NaN,NaN,NaN,NaN,NaN,NaN,NaN,NaN,NaN,NaN,NaN,NaN,NaN,NaN,NaN,NaN,NaN,NaN,NaN,NaN,NaN,NaN,NaN,NaN,NaN,NaN,NaN,NaN,NaN
2017-06-12,NaN,NaN,NaN,NaN,NaN,NaN,NaN,NaN,NaN,NaN,NaN,NaN,NaN,NaN,NaN,98.9675,78615.0,2498.0,98.86,449902.0,39747.0,98.855,155230.0,17607.0,98.83,63433.0,9037.0,98.785,213129.0,55506.0,98.78,176051.0,11156.0,98.75,63983.0,7767.0,98.72,198347.0,14735.0,98.715,89895.0,3848.0,98.7,25641.0,1113.0,98.665,38663.0,4865.0,98.66,26171.0,1048.0,98.62,12151.0,924.0,98.59,27872.0,4351.0,98.58,16836.0,890.0,98.585,9505.0,693.0,98.525,5368.0,629.0,98.515,2398.0,194.0,98.495,2582.0,14.0,98.455,5150.0,454.0,98.455,3862.0,181.0,98.44,177.0,NaN,98.42,359.0,18.0,98.415,60.0,NaN,98.4,107.0,NaN,98.385,93.0,NaN,98.375,14.0,NaN,98.36,12.0,NaN,98.34,25.0,NaN,98.34,18.0,NaN,98.305,98.275,98.275,98.255,98.245,98.245,NaN,NaN,NaN,NaN,NaN,NaN,NaN,NaN,NaN,NaN,NaN,NaN,NaN,NaN,NaN,NaN,NaN,NaN,NaN,NaN,NaN,NaN,NaN,NaN,NaN,NaN,NaN,NaN,NaN,NaN
2017-06-13,NaN,NaN,NaN,NaN,NaN,NaN,NaN,NaN,NaN,NaN,NaN,NaN,NaN,NaN,NaN,98.9675,78380.0,1028.0,98.86,457474.0,23384.0,98.855,155115.0,11688.0,98.83,61621.0,10014.0,98.785,213076.0,27604.0,98.78,179949.0,15433.0,98.75,64071.0,2815.0,98.72,200131.0,19997.0,98.71,91493.0,3791.0,98.695,25652.0,1365.0,98.66,39412.0,2292.0,98.655,26227.0,241.0,98.615,12220.0,655.0,98.58,27840.0,1622.0,98.57,16826.0,240.0,98.575,9554.0,120.0,98.51,5138.0,380.0,98.505,2379.0,62.0,98.485,2584.0,48.0,98.445,5271.0,139.0,98.44,4000.0,183.0,98.425,177.0,NaN,98.405,373.0,14.0,98.395,60.0,NaN,98.38,107.0,NaN,98.365,93.0,NaN,98.355,14.0,NaN,98.335,12.0,NaN,98.315,25.0,NaN,98.315,18.0,NaN,98.285,98.255,98.255,98.235,98.225,98.22,NaN,NaN,NaN,NaN,NaN,NaN,NaN,NaN,NaN,NaN,NaN,NaN,NaN,NaN,NaN,NaN,NaN,NaN,NaN,NaN,NaN,NaN,NaN,NaN,NaN,NaN,NaN,NaN,NaN,NaN
2017-06-14,NaN,NaN,NaN,NaN,NaN,NaN,NaN,NaN,NaN,NaN,NaN,NaN,NaN,NaN,NaN,98.9625,76987.0,19412.0,98.855,463132.0,229873.0,98.85,172853.0,107040.0,98.835,62956.0,30786.0,98.8,236139.0,208940.0,98.795,205104.0,84660.0,98.765,70068.0,33684.0,98.73,207202.0,109654.0,98.725,89666.0,21345.0,98.715,25540.0,7552.0,98.69,43739.0,17228.0,98.685,30357.0,10761.0,98.65,12118.0,2506.0,98.62,26932.0,13060.0,98.615,17614.0,2857.0,98.62,9522.0,1965.0,98.555,5298.0,1776.0,98.545,2470.0,856.0,98.525,3239.0,1198.0,98.485,6364.0,1830.0,98.48,3991.0,183.0,98.47,182.0,5.0,98.445,385.0,12.0,98.44,60.0,NaN,98.425,107.0,NaN,98.41,93.0,NaN,98.4,14.0,NaN,98.385,12.0,NaN,98.365,26.0,1.0,98.37,19.0,1.0,98.34,98.31,98.31,98.29,98.28,98.275,NaN,NaN,NaN,NaN,NaN,NaN,NaN,NaN,NaN,NaN,NaN,NaN,NaN,NaN,NaN,NaN,NaN,NaN,NaN,NaN,NaN,NaN,NaN,NaN,NaN,NaN,NaN,NaN,NaN,NaN
2017-06-15,NaN,NaN,NaN,NaN,NaN,NaN,NaN,NaN,NaN,NaN,NaN,NaN,NaN,NaN,NaN,98.96,87921.0,20722.0,98.85,390761.0,137404.0,98.845,170930.0,54623.0,98.83,63113.0,15345.0,98.8,230903.0,58475.0,98.795,202503.0,20890.0,98.76,70469.0,12055.0,98.725,206055.0,41166.0,98.72,87683.0,16097.0,98.71,25523.0,2170.0,98.68,44678.0,6756.0,98.675,30461.0,2323.0,98.64,12295.0,1429.0,98.61,26913.0,5906.0,98.6,17541.0,956.0,98.605,9613.0,743.0,98.545,5327.0,287.0,98.535,2447.0,140.0,98.51,3287.0,126.0,98.47,6335.0,87.0,98.47,4009.0,43.0,98.455,182.0,NaN,98.43,385.0,NaN,98.43,60.0,NaN,98.415,107.0,NaN,98.4,93.0,NaN,98.39,14.0,NaN,98.375,12.0,NaN,98.355,26.0,NaN,98.36,19.0,NaN,98.33,98.3,98.3,98.28,98.27,98.265,NaN,NaN,NaN,NaN,NaN,NaN,NaN,NaN,NaN,NaN,NaN,NaN,NaN,NaN,NaN,NaN,NaN,NaN,NaN,NaN,NaN,NaN,NaN,NaN,NaN,NaN,NaN,NaN,NaN,NaN
2017-06-16,NaN,NaN,NaN,NaN,NaN,NaN,NaN,NaN,NaN,NaN,NaN,NaN,NaN,NaN,NaN,98.96,87540.0,705.0,98.85,370844.0,24581.0,98.845,181792.0,20544.0,98.835,62821.0,6372.0,98.805,239073.0,27079.0,98.8,205240.0,14241.0,98.765,70769.0,6125.0,98.735,210845.0,18777.0,98.73,88932.0,4793.0,98.72,25543.0,1613.0,98.69,44899.0,5265.0,98.69,30475.0,1386.0,98.655,12523.0,1071.0,98.635,27018.0,6914.0,98.625,17438.0,677.0,98.625,9689.0,687.0,98.57,5659.0,614.0,98.56,2660.0,298.0,98.54,3299.0,28.0,98.5,6971.0,696.0,98.495,4019.0,33.0,98.485,182.0,NaN,98.465,385.0,NaN,98.455,60.0,NaN,98.44,107.0,NaN,98.425,93.0,NaN,98.415,14.0,NaN,98.4,12.0,NaN,98.38,26.0,NaN,98.385,19.0,NaN,98.355,98.325,98.325,98.305,98.295,98.29,NaN,NaN,NaN,NaN,NaN,NaN,NaN,NaN,NaN,NaN,NaN,NaN,NaN,NaN,NaN,NaN,NaN,NaN,NaN,NaN,NaN,NaN,NaN,NaN,NaN,NaN,NaN,NaN,NaN,NaN
2017-06-19,NaN,NaN,NaN,NaN,NaN,NaN,NaN,NaN,NaN,NaN,NaN,NaN,NaN,NaN,NaN,98.96,86756.0,2280.0,98.85,370145.0,39023.0,98.845,175297.0,26176.0,98.835,64742.0,3956.0,98.805,261093.0,46746.0,98.8,205701.0,15968.0,98.765,73204.0,13435.0,98.73,215722.0,15485.0,98.725,89231.0,9256.0,98.71,26358.0,2588.0,98.675,45720.0,5668.0,98.67,30360.0,1425.0,98.64,13114.0,2333.0,98.615,27964.0,4988.0,98.605,17415.0,666.0,98.605,9710.0,134.0,98.55,5716.0,418.0,98.54,2835.0,386.0,98.515,3457.0,234.0,98.48,7080.0,301.0,98.475,4106.0,242.0,98.46,182.0,NaN,98.44,385.0,15.0,98.44,60.0,NaN,98.415,107.0,NaN,98.4,93.0,NaN,98.39,14.0,NaN,98.375,12.0,NaN,98.35,26.0,NaN,98.355,19.0,NaN,98.325,98.29,98.29,98.27,98.26,98.25,NaN,NaN,NaN,NaN,NaN,NaN,NaN,NaN,NaN,NaN,NaN,NaN,NaN,NaN,NaN,NaN,NaN,NaN,NaN,NaN,NaN,NaN,NaN,NaN,NaN,NaN,NaN,NaN,NaN,NaN
2017-06-20,NaN,NaN,NaN,NaN,NaN,NaN,NaN,NaN,NaN,NaN,NaN,NaN,NaN,NaN,NaN,98.96,86757.0,564.0,98.85,363702.0,6354.0,98.845,172510.0,6896.0,98.835,66525.0,3326.0,98.81,266655.0,30600.0,98.8,204586.0,11048.0,98.765,74189.0,6070.0,98.73,217339.0,23442.0,98.725,91260.0,7064.0,98.715,26435.0,1593.0,98.68,46399.0,3733.0,98.68,29443.0,4687.0,98.65,13292.0,1146.0,98.625,26813.0,4555.0,98.615,17417.0,526.0,98.62,9719.0,295.0,98.565,5745.0,65.0,98.555,2782.0,149.0,98.53,3465.0,64.0,98.495,7055.0,129.0,98.49,4114.0,70.0,98.48,182.0,NaN,98.455,352.0,33.0,98.455,60.0,NaN,98.44,107.0,NaN,98.425,93.0,NaN,98.415,14.0,NaN,98.4,12.0,NaN,98.375,26.0,NaN,98.38,19.0,NaN,98.355,98.325,98.325,98.31,98.295,98.29,NaN,NaN,NaN,NaN,NaN,NaN,NaN,NaN,NaN,NaN,NaN,NaN,NaN,NaN,NaN,NaN,NaN,NaN,NaN,NaN,NaN,NaN,NaN,NaN,NaN,NaN,NaN,NaN,NaN,NaN
2017-06-21,NaN,NaN,NaN,NaN,NaN,NaN,NaN,NaN,NaN,NaN,NaN,NaN,NaN,NaN,NaN,98.96,86758.0,555.0,98.85,355833.0,23105.0,98.845,180438.0,23689.0,98.835,64406.0,8087.0,98.81,276796.0,36770.0,98.8,206804.0,12035.0,98.765,76174.0,5607.0,98.73,222976.0,22048.0,98.73,91229.0,4112.0,98.715,26330.0,1441.0,98.685,46497.0,4615.0,98.68,28472.0,4290.0,98.65,13409.0,668.0,98.63,26875.0,1886.0,98.62,17687.0,1643.0,98.625,9749.0,100.0,98.57,5511.0,673.0,98.56,2866.0,123.0,98.54,3560.0,117.0,98.5,7135.0,177.0,98.5,4138.0,115.0,98.485,182.0,NaN,98.465,352.0,NaN,98.46,60.0,NaN,98.445,107.0,NaN,98.435,93.0,NaN,98.425,14.0,NaN,98.41,12.0,NaN,98.38,26.0,NaN,98.385,19.0,NaN,98.365,98.335,98.335,98.32,98.31,98.3,NaN,NaN,NaN,NaN,NaN,NaN,NaN,NaN,NaN,NaN,NaN,NaN,NaN,NaN,NaN,NaN,NaN,NaN,NaN,NaN,NaN,NaN,NaN,NaN,NaN,NaN,NaN,NaN,NaN,NaN
2017-06-22,NaN,NaN,NaN,NaN,NaN,NaN,NaN,NaN,NaN,NaN,NaN,NaN,NaN,NaN,NaN,98.96,80972.0,6804.0,98.85,329136.0,44427.0,98.845,186020.0,27837.0,98.835,71913.0,5127.0,98.81,281936.0,29271.0,98.805,212859.0,12649.0,98.77,75703.0,3748.0,98.735,220383.0,19521.0,98.73,90812.0,3953.0,98.72,26000.0,1790.0,98.69,46425.0,3724.0,98.685,28028.0,1543.0,98.665,13558.0,346.0,98.64,26693.0,3040.0,98.635,17724.0,254.0,98.64,9818.0,345.0,98.585,5715.0,648.0,98.575,2872.0,174.0,98.56,3645.0,104.0,98.52,8222.0,1510.0,98.52,4300.0,457.0,98.51,182.0,NaN,98.49,352.0,NaN,98.485,60.0,NaN,98.47,107.0,NaN,98.46,93.0,NaN,98.445,14.0,NaN,98.435,12.0,NaN,98.41,26.0,NaN,98.415,19.0,NaN,98.39,98.36,98.36,98.345,98.335,98.33,NaN,NaN,NaN,NaN,NaN,NaN,NaN,NaN,NaN,NaN,NaN,NaN,NaN,NaN,NaN,NaN,NaN,NaN,NaN,NaN,NaN,NaN,NaN,NaN,NaN,NaN,NaN,NaN,NaN,NaN
2017-06-23,NaN,NaN,NaN,NaN,NaN,NaN,NaN,NaN,NaN,NaN,NaN,NaN,NaN,NaN,NaN,98.96,80353.0,637.0,98.85,315991.0,25611.0,98.845,182526.0,19352.0,98.835,72007.0,1158.0,98.81,283584.0,16656.0,98.805,211963.0,3565.0,98.765,75735.0,3729.0,98.725,220537.0,10823.0,98.72,91162.0,2838.0,98.71,26055.0,589.0,98.675,45842.0,2522.0,98.675,27795.0,415.0,98.65,13544.0,197.0,98.63,26799.0,1733.0,98.625,17470.0,324.0,98.625,9816.0,364.0,98.575,5771.0,694.0,98.565,2889.0,267.0,98.545,4138.0,849.0,98.51,8261.0,456.0,98.51,4311.0,91.0,98.495,182.0,NaN,98.48,352.0,NaN,98.475,60.0,NaN,98.46,107.0,NaN,98.45,93.0,NaN,98.435,14.0,NaN,98.425,12.0,NaN,98.4,26.0,NaN,98.405,19.0,NaN,98.375,98.35,98.35,98.335,98.325,98.32,NaN,NaN,NaN,NaN,NaN,NaN,NaN,NaN,NaN,NaN,NaN,NaN,NaN,NaN,NaN,NaN,NaN,NaN,NaN,NaN,NaN,NaN,NaN,NaN,NaN,NaN,NaN,NaN,NaN,NaN
2017-06-26,NaN,NaN,NaN,NaN,NaN,NaN,NaN,NaN,NaN,NaN,NaN,NaN,NaN,NaN,NaN,98.96,80310.0,630.0,98.85,312389.0,4510.0,98.845,182110.0,2597.0,98.835,73581.0,2819.0,98.805,279816.0,20764.0,98.8,213787.0,7905.0,98.76,75907.0,1543.0,98.72,220394.0,9016.0,98.715,90440.0,2668.0,98.705,26042.0,678.0,98.675,46031.0,1002.0,98.67,27208.0,1054.0,98.645,13642.0,714.0,98.625,27069.0,1882.0,98.62,17508.0,1070.0,98.62,9181.0,1298.0,98.565,5772.0,155.0,98.56,2758.0,347.0,98.54,4124.0,87.0,98.505,8547.0,429.0,98.505,4285.0,191.0,98.49,182.0,NaN,98.475,352.0,NaN,98.47,60.0,NaN,98.455,107.0,NaN,98.44,93.0,NaN,98.43,14.0,NaN,98.415,12.0,NaN,98.39,50.0,24.0,98.395,43.0,24.0,98.37,98.34,98.34,98.325,98.315,98.305,NaN,NaN,NaN,NaN,NaN,NaN,NaN,NaN,NaN,NaN,NaN,NaN,NaN,NaN,NaN,NaN,NaN,NaN,NaN,NaN,NaN,NaN,NaN,NaN,NaN,NaN,NaN,NaN,NaN,NaN
2017-06-27,NaN,NaN,NaN,NaN,NaN,NaN,NaN,NaN,NaN,NaN,NaN,NaN,NaN,NaN,NaN,98.96,79915.0,970.0,98.85,295277.0,44615.0,98.845,182376.0,6342.0,98.835,77252.0,11724.0,98.805,276405.0,48973.0,98.8,214496.0,16256.0,98.755,76101.0,6776.0,98.715,217676.0,24985.0,98.71,88674.0,5718.0,98.695,25546.0,1695.0,98.66,44890.0,6270.0,98.655,26587.0,3407.0,98.625,14167.0,2214.0,98.6,25735.0,4520.0,98.59,17241.0,398.0,98.595,9111.0,183.0,98.535,5767.0,188.0,98.525,2754.0,116.0,98.505,4167.0,55.0,98.47,8530.0,482.0,98.47,4328.0,142.0,98.45,182.0,NaN,98.435,352.0,NaN,98.43,60.0,NaN,98.41,107.0,NaN,98.395,93.0,NaN,98.385,14.0,NaN,98.37,12.0,NaN,98.345,50.0,NaN,98.35,43.0,NaN,98.32,98.29,98.29,98.275,98.26,98.255,NaN,NaN,NaN,NaN,NaN,NaN,NaN,NaN,NaN,NaN,NaN,NaN,NaN,NaN,NaN,NaN,NaN,NaN,NaN,NaN,NaN,NaN,NaN,NaN,NaN,NaN,NaN,NaN,NaN,NaN
2017-06-28,NaN,NaN,NaN,NaN,NaN,NaN,NaN,NaN,NaN,NaN,NaN,NaN,NaN,NaN,NaN,98.96,79972.0,156.0,98.85,294538.0,9327.0,98.845,182060.0,9689.0,98.835,83539.0,20895.0,98.8,283039.0,34703.0,98.795,210170.0,10540.0,98.75,76464.0,4246.0,98.705,218809.0,19011.0,98.7,88739.0,7034.0,98.69,25602.0,1282.0,98.65,44473.0,4857.0,98.65,26366.0,1271.0,98.615,14557.0,1024.0,98.595,23797.0,5955.0,98.585,16672.0,2146.0,98.59,9149.0,252.0,98.53,5709.0,724.0,98.525,2592.0,433.0,98.505,4179.0,86.0,98.465,8715.0,748.0,98.46,4340.0,74.0,98.45,182.0,NaN,98.435,352.0,NaN,98.43,60.0,NaN,98.41,107.0,NaN,98.395,93.0,NaN,98.385,14.0,NaN,98.37,12.0,NaN,98.345,50.0,NaN,98.35,43.0,NaN,98.32,98.285,98.285,98.27,98.255,98.25,NaN,NaN,NaN,NaN,NaN,NaN,NaN,NaN,NaN,NaN,NaN,NaN,NaN,NaN,NaN,NaN,NaN,NaN,NaN,NaN,NaN,NaN,NaN,NaN,NaN,NaN,NaN,NaN,NaN,NaN
2017-06-29,NaN,NaN,NaN,NaN,NaN,NaN,NaN,NaN,NaN,NaN,NaN,NaN,NaN,NaN,NaN,98.96,79486.0,1985.0,98.85,292844.0,8398.0,98.845,184254.0,27387.0,98.835,78437.0,11163.0,98.8,274756.0,52964.0,98.795,208383.0,13179.0,98.745,75686.0,9550.0,98.705,210122.0,36260.0,98.7,87464.0,9360.0,98.685,25625.0,4550.0,98.64,44672.0,5642.0,98.64,26214.0,953.0,98.605,14768.0,584.0,98.585,23328.0,3962.0,98.57,16722.0,1252.0,98.575,9524.0,589.0,98.515,5720.0,610.0,98.505,2444.0,393.0,98.48,4194.0,101.0,98.445,8904.0,704.0,98.44,4365.0,79.0,98.43,182.0,NaN,98.405,354.0,2.0,98.405,60.0,NaN,98.38,107.0,NaN,98.365,93.0,NaN,98.355,14.0,NaN,98.335,12.0,NaN,98.31,50.0,NaN,98.315,43.0,NaN,98.285,98.25,98.25,98.225,98.215,98.205,NaN,NaN,NaN,NaN,NaN,NaN,NaN,NaN,NaN,NaN,NaN,NaN,NaN,NaN,NaN,NaN,NaN,NaN,NaN,NaN,NaN,NaN,NaN,NaN,NaN,NaN,NaN,NaN,NaN,NaN
2017-06-30,NaN,NaN,NaN,NaN,NaN,NaN,NaN,NaN,NaN,NaN,NaN,NaN,NaN,NaN,NaN,98.96,79470.0,282.0,98.85,284237.0,15481.0,98.845,184632.0,17051.0,98.83,78343.0,1787.0,98.795,271779.0,24916.0,98.79,210293.0,11926.0,98.74,75159.0,4940.0,98.69,208542.0,27045.0,98.685,89786.0,16471.0,98.665,25530.0,2116.0,98.62,43589.0,6758.0,98.62,27417.0,2287.0,98.585,14777.0,1189.0,98.555,22961.0,1975.0,98.545,16727.0,776.0,98.55,9555.0,414.0,98.485,5741.0,463.0,98.475,2451.0,417.0,98.45,4191.0,90.0,98.415,8559.0,450.0,98.41,4353.0,70.0,98.4,182.0,NaN,98.38,381.0,38.0,98.37,84.0,24.0,98.35,107.0,NaN,98.335,93.0,NaN,98.32,14.0,NaN,98.305,12.0,NaN,98.275,50.0,NaN,98.275,43.0,NaN,98.25,98.21,98.21,98.195,98.17,98.165,98.15,NaN,NaN,NaN,NaN,NaN,NaN,NaN,NaN,NaN,NaN,NaN,NaN,NaN,NaN,NaN,NaN,NaN,NaN,NaN,NaN,NaN,NaN,NaN,NaN,NaN,NaN,NaN,NaN,NaN
2017-07-03,NaN,NaN,NaN,NaN,NaN,NaN,NaN,NaN,NaN,NaN,NaN,NaN,NaN,NaN,NaN,NaN,NaN,NaN,98.85,279952.0,10819.0,98.845,181778.0,6904.0,98.83,79227.0,4072.0,98.79,263704.0,32758.0,98.78,209042.0,13336.0,98.725,75018.0,4148.0,98.675,205713.0,11187.0,98.67,91260.0,5374.0,98.645,25448.0,2173.0,98.595,41132.0,8770.0,98.59,27504.0,4467.0,98.55,14762.0,610.0,98.525,22927.0,1337.0,98.51,16833.0,337.0,98.515,9530.0,412.0,98.45,5785.0,649.0,98.44,2495.0,332.0,98.415,4192.0,504.0,98.375,7605.0,1276.0,98.37,4417.0,172.0,98.355,182.0,NaN,98.33,356.0,25.0,98.32,84.0,48.0,98.3,107.0,NaN,98.285,93.0,NaN,98.27,14.0,NaN,98.25,12.0,NaN,98.22,50.0,NaN,98.22,43.0,NaN,98.2,98.155,98.15,98.14,98.115,98.105,98.09,NaN,NaN,NaN,NaN,NaN,NaN,NaN,NaN,NaN,NaN,NaN,NaN,NaN,NaN,NaN,NaN,NaN,NaN,NaN,NaN,NaN,NaN,NaN,NaN,NaN,NaN,NaN,NaN,NaN
2017-07-05,NaN,NaN,NaN,NaN,NaN,NaN,NaN,NaN,NaN,NaN,NaN,NaN,NaN,NaN,NaN,NaN,NaN,NaN,98.85,279203.0,1894.0,98.845,179584.0,19893.0,98.825,79912.0,30010.0,98.78,255586.0,107306.0,98.775,210171.0,18666.0,98.72,75412.0,9503.0,98.675,208477.0,45748.0,98.665,91144.0,13235.0,98.645,23982.0,7937.0,98.59,40029.0,7479.0,98.585,27393.0,1781.0,98.545,14945.0,1638.0,98.52,22443.0,3469.0,98.505,16617.0,1710.0,98.505,9772.0,1772.0,98.44,5447.0,1280.0,98.43,2550.0,281.0,98.405,4189.0,407.0,98.36,7018.0,1114.0,98.355,4282.0,434.0,98.34,209.0,122.0,98.315,366.0,10.0,98.305,84.0,53.0,98.285,57.0,90.0,98.27,118.0,67.0,98.255,14.0,24.0,98.235,12.0,NaN,98.21,114.0,68.0,98.205,43.0,NaN,98.175,98.135,98.13,98.125,98.1,98.095,98.085,NaN,NaN,NaN,NaN,NaN,NaN,NaN,NaN,NaN,NaN,NaN,NaN,NaN,NaN,NaN,NaN,NaN,NaN,NaN,NaN,NaN,NaN,NaN,NaN,NaN,NaN,NaN,NaN,NaN
2017-07-06,NaN,NaN,NaN,NaN,NaN,NaN,NaN,NaN,NaN,NaN,NaN,NaN,NaN,NaN,NaN,NaN,NaN,NaN,98.85,276021.0,7501.0,98.845,179274.0,13213.0,98.83,75774.0,11509.0,98.79,243366.0,49678.0,98.785,211816.0,11518.0,98.73,77253.0,7764.0,98.685,210283.0,27175.0,98.675,93818.0,12050.0,98.65,24783.0,3873.0,98.595,38852.0,11773.0,98.585,28452.0,3055.0,98.545,16211.0,7472.0,98.52,22374.0,3889.0,98.505,16670.0,1601.0,98.505,9822.0,380.0,98.44,5465.0,1117.0,98.425,2768.0,421.0,98.4,4509.0,408.0,98.36,6837.0,1260.0,98.355,4103.0,826.0,98.335,233.0,53.0,98.31,366.0,1.0,98.305,84.0,36.0,98.28,57.0,NaN,98.26,142.0,24.0,98.245,14.0,NaN,98.225,12.0,NaN,98.195,138.0,24.0,98.19,43.0,NaN,98.165,98.125,98.12,98.105,98.08,98.07,98.06,NaN,NaN,NaN,NaN,NaN,NaN,NaN,NaN,NaN,NaN,NaN,NaN,NaN,NaN,NaN,NaN,NaN,NaN,NaN,NaN,NaN,NaN,NaN,NaN,NaN,NaN,NaN,NaN,NaN
2017-07-07,NaN,NaN,NaN,NaN,NaN,NaN,NaN,NaN,NaN,NaN,NaN,NaN,NaN,NaN,NaN,NaN,NaN,NaN,98.85,272842.0,3712.0,98.845,181426.0,14067.0,98.835,77951.0,17370.0,98.8,251424.0,51742.0,98.795,209330.0,23684.0,98.74,74532.0,8808.0,98.695,211674.0,40272.0,98.685,94377.0,7935.0,98.655,24304.0,3555.0,98.595,37536.0,6477.0,98.585,29193.0,4617.0,98.545,18079.0,6604.0,98.52,22739.0,4422.0,98.505,16898.0,750.0,98.505,9902.0,869.0,98.435,5258.0,1632.0,98.42,2568.0,237.0,98.39,4151.0,746.0,98.35,6417.0,827.0,98.345,3701.0,504.0,98.32,242.0,25.0,98.29,378.0,22.0,98.285,72.0,NaN,98.26,57.0,NaN,98.245,142.0,NaN,98.23,14.0,NaN,98.205,12.0,NaN,98.18,138.0,NaN,98.17,43.0,NaN,98.145,98.105,98.1,98.09,98.075,98.055,98.045,NaN,NaN,NaN,NaN,NaN,NaN,NaN,NaN,NaN,NaN,NaN,NaN,NaN,NaN,NaN,NaN,NaN,NaN,NaN,NaN,NaN,NaN,NaN,NaN,NaN,NaN,NaN,NaN,NaN
2017-07-10,NaN,NaN,NaN,NaN,NaN,NaN,NaN,NaN,NaN,NaN,NaN,NaN,NaN,NaN,NaN,NaN,NaN,NaN,98.85,270823.0,3862.0,98.845,182155.0,2258.0,98.835,73028.0,363.0,98.805,254364.0,24269.0,98.8,210337.0,9988.0,98.745,74500.0,5604.0,98.695,213754.0,10215.0,98.685,94900.0,4048.0,98.66,24200.0,1123.0,98.605,37453.0,1463.0,98.6,29110.0,645.0,98.56,17986.0,1081.0,98.53,22816.0,978.0,98.52,16045.0,3976.0,98.52,11433.0,2957.0,98.45,5221.0,730.0,98.44,2569.0,92.0,98.41,4167.0,57.0,98.365,6422.0,32.0,98.365,3661.0,75.0,98.345,226.0,27.0,98.315,451.0,86.0,98.31,96.0,34.0,98.285,57.0,NaN,98.265,142.0,NaN,98.25,14.0,NaN,98.235,12.0,NaN,98.21,138.0,NaN,98.205,43.0,NaN,98.18,98.14,98.135,98.125,98.1,98.095,98.085,NaN,NaN,NaN,NaN,NaN,NaN,NaN,NaN,NaN,NaN,NaN,NaN,NaN,NaN,NaN,NaN,NaN,NaN,NaN,NaN,NaN,NaN,NaN,NaN,NaN,NaN,NaN,NaN,NaN
2017-07-11,NaN,NaN,NaN,NaN,NaN,NaN,NaN,NaN,NaN,NaN,NaN,NaN,NaN,NaN,NaN,NaN,NaN,NaN,98.85,269868.0,5661.0,98.845,182338.0,8091.0,98.835,71914.0,2515.0,98.81,269143.0,68810.0,98.805,214943.0,27681.0,98.755,74596.0,7512.0,98.71,219935.0,30942.0,98.7,95123.0,7172.0,98.675,24110.0,1727.0,98.62,38612.0,6029.0,98.615,28176.0,4205.0,98.58,18359.0,1434.0,98.555,23320.0,2714.0,98.54,15614.0,4680.0,98.545,12330.0,2132.0,98.475,5041.0,1180.0,98.465,2589.0,131.0,98.44,4175.0,117.0,98.395,6514.0,308.0,98.39,3637.0,146.0,98.37,224.0,24.0,98.345,458.0,21.0,98.34,105.0,33.0,98.31,57.0,25.0,98.295,142.0,NaN,98.28,14.0,NaN,98.265,12.0,NaN,98.235,138.0,NaN,98.23,43.0,NaN,98.205,98.165,98.16,98.15,98.125,98.12,98.105,NaN,NaN,NaN,NaN,NaN,NaN,NaN,NaN,NaN,NaN,NaN,NaN,NaN,NaN,NaN,NaN,NaN,NaN,NaN,NaN,NaN,NaN,NaN,NaN,NaN,NaN,NaN,NaN,NaN
2017-07-12,NaN,NaN,NaN,NaN,NaN,NaN,NaN,NaN,NaN,NaN,NaN,NaN,NaN,NaN,NaN,NaN,NaN,NaN,98.85,269244.0,2152.0,98.84,182710.0,8545.0,98.835,71579.0,17155.0,98.81,272447.0,43231.0,98.805,218725.0,22998.0,98.755,76359.0,12455.0,98.715,224869.0,40761.0,98.705,97139.0,14820.0,98.69,24341.0,3935.0,98.645,39098.0,5835.0,98.635,27330.0,2351.0,98.61,18327.0,2235.0,98.585,23200.0,6359.0,98.575,15419.0,3573.0,98.58,12911.0,1585.0,98.515,5280.0,1776.0,98.505,2806.0,614.0,98.48,4537.0,759.0,98.44,6736.0,1419.0,98.44,3643.0,218.0,98.42,223.0,16.0,98.395,462.0,72.0,98.395,129.0,24.0,98.365,57.0,NaN,98.35,142.0,NaN,98.335,14.0,NaN,98.32,12.0,NaN,98.29,138.0,NaN,98.285,43.0,NaN,98.265,98.22,98.215,98.205,98.18,98.175,98.165,NaN,NaN,NaN,NaN,NaN,NaN,NaN,NaN,NaN,NaN,NaN,NaN,NaN,NaN,NaN,NaN,NaN,NaN,NaN,NaN,NaN,NaN,NaN,NaN,NaN,NaN,NaN,NaN,NaN
2017-07-13,NaN,NaN,NaN,NaN,NaN,NaN,NaN,NaN,NaN,NaN,NaN,NaN,NaN,NaN,NaN,NaN,NaN,NaN,98.85,269100.0,951.0,98.84,181413.0,3513.0,98.835,70906.0,3779.0,98.81,273878.0,21763.0,98.805,197589.0,37043.0,98.755,78204.0,5671.0,98.71,234536.0,34365.0,98.705,96906.0,5505.0,98.685,24388.0,1884.0,98.64,50238.0,14520.0,98.63,27587.0,1924.0,98.605,18507.0,1670.0,98.58,23205.0,874.0,98.57,15300.0,638.0,98.57,13016.0,311.0,98.51,5331.0,368.0,98.5,2813.0,51.0,98.475,4503.0,73.0,98.435,6727.0,137.0,98.43,3643.0,2.0,98.415,223.0,NaN,98.39,462.0,NaN,98.385,129.0,NaN,98.355,57.0,NaN,98.34,142.0,NaN,98.33,14.0,NaN,98.315,12.0,NaN,98.29,138.0,NaN,98.28,43.0,NaN,98.26,98.22,98.215,98.2,98.18,98.175,98.16,NaN,NaN,NaN,NaN,NaN,NaN,NaN,NaN,NaN,NaN,NaN,NaN,NaN,NaN,NaN,NaN,NaN,NaN,NaN,NaN,NaN,NaN,NaN,NaN,NaN,NaN,NaN,NaN,NaN
2017-07-14,NaN,NaN,NaN,NaN,NaN,NaN,NaN,NaN,NaN,NaN,NaN,NaN,NaN,NaN,NaN,NaN,NaN,NaN,98.85,269129.0,1055.0,98.84,180919.0,5649.0,98.835,72579.0,10869.0,98.82,274569.0,29372.0,98.815,206295.0,24165.0,98.765,77224.0,10187.0,98.725,242244.0,44627.0,98.715,99689.0,11787.0,98.7,25045.0,4649.0,98.65,50031.0,8753.0,98.645,26639.0,3544.0,98.615,18668.0,1985.0,98.59,23166.0,3117.0,98.58,15255.0,2051.0,98.58,13119.0,744.0,98.52,5286.0,666.0,98.51,2763.0,243.0,98.485,4549.0,128.0,98.45,6900.0,877.0,98.445,3575.0,249.0,98.425,223.0,2.0,98.4,451.0,39.0,98.4,137.0,8.0,98.375,57.0,NaN,98.36,143.0,1.0,98.35,14.0,NaN,98.335,12.0,NaN,98.31,138.0,NaN,98.305,43.0,NaN,98.28,98.24,98.235,98.225,98.205,98.2,98.185,NaN,NaN,NaN,NaN,NaN,NaN,NaN,NaN,NaN,NaN,NaN,NaN,NaN,NaN,NaN,NaN,NaN,NaN,NaN,NaN,NaN,NaN,NaN,NaN,NaN,NaN,NaN,NaN,NaN
2017-07-17,NaN,NaN,NaN,NaN,NaN,NaN,NaN,NaN,NaN,NaN,NaN,NaN,NaN,NaN,NaN,NaN,NaN,NaN,98.85,269045.0,396.0,98.84,180601.0,1588.0,98.835,79170.0,12389.0,98.82,272673.0,7585.0,98.815,205291.0,5068.0,98.77,77497.0,5136.0,98.73,240775.0,11208.0,98.72,104913.0,9038.0,98.7,25204.0,840.0,98.655,49475.0,2122.0,98.645,26918.0,662.0,98.615,18667.0,445.0,98.595,23044.0,1295.0,98.58,15235.0,219.0,98.585,13281.0,421.0,98.525,5306.0,115.0,98.515,2757.0,119.0,98.495,4626.0,87.0,98.46,7071.0,370.0,98.455,3522.0,103.0,98.435,223.0,NaN,98.415,451.0,NaN,98.415,143.0,6.0,98.39,57.0,NaN,98.375,143.0,NaN,98.365,14.0,NaN,98.35,12.0,NaN,98.33,138.0,NaN,98.325,43.0,NaN,98.305,98.265,98.26,98.255,98.23,98.23,98.215,NaN,NaN,NaN,NaN,NaN,NaN,NaN,NaN,NaN,NaN,NaN,NaN,NaN,NaN,NaN,NaN,NaN,NaN,NaN,NaN,NaN,NaN,NaN,NaN,NaN,NaN,NaN,NaN,NaN
2017-07-18,NaN,NaN,NaN,NaN,NaN,NaN,NaN,NaN,NaN,NaN,NaN,NaN,NaN,NaN,NaN,NaN,NaN,NaN,98.85,269116.0,300.0,98.84,181177.0,2104.0,98.835,78677.0,18166.0,98.825,272722.0,39397.0,98.815,207323.0,12532.0,98.775,79212.0,8793.0,98.73,242441.0,16216.0,98.725,104137.0,13681.0,98.705,25865.0,4747.0,98.66,51489.0,9780.0,98.655,26685.0,2273.0,98.625,19215.0,2154.0,98.605,22997.0,3027.0,98.595,17403.0,4077.0,98.6,13237.0,460.0,98.54,5303.0,514.0,98.535,2809.0,67.0,98.515,4658.0,108.0,98.475,7085.0,237.0,98.475,3531.0,40.0,98.455,235.0,34.0,98.435,462.0,11.0,98.435,143.0,NaN,98.415,57.0,NaN,98.395,143.0,NaN,98.39,14.0,NaN,98.375,12.0,NaN,98.355,138.0,NaN,98.355,43.0,NaN,98.335,98.295,98.29,98.28,98.26,98.26,98.25,NaN,NaN,NaN,NaN,NaN,NaN,NaN,NaN,NaN,NaN,NaN,NaN,NaN,NaN,NaN,NaN,NaN,NaN,NaN,NaN,NaN,NaN,NaN,NaN,NaN,NaN,NaN,NaN,NaN
2017-07-19,NaN,NaN,NaN,NaN,NaN,NaN,NaN,NaN,NaN,NaN,NaN,NaN,NaN,NaN,NaN,NaN,NaN,NaN,98.85,269066.0,1410.0,98.84,181477.0,9791.0,98.835,78320.0,1668.0,98.815,274001.0,21376.0,98.81,205791.0,10884.0,98.77,78533.0,2953.0,98.73,245543.0,13482.0,98.725,101634.0,5747.0,98.705,25802.0,1697.0,98.66,51747.0,2933.0,98.655,25864.0,2189.0,98.625,18634.0,1468.0,98.605,23054.0,4207.0,98.595,17351.0,928.0,98.595,13199.0,96.0,98.54,5275.0,146.0,98.53,2809.0,11.0,98.51,4679.0,61.0,98.47,7101.0,391.0,98.47,3523.0,68.0,98.455,235.0,NaN,98.435,458.0,4.0,98.435,143.0,NaN,98.415,57.0,NaN,98.395,143.0,NaN,98.39,14.0,NaN,98.375,12.0,NaN,98.35,138.0,NaN,98.35,43.0,NaN,98.33,98.29,98.285,98.28,98.26,98.26,98.245,NaN,NaN,NaN,NaN,NaN,NaN,NaN,NaN,NaN,NaN,NaN,NaN,NaN,NaN,NaN,NaN,NaN,NaN,NaN,NaN,NaN,NaN,NaN,NaN,NaN,NaN,NaN,NaN,NaN
2017-07-20,NaN,NaN,NaN,NaN,NaN,NaN,NaN,NaN,NaN,NaN,NaN,NaN,NaN,NaN,NaN,NaN,NaN,NaN,98.85,268699.0,2990.0,98.84,186200.0,16737.0,98.84,81446.0,17500.0,98.82,273627.0,29695.0,98.815,205849.0,11544.0,98.77,78563.0,4395.0,98.725,247168.0,25429.0,98.72,98081.0,10677.0,98.7,25971.0,3571.0,98.655,50701.0,7892.0,98.65,26479.0,3742.0,98.62,18481.0,969.0,98.6,23247.0,1737.0,98.59,17513.0,2263.0,98.595,13077.0,561.0,98.54,5300.0,315.0,98.525,2776.0,110.0,98.505,4652.0,154.0,98.47,7087.0,529.0,98.465,3455.0,159.0,98.45,235.0,NaN,98.435,458.0,NaN,98.425,143.0,NaN,98.405,57.0,NaN,98.39,143.0,NaN,98.385,14.0,NaN,98.37,12.0,NaN,98.345,138.0,NaN,98.34,43.0,NaN,98.32,98.285,98.28,98.27,98.25,98.25,98.24,NaN,NaN,NaN,NaN,NaN,NaN,NaN,NaN,NaN,NaN,NaN,NaN,NaN,NaN,NaN,NaN,NaN,NaN,NaN,NaN,NaN,NaN,NaN,NaN,NaN,NaN,NaN,NaN,NaN
2017-07-21,NaN,NaN,NaN,NaN,NaN,NaN,NaN,NaN,NaN,NaN,NaN,NaN,NaN,NaN,NaN,NaN,NaN,NaN,98.85,267873.0,1158.0,98.845,184887.0,4620.0,98.84,82832.0,7806.0,98.825,272070.0,16099.0,98.82,208345.0,8731.0,98.775,78919.0,2361.0,98.735,246894.0,14255.0,98.725,97711.0,5725.0,98.71,26455.0,2501.0,98.67,54395.0,10787.0,98.665,29137.0,4490.0,98.635,18356.0,1518.0,98.615,23146.0,2484.0,98.605,18267.0,1754.0,98.61,13424.0,995.0,98.555,5400.0,481.0,98.55,2820.0,191.0,98.525,5241.0,767.0,98.49,7077.0,642.0,98.49,3396.0,83.0,98.475,235.0,2.0,98.455,458.0,12.0,98.455,143.0,NaN,98.43,57.0,NaN,98.415,143.0,NaN,98.405,14.0,NaN,98.39,12.0,NaN,98.37,138.0,NaN,98.365,43.0,NaN,98.345,98.31,98.305,98.295,98.275,98.275,98.265,NaN,NaN,NaN,NaN,NaN,NaN,NaN,NaN,NaN,NaN,NaN,NaN,NaN,NaN,NaN,NaN,NaN,NaN,NaN,NaN,NaN,NaN,NaN,NaN,NaN,NaN,NaN,NaN,NaN
2017-07-24,NaN,NaN,NaN,NaN,NaN,NaN,NaN,NaN,NaN,NaN,NaN,NaN,NaN,NaN,NaN,NaN,NaN,NaN,98.85,267616.0,337.0,98.845,184987.0,1675.0,98.84,82845.0,2972.0,98.82,274253.0,25832.0,98.81,206898.0,17114.0,98.765,78879.0,3975.0,98.725,242915.0,19307.0,98.715,98887.0,6315.0,98.7,26951.0,4256.0,98.66,55195.0,3952.0,98.655,29270.0,2023.0,98.625,18401.0,365.0,98.605,23551.0,3115.0,98.595,18892.0,1347.0,98.6,13308.0,245.0,98.545,5376.0,195.0,98.535,2833.0,197.0,98.51,5266.0,81.0,98.475,7116.0,114.0,98.475,3397.0,22.0,98.46,234.0,1.0,98.445,458.0,NaN,98.44,143.0,NaN,98.415,57.0,NaN,98.4,143.0,NaN,98.39,14.0,NaN,98.375,12.0,NaN,98.355,138.0,NaN,98.35,43.0,NaN,98.33,98.29,98.285,98.275,98.255,98.255,98.24,NaN,NaN,NaN,NaN,NaN,NaN,NaN,NaN,NaN,NaN,NaN,NaN,NaN,NaN,NaN,NaN,NaN,NaN,NaN,NaN,NaN,NaN,NaN,NaN,NaN,NaN,NaN,NaN,NaN
2017-07-25,NaN,NaN,NaN,NaN,NaN,NaN,NaN,NaN,NaN,NaN,NaN,NaN,NaN,NaN,NaN,NaN,NaN,NaN,98.85,267882.0,663.0,98.845,184181.0,1795.0,98.84,83006.0,1728.0,98.82,272136.0,6028.0,98.81,204331.0,15856.0,98.76,78863.0,6330.0,98.715,245786.0,18828.0,98.705,101338.0,9234.0,98.69,27208.0,3376.0,98.645,56939.0,6767.0,98.64,29684.0,1415.0,98.61,18780.0,2071.0,98.59,23067.0,2340.0,98.58,18065.0,2502.0,98.58,12956.0,845.0,98.525,5358.0,514.0,98.51,2802.0,185.0,98.49,4808.0,1049.0,98.45,7065.0,565.0,98.445,3313.0,386.0,98.43,221.0,33.0,98.41,446.0,12.0,98.4,188.0,45.0,98.375,57.0,25.0,98.355,143.0,NaN,98.345,14.0,NaN,98.33,12.0,NaN,98.3,138.0,NaN,98.295,43.0,NaN,98.27,98.235,98.23,98.215,98.195,98.19,98.175,NaN,NaN,NaN,NaN,NaN,NaN,NaN,NaN,NaN,NaN,NaN,NaN,NaN,NaN,NaN,NaN,NaN,NaN,NaN,NaN,NaN,NaN,NaN,NaN,NaN,NaN,NaN,NaN,NaN
2017-07-26,NaN,NaN,NaN,NaN,NaN,NaN,NaN,NaN,NaN,NaN,NaN,NaN,NaN,NaN,NaN,NaN,NaN,NaN,98.85,267433.0,6082.0,98.845,184266.0,14444.0,98.84,84735.0,7706.0,98.83,278987.0,48980.0,98.825,201907.0,19636.0,98.775,77770.0,10520.0,98.735,234229.0,63343.0,98.725,102504.0,10245.0,98.71,28184.0,5960.0,98.67,65781.0,27719.0,98.665,30625.0,4628.0,98.64,19191.0,3524.0,98.615,24265.0,4525.0,98.61,18101.0,1547.0,98.615,13165.0,1605.0,98.555,5579.0,1089.0,98.55,2877.0,223.0,98.525,4830.0,81.0,98.49,7595.0,1127.0,98.485,3266.0,133.0,98.47,221.0,NaN,98.445,521.0,75.0,98.44,164.0,107.0,98.42,57.0,NaN,98.4,143.0,NaN,98.39,14.0,NaN,98.375,12.0,NaN,98.35,138.0,NaN,98.345,43.0,NaN,98.325,98.29,98.285,98.275,98.255,98.25,98.235,NaN,NaN,NaN,NaN,NaN,NaN,NaN,NaN,NaN,NaN,NaN,NaN,NaN,NaN,NaN,NaN,NaN,NaN,NaN,NaN,NaN,NaN,NaN,NaN,NaN,NaN,NaN,NaN,NaN
2017-07-27,NaN,NaN,NaN,NaN,NaN,NaN,NaN,NaN,NaN,NaN,NaN,NaN,NaN,NaN,NaN,NaN,NaN,NaN,98.85,265360.0,3204.0,98.845,186524.0,8811.0,98.84,84940.0,2021.0,98.835,278527.0,22654.0,98.83,199527.0,16095.0,98.78,80717.0,10845.0,98.74,232580.0,28711.0,98.73,101466.0,5516.0,98.715,29326.0,4732.0,98.675,65554.0,5372.0,98.665,32978.0,5032.0,98.64,19389.0,1582.0,98.615,25408.0,3812.0,98.61,17980.0,649.0,98.61,13251.0,575.0,98.555,8317.0,3527.0,98.55,3800.0,1148.0,98.525,5187.0,423.0,98.49,7545.0,270.0,98.485,3260.0,90.0,98.47,221.0,NaN,98.45,521.0,NaN,98.44,164.0,NaN,98.42,57.0,NaN,98.4,143.0,NaN,98.39,14.0,NaN,98.375,12.0,NaN,98.35,138.0,NaN,98.345,43.0,NaN,98.325,98.285,98.28,98.27,98.25,98.245,98.23,NaN,NaN,NaN,NaN,NaN,NaN,NaN,NaN,NaN,NaN,NaN,NaN,NaN,NaN,NaN,NaN,NaN,NaN,NaN,NaN,NaN,NaN,NaN,NaN,NaN,NaN,NaN,NaN,NaN
2017-07-28,NaN,NaN,NaN,NaN,NaN,NaN,NaN,NaN,NaN,NaN,NaN,NaN,NaN,NaN,NaN,NaN,NaN,NaN,98.85,264054.0,2529.0,98.845,187304.0,8181.0,98.84,86000.0,2892.0,98.835,294262.0,78166.0,98.825,216123.0,69280.0,98.78,83055.0,8989.0,98.74,232094.0,26737.0,98.73,101737.0,9219.0,98.715,29447.0,3885.0,98.675,65789.0,7231.0,98.67,33043.0,1903.0,98.64,19002.0,1462.0,98.62,26456.0,4773.0,98.615,18765.0,3052.0,98.615,13177.0,678.0,98.565,8885.0,1206.0,98.555,4636.0,997.0,98.535,5234.0,158.0,98.495,7910.0,803.0,98.495,3284.0,122.0,98.48,218.0,3.0,98.46,521.0,NaN,98.455,164.0,NaN,98.44,57.0,NaN,98.42,143.0,NaN,98.41,14.0,NaN,98.395,12.0,NaN,98.365,138.0,NaN,98.36,43.0,NaN,98.34,98.305,98.3,98.29,98.27,98.27,98.25,NaN,NaN,NaN,NaN,NaN,NaN,NaN,NaN,NaN,NaN,NaN,NaN,NaN,NaN,NaN,NaN,NaN,NaN,NaN,NaN,NaN,NaN,NaN,NaN,NaN,NaN,NaN,NaN,NaN
2017-07-31,NaN,NaN,NaN,NaN,NaN,NaN,NaN,NaN,NaN,NaN,NaN,NaN,NaN,NaN,NaN,NaN,NaN,NaN,98.85,264160.0,754.0,98.845,185080.0,4517.0,98.84,85776.0,794.0,98.835,298353.0,1980.0,98.825,215701.0,693.0,98.78,82688.0,1781.0,98.74,233600.0,3293.0,98.73,101791.0,1938.0,98.715,29612.0,756.0,98.675,67180.0,2666.0,98.67,32971.0,255.0,98.64,18966.0,185.0,98.62,26407.0,331.0,98.615,18743.0,155.0,98.615,13212.0,117.0,98.565,8862.0,642.0,98.555,4810.0,322.0,98.53,5234.0,87.0,98.495,8006.0,168.0,98.495,3291.0,48.0,98.48,218.0,NaN,98.46,521.0,NaN,98.455,165.0,1.0,98.44,57.0,NaN,98.415,143.0,NaN,98.41,14.0,NaN,98.395,12.0,NaN,98.365,138.0,NaN,98.36,43.0,NaN,98.34,98.305,98.3,98.29,98.27,98.265,98.25,98.24,NaN,NaN,NaN,NaN,NaN,NaN,NaN,NaN,NaN,NaN,NaN,NaN,NaN,NaN,NaN,NaN,NaN,NaN,NaN,NaN,NaN,NaN,NaN,NaN,NaN,NaN,NaN,NaN
2017-08-01,NaN,NaN,NaN,NaN,NaN,NaN,NaN,NaN,NaN,NaN,NaN,NaN,NaN,NaN,NaN,NaN,NaN,NaN,NaN,NaN,NaN,98.845,184903.0,3011.0,98.84,85686.0,1145.0,98.835,301829.0,16188.0,98.825,215093.0,6204.0,98.78,82357.0,3747.0,98.74,232141.0,18201.0,98.73,101763.0,3052.0,98.715,30046.0,1661.0,98.68,69131.0,6136.0,98.67,33470.0,2231.0,98.645,19271.0,1569.0,98.625,27534.0,3603.0,98.62,18830.0,659.0,98.625,13351.0,819.0,98.57,11791.0,4652.0,98.565,5058.0,1022.0,98.54,6059.0,957.0,98.505,8487.0,793.0,98.505,3190.0,426.0,98.49,218.0,NaN,98.475,521.0,NaN,98.475,165.0,NaN,98.46,57.0,NaN,98.435,143.0,NaN,98.43,14.0,NaN,98.415,12.0,NaN,98.385,138.0,NaN,98.38,43.0,NaN,98.36,98.325,98.32,98.31,98.29,98.285,98.27,98.26,NaN,NaN,NaN,NaN,NaN,NaN,NaN,NaN,NaN,NaN,NaN,NaN,NaN,NaN,NaN,NaN,NaN,NaN,NaN,NaN,NaN,NaN,NaN,NaN,NaN,NaN,NaN,NaN
2017-08-02,NaN,NaN,NaN,NaN,NaN,NaN,NaN,NaN,NaN,NaN,NaN,NaN,NaN,NaN,NaN,NaN,NaN,NaN,NaN,NaN,NaN,98.845,183603.0,3071.0,98.84,85435.0,539.0,98.835,300182.0,10468.0,98.825,215036.0,4482.0,98.78,82785.0,4655.0,98.74,233789.0,15778.0,98.73,101209.0,6741.0,98.715,30737.0,3575.0,98.68,74642.0,12592.0,98.67,34455.0,5610.0,98.645,20060.0,2287.0,98.625,28391.0,4100.0,98.62,18746.0,714.0,98.625,13351.0,619.0,98.57,10918.0,2179.0,98.565,5932.0,1580.0,98.54,7273.0,1592.0,98.505,8462.0,685.0,98.505,3190.0,384.0,98.49,216.0,19.0,98.475,523.0,85.0,98.475,206.0,81.0,98.455,57.0,NaN,98.435,143.0,NaN,98.43,14.0,NaN,98.415,12.0,NaN,98.4,138.0,NaN,98.385,43.0,NaN,98.37,98.335,98.325,98.315,98.295,98.3,98.285,98.275,NaN,NaN,NaN,NaN,NaN,NaN,NaN,NaN,NaN,NaN,NaN,NaN,NaN,NaN,NaN,NaN,NaN,NaN,NaN,NaN,NaN,NaN,NaN,NaN,NaN,NaN,NaN,NaN
2017-08-03,NaN,NaN,NaN,NaN,NaN,NaN,NaN,NaN,NaN,NaN,NaN,NaN,NaN,NaN,NaN,NaN,NaN,NaN,NaN,NaN,NaN,98.845,184117.0,9393.0,98.84,84446.0,5924.0,98.835,301235.0,8323.0,98.825,217523.0,16159.0,98.785,90321.0,14804.0,98.745,239687.0,45683.0,98.74,101842.0,8109.0,98.725,30739.0,5801.0,98.69,75657.0,6755.0,98.685,34957.0,5692.0,98.66,19977.0,3495.0,98.64,30441.0,7700.0,98.63,19222.0,4759.0,98.635,14362.0,1466.0,98.58,11185.0,2476.0,98.57,6405.0,855.0,98.55,7752.0,933.0,98.52,8829.0,649.0,98.52,3199.0,283.0,98.505,364.0,240.0,98.485,522.0,11.0,98.485,233.0,29.0,98.465,57.0,NaN,98.45,143.0,NaN,98.445,14.0,NaN,98.435,12.0,NaN,98.42,138.0,NaN,98.405,43.0,NaN,98.39,98.355,98.35,98.34,98.32,98.325,98.31,98.295,NaN,NaN,NaN,NaN,NaN,NaN,NaN,NaN,NaN,NaN,NaN,NaN,NaN,NaN,NaN,NaN,NaN,NaN,NaN,NaN,NaN,NaN,NaN,NaN,NaN,NaN,NaN,NaN
2017-08-04,NaN,NaN,NaN,NaN,NaN,NaN,NaN,NaN,NaN,NaN,NaN,NaN,NaN,NaN,NaN,NaN,NaN,NaN,NaN,NaN,NaN,98.845,179742.0,16490.0,98.84,84478.0,2068.0,98.835,299186.0,42396.0,98.825,216728.0,27852.0,98.78,90128.0,12944.0,98.74,248255.0,40323.0,98.735,102840.0,5487.0,98.72,30868.0,3134.0,98.68,82150.0,12498.0,98.675,34042.0,4875.0,98.645,19750.0,2630.0,98.62,32637.0,8472.0,98.615,19988.0,2989.0,98.615,14835.0,1496.0,98.565,11577.0,2540.0,98.555,6676.0,591.0,98.53,7735.0,333.0,98.495,8899.0,388.0,98.495,3203.0,172.0,98.49,415.0,106.0,98.465,522.0,NaN,98.46,233.0,NaN,98.44,57.0,NaN,98.425,143.0,NaN,98.42,14.0,NaN,98.41,12.0,NaN,98.395,138.0,NaN,98.38,43.0,NaN,98.365,98.33,98.325,98.315,98.295,98.3,98.285,98.27,NaN,NaN,NaN,NaN,NaN,NaN,NaN,NaN,NaN,NaN,NaN,NaN,NaN,NaN,NaN,NaN,NaN,NaN,NaN,NaN,NaN,NaN,NaN,NaN,NaN,NaN,NaN,NaN
2017-08-07,NaN,NaN,NaN,NaN,NaN,NaN,NaN,NaN,NaN,NaN,NaN,NaN,NaN,NaN,NaN,NaN,NaN,NaN,NaN,NaN,NaN,98.845,179814.0,2033.0,98.84,84277.0,1071.0,98.835,300780.0,7522.0,98.825,217143.0,6124.0,98.78,90969.0,4599.0,98.74,248072.0,12638.0,98.73,102563.0,1952.0,98.715,31114.0,1085.0,98.68,81951.0,3468.0,98.675,35672.0,3535.0,98.645,19641.0,1167.0,98.62,33914.0,3468.0,98.615,19687.0,625.0,98.615,14955.0,313.0,98.565,12070.0,1185.0,98.555,6935.0,601.0,98.53,7735.0,8.0,98.495,10517.0,1754.0,98.495,3188.0,93.0,98.49,415.0,25.0,98.465,522.0,NaN,98.46,233.0,NaN,98.44,57.0,NaN,98.425,143.0,NaN,98.42,14.0,NaN,98.41,12.0,NaN,98.395,138.0,NaN,98.38,43.0,NaN,98.365,98.33,98.325,98.315,98.295,98.3,98.285,98.27,NaN,NaN,NaN,NaN,NaN,NaN,NaN,NaN,NaN,NaN,NaN,NaN,NaN,NaN,NaN,NaN,NaN,NaN,NaN,NaN,NaN,NaN,NaN,NaN,NaN,NaN,NaN,NaN
2017-08-08,NaN,NaN,NaN,NaN,NaN,NaN,NaN,NaN,NaN,NaN,NaN,NaN,NaN,NaN,NaN,NaN,NaN,NaN,NaN,NaN,NaN,98.845,179844.0,108.0,98.84,84504.0,685.0,98.835,302607.0,16172.0,98.825,219316.0,8471.0,98.775,91315.0,6016.0,98.735,248800.0,14410.0,98.73,103687.0,4953.0,98.71,31147.0,4508.0,98.675,83206.0,5161.0,98.67,35206.0,2490.0,98.64,19365.0,2159.0,98.615,34032.0,2460.0,98.61,19732.0,608.0,98.61,15146.0,733.0,98.555,12045.0,1810.0,98.55,6982.0,310.0,98.525,7754.0,100.0,98.485,13148.0,3794.0,98.485,3390.0,340.0,98.48,545.0,168.0,98.455,522.0,31.0,98.45,233.0,NaN,98.43,57.0,NaN,98.415,143.0,NaN,98.41,14.0,NaN,98.4,12.0,NaN,98.385,138.0,NaN,98.37,43.0,NaN,98.355,98.32,98.315,98.305,98.285,98.29,98.275,98.26,NaN,NaN,NaN,NaN,NaN,NaN,NaN,NaN,NaN,NaN,NaN,NaN,NaN,NaN,NaN,NaN,NaN,NaN,NaN,NaN,NaN,NaN,NaN,NaN,NaN,NaN,NaN,NaN
2017-08-09,NaN,NaN,NaN,NaN,NaN,NaN,NaN,NaN,NaN,NaN,NaN,NaN,NaN,NaN,NaN,NaN,NaN,NaN,NaN,NaN,NaN,98.845,179171.0,4036.0,98.84,84969.0,1763.0,98.835,306516.0,8247.0,98.825,221163.0,18164.0,98.78,88615.0,8732.0,98.74,252732.0,34710.0,98.735,108354.0,14477.0,98.72,29393.0,7080.0,98.685,83367.0,13370.0,98.675,35266.0,3370.0,98.65,19489.0,2224.0,98.63,35211.0,4559.0,98.625,19784.0,3145.0,98.625,15338.0,2303.0,98.575,12145.0,1552.0,98.565,7399.0,1359.0,98.545,8353.0,1057.0,98.505,15479.0,3632.0,98.505,3726.0,791.0,98.505,879.0,493.0,98.48,522.0,86.0,98.475,233.0,NaN,98.45,57.0,NaN,98.435,143.0,NaN,98.43,14.0,NaN,98.42,12.0,NaN,98.405,138.0,NaN,98.39,43.0,NaN,98.375,98.34,98.335,98.325,98.305,98.31,98.295,98.28,NaN,NaN,NaN,NaN,NaN,NaN,NaN,NaN,NaN,NaN,NaN,NaN,NaN,NaN,NaN,NaN,NaN,NaN,NaN,NaN,NaN,NaN,NaN,NaN,NaN,NaN,NaN,NaN
2017-08-10,NaN,NaN,NaN,NaN,NaN,NaN,NaN,NaN,NaN,NaN,NaN,NaN,NaN,NaN,NaN,NaN,NaN,NaN,NaN,NaN,NaN,98.845,180273.0,1542.0,98.845,85594.0,8839.0,98.835,298502.0,33171.0,98.825,219906.0,9725.0,98.78,87702.0,7051.0,98.74,258519.0,29214.0,98.735,118409.0,17875.0,98.72,25896.0,10601.0,98.69,87477.0,12509.0,98.68,34954.0,6400.0,98.655,19461.0,1680.0,98.635,33538.0,10086.0,98.63,19749.0,1474.0,98.635,17047.0,4195.0,98.585,12212.0,1794.0,98.575,7396.0,709.0,98.55,8578.0,540.0,98.515,16356.0,1978.0,98.515,3795.0,849.0,98.515,1355.0,564.0,98.49,902.0,464.0,98.49,233.0,16.0,98.465,57.0,NaN,98.45,143.0,NaN,98.445,14.0,NaN,98.435,12.0,NaN,98.42,138.0,NaN,98.405,43.0,NaN,98.39,98.355,98.35,98.34,98.32,98.325,98.31,98.295,NaN,NaN,NaN,NaN,NaN,NaN,NaN,NaN,NaN,NaN,NaN,NaN,NaN,NaN,NaN,NaN,NaN,NaN,NaN,NaN,NaN,NaN,NaN,NaN,NaN,NaN,NaN,NaN
2017-08-11,NaN,NaN,NaN,NaN,NaN,NaN,NaN,NaN,NaN,NaN,NaN,NaN,NaN,NaN,NaN,NaN,NaN,NaN,NaN,NaN,NaN,98.845,174575.0,12975.0,98.845,86497.0,10190.0,98.845,296347.0,31246.0,98.84,222225.0,47984.0,98.805,90066.0,12450.0,98.77,279809.0,75161.0,98.765,131527.0,31463.0,98.755,25661.0,11746.0,98.725,92570.0,21740.0,98.72,37978.0,12044.0,98.7,21713.0,6998.0,98.68,38735.0,13891.0,98.675,20300.0,1742.0,98.68,17168.0,1808.0,98.63,12209.0,3476.0,98.62,7482.0,569.0,98.595,9448.0,1206.0,98.565,19758.0,5923.0,98.565,3813.0,569.0,98.565,1704.0,426.0,98.545,1339.0,588.0,98.545,229.0,18.0,98.52,47.0,10.0,98.505,143.0,NaN,98.5,14.0,NaN,98.49,12.0,NaN,98.475,138.0,NaN,98.46,43.0,NaN,98.445,98.41,98.405,98.395,98.375,98.38,98.365,98.35,NaN,NaN,NaN,NaN,NaN,NaN,NaN,NaN,NaN,NaN,NaN,NaN,NaN,NaN,NaN,NaN,NaN,NaN,NaN,NaN,NaN,NaN,NaN,NaN,NaN,NaN,NaN,NaN
2017-08-14,NaN,NaN,NaN,NaN,NaN,NaN,NaN,NaN,NaN,NaN,NaN,NaN,NaN,NaN,NaN,NaN,NaN,NaN,NaN,NaN,NaN,98.845,179953.0,18242.0,98.845,85013.0,12040.0,98.845,295130.0,14912.0,98.835,218399.0,17307.0,98.79,91788.0,11942.0,98.75,293710.0,54413.0,98.745,135752.0,13868.0,98.73,25307.0,4045.0,98.7,93365.0,8874.0,98.7,42589.0,13410.0,98.67,24025.0,3982.0,98.65,38849.0,13843.0,98.645,20182.0,2585.0,98.65,17587.0,2295.0,98.6,12712.0,2130.0,98.595,7654.0,1565.0,98.57,10702.0,1756.0,98.54,21365.0,2875.0,98.54,4170.0,694.0,98.535,1704.0,29.0,98.51,1387.0,82.0,98.505,235.0,24.0,98.49,47.0,NaN,98.475,143.0,NaN,98.47,14.0,NaN,98.46,12.0,NaN,98.445,138.0,NaN,98.43,43.0,NaN,98.415,98.38,98.375,98.365,98.345,98.35,98.335,98.32,NaN,NaN,NaN,NaN,NaN,NaN,NaN,NaN,NaN,NaN,NaN,NaN,NaN,NaN,NaN,NaN,NaN,NaN,NaN,NaN,NaN,NaN,NaN,NaN,NaN,NaN,NaN,NaN
2017-08-15,NaN,NaN,NaN,NaN,NaN,NaN,NaN,NaN,NaN,NaN,NaN,NaN,NaN,NaN,NaN,NaN,NaN,NaN,NaN,NaN,NaN,98.845,179327.0,2554.0,98.845,88680.0,11456.0,98.845,299055.0,23620.0,98.83,218254.0,37233.0,98.78,91820.0,16426.0,98.735,295187.0,29194.0,98.73,137381.0,6172.0,98.715,26068.0,6242.0,98.685,95170.0,6471.0,98.675,42794.0,4781.0,98.645,23519.0,1803.0,98.625,37082.0,7941.0,98.62,19907.0,1786.0,98.62,17163.0,801.0,98.57,13874.0,2226.0,98.565,8037.0,833.0,98.54,10701.0,659.0,98.505,21390.0,1034.0,98.505,4182.0,154.0,98.5,1705.0,213.0,98.48,1389.0,5.0,98.475,238.0,35.0,98.46,32.0,20.0,98.445,143.0,NaN,98.44,14.0,NaN,98.43,12.0,NaN,98.415,138.0,NaN,98.4,43.0,NaN,98.385,98.35,98.345,98.335,98.315,98.32,98.305,98.29,NaN,NaN,NaN,NaN,NaN,NaN,NaN,NaN,NaN,NaN,NaN,NaN,NaN,NaN,NaN,NaN,NaN,NaN,NaN,NaN,NaN,NaN,NaN,NaN,NaN,NaN,NaN,NaN
2017-08-16,NaN,NaN,NaN,NaN,NaN,NaN,NaN,NaN,NaN,NaN,NaN,NaN,NaN,NaN,NaN,NaN,NaN,NaN,NaN,NaN,NaN,98.845,179302.0,310.0,98.845,89629.0,7948.0,98.845,300295.0,4756.0,98.83,214215.0,22273.0,98.79,92343.0,9544.0,98.75,298633.0,34604.0,98.74,138379.0,6828.0,98.725,25949.0,4736.0,98.695,95504.0,7383.0,98.685,43715.0,2682.0,98.66,24282.0,2098.0,98.64,37346.0,2514.0,98.635,19875.0,821.0,98.64,17046.0,833.0,98.59,13860.0,740.0,98.585,8042.0,152.0,98.56,10713.0,343.0,98.525,22431.0,2355.0,98.525,4339.0,492.0,98.525,1712.0,174.0,98.505,1928.0,617.0,98.5,239.0,24.0,98.485,32.0,NaN,98.47,143.0,NaN,98.465,14.0,NaN,98.455,12.0,NaN,98.44,138.0,NaN,98.425,43.0,NaN,98.41,98.375,98.37,98.36,98.34,98.345,98.33,98.315,NaN,NaN,NaN,NaN,NaN,NaN,NaN,NaN,NaN,NaN,NaN,NaN,NaN,NaN,NaN,NaN,NaN,NaN,NaN,NaN,NaN,NaN,NaN,NaN,NaN,NaN,NaN,NaN
2017-08-17,NaN,NaN,NaN,NaN,NaN,NaN,NaN,NaN,NaN,NaN,NaN,NaN,NaN,NaN,NaN,NaN,NaN,NaN,NaN,NaN,NaN,98.845,177912.0,6176.0,98.845,89519.0,4336.0,98.845,297402.0,8321.0,98.83,215302.0,9643.0,98.79,91505.0,10802.0,98.755,303499.0,21844.0,98.745,141452.0,10605.0,98.73,26125.0,2620.0,98.7,96898.0,7863.0,98.695,44650.0,1965.0,98.665,23678.0,1788.0,98.645,37250.0,3157.0,98.64,19898.0,879.0,98.645,17840.0,1426.0,98.595,13517.0,2657.0,98.59,9671.0,2656.0,98.57,10757.0,392.0,98.535,23198.0,1893.0,98.535,4340.0,224.0,98.535,1736.0,34.0,98.515,2081.0,208.0,98.51,239.0,NaN,98.495,32.0,NaN,98.48,143.0,NaN,98.475,14.0,NaN,98.465,12.0,NaN,98.45,138.0,NaN,98.435,43.0,NaN,98.42,98.385,98.38,98.37,98.35,98.355,98.34,98.325,NaN,NaN,NaN,NaN,NaN,NaN,NaN,NaN,NaN,NaN,NaN,NaN,NaN,NaN,NaN,NaN,NaN,NaN,NaN,NaN,NaN,NaN,NaN,NaN,NaN,NaN,NaN,NaN
2017-08-18,NaN,NaN,NaN,NaN,NaN,NaN,NaN,NaN,NaN,NaN,NaN,NaN,NaN,NaN,NaN,NaN,NaN,NaN,NaN,NaN,NaN,98.845,177998.0,2151.0,98.845,91311.0,3938.0,98.845,298553.0,13874.0,98.835,212958.0,17131.0,98.79,92426.0,8051.0,98.755,305762.0,30753.0,98.745,144292.0,10280.0,98.73,26702.0,2569.0,98.7,95640.0,11648.0,98.695,45910.0,6308.0,98.665,23679.0,996.0,98.64,37517.0,8218.0,98.64,20630.0,3879.0,98.645,19077.0,3090.0,98.595,13786.0,1083.0,98.59,9875.0,1085.0,98.565,10851.0,211.0,98.535,25729.0,5051.0,98.535,4332.0,640.0,98.535,1736.0,NaN,98.515,2425.0,505.0,98.515,238.0,81.0,98.5,32.0,NaN,98.485,143.0,NaN,98.48,14.0,NaN,98.47,12.0,NaN,98.455,138.0,NaN,98.44,43.0,NaN,98.425,98.39,98.385,98.375,98.355,98.36,98.345,98.33,NaN,NaN,NaN,NaN,NaN,NaN,NaN,NaN,NaN,NaN,NaN,NaN,NaN,NaN,NaN,NaN,NaN,NaN,NaN,NaN,NaN,NaN,NaN,NaN,NaN,NaN,NaN,NaN
2017-08-21,NaN,NaN,NaN,NaN,NaN,NaN,NaN,NaN,NaN,NaN,NaN,NaN,NaN,NaN,NaN,NaN,NaN,NaN,NaN,NaN,NaN,98.845,177859.0,546.0,98.845,91210.0,603.0,98.845,297300.0,4525.0,98.84,214132.0,10881.0,98.8,92445.0,9022.0,98.765,304916.0,31016.0,98.76,144781.0,10998.0,98.74,27396.0,6382.0,98.71,98023.0,10317.0,98.705,47006.0,5780.0,98.68,23392.0,1575.0,98.66,39689.0,5094.0,98.66,20897.0,1139.0,98.665,20194.0,1673.0,98.615,14545.0,1557.0,98.61,9832.0,203.0,98.59,11202.0,485.0,98.55,27704.0,2762.0,98.555,4332.0,144.0,98.55,1736.0,NaN,98.535,2555.0,204.0,98.535,238.0,NaN,98.52,32.0,NaN,98.505,143.0,NaN,98.5,14.0,NaN,98.49,12.0,NaN,98.475,138.0,NaN,98.46,43.0,NaN,98.445,98.41,98.405,98.395,98.375,98.38,98.365,98.35,NaN,NaN,NaN,NaN,NaN,NaN,NaN,NaN,NaN,NaN,NaN,NaN,NaN,NaN,NaN,NaN,NaN,NaN,NaN,NaN,NaN,NaN,NaN,NaN,NaN,NaN,NaN,NaN
2017-08-22,NaN,NaN,NaN,NaN,NaN,NaN,NaN,NaN,NaN,NaN,NaN,NaN,NaN,NaN,NaN,NaN,NaN,NaN,NaN,NaN,NaN,98.845,177347.0,2997.0,98.845,91466.0,673.0,98.845,296390.0,3214.0,98.835,210125.0,18094.0,98.795,91633.0,9003.0,98.76,310435.0,20450.0,98.755,145545.0,9271.0,98.735,27666.0,2838.0,98.705,97128.0,8503.0,98.695,48027.0,3162.0,98.67,23449.0,437.0,98.645,44288.0,11859.0,98.645,20976.0,1222.0,98.645,20465.0,367.0,98.595,14506.0,563.0,98.59,9856.0,476.0,98.57,11360.0,621.0,98.535,27850.0,957.0,98.54,4599.0,628.0,98.535,1736.0,40.0,98.515,2885.0,472.0,98.51,229.0,9.0,98.5,32.0,NaN,98.48,80.0,63.0,98.48,30.0,24.0,98.47,36.0,24.0,98.45,78.0,60.0,98.445,43.0,NaN,98.425,98.4,98.395,98.385,98.37,98.37,98.36,98.345,NaN,NaN,NaN,NaN,NaN,NaN,NaN,NaN,NaN,NaN,NaN,NaN,NaN,NaN,NaN,NaN,NaN,NaN,NaN,NaN,NaN,NaN,NaN,NaN,NaN,NaN,NaN,NaN
2017-08-23,NaN,NaN,NaN,NaN,NaN,NaN,NaN,NaN,NaN,NaN,NaN,NaN,NaN,NaN,NaN,NaN,NaN,NaN,NaN,NaN,NaN,98.845,177327.0,1722.0,98.845,92512.0,4362.0,98.845,294579.0,6694.0,98.835,212364.0,15093.0,98.795,93362.0,14756.0,98.765,317824.0,41087.0,98.76,145099.0,12744.0,98.745,27722.0,13158.0,98.715,96012.0,22822.0,98.71,47355.0,3633.0,98.685,23471.0,7450.0,98.665,48278.0,12287.0,98.665,21417.0,2681.0,98.67,20122.0,1325.0,98.62,16399.0,3833.0,98.62,11727.0,2917.0,98.595,11856.0,972.0,98.565,35863.0,10084.0,98.565,6308.0,2645.0,98.565,1740.0,60.0,98.545,3287.0,465.0,98.54,183.0,76.0,98.525,47.0,20.0,98.51,81.0,6.0,98.51,30.0,NaN,98.5,36.0,NaN,98.485,78.0,NaN,98.48,43.0,NaN,98.465,98.44,98.43,98.42,98.405,98.405,98.395,98.38,NaN,NaN,NaN,NaN,NaN,NaN,NaN,NaN,NaN,NaN,NaN,NaN,NaN,NaN,NaN,NaN,NaN,NaN,NaN,NaN,NaN,NaN,NaN,NaN,NaN,NaN,NaN,NaN
2017-08-24,NaN,NaN,NaN,NaN,NaN,NaN,NaN,NaN,NaN,NaN,NaN,NaN,NaN,NaN,NaN,NaN,NaN,NaN,NaN,NaN,NaN,98.845,175626.0,3008.0,98.845,93947.0,4748.0,98.845,293454.0,10433.0,98.835,209846.0,12241.0,98.79,96673.0,7596.0,98.755,322948.0,23909.0,98.755,144914.0,3204.0,98.74,28435.0,3065.0,98.71,96186.0,4839.0,98.705,47302.0,1491.0,98.68,23309.0,641.0,98.66,47879.0,2561.0,98.655,21823.0,1198.0,98.66,20667.0,947.0,98.61,16501.0,920.0,98.605,11868.0,357.0,98.58,11888.0,207.0,98.55,35949.0,973.0,98.55,6517.0,315.0,98.545,1740.0,3.0,98.525,3313.0,43.0,98.525,207.0,24.0,98.515,47.0,NaN,98.505,81.0,4.0,98.5,30.0,NaN,98.49,36.0,NaN,98.47,76.0,4.0,98.465,43.0,NaN,98.45,98.42,98.415,98.405,98.39,98.39,98.38,98.365,NaN,NaN,NaN,NaN,NaN,NaN,NaN,NaN,NaN,NaN,NaN,NaN,NaN,NaN,NaN,NaN,NaN,NaN,NaN,NaN,NaN,NaN,NaN,NaN,NaN,NaN,NaN,NaN
2017-08-25,NaN,NaN,NaN,NaN,NaN,NaN,NaN,NaN,NaN,NaN,NaN,NaN,NaN,NaN,NaN,NaN,NaN,NaN,NaN,NaN,NaN,98.845,175568.0,724.0,98.845,94678.0,5664.0,98.845,293835.0,8731.0,98.83,210592.0,17898.0,98.79,99781.0,10995.0,98.755,320507.0,28333.0,98.755,146086.0,11159.0,98.745,28355.0,3961.0,98.71,96805.0,8633.0,98.705,47298.0,1565.0,98.68,23402.0,945.0,98.66,47060.0,3470.0,98.66,22423.0,1466.0,98.66,21352.0,3274.0,98.615,18086.0,3683.0,98.61,12756.0,1569.0,98.59,12614.0,1206.0,98.555,37338.0,2723.0,98.56,6819.0,459.0,98.555,1919.0,298.0,98.54,3477.0,259.0,98.54,207.0,NaN,98.53,47.0,NaN,98.515,81.0,NaN,98.51,30.0,NaN,98.5,36.0,NaN,98.485,76.0,NaN,98.48,43.0,NaN,98.465,98.435,98.43,98.42,98.405,98.405,98.395,98.38,NaN,NaN,NaN,NaN,NaN,NaN,NaN,NaN,NaN,NaN,NaN,NaN,NaN,NaN,NaN,NaN,NaN,NaN,NaN,NaN,NaN,NaN,NaN,NaN,NaN,NaN,NaN,NaN
2017-08-28,NaN,NaN,NaN,NaN,NaN,NaN,NaN,NaN,NaN,NaN,NaN,NaN,NaN,NaN,NaN,NaN,NaN,NaN,NaN,NaN,NaN,98.845,175952.0,2353.0,98.845,93028.0,15215.0,98.845,294978.0,2750.0,98.83,211766.0,6062.0,98.795,99820.0,7386.0,98.765,321007.0,15108.0,98.76,147286.0,4629.0,98.75,28815.0,1390.0,98.72,98532.0,6724.0,98.72,47469.0,2642.0,98.695,23278.0,2433.0,98.675,46576.0,4394.0,98.67,22979.0,1073.0,98.675,21353.0,292.0,98.63,18759.0,1611.0,98.63,12853.0,160.0,98.605,12723.0,346.0,98.575,38919.0,2315.0,98.58,6943.0,287.0,98.575,1958.0,39.0,98.56,3541.0,146.0,98.555,210.0,44.0,98.545,47.0,NaN,98.535,82.0,1.0,98.53,30.0,NaN,98.52,36.0,NaN,98.505,76.0,NaN,98.5,43.0,NaN,98.485,98.455,98.45,98.44,98.425,98.425,98.415,98.405,NaN,NaN,NaN,NaN,NaN,NaN,NaN,NaN,NaN,NaN,NaN,NaN,NaN,NaN,NaN,NaN,NaN,NaN,NaN,NaN,NaN,NaN,NaN,NaN,NaN,NaN,NaN,NaN
2017-08-29,NaN,NaN,NaN,NaN,NaN,NaN,NaN,NaN,NaN,NaN,NaN,NaN,NaN,NaN,NaN,NaN,NaN,NaN,NaN,NaN,NaN,98.845,175882.0,523.0,98.845,91119.0,4231.0,98.845,290854.0,22636.0,98.835,217088.0,26067.0,98.8,97354.0,21253.0,98.77,325807.0,66152.0,98.765,151662.0,23489.0,98.755,32839.0,15910.0,98.73,100292.0,30059.0,98.73,50858.0,15563.0,98.71,24236.0,9766.0,98.695,47684.0,13499.0,98.695,23774.0,3959.0,98.695,22955.0,5495.0,98.655,20053.0,5225.0,98.655,13886.0,1745.0,98.635,13208.0,1403.0,98.605,43529.0,8270.0,98.605,7324.0,1046.0,98.605,2006.0,137.0,98.59,4736.0,1600.0,98.585,328.0,191.0,98.575,47.0,NaN,98.56,82.0,NaN,98.555,30.0,NaN,98.55,36.0,NaN,98.535,76.0,NaN,98.53,43.0,NaN,98.51,98.485,98.48,98.47,98.46,98.455,98.445,98.435,NaN,NaN,NaN,NaN,NaN,NaN,NaN,NaN,NaN,NaN,NaN,NaN,NaN,NaN,NaN,NaN,NaN,NaN,NaN,NaN,NaN,NaN,NaN,NaN,NaN,NaN,NaN,NaN
2017-08-30,NaN,NaN,NaN,NaN,NaN,NaN,NaN,NaN,NaN,NaN,NaN,NaN,NaN,NaN,NaN,NaN,NaN,NaN,NaN,NaN,NaN,98.845,173618.0,3674.0,98.845,90022.0,7959.0,98.845,290595.0,3530.0,98.835,212589.0,12346.0,98.8,98391.0,7630.0,98.765,326565.0,35460.0,98.765,152530.0,6845.0,98.755,35621.0,7583.0,98.73,100751.0,8820.0,98.73,51154.0,3951.0,98.705,24307.0,2865.0,98.685,48945.0,4706.0,98.685,24239.0,2648.0,98.685,25040.0,3088.0,98.645,19804.0,4194.0,98.64,14949.0,4010.0,98.62,13223.0,106.0,98.59,47840.0,6969.0,98.59,7386.0,433.0,98.59,2060.0,75.0,98.575,4927.0,286.0,98.57,338.0,16.0,98.555,47.0,NaN,98.545,82.0,NaN,98.54,30.0,NaN,98.53,36.0,NaN,98.515,76.0,NaN,98.515,43.0,NaN,98.495,98.47,98.46,98.455,98.44,98.44,98.43,98.42,NaN,NaN,NaN,NaN,NaN,NaN,NaN,NaN,NaN,NaN,NaN,NaN,NaN,NaN,NaN,NaN,NaN,NaN,NaN,NaN,NaN,NaN,NaN,NaN,NaN,NaN,NaN,NaN
2017-08-31,NaN,NaN,NaN,NaN,NaN,NaN,NaN,NaN,NaN,NaN,NaN,NaN,NaN,NaN,NaN,NaN,NaN,NaN,NaN,NaN,NaN,98.845,177527.0,7856.0,98.845,89424.0,9810.0,98.845,290365.0,6052.0,98.835,213815.0,4565.0,98.8,97470.0,6338.0,98.765,339780.0,31455.0,98.765,156474.0,9337.0,98.755,35414.0,4920.0,98.73,104453.0,15965.0,98.73,51916.0,6594.0,98.71,24133.0,912.0,98.695,50485.0,4857.0,98.685,26574.0,3561.0,98.69,25080.0,670.0,98.65,20192.0,817.0,98.645,15151.0,432.0,98.625,13441.0,445.0,98.595,48031.0,1111.0,98.6,7380.0,14.0,98.6,2060.0,NaN,98.58,5224.0,321.0,98.58,442.0,119.0,98.57,47.0,NaN,98.56,82.0,NaN,98.55,30.0,NaN,98.54,36.0,NaN,98.525,76.0,NaN,98.525,43.0,NaN,98.51,98.485,98.475,98.47,98.455,98.455,98.44,98.43,98.42,NaN,NaN,NaN,NaN,NaN,NaN,NaN,NaN,NaN,NaN,NaN,NaN,NaN,NaN,NaN,NaN,NaN,NaN,NaN,NaN,NaN,NaN,NaN,NaN,NaN,NaN,NaN
2017-09-01,NaN,NaN,NaN,NaN,NaN,NaN,NaN,NaN,NaN,NaN,NaN,NaN,NaN,NaN,NaN,NaN,NaN,NaN,NaN,NaN,NaN,NaN,NaN,NaN,98.845,85747.0,9047.0,98.845,288731.0,13583.0,98.835,215283.0,21177.0,98.795,95486.0,12321.0,98.755,342691.0,45212.0,98.755,158708.0,16102.0,98.74,35957.0,6085.0,98.715,108063.0,24014.0,98.715,53228.0,11849.0,98.69,24285.0,3632.0,98.67,50047.0,7536.0,98.67,26368.0,4299.0,98.675,25336.0,3999.0,98.63,20237.0,2248.0,98.625,15596.0,1126.0,98.605,13457.0,444.0,98.575,48870.0,3186.0,98.575,7380.0,382.0,98.575,2060.0,24.0,98.555,5453.0,286.0,98.55,466.0,123.0,98.54,47.0,NaN,98.525,82.0,NaN,98.52,30.0,NaN,98.515,36.0,NaN,98.5,76.0,NaN,98.5,43.0,NaN,98.48,98.455,98.445,98.44,98.43,98.43,98.415,98.4,98.4,NaN,NaN,NaN,NaN,NaN,NaN,NaN,NaN,NaN,NaN,NaN,NaN,NaN,NaN,NaN,NaN,NaN,NaN,NaN,NaN,NaN,NaN,NaN,NaN,NaN,NaN,NaN
2017-09-05,NaN,NaN,NaN,NaN,NaN,NaN,NaN,NaN,NaN,NaN,NaN,NaN,NaN,NaN,NaN,NaN,NaN,NaN,NaN,NaN,NaN,NaN,NaN,NaN,98.845,89388.0,7276.0,98.845,284127.0,22590.0,98.84,213447.0,23494.0,98.81,94602.0,14306.0,98.775,371624.0,61738.0,98.775,166113.0,17292.0,98.77,38254.0,9337.0,98.75,116783.0,27881.0,98.745,59742.0,20206.0,98.73,26409.0,7260.0,98.715,54096.0,11559.0,98.71,27828.0,4262.0,98.715,25704.0,2769.0,98.68,21390.0,2177.0,98.675,15588.0,1500.0,98.655,14217.0,1817.0,98.625,55616.0,12520.0,98.625,9036.0,6139.0,98.625,2187.0,247.0,98.615,5615.0,428.0,98.61,524.0,153.0,98.61,47.0,NaN,98.595,82.0,NaN,98.59,30.0,NaN,98.59,36.0,NaN,98.575,76.0,NaN,98.575,43.0,NaN,98.56,98.535,98.53,98.525,98.515,98.515,98.505,98.49,98.485,NaN,NaN,NaN,NaN,NaN,NaN,NaN,NaN,NaN,NaN,NaN,NaN,NaN,NaN,NaN,NaN,NaN,NaN,NaN,NaN,NaN,NaN,NaN,NaN,NaN,NaN,NaN
2017-09-06,NaN,NaN,NaN,NaN,NaN,NaN,NaN,NaN,NaN,NaN,NaN,NaN,NaN,NaN,NaN,NaN,NaN,NaN,NaN,NaN,NaN,NaN,NaN,NaN,98.845,89339.0,377.0,98.845,281067.0,12255.0,98.84,210455.0,22941.0,98.805,88359.0,32878.0,98.77,360981.0,106275.0,98.765,168394.0,54823.0,98.755,42746.0,13811.0,98.735,122018.0,27432.0,98.73,60573.0,11670.0,98.71,27531.0,4041.0,98.695,58871.0,12191.0,98.69,27825.0,982.0,98.695,25453.0,1031.0,98.655,22667.0,3277.0,98.65,15659.0,1173.0,98.63,14241.0,1116.0,98.6,56469.0,4615.0,98.6,8945.0,351.0,98.6,2272.0,135.0,98.585,5747.0,162.0,98.585,675.0,151.0,98.58,47.0,NaN,98.565,172.0,90.0,98.56,30.0,NaN,98.55,36.0,NaN,98.535,76.0,NaN,98.535,43.0,NaN,98.52,98.495,98.485,98.475,98.465,98.465,98.455,98.44,98.44,NaN,NaN,NaN,NaN,NaN,NaN,NaN,NaN,NaN,NaN,NaN,NaN,NaN,NaN,NaN,NaN,NaN,NaN,NaN,NaN,NaN,NaN,NaN,NaN,NaN,NaN,NaN
2017-09-07,NaN,NaN,NaN,NaN,NaN,NaN,NaN,NaN,NaN,NaN,NaN,NaN,NaN,NaN,NaN,NaN,NaN,NaN,NaN,NaN,NaN,NaN,NaN,NaN,98.845,89098.0,856.0,98.845,280971.0,8127.0,98.845,215003.0,20910.0,98.81,90513.0,15558.0,98.78,362682.0,92689.0,98.775,167140.0,48586.0,98.765,42468.0,5230.0,98.745,125163.0,17427.0,98.745,62708.0,9940.0,98.725,29619.0,6544.0,98.71,61390.0,7534.0,98.705,28192.0,1326.0,98.71,25932.0,1688.0,98.67,23402.0,1721.0,98.665,15749.0,527.0,98.645,14134.0,715.0,98.615,59143.0,4800.0,98.615,8999.0,325.0,98.62,2319.0,132.0,98.605,5815.0,118.0,98.605,738.0,201.0,98.6,47.0,NaN,98.59,172.0,NaN,98.59,30.0,NaN,98.58,12.0,24.0,98.57,52.0,24.0,98.57,43.0,NaN,98.55,98.53,98.52,98.51,98.5,98.5,98.49,98.48,98.475,NaN,NaN,NaN,NaN,NaN,NaN,NaN,NaN,NaN,NaN,NaN,NaN,NaN,NaN,NaN,NaN,NaN,NaN,NaN,NaN,NaN,NaN,NaN,NaN,NaN,NaN,NaN
2017-09-08,NaN,NaN,NaN,NaN,NaN,NaN,NaN,NaN,NaN,NaN,NaN,NaN,NaN,NaN,NaN,NaN,NaN,NaN,NaN,NaN,NaN,NaN,NaN,NaN,98.845,81673.0,14715.0,98.845,282700.0,20273.0,98.845,221134.0,37418.0,98.815,87910.0,29656.0,98.785,366709.0,79052.0,98.78,165019.0,20633.0,98.77,43308.0,7480.0,98.745,129567.0,25568.0,98.745,61857.0,7507.0,98.725,28858.0,6207.0,98.71,61957.0,10393.0,98.71,28906.0,3269.0,98.71,26564.0,1509.0,98.67,23435.0,1756.0,98.66,15937.0,1045.0,98.64,15341.0,2853.0,98.61,59016.0,858.0,98.61,8978.0,124.0,98.61,2326.0,18.0,98.595,5815.0,17.0,98.595,738.0,NaN,98.585,47.0,NaN,98.58,172.0,NaN,98.58,30.0,NaN,98.57,12.0,NaN,98.56,52.0,NaN,98.56,43.0,NaN,98.54,98.52,98.51,98.5,98.49,98.49,98.48,98.47,98.465,NaN,NaN,NaN,NaN,NaN,NaN,NaN,NaN,NaN,NaN,NaN,NaN,NaN,NaN,NaN,NaN,NaN,NaN,NaN,NaN,NaN,NaN,NaN,NaN,NaN,NaN,NaN
2017-09-11,NaN,NaN,NaN,NaN,NaN,NaN,NaN,NaN,NaN,NaN,NaN,NaN,NaN,NaN,NaN,NaN,NaN,NaN,NaN,NaN,NaN,NaN,NaN,NaN,98.845,81706.0,1414.0,98.845,284125.0,8076.0,98.845,221317.0,24916.0,98.8,87127.0,16009.0,98.76,381278.0,67674.0,98.755,166551.0,20411.0,98.745,43618.0,4342.0,98.715,128982.0,15939.0,98.715,63913.0,8171.0,98.695,28876.0,2489.0,98.675,62806.0,5653.0,98.675,28998.0,771.0,98.675,26103.0,1544.0,98.63,23804.0,2286.0,98.625,16029.0,452.0,98.6,14987.0,2132.0,98.565,60252.0,3828.0,98.57,9051.0,559.0,98.565,2386.0,176.0,98.55,5824.0,306.0,98.55,738.0,54.0,98.54,47.0,NaN,98.525,177.0,30.0,98.525,30.0,NaN,98.515,12.0,NaN,98.505,52.0,NaN,98.505,43.0,NaN,98.485,98.465,98.455,98.445,98.435,98.435,98.425,98.415,98.41,NaN,NaN,NaN,NaN,NaN,NaN,NaN,NaN,NaN,NaN,NaN,NaN,NaN,NaN,NaN,NaN,NaN,NaN,NaN,NaN,NaN,NaN,NaN,NaN,NaN,NaN,NaN
2017-09-12,NaN,NaN,NaN,NaN,NaN,NaN,NaN,NaN,NaN,NaN,NaN,NaN,NaN,NaN,NaN,NaN,NaN,NaN,NaN,NaN,NaN,NaN,NaN,NaN,98.845,81370.0,2136.0,98.845,283110.0,4166.0,98.845,225126.0,16274.0,98.795,88467.0,14853.0,98.755,378409.0,45814.0,98.75,164204.0,14206.0,98.735,43709.0,3483.0,98.705,130821.0,13841.0,98.705,62041.0,5583.0,98.68,28993.0,3168.0,98.655,62296.0,7205.0,98.655,29117.0,3972.0,98.66,26383.0,1800.0,98.615,23274.0,918.0,98.605,16054.0,135.0,98.585,14898.0,618.0,98.545,59666.0,1559.0,98.55,9067.0,149.0,98.545,2371.0,68.0,98.53,5878.0,126.0,98.525,760.0,78.0,98.515,52.0,5.0,98.5,183.0,6.0,98.495,30.0,NaN,98.48,12.0,NaN,98.465,52.0,NaN,98.46,43.0,NaN,98.435,98.42,98.405,98.39,98.38,98.38,98.365,98.35,98.345,NaN,NaN,NaN,NaN,NaN,NaN,NaN,NaN,NaN,NaN,NaN,NaN,NaN,NaN,NaN,NaN,NaN,NaN,NaN,NaN,NaN,NaN,NaN,NaN,NaN,NaN,NaN
2017-09-13,NaN,NaN,NaN,NaN,NaN,NaN,NaN,NaN,NaN,NaN,NaN,NaN,NaN,NaN,NaN,NaN,NaN,NaN,NaN,NaN,NaN,NaN,NaN,NaN,98.845,82131.0,1274.0,98.85,281973.0,6373.0,98.84,225210.0,11180.0,98.79,89822.0,16814.0,98.745,385454.0,34803.0,98.74,165557.0,14827.0,98.725,45982.0,8582.0,98.685,126501.0,12229.0,98.685,60147.0,6176.0,98.66,28966.0,2276.0,98.635,62773.0,8245.0,98.635,27920.0,2513.0,98.64,25286.0,1891.0,98.585,22878.0,2213.0,98.58,16246.0,644.0,98.56,14271.0,1292.0,98.52,58567.0,2216.0,98.525,9216.0,163.0,98.52,2368.0,9.0,98.5,5849.0,43.0,98.5,754.0,24.0,98.49,52.0,12.0,98.47,183.0,NaN,98.46,30.0,NaN,98.455,12.0,NaN,98.44,52.0,NaN,98.435,43.0,NaN,98.415,98.395,98.38,98.365,98.355,98.355,98.34,98.325,98.32,NaN,NaN,NaN,NaN,NaN,NaN,NaN,NaN,NaN,NaN,NaN,NaN,NaN,NaN,NaN,NaN,NaN,NaN,NaN,NaN,NaN,NaN,NaN,NaN,NaN,NaN,NaN
2017-09-14,NaN,NaN,NaN,NaN,NaN,NaN,NaN,NaN,NaN,NaN,NaN,NaN,NaN,NaN,NaN,NaN,NaN,NaN,NaN,NaN,NaN,NaN,NaN,NaN,98.845,82091.0,1019.0,98.85,279293.0,13813.0,98.84,218618.0,20647.0,98.78,91238.0,22307.0,98.73,380172.0,62073.0,98.72,162445.0,19495.0,98.705,43833.0,10116.0,98.665,122517.0,20649.0,98.665,58489.0,7074.0,98.635,28763.0,5921.0,98.61,63958.0,6143.0,98.61,27776.0,3470.0,98.615,24080.0,2487.0,98.56,23425.0,1827.0,98.555,16445.0,777.0,98.53,15798.0,3507.0,98.49,60943.0,8562.0,98.495,9537.0,538.0,98.49,2372.0,28.0,98.47,5873.0,63.0,98.465,754.0,NaN,98.455,52.0,NaN,98.445,183.0,NaN,98.435,30.0,NaN,98.425,12.0,NaN,98.415,52.0,NaN,98.405,43.0,NaN,98.385,98.365,98.35,98.335,98.325,98.32,98.31,98.295,98.295,NaN,NaN,NaN,NaN,NaN,NaN,NaN,NaN,NaN,NaN,NaN,NaN,NaN,NaN,NaN,NaN,NaN,NaN,NaN,NaN,NaN,NaN,NaN,NaN,NaN,NaN,NaN
2017-09-15,NaN,NaN,NaN,NaN,NaN,NaN,NaN,NaN,NaN,NaN,NaN,NaN,NaN,NaN,NaN,NaN,NaN,NaN,NaN,NaN,NaN,NaN,NaN,NaN,98.845,85878.0,13983.0,98.845,259749.0,61866.0,98.84,213027.0,55482.0,98.775,91865.0,10877.0,98.725,374293.0,52643.0,98.72,160099.0,11311.0,98.7,44228.0,7546.0,98.665,121231.0,9870.0,98.66,59331.0,10372.0,98.625,28140.0,3381.0,98.595,64899.0,13246.0,98.595,27285.0,1900.0,98.6,23827.0,3334.0,98.545,23303.0,1020.0,98.535,16575.0,1609.0,98.51,16030.0,2683.0,98.47,60509.0,1362.0,98.47,9457.0,204.0,98.465,2409.0,87.0,98.44,5920.0,199.0,98.44,770.0,26.0,98.43,52.0,NaN,98.42,183.0,NaN,98.41,30.0,NaN,98.4,12.0,NaN,98.39,52.0,NaN,98.38,43.0,NaN,98.36,98.34,98.33,98.315,98.305,98.305,98.29,98.28,98.275,NaN,NaN,NaN,NaN,NaN,NaN,NaN,NaN,NaN,NaN,NaN,NaN,NaN,NaN,NaN,NaN,NaN,NaN,NaN,NaN,NaN,NaN,NaN,NaN,NaN,NaN,NaN
2017-09-18,NaN,NaN,NaN,NaN,NaN,NaN,NaN,NaN,NaN,NaN,NaN,NaN,NaN,NaN,NaN,NaN,NaN,NaN,NaN,NaN,NaN,NaN,NaN,NaN,98.845,88642.0,12501.0,98.845,256705.0,7171.0,98.84,210257.0,7211.0,98.77,90107.0,10144.0,98.715,370847.0,55078.0,98.71,159988.0,10476.0,98.69,43408.0,4890.0,98.65,119573.0,14720.0,98.65,59422.0,7068.0,98.61,34750.0,14039.0,98.585,58703.0,12271.0,98.585,25807.0,4148.0,98.59,23899.0,1996.0,98.53,22653.0,2050.0,98.52,15994.0,1467.0,98.5,15630.0,1158.0,98.46,59682.0,3924.0,98.46,9523.0,213.0,98.455,2221.0,272.0,98.43,5857.0,282.0,98.43,791.0,261.0,98.425,52.0,NaN,98.415,183.0,NaN,98.405,30.0,NaN,98.395,12.0,NaN,98.38,52.0,NaN,98.37,43.0,NaN,98.355,98.335,98.32,98.31,98.295,98.295,98.285,98.27,98.26,NaN,NaN,NaN,NaN,NaN,NaN,NaN,NaN,NaN,NaN,NaN,NaN,NaN,NaN,NaN,NaN,NaN,NaN,NaN,NaN,NaN,NaN,NaN,NaN,NaN,NaN,NaN
2017-09-19,NaN,NaN,NaN,NaN,NaN,NaN,NaN,NaN,NaN,NaN,NaN,NaN,NaN,NaN,NaN,NaN,NaN,NaN,NaN,NaN,NaN,NaN,NaN,NaN,98.845,86997.0,4648.0,98.845,252660.0,14708.0,98.84,212011.0,14779.0,98.77,89202.0,6550.0,98.715,364669.0,36367.0,98.705,157541.0,17685.0,98.685,43253.0,4930.0,98.645,117619.0,7737.0,98.64,59914.0,8253.0,98.605,34303.0,3006.0,98.575,52459.0,12187.0,98.575,24878.0,2670.0,98.58,22982.0,1275.0,98.52,22713.0,1086.0,98.515,16025.0,795.0,98.49,15999.0,708.0,98.455,59916.0,2311.0,98.455,9505.0,169.0,98.45,2131.0,123.0,98.43,5916.0,106.0,98.425,849.0,182.0,98.41,105.0,57.0,98.395,147.0,37.0,98.39,30.0,NaN,98.385,12.0,NaN,98.37,52.0,NaN,98.365,43.0,NaN,98.345,98.325,98.31,98.295,98.28,98.285,98.28,98.265,98.255,NaN,NaN,NaN,NaN,NaN,NaN,NaN,NaN,NaN,NaN,NaN,NaN,NaN,NaN,NaN,NaN,NaN,NaN,NaN,NaN,NaN,NaN,NaN,NaN,NaN,NaN,NaN
2017-09-20,NaN,NaN,NaN,NaN,NaN,NaN,NaN,NaN,NaN,NaN,NaN,NaN,NaN,NaN,NaN,NaN,NaN,NaN,NaN,NaN,NaN,NaN,NaN,NaN,98.845,98116.0,21915.0,98.845,253125.0,58056.0,98.84,211244.0,62555.0,98.755,88250.0,28994.0,98.685,360845.0,120520.0,98.68,154526.0,20063.0,98.66,42565.0,7081.0,98.615,116763.0,37247.0,98.615,56165.0,16936.0,98.57,33815.0,5323.0,98.54,53304.0,9605.0,98.535,24403.0,3285.0,98.54,22203.0,2688.0,98.475,21553.0,3044.0,98.47,15920.0,1241.0,98.445,17060.0,2229.0,98.405,57275.0,6865.0,98.405,9213.0,944.0,98.4,2236.0,589.0,98.375,5807.0,398.0,98.375,749.0,264.0,98.365,71.0,35.0,98.345,117.0,30.0,98.34,30.0,NaN,98.33,12.0,NaN,98.32,52.0,NaN,98.31,43.0,NaN,98.295,98.27,98.255,98.245,98.225,98.24,98.225,98.21,98.2,NaN,NaN,NaN,NaN,NaN,NaN,NaN,NaN,NaN,NaN,NaN,NaN,NaN,NaN,NaN,NaN,NaN,NaN,NaN,NaN,NaN,NaN,NaN,NaN,NaN,NaN,NaN
2017-09-21,NaN,NaN,NaN,NaN,NaN,NaN,NaN,NaN,NaN,NaN,NaN,NaN,NaN,NaN,NaN,NaN,NaN,NaN,NaN,NaN,NaN,NaN,NaN,NaN,98.845,98253.0,341.0,98.845,251787.0,6004.0,98.84,207632.0,12668.0,98.745,87425.0,14557.0,98.67,356413.0,43394.0,98.665,152675.0,18832.0,98.64,41651.0,6369.0,98.6,117775.0,20510.0,98.59,54301.0,11059.0,98.55,33587.0,6605.0,98.515,54559.0,11700.0,98.515,23104.0,4220.0,98.52,21550.0,3308.0,98.46,22246.0,3803.0,98.45,15647.0,1360.0,98.425,17071.0,1592.0,98.385,57034.0,2913.0,98.385,9119.0,489.0,98.375,2183.0,317.0,98.35,5924.0,708.0,98.35,734.0,141.0,98.34,71.0,NaN,98.32,122.0,10.0,98.315,30.0,NaN,98.305,12.0,NaN,98.295,52.0,NaN,98.285,43.0,NaN,98.27,98.25,98.235,98.22,98.2,98.22,98.205,98.19,98.18,NaN,NaN,NaN,NaN,NaN,NaN,NaN,NaN,NaN,NaN,NaN,NaN,NaN,NaN,NaN,NaN,NaN,NaN,NaN,NaN,NaN,NaN,NaN,NaN,NaN,NaN,NaN
2017-09-22,NaN,NaN,NaN,NaN,NaN,NaN,NaN,NaN,NaN,NaN,NaN,NaN,NaN,NaN,NaN,NaN,NaN,NaN,NaN,NaN,NaN,NaN,NaN,NaN,98.845,97993.0,547.0,98.845,252235.0,34030.0,98.84,207013.0,4793.0,98.75,86442.0,5314.0,98.68,353378.0,19139.0,98.67,151797.0,5573.0,98.65,42428.0,3211.0,98.605,116820.0,5523.0,98.6,53378.0,2975.0,98.555,33744.0,1303.0,98.525,54099.0,3496.0,98.52,23255.0,995.0,98.525,21510.0,540.0,98.46,22037.0,2079.0,98.455,15647.0,758.0,98.43,16836.0,829.0,98.39,57303.0,1719.0,98.39,9130.0,176.0,98.38,2195.0,96.0,98.355,5921.0,661.0,98.355,794.0,228.0,98.345,71.0,NaN,98.33,122.0,NaN,98.325,30.0,NaN,98.315,12.0,NaN,98.305,52.0,NaN,98.295,43.0,NaN,98.28,98.255,98.245,98.235,98.22,98.225,98.215,98.205,98.195,NaN,NaN,NaN,NaN,NaN,NaN,NaN,NaN,NaN,NaN,NaN,NaN,NaN,NaN,NaN,NaN,NaN,NaN,NaN,NaN,NaN,NaN,NaN,NaN,NaN,NaN,NaN
2017-09-25,NaN,NaN,NaN,NaN,NaN,NaN,NaN,NaN,NaN,NaN,NaN,NaN,NaN,NaN,NaN,NaN,NaN,NaN,NaN,NaN,NaN,NaN,NaN,NaN,98.845,97954.0,596.0,98.845,234424.0,33099.0,98.845,206350.0,37761.0,98.76,85388.0,6152.0,98.69,345531.0,28705.0,98.685,151459.0,8388.0,98.665,42018.0,3050.0,98.615,119086.0,10702.0,98.61,53957.0,4584.0,98.57,34107.0,2198.0,98.54,55228.0,6224.0,98.535,23225.0,909.0,98.54,21598.0,1340.0,98.48,23381.0,4468.0,98.475,16035.0,1147.0,98.455,17204.0,1290.0,98.415,57894.0,1674.0,98.415,9202.0,173.0,98.41,2008.0,235.0,98.39,5844.0,278.0,98.385,828.0,174.0,98.38,82.0,40.0,98.365,137.0,15.0,98.36,30.0,NaN,98.345,12.0,NaN,98.335,52.0,NaN,98.33,43.0,NaN,98.315,98.295,98.285,98.28,98.26,98.275,98.265,98.25,98.245,NaN,NaN,NaN,NaN,NaN,NaN,NaN,NaN,NaN,NaN,NaN,NaN,NaN,NaN,NaN,NaN,NaN,NaN,NaN,NaN,NaN,NaN,NaN,NaN,NaN,NaN,NaN
2017-09-26,NaN,NaN,NaN,NaN,NaN,NaN,NaN,NaN,NaN,NaN,NaN,NaN,NaN,NaN,NaN,NaN,NaN,NaN,NaN,NaN,NaN,NaN,NaN,NaN,98.845,97746.0,621.0,98.845,235401.0,17501.0,98.845,206272.0,29860.0,98.75,84736.0,14559.0,98.675,340434.0,63321.0,98.665,152238.0,8990.0,98.645,41714.0,4855.0,98.6,119133.0,14546.0,98.595,54158.0,5174.0,98.555,34948.0,3936.0,98.52,55072.0,5383.0,98.52,23640.0,2807.0,98.525,21677.0,2157.0,98.47,24908.0,3349.0,98.46,16356.0,1763.0,98.435,17184.0,1606.0,98.4,58359.0,2520.0,98.4,9364.0,2693.0,98.395,2028.0,169.0,98.37,6026.0,528.0,98.37,876.0,148.0,98.365,82.0,NaN,98.35,137.0,NaN,98.345,30.0,NaN,98.33,12.0,NaN,98.325,52.0,NaN,98.315,43.0,NaN,98.3,98.28,98.27,98.26,98.25,98.255,98.245,98.235,98.225,NaN,NaN,NaN,NaN,NaN,NaN,NaN,NaN,NaN,NaN,NaN,NaN,NaN,NaN,NaN,NaN,NaN,NaN,NaN,NaN,NaN,NaN,NaN,NaN,NaN,NaN,NaN
2017-09-27,NaN,NaN,NaN,NaN,NaN,NaN,NaN,NaN,NaN,NaN,NaN,NaN,NaN,NaN,NaN,NaN,NaN,NaN,NaN,NaN,NaN,NaN,NaN,NaN,98.845,97626.0,1883.0,98.845,242492.0,10552.0,98.845,210740.0,16695.0,98.745,84027.0,8632.0,98.67,339658.0,14765.0,98.66,152869.0,6875.0,98.64,41717.0,2597.0,98.59,121160.0,12258.0,98.58,54294.0,9097.0,98.535,34117.0,3987.0,98.5,54589.0,7538.0,98.495,23818.0,4043.0,98.5,21481.0,1961.0,98.44,24352.0,1983.0,98.43,16402.0,499.0,98.405,17665.0,2250.0,98.37,57457.0,3091.0,98.37,9383.0,318.0,98.365,2081.0,346.0,98.34,5854.0,329.0,98.335,877.0,28.0,98.33,79.0,20.0,98.315,137.0,NaN,98.305,30.0,NaN,98.295,12.0,NaN,98.285,52.0,NaN,98.28,43.0,NaN,98.26,98.235,98.225,98.215,98.2,98.205,98.195,98.185,98.175,NaN,NaN,NaN,NaN,NaN,NaN,NaN,NaN,NaN,NaN,NaN,NaN,NaN,NaN,NaN,NaN,NaN,NaN,NaN,NaN,NaN,NaN,NaN,NaN,NaN,NaN,NaN
2017-09-28,NaN,NaN,NaN,NaN,NaN,NaN,NaN,NaN,NaN,NaN,NaN,NaN,NaN,NaN,NaN,NaN,NaN,NaN,NaN,NaN,NaN,NaN,NaN,NaN,98.845,97651.0,1686.0,98.845,242793.0,8307.0,98.845,212147.0,13511.0,98.75,86029.0,16762.0,98.68,321218.0,76671.0,98.67,149702.0,26707.0,98.65,39511.0,11045.0,98.6,123028.0,23281.0,98.595,54554.0,13653.0,98.55,34584.0,4998.0,98.515,52207.0,19305.0,98.51,24400.0,2945.0,98.52,21991.0,1710.0,98.46,24934.0,4187.0,98.455,17444.0,2050.0,98.43,17659.0,784.0,98.395,57874.0,3130.0,98.395,9965.0,753.0,98.385,2093.0,259.0,98.365,5821.0,149.0,98.365,899.0,27.0,98.355,88.0,13.0,98.335,137.0,1.0,98.33,30.0,NaN,98.315,12.0,NaN,98.305,52.0,NaN,98.295,43.0,NaN,98.28,98.255,98.24,98.23,98.215,98.22,98.205,98.195,98.185,NaN,NaN,NaN,NaN,NaN,NaN,NaN,NaN,NaN,NaN,NaN,NaN,NaN,NaN,NaN,NaN,NaN,NaN,NaN,NaN,NaN,NaN,NaN,NaN,NaN,NaN,NaN
2017-09-29,NaN,NaN,NaN,NaN,NaN,NaN,NaN,NaN,NaN,NaN,NaN,NaN,NaN,NaN,NaN,NaN,NaN,NaN,NaN,NaN,NaN,NaN,NaN,NaN,98.845,98407.0,875.0,98.845,242411.0,11511.0,98.84,211966.0,19446.0,98.75,86139.0,20344.0,98.68,323877.0,62566.0,98.67,149097.0,32165.0,98.645,38779.0,8126.0,98.595,123758.0,22530.0,98.585,53802.0,6659.0,98.54,35377.0,4486.0,98.505,53527.0,10563.0,98.5,24670.0,5263.0,98.505,21936.0,2700.0,98.44,25131.0,2920.0,98.435,17409.0,1748.0,98.41,17351.0,2372.0,98.37,57398.0,5134.0,98.365,10423.0,772.0,98.36,2084.0,68.0,98.335,5840.0,400.0,98.335,894.0,106.0,98.325,88.0,NaN,98.305,147.0,10.0,98.295,43.0,35.0,98.285,12.0,NaN,98.275,52.0,NaN,98.265,43.0,NaN,98.25,98.22,98.215,98.205,98.185,98.19,98.175,98.165,98.155,98.14,NaN,NaN,NaN,NaN,NaN,NaN,NaN,NaN,NaN,NaN,NaN,NaN,NaN,NaN,NaN,NaN,NaN,NaN,NaN,NaN,NaN,NaN,NaN,NaN,NaN,NaN
2017-10-02,NaN,NaN,NaN,NaN,NaN,NaN,NaN,NaN,NaN,NaN,NaN,NaN,NaN,NaN,NaN,NaN,NaN,NaN,NaN,NaN,NaN,NaN,NaN,NaN,NaN,NaN,NaN,98.845,241787.0,2071.0,98.84,210672.0,2360.0,98.75,84165.0,8576.0,98.675,321914.0,28880.0,98.665,149951.0,14771.0,98.64,38670.0,3471.0,98.59,124872.0,8114.0,98.58,54609.0,3508.0,98.535,35054.0,2007.0,98.5,54115.0,8762.0,98.495,24250.0,5750.0,98.5,21639.0,1219.0,98.43,24835.0,2261.0,98.425,16666.0,1780.0,98.4,16772.0,1007.0,98.355,57726.0,3062.0,98.355,10330.0,322.0,98.35,2204.0,269.0,98.325,5791.0,125.0,98.325,937.0,100.0,98.315,88.0,2.0,98.29,147.0,30.0,98.295,60.0,30.0,98.27,12.0,NaN,98.26,52.0,NaN,98.255,43.0,NaN,98.23,98.215,98.205,98.19,98.18,98.185,98.17,98.16,98.145,98.135,NaN,NaN,NaN,NaN,NaN,NaN,NaN,NaN,NaN,NaN,NaN,NaN,NaN,NaN,NaN,NaN,NaN,NaN,NaN,NaN,NaN,NaN,NaN,NaN,NaN,NaN
2017-10-03,NaN,NaN,NaN,NaN,NaN,NaN,NaN,NaN,NaN,NaN,NaN,NaN,NaN,NaN,NaN,NaN,NaN,NaN,NaN,NaN,NaN,NaN,NaN,NaN,NaN,NaN,NaN,98.845,241091.0,1304.0,98.845,211172.0,9706.0,98.75,87896.0,21071.0,98.675,320816.0,44012.0,98.665,146986.0,11426.0,98.64,39439.0,5577.0,98.585,125239.0,22668.0,98.575,55278.0,12159.0,98.535,30949.0,19617.0,98.5,54394.0,13957.0,98.495,24319.0,4048.0,98.5,22149.0,1881.0,98.43,26028.0,14318.0,98.425,18127.0,2779.0,98.4,17021.0,1251.0,98.36,59981.0,5344.0,98.36,10629.0,1166.0,98.355,2252.0,211.0,98.33,5812.0,426.0,98.33,1007.0,300.0,98.32,97.0,61.0,98.3,223.0,130.0,98.3,60.0,3.0,98.285,12.0,NaN,98.275,52.0,NaN,98.27,43.0,NaN,98.245,98.23,98.22,98.205,98.195,98.2,98.185,98.175,98.16,98.15,NaN,NaN,NaN,NaN,NaN,NaN,NaN,NaN,NaN,NaN,NaN,NaN,NaN,NaN,NaN,NaN,NaN,NaN,NaN,NaN,NaN,NaN,NaN,NaN,NaN,NaN
2017-10-04,NaN,NaN,NaN,NaN,NaN,NaN,NaN,NaN,NaN,NaN,NaN,NaN,NaN,NaN,NaN,NaN,NaN,NaN,NaN,NaN,NaN,NaN,NaN,NaN,NaN,NaN,NaN,98.845,240907.0,914.0,98.845,212208.0,9903.0,98.745,87047.0,11019.0,98.67,324645.0,30948.0,98.66,146292.0,7219.0,98.635,41060.0,5266.0,98.58,125314.0,16768.0,98.57,53975.0,7049.0,98.53,30741.0,3855.0,98.495,54601.0,5877.0,98.49,24461.0,1659.0,98.49,21793.0,1199.0,98.425,25169.0,2659.0,98.42,18012.0,906.0,98.395,17073.0,571.0,98.355,62398.0,5622.0,98.355,11100.0,1178.0,98.35,2357.0,407.0,98.325,6040.0,494.0,98.325,1008.0,79.0,98.315,106.0,9.0,98.295,273.0,75.0,98.295,40.0,25.0,98.28,12.0,NaN,98.27,52.0,NaN,98.26,43.0,NaN,98.245,98.225,98.215,98.205,98.185,98.195,98.185,98.17,98.155,98.145,NaN,NaN,NaN,NaN,NaN,NaN,NaN,NaN,NaN,NaN,NaN,NaN,NaN,NaN,NaN,NaN,NaN,NaN,NaN,NaN,NaN,NaN,NaN,NaN,NaN,NaN
2017-10-05,NaN,NaN,NaN,NaN,NaN,NaN,NaN,NaN,NaN,NaN,NaN,NaN,NaN,NaN,NaN,NaN,NaN,NaN,NaN,NaN,NaN,NaN,NaN,NaN,NaN,NaN,NaN,98.845,242223.0,4519.0,98.845,213363.0,6044.0,98.74,86077.0,13885.0,98.66,337185.0,44776.0,98.65,144531.0,10721.0,98.62,41813.0,8023.0,98.565,124124.0,14908.0,98.555,53720.0,6390.0,98.515,30468.0,2742.0,98.475,55396.0,5566.0,98.47,25686.0,2038.0,98.475,21460.0,611.0,98.405,24637.0,2950.0,98.4,17784.0,2088.0,98.375,18099.0,2542.0,98.335,62497.0,9212.0,98.335,10082.0,4798.0,98.325,2351.0,48.0,98.305,5930.0,239.0,98.3,1104.0,242.0,98.295,95.0,11.0,98.27,269.0,46.0,98.27,40.0,NaN,98.26,12.0,NaN,98.245,52.0,NaN,98.245,43.0,NaN,98.225,98.2,98.19,98.185,98.17,98.175,98.16,98.15,98.135,98.125,NaN,NaN,NaN,NaN,NaN,NaN,NaN,NaN,NaN,NaN,NaN,NaN,NaN,NaN,NaN,NaN,NaN,NaN,NaN,NaN,NaN,NaN,NaN,NaN,NaN,NaN
2017-10-06,NaN,NaN,NaN,NaN,NaN,NaN,NaN,NaN,NaN,NaN,NaN,NaN,NaN,NaN,NaN,NaN,NaN,NaN,NaN,NaN,NaN,NaN,NaN,NaN,NaN,NaN,NaN,98.845,243225.0,2002.0,98.845,214667.0,7353.0,98.735,88118.0,22480.0,98.65,344759.0,82288.0,98.64,142281.0,51402.0,98.61,45151.0,15392.0,98.545,123885.0,27943.0,98.535,54370.0,10435.0,98.495,30707.0,2227.0,98.46,56881.0,7561.0,98.455,27673.0,6602.0,98.455,21237.0,1759.0,98.39,22701.0,7102.0,98.385,17991.0,454.0,98.36,17803.0,1403.0,98.315,69388.0,14508.0,98.315,11398.0,3744.0,98.31,2385.0,356.0,98.28,5986.0,160.0,98.275,1077.0,150.0,98.27,91.0,9.0,98.245,264.0,5.0,98.245,40.0,NaN,98.23,12.0,NaN,98.22,52.0,NaN,98.21,43.0,NaN,98.195,98.17,98.16,98.15,98.135,98.14,98.125,98.12,98.105,98.095,NaN,NaN,NaN,NaN,NaN,NaN,NaN,NaN,NaN,NaN,NaN,NaN,NaN,NaN,NaN,NaN,NaN,NaN,NaN,NaN,NaN,NaN,NaN,NaN,NaN,NaN
2017-10-09,NaN,NaN,NaN,NaN,NaN,NaN,NaN,NaN,NaN,NaN,NaN,NaN,NaN,NaN,NaN,NaN,NaN,NaN,NaN,NaN,NaN,NaN,NaN,NaN,NaN,NaN,NaN,98.845,243225.0,NaN,98.845,214579.0,2587.0,98.735,89985.0,4771.0,98.65,345732.0,13684.0,98.64,141073.0,2354.0,98.61,45165.0,566.0,98.545,125407.0,2366.0,98.535,54419.0,322.0,98.495,30709.0,139.0,98.46,56864.0,584.0,98.455,27666.0,103.0,98.455,21271.0,35.0,98.39,22717.0,183.0,98.385,17991.0,129.0,98.36,17791.0,78.0,98.315,69036.0,528.0,98.315,11401.0,9.0,98.31,2385.0,NaN,98.28,5986.0,NaN,98.275,1029.0,48.0,98.27,91.0,NaN,98.245,264.0,NaN,98.24,40.0,NaN,98.225,12.0,NaN,98.215,52.0,NaN,98.205,43.0,NaN,98.19,98.165,98.155,98.145,98.13,98.135,98.12,98.115,98.1,98.09,NaN,NaN,NaN,NaN,NaN,NaN,NaN,NaN,NaN,NaN,NaN,NaN,NaN,NaN,NaN,NaN,NaN,NaN,NaN,NaN,NaN,NaN,NaN,NaN,NaN,NaN
2017-10-10,NaN,NaN,NaN,NaN,NaN,NaN,NaN,NaN,NaN,NaN,NaN,NaN,NaN,NaN,NaN,NaN,NaN,NaN,NaN,NaN,NaN,NaN,NaN,NaN,NaN,NaN,NaN,98.845,243122.0,1494.0,98.845,214186.0,2356.0,98.735,90145.0,5199.0,98.65,343905.0,36947.0,98.64,138397.0,17762.0,98.61,45850.0,4510.0,98.545,126214.0,12188.0,98.535,56309.0,10049.0,98.5,32181.0,4838.0,98.465,57060.0,5344.0,98.455,28469.0,2470.0,98.46,21345.0,720.0,98.4,22967.0,1359.0,98.395,18018.0,235.0,98.37,17936.0,439.0,98.33,68838.0,1560.0,98.33,11566.0,301.0,98.325,2384.0,114.0,98.3,6117.0,189.0,98.295,989.0,151.0,98.285,91.0,NaN,98.265,264.0,NaN,98.26,40.0,NaN,98.25,12.0,NaN,98.24,52.0,NaN,98.235,43.0,NaN,98.22,98.195,98.19,98.18,98.165,98.17,98.16,98.15,98.14,98.13,NaN,NaN,NaN,NaN,NaN,NaN,NaN,NaN,NaN,NaN,NaN,NaN,NaN,NaN,NaN,NaN,NaN,NaN,NaN,NaN,NaN,NaN,NaN,NaN,NaN,NaN
2017-10-11,NaN,NaN,NaN,NaN,NaN,NaN,NaN,NaN,NaN,NaN,NaN,NaN,NaN,NaN,NaN,NaN,NaN,NaN,NaN,NaN,NaN,NaN,NaN,NaN,NaN,NaN,NaN,98.845,243065.0,420.0,98.845,213737.0,6405.0,98.735,90228.0,2658.0,98.655,348263.0,42422.0,98.64,133286.0,18637.0,98.61,44539.0,4219.0,98.545,126712.0,17270.0,98.535,56328.0,7451.0,98.5,31752.0,1497.0,98.465,60642.0,12790.0,98.455,30798.0,12249.0,98.46,21357.0,786.0,98.395,25248.0,5783.0,98.385,17512.0,2831.0,98.36,17909.0,695.0,98.32,69046.0,2418.0,98.32,11786.0,1406.0,98.315,2330.0,92.0,98.285,6010.0,172.0,98.285,972.0,93.0,98.285,110.0,37.0,98.26,264.0,NaN,98.26,40.0,NaN,98.245,12.0,NaN,98.235,52.0,NaN,98.23,43.0,NaN,98.215,98.19,98.185,98.175,98.16,98.165,98.155,98.15,98.14,98.13,NaN,NaN,NaN,NaN,NaN,NaN,NaN,NaN,NaN,NaN,NaN,NaN,NaN,NaN,NaN,NaN,NaN,NaN,NaN,NaN,NaN,NaN,NaN,NaN,NaN,NaN
2017-10-12,NaN,NaN,NaN,NaN,NaN,NaN,NaN,NaN,NaN,NaN,NaN,NaN,NaN,NaN,NaN,NaN,NaN,NaN,NaN,NaN,NaN,NaN,NaN,NaN,NaN,NaN,NaN,98.845,243182.0,3971.0,98.845,213550.0,1774.0,98.735,89531.0,5444.0,98.655,346793.0,17891.0,98.64,130413.0,10409.0,98.61,46040.0,5540.0,98.545,126409.0,6492.0,98.535,58104.0,8070.0,98.495,32404.0,2384.0,98.465,64276.0,11126.0,98.455,31797.0,5772.0,98.455,20439.0,5860.0,98.395,25125.0,2400.0,98.385,16877.0,1205.0,98.365,19149.0,1800.0,98.325,68980.0,2925.0,98.325,12220.0,1210.0,98.315,2328.0,758.0,98.29,6000.0,530.0,98.29,1088.0,372.0,98.285,103.0,25.0,98.26,259.0,42.0,98.26,40.0,NaN,98.245,85.0,75.0,98.235,41.0,25.0,98.23,43.0,NaN,98.215,98.19,98.19,98.18,98.165,98.17,98.16,98.155,98.14,98.135,NaN,NaN,NaN,NaN,NaN,NaN,NaN,NaN,NaN,NaN,NaN,NaN,NaN,NaN,NaN,NaN,NaN,NaN,NaN,NaN,NaN,NaN,NaN,NaN,NaN,NaN
2017-10-13,NaN,NaN,NaN,NaN,NaN,NaN,NaN,NaN,NaN,NaN,NaN,NaN,NaN,NaN,NaN,NaN,NaN,NaN,NaN,NaN,NaN,NaN,NaN,NaN,NaN,NaN,NaN,98.845,233843.0,14839.0,98.845,211772.0,18794.0,98.74,89815.0,7695.0,98.66,353743.0,85161.0,98.645,128556.0,19859.0,98.62,48469.0,8128.0,98.555,125455.0,22211.0,98.54,59805.0,9695.0,98.5,33553.0,5170.0,98.47,65524.0,10253.0,98.46,32691.0,3842.0,98.465,20384.0,3237.0,98.405,25309.0,2874.0,98.4,16047.0,2219.0,98.38,18578.0,2648.0,98.345,67905.0,4809.0,98.34,12173.0,309.0,98.335,2415.0,247.0,98.31,5927.0,289.0,98.31,1002.0,222.0,98.3,112.0,10.0,98.28,256.0,28.0,98.28,40.0,9.0,98.265,85.0,NaN,98.26,41.0,NaN,98.26,43.0,NaN,98.245,98.22,98.215,98.21,98.2,98.205,98.195,98.19,98.18,98.175,NaN,NaN,NaN,NaN,NaN,NaN,NaN,NaN,NaN,NaN,NaN,NaN,NaN,NaN,NaN,NaN,NaN,NaN,NaN,NaN,NaN,NaN,NaN,NaN,NaN,NaN
2017-10-16,NaN,NaN,NaN,NaN,NaN,NaN,NaN,NaN,NaN,NaN,NaN,NaN,NaN,NaN,NaN,NaN,NaN,NaN,NaN,NaN,NaN,NaN,NaN,NaN,NaN,NaN,NaN,98.845,234155.0,1035.0,98.845,208929.0,5210.0,98.735,90115.0,7590.0,98.65,353306.0,34968.0,98.635,126644.0,9111.0,98.6,48320.0,4720.0,98.53,122745.0,12862.0,98.515,58646.0,11247.0,98.47,33302.0,4462.0,98.43,63862.0,14078.0,98.42,32931.0,6456.0,98.42,19882.0,1199.0,98.35,25366.0,5559.0,98.345,17001.0,5729.0,98.32,18710.0,1676.0,98.28,67561.0,10054.0,98.275,12111.0,2844.0,98.27,2461.0,219.0,98.245,5473.0,979.0,98.24,925.0,358.0,98.235,121.0,9.0,98.21,300.0,50.0,98.21,46.0,14.0,98.195,85.0,NaN,98.19,41.0,NaN,98.185,43.0,NaN,98.17,98.15,98.145,98.14,98.13,98.135,98.125,98.12,98.11,98.105,NaN,NaN,NaN,NaN,NaN,NaN,NaN,NaN,NaN,NaN,NaN,NaN,NaN,NaN,NaN,NaN,NaN,NaN,NaN,NaN,NaN,NaN,NaN,NaN,NaN,NaN
2017-10-17,NaN,NaN,NaN,NaN,NaN,NaN,NaN,NaN,NaN,NaN,NaN,NaN,NaN,NaN,NaN,NaN,NaN,NaN,NaN,NaN,NaN,NaN,NaN,NaN,NaN,NaN,NaN,98.845,233096.0,2716.0,98.845,208487.0,4314.0,98.73,88776.0,8945.0,98.645,352314.0,55688.0,98.63,119479.0,33904.0,98.6,48543.0,14921.0,98.53,116614.0,27062.0,98.515,53779.0,18174.0,98.465,32418.0,4468.0,98.43,65241.0,10401.0,98.415,33352.0,3253.0,98.42,19732.0,1200.0,98.35,25577.0,4244.0,98.34,17063.0,1414.0,98.315,18483.0,922.0,98.28,64402.0,7834.0,98.27,12339.0,1930.0,98.26,2539.0,552.0,98.235,4167.0,1859.0,98.23,734.0,596.0,98.22,121.0,NaN,98.2,306.0,14.0,98.195,44.0,5.0,98.185,85.0,NaN,98.175,41.0,NaN,98.17,43.0,NaN,98.155,98.135,98.13,98.125,98.115,98.12,98.11,98.11,98.1,98.1,NaN,NaN,NaN,NaN,NaN,NaN,NaN,NaN,NaN,NaN,NaN,NaN,NaN,NaN,NaN,NaN,NaN,NaN,NaN,NaN,NaN,NaN,NaN,NaN,NaN,NaN
2017-10-18,NaN,NaN,NaN,NaN,NaN,NaN,NaN,NaN,NaN,NaN,NaN,NaN,NaN,NaN,NaN,NaN,NaN,NaN,NaN,NaN,NaN,NaN,NaN,NaN,NaN,NaN,NaN,98.845,232254.0,1022.0,98.845,209590.0,4380.0,98.73,91153.0,7288.0,98.645,358758.0,25215.0,98.63,117284.0,14924.0,98.595,47597.0,12302.0,98.525,118446.0,13174.0,98.51,53435.0,8148.0,98.46,31714.0,5891.0,98.425,66072.0,12785.0,98.41,33891.0,3937.0,98.415,19545.0,669.0,98.345,27042.0,4364.0,98.335,17107.0,2708.0,98.31,18277.0,818.0,98.275,59079.0,13498.0,98.265,12382.0,446.0,98.255,2447.0,109.0,98.225,3766.0,1105.0,98.22,866.0,185.0,98.21,135.0,24.0,98.18,306.0,NaN,98.175,44.0,NaN,98.165,85.0,NaN,98.16,41.0,NaN,98.15,43.0,NaN,98.135,98.105,98.1,98.095,98.085,98.09,98.085,98.065,98.06,98.06,NaN,NaN,NaN,NaN,NaN,NaN,NaN,NaN,NaN,NaN,NaN,NaN,NaN,NaN,NaN,NaN,NaN,NaN,NaN,NaN,NaN,NaN,NaN,NaN,NaN,NaN
2017-10-19,NaN,NaN,NaN,NaN,NaN,NaN,NaN,NaN,NaN,NaN,NaN,NaN,NaN,NaN,NaN,NaN,NaN,NaN,NaN,NaN,NaN,NaN,NaN,NaN,NaN,NaN,NaN,98.845,232928.0,1163.0,98.84,209424.0,2432.0,98.735,90908.0,3614.0,98.65,359184.0,13157.0,98.635,120014.0,13425.0,98.6,48721.0,5953.0,98.53,118231.0,10642.0,98.52,52626.0,6188.0,98.475,33281.0,6013.0,98.44,67557.0,6551.0,98.425,35055.0,4925.0,98.43,19651.0,3484.0,98.36,28054.0,2779.0,98.355,16934.0,834.0,98.335,18423.0,1255.0,98.295,59313.0,2230.0,98.285,12317.0,133.0,98.275,2452.0,122.0,98.245,3821.0,204.0,98.24,869.0,82.0,98.23,141.0,11.0,98.2,306.0,24.0,98.195,44.0,NaN,98.18,85.0,NaN,98.17,41.0,NaN,98.16,43.0,NaN,98.145,98.12,98.115,98.11,98.1,98.105,98.095,98.075,98.07,98.07,NaN,NaN,NaN,NaN,NaN,NaN,NaN,NaN,NaN,NaN,NaN,NaN,NaN,NaN,NaN,NaN,NaN,NaN,NaN,NaN,NaN,NaN,NaN,NaN,NaN,NaN
2017-10-20,NaN,NaN,NaN,NaN,NaN,NaN,NaN,NaN,NaN,NaN,NaN,NaN,NaN,NaN,NaN,NaN,NaN,NaN,NaN,NaN,NaN,NaN,NaN,NaN,NaN,NaN,NaN,98.845,233238.0,629.0,98.84,207922.0,3771.0,98.73,91216.0,4151.0,98.64,354158.0,32830.0,98.625,121620.0,8676.0,98.59,52173.0,8921.0,98.525,117769.0,13085.0,98.51,52064.0,7143.0,98.465,31674.0,3460.0,98.425,68126.0,8302.0,98.415,43706.0,17686.0,98.415,24622.0,19830.0,98.345,30985.0,6436.0,98.34,17405.0,2067.0,98.315,17556.0,2199.0,98.275,58110.0,9312.0,98.265,12328.0,190.0,98.255,2514.0,88.0,98.22,3918.0,185.0,98.215,886.0,240.0,98.205,153.0,12.0,98.175,318.0,40.0,98.165,44.0,NaN,98.155,85.0,NaN,98.14,41.0,NaN,98.13,43.0,NaN,98.115,98.09,98.085,98.075,98.06,98.065,98.055,98.04,98.035,98.03,NaN,NaN,NaN,NaN,NaN,NaN,NaN,NaN,NaN,NaN,NaN,NaN,NaN,NaN,NaN,NaN,NaN,NaN,NaN,NaN,NaN,NaN,NaN,NaN,NaN,NaN
2017-10-23,NaN,NaN,NaN,NaN,NaN,NaN,NaN,NaN,NaN,NaN,NaN,NaN,NaN,NaN,NaN,NaN,NaN,NaN,NaN,NaN,NaN,NaN,NaN,NaN,NaN,NaN,NaN,98.845,233300.0,144.0,98.84,208367.0,2060.0,98.725,105437.0,33891.0,98.635,347328.0,42321.0,98.625,123172.0,11279.0,98.59,50576.0,3996.0,98.525,117104.0,3985.0,98.51,52333.0,2757.0,98.465,32125.0,1154.0,98.43,70156.0,5348.0,98.42,44452.0,1297.0,98.42,24360.0,1755.0,98.355,31535.0,2328.0,98.345,16762.0,922.0,98.32,17205.0,775.0,98.28,59807.0,6020.0,98.275,12894.0,749.0,98.265,2496.0,91.0,98.23,3873.0,167.0,98.225,903.0,44.0,98.21,162.0,9.0,98.18,318.0,NaN,98.175,44.0,NaN,98.16,85.0,NaN,98.15,41.0,NaN,98.14,43.0,NaN,98.125,98.1,98.095,98.085,98.07,98.075,98.065,98.05,98.045,98.04,NaN,NaN,NaN,NaN,NaN,NaN,NaN,NaN,NaN,NaN,NaN,NaN,NaN,NaN,NaN,NaN,NaN,NaN,NaN,NaN,NaN,NaN,NaN,NaN,NaN,NaN
2017-10-24,NaN,NaN,NaN,NaN,NaN,NaN,NaN,NaN,NaN,NaN,NaN,NaN,NaN,NaN,NaN,NaN,NaN,NaN,NaN,NaN,NaN,NaN,NaN,NaN,NaN,NaN,NaN,98.845,233756.0,996.0,98.84,207444.0,3109.0,98.725,105529.0,9949.0,98.635,347651.0,12726.0,98.62,122667.0,11386.0,98.59,50484.0,5465.0,98.525,117561.0,6668.0,98.51,52426.0,4439.0,98.465,32632.0,2581.0,98.43,71714.0,11046.0,98.42,45241.0,9207.0,98.42,24994.0,2301.0,98.355,33892.0,5437.0,98.345,17582.0,3153.0,98.32,18012.0,1156.0,98.28,59685.0,2043.0,98.275,13017.0,200.0,98.265,2534.0,150.0,98.23,3813.0,84.0,98.225,927.0,24.0,98.21,162.0,NaN,98.18,318.0,NaN,98.175,44.0,NaN,98.16,85.0,NaN,98.145,41.0,NaN,98.135,43.0,NaN,98.12,98.095,98.09,98.075,98.06,98.065,98.055,98.035,98.03,98.025,NaN,NaN,NaN,NaN,NaN,NaN,NaN,NaN,NaN,NaN,NaN,NaN,NaN,NaN,NaN,NaN,NaN,NaN,NaN,NaN,NaN,NaN,NaN,NaN,NaN,NaN
2017-10-25,NaN,NaN,NaN,NaN,NaN,NaN,NaN,NaN,NaN,NaN,NaN,NaN,NaN,NaN,NaN,NaN,NaN,NaN,NaN,NaN,NaN,NaN,NaN,NaN,NaN,NaN,NaN,98.845,233573.0,660.0,98.84,207477.0,3116.0,98.725,112372.0,12711.0,98.635,349028.0,22962.0,98.62,119322.0,12000.0,98.59,50268.0,4970.0,98.515,117811.0,10371.0,98.505,51713.0,7370.0,98.455,32233.0,4181.0,98.42,71928.0,11136.0,98.405,45475.0,2557.0,98.41,24752.0,852.0,98.34,34438.0,3911.0,98.33,17798.0,1590.0,98.305,17111.0,3051.0,98.265,57083.0,9063.0,98.255,13030.0,429.0,98.24,2585.0,99.0,98.205,3427.0,735.0,98.2,923.0,342.0,98.18,103.0,103.0,98.155,327.0,78.0,98.145,64.0,48.0,98.13,85.0,NaN,98.115,26.0,36.0,98.11,43.0,36.0,98.09,98.065,98.06,98.045,98.025,98.03,98.02,98.0,97.995,97.99,NaN,NaN,NaN,NaN,NaN,NaN,NaN,NaN,NaN,NaN,NaN,NaN,NaN,NaN,NaN,NaN,NaN,NaN,NaN,NaN,NaN,NaN,NaN,NaN,NaN,NaN
2017-10-26,NaN,NaN,NaN,NaN,NaN,NaN,NaN,NaN,NaN,NaN,NaN,NaN,NaN,NaN,NaN,NaN,NaN,NaN,NaN,NaN,NaN,NaN,NaN,NaN,NaN,NaN,NaN,98.845,233855.0,1949.0,98.84,210175.0,10423.0,98.725,111600.0,6128.0,98.63,346627.0,36267.0,98.62,120238.0,7244.0,98.585,52017.0,8864.0,98.51,117446.0,18905.0,98.495,55416.0,15709.0,98.45,32318.0,3665.0,98.41,75890.0,22805.0,98.395,46355.0,5400.0,98.395,24757.0,3154.0,98.33,35293.0,4851.0,98.315,17869.0,2539.0,98.29,16516.0,2758.0,98.25,58011.0,5280.0,98.24,13083.0,181.0,98.23,2572.0,137.0,98.19,3405.0,84.0,98.185,910.0,15.0,98.165,131.0,64.0,98.14,327.0,NaN,98.13,64.0,NaN,98.115,85.0,NaN,98.1,35.0,14.0,98.09,50.0,14.0,98.075,98.045,98.04,98.02,98.005,98.01,98.0,97.985,97.98,97.975,NaN,NaN,NaN,NaN,NaN,NaN,NaN,NaN,NaN,NaN,NaN,NaN,NaN,NaN,NaN,NaN,NaN,NaN,NaN,NaN,NaN,NaN,NaN,NaN,NaN,NaN
2017-10-27,NaN,NaN,NaN,NaN,NaN,NaN,NaN,NaN,NaN,NaN,NaN,NaN,NaN,NaN,NaN,NaN,NaN,NaN,NaN,NaN,NaN,NaN,NaN,NaN,NaN,NaN,NaN,98.845,231638.0,5929.0,98.84,212466.0,5117.0,98.725,111797.0,5056.0,98.63,344279.0,32350.0,98.62,113777.0,14900.0,98.585,51044.0,3740.0,98.515,116410.0,21765.0,98.5,57248.0,10141.0,98.455,31533.0,7515.0,98.42,77955.0,11465.0,98.405,45933.0,5590.0,98.41,24845.0,1240.0,98.345,36150.0,6769.0,98.335,18320.0,1536.0,98.31,16469.0,1336.0,98.27,57836.0,2489.0,98.26,13154.0,235.0,98.25,2597.0,100.0,98.21,3383.0,223.0,98.205,917.0,76.0,98.185,171.0,40.0,98.16,366.0,75.0,98.155,64.0,NaN,98.14,85.0,NaN,98.115,35.0,50.0,98.105,50.0,NaN,98.085,98.05,98.045,98.025,98.01,98.015,98.005,97.99,97.985,97.975,NaN,NaN,NaN,NaN,NaN,NaN,NaN,NaN,NaN,NaN,NaN,NaN,NaN,NaN,NaN,NaN,NaN,NaN,NaN,NaN,NaN,NaN,NaN,NaN,NaN,NaN
2017-10-30,NaN,NaN,NaN,NaN,NaN,NaN,NaN,NaN,NaN,NaN,NaN,NaN,NaN,NaN,NaN,NaN,NaN,NaN,NaN,NaN,NaN,NaN,NaN,NaN,NaN,NaN,NaN,98.845,231699.0,2114.0,98.8425,217256.0,20033.0,98.725,111803.0,5556.0,98.635,347464.0,19295.0,98.625,114961.0,5566.0,98.59,51131.0,3091.0,98.515,116838.0,11144.0,98.505,58612.0,5348.0,98.465,32111.0,2602.0,98.435,78934.0,4806.0,98.42,45436.0,2592.0,98.42,24955.0,572.0,98.36,37060.0,3651.0,98.35,18493.0,2927.0,98.33,16585.0,1138.0,98.295,57733.0,6547.0,98.285,13147.0,422.0,98.275,2653.0,91.0,98.245,3254.0,338.0,98.24,903.0,91.0,98.22,171.0,NaN,98.195,367.0,2.0,98.19,64.0,NaN,98.18,85.0,NaN,98.165,35.0,2.0,98.16,50.0,NaN,98.14,98.12,98.115,98.105,98.09,98.095,98.085,98.07,98.065,98.06,NaN,NaN,NaN,NaN,NaN,NaN,NaN,NaN,NaN,NaN,NaN,NaN,NaN,NaN,NaN,NaN,NaN,NaN,NaN,NaN,NaN,NaN,NaN,NaN,NaN,NaN
2017-10-31,NaN,NaN,NaN,NaN,NaN,NaN,NaN,NaN,NaN,NaN,NaN,NaN,NaN,NaN,NaN,NaN,NaN,NaN,NaN,NaN,NaN,NaN,NaN,NaN,NaN,NaN,NaN,98.845,230948.0,2156.0,98.8425,214394.0,9166.0,98.725,111857.0,3988.0,98.63,352737.0,21996.0,98.62,114959.0,6626.0,98.585,51294.0,9883.0,98.505,118269.0,20750.0,98.495,57187.0,7571.0,98.455,31961.0,1999.0,98.425,77960.0,6529.0,98.41,45505.0,1446.0,98.415,25376.0,1793.0,98.35,37183.0,2233.0,98.345,18433.0,1173.0,98.325,16662.0,989.0,98.285,58313.0,2409.0,98.275,13203.0,281.0,98.27,2651.0,133.0,98.24,3260.0,155.0,98.235,937.0,130.0,98.22,188.0,65.0,98.195,367.0,20.0,98.19,64.0,NaN,98.18,85.0,NaN,98.165,35.0,NaN,98.155,50.0,NaN,98.14,98.115,98.11,98.1,98.09,98.09,98.08,98.065,98.06,98.055,98.045,NaN,NaN,NaN,NaN,NaN,NaN,NaN,NaN,NaN,NaN,NaN,NaN,NaN,NaN,NaN,NaN,NaN,NaN,NaN,NaN,NaN,NaN,NaN,NaN,NaN
2017-11-01,NaN,NaN,NaN,NaN,NaN,NaN,NaN,NaN,NaN,NaN,NaN,NaN,NaN,NaN,NaN,NaN,NaN,NaN,NaN,NaN,NaN,NaN,NaN,NaN,NaN,NaN,NaN,NaN,NaN,NaN,98.8425,212829.0,14574.0,98.725,113047.0,9569.0,98.63,355393.0,19197.0,98.62,116087.0,13442.0,98.585,47045.0,18983.0,98.505,114611.0,21544.0,98.485,52789.0,14933.0,98.44,32222.0,3939.0,98.4,78068.0,11385.0,98.385,46346.0,7209.0,98.39,25645.0,1674.0,98.325,38525.0,11734.0,98.32,20725.0,5113.0,98.3,16556.0,2162.0,98.26,59607.0,5603.0,98.255,13416.0,1662.0,98.25,2867.0,1060.0,98.22,3419.0,694.0,98.215,936.0,154.0,98.205,204.0,77.0,98.18,367.0,NaN,98.175,64.0,NaN,98.165,85.0,25.0,98.155,60.0,25.0,98.145,50.0,NaN,98.13,98.105,98.1,98.09,98.075,98.08,98.07,98.05,98.05,98.04,98.01,NaN,NaN,NaN,NaN,NaN,NaN,NaN,NaN,NaN,NaN,NaN,NaN,NaN,NaN,NaN,NaN,NaN,NaN,NaN,NaN,NaN,NaN,NaN,NaN,NaN
2017-11-02,NaN,NaN,NaN,NaN,NaN,NaN,NaN,NaN,NaN,NaN,NaN,NaN,NaN,NaN,NaN,NaN,NaN,NaN,NaN,NaN,NaN,NaN,NaN,NaN,NaN,NaN,NaN,NaN,NaN,NaN,98.8425,211735.0,1397.0,98.725,113129.0,3511.0,98.63,354379.0,20369.0,98.62,116483.0,7521.0,98.585,45491.0,7094.0,98.51,114181.0,16536.0,98.495,51909.0,7880.0,98.45,32577.0,3540.0,98.415,78397.0,7965.0,98.4,47088.0,4082.0,98.405,26139.0,2034.0,98.345,35332.0,3611.0,98.335,20945.0,2019.0,98.315,16673.0,792.0,98.285,60396.0,2811.0,98.28,13409.0,591.0,98.27,2865.0,113.0,98.24,3437.0,309.0,98.235,945.0,165.0,98.22,236.0,36.0,98.195,364.0,3.0,98.195,64.0,NaN,98.18,85.0,NaN,98.165,60.0,NaN,98.16,50.0,NaN,98.145,98.115,98.115,98.11,98.095,98.1,98.09,98.075,98.075,98.065,98.035,NaN,NaN,NaN,NaN,NaN,NaN,NaN,NaN,NaN,NaN,NaN,NaN,NaN,NaN,NaN,NaN,NaN,NaN,NaN,NaN,NaN,NaN,NaN,NaN,NaN
2017-11-03,NaN,NaN,NaN,NaN,NaN,NaN,NaN,NaN,NaN,NaN,NaN,NaN,NaN,NaN,NaN,NaN,NaN,NaN,NaN,NaN,NaN,NaN,NaN,NaN,NaN,NaN,NaN,NaN,NaN,NaN,98.8425,211883.0,2479.0,98.72,113460.0,9543.0,98.62,354635.0,61804.0,98.61,116728.0,21742.0,98.575,44992.0,12907.0,98.495,117574.0,25413.0,98.48,54325.0,12362.0,98.44,32461.0,3140.0,98.4,79683.0,13058.0,98.39,48343.0,5141.0,98.395,26126.0,1583.0,98.335,38801.0,12145.0,98.325,22770.0,7294.0,98.305,16758.0,956.0,98.27,62953.0,8582.0,98.265,13642.0,899.0,98.255,2987.0,518.0,98.23,3604.0,753.0,98.225,1024.0,332.0,98.215,240.0,24.0,98.185,725.0,584.0,98.185,67.0,26.0,98.17,85.0,NaN,98.155,80.0,20.0,98.155,50.0,NaN,98.135,98.1,98.1,98.1,98.09,98.095,98.085,98.07,98.07,98.06,98.035,NaN,NaN,NaN,NaN,NaN,NaN,NaN,NaN,NaN,NaN,NaN,NaN,NaN,NaN,NaN,NaN,NaN,NaN,NaN,NaN,NaN,NaN,NaN,NaN,NaN
2017-11-06,NaN,NaN,NaN,NaN,NaN,NaN,NaN,NaN,NaN,NaN,NaN,NaN,NaN,NaN,NaN,NaN,NaN,NaN,NaN,NaN,NaN,NaN,NaN,NaN,NaN,NaN,NaN,NaN,NaN,NaN,98.8425,212214.0,1074.0,98.72,114821.0,4185.0,98.62,352351.0,11661.0,98.615,116856.0,4559.0,98.575,45392.0,8604.0,98.5,116242.0,11071.0,98.485,51846.0,10198.0,98.445,32473.0,3671.0,98.41,78603.0,11327.0,98.4,49252.0,2998.0,98.4,27545.0,3706.0,98.345,42747.0,7516.0,98.335,22832.0,2605.0,98.315,17253.0,2590.0,98.285,66032.0,8913.0,98.275,13794.0,1580.0,98.27,3186.0,534.0,98.245,3595.0,88.0,98.24,1029.0,98.0,98.23,303.0,106.0,98.205,749.0,29.0,98.205,67.0,NaN,98.195,85.0,NaN,98.18,80.0,NaN,98.175,50.0,NaN,98.16,98.13,98.13,98.125,98.115,98.12,98.11,98.095,98.095,98.085,98.055,NaN,NaN,NaN,NaN,NaN,NaN,NaN,NaN,NaN,NaN,NaN,NaN,NaN,NaN,NaN,NaN,NaN,NaN,NaN,NaN,NaN,NaN,NaN,NaN,NaN
2017-11-07,NaN,NaN,NaN,NaN,NaN,NaN,NaN,NaN,NaN,NaN,NaN,NaN,NaN,NaN,NaN,NaN,NaN,NaN,NaN,NaN,NaN,NaN,NaN,NaN,NaN,NaN,NaN,NaN,NaN,NaN,98.8425,210813.0,2125.0,98.715,115085.0,847.0,98.62,348014.0,43861.0,98.61,118165.0,16612.0,98.575,45524.0,6759.0,98.505,114285.0,22376.0,98.49,52847.0,11362.0,98.45,32754.0,2231.0,98.415,77533.0,11188.0,98.4,49008.0,3544.0,98.405,27699.0,1856.0,98.345,43716.0,5594.0,98.335,21907.0,3996.0,98.315,18299.0,4672.0,98.29,68766.0,8867.0,98.28,13901.0,351.0,98.275,3178.0,19.0,98.25,3630.0,126.0,98.245,1029.0,NaN,98.235,320.0,26.0,98.205,749.0,24.0,98.205,67.0,NaN,98.195,85.0,NaN,98.18,80.0,NaN,98.18,50.0,25.0,98.165,98.135,98.135,98.13,98.115,98.12,98.11,98.1,98.095,98.09,98.06,NaN,NaN,NaN,NaN,NaN,NaN,NaN,NaN,NaN,NaN,NaN,NaN,NaN,NaN,NaN,NaN,NaN,NaN,NaN,NaN,NaN,NaN,NaN,NaN,NaN
2017-11-08,NaN,NaN,NaN,NaN,NaN,NaN,NaN,NaN,NaN,NaN,NaN,NaN,NaN,NaN,NaN,NaN,NaN,NaN,NaN,NaN,NaN,NaN,NaN,NaN,NaN,NaN,NaN,NaN,NaN,NaN,98.8425,206899.0,4203.0,98.715,114532.0,7762.0,98.615,350540.0,8974.0,98.605,119117.0,3576.0,98.575,44989.0,2813.0,98.505,117521.0,9975.0,98.49,51848.0,7399.0,98.45,32414.0,3498.0,98.41,77600.0,4263.0,98.4,47989.0,3363.0,98.405,28043.0,1040.0,98.345,43015.0,3832.0,98.335,21912.0,2771.0,98.315,18478.0,829.0,98.285,69538.0,4144.0,98.28,14386.0,991.0,98.275,3200.0,175.0,98.25,3756.0,175.0,98.245,1027.0,69.0,98.235,329.0,34.0,98.21,749.0,NaN,98.205,67.0,NaN,98.195,85.0,NaN,98.185,80.0,NaN,98.18,50.0,NaN,98.165,98.135,98.135,98.13,98.115,98.12,98.11,98.1,98.1,98.09,98.065,NaN,NaN,NaN,NaN,NaN,NaN,NaN,NaN,NaN,NaN,NaN,NaN,NaN,NaN,NaN,NaN,NaN,NaN,NaN,NaN,NaN,NaN,NaN,NaN,NaN
2017-11-09,NaN,NaN,NaN,NaN,NaN,NaN,NaN,NaN,NaN,NaN,NaN,NaN,NaN,NaN,NaN,NaN,NaN,NaN,NaN,NaN,NaN,NaN,NaN,NaN,NaN,NaN,NaN,NaN,NaN,NaN,98.8425,206338.0,1246.0,98.715,113370.0,10747.0,98.62,337977.0,58026.0,98.61,124977.0,24077.0,98.575,45820.0,7111.0,98.505,118645.0,16774.0,98.49,57361.0,10480.0,98.45,32508.0,5631.0,98.415,79613.0,5082.0,98.4,47622.0,2892.0,98.405,29227.0,4337.0,98.345,43172.0,3366.0,98.335,21674.0,2292.0,98.32,19201.0,2226.0,98.29,71035.0,5241.0,98.285,14662.0,1492.0,98.275,3450.0,325.0,98.25,3628.0,365.0,98.25,1217.0,342.0,98.24,324.0,66.0,98.21,749.0,NaN,98.21,67.0,NaN,98.2,85.0,NaN,98.19,80.0,NaN,98.185,50.0,NaN,98.17,98.14,98.135,98.13,98.115,98.12,98.11,98.1,98.1,98.09,98.07,NaN,NaN,NaN,NaN,NaN,NaN,NaN,NaN,NaN,NaN,NaN,NaN,NaN,NaN,NaN,NaN,NaN,NaN,NaN,NaN,NaN,NaN,NaN,NaN,NaN
2017-11-10,NaN,NaN,NaN,NaN,NaN,NaN,NaN,NaN,NaN,NaN,NaN,NaN,NaN,NaN,NaN,NaN,NaN,NaN,NaN,NaN,NaN,NaN,NaN,NaN,NaN,NaN,NaN,NaN,NaN,NaN,98.8425,205338.0,1593.0,98.715,113289.0,994.0,98.615,338984.0,19835.0,98.61,123653.0,5364.0,98.57,46107.0,4074.0,98.49,122915.0,15288.0,98.475,56667.0,4672.0,98.43,32167.0,2082.0,98.395,79399.0,7151.0,98.38,46989.0,1917.0,98.385,29381.0,1240.0,98.325,43156.0,1908.0,98.315,21874.0,2676.0,98.295,19139.0,208.0,98.265,70915.0,2501.0,98.255,14819.0,864.0,98.25,3433.0,47.0,98.225,3640.0,105.0,98.215,1237.0,64.0,98.21,317.0,9.0,98.18,749.0,NaN,98.175,67.0,NaN,98.165,85.0,NaN,98.15,80.0,NaN,98.145,50.0,NaN,98.13,98.095,98.095,98.085,98.07,98.075,98.06,98.05,98.05,98.035,98.015,NaN,NaN,NaN,NaN,NaN,NaN,NaN,NaN,NaN,NaN,NaN,NaN,NaN,NaN,NaN,NaN,NaN,NaN,NaN,NaN,NaN,NaN,NaN,NaN,NaN
2017-11-13,NaN,NaN,NaN,NaN,NaN,NaN,NaN,NaN,NaN,NaN,NaN,NaN,NaN,NaN,NaN,NaN,NaN,NaN,NaN,NaN,NaN,NaN,NaN,NaN,NaN,NaN,NaN,NaN,NaN,NaN,98.8425,206030.0,2579.0,98.715,113313.0,3238.0,98.615,342831.0,27612.0,98.605,122429.0,7495.0,98.565,46745.0,3191.0,98.48,123591.0,6878.0,98.465,58887.0,6932.0,98.42,28722.0,6022.0,98.38,82867.0,7166.0,98.37,49601.0,5926.0,98.37,29144.0,1153.0,98.305,43787.0,2047.0,98.295,22174.0,1415.0,98.275,19122.0,1000.0,98.24,71595.0,3785.0,98.235,14825.0,700.0,98.225,3381.0,186.0,98.195,3505.0,273.0,98.19,1222.0,21.0,98.185,317.0,NaN,98.155,749.0,15.0,98.15,67.0,NaN,98.14,85.0,NaN,98.125,80.0,NaN,98.12,50.0,NaN,98.1,98.07,98.07,98.06,98.05,98.05,98.04,98.03,98.03,98.015,98.0,NaN,NaN,NaN,NaN,NaN,NaN,NaN,NaN,NaN,NaN,NaN,NaN,NaN,NaN,NaN,NaN,NaN,NaN,NaN,NaN,NaN,NaN,NaN,NaN,NaN
2017-11-14,NaN,NaN,NaN,NaN,NaN,NaN,NaN,NaN,NaN,NaN,NaN,NaN,NaN,NaN,NaN,NaN,NaN,NaN,NaN,NaN,NaN,NaN,NaN,NaN,NaN,NaN,NaN,NaN,NaN,NaN,98.8425,206018.0,1496.0,98.715,113014.0,7748.0,98.615,348018.0,32865.0,98.61,130386.0,25184.0,98.565,50572.0,14242.0,98.475,126142.0,14601.0,98.46,59214.0,5556.0,98.415,28713.0,3786.0,98.38,83736.0,9336.0,98.37,49769.0,2754.0,98.37,29098.0,1130.0,98.305,43609.0,2433.0,98.295,22993.0,2527.0,98.275,19220.0,1691.0,98.24,70162.0,9153.0,98.235,14824.0,497.0,98.225,3325.0,213.0,98.2,3529.0,204.0,98.195,1295.0,189.0,98.185,331.0,14.0,98.16,750.0,12.0,98.155,67.0,NaN,98.145,85.0,NaN,98.135,80.0,NaN,98.13,50.0,NaN,98.115,98.08,98.08,98.075,98.06,98.065,98.05,98.04,98.04,98.025,98.01,NaN,NaN,NaN,NaN,NaN,NaN,NaN,NaN,NaN,NaN,NaN,NaN,NaN,NaN,NaN,NaN,NaN,NaN,NaN,NaN,NaN,NaN,NaN,NaN,NaN
2017-11-15,NaN,NaN,NaN,NaN,NaN,NaN,NaN,NaN,NaN,NaN,NaN,NaN,NaN,NaN,NaN,NaN,NaN,NaN,NaN,NaN,NaN,NaN,NaN,NaN,NaN,NaN,NaN,NaN,NaN,NaN,98.8425,206136.0,1262.0,98.715,114688.0,14181.0,98.61,348243.0,49167.0,98.605,132877.0,44351.0,98.57,51761.0,17649.0,98.49,130384.0,29180.0,98.475,62297.0,14463.0,98.43,29639.0,9775.0,98.39,83009.0,12416.0,98.375,49658.0,3471.0,98.375,29502.0,4436.0,98.315,46018.0,8790.0,98.305,23395.0,5015.0,98.29,19308.0,1004.0,98.26,71662.0,5945.0,98.255,16313.0,2790.0,98.245,3452.0,1004.0,98.22,3567.0,413.0,98.215,1253.0,117.0,98.21,326.0,10.0,98.18,758.0,25.0,98.18,68.0,6.0,98.17,85.0,NaN,98.155,88.0,24.0,98.155,50.0,6.0,98.135,98.105,98.105,98.1,98.09,98.095,98.08,98.075,98.07,98.06,98.045,NaN,NaN,NaN,NaN,NaN,NaN,NaN,NaN,NaN,NaN,NaN,NaN,NaN,NaN,NaN,NaN,NaN,NaN,NaN,NaN,NaN,NaN,NaN,NaN,NaN
2017-11-16,NaN,NaN,NaN,NaN,NaN,NaN,NaN,NaN,NaN,NaN,NaN,NaN,NaN,NaN,NaN,NaN,NaN,NaN,NaN,NaN,NaN,NaN,NaN,NaN,NaN,NaN,NaN,NaN,NaN,NaN,98.8425,206411.0,27931.0,98.715,114622.0,975.0,98.61,343550.0,30851.0,98.605,137280.0,25940.0,98.565,51761.0,10902.0,98.475,131246.0,20458.0,98.46,61822.0,3478.0,98.41,29468.0,3589.0,98.365,81244.0,10405.0,98.355,49497.0,3180.0,98.36,29467.0,1133.0,98.295,45413.0,4359.0,98.285,24664.0,3535.0,98.265,19735.0,1482.0,98.235,76264.0,9702.0,98.23,16243.0,731.0,98.22,3464.0,244.0,98.2,3546.0,163.0,98.19,1298.0,57.0,98.185,326.0,NaN,98.155,758.0,20.0,98.15,68.0,NaN,98.14,85.0,NaN,98.125,97.0,17.0,98.125,50.0,2.0,98.105,98.08,98.08,98.065,98.055,98.06,98.05,98.04,98.035,98.025,98.01,NaN,NaN,NaN,NaN,NaN,NaN,NaN,NaN,NaN,NaN,NaN,NaN,NaN,NaN,NaN,NaN,NaN,NaN,NaN,NaN,NaN,NaN,NaN,NaN,NaN
2017-11-17,NaN,NaN,NaN,NaN,NaN,NaN,NaN,NaN,NaN,NaN,NaN,NaN,NaN,NaN,NaN,NaN,NaN,NaN,NaN,NaN,NaN,NaN,NaN,NaN,NaN,NaN,NaN,NaN,NaN,NaN,98.8425,206345.0,277.0,98.71,116255.0,2894.0,98.61,341998.0,11977.0,98.605,142715.0,16638.0,98.565,51814.0,4906.0,98.475,130924.0,14858.0,98.46,56955.0,13020.0,98.415,29494.0,2984.0,98.37,83649.0,14243.0,98.355,52387.0,10199.0,98.36,29220.0,1683.0,98.295,45726.0,4330.0,98.285,24767.0,1135.0,98.265,19875.0,764.0,98.235,79144.0,6715.0,98.23,16483.0,550.0,98.22,3550.0,236.0,98.2,3880.0,540.0,98.195,1298.0,30.0,98.185,326.0,NaN,98.155,750.0,48.0,98.15,68.0,NaN,98.14,85.0,NaN,98.13,97.0,NaN,98.13,50.0,NaN,98.11,98.095,98.09,98.07,98.06,98.065,98.055,98.045,98.045,98.035,98.02,NaN,NaN,NaN,NaN,NaN,NaN,NaN,NaN,NaN,NaN,NaN,NaN,NaN,NaN,NaN,NaN,NaN,NaN,NaN,NaN,NaN,NaN,NaN,NaN,NaN
2017-11-20,NaN,NaN,NaN,NaN,NaN,NaN,NaN,NaN,NaN,NaN,NaN,NaN,NaN,NaN,NaN,NaN,NaN,NaN,NaN,NaN,NaN,NaN,NaN,NaN,NaN,NaN,NaN,NaN,NaN,NaN,98.8425,205968.0,587.0,98.71,117284.0,2902.0,98.61,340539.0,15910.0,98.605,143785.0,10320.0,98.56,53616.0,5755.0,98.47,130754.0,10585.0,98.455,53564.0,8983.0,98.4,30672.0,4497.0,98.355,82805.0,9920.0,98.335,53358.0,7045.0,98.34,29231.0,3136.0,98.27,45503.0,9817.0,98.26,26964.0,3907.0,98.24,20096.0,739.0,98.21,80606.0,10028.0,98.2,16806.0,839.0,98.195,3443.0,410.0,98.17,3805.0,164.0,98.165,1128.0,198.0,98.15,315.0,23.0,98.125,750.0,NaN,98.12,68.0,NaN,98.11,85.0,NaN,98.1,97.0,NaN,98.1,50.0,NaN,98.08,98.065,98.06,98.05,98.04,98.045,98.03,98.025,98.02,98.01,97.995,NaN,NaN,NaN,NaN,NaN,NaN,NaN,NaN,NaN,NaN,NaN,NaN,NaN,NaN,NaN,NaN,NaN,NaN,NaN,NaN,NaN,NaN,NaN,NaN,NaN
2017-11-21,NaN,NaN,NaN,NaN,NaN,NaN,NaN,NaN,NaN,NaN,NaN,NaN,NaN,NaN,NaN,NaN,NaN,NaN,NaN,NaN,NaN,NaN,NaN,NaN,NaN,NaN,NaN,NaN,NaN,NaN,98.8425,205856.0,382.0,98.71,117760.0,1115.0,98.605,339462.0,10899.0,98.6,145266.0,5090.0,98.56,54795.0,6917.0,98.465,134119.0,34787.0,98.45,56236.0,19564.0,98.39,29653.0,2681.0,98.345,83166.0,14547.0,98.325,54071.0,3821.0,98.325,29325.0,1047.0,98.25,49045.0,10971.0,98.24,27923.0,7679.0,98.22,19563.0,1059.0,98.19,79304.0,10027.0,98.185,16301.0,986.0,98.175,3448.0,154.0,98.15,3754.0,442.0,98.14,1104.0,178.0,98.13,279.0,63.0,98.1,744.0,8.0,98.095,68.0,NaN,98.085,85.0,NaN,98.075,97.0,NaN,98.07,50.0,NaN,98.05,98.035,98.03,98.02,98.01,98.015,98.005,97.995,97.995,97.985,97.975,NaN,NaN,NaN,NaN,NaN,NaN,NaN,NaN,NaN,NaN,NaN,NaN,NaN,NaN,NaN,NaN,NaN,NaN,NaN,NaN,NaN,NaN,NaN,NaN,NaN
2017-11-22,NaN,NaN,NaN,NaN,NaN,NaN,NaN,NaN,NaN,NaN,NaN,NaN,NaN,NaN,NaN,NaN,NaN,NaN,NaN,NaN,NaN,NaN,NaN,NaN,NaN,NaN,NaN,NaN,NaN,NaN,98.8425,205928.0,4065.0,98.71,117870.0,2660.0,98.61,338342.0,15379.0,98.605,145975.0,6715.0,98.565,55005.0,11024.0,98.48,138392.0,22555.0,98.465,55906.0,6538.0,98.41,28740.0,5555.0,98.365,83151.0,8766.0,98.345,55116.0,3508.0,98.35,29137.0,1562.0,98.28,52628.0,14561.0,98.27,33365.0,13909.0,98.255,19498.0,1928.0,98.225,86617.0,12941.0,98.22,16244.0,2010.0,98.21,3581.0,507.0,98.19,3887.0,552.0,98.19,998.0,179.0,98.18,267.0,12.0,98.15,744.0,66.0,98.15,68.0,NaN,98.14,85.0,NaN,98.13,97.0,NaN,98.13,50.0,NaN,98.115,98.085,98.085,98.08,98.075,98.08,98.065,98.06,98.06,98.045,98.035,NaN,NaN,NaN,NaN,NaN,NaN,NaN,NaN,NaN,NaN,NaN,NaN,NaN,NaN,NaN,NaN,NaN,NaN,NaN,NaN,NaN,NaN,NaN,NaN,NaN
2017-11-23,NaN,NaN,NaN,NaN,NaN,NaN,NaN,NaN,NaN,NaN,NaN,NaN,NaN,NaN,NaN,NaN,NaN,NaN,NaN,NaN,NaN,NaN,NaN,NaN,NaN,NaN,NaN,NaN,NaN,NaN,NaN,205928.0,NaN,NaN,117870.0,NaN,NaN,338342.0,NaN,NaN,145975.0,NaN,NaN,55005.0,NaN,NaN,138392.0,NaN,NaN,55906.0,NaN,NaN,28740.0,NaN,NaN,83151.0,NaN,NaN,55116.0,NaN,NaN,29137.0,NaN,NaN,52628.0,NaN,NaN,33365.0,NaN,NaN,19498.0,NaN,NaN,86617.0,NaN,NaN,16244.0,NaN,NaN,3581.0,NaN,NaN,3887.0,NaN,NaN,998.0,NaN,NaN,267.0,NaN,NaN,744.0,NaN,NaN,68.0,NaN,NaN,85.0,NaN,NaN,97.0,NaN,NaN,50.0,NaN,NaN,NaN,NaN,NaN,NaN,NaN,NaN,NaN,NaN,NaN,NaN,NaN,NaN,NaN,NaN,NaN,NaN,NaN,NaN,NaN,NaN,NaN,NaN,NaN,NaN,NaN,NaN,NaN,NaN,NaN,NaN,NaN,NaN,NaN,NaN,NaN
2017-11-24,NaN,NaN,NaN,NaN,NaN,NaN,NaN,NaN,NaN,NaN,NaN,NaN,NaN,NaN,NaN,NaN,NaN,NaN,NaN,NaN,NaN,NaN,NaN,NaN,NaN,NaN,NaN,NaN,NaN,NaN,98.8425,205712.0,443.0,98.71,117606.0,1079.0,98.61,340675.0,6806.0,98.605,146216.0,1273.0,98.565,55363.0,1686.0,98.475,137961.0,3591.0,98.46,55324.0,1496.0,98.4,28746.0,1022.0,98.35,83429.0,1370.0,98.335,55127.0,312.0,98.335,29135.0,235.0,98.26,52730.0,538.0,98.25,33477.0,313.0,98.24,19686.0,484.0,98.205,86088.0,1962.0,98.2,16289.0,90.0,98.19,3547.0,80.0,98.17,3904.0,126.0,98.165,1004.0,28.0,98.16,270.0,6.0,98.13,744.0,NaN,98.13,92.0,24.0,98.12,85.0,NaN,98.11,97.0,NaN,98.11,50.0,NaN,98.09,98.07,98.07,98.06,98.055,98.06,98.05,98.045,98.045,98.035,98.025,NaN,NaN,NaN,NaN,NaN,NaN,NaN,NaN,NaN,NaN,NaN,NaN,NaN,NaN,NaN,NaN,NaN,NaN,NaN,NaN,NaN,NaN,NaN,NaN,NaN
2017-11-27,NaN,NaN,NaN,NaN,NaN,NaN,NaN,NaN,NaN,NaN,NaN,NaN,NaN,NaN,NaN,NaN,NaN,NaN,NaN,NaN,NaN,NaN,NaN,NaN,NaN,NaN,NaN,NaN,NaN,NaN,98.8425,205408.0,2423.0,98.71,119974.0,5887.0,98.61,338768.0,9528.0,98.605,154995.0,19488.0,98.56,54934.0,5923.0,98.475,138203.0,8803.0,98.46,56072.0,6889.0,98.4,29264.0,4629.0,98.35,79576.0,16597.0,98.335,56086.0,10833.0,98.335,29100.0,1453.0,98.265,53187.0,4221.0,98.255,40150.0,14439.0,98.24,19861.0,7715.0,98.21,94325.0,18763.0,98.205,16393.0,274.0,98.2,3563.0,148.0,98.175,3848.0,371.0,98.175,1007.0,142.0,98.165,270.0,NaN,98.14,744.0,2.0,98.14,92.0,NaN,98.125,85.0,NaN,98.115,97.0,NaN,98.115,50.0,NaN,98.095,98.08,98.08,98.075,98.07,98.075,98.065,98.06,98.06,98.045,98.035,NaN,NaN,NaN,NaN,NaN,NaN,NaN,NaN,NaN,NaN,NaN,NaN,NaN,NaN,NaN,NaN,NaN,NaN,NaN,NaN,NaN,NaN,NaN,NaN,NaN
2017-11-28,NaN,NaN,NaN,NaN,NaN,NaN,NaN,NaN,NaN,NaN,NaN,NaN,NaN,NaN,NaN,NaN,NaN,NaN,NaN,NaN,NaN,NaN,NaN,NaN,NaN,NaN,NaN,NaN,NaN,NaN,98.8425,203741.0,7681.0,98.71,121509.0,8352.0,98.61,341272.0,14303.0,98.605,154452.0,6778.0,98.56,58576.0,15324.0,98.47,132909.0,22106.0,98.455,57583.0,15603.0,98.395,30297.0,6664.0,98.345,80722.0,17347.0,98.325,57804.0,5015.0,98.325,29100.0,2608.0,98.25,53439.0,11033.0,98.245,46866.0,15222.0,98.23,20874.0,4846.0,98.2,101804.0,18947.0,98.195,17293.0,2963.0,98.185,3760.0,593.0,98.165,3912.0,362.0,98.155,998.0,57.0,98.15,288.0,27.0,98.125,753.0,47.0,98.125,92.0,NaN,98.11,85.0,NaN,98.1,97.0,NaN,98.1,50.0,NaN,98.085,98.065,98.06,98.06,98.055,98.06,98.05,98.045,98.045,98.035,98.025,NaN,NaN,NaN,NaN,NaN,NaN,NaN,NaN,NaN,NaN,NaN,NaN,NaN,NaN,NaN,NaN,NaN,NaN,NaN,NaN,NaN,NaN,NaN,NaN,NaN
2017-11-29,NaN,NaN,NaN,NaN,NaN,NaN,NaN,NaN,NaN,NaN,NaN,NaN,NaN,NaN,NaN,NaN,NaN,NaN,NaN,NaN,NaN,NaN,NaN,NaN,NaN,NaN,NaN,NaN,NaN,NaN,98.8425,202551.0,1904.0,98.71,119850.0,7653.0,98.61,344232.0,21874.0,98.605,155047.0,11532.0,98.56,60144.0,7942.0,98.465,136880.0,20535.0,98.445,56528.0,9384.0,98.39,31287.0,4904.0,98.335,81744.0,14062.0,98.32,57122.0,8555.0,98.32,29345.0,3538.0,98.245,55158.0,7957.0,98.24,51279.0,14850.0,98.22,20648.0,4049.0,98.185,110903.0,21031.0,98.18,17780.0,2248.0,98.17,4013.0,815.0,98.14,3791.0,698.0,98.135,1731.0,1224.0,98.13,287.0,18.0,98.105,754.0,96.0,98.1,127.0,35.0,98.09,85.0,NaN,98.08,102.0,9.0,98.08,50.0,NaN,98.06,98.05,98.045,98.04,98.03,98.035,98.025,98.02,98.02,98.01,98.0,NaN,NaN,NaN,NaN,NaN,NaN,NaN,NaN,NaN,NaN,NaN,NaN,NaN,NaN,NaN,NaN,NaN,NaN,NaN,NaN,NaN,NaN,NaN,NaN,NaN
2017-11-30,NaN,NaN,NaN,NaN,NaN,NaN,NaN,NaN,NaN,NaN,NaN,NaN,NaN,NaN,NaN,NaN,NaN,NaN,NaN,NaN,NaN,NaN,NaN,NaN,NaN,NaN,NaN,NaN,NaN,NaN,98.8425,202608.0,417.0,98.7075,118987.0,5212.0,98.605,340824.0,31577.0,98.6,155472.0,24927.0,98.555,59941.0,8872.0,98.445,137529.0,19196.0,98.43,57521.0,10763.0,98.365,31710.0,4793.0,98.31,77692.0,20354.0,98.295,55101.0,11280.0,98.295,30995.0,7369.0,98.215,57087.0,18433.0,98.205,52054.0,10602.0,98.185,20293.0,2113.0,98.15,112294.0,12235.0,98.14,17714.0,1017.0,98.13,3966.0,583.0,98.1,3662.0,920.0,98.095,1784.0,135.0,98.08,292.0,43.0,98.055,754.0,48.0,98.05,128.0,5.0,98.04,85.0,4.0,98.03,137.0,35.0,98.03,50.0,NaN,98.005,97.995,97.99,97.985,97.975,97.98,97.97,97.965,97.965,97.955,97.945,97.935,NaN,NaN,NaN,NaN,NaN,NaN,NaN,NaN,NaN,NaN,NaN,NaN,NaN,NaN,NaN,NaN,NaN,NaN,NaN,NaN,NaN,NaN,NaN,NaN
2017-12-01,NaN,NaN,NaN,NaN,NaN,NaN,NaN,NaN,NaN,NaN,NaN,NaN,NaN,NaN,NaN,NaN,NaN,NaN,NaN,NaN,NaN,NaN,NaN,NaN,NaN,NaN,NaN,NaN,NaN,NaN,NaN,NaN,NaN,98.71,121923.0,10591.0,98.61,355639.0,57558.0,98.605,168260.0,52423.0,98.56,60022.0,20472.0,98.46,154242.0,66906.0,98.445,61179.0,29664.0,98.38,32234.0,7885.0,98.325,76154.0,15953.0,98.31,55133.0,5153.0,98.31,30289.0,5194.0,98.23,57952.0,10812.0,98.22,54682.0,10044.0,98.2,20449.0,4773.0,98.16,112980.0,15551.0,98.155,18124.0,3373.0,98.145,4629.0,2107.0,98.115,3734.0,1310.0,98.105,1782.0,158.0,98.095,250.0,57.0,98.07,815.0,113.0,98.07,128.0,NaN,98.06,85.0,NaN,98.05,137.0,NaN,98.045,50.0,NaN,98.025,98.015,98.01,98.005,97.995,98.0,97.99,97.985,97.985,97.975,97.965,97.955,NaN,NaN,NaN,NaN,NaN,NaN,NaN,NaN,NaN,NaN,NaN,NaN,NaN,NaN,NaN,NaN,NaN,NaN,NaN,NaN,NaN,NaN,NaN,NaN
2017-12-04,NaN,NaN,NaN,NaN,NaN,NaN,NaN,NaN,NaN,NaN,NaN,NaN,NaN,NaN,NaN,NaN,NaN,NaN,NaN,NaN,NaN,NaN,NaN,NaN,NaN,NaN,NaN,NaN,NaN,NaN,NaN,NaN,NaN,98.71,120396.0,3200.0,98.605,352250.0,9371.0,98.6,169203.0,19372.0,98.555,60498.0,6709.0,98.445,152731.0,22799.0,98.43,59254.0,15882.0,98.365,32626.0,5995.0,98.31,78695.0,16687.0,98.295,56660.0,7348.0,98.3,31528.0,5344.0,98.215,57051.0,8677.0,98.205,57825.0,10126.0,98.18,21150.0,6970.0,98.14,117950.0,26879.0,98.13,21310.0,8502.0,98.12,4528.0,1146.0,98.085,3905.0,1758.0,98.075,1827.0,525.0,98.06,257.0,90.0,98.035,618.0,395.0,98.03,144.0,173.0,98.02,88.0,66.0,98.005,80.0,132.0,98.01,75.0,94.0,97.995,97.975,97.975,97.97,97.96,97.965,97.96,97.955,97.95,97.94,97.935,97.93,NaN,NaN,NaN,NaN,NaN,NaN,NaN,NaN,NaN,NaN,NaN,NaN,NaN,NaN,NaN,NaN,NaN,NaN,NaN,NaN,NaN,NaN,NaN,NaN
2017-12-05,NaN,NaN,NaN,NaN,NaN,NaN,NaN,NaN,NaN,NaN,NaN,NaN,NaN,NaN,NaN,NaN,NaN,NaN,NaN,NaN,NaN,NaN,NaN,NaN,NaN,NaN,NaN,NaN,NaN,NaN,NaN,NaN,NaN,98.7075,120826.0,3934.0,98.605,346427.0,31675.0,98.6,170306.0,4723.0,98.55,61058.0,8179.0,98.44,160693.0,26385.0,98.43,61426.0,15835.0,98.365,32752.0,5284.0,98.31,79342.0,11857.0,98.29,58097.0,6014.0,98.295,31505.0,6699.0,98.21,59209.0,6552.0,98.2,58566.0,4935.0,98.175,21938.0,2257.0,98.135,120418.0,10227.0,98.13,25245.0,6286.0,98.115,5016.0,1178.0,98.08,4222.0,1544.0,98.075,1942.0,521.0,98.055,365.0,177.0,98.035,621.0,103.0,98.03,158.0,34.0,98.02,90.0,2.0,98.005,95.0,44.0,98.01,82.0,20.0,97.995,97.975,97.975,97.97,97.96,97.965,97.96,97.955,97.955,97.945,97.945,97.94,NaN,NaN,NaN,NaN,NaN,NaN,NaN,NaN,NaN,NaN,NaN,NaN,NaN,NaN,NaN,NaN,NaN,NaN,NaN,NaN,NaN,NaN,NaN,NaN
2017-12-06,NaN,NaN,NaN,NaN,NaN,NaN,NaN,NaN,NaN,NaN,NaN,NaN,NaN,NaN,NaN,NaN,NaN,NaN,NaN,NaN,NaN,NaN,NaN,NaN,NaN,NaN,NaN,NaN,NaN,NaN,NaN,NaN,NaN,98.7075,120884.0,1614.0,98.605,342405.0,17493.0,98.6,173473.0,15218.0,98.55,61247.0,8994.0,98.45,158538.0,31071.0,98.435,58522.0,20829.0,98.375,31499.0,7151.0,98.32,84502.0,19002.0,98.305,59291.0,7686.0,98.305,31866.0,2838.0,98.225,58576.0,7797.0,98.22,58263.0,5448.0,98.195,22270.0,1736.0,98.155,133098.0,23759.0,98.145,27987.0,5304.0,98.135,5535.0,2158.0,98.105,4947.0,1866.0,98.1,1992.0,554.0,98.09,589.0,369.0,98.065,696.0,123.0,98.06,199.0,54.0,98.055,90.0,NaN,98.04,136.0,64.0,98.04,117.0,45.0,98.03,98.01,98.01,98.005,98.0,98.005,97.995,97.995,97.995,97.985,97.98,97.98,NaN,NaN,NaN,NaN,NaN,NaN,NaN,NaN,NaN,NaN,NaN,NaN,NaN,NaN,NaN,NaN,NaN,NaN,NaN,NaN,NaN,NaN,NaN,NaN
2017-12-07,NaN,NaN,NaN,NaN,NaN,NaN,NaN,NaN,NaN,NaN,NaN,NaN,NaN,NaN,NaN,NaN,NaN,NaN,NaN,NaN,NaN,NaN,NaN,NaN,NaN,NaN,NaN,NaN,NaN,NaN,NaN,NaN,NaN,98.7075,119985.0,1750.0,98.605,350319.0,30431.0,98.6,177039.0,38750.0,98.55,62970.0,5061.0,98.45,158384.0,19271.0,98.435,59287.0,9852.0,98.37,32192.0,2449.0,98.315,85267.0,8761.0,98.3,60443.0,3321.0,98.3,31756.0,1490.0,98.22,59194.0,5122.0,98.21,58067.0,2135.0,98.19,22495.0,3433.0,98.145,138291.0,12004.0,98.14,28130.0,1917.0,98.13,5560.0,185.0,98.095,4909.0,404.0,98.09,2008.0,124.0,98.08,589.0,83.0,98.055,714.0,81.0,98.055,198.0,30.0,98.045,110.0,20.0,98.035,162.0,50.0,98.035,119.0,12.0,98.02,98.0,97.995,97.985,97.985,97.985,97.975,97.975,97.97,97.96,97.955,97.955,NaN,NaN,NaN,NaN,NaN,NaN,NaN,NaN,NaN,NaN,NaN,NaN,NaN,NaN,NaN,NaN,NaN,NaN,NaN,NaN,NaN,NaN,NaN,NaN
2017-12-08,NaN,NaN,NaN,NaN,NaN,NaN,NaN,NaN,NaN,NaN,NaN,NaN,NaN,NaN,NaN,NaN,NaN,NaN,NaN,NaN,NaN,NaN,NaN,NaN,NaN,NaN,NaN,NaN,NaN,NaN,NaN,NaN,NaN,98.7075,118669.0,3094.0,98.605,350585.0,7254.0,98.6,176036.0,13879.0,98.55,65788.0,14068.0,98.445,163328.0,27153.0,98.435,57782.0,10380.0,98.37,32324.0,3114.0,98.32,84613.0,8145.0,98.3,61035.0,5996.0,98.3,31479.0,3223.0,98.22,59664.0,3987.0,98.21,57940.0,1756.0,98.185,22525.0,1869.0,98.145,138742.0,10787.0,98.135,28773.0,3147.0,98.125,5658.0,637.0,98.095,4967.0,1255.0,98.09,2064.0,328.0,98.08,670.0,173.0,98.055,814.0,254.0,98.055,200.0,2.0,98.045,110.0,NaN,98.035,162.0,NaN,98.035,119.0,NaN,98.025,98.0,98.0,97.995,97.99,97.995,97.985,97.985,97.98,97.97,97.965,97.965,NaN,NaN,NaN,NaN,NaN,NaN,NaN,NaN,NaN,NaN,NaN,NaN,NaN,NaN,NaN,NaN,NaN,NaN,NaN,NaN,NaN,NaN,NaN,NaN
2017-12-11,NaN,NaN,NaN,NaN,NaN,NaN,NaN,NaN,NaN,NaN,NaN,NaN,NaN,NaN,NaN,NaN,NaN,NaN,NaN,NaN,NaN,NaN,NaN,NaN,NaN,NaN,NaN,NaN,NaN,NaN,NaN,NaN,NaN,98.7075,117512.0,3234.0,98.6,349563.0,24926.0,98.6,179884.0,8671.0,98.545,66344.0,12237.0,98.435,165972.0,14899.0,98.42,55966.0,6253.0,98.35,34097.0,5790.0,98.295,83458.0,8411.0,98.28,61879.0,3936.0,98.28,31116.0,1883.0,98.2,60860.0,5813.0,98.19,58196.0,3152.0,98.165,22543.0,1273.0,98.12,139007.0,8041.0,98.115,29105.0,1026.0,98.105,5668.0,297.0,98.075,6004.0,2291.0,98.065,2097.0,238.0,98.055,672.0,89.0,98.03,818.0,52.0,98.03,197.0,7.0,98.02,110.0,NaN,98.01,162.0,NaN,98.01,119.0,NaN,98.0,97.98,97.98,97.975,97.965,97.97,97.965,97.96,97.96,97.95,97.945,97.945,NaN,NaN,NaN,NaN,NaN,NaN,NaN,NaN,NaN,NaN,NaN,NaN,NaN,NaN,NaN,NaN,NaN,NaN,NaN,NaN,NaN,NaN,NaN,NaN
2017-12-12,NaN,NaN,NaN,NaN,NaN,NaN,NaN,NaN,NaN,NaN,NaN,NaN,NaN,NaN,NaN,NaN,NaN,NaN,NaN,NaN,NaN,NaN,NaN,NaN,NaN,NaN,NaN,NaN,NaN,NaN,NaN,NaN,NaN,98.7075,117171.0,4013.0,98.6,349823.0,8177.0,98.595,174299.0,13112.0,98.54,69066.0,6469.0,98.43,169104.0,20825.0,98.415,56414.0,10822.0,98.35,34216.0,2465.0,98.29,84067.0,15916.0,98.27,62489.0,20658.0,98.27,30370.0,3515.0,98.195,64626.0,14484.0,98.18,58782.0,5559.0,98.16,21907.0,3879.0,98.115,138181.0,14650.0,98.11,32122.0,5149.0,98.1,5620.0,212.0,98.07,5886.0,513.0,98.06,2169.0,284.0,98.05,569.0,215.0,98.02,1204.0,683.0,98.02,270.0,196.0,98.01,110.0,48.0,97.995,162.0,NaN,97.995,119.0,NaN,97.985,97.96,97.96,97.96,97.95,97.955,97.95,97.945,97.945,97.935,97.93,97.925,NaN,NaN,NaN,NaN,NaN,NaN,NaN,NaN,NaN,NaN,NaN,NaN,NaN,NaN,NaN,NaN,NaN,NaN,NaN,NaN,NaN,NaN,NaN,NaN
2017-12-13,NaN,NaN,NaN,NaN,NaN,NaN,NaN,NaN,NaN,NaN,NaN,NaN,NaN,NaN,NaN,NaN,NaN,NaN,NaN,NaN,NaN,NaN,NaN,NaN,NaN,NaN,NaN,NaN,NaN,NaN,NaN,NaN,NaN,98.705,128360.0,48839.0,98.595,341248.0,150651.0,98.59,174833.0,29875.0,98.545,73360.0,33441.0,98.45,169903.0,45340.0,98.435,62656.0,17935.0,98.37,33998.0,9810.0,98.32,84660.0,13928.0,98.3,62556.0,5349.0,98.3,29922.0,2161.0,98.225,65265.0,8202.0,98.215,59500.0,2652.0,98.195,22096.0,2697.0,98.155,142260.0,22570.0,98.15,34497.0,5575.0,98.145,5706.0,773.0,98.115,5708.0,1822.0,98.11,2158.0,387.0,98.095,569.0,31.0,98.075,1204.0,156.0,98.07,297.0,29.0,98.06,120.0,16.0,98.05,157.0,29.0,98.045,129.0,10.0,98.03,98.01,98.01,98.015,98.01,98.015,98.01,98.005,98.005,97.995,97.99,97.99,NaN,NaN,NaN,NaN,NaN,NaN,NaN,NaN,NaN,NaN,NaN,NaN,NaN,NaN,NaN,NaN,NaN,NaN,NaN,NaN,NaN,NaN,NaN,NaN
2017-12-14,NaN,NaN,NaN,NaN,NaN,NaN,NaN,NaN,NaN,NaN,NaN,NaN,NaN,NaN,NaN,NaN,NaN,NaN,NaN,NaN,NaN,NaN,NaN,NaN,NaN,NaN,NaN,NaN,NaN,NaN,NaN,NaN,NaN,98.7,127029.0,43521.0,98.595,286737.0,77393.0,98.59,176320.0,15893.0,98.545,72320.0,12250.0,98.44,171895.0,26669.0,98.42,63660.0,11183.0,98.36,34488.0,6905.0,98.305,84452.0,11282.0,98.285,63535.0,5369.0,98.29,30334.0,1717.0,98.205,64980.0,6701.0,98.195,58937.0,1903.0,98.175,22475.0,1547.0,98.13,145717.0,14614.0,98.13,36038.0,3564.0,98.12,5696.0,419.0,98.09,5352.0,1774.0,98.08,2125.0,424.0,98.065,606.0,103.0,98.045,1220.0,132.0,98.045,260.0,58.0,98.035,120.0,NaN,98.025,157.0,14.0,98.02,108.0,41.0,98.01,98.0,97.995,98.0,97.99,97.995,97.995,97.99,97.99,97.98,97.975,97.975,NaN,NaN,NaN,NaN,NaN,NaN,NaN,NaN,NaN,NaN,NaN,NaN,NaN,NaN,NaN,NaN,NaN,NaN,NaN,NaN,NaN,NaN,NaN,NaN
2017-12-15,NaN,NaN,NaN,NaN,NaN,NaN,NaN,NaN,NaN,NaN,NaN,NaN,NaN,NaN,NaN,NaN,NaN,NaN,NaN,NaN,NaN,NaN,NaN,NaN,NaN,NaN,NaN,NaN,NaN,NaN,NaN,NaN,NaN,98.705,117309.0,46335.0,98.6,279937.0,48888.0,98.595,179873.0,8623.0,98.54,71330.0,15997.0,98.425,171347.0,13936.0,98.41,67227.0,8942.0,98.345,34184.0,3180.0,98.29,84493.0,4635.0,98.27,63517.0,1723.0,98.275,30151.0,1851.0,98.195,64824.0,2478.0,98.18,58984.0,2438.0,98.16,23059.0,1273.0,98.12,148502.0,10400.0,98.115,35996.0,1017.0,98.105,5659.0,390.0,98.075,5232.0,464.0,98.065,2190.0,222.0,98.05,601.0,30.0,98.03,1224.0,13.0,98.03,260.0,NaN,98.015,145.0,25.0,98.005,142.0,25.0,98.005,108.0,NaN,97.995,97.975,97.975,97.975,97.975,97.98,97.975,97.975,97.975,97.965,97.96,97.965,NaN,NaN,NaN,NaN,NaN,NaN,NaN,NaN,NaN,NaN,NaN,NaN,NaN,NaN,NaN,NaN,NaN,NaN,NaN,NaN,NaN,NaN,NaN,NaN
2017-12-18,NaN,NaN,NaN,NaN,NaN,NaN,NaN,NaN,NaN,NaN,NaN,NaN,NaN,NaN,NaN,NaN,NaN,NaN,NaN,NaN,NaN,NaN,NaN,NaN,NaN,NaN,NaN,NaN,NaN,NaN,NaN,NaN,NaN,98.7025,106560.0,1729.0,98.6,277388.0,8474.0,98.595,180676.0,9787.0,98.54,71627.0,3828.0,98.425,168163.0,11941.0,98.41,66505.0,5136.0,98.345,34243.0,1860.0,98.295,85937.0,8713.0,98.27,60883.0,5704.0,98.275,30351.0,1252.0,98.185,64737.0,6470.0,98.18,59852.0,6047.0,98.155,22860.0,860.0,98.115,147626.0,6276.0,98.11,36089.0,570.0,98.1,5662.0,208.0,98.07,5730.0,916.0,98.065,2324.0,600.0,98.05,751.0,181.0,98.025,1264.0,92.0,98.025,397.0,193.0,98.015,145.0,NaN,98.005,142.0,NaN,98.005,108.0,NaN,97.99,97.975,97.97,97.97,97.965,97.97,97.965,97.96,97.96,97.955,97.95,97.95,NaN,NaN,NaN,NaN,NaN,NaN,NaN,NaN,NaN,NaN,NaN,NaN,NaN,NaN,NaN,NaN,NaN,NaN,NaN,NaN,NaN,NaN,NaN,NaN
2017-12-19,NaN,NaN,NaN,NaN,NaN,NaN,NaN,NaN,NaN,NaN,NaN,NaN,NaN,NaN,NaN,NaN,NaN,NaN,NaN,NaN,NaN,NaN,NaN,NaN,NaN,NaN,NaN,NaN,NaN,NaN,NaN,NaN,NaN,98.7025,106813.0,9952.0,98.595,284093.0,46998.0,98.59,182810.0,7722.0,98.535,73426.0,6193.0,98.42,171134.0,15848.0,98.405,69462.0,9644.0,98.34,33713.0,3351.0,98.28,83980.0,7880.0,98.26,65656.0,15027.0,98.265,35419.0,10877.0,98.175,64734.0,4281.0,98.165,60658.0,4479.0,98.14,23419.0,1162.0,98.095,147204.0,5726.0,98.09,36969.0,2740.0,98.08,5561.0,618.0,98.045,5934.0,1208.0,98.035,2320.0,344.0,98.02,683.0,174.0,97.995,1513.0,315.0,97.995,349.0,71.0,97.985,145.0,NaN,97.975,142.0,NaN,97.97,108.0,NaN,97.96,97.94,97.935,97.935,97.925,97.93,97.925,97.92,97.92,97.91,97.905,97.9,NaN,NaN,NaN,NaN,NaN,NaN,NaN,NaN,NaN,NaN,NaN,NaN,NaN,NaN,NaN,NaN,NaN,NaN,NaN,NaN,NaN,NaN,NaN,NaN
2017-12-20,NaN,NaN,NaN,NaN,NaN,NaN,NaN,NaN,NaN,NaN,NaN,NaN,NaN,NaN,NaN,NaN,NaN,NaN,NaN,NaN,NaN,NaN,NaN,NaN,NaN,NaN,NaN,NaN,NaN,NaN,NaN,NaN,NaN,98.7025,102893.0,16142.0,98.595,280693.0,17924.0,98.59,194602.0,34215.0,98.54,74171.0,5843.0,98.43,174167.0,11315.0,98.41,70098.0,12144.0,98.345,33435.0,3016.0,98.29,86081.0,8133.0,98.265,65527.0,7961.0,98.27,35307.0,2170.0,98.18,65941.0,8790.0,98.165,61690.0,8566.0,98.14,23730.0,2997.0,98.095,152990.0,19185.0,98.09,39329.0,6410.0,98.08,5659.0,614.0,98.045,5909.0,685.0,98.035,2336.0,237.0,98.02,744.0,251.0,97.995,1498.0,85.0,97.99,371.0,48.0,97.98,145.0,NaN,97.965,142.0,32.0,97.96,108.0,4.0,97.95,97.93,97.925,97.925,97.915,97.92,97.915,97.91,97.91,97.9,97.89,97.89,NaN,NaN,NaN,NaN,NaN,NaN,NaN,NaN,NaN,NaN,NaN,NaN,NaN,NaN,NaN,NaN,NaN,NaN,NaN,NaN,NaN,NaN,NaN,NaN
2017-12-21,NaN,NaN,NaN,NaN,NaN,NaN,NaN,NaN,NaN,NaN,NaN,NaN,NaN,NaN,NaN,NaN,NaN,NaN,NaN,NaN,NaN,NaN,NaN,NaN,NaN,NaN,NaN,NaN,NaN,NaN,NaN,NaN,NaN,98.7025,103939.0,4058.0,98.595,279445.0,2987.0,98.59,194973.0,14703.0,98.535,74666.0,4665.0,98.43,175749.0,14362.0,98.41,70410.0,5663.0,98.345,34463.0,3836.0,98.285,86741.0,7068.0,98.265,65559.0,4095.0,98.26,35489.0,3173.0,98.16,68453.0,5936.0,98.15,60899.0,3469.0,98.125,23668.0,1159.0,98.08,155054.0,14650.0,98.075,38936.0,2566.0,98.06,6169.0,1146.0,98.025,5709.0,709.0,98.02,2350.0,341.0,98.0,728.0,70.0,97.975,1500.0,12.0,97.975,424.0,107.0,97.965,145.0,NaN,97.95,142.0,30.0,97.945,108.0,NaN,97.935,97.915,97.91,97.91,97.9,97.905,97.9,97.895,97.895,97.885,97.885,97.885,NaN,NaN,NaN,NaN,NaN,NaN,NaN,NaN,NaN,NaN,NaN,NaN,NaN,NaN,NaN,NaN,NaN,NaN,NaN,NaN,NaN,NaN,NaN,NaN
2017-12-22,NaN,NaN,NaN,NaN,NaN,NaN,NaN,NaN,NaN,NaN,NaN,NaN,NaN,NaN,NaN,NaN,NaN,NaN,NaN,NaN,NaN,NaN,NaN,NaN,NaN,NaN,NaN,NaN,NaN,NaN,NaN,NaN,NaN,98.7025,102748.0,2875.0,98.595,280284.0,3284.0,98.59,193773.0,2906.0,98.535,75449.0,1628.0,98.42,175709.0,2483.0,98.405,70538.0,1924.0,98.33,34479.0,507.0,98.27,86575.0,3248.0,98.245,65523.0,2857.0,98.245,35469.0,2140.0,98.15,68917.0,3098.0,98.135,61153.0,1141.0,98.11,23677.0,1570.0,98.065,150562.0,9802.0,98.06,39032.0,2800.0,98.045,6163.0,561.0,98.01,5701.0,497.0,98.005,2464.0,214.0,97.99,750.0,22.0,97.96,1505.0,39.0,97.96,459.0,38.0,97.945,145.0,NaN,97.93,142.0,NaN,97.925,108.0,NaN,97.915,97.9,97.895,97.89,97.885,97.89,97.885,97.88,97.88,97.87,97.87,97.87,NaN,NaN,NaN,NaN,NaN,NaN,NaN,NaN,NaN,NaN,NaN,NaN,NaN,NaN,NaN,NaN,NaN,NaN,NaN,NaN,NaN,NaN,NaN,NaN
2017-12-25,NaN,NaN,NaN,NaN,NaN,NaN,NaN,NaN,NaN,NaN,NaN,NaN,NaN,NaN,NaN,NaN,NaN,NaN,NaN,NaN,NaN,NaN,NaN,NaN,NaN,NaN,NaN,NaN,NaN,NaN,NaN,NaN,NaN,NaN,102748.0,NaN,NaN,280284.0,NaN,NaN,193773.0,NaN,NaN,75449.0,NaN,NaN,175709.0,NaN,NaN,70538.0,NaN,NaN,34479.0,NaN,NaN,86575.0,NaN,NaN,65523.0,NaN,NaN,35469.0,NaN,NaN,68917.0,NaN,NaN,61153.0,NaN,NaN,23677.0,NaN,NaN,150562.0,NaN,NaN,39032.0,NaN,NaN,6163.0,NaN,NaN,5701.0,NaN,NaN,2464.0,NaN,NaN,750.0,NaN,NaN,1505.0,NaN,NaN,459.0,NaN,NaN,145.0,NaN,NaN,142.0,NaN,NaN,108.0,NaN,NaN,NaN,NaN,NaN,NaN,NaN,NaN,NaN,NaN,NaN,NaN,NaN,NaN,NaN,NaN,NaN,NaN,NaN,NaN,NaN,NaN,NaN,NaN,NaN,NaN,NaN,NaN,NaN,NaN,NaN,NaN,NaN,NaN,NaN,NaN,NaN
2017-12-26,NaN,NaN,NaN,NaN,NaN,NaN,NaN,NaN,NaN,NaN,NaN,NaN,NaN,NaN,NaN,NaN,NaN,NaN,NaN,NaN,NaN,NaN,NaN,NaN,NaN,NaN,NaN,NaN,NaN,NaN,NaN,NaN,NaN,98.7025,102749.0,12.0,98.595,280445.0,650.0,98.59,193694.0,297.0,98.535,75931.0,984.0,98.42,175820.0,1447.0,98.405,70720.0,447.0,98.33,34361.0,538.0,98.27,86703.0,999.0,98.245,65571.0,1089.0,98.245,35456.0,423.0,98.15,68928.0,635.0,98.135,61200.0,310.0,98.11,23747.0,98.0,98.065,150381.0,732.0,98.06,39057.0,155.0,98.045,6161.0,5.0,98.01,5867.0,209.0,98.005,2446.0,18.0,97.985,750.0,NaN,97.96,1506.0,66.0,97.96,470.0,109.0,97.945,145.0,NaN,97.935,172.0,34.0,97.93,108.0,NaN,97.92,97.905,97.9,97.9,97.895,97.9,97.89,97.89,97.89,97.88,97.875,97.88,NaN,NaN,NaN,NaN,NaN,NaN,NaN,NaN,NaN,NaN,NaN,NaN,NaN,NaN,NaN,NaN,NaN,NaN,NaN,NaN,NaN,NaN,NaN,NaN
2017-12-27,NaN,NaN,NaN,NaN,NaN,NaN,NaN,NaN,NaN,NaN,NaN,NaN,NaN,NaN,NaN,NaN,NaN,NaN,NaN,NaN,NaN,NaN,NaN,NaN,NaN,NaN,NaN,NaN,NaN,NaN,NaN,NaN,NaN,98.7025,102537.0,290.0,98.595,280531.0,1197.0,98.59,195441.0,6565.0,98.535,74135.0,3568.0,98.425,179116.0,5803.0,98.41,70569.0,2172.0,98.335,34024.0,1163.0,98.275,89588.0,7053.0,98.25,66897.0,3165.0,98.25,35316.0,1259.0,98.155,67757.0,5606.0,98.145,61453.0,1252.0,98.12,23788.0,909.0,98.07,151791.0,4463.0,98.07,39201.0,482.0,98.06,6208.0,126.0,98.025,6285.0,967.0,98.015,2497.0,316.0,98.0,729.0,39.0,97.975,1506.0,51.0,97.97,458.0,22.0,97.965,145.0,NaN,97.95,194.0,22.0,97.95,108.0,NaN,97.94,97.925,97.92,97.92,97.915,97.92,97.92,97.92,97.92,97.91,97.905,97.905,NaN,NaN,NaN,NaN,NaN,NaN,NaN,NaN,NaN,NaN,NaN,NaN,NaN,NaN,NaN,NaN,NaN,NaN,NaN,NaN,NaN,NaN,NaN,NaN
2017-12-28,NaN,NaN,NaN,NaN,NaN,NaN,NaN,NaN,NaN,NaN,NaN,NaN,NaN,NaN,NaN,NaN,NaN,NaN,NaN,NaN,NaN,NaN,NaN,NaN,NaN,NaN,NaN,NaN,NaN,NaN,NaN,NaN,NaN,98.7,101005.0,4184.0,98.595,272652.0,11971.0,98.59,199488.0,6708.0,98.545,74687.0,3887.0,98.43,177348.0,6965.0,98.415,72721.0,6903.0,98.34,34354.0,2075.0,98.275,90603.0,7981.0,98.25,67095.0,3226.0,98.25,36163.0,2527.0,98.155,66593.0,5763.0,98.145,61768.0,1550.0,98.115,23932.0,1407.0,98.07,149433.0,9238.0,98.065,42166.0,4791.0,98.055,6217.0,185.0,98.015,6352.0,198.0,98.01,2667.0,390.0,97.99,711.0,175.0,97.965,1506.0,147.0,97.96,533.0,75.0,97.945,145.0,NaN,97.935,240.0,78.0,97.93,170.0,101.0,97.915,97.905,97.905,97.895,97.89,97.9,97.895,97.895,97.895,97.885,97.885,97.885,NaN,NaN,NaN,NaN,NaN,NaN,NaN,NaN,NaN,NaN,NaN,NaN,NaN,NaN,NaN,NaN,NaN,NaN,NaN,NaN,NaN,NaN,NaN,NaN
2017-12-29,NaN,NaN,NaN,NaN,NaN,NaN,NaN,NaN,NaN,NaN,NaN,NaN,NaN,NaN,NaN,NaN,NaN,NaN,NaN,NaN,NaN,NaN,NaN,NaN,NaN,NaN,NaN,NaN,NaN,NaN,NaN,NaN,NaN,98.7,NaN,18968.0,98.595,271677.0,6801.0,98.59,197054.0,8816.0,98.545,74352.0,2818.0,98.435,178039.0,8173.0,98.415,72516.0,3389.0,98.34,34759.0,1227.0,98.28,92821.0,4041.0,98.255,67109.0,748.0,98.255,36107.0,374.0,98.16,66517.0,1082.0,98.15,61876.0,220.0,98.12,23919.0,445.0,98.075,149847.0,1800.0,98.075,42146.0,315.0,98.065,6217.0,123.0,98.03,6380.0,145.0,98.025,2721.0,273.0,98.005,771.0,99.0,97.98,1508.0,51.0,97.98,576.0,44.0,97.96,145.0,NaN,97.95,240.0,NaN,97.95,170.0,NaN,97.935,97.925,97.925,97.915,97.91,97.92,97.915,97.915,97.915,97.905,97.905,97.91,97.91,NaN,NaN,NaN,NaN,NaN,NaN,NaN,NaN,NaN,NaN,NaN,NaN,NaN,NaN,NaN,NaN,NaN,NaN,NaN,NaN,NaN,NaN,NaN
