date,FFF11 Comdty|PX_LAST,FFF11 Comdty|OPEN_INT,FFF11 Comdty|PX_VOLUME,FFG11 Comdty|PX_LAST,FFG11 Comdty|OPEN_INT,FFG11 Comdty|PX_VOLUME,FFH11 Comdty|PX_LAST,FFH11 Comdty|OPEN_INT,FFH11 Comdty|PX_VOLUME,FFJ11 Comdty|PX_LAST,FFJ11 Comdty|OPEN_INT,FFJ11 Comdty|PX_VOLUME,FFK11 Comdty|PX_LAST,FFK11 Comdty|OPEN_INT,FFK11 Comdty|PX_VOLUME,FFM11 Comdty|PX_LAST,FFM11 Comdty|OPEN_INT,FFM11 Comdty|PX_VOLUME,FFN11 Comdty|PX_LAST,FFN11 Comdty|OPEN_INT,FFN11 Comdty|PX_VOLUME,FFQ11 Comdty|PX_LAST,FFQ11 Comdty|OPEN_INT,FFQ11 Comdty|PX_VOLUME,FFU11 Comdty|PX_LAST,FFU11 Comdty|OPEN_INT,FFU11 Comdty|PX_VOLUME,FFV11 Comdty|PX_LAST,FFV11 Comdty|OPEN_INT,FFV11 Comdty|PX_VOLUME,FFX11 Comdty|PX_LAST,FFX11 Comdty|OPEN_INT,FFX11 Comdty|PX_VOLUME,FFZ11 Comdty|PX_LAST,FFZ11 Comdty|OPEN_INT,FFZ11 Comdty|PX_VOLUME,FFF12 Comdty|PX_LAST,FFF12 Comdty|OPEN_INT,FFF12 Comdty|PX_VOLUME,FFG12 Comdty|PX_LAST,FFG12 Comdty|OPEN_INT,FFG12 Comdty|PX_VOLUME,FFH12 Comdty|PX_LAST,FFH12 Comdty|OPEN_INT,FFH12 Comdty|PX_VOLUME,FFJ12 Comdty|PX_LAST,FFJ12 Comdty|OPEN_INT,FFJ12 Comdty|PX_VOLUME,FFK12 Comdty|PX_LAST,FFK12 Comdty|OPEN_INT,FFK12 Comdty|PX_VOLUME,FFM12 Comdty|PX_LAST,FFM12 Comdty|OPEN_INT,FFM12 Comdty|PX_VOLUME,FFN12 Comdty|PX_LAST,FFN12 Comdty|OPEN_INT,FFN12 Comdty|PX_VOLUME,FFQ12 Comdty|PX_LAST,FFQ12 Comdty|OPEN_INT,FFQ12 Comdty|PX_VOLUME,FFU12 Comdty|PX_LAST,FFU12 Comdty|OPEN_INT,FFU12 Comdty|PX_VOLUME,FFV12 Comdty|PX_LAST,FFV12 Comdty|OPEN_INT,FFV12 Comdty|PX_VOLUME,FFX12 Comdty|PX_LAST,FFX12 Comdty|OPEN_INT,FFX12 Comdty|PX_VOLUME,FFZ12 Comdty|PX_LAST,FFZ12 Comdty|OPEN_INT,FFZ12 Comdty|PX_VOLUME,FFF13 Comdty|PX_LAST,FFF13 Comdty|OPEN_INT,FFF13 Comdty|PX_VOLUME,FFG13 Comdty|PX_LAST,FFG13 Comdty|OPEN_INT,FFG13 Comdty|PX_VOLUME,FFH13 Comdty|PX_LAST,FFH13 Comdty|OPEN_INT,FFH13 Comdty|PX_VOLUME,FFJ13 Comdty|PX_LAST,FFJ13 Comdty|OPEN_INT,FFJ13 Comdty|PX_VOLUME,FFK13 Comdty|PX_LAST,FFK13 Comdty|OPEN_INT,FFK13 Comdty|PX_VOLUME,FFM13 Comdty|PX_LAST,FFM13 Comdty|OPEN_INT,FFM13 Comdty|PX_VOLUME,FFN13 Comdty|PX_LAST,FFN13 Comdty|OPEN_INT,FFN13 Comdty|PX_VOLUME,FFQ13 Comdty|PX_LAST,FFQ13 Comdty|OPEN_INT,FFQ13 Comdty|PX_VOLUME,FFU13 Comdty|PX_LAST,FFU13 Comdty|OPEN_INT,FFU13 Comdty|PX_VOLUME,FFV13 Comdty|PX_LAST,FFV13 Comdty|OPEN_INT,FFV13 Comdty|PX_VOLUME,FFX13 Comdty|PX_LAST,FFX13 Comdty|OPEN_INT,FFX13 Comdty|PX_VOLUME,FFZ13 Comdty|PX_LAST,FFF14 Comdty|PX_LAST,FFG14 Comdty|PX_LAST,FFH14 Comdty|PX_LAST,FFJ14 Comdty|PX_LAST,FFK14 Comdty|PX_LAST,FFM14 Comdty|PX_LAST,FFN14 Comdty|PX_LAST,FFQ14 Comdty|PX_LAST,FFU14 Comdty|PX_LAST,FFV14 Comdty|PX_LAST,FFX14 Comdty|PX_LAST,FFZ14 Comdty|PX_LAST,FFF15 Comdty|PX_LAST,FFG15 Comdty|PX_LAST,FFH15 Comdty|PX_LAST,FFJ15 Comdty|PX_LAST,FFK15 Comdty|PX_LAST,FFM15 Comdty|PX_LAST,FFN15 Comdty|PX_LAST,FFQ15 Comdty|PX_LAST,FFU15 Comdty|PX_LAST,FFV15 Comdty|PX_LAST,FFX15 Comdty|PX_LAST,FFZ15 Comdty|PX_LAST,FFF16 Comdty|PX_LAST,FFG16 Comdty|PX_LAST,FFH16 Comdty|PX_LAST,FFJ16 Comdty|PX_LAST,FFK16 Comdty|PX_LAST,FFM16 Comdty|PX_LAST,FFN16 Comdty|PX_LAST,FFQ16 Comdty|PX_LAST,FFU16 Comdty|PX_LAST,FFV16 Comdty|PX_LAST,FFX16 Comdty|PX_LAST
2011-01-03,99.82,69715.0,3331.0,99.815,59932.0,1159.0,99.815,41796.0,1969.0,99.82,38485.0,596.0,99.815,51933.0,2428.0,99.81,28515.0,545.0,99.8,31479.0,3866.0,99.785,33142.0,3056.0,99.77,19111.0,1115.0,99.745,24491.0,2408.0,99.7,23327.0,1549.0,99.67,20598.0,1544.0,99.63,11637.0,2117.0,99.545,10558.0,836.0,99.48,10185.0,443.0,99.415,6197.0,311.0,99.31,9534.0,23.0,99.265,1622.0,32.0,99.17,3780.0,1.0,99.055,3062.0,5.0,98.97,1584.0,5.0,98.895,2457.0,5.0,98.79,225.0,9.0,98.69,23.0,43.0,NaN,NaN,NaN,NaN,NaN,NaN,NaN,NaN,NaN,NaN,NaN,NaN,NaN,NaN,NaN,NaN,NaN,NaN,NaN,NaN,NaN,NaN,NaN,NaN,NaN,NaN,NaN,NaN,NaN,NaN,NaN,NaN,NaN,NaN,NaN,NaN,NaN,NaN,NaN,NaN,NaN,NaN,NaN,NaN,NaN,NaN,NaN,NaN,NaN,NaN,NaN,NaN,NaN,NaN,NaN,NaN,NaN,NaN,NaN,NaN,NaN,NaN,NaN,NaN,NaN,NaN,NaN,NaN,NaN
2011-01-04,99.8225,71419.0,6290.0,99.815,61679.0,6096.0,99.815,43194.0,4200.0,99.82,38943.0,1811.0,99.815,53463.0,2477.0,99.81,29462.0,1959.0,99.795,32010.0,3790.0,99.775,32913.0,4059.0,99.755,18491.0,3862.0,99.73,24892.0,4046.0,99.68,23989.0,4508.0,99.65,21162.0,3361.0,99.61,12621.0,2873.0,99.525,11194.0,1769.0,99.46,10225.0,405.0,99.395,6250.0,154.0,99.29,9542.0,39.0,99.245,1621.0,22.0,99.15,3794.0,15.0,99.035,3037.0,36.0,98.95,1583.0,24.0,98.875,2480.0,34.0,98.77,218.0,27.0,98.685,30.0,12.0,NaN,NaN,NaN,NaN,NaN,NaN,NaN,NaN,NaN,NaN,NaN,NaN,NaN,NaN,NaN,NaN,NaN,NaN,NaN,NaN,NaN,NaN,NaN,NaN,NaN,NaN,NaN,NaN,NaN,NaN,NaN,NaN,NaN,NaN,NaN,NaN,NaN,NaN,NaN,NaN,NaN,NaN,NaN,NaN,NaN,NaN,NaN,NaN,NaN,NaN,NaN,NaN,NaN,NaN,NaN,NaN,NaN,NaN,NaN,NaN,NaN,NaN,NaN,NaN,NaN,NaN,NaN,NaN,NaN
2011-01-05,99.8225,72016.0,2551.0,99.815,62066.0,6376.0,99.815,44018.0,2896.0,99.82,38370.0,3191.0,99.815,53800.0,3234.0,99.8,29290.0,4932.0,99.775,30430.0,9615.0,99.74,34079.0,10111.0,99.705,18156.0,7156.0,99.665,24875.0,7114.0,99.595,23589.0,9294.0,99.55,21519.0,6936.0,99.505,11879.0,3139.0,99.405,11328.0,1013.0,99.32,10408.0,546.0,99.25,6250.0,229.0,99.13,9597.0,139.0,99.08,1634.0,96.0,98.98,3798.0,41.0,98.865,3038.0,10.0,98.775,1582.0,18.0,98.69,2481.0,1.0,98.57,193.0,26.0,98.485,40.0,10.0,NaN,NaN,NaN,NaN,NaN,NaN,NaN,NaN,NaN,NaN,NaN,NaN,NaN,NaN,NaN,NaN,NaN,NaN,NaN,NaN,NaN,NaN,NaN,NaN,NaN,NaN,NaN,NaN,NaN,NaN,NaN,NaN,NaN,NaN,NaN,NaN,NaN,NaN,NaN,NaN,NaN,NaN,NaN,NaN,NaN,NaN,NaN,NaN,NaN,NaN,NaN,NaN,NaN,NaN,NaN,NaN,NaN,NaN,NaN,NaN,NaN,NaN,NaN,NaN,NaN,NaN,NaN,NaN,NaN
2011-01-06,99.8225,73416.0,3568.0,99.815,63259.0,6819.0,99.815,43770.0,2018.0,99.815,40163.0,9084.0,99.815,54074.0,2451.0,99.8,29636.0,1039.0,99.775,31059.0,5447.0,99.74,33491.0,3769.0,99.71,18301.0,3813.0,99.67,26296.0,4328.0,99.605,24251.0,5703.0,99.565,22089.0,4892.0,99.52,11762.0,1352.0,99.43,11494.0,473.0,99.35,10424.0,452.0,99.28,6301.0,361.0,99.16,9638.0,124.0,99.11,1593.0,74.0,99.01,3835.0,46.0,98.895,3042.0,18.0,98.805,1586.0,4.0,98.72,2495.0,14.0,98.6,193.0,NaN,98.515,53.0,13.0,NaN,NaN,NaN,NaN,NaN,NaN,NaN,NaN,NaN,NaN,NaN,NaN,NaN,NaN,NaN,NaN,NaN,NaN,NaN,NaN,NaN,NaN,NaN,NaN,NaN,NaN,NaN,NaN,NaN,NaN,NaN,NaN,NaN,NaN,NaN,NaN,NaN,NaN,NaN,NaN,NaN,NaN,NaN,NaN,NaN,NaN,NaN,NaN,NaN,NaN,NaN,NaN,NaN,NaN,NaN,NaN,NaN,NaN,NaN,NaN,NaN,NaN,NaN,NaN,NaN,NaN,NaN,NaN,NaN
2011-01-07,99.8225,73341.0,5851.0,99.82,62844.0,2191.0,99.815,45740.0,8374.0,99.82,42065.0,6992.0,99.82,61316.0,21243.0,99.815,32397.0,8130.0,99.8,32590.0,13360.0,99.78,34550.0,12641.0,99.76,18529.0,4612.0,99.73,26212.0,3773.0,99.68,24392.0,2882.0,99.645,21995.0,3326.0,99.605,11828.0,3503.0,99.525,11559.0,977.0,99.455,10423.0,464.0,99.385,6313.0,371.0,99.28,9732.0,265.0,99.23,1632.0,136.0,99.135,3805.0,177.0,99.025,3041.0,43.0,98.935,1628.0,43.0,98.855,2499.0,46.0,98.75,153.0,43.0,98.68,53.0,NaN,NaN,NaN,NaN,NaN,NaN,NaN,NaN,NaN,NaN,NaN,NaN,NaN,NaN,NaN,NaN,NaN,NaN,NaN,NaN,NaN,NaN,NaN,NaN,NaN,NaN,NaN,NaN,NaN,NaN,NaN,NaN,NaN,NaN,NaN,NaN,NaN,NaN,NaN,NaN,NaN,NaN,NaN,NaN,NaN,NaN,NaN,NaN,NaN,NaN,NaN,NaN,NaN,NaN,NaN,NaN,NaN,NaN,NaN,NaN,NaN,NaN,NaN,NaN,NaN,NaN,NaN,NaN,NaN,NaN
2011-01-10,99.8225,73358.0,1825.0,99.82,62589.0,1861.0,99.825,45924.0,3204.0,99.83,41375.0,4021.0,99.825,61159.0,5937.0,99.82,33100.0,4517.0,99.805,34471.0,7406.0,99.79,34277.0,2060.0,99.77,18696.0,1256.0,99.74,26244.0,2011.0,99.695,24226.0,2343.0,99.665,23050.0,1842.0,99.63,11994.0,466.0,99.555,11733.0,581.0,99.49,10396.0,1027.0,99.43,6645.0,577.0,99.325,9875.0,209.0,99.275,1653.0,60.0,99.18,3834.0,54.0,99.085,3147.0,141.0,98.995,1671.0,77.0,98.93,2906.0,412.0,98.825,319.0,327.0,98.755,103.0,57.0,NaN,NaN,NaN,NaN,NaN,NaN,NaN,NaN,NaN,NaN,NaN,NaN,NaN,NaN,NaN,NaN,NaN,NaN,NaN,NaN,NaN,NaN,NaN,NaN,NaN,NaN,NaN,NaN,NaN,NaN,NaN,NaN,NaN,NaN,NaN,NaN,NaN,NaN,NaN,NaN,NaN,NaN,NaN,NaN,NaN,NaN,NaN,NaN,NaN,NaN,NaN,NaN,NaN,NaN,NaN,NaN,NaN,NaN,NaN,NaN,NaN,NaN,NaN,NaN,NaN,NaN,NaN,NaN,NaN
2011-01-11,99.825,74212.0,6013.0,99.825,63311.0,2149.0,99.825,45994.0,788.0,99.83,41228.0,1161.0,99.83,61285.0,2373.0,99.82,33315.0,2914.0,99.805,37375.0,5979.0,99.79,34276.0,3287.0,99.77,18856.0,2494.0,99.74,26998.0,2485.0,99.695,24357.0,2794.0,99.665,22592.0,2539.0,99.63,12386.0,1455.0,99.55,11980.0,888.0,99.49,10632.0,1105.0,99.43,6885.0,627.0,99.325,10229.0,662.0,99.275,1832.0,282.0,99.21,3851.0,21.0,99.115,3247.0,117.0,99.025,1671.0,NaN,98.955,2906.0,NaN,98.845,319.0,NaN,98.775,128.0,30.0,NaN,NaN,NaN,NaN,NaN,NaN,NaN,NaN,NaN,NaN,NaN,NaN,NaN,NaN,NaN,NaN,NaN,NaN,NaN,NaN,NaN,NaN,NaN,NaN,NaN,NaN,NaN,NaN,NaN,NaN,NaN,NaN,NaN,NaN,NaN,NaN,NaN,NaN,NaN,NaN,NaN,NaN,NaN,NaN,NaN,NaN,NaN,NaN,NaN,NaN,NaN,NaN,NaN,NaN,NaN,NaN,NaN,NaN,NaN,NaN,NaN,NaN,NaN,NaN,NaN,NaN,NaN,NaN,NaN
2011-01-12,99.8275,73875.0,892.0,99.825,62012.0,2013.0,99.825,46266.0,2556.0,99.83,41236.0,1012.0,99.83,61544.0,2061.0,99.825,33716.0,1757.0,99.81,37956.0,3850.0,99.79,34159.0,2600.0,99.77,19023.0,2032.0,99.74,27046.0,2153.0,99.695,24915.0,1974.0,99.665,22609.0,1117.0,99.63,12316.0,831.0,99.55,12122.0,640.0,99.49,10616.0,481.0,99.43,6718.0,650.0,99.325,9870.0,603.0,99.275,1832.0,169.0,99.21,3854.0,12.0,99.115,3247.0,5.0,99.025,1671.0,NaN,98.955,2906.0,NaN,98.845,319.0,NaN,98.775,128.0,NaN,NaN,NaN,NaN,NaN,NaN,NaN,NaN,NaN,NaN,NaN,NaN,NaN,NaN,NaN,NaN,NaN,NaN,NaN,NaN,NaN,NaN,NaN,NaN,NaN,NaN,NaN,NaN,NaN,NaN,NaN,NaN,NaN,NaN,NaN,NaN,NaN,NaN,NaN,NaN,NaN,NaN,NaN,NaN,NaN,NaN,NaN,NaN,NaN,NaN,NaN,NaN,NaN,NaN,NaN,NaN,NaN,NaN,NaN,NaN,NaN,NaN,NaN,NaN,NaN,NaN,NaN,NaN,NaN,NaN
2011-01-13,99.8275,69184.0,7402.0,99.825,63331.0,8839.0,99.83,46212.0,2193.0,99.835,42276.0,5143.0,99.835,62863.0,4740.0,99.83,34949.0,3233.0,99.815,40638.0,8492.0,99.795,32386.0,7452.0,99.77,20592.0,5842.0,99.74,28779.0,4222.0,99.7,25638.0,3060.0,99.67,22862.0,1896.0,99.64,12418.0,1470.0,99.56,12174.0,716.0,99.5,10786.0,654.0,99.44,6719.0,385.0,99.335,9831.0,367.0,99.285,1840.0,63.0,99.22,3857.0,3.0,99.115,3247.0,8.0,99.025,1671.0,NaN,98.955,2906.0,NaN,98.845,319.0,NaN,98.775,128.0,NaN,NaN,NaN,NaN,NaN,NaN,NaN,NaN,NaN,NaN,NaN,NaN,NaN,NaN,NaN,NaN,NaN,NaN,NaN,NaN,NaN,NaN,NaN,NaN,NaN,NaN,NaN,NaN,NaN,NaN,NaN,NaN,NaN,NaN,NaN,NaN,NaN,NaN,NaN,NaN,NaN,NaN,NaN,NaN,NaN,NaN,NaN,NaN,NaN,NaN,NaN,NaN,NaN,NaN,NaN,NaN,NaN,NaN,NaN,NaN,NaN,NaN,NaN,NaN,NaN,NaN,NaN,NaN,NaN,NaN
2011-01-14,99.83,66870.0,4788.0,99.83,65069.0,5890.0,99.83,46499.0,1380.0,99.835,42603.0,914.0,99.835,63671.0,1357.0,99.83,36169.0,2182.0,99.815,40242.0,1578.0,99.795,32810.0,2104.0,99.77,20521.0,2126.0,99.74,30329.0,5334.0,99.695,26372.0,3744.0,99.67,22909.0,2554.0,99.635,12463.0,2169.0,99.555,12176.0,1188.0,99.495,11070.0,1581.0,99.435,6897.0,1450.0,99.33,10056.0,707.0,99.28,1835.0,151.0,99.19,3889.0,62.0,99.085,3276.0,57.0,98.995,1671.0,NaN,98.925,2906.0,20.0,98.815,359.0,60.0,98.745,128.0,30.0,NaN,NaN,NaN,NaN,NaN,NaN,NaN,NaN,NaN,NaN,NaN,NaN,NaN,NaN,NaN,NaN,NaN,NaN,NaN,NaN,NaN,NaN,NaN,NaN,NaN,NaN,NaN,NaN,NaN,NaN,NaN,NaN,NaN,NaN,NaN,NaN,NaN,NaN,NaN,NaN,NaN,NaN,NaN,NaN,NaN,NaN,NaN,NaN,NaN,NaN,NaN,NaN,NaN,NaN,NaN,NaN,NaN,NaN,NaN,NaN,NaN,NaN,NaN,NaN,NaN,NaN,NaN,NaN,NaN
2011-01-18,99.83,63829.0,8236.0,99.83,65900.0,4640.0,99.835,48570.0,4354.0,99.84,41052.0,6178.0,99.84,64428.0,4027.0,99.84,36436.0,5788.0,99.825,38248.0,13335.0,99.81,34536.0,6704.0,99.79,20747.0,4453.0,99.76,31495.0,6563.0,99.715,26613.0,4605.0,99.685,24068.0,3759.0,99.65,12135.0,1404.0,99.57,12128.0,830.0,99.51,11187.0,235.0,99.45,6889.0,86.0,99.35,10062.0,38.0,99.3,1835.0,1.0,99.21,3889.0,NaN,99.105,3276.0,NaN,99.015,1671.0,NaN,98.945,2906.0,NaN,98.835,359.0,NaN,98.765,128.0,NaN,NaN,NaN,NaN,NaN,NaN,NaN,NaN,NaN,NaN,NaN,NaN,NaN,NaN,NaN,NaN,NaN,NaN,NaN,NaN,NaN,NaN,NaN,NaN,NaN,NaN,NaN,NaN,NaN,NaN,NaN,NaN,NaN,NaN,NaN,NaN,NaN,NaN,NaN,NaN,NaN,NaN,NaN,NaN,NaN,NaN,NaN,NaN,NaN,NaN,NaN,NaN,NaN,NaN,NaN,NaN,NaN,NaN,NaN,NaN,NaN,NaN,NaN,NaN,NaN,NaN,NaN,NaN,NaN,NaN
2011-01-19,99.83,63676.0,2931.0,99.83,67295.0,1827.0,99.835,49039.0,1144.0,99.84,41640.0,2485.0,99.84,64702.0,1036.0,99.84,36187.0,1920.0,99.825,40041.0,3575.0,99.81,34476.0,1972.0,99.79,20661.0,1396.0,99.76,31732.0,2422.0,99.715,27297.0,2286.0,99.69,24595.0,1491.0,99.655,12107.0,456.0,99.575,12312.0,531.0,99.515,11201.0,602.0,99.455,6964.0,195.0,99.36,10139.0,132.0,99.31,1836.0,74.0,99.22,3902.0,24.0,99.115,3275.0,9.0,99.03,1664.0,37.0,98.96,2911.0,21.0,98.85,365.0,20.0,98.78,132.0,4.0,NaN,NaN,NaN,NaN,NaN,NaN,NaN,NaN,NaN,NaN,NaN,NaN,NaN,NaN,NaN,NaN,NaN,NaN,NaN,NaN,NaN,NaN,NaN,NaN,NaN,NaN,NaN,NaN,NaN,NaN,NaN,NaN,NaN,NaN,NaN,NaN,NaN,NaN,NaN,NaN,NaN,NaN,NaN,NaN,NaN,NaN,NaN,NaN,NaN,NaN,NaN,NaN,NaN,NaN,NaN,NaN,NaN,NaN,NaN,NaN,NaN,NaN,NaN,NaN,NaN,NaN,NaN,NaN,NaN
2011-01-20,99.83,66628.0,4321.0,99.83,68181.0,3712.0,99.835,48946.0,3090.0,99.84,43244.0,5799.0,99.845,63394.0,8187.0,99.84,36349.0,4994.0,99.825,40621.0,2538.0,99.81,33679.0,3527.0,99.785,20480.0,2066.0,99.75,31604.0,3167.0,99.695,27094.0,3108.0,99.66,25052.0,2286.0,99.615,12368.0,1402.0,99.525,12643.0,1623.0,99.455,11512.0,684.0,99.39,7131.0,265.0,99.28,10287.0,188.0,99.23,1841.0,32.0,99.135,3900.0,9.0,99.025,3278.0,4.0,98.94,1666.0,2.0,98.86,2919.0,9.0,98.75,365.0,5.0,98.675,132.0,NaN,NaN,NaN,NaN,NaN,NaN,NaN,NaN,NaN,NaN,NaN,NaN,NaN,NaN,NaN,NaN,NaN,NaN,NaN,NaN,NaN,NaN,NaN,NaN,NaN,NaN,NaN,NaN,NaN,NaN,NaN,NaN,NaN,NaN,NaN,NaN,NaN,NaN,NaN,NaN,NaN,NaN,NaN,NaN,NaN,NaN,NaN,NaN,NaN,NaN,NaN,NaN,NaN,NaN,NaN,NaN,NaN,NaN,NaN,NaN,NaN,NaN,NaN,NaN,NaN,NaN,NaN,NaN,NaN,NaN
2011-01-21,99.83,67142.0,1705.0,99.83,68611.0,911.0,99.835,48882.0,337.0,99.845,43467.0,1650.0,99.845,62839.0,1048.0,99.84,36313.0,630.0,99.825,40965.0,1007.0,99.81,33745.0,1237.0,99.785,20614.0,1234.0,99.75,32139.0,1762.0,99.695,27106.0,1496.0,99.655,24580.0,1906.0,99.61,12311.0,658.0,99.525,12668.0,464.0,99.455,11516.0,199.0,99.39,7158.0,136.0,99.285,10415.0,188.0,99.24,1841.0,17.0,99.145,3883.0,5.0,99.035,3278.0,NaN,98.945,1667.0,4.0,98.865,2925.0,7.0,98.755,375.0,10.0,98.68,146.0,14.0,NaN,NaN,NaN,NaN,NaN,NaN,NaN,NaN,NaN,NaN,NaN,NaN,NaN,NaN,NaN,NaN,NaN,NaN,NaN,NaN,NaN,NaN,NaN,NaN,NaN,NaN,NaN,NaN,NaN,NaN,NaN,NaN,NaN,NaN,NaN,NaN,NaN,NaN,NaN,NaN,NaN,NaN,NaN,NaN,NaN,NaN,NaN,NaN,NaN,NaN,NaN,NaN,NaN,NaN,NaN,NaN,NaN,NaN,NaN,NaN,NaN,NaN,NaN,NaN,NaN,NaN,NaN,NaN,NaN
2011-01-24,99.83,67028.0,304.0,99.83,69065.0,2327.0,99.835,48791.0,171.0,99.845,43425.0,328.0,99.845,62813.0,194.0,99.845,36560.0,3563.0,99.83,40886.0,1798.0,99.81,33701.0,851.0,99.785,20433.0,810.0,99.755,32121.0,1233.0,99.695,27397.0,1195.0,99.655,25482.0,2012.0,99.61,12391.0,716.0,99.525,12724.0,588.0,99.46,11398.0,225.0,99.395,7183.0,116.0,99.285,10437.0,26.0,99.24,1841.0,2.0,99.145,3882.0,1.0,99.035,3278.0,3.0,98.945,1686.0,19.0,98.865,3107.0,192.0,98.755,586.0,231.0,98.68,146.0,10.0,NaN,NaN,NaN,NaN,NaN,NaN,NaN,NaN,NaN,NaN,NaN,NaN,NaN,NaN,NaN,NaN,NaN,NaN,NaN,NaN,NaN,NaN,NaN,NaN,NaN,NaN,NaN,NaN,NaN,NaN,NaN,NaN,NaN,NaN,NaN,NaN,NaN,NaN,NaN,NaN,NaN,NaN,NaN,NaN,NaN,NaN,NaN,NaN,NaN,NaN,NaN,NaN,NaN,NaN,NaN,NaN,NaN,NaN,NaN,NaN,NaN,NaN,NaN,NaN,NaN,NaN,NaN,NaN,NaN
2011-01-25,99.83,67258.0,1616.0,99.83,69593.0,1881.0,99.835,50027.0,2766.0,99.845,43235.0,1389.0,99.845,62180.0,6866.0,99.845,37220.0,1376.0,99.83,39807.0,3206.0,99.81,34898.0,3757.0,99.79,21550.0,2261.0,99.76,33284.0,3397.0,99.715,27950.0,3360.0,99.68,25314.0,3444.0,99.645,12414.0,1277.0,99.57,13675.0,1466.0,99.505,11445.0,563.0,99.44,7188.0,366.0,99.345,10474.0,369.0,99.3,1868.0,183.0,99.205,3792.0,109.0,99.095,3286.0,33.0,99.005,1665.0,84.0,98.925,3172.0,98.0,98.815,950.0,373.0,98.74,171.0,54.0,NaN,NaN,NaN,NaN,NaN,NaN,NaN,NaN,NaN,NaN,NaN,NaN,NaN,NaN,NaN,NaN,NaN,NaN,NaN,NaN,NaN,NaN,NaN,NaN,NaN,NaN,NaN,NaN,NaN,NaN,NaN,NaN,NaN,NaN,NaN,NaN,NaN,NaN,NaN,NaN,NaN,NaN,NaN,NaN,NaN,NaN,NaN,NaN,NaN,NaN,NaN,NaN,NaN,NaN,NaN,NaN,NaN,NaN,NaN,NaN,NaN,NaN,NaN,NaN,NaN,NaN,NaN,NaN,NaN
2011-01-26,99.83,67638.0,3075.0,99.83,71078.0,3575.0,99.835,50221.0,1793.0,99.845,42882.0,1353.0,99.845,62488.0,1046.0,99.845,37436.0,3966.0,99.83,39543.0,5718.0,99.81,34084.0,6945.0,99.79,24034.0,9182.0,99.76,33940.0,4691.0,99.71,28324.0,3652.0,99.675,25511.0,2985.0,99.635,12565.0,1098.0,99.555,13803.0,853.0,99.49,11457.0,377.0,99.425,7188.0,140.0,99.325,10483.0,23.0,99.28,1893.0,46.0,99.185,3782.0,41.0,99.075,3316.0,41.0,98.985,1664.0,35.0,98.905,3348.0,296.0,98.795,956.0,8.0,98.72,171.0,10.0,NaN,NaN,NaN,NaN,NaN,NaN,NaN,NaN,NaN,NaN,NaN,NaN,NaN,NaN,NaN,NaN,NaN,NaN,NaN,NaN,NaN,NaN,NaN,NaN,NaN,NaN,NaN,NaN,NaN,NaN,NaN,NaN,NaN,NaN,NaN,NaN,NaN,NaN,NaN,NaN,NaN,NaN,NaN,NaN,NaN,NaN,NaN,NaN,NaN,NaN,NaN,NaN,NaN,NaN,NaN,NaN,NaN,NaN,NaN,NaN,NaN,NaN,NaN,NaN,NaN,NaN,NaN,NaN,NaN
2011-01-27,99.83,67580.0,270.0,99.835,73687.0,12235.0,99.84,52000.0,6181.0,99.85,45112.0,5981.0,99.855,61353.0,4364.0,99.85,36633.0,4209.0,99.845,39929.0,7609.0,99.83,34915.0,7344.0,99.81,26647.0,5865.0,99.79,34641.0,4567.0,99.745,29734.0,5850.0,99.705,26630.0,3547.0,99.665,12469.0,1095.0,99.59,13796.0,611.0,99.525,11822.0,800.0,99.47,7293.0,299.0,99.375,10523.0,110.0,99.33,1918.0,216.0,99.235,3807.0,73.0,99.125,3322.0,23.0,99.035,1667.0,3.0,98.955,3371.0,35.0,98.845,970.0,69.0,98.77,181.0,19.0,NaN,NaN,NaN,NaN,NaN,NaN,NaN,NaN,NaN,NaN,NaN,NaN,NaN,NaN,NaN,NaN,NaN,NaN,NaN,NaN,NaN,NaN,NaN,NaN,NaN,NaN,NaN,NaN,NaN,NaN,NaN,NaN,NaN,NaN,NaN,NaN,NaN,NaN,NaN,NaN,NaN,NaN,NaN,NaN,NaN,NaN,NaN,NaN,NaN,NaN,NaN,NaN,NaN,NaN,NaN,NaN,NaN,NaN,NaN,NaN,NaN,NaN,NaN,NaN,NaN,NaN,NaN,NaN,NaN
2011-01-28,99.83,71855.0,7003.0,99.835,73345.0,1331.0,99.84,52716.0,1959.0,99.85,44844.0,2212.0,99.855,62045.0,2630.0,99.85,37354.0,2968.0,99.845,38951.0,2948.0,99.83,34725.0,2531.0,99.81,26410.0,3342.0,99.79,35167.0,4555.0,99.75,29162.0,4481.0,99.72,26545.0,3417.0,99.68,12614.0,2974.0,99.615,14244.0,2259.0,99.56,12135.0,1228.0,99.505,7426.0,466.0,99.42,10576.0,273.0,99.375,1927.0,139.0,99.28,3830.0,27.0,99.17,3330.0,19.0,99.08,1672.0,40.0,99.0,3398.0,27.0,98.89,1014.0,45.0,98.82,199.0,18.0,NaN,NaN,NaN,NaN,NaN,NaN,NaN,NaN,NaN,NaN,NaN,NaN,NaN,NaN,NaN,NaN,NaN,NaN,NaN,NaN,NaN,NaN,NaN,NaN,NaN,NaN,NaN,NaN,NaN,NaN,NaN,NaN,NaN,NaN,NaN,NaN,NaN,NaN,NaN,NaN,NaN,NaN,NaN,NaN,NaN,NaN,NaN,NaN,NaN,NaN,NaN,NaN,NaN,NaN,NaN,NaN,NaN,NaN,NaN,NaN,NaN,NaN,NaN,NaN,NaN,NaN,NaN,NaN,NaN
2011-01-31,99.83,71748.0,131.0,99.835,71155.0,4686.0,99.84,55454.0,6162.0,99.85,45525.0,2010.0,99.855,62037.0,1576.0,99.85,38484.0,3032.0,99.845,39090.0,1760.0,99.83,35164.0,1235.0,99.81,26241.0,952.0,99.79,35413.0,1128.0,99.75,29770.0,2427.0,99.72,26200.0,2440.0,99.685,12999.0,1071.0,99.62,15179.0,1935.0,99.565,12243.0,570.0,99.51,7416.0,399.0,99.42,10695.0,152.0,99.375,2048.0,123.0,99.28,3830.0,49.0,99.17,3488.0,159.0,99.08,1699.0,93.0,99.0,3396.0,10.0,98.89,1012.0,2.0,98.82,197.0,2.0,NaN,NaN,NaN,NaN,NaN,NaN,NaN,NaN,NaN,NaN,NaN,NaN,NaN,NaN,NaN,NaN,NaN,NaN,NaN,NaN,NaN,NaN,NaN,NaN,NaN,NaN,NaN,NaN,NaN,NaN,NaN,NaN,NaN,NaN,NaN,NaN,NaN,NaN,NaN,NaN,NaN,NaN,NaN,NaN,NaN,NaN,NaN,NaN,NaN,NaN,NaN,NaN,NaN,NaN,NaN,NaN,NaN,NaN,NaN,NaN,NaN,NaN,NaN,NaN,NaN,NaN,NaN,NaN,NaN
2011-02-01,NaN,NaN,NaN,99.835,71370.0,681.0,99.84,57086.0,2665.0,99.845,46948.0,2991.0,99.85,61707.0,2810.0,99.85,38337.0,2509.0,99.835,39247.0,1464.0,99.82,34676.0,3636.0,99.795,28142.0,5212.0,99.77,35511.0,2333.0,99.725,30244.0,3289.0,99.69,26424.0,1499.0,99.655,13056.0,997.0,99.585,15413.0,1173.0,99.52,12400.0,589.0,99.465,7421.0,385.0,99.36,10728.0,131.0,99.315,2069.0,89.0,99.22,3835.0,11.0,99.11,3492.0,12.0,99.02,1706.0,9.0,98.94,3396.0,2.0,98.83,1012.0,NaN,98.76,197.0,NaN,98.69,NaN,NaN,NaN,NaN,NaN,NaN,NaN,NaN,NaN,NaN,NaN,NaN,NaN,NaN,NaN,NaN,NaN,NaN,NaN,NaN,NaN,NaN,NaN,NaN,NaN,NaN,NaN,NaN,NaN,NaN,NaN,NaN,NaN,NaN,NaN,NaN,NaN,NaN,NaN,NaN,NaN,NaN,NaN,NaN,NaN,NaN,NaN,NaN,NaN,NaN,NaN,NaN,NaN,NaN,NaN,NaN,NaN,NaN,NaN,NaN,NaN,NaN,NaN,NaN,NaN,NaN,NaN,NaN
2011-02-02,NaN,NaN,NaN,99.835,75199.0,9012.0,99.84,57126.0,8184.0,99.845,51157.0,12662.0,99.85,62726.0,6307.0,99.845,38429.0,9687.0,99.825,40250.0,7220.0,99.805,35607.0,9125.0,99.78,28388.0,7789.0,99.75,36216.0,4964.0,99.695,30602.0,4189.0,99.66,25968.0,2779.0,99.625,12774.0,2464.0,99.545,15827.0,1736.0,99.475,12444.0,856.0,99.405,7391.0,457.0,99.295,10854.0,441.0,99.245,2110.0,172.0,99.135,3832.0,48.0,99.005,3504.0,56.0,98.91,1772.0,199.0,98.81,3414.0,110.0,98.68,1005.0,27.0,98.595,200.0,10.0,98.51,6.0,6.0,NaN,NaN,NaN,NaN,NaN,NaN,NaN,NaN,NaN,NaN,NaN,NaN,NaN,NaN,NaN,NaN,NaN,NaN,NaN,NaN,NaN,NaN,NaN,NaN,NaN,NaN,NaN,NaN,NaN,NaN,NaN,NaN,NaN,NaN,NaN,NaN,NaN,NaN,NaN,NaN,NaN,NaN,NaN,NaN,NaN,NaN,NaN,NaN,NaN,NaN,NaN,NaN,NaN,NaN,NaN,NaN,NaN,NaN,NaN,NaN,NaN,NaN,NaN,NaN,NaN,NaN
2011-02-03,NaN,NaN,NaN,99.835,76657.0,10242.0,99.84,57258.0,5641.0,99.845,51108.0,6799.0,99.85,62027.0,3890.0,99.845,38559.0,1869.0,99.825,41717.0,3722.0,99.805,36099.0,4136.0,99.775,27723.0,4259.0,99.745,35655.0,4500.0,99.69,29974.0,5311.0,99.65,26426.0,3619.0,99.605,12806.0,2604.0,99.52,16381.0,2333.0,99.445,11983.0,1489.0,99.375,7269.0,589.0,99.255,10935.0,478.0,99.195,2028.0,494.0,99.085,3841.0,69.0,98.94,3503.0,1.0,98.825,1773.0,1.0,98.725,3414.0,10.0,98.59,1006.0,5.0,98.505,200.0,20.0,98.405,22.0,16.0,NaN,NaN,NaN,NaN,NaN,NaN,NaN,NaN,NaN,NaN,NaN,NaN,NaN,NaN,NaN,NaN,NaN,NaN,NaN,NaN,NaN,NaN,NaN,NaN,NaN,NaN,NaN,NaN,NaN,NaN,NaN,NaN,NaN,NaN,NaN,NaN,NaN,NaN,NaN,NaN,NaN,NaN,NaN,NaN,NaN,NaN,NaN,NaN,NaN,NaN,NaN,NaN,NaN,NaN,NaN,NaN,NaN,NaN,NaN,NaN,NaN,NaN,NaN,NaN,NaN,NaN
2011-02-04,NaN,NaN,NaN,99.835,75532.0,2598.0,99.84,56856.0,1283.0,99.845,50792.0,4048.0,99.845,61690.0,2700.0,99.84,39868.0,3842.0,99.82,42560.0,7129.0,99.795,37309.0,7426.0,99.76,26443.0,7202.0,99.72,35878.0,6304.0,99.66,30017.0,4797.0,99.615,26250.0,5851.0,99.56,12510.0,2341.0,99.465,16508.0,1767.0,99.385,11748.0,1273.0,99.305,7516.0,762.0,99.175,10943.0,709.0,99.115,1944.0,350.0,98.995,3863.0,65.0,98.85,3572.0,87.0,98.735,1824.0,163.0,98.635,3627.0,463.0,98.49,879.0,244.0,98.395,249.0,200.0,98.295,44.0,49.0,NaN,NaN,NaN,NaN,NaN,NaN,NaN,NaN,NaN,NaN,NaN,NaN,NaN,NaN,NaN,NaN,NaN,NaN,NaN,NaN,NaN,NaN,NaN,NaN,NaN,NaN,NaN,NaN,NaN,NaN,NaN,NaN,NaN,NaN,NaN,NaN,NaN,NaN,NaN,NaN,NaN,NaN,NaN,NaN,NaN,NaN,NaN,NaN,NaN,NaN,NaN,NaN,NaN,NaN,NaN,NaN,NaN,NaN,NaN,NaN,NaN,NaN,NaN,NaN,NaN,NaN
2011-02-07,NaN,NaN,NaN,99.8325,75156.0,2519.0,99.835,59050.0,5560.0,99.845,53038.0,4648.0,99.845,62504.0,2852.0,99.84,41738.0,5727.0,99.815,45536.0,19158.0,99.785,36480.0,7282.0,99.75,26762.0,5498.0,99.71,35507.0,5572.0,99.65,30171.0,4405.0,99.6,26029.0,3083.0,99.545,12628.0,1646.0,99.445,16235.0,1268.0,99.36,11589.0,833.0,99.28,7485.0,444.0,99.145,10927.0,229.0,99.085,1920.0,227.0,98.965,3847.0,30.0,98.82,3596.0,54.0,98.705,1856.0,80.0,98.605,3679.0,84.0,98.46,940.0,61.0,98.365,311.0,62.0,98.265,50.0,6.0,NaN,NaN,NaN,NaN,NaN,NaN,NaN,NaN,NaN,NaN,NaN,NaN,NaN,NaN,NaN,NaN,NaN,NaN,NaN,NaN,NaN,NaN,NaN,NaN,NaN,NaN,NaN,NaN,NaN,NaN,NaN,NaN,NaN,NaN,NaN,NaN,NaN,NaN,NaN,NaN,NaN,NaN,NaN,NaN,NaN,NaN,NaN,NaN,NaN,NaN,NaN,NaN,NaN,NaN,NaN,NaN,NaN,NaN,NaN,NaN,NaN,NaN,NaN,NaN,NaN,NaN
2011-02-08,NaN,NaN,NaN,99.8325,77990.0,5840.0,99.835,59514.0,3141.0,99.845,52497.0,6835.0,99.845,59318.0,10285.0,99.84,42196.0,3425.0,99.815,48830.0,7480.0,99.775,36224.0,6229.0,99.735,26935.0,5293.0,99.69,35324.0,6255.0,99.615,31019.0,6039.0,99.555,25649.0,4188.0,99.485,12492.0,2628.0,99.38,16885.0,1891.0,99.285,11597.0,909.0,99.19,7371.0,527.0,99.045,10894.0,229.0,98.98,1941.0,159.0,98.855,3797.0,51.0,98.7,3587.0,15.0,98.585,1804.0,52.0,98.48,3688.0,65.0,98.335,921.0,61.0,98.24,281.0,30.0,98.15,55.0,15.0,NaN,NaN,NaN,NaN,NaN,NaN,NaN,NaN,NaN,NaN,NaN,NaN,NaN,NaN,NaN,NaN,NaN,NaN,NaN,NaN,NaN,NaN,NaN,NaN,NaN,NaN,NaN,NaN,NaN,NaN,NaN,NaN,NaN,NaN,NaN,NaN,NaN,NaN,NaN,NaN,NaN,NaN,NaN,NaN,NaN,NaN,NaN,NaN,NaN,NaN,NaN,NaN,NaN,NaN,NaN,NaN,NaN,NaN,NaN,NaN,NaN,NaN,NaN,NaN,NaN,NaN
2011-02-09,NaN,NaN,NaN,99.8325,80094.0,2545.0,99.835,59946.0,1054.0,99.845,53093.0,1893.0,99.845,59618.0,914.0,99.84,41865.0,2506.0,99.82,50011.0,8659.0,99.78,35941.0,9203.0,99.75,27361.0,6665.0,99.71,35520.0,5862.0,99.645,32811.0,7255.0,99.59,26118.0,4586.0,99.525,13195.0,2784.0,99.43,17414.0,1863.0,99.345,11619.0,805.0,99.26,7562.0,682.0,99.12,10908.0,353.0,99.055,1983.0,175.0,98.93,3801.0,38.0,98.775,3587.0,1.0,98.66,1829.0,32.0,98.555,3875.0,190.0,98.41,944.0,26.0,98.315,282.0,4.0,98.225,55.0,NaN,NaN,NaN,NaN,NaN,NaN,NaN,NaN,NaN,NaN,NaN,NaN,NaN,NaN,NaN,NaN,NaN,NaN,NaN,NaN,NaN,NaN,NaN,NaN,NaN,NaN,NaN,NaN,NaN,NaN,NaN,NaN,NaN,NaN,NaN,NaN,NaN,NaN,NaN,NaN,NaN,NaN,NaN,NaN,NaN,NaN,NaN,NaN,NaN,NaN,NaN,NaN,NaN,NaN,NaN,NaN,NaN,NaN,NaN,NaN,NaN,NaN,NaN,NaN,NaN,NaN,NaN
2011-02-10,NaN,NaN,NaN,99.835,80936.0,4535.0,99.835,58876.0,2520.0,99.845,53041.0,137.0,99.845,59162.0,2247.0,99.84,42812.0,1940.0,99.82,52838.0,9989.0,99.78,36913.0,10859.0,99.745,27838.0,6981.0,99.705,36282.0,4534.0,99.635,33486.0,4747.0,99.58,26597.0,4576.0,99.51,13049.0,1785.0,99.4,17501.0,701.0,99.31,11731.0,741.0,99.225,7661.0,321.0,99.065,10952.0,159.0,99.0,1984.0,69.0,98.875,3801.0,NaN,98.72,3592.0,32.0,98.605,1882.0,60.0,98.5,4197.0,354.0,98.355,1110.0,201.0,98.26,281.0,36.0,98.17,55.0,NaN,NaN,NaN,NaN,NaN,NaN,NaN,NaN,NaN,NaN,NaN,NaN,NaN,NaN,NaN,NaN,NaN,NaN,NaN,NaN,NaN,NaN,NaN,NaN,NaN,NaN,NaN,NaN,NaN,NaN,NaN,NaN,NaN,NaN,NaN,NaN,NaN,NaN,NaN,NaN,NaN,NaN,NaN,NaN,NaN,NaN,NaN,NaN,NaN,NaN,NaN,NaN,NaN,NaN,NaN,NaN,NaN,NaN,NaN,NaN,NaN,NaN,NaN,NaN,NaN,NaN,NaN
2011-02-11,NaN,NaN,NaN,99.835,81319.0,5244.0,99.84,58437.0,5785.0,99.85,53939.0,2227.0,99.85,58391.0,3153.0,99.84,43352.0,3033.0,99.82,55387.0,5400.0,99.785,37036.0,4095.0,99.745,27684.0,2801.0,99.705,36175.0,2739.0,99.635,33348.0,3231.0,99.58,26655.0,2478.0,99.515,13308.0,1612.0,99.4,18010.0,1403.0,99.31,11747.0,471.0,99.22,7740.0,283.0,99.065,10953.0,83.0,99.0,1984.0,101.0,98.875,3796.0,132.0,98.72,3604.0,46.0,98.605,1882.0,23.0,98.5,4203.0,9.0,98.355,1110.0,NaN,98.26,281.0,10.0,98.17,55.0,1.0,NaN,NaN,NaN,NaN,NaN,NaN,NaN,NaN,NaN,NaN,NaN,NaN,NaN,NaN,NaN,NaN,NaN,NaN,NaN,NaN,NaN,NaN,NaN,NaN,NaN,NaN,NaN,NaN,NaN,NaN,NaN,NaN,NaN,NaN,NaN,NaN,NaN,NaN,NaN,NaN,NaN,NaN,NaN,NaN,NaN,NaN,NaN,NaN,NaN,NaN,NaN,NaN,NaN,NaN,NaN,NaN,NaN,NaN,NaN,NaN,NaN,NaN,NaN,NaN,NaN,NaN
2011-02-14,NaN,NaN,NaN,99.8375,82126.0,4464.0,99.84,58515.0,655.0,99.85,54088.0,639.0,99.85,58058.0,1607.0,99.845,43966.0,2428.0,99.82,55615.0,1013.0,99.785,37172.0,624.0,99.745,28126.0,1778.0,99.705,35897.0,1322.0,99.64,33244.0,912.0,99.585,26967.0,1486.0,99.52,13244.0,535.0,99.4,18023.0,319.0,99.31,11750.0,53.0,99.22,7737.0,60.0,99.065,10961.0,67.0,99.0,1979.0,38.0,98.875,3796.0,NaN,98.72,3604.0,NaN,98.605,1882.0,NaN,98.5,4203.0,NaN,98.355,1110.0,NaN,98.26,281.0,NaN,98.17,55.0,NaN,NaN,NaN,NaN,NaN,NaN,NaN,NaN,NaN,NaN,NaN,NaN,NaN,NaN,NaN,NaN,NaN,NaN,NaN,NaN,NaN,NaN,NaN,NaN,NaN,NaN,NaN,NaN,NaN,NaN,NaN,NaN,NaN,NaN,NaN,NaN,NaN,NaN,NaN,NaN,NaN,NaN,NaN,NaN,NaN,NaN,NaN,NaN,NaN,NaN,NaN,NaN,NaN,NaN,NaN,NaN,NaN,NaN,NaN,NaN,NaN,NaN,NaN,NaN,NaN,NaN,NaN
2011-02-15,NaN,NaN,NaN,99.8375,82113.0,3222.0,99.84,59051.0,1048.0,99.85,54066.0,662.0,99.85,59600.0,3222.0,99.845,45499.0,2287.0,99.82,56231.0,2643.0,99.78,37230.0,2232.0,99.745,29125.0,5159.0,99.705,35973.0,3064.0,99.64,33539.0,3393.0,99.585,27480.0,3384.0,99.52,13182.0,1863.0,99.405,18168.0,1383.0,99.315,11888.0,583.0,99.22,7728.0,313.0,99.065,10963.0,110.0,99.0,1976.0,57.0,98.875,3790.0,14.0,98.72,3607.0,6.0,98.605,1878.0,14.0,98.5,4203.0,NaN,98.355,1110.0,NaN,98.26,281.0,NaN,98.17,55.0,NaN,NaN,NaN,NaN,NaN,NaN,NaN,NaN,NaN,NaN,NaN,NaN,NaN,NaN,NaN,NaN,NaN,NaN,NaN,NaN,NaN,NaN,NaN,NaN,NaN,NaN,NaN,NaN,NaN,NaN,NaN,NaN,NaN,NaN,NaN,NaN,NaN,NaN,NaN,NaN,NaN,NaN,NaN,NaN,NaN,NaN,NaN,NaN,NaN,NaN,NaN,NaN,NaN,NaN,NaN,NaN,NaN,NaN,NaN,NaN,NaN,NaN,NaN,NaN,NaN,NaN,NaN
2011-02-16,NaN,NaN,NaN,99.8375,82203.0,5214.0,99.845,60019.0,2675.0,99.855,56437.0,8527.0,99.85,60169.0,2474.0,99.845,45729.0,2274.0,99.82,56232.0,1815.0,99.78,36638.0,2607.0,99.745,28806.0,3529.0,99.715,36049.0,3589.0,99.65,34683.0,4564.0,99.595,27875.0,3005.0,99.52,13410.0,2161.0,99.405,19018.0,2515.0,99.31,12206.0,1106.0,99.21,7724.0,428.0,99.06,10969.0,51.0,98.995,1976.0,6.0,98.87,3790.0,NaN,98.715,3607.0,NaN,98.6,1876.0,11.0,98.495,4209.0,6.0,98.345,1110.0,3.0,98.25,281.0,NaN,98.16,55.0,NaN,NaN,NaN,NaN,NaN,NaN,NaN,NaN,NaN,NaN,NaN,NaN,NaN,NaN,NaN,NaN,NaN,NaN,NaN,NaN,NaN,NaN,NaN,NaN,NaN,NaN,NaN,NaN,NaN,NaN,NaN,NaN,NaN,NaN,NaN,NaN,NaN,NaN,NaN,NaN,NaN,NaN,NaN,NaN,NaN,NaN,NaN,NaN,NaN,NaN,NaN,NaN,NaN,NaN,NaN,NaN,NaN,NaN,NaN,NaN,NaN,NaN,NaN,NaN,NaN,NaN,NaN
2011-02-17,NaN,NaN,NaN,99.84,82179.0,913.0,99.85,60244.0,2600.0,99.86,56947.0,2365.0,99.855,62034.0,5427.0,99.845,46792.0,3439.0,99.825,55605.0,4825.0,99.8,36343.0,3663.0,99.775,26717.0,9232.0,99.75,37463.0,7150.0,99.695,34964.0,6080.0,99.65,27199.0,5076.0,99.59,14596.0,2923.0,99.48,20216.0,2458.0,99.39,12024.0,852.0,99.3,7897.0,531.0,99.15,10984.0,208.0,99.085,1979.0,97.0,98.96,3796.0,24.0,98.805,3606.0,13.0,98.69,1866.0,19.0,98.585,4208.0,3.0,98.435,1110.0,NaN,98.34,281.0,NaN,98.25,55.0,NaN,NaN,NaN,NaN,NaN,NaN,NaN,NaN,NaN,NaN,NaN,NaN,NaN,NaN,NaN,NaN,NaN,NaN,NaN,NaN,NaN,NaN,NaN,NaN,NaN,NaN,NaN,NaN,NaN,NaN,NaN,NaN,NaN,NaN,NaN,NaN,NaN,NaN,NaN,NaN,NaN,NaN,NaN,NaN,NaN,NaN,NaN,NaN,NaN,NaN,NaN,NaN,NaN,NaN,NaN,NaN,NaN,NaN,NaN,NaN,NaN,NaN,NaN,NaN,NaN,NaN,NaN
2011-02-18,NaN,NaN,NaN,99.84,82107.0,450.0,99.85,60330.0,651.0,99.86,57122.0,2272.0,99.855,62301.0,1084.0,99.85,46666.0,1398.0,99.83,55021.0,3045.0,99.805,36395.0,4544.0,99.785,27503.0,5269.0,99.76,38419.0,5114.0,99.715,35813.0,5100.0,99.67,27801.0,2396.0,99.615,14787.0,1237.0,99.515,20208.0,1090.0,99.43,11978.0,267.0,99.345,7985.0,210.0,99.205,10979.0,52.0,99.14,1979.0,57.0,99.015,3802.0,42.0,98.86,3613.0,19.0,98.745,1862.0,4.0,98.64,4208.0,5.0,98.49,1110.0,1.0,98.395,285.0,4.0,98.305,55.0,NaN,NaN,NaN,NaN,NaN,NaN,NaN,NaN,NaN,NaN,NaN,NaN,NaN,NaN,NaN,NaN,NaN,NaN,NaN,NaN,NaN,NaN,NaN,NaN,NaN,NaN,NaN,NaN,NaN,NaN,NaN,NaN,NaN,NaN,NaN,NaN,NaN,NaN,NaN,NaN,NaN,NaN,NaN,NaN,NaN,NaN,NaN,NaN,NaN,NaN,NaN,NaN,NaN,NaN,NaN,NaN,NaN,NaN,NaN,NaN,NaN,NaN,NaN,NaN,NaN,NaN,NaN
2011-02-21,NaN,NaN,NaN,NaN,NaN,NaN,NaN,NaN,NaN,NaN,NaN,NaN,NaN,NaN,NaN,NaN,NaN,NaN,NaN,NaN,NaN,99.81,NaN,NaN,99.795,NaN,NaN,NaN,NaN,NaN,NaN,NaN,NaN,NaN,NaN,NaN,NaN,NaN,NaN,NaN,NaN,NaN,NaN,NaN,NaN,NaN,NaN,NaN,NaN,NaN,NaN,NaN,NaN,NaN,NaN,NaN,NaN,98.865,NaN,NaN,NaN,NaN,NaN,NaN,NaN,NaN,NaN,NaN,NaN,NaN,NaN,NaN,NaN,NaN,NaN,NaN,NaN,NaN,NaN,NaN,NaN,NaN,NaN,NaN,NaN,NaN,NaN,NaN,NaN,NaN,NaN,NaN,NaN,NaN,NaN,NaN,NaN,NaN,NaN,NaN,NaN,NaN,NaN,NaN,NaN,NaN,NaN,NaN,NaN,NaN,NaN,NaN,NaN,NaN,NaN,NaN,NaN,NaN,NaN,NaN,NaN,NaN,NaN,NaN,NaN,NaN,NaN,NaN,NaN,NaN,NaN,NaN,NaN,NaN,NaN,NaN,NaN,NaN,NaN,NaN,NaN
2011-02-22,NaN,NaN,NaN,99.84,81973.0,1820.0,99.85,60762.0,1563.0,99.86,56648.0,1882.0,99.855,62779.0,1988.0,99.855,47134.0,2570.0,99.83,54436.0,4106.0,99.81,36066.0,2092.0,99.795,27207.0,4217.0,99.77,38412.0,4497.0,99.725,35660.0,4441.0,99.685,27429.0,3464.0,99.64,14940.0,2333.0,99.55,20505.0,2128.0,99.47,12023.0,811.0,99.395,8023.0,209.0,99.265,10983.0,175.0,99.2,2046.0,207.0,99.075,3870.0,86.0,98.92,3603.0,10.0,98.805,1852.0,20.0,98.7,4193.0,21.0,98.55,1102.0,10.0,98.455,295.0,10.0,98.365,55.0,1.0,NaN,NaN,NaN,NaN,NaN,NaN,NaN,NaN,NaN,NaN,NaN,NaN,NaN,NaN,NaN,NaN,NaN,NaN,NaN,NaN,NaN,NaN,NaN,NaN,NaN,NaN,NaN,NaN,NaN,NaN,NaN,NaN,NaN,NaN,NaN,NaN,NaN,NaN,NaN,NaN,NaN,NaN,NaN,NaN,NaN,NaN,NaN,NaN,NaN,NaN,NaN,NaN,NaN,NaN,NaN,NaN,NaN,NaN,NaN,NaN,NaN,NaN,NaN,NaN,NaN,NaN
2011-02-23,NaN,NaN,NaN,99.84,82307.0,13284.0,99.85,61588.0,4071.0,99.86,56554.0,1719.0,99.855,64343.0,2610.0,99.855,47562.0,3339.0,99.84,52409.0,4101.0,99.825,36519.0,4699.0,99.81,26913.0,5492.0,99.79,38860.0,5969.0,99.745,35553.0,7417.0,99.71,24342.0,10449.0,99.66,15549.0,2733.0,99.565,21266.0,3682.0,99.485,12409.0,1552.0,99.41,8434.0,799.0,99.28,11101.0,328.0,99.215,2002.0,219.0,99.09,3819.0,171.0,98.935,3641.0,46.0,98.82,1852.0,12.0,98.715,4193.0,10.0,98.565,1102.0,NaN,98.47,295.0,NaN,98.38,55.0,NaN,NaN,NaN,NaN,NaN,NaN,NaN,NaN,NaN,NaN,NaN,NaN,NaN,NaN,NaN,NaN,NaN,NaN,NaN,NaN,NaN,NaN,NaN,NaN,NaN,NaN,NaN,NaN,NaN,NaN,NaN,NaN,NaN,NaN,NaN,NaN,NaN,NaN,NaN,NaN,NaN,NaN,NaN,NaN,NaN,NaN,NaN,NaN,NaN,NaN,NaN,NaN,NaN,NaN,NaN,NaN,NaN,NaN,NaN,NaN,NaN,NaN,NaN,NaN,NaN,NaN,NaN
2011-02-24,NaN,NaN,NaN,99.8425,82656.0,2932.0,99.85,61177.0,4333.0,99.86,56014.0,3461.0,99.855,64766.0,2242.0,99.855,46949.0,1478.0,99.84,49956.0,6020.0,99.825,36818.0,1965.0,99.815,25506.0,9665.0,99.795,40621.0,4305.0,99.745,36106.0,5852.0,99.71,29823.0,16042.0,99.66,17095.0,5914.0,99.57,22640.0,4191.0,99.5,12604.0,1416.0,99.425,8469.0,175.0,99.305,11087.0,225.0,99.24,1903.0,131.0,99.115,3797.0,72.0,98.96,3658.0,38.0,98.845,1819.0,36.0,98.74,4161.0,36.0,98.59,1102.0,NaN,98.495,295.0,NaN,98.405,55.0,NaN,NaN,NaN,NaN,NaN,NaN,NaN,NaN,NaN,NaN,NaN,NaN,NaN,NaN,NaN,NaN,NaN,NaN,NaN,NaN,NaN,NaN,NaN,NaN,NaN,NaN,NaN,NaN,NaN,NaN,NaN,NaN,NaN,NaN,NaN,NaN,NaN,NaN,NaN,NaN,NaN,NaN,NaN,NaN,NaN,NaN,NaN,NaN,NaN,NaN,NaN,NaN,NaN,NaN,NaN,NaN,NaN,NaN,NaN,NaN,NaN,NaN,NaN,NaN,NaN,NaN,NaN
2011-02-25,NaN,NaN,NaN,99.8425,82152.0,760.0,99.85,65810.0,8599.0,99.86,56335.0,1007.0,99.86,63451.0,1523.0,99.855,46805.0,1812.0,99.84,48124.0,7161.0,99.825,36759.0,5089.0,99.815,25505.0,4073.0,99.795,41279.0,6285.0,99.755,36485.0,5358.0,99.715,29528.0,3692.0,99.675,17941.0,2085.0,99.58,23182.0,1596.0,99.505,12983.0,1162.0,99.43,8523.0,306.0,99.31,11072.0,252.0,99.245,1903.0,56.0,99.12,3793.0,12.0,98.965,3658.0,NaN,98.85,1819.0,NaN,98.745,4161.0,NaN,98.595,1103.0,2.0,98.5,295.0,NaN,98.41,55.0,NaN,NaN,NaN,NaN,NaN,NaN,NaN,NaN,NaN,NaN,NaN,NaN,NaN,NaN,NaN,NaN,NaN,NaN,NaN,NaN,NaN,NaN,NaN,NaN,NaN,NaN,NaN,NaN,NaN,NaN,NaN,NaN,NaN,NaN,NaN,NaN,NaN,NaN,NaN,NaN,NaN,NaN,NaN,NaN,NaN,NaN,NaN,NaN,NaN,NaN,NaN,NaN,NaN,NaN,NaN,NaN,NaN,NaN,NaN,NaN,NaN,NaN,NaN,NaN,NaN,NaN,NaN
2011-02-28,NaN,NaN,NaN,99.8425,82022.0,472.0,99.85,65200.0,7296.0,99.86,56276.0,2373.0,99.86,62910.0,2616.0,99.855,46034.0,3493.0,99.845,48929.0,5116.0,99.83,36697.0,2178.0,99.82,26251.0,1866.0,99.805,43140.0,4850.0,99.76,38100.0,4789.0,99.725,31061.0,7075.0,99.69,22174.0,7455.0,99.61,25060.0,4213.0,99.535,14633.0,3792.0,99.465,8817.0,800.0,99.345,11216.0,334.0,99.28,1905.0,31.0,99.155,3803.0,52.0,99.01,3679.0,43.0,98.895,1903.0,117.0,98.8,4428.0,330.0,98.655,1105.0,21.0,98.56,295.0,1.0,98.465,55.0,NaN,98.375,NaN,NaN,98.285,NaN,NaN,98.195,NaN,NaN,98.105,NaN,NaN,98.015,NaN,NaN,97.925,NaN,NaN,97.835,NaN,NaN,97.745,NaN,NaN,97.655,NaN,NaN,97.565,NaN,NaN,97.475,97.385,NaN,NaN,NaN,NaN,NaN,NaN,NaN,NaN,NaN,NaN,NaN,NaN,NaN,NaN,NaN,NaN,NaN,NaN,NaN,NaN,NaN,NaN,NaN,NaN,NaN,NaN,NaN,NaN,NaN,NaN,NaN,NaN,NaN,NaN
2011-03-01,NaN,NaN,NaN,NaN,NaN,NaN,99.85,65609.0,3125.0,99.86,58939.0,5209.0,99.86,63552.0,3931.0,99.855,45764.0,2756.0,99.845,47299.0,7014.0,99.835,35394.0,2628.0,99.82,28116.0,5428.0,99.805,43308.0,7648.0,99.76,38392.0,3691.0,99.73,32030.0,2511.0,99.695,22524.0,1708.0,99.62,25175.0,2219.0,99.555,14761.0,1416.0,99.49,8901.0,686.0,99.37,11303.0,510.0,99.305,1714.0,444.0,99.195,3821.0,103.0,99.055,3616.0,121.0,98.94,1996.0,167.0,98.845,4543.0,148.0,98.7,1107.0,23.0,98.605,296.0,35.0,98.505,61.0,25.0,98.375,3.0,3.0,98.285,NaN,NaN,98.195,NaN,NaN,98.105,NaN,NaN,98.015,NaN,NaN,97.925,NaN,NaN,97.835,NaN,NaN,97.745,NaN,NaN,97.655,NaN,NaN,97.565,NaN,NaN,97.475,97.385,97.295,NaN,NaN,NaN,NaN,NaN,NaN,NaN,NaN,NaN,NaN,NaN,NaN,NaN,NaN,NaN,NaN,NaN,NaN,NaN,NaN,NaN,NaN,NaN,NaN,NaN,NaN,NaN,NaN,NaN,NaN,NaN,NaN,NaN
2011-03-02,NaN,NaN,NaN,NaN,NaN,NaN,99.85,66860.0,9653.0,99.86,58900.0,1292.0,99.86,63461.0,1346.0,99.855,44730.0,2066.0,99.845,46592.0,1454.0,99.835,35936.0,2920.0,99.82,27609.0,3354.0,99.8,42715.0,4879.0,99.75,38712.0,7267.0,99.715,37411.0,10559.0,99.68,24862.0,6469.0,99.6,26004.0,3258.0,99.535,15526.0,1721.0,99.47,9424.0,845.0,99.35,11368.0,241.0,99.285,1736.0,70.0,99.175,3849.0,49.0,99.035,3614.0,69.0,98.92,2006.0,90.0,98.825,4672.0,181.0,98.68,1107.0,14.0,98.585,296.0,9.0,98.485,55.0,12.0,98.355,5.0,2.0,98.265,14.0,14.0,98.175,2.0,2.0,98.085,NaN,NaN,97.995,NaN,NaN,97.905,NaN,NaN,97.815,NaN,NaN,97.725,NaN,NaN,97.635,NaN,NaN,97.545,NaN,NaN,97.455,97.365,97.275,NaN,NaN,NaN,NaN,NaN,NaN,NaN,NaN,NaN,NaN,NaN,NaN,NaN,NaN,NaN,NaN,NaN,NaN,NaN,NaN,NaN,NaN,NaN,NaN,NaN,NaN,NaN,NaN,NaN,NaN,NaN,NaN,NaN
2011-03-03,NaN,NaN,NaN,NaN,NaN,NaN,99.85,66936.0,4999.0,99.86,58185.0,1941.0,99.86,62565.0,4383.0,99.855,45325.0,2051.0,99.84,46181.0,2673.0,99.82,36025.0,4155.0,99.805,28009.0,4856.0,99.78,41973.0,6324.0,99.72,38506.0,5907.0,99.68,34456.0,7985.0,99.63,24585.0,5799.0,99.525,26484.0,4491.0,99.44,15885.0,2515.0,99.355,9461.0,1027.0,99.22,11609.0,605.0,99.155,1759.0,261.0,99.035,3852.0,93.0,98.885,3649.0,61.0,98.77,1940.0,95.0,98.66,4681.0,135.0,98.515,1107.0,NaN,98.42,297.0,1.0,98.32,55.0,30.0,98.18,3.0,3.0,98.09,14.0,NaN,98.0,2.0,NaN,97.91,NaN,NaN,97.83,NaN,NaN,97.74,3.0,3.0,97.63,5.0,5.0,97.54,2.0,2.0,97.445,NaN,NaN,97.355,NaN,NaN,97.28,97.2,97.11,NaN,NaN,NaN,NaN,NaN,NaN,NaN,NaN,NaN,NaN,NaN,NaN,NaN,NaN,NaN,NaN,NaN,NaN,NaN,NaN,NaN,NaN,NaN,NaN,NaN,NaN,NaN,NaN,NaN,NaN,NaN,NaN,NaN
2011-03-04,NaN,NaN,NaN,NaN,NaN,NaN,99.85,67246.0,2531.0,99.86,58421.0,5610.0,99.86,63063.0,3943.0,99.86,45092.0,3553.0,99.845,47270.0,6293.0,99.835,35617.0,7135.0,99.825,28851.0,13607.0,99.805,41243.0,12751.0,99.755,40324.0,12384.0,99.72,34085.0,8543.0,99.685,25973.0,7045.0,99.605,29301.0,6683.0,99.54,18033.0,3515.0,99.47,10089.0,1756.0,99.355,11836.0,1211.0,99.29,1845.0,322.0,99.175,3568.0,495.0,99.03,3594.0,285.0,98.915,2001.0,89.0,98.81,4807.0,488.0,98.665,1239.0,478.0,98.58,296.0,18.0,98.48,101.0,54.0,98.34,47.0,52.0,98.25,24.0,10.0,98.16,NaN,2.0,98.07,3.0,3.0,97.99,NaN,NaN,97.9,3.0,NaN,97.785,5.0,NaN,97.695,2.0,NaN,97.6,NaN,NaN,97.51,NaN,NaN,97.435,97.355,97.26,NaN,NaN,NaN,NaN,NaN,NaN,NaN,NaN,NaN,NaN,NaN,NaN,NaN,NaN,NaN,NaN,NaN,NaN,NaN,NaN,NaN,NaN,NaN,NaN,NaN,NaN,NaN,NaN,NaN,NaN,NaN,NaN,NaN
2011-03-07,NaN,NaN,NaN,NaN,NaN,NaN,99.85,67302.0,2015.0,99.86,58431.0,129.0,99.86,62957.0,453.0,99.86,44880.0,615.0,99.845,47140.0,393.0,99.835,35309.0,796.0,99.825,29128.0,867.0,99.805,41281.0,3192.0,99.755,39189.0,2720.0,99.72,35219.0,3176.0,99.685,26376.0,2601.0,99.6,29570.0,1843.0,99.53,18003.0,972.0,99.465,10137.0,485.0,99.35,11928.0,292.0,99.285,1846.0,58.0,99.17,3755.0,299.0,99.025,3616.0,103.0,98.91,2001.0,12.0,98.805,4843.0,36.0,98.665,1272.0,87.0,98.58,295.0,3.0,98.48,102.0,52.0,98.345,48.0,1.0,98.255,24.0,NaN,98.165,NaN,NaN,98.065,3.0,NaN,97.985,NaN,NaN,97.895,3.0,NaN,97.78,5.0,NaN,97.69,2.0,NaN,97.61,NaN,NaN,97.52,NaN,NaN,97.445,97.37,97.275,NaN,NaN,NaN,NaN,NaN,NaN,NaN,NaN,NaN,NaN,NaN,NaN,NaN,NaN,NaN,NaN,NaN,NaN,NaN,NaN,NaN,NaN,NaN,NaN,NaN,NaN,NaN,NaN,NaN,NaN,NaN,NaN,NaN
2011-03-08,NaN,NaN,NaN,NaN,NaN,NaN,99.855,68970.0,4921.0,99.86,59716.0,3293.0,99.86,63182.0,2893.0,99.86,45035.0,422.0,99.845,48155.0,1648.0,99.83,35923.0,3520.0,99.815,29633.0,3353.0,99.795,41587.0,3159.0,99.74,39972.0,3894.0,99.7,36891.0,4931.0,99.66,27237.0,3236.0,99.575,30272.0,2907.0,99.505,18022.0,1737.0,99.43,10298.0,726.0,99.315,11878.0,491.0,99.25,1863.0,176.0,99.135,3839.0,139.0,98.99,3671.0,84.0,98.875,2001.0,NaN,98.77,4843.0,NaN,98.63,1272.0,10.0,98.545,295.0,10.0,98.445,102.0,NaN,98.31,48.0,NaN,98.22,24.0,NaN,98.13,1.0,1.0,98.03,8.0,7.0,97.95,NaN,NaN,97.86,3.0,NaN,97.75,5.0,NaN,97.66,2.0,NaN,97.585,NaN,NaN,97.495,NaN,NaN,97.42,97.345,97.25,NaN,NaN,NaN,NaN,NaN,NaN,NaN,NaN,NaN,NaN,NaN,NaN,NaN,NaN,NaN,NaN,NaN,NaN,NaN,NaN,NaN,NaN,NaN,NaN,NaN,NaN,NaN,NaN,NaN,NaN,NaN,NaN,NaN
2011-03-09,NaN,NaN,NaN,NaN,NaN,NaN,99.855,69059.0,763.0,99.86,60407.0,1827.0,99.86,63520.0,1493.0,99.86,45065.0,995.0,99.845,47145.0,1639.0,99.83,35799.0,3270.0,99.815,29586.0,2486.0,99.795,40522.0,5527.0,99.745,40345.0,4427.0,99.715,37262.0,3040.0,99.675,28271.0,3845.0,99.595,29829.0,2557.0,99.53,17392.0,1307.0,99.465,10199.0,767.0,99.35,11993.0,189.0,99.295,1863.0,5.0,99.18,3848.0,14.0,99.035,3674.0,12.0,98.925,1999.0,58.0,98.82,4857.0,103.0,98.685,1313.0,51.0,98.6,305.0,49.0,98.5,139.0,93.0,98.37,15.0,44.0,98.28,24.0,NaN,98.19,1.0,NaN,98.09,8.0,NaN,98.02,NaN,NaN,97.93,6.0,6.0,97.83,5.0,NaN,97.74,2.0,NaN,97.665,NaN,NaN,97.575,NaN,NaN,97.5,97.425,97.33,NaN,NaN,NaN,NaN,NaN,NaN,NaN,NaN,NaN,NaN,NaN,NaN,NaN,NaN,NaN,NaN,NaN,NaN,NaN,NaN,NaN,NaN,NaN,NaN,NaN,NaN,NaN,NaN,NaN,NaN,NaN,NaN,NaN
2011-03-10,NaN,NaN,NaN,NaN,NaN,NaN,99.8575,70808.0,3262.0,99.86,61627.0,4907.0,99.86,63654.0,4188.0,99.86,45439.0,1941.0,99.845,47911.0,3545.0,99.83,35621.0,3294.0,99.815,29621.0,3607.0,99.8,40577.0,4758.0,99.76,40414.0,3837.0,99.73,38664.0,5183.0,99.695,30254.0,5554.0,99.62,32595.0,6366.0,99.56,19210.0,4579.0,99.495,10731.0,1428.0,99.395,11989.0,449.0,99.34,1883.0,106.0,99.235,3910.0,63.0,99.1,3674.0,12.0,98.995,1999.0,NaN,98.895,4863.0,7.0,98.765,1318.0,17.0,98.685,306.0,17.0,98.59,139.0,NaN,98.46,15.0,NaN,98.37,24.0,NaN,98.29,1.0,NaN,98.19,8.0,NaN,98.12,NaN,NaN,98.03,6.0,NaN,97.935,5.0,NaN,97.845,2.0,NaN,97.775,NaN,NaN,97.685,NaN,NaN,97.61,97.54,97.445,NaN,NaN,NaN,NaN,NaN,NaN,NaN,NaN,NaN,NaN,NaN,NaN,NaN,NaN,NaN,NaN,NaN,NaN,NaN,NaN,NaN,NaN,NaN,NaN,NaN,NaN,NaN,NaN,NaN,NaN,NaN,NaN,NaN
2011-03-11,NaN,NaN,NaN,NaN,NaN,NaN,99.8575,73918.0,4602.0,99.86,63377.0,3306.0,99.86,64258.0,2520.0,99.86,44714.0,5958.0,99.85,45843.0,8360.0,99.835,35150.0,2861.0,99.82,29501.0,2202.0,99.805,40147.0,2298.0,99.76,40308.0,2326.0,99.73,40353.0,5506.0,99.705,30571.0,3466.0,99.635,34193.0,4013.0,99.575,20340.0,5123.0,99.525,11351.0,1637.0,99.425,12201.0,1038.0,99.37,2407.0,775.0,99.265,4438.0,667.0,99.13,3660.0,74.0,99.025,2001.0,15.0,98.925,4865.0,4.0,98.8,1319.0,2.0,98.72,306.0,2.0,98.63,139.0,NaN,98.5,15.0,NaN,98.41,24.0,NaN,98.33,1.0,NaN,98.23,8.0,NaN,98.16,NaN,NaN,98.07,3.0,6.0,97.975,5.0,NaN,97.885,2.0,NaN,97.815,NaN,NaN,97.72,NaN,NaN,97.645,97.575,97.475,NaN,NaN,NaN,NaN,NaN,NaN,NaN,NaN,NaN,NaN,NaN,NaN,NaN,NaN,NaN,NaN,NaN,NaN,NaN,NaN,NaN,NaN,NaN,NaN,NaN,NaN,NaN,NaN,NaN,NaN,NaN,NaN,NaN
2011-03-14,NaN,NaN,NaN,NaN,NaN,NaN,99.8575,75172.0,3842.0,99.86,62358.0,4464.0,99.86,64271.0,6280.0,99.86,45264.0,2747.0,99.855,45942.0,1886.0,99.84,36528.0,3000.0,99.83,29919.0,1745.0,99.815,40262.0,1408.0,99.775,40727.0,1170.0,99.75,40593.0,2334.0,99.725,31543.0,4135.0,99.665,34982.0,4158.0,99.61,20253.0,1553.0,99.56,11561.0,684.0,99.47,12343.0,1367.0,99.42,3262.0,2002.0,99.33,4802.0,761.0,99.205,3680.0,216.0,99.105,2042.0,119.0,99.005,4920.0,150.0,98.88,1339.0,60.0,98.8,328.0,64.0,98.71,155.0,31.0,98.585,102.0,105.0,98.505,62.0,65.0,98.425,1.0,1.0,98.325,8.0,NaN,98.255,NaN,NaN,98.165,3.0,NaN,98.07,5.0,NaN,97.98,2.0,NaN,97.91,NaN,NaN,97.81,NaN,NaN,97.735,97.665,97.56,NaN,NaN,NaN,NaN,NaN,NaN,NaN,NaN,NaN,NaN,NaN,NaN,NaN,NaN,NaN,NaN,NaN,NaN,NaN,NaN,NaN,NaN,NaN,NaN,NaN,NaN,NaN,NaN,NaN,NaN,NaN,NaN,NaN
2011-03-15,NaN,NaN,NaN,NaN,NaN,NaN,99.8575,78426.0,11135.0,99.86,62752.0,7838.0,99.86,68940.0,10449.0,99.86,44020.0,5152.0,99.855,45070.0,3335.0,99.84,36084.0,5729.0,99.83,29483.0,6400.0,99.815,40346.0,7239.0,99.775,40189.0,7424.0,99.75,37265.0,13140.0,99.725,35910.0,14856.0,99.67,37361.0,11399.0,99.615,19280.0,5277.0,99.565,12083.0,2545.0,99.465,13277.0,2498.0,99.415,5095.0,3306.0,99.325,5076.0,737.0,99.2,3745.0,390.0,99.1,2047.0,125.0,99.0,5116.0,325.0,98.875,1380.0,142.0,98.795,361.0,185.0,98.705,240.0,129.0,98.58,119.0,50.0,98.5,65.0,3.0,98.42,1.0,NaN,98.32,7.0,1.0,98.25,NaN,NaN,98.16,3.0,NaN,98.065,5.0,NaN,97.975,2.0,NaN,97.905,NaN,NaN,97.805,NaN,NaN,97.73,97.66,97.555,NaN,NaN,NaN,NaN,NaN,NaN,NaN,NaN,NaN,NaN,NaN,NaN,NaN,NaN,NaN,NaN,NaN,NaN,NaN,NaN,NaN,NaN,NaN,NaN,NaN,NaN,NaN,NaN,NaN,NaN,NaN,NaN,NaN
2011-03-16,NaN,NaN,NaN,NaN,NaN,NaN,99.8575,83995.0,11148.0,99.86,65707.0,4082.0,99.86,70658.0,13468.0,99.86,43619.0,7161.0,99.855,46696.0,4945.0,99.84,38227.0,4034.0,99.83,29615.0,6593.0,99.815,40694.0,5777.0,99.785,40855.0,4561.0,99.765,35857.0,8072.0,99.74,42451.0,18443.0,99.69,39376.0,7932.0,99.645,19569.0,2015.0,99.61,12603.0,1597.0,99.52,13398.0,2033.0,99.47,6353.0,2460.0,99.38,6385.0,2055.0,99.265,3802.0,563.0,99.18,2133.0,226.0,99.09,5347.0,296.0,98.965,1561.0,216.0,98.885,381.0,124.0,98.805,302.0,89.0,98.69,206.0,103.0,98.61,65.0,1.0,98.53,1.0,2.0,98.43,6.0,1.0,98.36,NaN,NaN,98.28,4.0,1.0,98.185,6.0,1.0,98.095,2.0,NaN,98.025,6.0,6.0,97.925,6.0,6.0,97.86,97.79,97.685,NaN,NaN,NaN,NaN,NaN,NaN,NaN,NaN,NaN,NaN,NaN,NaN,NaN,NaN,NaN,NaN,NaN,NaN,NaN,NaN,NaN,NaN,NaN,NaN,NaN,NaN,NaN,NaN,NaN,NaN,NaN,NaN,NaN
2011-03-17,NaN,NaN,NaN,NaN,NaN,NaN,99.8575,84357.0,3133.0,99.86,66417.0,1832.0,99.86,70116.0,2847.0,99.86,44024.0,1227.0,99.85,46734.0,980.0,99.835,37895.0,809.0,99.825,30271.0,4011.0,99.81,42370.0,3778.0,99.775,41253.0,3874.0,99.755,35655.0,4100.0,99.73,43517.0,8623.0,99.67,40341.0,6139.0,99.625,20535.0,2713.0,99.58,12555.0,997.0,99.49,13527.0,991.0,99.44,6342.0,943.0,99.35,6428.0,1042.0,99.235,3870.0,305.0,99.135,2143.0,49.0,99.04,5383.0,43.0,98.915,1586.0,40.0,98.835,381.0,NaN,98.755,302.0,44.0,98.64,244.0,50.0,98.56,65.0,NaN,98.48,6.0,6.0,98.38,6.0,5.0,98.31,NaN,NaN,98.23,4.0,NaN,98.135,6.0,NaN,98.045,2.0,NaN,97.975,6.0,NaN,97.875,6.0,NaN,97.815,97.755,97.65,NaN,NaN,NaN,NaN,NaN,NaN,NaN,NaN,NaN,NaN,NaN,NaN,NaN,NaN,NaN,NaN,NaN,NaN,NaN,NaN,NaN,NaN,NaN,NaN,NaN,NaN,NaN,NaN,NaN,NaN,NaN,NaN,NaN
2011-03-18,NaN,NaN,NaN,NaN,NaN,NaN,99.8575,84138.0,15826.0,99.86,68263.0,9302.0,99.86,71166.0,5696.0,99.86,43506.0,3871.0,99.85,46563.0,581.0,99.835,37966.0,476.0,99.82,30928.0,1004.0,99.81,42460.0,656.0,99.775,40868.0,819.0,99.755,35567.0,1597.0,99.73,43008.0,661.0,99.67,40742.0,1310.0,99.625,20527.0,464.0,99.575,12563.0,556.0,99.485,13747.0,670.0,99.435,6308.0,368.0,99.345,6449.0,99.0,99.23,3893.0,77.0,99.13,2159.0,91.0,99.035,5617.0,281.0,98.91,2210.0,639.0,98.83,383.0,7.0,98.75,302.0,NaN,98.635,250.0,6.0,98.55,65.0,NaN,98.47,6.0,NaN,98.37,6.0,NaN,98.3,NaN,NaN,98.22,4.0,NaN,98.12,6.0,NaN,98.03,2.0,NaN,97.96,6.0,NaN,97.86,6.0,NaN,97.8,97.725,97.62,NaN,NaN,NaN,NaN,NaN,NaN,NaN,NaN,NaN,NaN,NaN,NaN,NaN,NaN,NaN,NaN,NaN,NaN,NaN,NaN,NaN,NaN,NaN,NaN,NaN,NaN,NaN,NaN,NaN,NaN,NaN,NaN,NaN
2011-03-21,NaN,NaN,NaN,NaN,NaN,NaN,99.8575,83184.0,5635.0,99.86,67505.0,7378.0,99.86,69642.0,4313.0,99.855,44243.0,5239.0,99.845,47337.0,7283.0,99.825,38196.0,2573.0,99.81,31410.0,3394.0,99.795,41614.0,3394.0,99.76,40453.0,2225.0,99.735,35415.0,1900.0,99.705,43449.0,1639.0,99.645,40952.0,1535.0,99.59,20465.0,1027.0,99.535,12521.0,451.0,99.435,13626.0,309.0,99.385,6301.0,64.0,99.285,6489.0,58.0,99.16,3915.0,72.0,99.06,2163.0,58.0,98.955,5620.0,35.0,98.825,2210.0,NaN,98.735,383.0,NaN,98.655,306.0,7.0,98.52,269.0,29.0,98.435,78.0,13.0,98.355,6.0,12.0,98.255,6.0,NaN,98.185,NaN,NaN,98.105,10.0,6.0,98.005,6.0,NaN,97.915,2.0,NaN,97.845,NaN,6.0,97.745,6.0,NaN,97.685,97.61,97.505,NaN,NaN,NaN,NaN,NaN,NaN,NaN,NaN,NaN,NaN,NaN,NaN,NaN,NaN,NaN,NaN,NaN,NaN,NaN,NaN,NaN,NaN,NaN,NaN,NaN,NaN,NaN,NaN,NaN,NaN,NaN,NaN,NaN
2011-03-22,NaN,NaN,NaN,NaN,NaN,NaN,99.8575,83976.0,3328.0,99.86,68982.0,2357.0,99.86,69828.0,1370.0,99.855,44395.0,1681.0,99.845,47493.0,4054.0,99.825,37273.0,2384.0,99.81,31759.0,3091.0,99.79,41027.0,1969.0,99.75,40148.0,1436.0,99.725,35163.0,885.0,99.695,43375.0,1951.0,99.63,40572.0,1893.0,99.575,20408.0,1509.0,99.525,12303.0,1137.0,99.425,13729.0,754.0,99.375,6301.0,171.0,99.275,6491.0,102.0,99.15,3930.0,105.0,99.045,2157.0,140.0,98.94,5627.0,100.0,98.8,3118.0,1975.0,98.71,394.0,38.0,98.63,305.0,9.0,98.495,278.0,11.0,98.41,80.0,2.0,98.33,12.0,8.0,98.23,12.0,12.0,98.16,NaN,NaN,98.08,10.0,NaN,97.98,6.0,NaN,97.89,2.0,NaN,97.82,NaN,NaN,97.72,6.0,NaN,97.66,97.585,97.48,NaN,NaN,NaN,NaN,NaN,NaN,NaN,NaN,NaN,NaN,NaN,NaN,NaN,NaN,NaN,NaN,NaN,NaN,NaN,NaN,NaN,NaN,NaN,NaN,NaN,NaN,NaN,NaN,NaN,NaN,NaN,NaN,NaN
2011-03-23,NaN,NaN,NaN,NaN,NaN,NaN,99.8575,83565.0,7272.0,99.86,70709.0,5219.0,99.86,71395.0,2168.0,99.855,44694.0,2368.0,99.845,48526.0,2171.0,99.825,37403.0,2216.0,99.81,32019.0,3084.0,99.79,40772.0,3025.0,99.745,40731.0,3197.0,99.72,34703.0,1696.0,99.69,43263.0,2020.0,99.625,39902.0,3184.0,99.57,20499.0,1540.0,99.51,12136.0,1102.0,99.41,14292.0,1222.0,99.36,6301.0,128.0,99.26,6507.0,22.0,99.135,3923.0,92.0,99.03,2155.0,106.0,98.935,6119.0,535.0,98.805,3182.0,281.0,98.715,393.0,17.0,98.635,313.0,8.0,98.5,283.0,5.0,98.415,77.0,6.0,98.335,12.0,NaN,98.235,12.0,NaN,98.165,NaN,NaN,98.085,10.0,NaN,97.985,6.0,NaN,97.89,2.0,NaN,97.82,NaN,NaN,97.72,6.0,NaN,97.66,97.585,97.48,NaN,NaN,NaN,NaN,NaN,NaN,NaN,NaN,NaN,NaN,NaN,NaN,NaN,NaN,NaN,NaN,NaN,NaN,NaN,NaN,NaN,NaN,NaN,NaN,NaN,NaN,NaN,NaN,NaN,NaN,NaN,NaN,NaN
2011-03-24,NaN,NaN,NaN,NaN,NaN,NaN,99.8575,84038.0,1602.0,99.86,71438.0,6778.0,99.86,71715.0,2288.0,99.855,44930.0,530.0,99.845,48878.0,1172.0,99.825,38192.0,2202.0,99.805,31872.0,2721.0,99.785,39974.0,5731.0,99.745,40813.0,4364.0,99.71,35150.0,3642.0,99.675,43819.0,5652.0,99.605,41042.0,4953.0,99.545,22888.0,4877.0,99.495,12473.0,1282.0,99.39,15229.0,764.0,99.34,6301.0,145.0,99.24,6454.0,305.0,99.115,3932.0,17.0,99.01,2212.0,108.0,98.915,6217.0,107.0,98.785,3190.0,10.0,98.695,402.0,9.0,98.615,314.0,1.0,98.48,283.0,1.0,98.395,77.0,NaN,98.315,12.0,NaN,98.215,12.0,NaN,98.145,NaN,NaN,98.065,10.0,NaN,97.965,6.0,NaN,97.87,2.0,NaN,97.8,NaN,NaN,97.7,6.0,NaN,97.64,97.565,97.46,NaN,NaN,NaN,NaN,NaN,NaN,NaN,NaN,NaN,NaN,NaN,NaN,NaN,NaN,NaN,NaN,NaN,NaN,NaN,NaN,NaN,NaN,NaN,NaN,NaN,NaN,NaN,NaN,NaN,NaN,NaN,NaN,NaN
2011-03-25,NaN,NaN,NaN,NaN,NaN,NaN,99.8575,81462.0,4235.0,99.865,73562.0,7568.0,99.86,72826.0,8131.0,99.855,45662.0,4335.0,99.845,49763.0,5677.0,99.815,38742.0,5036.0,99.79,31122.0,5835.0,99.765,38206.0,7892.0,99.72,41331.0,6817.0,99.68,35473.0,6250.0,99.645,42646.0,6911.0,99.565,41389.0,6589.0,99.495,23121.0,3079.0,99.43,12670.0,2422.0,99.315,15218.0,1303.0,99.26,6015.0,683.0,99.155,6222.0,583.0,99.02,4037.0,177.0,98.915,2232.0,132.0,98.81,6208.0,133.0,98.68,3230.0,55.0,98.585,471.0,81.0,98.505,390.0,88.0,98.36,298.0,43.0,98.27,71.0,18.0,98.19,12.0,3.0,98.08,12.0,NaN,98.01,NaN,NaN,97.93,10.0,NaN,97.82,6.0,NaN,97.725,6.0,6.0,97.655,NaN,NaN,97.555,6.0,NaN,97.495,97.42,97.315,NaN,NaN,NaN,NaN,NaN,NaN,NaN,NaN,NaN,NaN,NaN,NaN,NaN,NaN,NaN,NaN,NaN,NaN,NaN,NaN,NaN,NaN,NaN,NaN,NaN,NaN,NaN,NaN,NaN,NaN,NaN,NaN,NaN
2011-03-28,NaN,NaN,NaN,NaN,NaN,NaN,99.86,81346.0,285.0,99.865,77692.0,10438.0,99.865,75391.0,6128.0,99.855,45915.0,1703.0,99.845,50445.0,2638.0,99.815,39681.0,3239.0,99.79,30833.0,3405.0,99.76,39331.0,3973.0,99.71,42878.0,4188.0,99.67,36789.0,6190.0,99.635,42213.0,5730.0,99.55,40589.0,3883.0,99.48,22570.0,3877.0,99.405,12064.0,2360.0,99.28,15624.0,2458.0,99.225,4971.0,2435.0,99.12,6012.0,2148.0,98.96,4560.0,966.0,98.855,2323.0,430.0,98.75,6328.0,810.0,98.62,3407.0,1052.0,98.52,1325.0,1194.0,98.445,717.0,511.0,98.29,344.0,63.0,98.2,63.0,27.0,98.12,18.0,14.0,98.01,12.0,NaN,97.95,NaN,NaN,97.87,10.0,NaN,97.76,12.0,6.0,97.665,6.0,NaN,97.6,NaN,NaN,97.5,6.0,NaN,97.44,97.37,97.265,NaN,NaN,NaN,NaN,NaN,NaN,NaN,NaN,NaN,NaN,NaN,NaN,NaN,NaN,NaN,NaN,NaN,NaN,NaN,NaN,NaN,NaN,NaN,NaN,NaN,NaN,NaN,NaN,NaN,NaN,NaN,NaN,NaN
2011-03-29,NaN,NaN,NaN,NaN,NaN,NaN,99.86,81136.0,755.0,99.87,78550.0,3879.0,99.865,72070.0,5449.0,99.855,45630.0,4234.0,99.84,48254.0,7173.0,99.815,38958.0,7641.0,99.79,30003.0,2985.0,99.76,40527.0,4181.0,99.705,44596.0,8827.0,99.67,32193.0,12028.0,99.635,42086.0,7348.0,99.545,39267.0,3421.0,99.465,20663.0,7653.0,99.39,11909.0,3507.0,99.26,16269.0,2706.0,99.205,4519.0,3647.0,99.1,6449.0,721.0,98.93,4796.0,320.0,98.815,2270.0,127.0,98.705,6284.0,86.0,98.575,3512.0,229.0,98.465,1476.0,325.0,98.395,834.0,152.0,98.225,348.0,5.0,98.135,63.0,NaN,98.055,18.0,NaN,97.945,12.0,5.0,97.885,11.0,11.0,97.805,10.0,NaN,97.695,12.0,NaN,97.605,6.0,NaN,97.545,6.0,6.0,97.45,1.0,7.0,97.39,97.32,97.225,NaN,NaN,NaN,NaN,NaN,NaN,NaN,NaN,NaN,NaN,NaN,NaN,NaN,NaN,NaN,NaN,NaN,NaN,NaN,NaN,NaN,NaN,NaN,NaN,NaN,NaN,NaN,NaN,NaN,NaN,NaN,NaN,NaN
2011-03-30,NaN,NaN,NaN,NaN,NaN,NaN,99.86,80879.0,371.0,99.875,78208.0,6854.0,99.87,71709.0,3695.0,99.86,45615.0,1943.0,99.845,48348.0,2473.0,99.82,38999.0,2633.0,99.79,30303.0,2146.0,99.76,41096.0,3201.0,99.71,44875.0,3577.0,99.68,32186.0,3827.0,99.64,42702.0,2529.0,99.56,39931.0,3538.0,99.485,20723.0,2382.0,99.415,10888.0,2253.0,99.29,15870.0,1718.0,99.235,4492.0,657.0,99.125,6702.0,545.0,98.955,4823.0,123.0,98.84,2240.0,44.0,98.73,6292.0,36.0,98.6,3515.0,30.0,98.49,1482.0,6.0,98.43,829.0,6.0,98.265,355.0,7.0,98.175,57.0,7.0,98.095,18.0,NaN,97.995,12.0,NaN,97.94,11.0,NaN,97.86,10.0,NaN,97.75,12.0,NaN,97.66,6.0,NaN,97.6,6.0,NaN,97.505,1.0,NaN,97.445,97.375,97.28,NaN,NaN,NaN,NaN,NaN,NaN,NaN,NaN,NaN,NaN,NaN,NaN,NaN,NaN,NaN,NaN,NaN,NaN,NaN,NaN,NaN,NaN,NaN,NaN,NaN,NaN,NaN,NaN,NaN,NaN,NaN,NaN,NaN
2011-03-31,NaN,NaN,NaN,NaN,NaN,NaN,99.86,80327.0,1106.0,99.88,77788.0,7615.0,99.875,70985.0,3738.0,99.865,45853.0,3498.0,99.85,50334.0,4439.0,99.83,39898.0,3960.0,99.805,30553.0,2034.0,99.78,45939.0,10714.0,99.735,49073.0,13313.0,99.705,36148.0,8589.0,99.67,46271.0,11270.0,99.59,42918.0,9120.0,99.515,21540.0,4008.0,99.44,11235.0,1968.0,99.33,16135.0,1618.0,99.275,4757.0,582.0,99.165,6882.0,592.0,98.995,4899.0,324.0,98.88,2161.0,101.0,98.77,6306.0,118.0,98.625,3511.0,42.0,98.51,1495.0,16.0,98.45,834.0,16.0,98.27,364.0,12.0,98.18,51.0,6.0,98.095,18.0,6.0,97.995,12.0,NaN,97.935,5.0,6.0,97.85,10.0,NaN,97.74,12.0,NaN,97.65,6.0,NaN,97.59,NaN,6.0,97.495,1.0,NaN,97.435,97.355,97.26,NaN,NaN,NaN,NaN,NaN,NaN,NaN,NaN,NaN,NaN,NaN,NaN,NaN,NaN,NaN,NaN,NaN,NaN,NaN,NaN,NaN,NaN,NaN,NaN,NaN,NaN,NaN,NaN,NaN,NaN,NaN,NaN,NaN
2011-04-01,NaN,NaN,NaN,NaN,NaN,NaN,NaN,NaN,NaN,99.88,79435.0,21458.0,99.875,72960.0,14119.0,99.865,53271.0,14928.0,99.85,50424.0,7157.0,99.83,40158.0,5910.0,99.805,31220.0,8105.0,99.78,47933.0,12183.0,99.73,49593.0,12492.0,99.695,40652.0,20640.0,99.655,46469.0,18592.0,99.565,44767.0,9874.0,99.485,20842.0,4506.0,99.4,12329.0,4033.0,99.28,18067.0,4171.0,99.22,4662.0,736.0,99.095,7161.0,551.0,98.91,5093.0,380.0,98.785,2196.0,369.0,98.675,6345.0,75.0,98.53,3376.0,196.0,98.415,1729.0,290.0,98.35,880.0,82.0,98.17,353.0,88.0,98.08,50.0,22.0,97.995,18.0,6.0,97.895,12.0,6.0,97.835,1.0,6.0,97.75,5.0,12.0,97.64,18.0,6.0,97.555,12.0,6.0,97.495,6.0,6.0,97.405,5.0,6.0,97.345,97.29,97.195,97.12,NaN,NaN,NaN,NaN,NaN,NaN,NaN,NaN,NaN,NaN,NaN,NaN,NaN,NaN,NaN,NaN,NaN,NaN,NaN,NaN,NaN,NaN,NaN,NaN,NaN,NaN,NaN,NaN,NaN,NaN,NaN,NaN
2011-04-04,NaN,NaN,NaN,NaN,NaN,NaN,NaN,NaN,NaN,99.89,79490.0,11183.0,99.885,75899.0,9102.0,99.875,54569.0,8998.0,99.86,49728.0,4582.0,99.84,41141.0,3460.0,99.825,31008.0,3238.0,99.8,48064.0,2737.0,99.755,49094.0,5764.0,99.72,41391.0,5800.0,99.68,46735.0,3796.0,99.595,45613.0,2863.0,99.52,20729.0,830.0,99.44,12399.0,414.0,99.315,18493.0,532.0,99.255,4745.0,344.0,99.13,7176.0,50.0,98.945,5119.0,73.0,98.83,1938.0,260.0,98.72,6333.0,261.0,98.575,3376.0,65.0,98.46,1766.0,66.0,98.395,883.0,17.0,98.225,319.0,66.0,98.135,50.0,6.0,98.05,18.0,NaN,97.95,12.0,NaN,97.89,1.0,NaN,97.805,5.0,NaN,97.695,18.0,NaN,97.61,12.0,NaN,97.55,6.0,NaN,97.46,5.0,NaN,97.4,97.345,97.25,97.175,NaN,NaN,NaN,NaN,NaN,NaN,NaN,NaN,NaN,NaN,NaN,NaN,NaN,NaN,NaN,NaN,NaN,NaN,NaN,NaN,NaN,NaN,NaN,NaN,NaN,NaN,NaN,NaN,NaN,NaN,NaN,NaN
2011-04-05,NaN,NaN,NaN,NaN,NaN,NaN,NaN,NaN,NaN,99.89,75319.0,14694.0,99.88,70181.0,18029.0,99.87,55651.0,9972.0,99.85,49169.0,11115.0,99.825,42876.0,7200.0,99.805,31471.0,3936.0,99.78,45249.0,7811.0,99.72,50151.0,6505.0,99.68,41796.0,4660.0,99.63,47795.0,6347.0,99.54,45111.0,5439.0,99.46,20491.0,1749.0,99.385,12401.0,1584.0,99.26,19013.0,2307.0,99.2,4816.0,531.0,99.075,7235.0,193.0,98.89,5212.0,134.0,98.775,1909.0,168.0,98.665,6346.0,119.0,98.52,3376.0,30.0,98.405,1766.0,7.0,98.33,879.0,20.0,98.16,314.0,17.0,98.07,47.0,21.0,97.985,18.0,6.0,97.885,12.0,NaN,97.825,1.0,NaN,97.74,1.0,6.0,97.63,18.0,NaN,97.545,6.0,6.0,97.485,3.0,9.0,97.395,5.0,NaN,97.335,97.28,97.185,97.11,NaN,NaN,NaN,NaN,NaN,NaN,NaN,NaN,NaN,NaN,NaN,NaN,NaN,NaN,NaN,NaN,NaN,NaN,NaN,NaN,NaN,NaN,NaN,NaN,NaN,NaN,NaN,NaN,NaN,NaN,NaN,NaN
2011-04-06,NaN,NaN,NaN,NaN,NaN,NaN,NaN,NaN,NaN,99.8925,75909.0,7307.0,99.885,71215.0,8267.0,99.87,55167.0,4655.0,99.85,49004.0,4797.0,99.825,43494.0,3104.0,99.81,31867.0,1850.0,99.785,45377.0,3880.0,99.73,50473.0,6046.0,99.69,41894.0,5697.0,99.64,49053.0,5659.0,99.54,45155.0,2912.0,99.46,20163.0,1361.0,99.375,13035.0,1972.0,99.24,19963.0,2218.0,99.18,4718.0,599.0,99.055,7367.0,302.0,98.87,5297.0,293.0,98.755,1957.0,267.0,98.645,6405.0,278.0,98.5,3376.0,137.0,98.385,1763.0,45.0,98.31,911.0,46.0,98.14,302.0,21.0,98.05,53.0,10.0,97.965,18.0,NaN,97.865,25.0,25.0,97.805,26.0,25.0,97.72,1.0,NaN,97.61,18.0,NaN,97.52,6.0,NaN,97.45,3.0,NaN,97.355,5.0,NaN,97.295,97.23,97.135,97.06,NaN,NaN,NaN,NaN,NaN,NaN,NaN,NaN,NaN,NaN,NaN,NaN,NaN,NaN,NaN,NaN,NaN,NaN,NaN,NaN,NaN,NaN,NaN,NaN,NaN,NaN,NaN,NaN,NaN,NaN,NaN,NaN
2011-04-07,NaN,NaN,NaN,NaN,NaN,NaN,NaN,NaN,NaN,99.8925,75396.0,4144.0,99.885,70969.0,2773.0,99.87,54367.0,2873.0,99.855,48572.0,4877.0,99.83,44414.0,4222.0,99.815,32371.0,2496.0,99.79,45732.0,4245.0,99.745,50779.0,4992.0,99.705,42040.0,4217.0,99.66,49286.0,2739.0,99.575,45759.0,2889.0,99.49,20229.0,1553.0,99.41,13951.0,2499.0,99.29,20730.0,1770.0,99.23,4828.0,263.0,99.105,7404.0,148.0,98.92,5351.0,135.0,98.805,1851.0,210.0,98.695,6506.0,384.0,98.555,3374.0,99.0,98.44,1763.0,7.0,98.365,905.0,7.0,98.195,302.0,18.0,98.105,27.0,30.0,98.02,20.0,30.0,97.92,25.0,NaN,97.86,20.0,6.0,97.775,1.0,NaN,97.665,12.0,6.0,97.575,6.0,NaN,97.505,3.0,NaN,97.405,5.0,NaN,97.345,97.275,97.18,97.105,NaN,NaN,NaN,NaN,NaN,NaN,NaN,NaN,NaN,NaN,NaN,NaN,NaN,NaN,NaN,NaN,NaN,NaN,NaN,NaN,NaN,NaN,NaN,NaN,NaN,NaN,NaN,NaN,NaN,NaN,NaN,NaN
2011-04-08,NaN,NaN,NaN,NaN,NaN,NaN,NaN,NaN,NaN,99.895,74930.0,5193.0,99.885,71184.0,914.0,99.87,54531.0,4133.0,99.855,46991.0,3870.0,99.835,43322.0,3125.0,99.825,32754.0,3052.0,99.805,47030.0,5629.0,99.755,50389.0,3783.0,99.715,42226.0,4192.0,99.665,49783.0,2961.0,99.575,46072.0,3035.0,99.49,20947.0,3383.0,99.405,13895.0,1560.0,99.28,21134.0,1528.0,99.22,5319.0,1157.0,99.095,7372.0,380.0,98.91,5354.0,325.0,98.795,1911.0,309.0,98.685,6562.0,56.0,98.545,3330.0,50.0,98.43,1876.0,166.0,98.355,905.0,NaN,98.185,302.0,NaN,98.095,27.0,NaN,98.0,20.0,NaN,97.89,25.0,NaN,97.83,20.0,NaN,97.745,1.0,NaN,97.635,12.0,NaN,97.545,6.0,NaN,97.475,3.0,NaN,97.375,5.0,NaN,97.315,97.245,97.15,97.075,NaN,NaN,NaN,NaN,NaN,NaN,NaN,NaN,NaN,NaN,NaN,NaN,NaN,NaN,NaN,NaN,NaN,NaN,NaN,NaN,NaN,NaN,NaN,NaN,NaN,NaN,NaN,NaN,NaN,NaN,NaN,NaN
2011-04-11,NaN,NaN,NaN,NaN,NaN,NaN,NaN,NaN,NaN,99.8975,75025.0,7277.0,99.89,72144.0,2292.0,99.875,55098.0,1491.0,99.855,46851.0,1561.0,99.835,43557.0,1473.0,99.82,32253.0,1829.0,99.8,46686.0,2780.0,99.745,49908.0,3888.0,99.705,42274.0,4873.0,99.655,49483.0,2490.0,99.56,45853.0,1160.0,99.475,19999.0,1843.0,99.39,13821.0,631.0,99.265,21475.0,1080.0,99.205,4947.0,1974.0,99.08,7362.0,728.0,98.895,5403.0,341.0,98.78,1937.0,174.0,98.67,6711.0,232.0,98.53,3339.0,135.0,98.415,1879.0,3.0,98.345,905.0,NaN,98.175,303.0,1.0,98.085,27.0,NaN,97.99,20.0,1.0,97.88,22.0,17.0,97.82,20.0,NaN,97.735,1.0,NaN,97.625,12.0,NaN,97.545,6.0,NaN,97.475,3.0,NaN,97.375,5.0,NaN,97.315,97.245,97.15,97.075,NaN,NaN,NaN,NaN,NaN,NaN,NaN,NaN,NaN,NaN,NaN,NaN,NaN,NaN,NaN,NaN,NaN,NaN,NaN,NaN,NaN,NaN,NaN,NaN,NaN,NaN,NaN,NaN,NaN,NaN,NaN,NaN
2011-04-12,NaN,NaN,NaN,NaN,NaN,NaN,NaN,NaN,NaN,99.9,76938.0,4540.0,99.89,74096.0,5230.0,99.875,55318.0,2069.0,99.86,46964.0,2195.0,99.84,45149.0,4207.0,99.83,33396.0,3688.0,99.81,45113.0,6003.0,99.765,48765.0,7768.0,99.73,42155.0,13449.0,99.69,48707.0,8012.0,99.605,46131.0,3961.0,99.53,19720.0,2356.0,99.46,13511.0,1209.0,99.34,22232.0,1898.0,99.28,4940.0,255.0,99.17,7352.0,224.0,99.0,5306.0,223.0,98.895,2098.0,333.0,98.79,7251.0,583.0,98.65,3816.0,661.0,98.535,2094.0,301.0,98.465,853.0,52.0,98.295,311.0,12.0,98.205,23.0,7.0,98.11,21.0,6.0,98.0,12.0,12.0,97.94,25.0,6.0,97.855,1.0,NaN,97.745,18.0,6.0,97.665,6.0,NaN,97.595,3.0,NaN,97.495,5.0,NaN,97.435,97.365,97.27,97.195,NaN,NaN,NaN,NaN,NaN,NaN,NaN,NaN,NaN,NaN,NaN,NaN,NaN,NaN,NaN,NaN,NaN,NaN,NaN,NaN,NaN,NaN,NaN,NaN,NaN,NaN,NaN,NaN,NaN,NaN,NaN,NaN
2011-04-13,NaN,NaN,NaN,NaN,NaN,NaN,NaN,NaN,NaN,99.9025,77809.0,5836.0,99.895,78200.0,11361.0,99.88,55715.0,3999.0,99.865,47868.0,5369.0,99.845,45727.0,3104.0,99.83,32884.0,2148.0,99.81,44968.0,4788.0,99.77,48555.0,5255.0,99.735,43254.0,6114.0,99.695,48788.0,5161.0,99.615,46303.0,4462.0,99.545,19460.0,2018.0,99.47,13733.0,1185.0,99.36,22760.0,1410.0,99.31,5032.0,318.0,99.2,7437.0,247.0,99.035,5304.0,113.0,98.93,2273.0,230.0,98.825,7398.0,223.0,98.685,3960.0,191.0,98.57,2126.0,65.0,98.5,830.0,60.0,98.335,262.0,67.0,98.245,26.0,9.0,98.155,21.0,6.0,98.045,46.0,34.0,97.985,83.0,58.0,97.9,25.0,24.0,97.79,18.0,NaN,97.71,6.0,NaN,97.64,3.0,NaN,97.54,5.0,NaN,97.48,97.41,97.315,97.24,NaN,NaN,NaN,NaN,NaN,NaN,NaN,NaN,NaN,NaN,NaN,NaN,NaN,NaN,NaN,NaN,NaN,NaN,NaN,NaN,NaN,NaN,NaN,NaN,NaN,NaN,NaN,NaN,NaN,NaN,NaN,NaN
2011-04-14,NaN,NaN,NaN,NaN,NaN,NaN,NaN,NaN,NaN,99.9,79353.0,7608.0,99.895,78317.0,5165.0,99.88,57335.0,5179.0,99.86,47856.0,4201.0,99.84,45913.0,2314.0,99.825,33291.0,1599.0,99.805,45091.0,4075.0,99.755,48413.0,4594.0,99.72,42300.0,4846.0,99.68,50219.0,6309.0,99.595,46774.0,4959.0,99.525,19653.0,2599.0,99.45,14423.0,2581.0,99.34,23315.0,2371.0,99.29,5330.0,890.0,99.18,7687.0,497.0,99.015,5215.0,235.0,98.905,2335.0,457.0,98.795,7694.0,519.0,98.655,4214.0,332.0,98.54,2002.0,319.0,98.47,739.0,248.0,98.305,285.0,75.0,98.215,26.0,NaN,98.125,15.0,6.0,98.015,46.0,6.0,97.96,83.0,NaN,97.875,25.0,NaN,97.77,12.0,6.0,97.69,6.0,NaN,97.62,3.0,NaN,97.52,5.0,NaN,97.46,97.39,97.295,97.22,NaN,NaN,NaN,NaN,NaN,NaN,NaN,NaN,NaN,NaN,NaN,NaN,NaN,NaN,NaN,NaN,NaN,NaN,NaN,NaN,NaN,NaN,NaN,NaN,NaN,NaN,NaN,NaN,NaN,NaN,NaN,NaN
2011-04-15,NaN,NaN,NaN,NaN,NaN,NaN,NaN,NaN,NaN,99.9,77752.0,4761.0,99.895,77731.0,3990.0,99.88,56879.0,2770.0,99.86,48195.0,1514.0,99.845,45536.0,1401.0,99.835,34175.0,1856.0,99.82,45668.0,4164.0,99.78,47983.0,3607.0,99.745,42731.0,4338.0,99.715,50401.0,5526.0,99.64,47493.0,3928.0,99.58,19388.0,1981.0,99.515,14931.0,2649.0,99.415,24265.0,2365.0,99.365,5537.0,904.0,99.265,7745.0,547.0,99.105,5042.0,278.0,99.005,2311.0,85.0,98.905,7694.0,55.0,98.78,4204.0,46.0,98.665,1975.0,83.0,98.595,748.0,55.0,98.44,291.0,6.0,98.35,29.0,6.0,98.26,27.0,12.0,98.15,46.0,6.0,98.095,89.0,6.0,98.01,25.0,NaN,97.9,18.0,6.0,97.82,6.0,NaN,97.745,3.0,NaN,97.645,5.0,NaN,97.585,97.515,97.405,97.33,NaN,NaN,NaN,NaN,NaN,NaN,NaN,NaN,NaN,NaN,NaN,NaN,NaN,NaN,NaN,NaN,NaN,NaN,NaN,NaN,NaN,NaN,NaN,NaN,NaN,NaN,NaN,NaN,NaN,NaN,NaN,NaN
2011-04-18,NaN,NaN,NaN,NaN,NaN,NaN,NaN,NaN,NaN,99.9,78261.0,4759.0,99.895,79087.0,5439.0,99.88,56724.0,1510.0,99.86,46924.0,1263.0,99.845,44604.0,2109.0,99.835,34316.0,1723.0,99.82,46630.0,4917.0,99.78,48524.0,5455.0,99.755,45464.0,6590.0,99.725,50558.0,6569.0,99.665,48371.0,3294.0,99.61,19333.0,2106.0,99.555,15252.0,1477.0,99.465,24804.0,2143.0,99.425,5690.0,418.0,99.335,7718.0,399.0,99.185,4868.0,401.0,99.085,2590.0,431.0,98.995,8125.0,564.0,98.87,4327.0,222.0,98.76,2073.0,190.0,98.7,742.0,50.0,98.545,281.0,12.0,98.455,16.0,29.0,98.365,28.0,1.0,98.255,46.0,1.0,98.2,90.0,1.0,98.115,24.0,1.0,98.005,19.0,1.0,97.925,7.0,1.0,97.85,6.0,6.0,97.75,9.0,4.0,97.69,97.62,97.51,97.435,NaN,NaN,NaN,NaN,NaN,NaN,NaN,NaN,NaN,NaN,NaN,NaN,NaN,NaN,NaN,NaN,NaN,NaN,NaN,NaN,NaN,NaN,NaN,NaN,NaN,NaN,NaN,NaN,NaN,NaN,NaN,NaN
2011-04-19,NaN,NaN,NaN,NaN,NaN,NaN,NaN,NaN,NaN,99.9,81587.0,5032.0,99.895,80690.0,2840.0,99.88,55670.0,1464.0,99.86,47142.0,630.0,99.845,44740.0,576.0,99.835,34404.0,357.0,99.82,46648.0,583.0,99.785,48810.0,1278.0,99.76,45955.0,2223.0,99.735,51012.0,7355.0,99.675,49583.0,3640.0,99.625,19754.0,1819.0,99.575,15538.0,2013.0,99.485,24452.0,2413.0,99.445,5706.0,948.0,99.355,7776.0,634.0,99.205,4814.0,192.0,99.105,2601.0,148.0,99.005,8127.0,134.0,98.875,4319.0,54.0,98.765,2069.0,53.0,98.705,728.0,29.0,98.55,281.0,6.0,98.455,11.0,9.0,98.365,28.0,NaN,98.25,52.0,6.0,98.19,118.0,28.0,98.105,40.0,16.0,97.995,22.0,11.0,97.915,13.0,8.0,97.835,6.0,3.0,97.73,15.0,6.0,97.67,97.6,97.49,97.41,NaN,NaN,NaN,NaN,NaN,NaN,NaN,NaN,NaN,NaN,NaN,NaN,NaN,NaN,NaN,NaN,NaN,NaN,NaN,NaN,NaN,NaN,NaN,NaN,NaN,NaN,NaN,NaN,NaN,NaN,NaN,NaN
2011-04-20,NaN,NaN,NaN,NaN,NaN,NaN,NaN,NaN,NaN,99.9,79558.0,3831.0,99.895,80532.0,1993.0,99.88,56175.0,670.0,99.86,47550.0,1613.0,99.845,44675.0,1322.0,99.835,34608.0,518.0,99.82,46784.0,2202.0,99.785,48598.0,2080.0,99.76,46836.0,3062.0,99.73,52005.0,3215.0,99.67,49927.0,2571.0,99.615,20017.0,1541.0,99.56,15617.0,1820.0,99.47,25313.0,1638.0,99.43,5706.0,225.0,99.34,7776.0,116.0,99.19,4802.0,82.0,99.085,2789.0,389.0,98.98,8026.0,320.0,98.845,4227.0,116.0,98.735,1998.0,321.0,98.67,625.0,173.0,98.505,279.0,6.0,98.41,10.0,1.0,98.32,16.0,12.0,98.205,120.0,95.0,98.135,219.0,101.0,98.05,46.0,6.0,97.94,22.0,NaN,97.845,13.0,NaN,97.765,6.0,NaN,97.66,15.0,NaN,97.595,97.525,97.415,97.335,NaN,NaN,NaN,NaN,NaN,NaN,NaN,NaN,NaN,NaN,NaN,NaN,NaN,NaN,NaN,NaN,NaN,NaN,NaN,NaN,NaN,NaN,NaN,NaN,NaN,NaN,NaN,NaN,NaN,NaN,NaN,NaN
2011-04-21,NaN,NaN,NaN,NaN,NaN,NaN,NaN,NaN,NaN,99.9,80944.0,3230.0,99.89,80117.0,4473.0,99.875,55328.0,2451.0,99.86,47673.0,878.0,99.84,45167.0,1532.0,99.83,34515.0,1010.0,99.82,47006.0,1179.0,99.78,47025.0,3657.0,99.76,46689.0,1530.0,99.73,52532.0,3921.0,99.67,51239.0,2858.0,99.615,20213.0,2402.0,99.565,15513.0,1010.0,99.475,25401.0,608.0,99.435,5710.0,57.0,99.345,7742.0,89.0,99.195,4791.0,19.0,99.09,2789.0,NaN,98.985,8026.0,39.0,98.85,4371.0,609.0,98.74,2102.0,362.0,98.675,603.0,202.0,98.51,285.0,6.0,98.415,10.0,NaN,98.32,16.0,NaN,98.205,120.0,NaN,98.135,219.0,NaN,98.05,46.0,NaN,97.935,22.0,NaN,97.84,13.0,NaN,97.76,6.0,NaN,97.655,15.0,NaN,97.585,97.51,97.4,97.32,NaN,NaN,NaN,NaN,NaN,NaN,NaN,NaN,NaN,NaN,NaN,NaN,NaN,NaN,NaN,NaN,NaN,NaN,NaN,NaN,NaN,NaN,NaN,NaN,NaN,NaN,NaN,NaN,NaN,NaN,NaN,NaN
2011-04-25,NaN,NaN,NaN,NaN,NaN,NaN,NaN,NaN,NaN,99.9,80913.0,136.0,99.89,82100.0,4056.0,99.875,55323.0,55.0,99.86,47782.0,1065.0,99.84,45206.0,148.0,99.83,34559.0,350.0,99.82,47084.0,275.0,99.785,46979.0,334.0,99.76,46891.0,1086.0,99.73,52588.0,558.0,99.67,52056.0,1793.0,99.62,20096.0,1275.0,99.575,15730.0,799.0,99.49,25563.0,1082.0,99.45,5724.0,175.0,99.36,7726.0,94.0,99.22,4767.0,118.0,99.125,2897.0,209.0,99.025,8026.0,37.0,98.9,4371.0,NaN,98.79,2102.0,NaN,98.725,603.0,NaN,98.56,285.0,NaN,98.465,11.0,1.0,98.37,16.0,NaN,98.255,120.0,NaN,98.185,219.0,NaN,98.1,46.0,NaN,97.985,22.0,NaN,97.89,13.0,NaN,97.81,6.0,NaN,97.705,15.0,NaN,97.635,97.56,97.45,97.37,NaN,NaN,NaN,NaN,NaN,NaN,NaN,NaN,NaN,NaN,NaN,NaN,NaN,NaN,NaN,NaN,NaN,NaN,NaN,NaN,NaN,NaN,NaN,NaN,NaN,NaN,NaN,NaN,NaN,NaN,NaN,NaN
2011-04-26,NaN,NaN,NaN,NaN,NaN,NaN,NaN,NaN,NaN,99.9,80450.0,705.0,99.89,82177.0,1085.0,99.88,55798.0,2499.0,99.86,47538.0,896.0,99.845,43946.0,4021.0,99.835,35152.0,1861.0,99.82,47607.0,1764.0,99.79,47854.0,2544.0,99.765,47143.0,2260.0,99.74,53355.0,6212.0,99.685,52154.0,3636.0,99.64,22050.0,5002.0,99.595,16321.0,2562.0,99.515,26646.0,2435.0,99.475,5742.0,285.0,99.385,7776.0,334.0,99.25,4648.0,216.0,99.155,3119.0,332.0,99.055,8007.0,125.0,98.94,4427.0,106.0,98.83,2154.0,52.0,98.765,653.0,54.0,98.605,284.0,1.0,98.515,17.0,6.0,98.425,16.0,NaN,98.315,120.0,NaN,98.245,223.0,10.0,98.18,58.0,18.0,98.06,24.0,2.0,97.965,13.0,NaN,97.895,6.0,NaN,97.79,15.0,NaN,97.72,97.645,97.535,97.455,NaN,NaN,NaN,NaN,NaN,NaN,NaN,NaN,NaN,NaN,NaN,NaN,NaN,NaN,NaN,NaN,NaN,NaN,NaN,NaN,NaN,NaN,NaN,NaN,NaN,NaN,NaN,NaN,NaN,NaN,NaN,NaN
2011-04-27,NaN,NaN,NaN,NaN,NaN,NaN,NaN,NaN,NaN,99.9,81139.0,4173.0,99.89,82019.0,3148.0,99.88,56503.0,4418.0,99.86,47829.0,4485.0,99.845,43646.0,4984.0,99.835,35126.0,3198.0,99.82,47391.0,5454.0,99.79,48825.0,6286.0,99.765,47636.0,5453.0,99.74,54388.0,6744.0,99.685,52545.0,4886.0,99.635,22444.0,4040.0,99.585,16777.0,3636.0,99.505,27887.0,2518.0,99.465,5921.0,585.0,99.375,7777.0,220.0,99.24,4664.0,88.0,99.145,3287.0,230.0,99.045,8088.0,146.0,98.93,4417.0,138.0,98.82,2236.0,1313.0,98.755,650.0,81.0,98.595,232.0,61.0,98.505,1260.0,1269.0,98.415,43.0,44.0,98.305,110.0,30.0,98.235,229.0,26.0,98.17,74.0,17.0,98.035,30.0,6.0,97.94,19.0,6.0,97.875,6.0,NaN,97.77,15.0,1.0,97.685,97.61,97.5,97.42,NaN,NaN,NaN,NaN,NaN,NaN,NaN,NaN,NaN,NaN,NaN,NaN,NaN,NaN,NaN,NaN,NaN,NaN,NaN,NaN,NaN,NaN,NaN,NaN,NaN,NaN,NaN,NaN,NaN,NaN,NaN,NaN
2011-04-28,NaN,NaN,NaN,NaN,NaN,NaN,NaN,NaN,NaN,99.9,82563.0,2759.0,99.895,83034.0,3992.0,99.885,58279.0,5082.0,99.865,47458.0,1375.0,99.845,43482.0,1345.0,99.835,35099.0,845.0,99.825,47012.0,1324.0,99.795,49137.0,2568.0,99.77,47506.0,2855.0,99.745,55198.0,7585.0,99.695,53166.0,4810.0,99.65,22862.0,2504.0,99.605,17471.0,2509.0,99.53,28286.0,1532.0,99.495,6243.0,839.0,99.415,8072.0,722.0,99.28,4875.0,598.0,99.185,3900.0,732.0,99.09,8072.0,81.0,98.975,4421.0,39.0,98.875,3203.0,1400.0,98.815,618.0,171.0,98.665,201.0,39.0,98.575,2511.0,1335.0,98.49,63.0,20.0,98.385,110.0,NaN,98.33,233.0,4.0,98.265,86.0,12.0,98.13,38.0,8.0,98.035,19.0,NaN,97.98,6.0,NaN,97.875,15.0,1.0,97.79,97.725,97.615,97.535,NaN,NaN,NaN,NaN,NaN,NaN,NaN,NaN,NaN,NaN,NaN,NaN,NaN,NaN,NaN,NaN,NaN,NaN,NaN,NaN,NaN,NaN,NaN,NaN,NaN,NaN,NaN,NaN,NaN,NaN,NaN,NaN
2011-04-29,NaN,NaN,NaN,NaN,NaN,NaN,NaN,NaN,NaN,99.9,82157.0,851.0,99.895,83533.0,972.0,99.885,57913.0,1145.0,99.87,48066.0,2080.0,99.855,44055.0,1874.0,99.845,35642.0,2718.0,99.83,47096.0,1485.0,99.795,49136.0,2264.0,99.775,49575.0,4644.0,99.75,55971.0,5579.0,99.695,53992.0,6111.0,99.65,23603.0,2947.0,99.605,17868.0,2838.0,99.525,30323.0,3657.0,99.49,6892.0,1034.0,99.41,8413.0,829.0,99.28,4868.0,364.0,99.19,3890.0,75.0,99.105,8005.0,180.0,99.0,4327.0,180.0,98.905,3176.0,282.0,98.845,628.0,46.0,98.7,172.0,45.0,98.61,2518.0,25.0,98.525,63.0,4.0,98.42,126.0,16.0,98.365,233.0,NaN,98.3,86.0,NaN,98.165,38.0,NaN,98.07,19.0,NaN,98.015,6.0,NaN,97.91,15.0,NaN,97.825,97.76,97.65,97.57,NaN,NaN,NaN,NaN,NaN,NaN,NaN,NaN,NaN,NaN,NaN,NaN,NaN,NaN,NaN,NaN,NaN,NaN,NaN,NaN,NaN,NaN,NaN,NaN,NaN,NaN,NaN,NaN,NaN,NaN,NaN,NaN
2011-05-02,NaN,NaN,NaN,NaN,NaN,NaN,NaN,NaN,NaN,NaN,NaN,NaN,99.9,83691.0,7504.0,99.89,59377.0,4939.0,99.875,48883.0,3085.0,99.855,44047.0,1227.0,99.845,35936.0,1007.0,99.835,47163.0,1354.0,99.8,49803.0,2750.0,99.78,49935.0,3431.0,99.75,56621.0,5243.0,99.7,54766.0,4297.0,99.66,23836.0,1871.0,99.615,18189.0,2139.0,99.54,30811.0,1662.0,99.505,7281.0,796.0,99.425,8525.0,224.0,99.295,4907.0,121.0,99.205,3860.0,30.0,99.12,7997.0,78.0,99.015,4297.0,39.0,98.92,3174.0,7.0,98.86,628.0,6.0,98.715,166.0,25.0,98.625,2634.0,121.0,98.54,70.0,39.0,98.435,126.0,30.0,98.38,235.0,12.0,98.315,86.0,6.0,98.18,38.0,NaN,98.085,19.0,NaN,98.03,6.0,NaN,97.925,16.0,1.0,97.84,97.775,97.665,97.585,97.535,NaN,NaN,NaN,NaN,NaN,NaN,NaN,NaN,NaN,NaN,NaN,NaN,NaN,NaN,NaN,NaN,NaN,NaN,NaN,NaN,NaN,NaN,NaN,NaN,NaN,NaN,NaN,NaN,NaN,NaN,NaN
2011-05-03,NaN,NaN,NaN,NaN,NaN,NaN,NaN,NaN,NaN,NaN,NaN,NaN,99.9025,83080.0,5390.0,99.895,59208.0,1782.0,99.88,47975.0,1803.0,99.865,44046.0,1470.0,99.855,35570.0,3135.0,99.84,46659.0,1585.0,99.805,49738.0,1078.0,99.78,50002.0,1593.0,99.755,56521.0,1920.0,99.7,54912.0,1613.0,99.655,24226.0,1489.0,99.61,18201.0,1113.0,99.54,31091.0,1626.0,99.505,8050.0,1375.0,99.425,8876.0,597.0,99.295,4998.0,245.0,99.205,3906.0,64.0,99.12,7996.0,6.0,99.005,4285.0,38.0,98.91,3165.0,34.0,98.85,630.0,37.0,98.705,167.0,10.0,98.615,2639.0,40.0,98.53,82.0,46.0,98.425,126.0,14.0,98.375,235.0,NaN,98.305,86.0,NaN,98.17,38.0,NaN,98.08,19.0,NaN,98.025,6.0,NaN,97.92,16.0,NaN,97.835,97.775,97.665,97.585,97.535,NaN,NaN,NaN,NaN,NaN,NaN,NaN,NaN,NaN,NaN,NaN,NaN,NaN,NaN,NaN,NaN,NaN,NaN,NaN,NaN,NaN,NaN,NaN,NaN,NaN,NaN,NaN,NaN,NaN,NaN,NaN
2011-05-04,NaN,NaN,NaN,NaN,NaN,NaN,NaN,NaN,NaN,NaN,NaN,NaN,99.905,82187.0,4652.0,99.9,60009.0,5599.0,99.89,48772.0,5401.0,99.87,47249.0,6504.0,99.86,35390.0,5659.0,99.85,48230.0,4235.0,99.82,49244.0,4547.0,99.795,49460.0,6630.0,99.77,56226.0,8823.0,99.725,53999.0,7197.0,99.675,24297.0,2471.0,99.63,18124.0,1048.0,99.56,31128.0,1018.0,99.525,8050.0,301.0,99.445,8831.0,324.0,99.315,5069.0,194.0,99.225,3915.0,211.0,99.14,8176.0,404.0,99.02,4264.0,108.0,98.92,3176.0,53.0,98.855,562.0,71.0,98.71,114.0,133.0,98.62,3770.0,1263.0,98.535,112.0,308.0,98.43,164.0,44.0,98.38,294.0,59.0,98.31,144.0,64.0,98.175,61.0,23.0,98.085,27.0,10.0,98.03,10.0,6.0,97.925,23.0,9.0,97.84,97.78,97.67,97.59,97.53,NaN,NaN,NaN,NaN,NaN,NaN,NaN,NaN,NaN,NaN,NaN,NaN,NaN,NaN,NaN,NaN,NaN,NaN,NaN,NaN,NaN,NaN,NaN,NaN,NaN,NaN,NaN,NaN,NaN,NaN,NaN
2011-05-05,NaN,NaN,NaN,NaN,NaN,NaN,NaN,NaN,NaN,NaN,NaN,NaN,99.905,83174.0,8156.0,99.9,61429.0,4849.0,99.89,52771.0,11402.0,99.87,52136.0,10624.0,99.865,36093.0,6840.0,99.85,47866.0,4289.0,99.82,48484.0,3963.0,99.8,48730.0,5620.0,99.775,55853.0,6064.0,99.725,54523.0,5736.0,99.675,24290.0,2552.0,99.635,18478.0,1307.0,99.56,31440.0,1453.0,99.525,8217.0,947.0,99.445,8826.0,275.0,99.315,5094.0,177.0,99.225,3927.0,25.0,99.14,8176.0,6.0,99.025,4243.0,27.0,98.925,3282.0,124.0,98.87,585.0,35.0,98.73,114.0,24.0,98.645,3770.0,13.0,98.56,112.0,NaN,98.46,164.0,NaN,98.41,302.0,8.0,98.34,152.0,8.0,98.21,61.0,NaN,98.13,27.0,NaN,98.08,10.0,NaN,97.975,23.0,NaN,97.89,97.83,97.72,97.65,97.59,NaN,NaN,NaN,NaN,NaN,NaN,NaN,NaN,NaN,NaN,NaN,NaN,NaN,NaN,NaN,NaN,NaN,NaN,NaN,NaN,NaN,NaN,NaN,NaN,NaN,NaN,NaN,NaN,NaN,NaN,NaN
2011-05-06,NaN,NaN,NaN,NaN,NaN,NaN,NaN,NaN,NaN,NaN,NaN,NaN,99.905,82365.0,4223.0,99.9,61266.0,1035.0,99.89,52051.0,2291.0,99.87,52591.0,4629.0,99.865,37032.0,5354.0,99.85,48915.0,5419.0,99.825,48414.0,4911.0,99.81,49277.0,7270.0,99.79,55450.0,7074.0,99.74,56786.0,11974.0,99.695,26455.0,7399.0,99.66,19362.0,4260.0,99.585,34068.0,8265.0,99.55,9153.0,3875.0,99.475,8898.0,1383.0,99.355,5014.0,528.0,99.27,3907.0,89.0,99.185,8072.0,307.0,99.07,4195.0,266.0,98.975,3282.0,110.0,98.92,585.0,12.0,98.78,125.0,24.0,98.695,3770.0,15.0,98.61,112.0,NaN,98.51,164.0,NaN,98.46,302.0,1.0,98.39,166.0,14.0,98.26,55.0,7.0,98.18,33.0,9.0,98.13,9.0,3.0,98.025,28.0,7.0,97.94,97.88,97.77,97.7,97.64,NaN,NaN,NaN,NaN,NaN,NaN,NaN,NaN,NaN,NaN,NaN,NaN,NaN,NaN,NaN,NaN,NaN,NaN,NaN,NaN,NaN,NaN,NaN,NaN,NaN,NaN,NaN,NaN,NaN,NaN,NaN
2011-05-09,NaN,NaN,NaN,NaN,NaN,NaN,NaN,NaN,NaN,NaN,NaN,NaN,99.905,81277.0,3175.0,99.9,61155.0,1367.0,99.89,51894.0,2909.0,99.875,52816.0,2179.0,99.87,38828.0,4341.0,99.86,50421.0,3241.0,99.835,48912.0,3202.0,99.82,50007.0,4683.0,99.8,55673.0,4464.0,99.755,56174.0,2876.0,99.72,24879.0,1803.0,99.68,19440.0,958.0,99.61,34017.0,1817.0,99.575,9534.0,1461.0,99.505,8555.0,1177.0,99.385,5043.0,200.0,99.3,3907.0,18.0,99.215,8072.0,32.0,99.105,4195.0,16.0,99.015,3282.0,NaN,98.96,585.0,NaN,98.82,125.0,NaN,98.735,3770.0,95.0,98.65,112.0,NaN,98.55,170.0,6.0,98.5,302.0,NaN,98.43,166.0,NaN,98.3,55.0,NaN,98.22,33.0,NaN,98.16,9.0,NaN,98.05,28.0,NaN,97.965,97.905,97.795,97.725,97.665,NaN,NaN,NaN,NaN,NaN,NaN,NaN,NaN,NaN,NaN,NaN,NaN,NaN,NaN,NaN,NaN,NaN,NaN,NaN,NaN,NaN,NaN,NaN,NaN,NaN,NaN,NaN,NaN,NaN,NaN,NaN
2011-05-10,NaN,NaN,NaN,NaN,NaN,NaN,NaN,NaN,NaN,NaN,NaN,NaN,99.905,81028.0,1201.0,99.9,61701.0,1329.0,99.895,51331.0,3725.0,99.875,53780.0,4307.0,99.865,40540.0,5666.0,99.86,53211.0,5725.0,99.835,49289.0,4740.0,99.81,49595.0,5049.0,99.785,55378.0,4586.0,99.735,57689.0,4151.0,99.695,24615.0,1038.0,99.655,19553.0,1227.0,99.575,34379.0,2309.0,99.54,10439.0,2073.0,99.47,8836.0,816.0,99.345,5203.0,404.0,99.26,3935.0,32.0,99.17,8072.0,28.0,99.055,4223.0,40.0,98.96,3318.0,129.0,98.895,561.0,162.0,98.745,158.0,63.0,98.66,3770.0,21.0,98.575,112.0,NaN,98.475,170.0,NaN,98.425,302.0,NaN,98.345,166.0,NaN,98.215,55.0,NaN,98.135,27.0,6.0,98.075,9.0,NaN,97.965,28.0,NaN,97.88,97.82,97.71,97.64,97.58,NaN,NaN,NaN,NaN,NaN,NaN,NaN,NaN,NaN,NaN,NaN,NaN,NaN,NaN,NaN,NaN,NaN,NaN,NaN,NaN,NaN,NaN,NaN,NaN,NaN,NaN,NaN,NaN,NaN,NaN,NaN
2011-05-11,NaN,NaN,NaN,NaN,NaN,NaN,NaN,NaN,NaN,NaN,NaN,NaN,99.905,80972.0,1135.0,99.9,62341.0,1446.0,99.895,51767.0,1218.0,99.88,55299.0,7295.0,99.87,41804.0,7732.0,99.86,55312.0,6751.0,99.835,49145.0,6771.0,99.82,50631.0,5624.0,99.795,55308.0,5189.0,99.75,58324.0,4001.0,99.71,24890.0,3141.0,99.675,19802.0,2270.0,99.595,35159.0,2131.0,99.565,11293.0,1512.0,99.495,9309.0,1104.0,99.38,5169.0,439.0,99.295,4031.0,287.0,99.21,8073.0,43.0,99.1,4369.0,207.0,99.005,3305.0,130.0,98.95,609.0,64.0,98.8,158.0,82.0,98.715,3771.0,28.0,98.63,112.0,6.0,98.53,170.0,NaN,98.485,296.0,6.0,98.405,166.0,NaN,98.275,55.0,NaN,98.195,27.0,NaN,98.145,9.0,NaN,98.035,28.0,NaN,97.95,97.89,97.78,97.71,97.65,NaN,NaN,NaN,NaN,NaN,NaN,NaN,NaN,NaN,NaN,NaN,NaN,NaN,NaN,NaN,NaN,NaN,NaN,NaN,NaN,NaN,NaN,NaN,NaN,NaN,NaN,NaN,NaN,NaN,NaN,NaN
2011-05-12,NaN,NaN,NaN,NaN,NaN,NaN,NaN,NaN,NaN,NaN,NaN,NaN,99.9075,79555.0,4202.0,99.9,62967.0,4065.0,99.895,51291.0,4444.0,99.885,54475.0,5113.0,99.87,42897.0,4378.0,99.86,54577.0,6920.0,99.84,49817.0,6446.0,99.82,50325.0,5228.0,99.795,55867.0,4544.0,99.75,59878.0,3443.0,99.71,25567.0,2226.0,99.67,19924.0,1194.0,99.595,34900.0,754.0,99.56,11419.0,559.0,99.49,9413.0,456.0,99.375,5393.0,576.0,99.29,4262.0,361.0,99.205,8665.0,619.0,99.095,4660.0,365.0,99.0,3297.0,41.0,98.945,612.0,14.0,98.795,158.0,NaN,98.705,3771.0,15.0,98.62,112.0,6.0,98.52,170.0,NaN,98.475,296.0,NaN,98.385,166.0,NaN,98.255,55.0,NaN,98.175,27.0,NaN,98.125,9.0,NaN,98.005,22.0,6.0,97.92,97.86,97.745,97.665,97.605,NaN,NaN,NaN,NaN,NaN,NaN,NaN,NaN,NaN,NaN,NaN,NaN,NaN,NaN,NaN,NaN,NaN,NaN,NaN,NaN,NaN,NaN,NaN,NaN,NaN,NaN,NaN,NaN,NaN,NaN,NaN
2011-05-13,NaN,NaN,NaN,NaN,NaN,NaN,NaN,NaN,NaN,NaN,NaN,NaN,99.9075,77617.0,2502.0,99.9,63948.0,2697.0,99.895,51092.0,880.0,99.885,54289.0,1225.0,99.87,42545.0,729.0,99.86,54329.0,1456.0,99.84,49156.0,2038.0,99.82,50854.0,2652.0,99.795,56148.0,3866.0,99.75,61677.0,5260.0,99.71,26054.0,5332.0,99.67,20048.0,3490.0,99.6,35224.0,2985.0,99.57,11816.0,1563.0,99.5,9657.0,840.0,99.385,5479.0,184.0,99.31,4274.0,105.0,99.235,9049.0,427.0,99.125,4719.0,72.0,99.03,3316.0,32.0,98.975,612.0,NaN,98.825,160.0,12.0,98.735,3771.0,10.0,98.655,112.0,NaN,98.555,176.0,6.0,98.51,278.0,18.0,98.42,166.0,7.0,98.29,55.0,7.0,98.21,27.0,NaN,98.16,9.0,NaN,98.04,22.0,NaN,97.955,97.9,97.785,97.705,97.645,NaN,NaN,NaN,NaN,NaN,NaN,NaN,NaN,NaN,NaN,NaN,NaN,NaN,NaN,NaN,NaN,NaN,NaN,NaN,NaN,NaN,NaN,NaN,NaN,NaN,NaN,NaN,NaN,NaN,NaN,NaN
2011-05-16,NaN,NaN,NaN,NaN,NaN,NaN,NaN,NaN,NaN,NaN,NaN,NaN,99.9075,77315.0,1738.0,99.9,63661.0,1950.0,99.895,51395.0,1899.0,99.885,54242.0,1564.0,99.87,42915.0,991.0,99.86,54393.0,291.0,99.84,49392.0,2184.0,99.82,51155.0,2333.0,99.8,56082.0,1056.0,99.76,60942.0,1366.0,99.725,26078.0,1052.0,99.69,19883.0,1218.0,99.625,35108.0,1394.0,99.595,12229.0,1881.0,99.53,10225.0,1058.0,99.415,5900.0,455.0,99.34,4382.0,347.0,99.265,9049.0,186.0,99.16,4720.0,1.0,99.07,3316.0,NaN,99.015,612.0,5.0,98.87,160.0,NaN,98.785,3770.0,1.0,98.71,112.0,NaN,98.61,176.0,6.0,98.57,278.0,6.0,98.48,177.0,12.0,98.35,67.0,14.0,98.27,28.0,2.0,98.22,9.0,NaN,98.1,22.0,NaN,98.015,97.96,97.845,97.765,97.705,NaN,NaN,NaN,NaN,NaN,NaN,NaN,NaN,NaN,NaN,NaN,NaN,NaN,NaN,NaN,NaN,NaN,NaN,NaN,NaN,NaN,NaN,NaN,NaN,NaN,NaN,NaN,NaN,NaN,NaN,NaN
2011-05-17,NaN,NaN,NaN,NaN,NaN,NaN,NaN,NaN,NaN,NaN,NaN,NaN,99.9075,77320.0,608.0,99.9,63690.0,427.0,99.895,51524.0,795.0,99.885,53174.0,1717.0,99.87,43307.0,3222.0,99.86,52667.0,4428.0,99.84,49347.0,1834.0,99.825,51002.0,4979.0,99.805,57481.0,5335.0,99.765,61669.0,5761.0,99.73,26774.0,2741.0,99.69,19984.0,2612.0,99.63,34123.0,3243.0,99.6,12738.0,2145.0,99.535,10576.0,988.0,99.425,5801.0,523.0,99.35,4584.0,489.0,99.28,9349.0,362.0,99.175,4732.0,152.0,99.085,3340.0,185.0,99.03,839.0,268.0,98.895,422.0,368.0,98.82,3771.0,117.0,98.745,112.0,44.0,98.645,175.0,1.0,98.605,319.0,49.0,98.52,250.0,73.0,98.39,93.0,26.0,98.31,41.0,18.0,98.26,10.0,13.0,98.14,22.0,NaN,98.055,98.0,97.885,97.805,97.745,NaN,NaN,NaN,NaN,NaN,NaN,NaN,NaN,NaN,NaN,NaN,NaN,NaN,NaN,NaN,NaN,NaN,NaN,NaN,NaN,NaN,NaN,NaN,NaN,NaN,NaN,NaN,NaN,NaN,NaN,NaN
2011-05-18,NaN,NaN,NaN,NaN,NaN,NaN,NaN,NaN,NaN,NaN,NaN,NaN,99.9075,76245.0,7375.0,99.9,62962.0,1826.0,99.895,51123.0,1934.0,99.885,52706.0,3129.0,99.87,42246.0,3026.0,99.855,53041.0,4113.0,99.83,49074.0,2661.0,99.815,51529.0,3860.0,99.795,59011.0,6553.0,99.75,62705.0,7559.0,99.71,26293.0,3247.0,99.665,20277.0,3499.0,99.6,35825.0,5189.0,99.57,12902.0,1333.0,99.5,11786.0,1868.0,99.39,5926.0,196.0,99.315,4627.0,43.0,99.24,9399.0,99.0,99.135,4730.0,37.0,99.04,3339.0,45.0,98.985,1083.0,307.0,98.835,667.0,259.0,98.755,3772.0,7.0,98.68,112.0,NaN,98.58,175.0,NaN,98.53,319.0,NaN,98.445,250.0,NaN,98.315,93.0,NaN,98.23,52.0,22.0,98.18,33.0,23.0,98.06,16.0,6.0,97.975,97.92,97.805,97.725,97.665,NaN,NaN,NaN,NaN,NaN,NaN,NaN,NaN,NaN,NaN,NaN,NaN,NaN,NaN,NaN,NaN,NaN,NaN,NaN,NaN,NaN,NaN,NaN,NaN,NaN,NaN,NaN,NaN,NaN,NaN,NaN
2011-05-19,NaN,NaN,NaN,NaN,NaN,NaN,NaN,NaN,NaN,NaN,NaN,NaN,99.9075,75104.0,2317.0,99.9,62777.0,1164.0,99.895,50926.0,1142.0,99.885,49950.0,7737.0,99.87,41278.0,7268.0,99.86,51370.0,9153.0,99.84,50070.0,6995.0,99.83,51529.0,6094.0,99.81,60939.0,6342.0,99.77,62982.0,6112.0,99.73,25737.0,3286.0,99.695,20865.0,4204.0,99.635,36373.0,4814.0,99.605,13109.0,1107.0,99.54,12179.0,1095.0,99.43,5994.0,462.0,99.355,5095.0,700.0,99.28,9651.0,470.0,99.175,4757.0,46.0,99.08,3367.0,61.0,99.025,1296.0,329.0,98.875,935.0,325.0,98.795,3772.0,63.0,98.72,112.0,1.0,98.62,169.0,6.0,98.565,319.0,NaN,98.48,294.0,44.0,98.34,137.0,44.0,98.255,82.0,30.0,98.205,63.0,30.0,98.085,22.0,6.0,98.0,97.945,97.825,97.745,97.68,NaN,NaN,NaN,NaN,NaN,NaN,NaN,NaN,NaN,NaN,NaN,NaN,NaN,NaN,NaN,NaN,NaN,NaN,NaN,NaN,NaN,NaN,NaN,NaN,NaN,NaN,NaN,NaN,NaN,NaN,NaN
2011-05-20,NaN,NaN,NaN,NaN,NaN,NaN,NaN,NaN,NaN,NaN,NaN,NaN,99.9075,75708.0,2914.0,99.9,62555.0,2215.0,99.895,51561.0,1366.0,99.885,51794.0,3717.0,99.87,42731.0,3640.0,99.86,51487.0,2340.0,99.845,50388.0,2086.0,99.83,52675.0,2203.0,99.81,61615.0,1338.0,99.775,63426.0,2196.0,99.74,26058.0,2088.0,99.7,22074.0,2947.0,99.65,36545.0,2169.0,99.62,13202.0,924.0,99.56,12158.0,613.0,99.45,6004.0,79.0,99.375,5203.0,152.0,99.3,9951.0,303.0,99.195,4936.0,202.0,99.1,3369.0,158.0,99.045,1321.0,398.0,98.895,935.0,6.0,98.815,3772.0,6.0,98.74,112.0,NaN,98.65,175.0,6.0,98.595,319.0,NaN,98.52,294.0,NaN,98.385,137.0,NaN,98.3,82.0,NaN,98.255,63.0,NaN,98.135,16.0,6.0,98.05,97.995,97.875,97.795,97.73,NaN,NaN,NaN,NaN,NaN,NaN,NaN,NaN,NaN,NaN,NaN,NaN,NaN,NaN,NaN,NaN,NaN,NaN,NaN,NaN,NaN,NaN,NaN,NaN,NaN,NaN,NaN,NaN,NaN,NaN,NaN
2011-05-23,NaN,NaN,NaN,NaN,NaN,NaN,NaN,NaN,NaN,NaN,NaN,NaN,99.9075,74628.0,3959.0,99.9,59930.0,2857.0,99.895,51927.0,689.0,99.885,50526.0,2421.0,99.87,43172.0,6325.0,99.86,51662.0,3757.0,99.84,50492.0,1850.0,99.83,53125.0,962.0,99.81,61724.0,1522.0,99.77,63653.0,1901.0,99.735,26226.0,1705.0,99.7,22915.0,3617.0,99.645,36469.0,3268.0,99.615,13691.0,1943.0,99.555,11948.0,519.0,99.445,6010.0,60.0,99.37,5422.0,219.0,99.295,9952.0,1.0,99.19,4932.0,8.0,99.095,3392.0,30.0,99.045,1327.0,24.0,98.895,935.0,11.0,98.815,3772.0,9.0,98.74,112.0,2.0,98.65,182.0,7.0,98.595,319.0,NaN,98.525,294.0,NaN,98.395,131.0,6.0,98.31,82.0,NaN,98.265,63.0,NaN,98.145,16.0,NaN,98.06,98.005,97.885,97.805,97.74,NaN,NaN,NaN,NaN,NaN,NaN,NaN,NaN,NaN,NaN,NaN,NaN,NaN,NaN,NaN,NaN,NaN,NaN,NaN,NaN,NaN,NaN,NaN,NaN,NaN,NaN,NaN,NaN,NaN,NaN,NaN
2011-05-24,NaN,NaN,NaN,NaN,NaN,NaN,NaN,NaN,NaN,NaN,NaN,NaN,99.9075,74167.0,1998.0,99.9,58823.0,12959.0,99.895,52170.0,5584.0,99.88,50694.0,9455.0,99.86,46076.0,13250.0,99.85,50395.0,6388.0,99.83,50746.0,6621.0,99.82,55531.0,7711.0,99.805,60000.0,10312.0,99.765,64624.0,7284.0,99.73,26348.0,1790.0,99.695,23320.0,2285.0,99.645,36627.0,2694.0,99.615,14146.0,1965.0,99.555,12300.0,690.0,99.455,6032.0,429.0,99.38,5526.0,257.0,99.305,10260.0,451.0,99.205,5434.0,680.0,99.115,3391.0,43.0,99.065,1395.0,101.0,98.92,999.0,69.0,98.84,3841.0,82.0,98.765,161.0,82.0,98.675,182.0,NaN,98.62,313.0,6.0,98.55,300.0,6.0,98.42,131.0,NaN,98.335,76.0,6.0,98.29,69.0,6.0,98.17,16.0,NaN,98.085,98.025,97.905,97.825,97.755,NaN,NaN,NaN,NaN,NaN,NaN,NaN,NaN,NaN,NaN,NaN,NaN,NaN,NaN,NaN,NaN,NaN,NaN,NaN,NaN,NaN,NaN,NaN,NaN,NaN,NaN,NaN,NaN,NaN,NaN,NaN
2011-05-25,NaN,NaN,NaN,NaN,NaN,NaN,NaN,NaN,NaN,NaN,NaN,NaN,99.9075,74048.0,1183.0,99.9,58199.0,6032.0,99.895,53258.0,4955.0,99.88,49420.0,5538.0,99.86,44743.0,5626.0,99.85,51931.0,6497.0,99.83,52095.0,7058.0,99.825,55866.0,9336.0,99.805,58826.0,4561.0,99.77,65155.0,3998.0,99.74,26892.0,2504.0,99.705,23922.0,3155.0,99.66,37502.0,4144.0,99.635,14073.0,1936.0,99.575,12328.0,787.0,99.475,5966.0,195.0,99.4,5532.0,19.0,99.33,10602.0,352.0,99.23,5465.0,50.0,99.14,3391.0,NaN,99.09,1395.0,1.0,98.945,999.0,6.0,98.87,3847.0,6.0,98.795,161.0,NaN,98.705,182.0,NaN,98.65,313.0,NaN,98.58,300.0,NaN,98.45,131.0,NaN,98.365,76.0,NaN,98.315,69.0,NaN,98.195,10.0,6.0,98.11,98.05,97.93,97.85,97.78,NaN,NaN,NaN,NaN,NaN,NaN,NaN,NaN,NaN,NaN,NaN,NaN,NaN,NaN,NaN,NaN,NaN,NaN,NaN,NaN,NaN,NaN,NaN,NaN,NaN,NaN,NaN,NaN,NaN,NaN,NaN
2011-05-26,NaN,NaN,NaN,NaN,NaN,NaN,NaN,NaN,NaN,NaN,NaN,NaN,99.9075,73547.0,1075.0,99.9,58683.0,3096.0,99.895,53623.0,1158.0,99.88,50799.0,3031.0,99.865,45909.0,5098.0,99.85,51754.0,4218.0,99.835,52958.0,4414.0,99.825,58188.0,9117.0,99.815,59366.0,4561.0,99.785,68086.0,6858.0,99.76,28525.0,5895.0,99.73,25033.0,4214.0,99.69,37827.0,3663.0,99.67,15230.0,2619.0,99.62,12938.0,1453.0,99.535,6407.0,1162.0,99.47,5769.0,861.0,99.405,10795.0,497.0,99.31,5452.0,33.0,99.23,3168.0,234.0,99.18,1421.0,27.0,99.045,999.0,6.0,98.97,3848.0,3.0,98.895,161.0,NaN,98.805,182.0,NaN,98.75,313.0,NaN,98.68,300.0,NaN,98.55,131.0,NaN,98.465,76.0,NaN,98.415,69.0,NaN,98.295,10.0,6.0,98.21,98.15,98.03,97.95,97.88,NaN,NaN,NaN,NaN,NaN,NaN,NaN,NaN,NaN,NaN,NaN,NaN,NaN,NaN,NaN,NaN,NaN,NaN,NaN,NaN,NaN,NaN,NaN,NaN,NaN,NaN,NaN,NaN,NaN,NaN,NaN
2011-05-27,NaN,NaN,NaN,NaN,NaN,NaN,NaN,NaN,NaN,NaN,NaN,NaN,99.9075,73952.0,2777.0,99.9,58856.0,3468.0,99.895,53649.0,539.0,99.88,50294.0,4247.0,99.865,45658.0,2648.0,99.855,52386.0,2581.0,99.845,53838.0,3634.0,99.835,59137.0,3591.0,99.825,61087.0,5697.0,99.79,69064.0,5439.0,99.76,29441.0,4927.0,99.735,24729.0,2747.0,99.69,39864.0,4781.0,99.67,15633.0,1263.0,99.62,12674.0,598.0,99.535,6253.0,413.0,99.475,5869.0,425.0,99.415,10967.0,615.0,99.325,5533.0,233.0,99.245,3160.0,23.0,99.195,1423.0,4.0,99.06,998.0,1.0,98.985,3848.0,NaN,98.91,161.0,NaN,98.82,182.0,NaN,98.765,313.0,NaN,98.695,300.0,NaN,98.565,131.0,NaN,98.48,76.0,NaN,98.43,69.0,NaN,98.31,10.0,NaN,98.225,98.165,98.045,97.965,97.895,NaN,NaN,NaN,NaN,NaN,NaN,NaN,NaN,NaN,NaN,NaN,NaN,NaN,NaN,NaN,NaN,NaN,NaN,NaN,NaN,NaN,NaN,NaN,NaN,NaN,NaN,NaN,NaN,NaN,NaN,NaN
2011-05-31,NaN,NaN,NaN,NaN,NaN,NaN,NaN,NaN,NaN,NaN,NaN,NaN,99.9075,73902.0,54.0,99.9,58695.0,1282.0,99.895,53742.0,439.0,99.885,50816.0,2812.0,99.865,45863.0,1070.0,99.86,54848.0,4340.0,99.845,54199.0,1266.0,99.835,59530.0,1737.0,99.825,61231.0,2579.0,99.79,70144.0,3734.0,99.76,30629.0,4240.0,99.735,25409.0,4088.0,99.69,41922.0,3967.0,99.67,16860.0,2230.0,99.62,13928.0,2238.0,99.545,6254.0,843.0,99.49,6591.0,1012.0,99.435,10921.0,194.0,99.345,5501.0,126.0,99.27,3160.0,1.0,99.225,1423.0,1.0,99.095,999.0,3.0,99.02,3850.0,2.0,98.945,161.0,NaN,98.855,182.0,NaN,98.81,313.0,NaN,98.74,300.0,NaN,98.61,131.0,NaN,98.525,76.0,NaN,98.475,69.0,NaN,98.355,10.0,NaN,98.27,98.21,98.09,98.01,97.94,NaN,NaN,NaN,NaN,NaN,NaN,NaN,NaN,NaN,NaN,NaN,NaN,NaN,NaN,NaN,NaN,NaN,NaN,NaN,NaN,NaN,NaN,NaN,NaN,NaN,NaN,NaN,NaN,NaN,NaN,NaN
2011-06-01,NaN,NaN,NaN,NaN,NaN,NaN,NaN,NaN,NaN,NaN,NaN,NaN,NaN,NaN,NaN,99.9,59527.0,2137.0,99.895,52664.0,2274.0,99.885,50888.0,2573.0,99.865,45238.0,3416.0,99.86,55444.0,2932.0,99.845,54710.0,3046.0,99.835,61316.0,3676.0,99.825,61606.0,2246.0,99.79,69426.0,6496.0,99.765,30735.0,6738.0,99.74,27351.0,7127.0,99.695,42696.0,7097.0,99.675,18928.0,7276.0,99.64,14512.0,3016.0,99.57,6382.0,1157.0,99.52,6988.0,863.0,99.47,10904.0,334.0,99.395,5411.0,267.0,99.325,3130.0,440.0,99.28,1387.0,100.0,99.18,973.0,80.0,99.105,3862.0,20.0,99.04,164.0,15.0,98.96,185.0,6.0,98.915,304.0,9.0,98.845,300.0,NaN,98.715,125.0,6.0,98.63,76.0,NaN,98.59,70.0,1.0,98.47,10.0,NaN,98.385,98.335,98.215,98.135,98.065,97.995,NaN,NaN,NaN,NaN,NaN,NaN,NaN,NaN,NaN,NaN,NaN,NaN,NaN,NaN,NaN,NaN,NaN,NaN,NaN,NaN,NaN,NaN,NaN,NaN,NaN,NaN,NaN,NaN,NaN,NaN
2011-06-02,NaN,NaN,NaN,NaN,NaN,NaN,NaN,NaN,NaN,NaN,NaN,NaN,NaN,NaN,NaN,99.9,61016.0,4774.0,99.895,52708.0,1341.0,99.885,50545.0,4190.0,99.865,45225.0,4108.0,99.855,53435.0,7485.0,99.84,54236.0,7218.0,99.835,59847.0,9082.0,99.825,62079.0,7367.0,99.79,70594.0,5645.0,99.76,32495.0,3275.0,99.73,29098.0,4466.0,99.685,42736.0,2728.0,99.665,19047.0,1030.0,99.625,14732.0,742.0,99.555,6496.0,270.0,99.505,7411.0,518.0,99.445,11046.0,210.0,99.37,5584.0,209.0,99.3,3172.0,50.0,99.255,1374.0,56.0,99.15,966.0,32.0,99.08,3899.0,44.0,99.01,171.0,19.0,98.93,183.0,2.0,98.885,304.0,NaN,98.81,300.0,NaN,98.68,125.0,NaN,98.595,76.0,NaN,98.555,70.0,NaN,98.435,10.0,NaN,98.35,98.3,98.18,98.1,98.03,97.94,NaN,NaN,NaN,NaN,NaN,NaN,NaN,NaN,NaN,NaN,NaN,NaN,NaN,NaN,NaN,NaN,NaN,NaN,NaN,NaN,NaN,NaN,NaN,NaN,NaN,NaN,NaN,NaN,NaN,NaN
2011-06-03,NaN,NaN,NaN,NaN,NaN,NaN,NaN,NaN,NaN,NaN,NaN,NaN,NaN,NaN,NaN,99.9,61464.0,3626.0,99.895,53034.0,1989.0,99.885,48895.0,4884.0,99.865,43007.0,6268.0,99.855,52513.0,8196.0,99.84,53201.0,8596.0,99.835,60663.0,11050.0,99.825,61779.0,6832.0,99.795,69234.0,10131.0,99.77,36190.0,6929.0,99.75,31250.0,4048.0,99.71,44050.0,3585.0,99.695,20409.0,2810.0,99.655,14838.0,1676.0,99.59,6835.0,883.0,99.54,8078.0,1029.0,99.495,11848.0,1060.0,99.42,5694.0,243.0,99.35,3437.0,645.0,99.305,1647.0,449.0,99.19,1118.0,190.0,99.125,3890.0,48.0,99.055,175.0,8.0,98.975,183.0,NaN,98.92,334.0,30.0,98.845,300.0,30.0,98.715,95.0,30.0,98.635,76.0,NaN,98.595,70.0,NaN,98.475,10.0,NaN,98.39,98.34,98.22,98.14,98.07,97.98,NaN,NaN,NaN,NaN,NaN,NaN,NaN,NaN,NaN,NaN,NaN,NaN,NaN,NaN,NaN,NaN,NaN,NaN,NaN,NaN,NaN,NaN,NaN,NaN,NaN,NaN,NaN,NaN,NaN,NaN
2011-06-06,NaN,NaN,NaN,NaN,NaN,NaN,NaN,NaN,NaN,NaN,NaN,NaN,NaN,NaN,NaN,99.8975,60053.0,3954.0,99.895,53369.0,1089.0,99.885,49492.0,994.0,99.865,43129.0,306.0,99.855,52583.0,557.0,99.84,53129.0,620.0,99.835,60479.0,924.0,99.825,61597.0,973.0,99.795,69009.0,648.0,99.775,36681.0,1042.0,99.755,31289.0,984.0,99.715,43877.0,749.0,99.7,20646.0,894.0,99.665,14980.0,1049.0,99.6,6942.0,490.0,99.55,8174.0,130.0,99.505,11984.0,170.0,99.43,5703.0,91.0,99.36,3422.0,21.0,99.315,1979.0,363.0,99.2,1157.0,39.0,99.135,3890.0,NaN,99.065,181.0,6.0,98.975,177.0,6.0,98.92,334.0,NaN,98.845,300.0,NaN,98.715,95.0,NaN,98.635,76.0,NaN,98.595,70.0,NaN,98.475,10.0,NaN,98.39,98.34,98.22,98.14,98.07,97.98,NaN,NaN,NaN,NaN,NaN,NaN,NaN,NaN,NaN,NaN,NaN,NaN,NaN,NaN,NaN,NaN,NaN,NaN,NaN,NaN,NaN,NaN,NaN,NaN,NaN,NaN,NaN,NaN,NaN,NaN
2011-06-07,NaN,NaN,NaN,NaN,NaN,NaN,NaN,NaN,NaN,NaN,NaN,NaN,NaN,NaN,NaN,99.8975,58426.0,4118.0,99.895,53972.0,2424.0,99.885,49028.0,3044.0,99.865,42740.0,3606.0,99.855,51756.0,5775.0,99.84,53781.0,5800.0,99.835,60312.0,3306.0,99.825,61602.0,1787.0,99.795,68599.0,1383.0,99.775,36798.0,1639.0,99.755,31660.0,2529.0,99.72,46934.0,7746.0,99.7,22379.0,8004.0,99.665,16145.0,2644.0,99.61,7348.0,727.0,99.56,8214.0,160.0,99.515,12010.0,114.0,99.44,5696.0,35.0,99.37,3401.0,36.0,99.325,2063.0,126.0,99.215,1151.0,18.0,99.15,3880.0,22.0,99.08,181.0,12.0,98.99,177.0,NaN,98.935,340.0,6.0,98.86,300.0,NaN,98.73,101.0,6.0,98.65,76.0,NaN,98.61,70.0,NaN,98.49,10.0,NaN,98.405,98.355,98.235,98.155,98.085,97.995,NaN,NaN,NaN,NaN,NaN,NaN,NaN,NaN,NaN,NaN,NaN,NaN,NaN,NaN,NaN,NaN,NaN,NaN,NaN,NaN,NaN,NaN,NaN,NaN,NaN,NaN,NaN,NaN,NaN,NaN
2011-06-08,NaN,NaN,NaN,NaN,NaN,NaN,NaN,NaN,NaN,NaN,NaN,NaN,NaN,NaN,NaN,99.8975,59543.0,4075.0,99.895,53541.0,2816.0,99.885,49660.0,1907.0,99.865,42998.0,4912.0,99.855,52094.0,3032.0,99.84,55007.0,3160.0,99.835,60057.0,4718.0,99.825,61977.0,4967.0,99.805,69945.0,8356.0,99.785,37239.0,6226.0,99.77,32760.0,5461.0,99.735,49327.0,7186.0,99.72,25955.0,8526.0,99.685,20570.0,6162.0,99.63,8077.0,2284.0,99.585,8561.0,1571.0,99.545,12619.0,1432.0,99.48,5486.0,922.0,99.42,3229.0,546.0,99.395,2361.0,656.0,99.295,1147.0,18.0,99.235,3879.0,126.0,99.17,187.0,6.0,99.085,171.0,6.0,99.03,348.0,8.0,98.97,294.0,6.0,98.855,101.0,NaN,98.775,76.0,NaN,98.735,70.0,NaN,98.615,10.0,NaN,98.53,98.48,98.36,98.28,98.21,98.12,NaN,NaN,NaN,NaN,NaN,NaN,NaN,NaN,NaN,NaN,NaN,NaN,NaN,NaN,NaN,NaN,NaN,NaN,NaN,NaN,NaN,NaN,NaN,NaN,NaN,NaN,NaN,NaN,NaN,NaN
2011-06-09,NaN,NaN,NaN,NaN,NaN,NaN,NaN,NaN,NaN,NaN,NaN,NaN,NaN,NaN,NaN,99.9,59783.0,2175.0,99.895,54566.0,3896.0,99.88,50777.0,2343.0,99.86,44003.0,2505.0,99.85,52183.0,1424.0,99.835,54758.0,1422.0,99.83,59543.0,1399.0,99.82,60639.0,3027.0,99.8,69198.0,2170.0,99.775,36588.0,1690.0,99.755,32793.0,1417.0,99.72,49124.0,2195.0,99.7,26086.0,1230.0,99.665,20447.0,1049.0,99.61,7854.0,702.0,99.565,8580.0,178.0,99.52,12619.0,58.0,99.455,5488.0,30.0,99.395,3229.0,20.0,99.365,2403.0,54.0,99.265,1195.0,64.0,99.205,3879.0,NaN,99.14,181.0,6.0,99.055,177.0,6.0,99.0,348.0,NaN,98.94,294.0,NaN,98.825,95.0,6.0,98.74,76.0,NaN,98.69,70.0,NaN,98.57,10.0,NaN,98.485,98.435,98.315,98.235,98.16,98.065,NaN,NaN,NaN,NaN,NaN,NaN,NaN,NaN,NaN,NaN,NaN,NaN,NaN,NaN,NaN,NaN,NaN,NaN,NaN,NaN,NaN,NaN,NaN,NaN,NaN,NaN,NaN,NaN,NaN,NaN
2011-06-10,NaN,NaN,NaN,NaN,NaN,NaN,NaN,NaN,NaN,NaN,NaN,NaN,NaN,NaN,NaN,99.9,59399.0,1754.0,99.895,55647.0,4305.0,99.88,51000.0,1007.0,99.86,43321.0,4384.0,99.85,52762.0,1432.0,99.835,54635.0,486.0,99.835,59361.0,856.0,99.825,60776.0,1074.0,99.805,69348.0,1150.0,99.78,36707.0,929.0,99.76,32857.0,1306.0,99.73,50372.0,4385.0,99.715,28106.0,4989.0,99.675,20926.0,656.0,99.62,7888.0,351.0,99.585,8625.0,519.0,99.55,12619.0,316.0,99.485,5487.0,7.0,99.43,3240.0,18.0,99.4,2403.0,26.0,99.3,1205.0,21.0,99.24,3890.0,17.0,99.175,181.0,NaN,99.09,177.0,NaN,99.035,342.0,6.0,98.975,294.0,NaN,98.855,95.0,NaN,98.77,76.0,NaN,98.72,70.0,NaN,98.6,10.0,NaN,98.515,98.465,98.345,98.265,98.19,98.09,NaN,NaN,NaN,NaN,NaN,NaN,NaN,NaN,NaN,NaN,NaN,NaN,NaN,NaN,NaN,NaN,NaN,NaN,NaN,NaN,NaN,NaN,NaN,NaN,NaN,NaN,NaN,NaN,NaN,NaN
2011-06-13,NaN,NaN,NaN,NaN,NaN,NaN,NaN,NaN,NaN,NaN,NaN,NaN,NaN,NaN,NaN,99.9,58390.0,2423.0,99.895,56701.0,3482.0,99.88,51815.0,2106.0,99.86,44113.0,1575.0,99.85,52300.0,1724.0,99.84,54654.0,781.0,99.835,59362.0,804.0,99.83,61049.0,1065.0,99.81,69371.0,1908.0,99.785,36806.0,747.0,99.765,33260.0,1432.0,99.735,49653.0,1443.0,99.715,28866.0,2238.0,99.68,21750.0,1276.0,99.625,8359.0,809.0,99.59,8891.0,459.0,99.55,12637.0,101.0,99.485,5476.0,30.0,99.43,3249.0,22.0,99.4,2410.0,37.0,99.3,1200.0,30.0,99.235,3940.0,60.0,99.165,206.0,30.0,99.075,177.0,NaN,99.02,342.0,NaN,98.955,300.0,6.0,98.825,95.0,NaN,98.74,76.0,NaN,98.69,70.0,NaN,98.57,10.0,NaN,98.485,98.435,98.315,98.235,98.16,98.055,NaN,NaN,NaN,NaN,NaN,NaN,NaN,NaN,NaN,NaN,NaN,NaN,NaN,NaN,NaN,NaN,NaN,NaN,NaN,NaN,NaN,NaN,NaN,NaN,NaN,NaN,NaN,NaN,NaN,NaN
2011-06-14,NaN,NaN,NaN,NaN,NaN,NaN,NaN,NaN,NaN,NaN,NaN,NaN,NaN,NaN,NaN,99.9,57513.0,2194.0,99.895,58540.0,4027.0,99.88,53695.0,4360.0,99.86,44444.0,2605.0,99.85,51506.0,2661.0,99.835,52746.0,3337.0,99.83,59337.0,1812.0,99.82,61868.0,3634.0,99.795,68692.0,3582.0,99.77,36481.0,1857.0,99.745,33833.0,2410.0,99.705,50905.0,10737.0,99.69,29024.0,9764.0,99.655,22341.0,1205.0,99.595,8221.0,350.0,99.55,8900.0,424.0,99.5,12675.0,286.0,99.435,5422.0,166.0,99.37,3225.0,152.0,99.325,2473.0,247.0,99.21,1367.0,267.0,99.14,3918.0,31.0,99.07,200.0,10.0,98.98,177.0,NaN,98.925,336.0,6.0,98.86,300.0,NaN,98.715,95.0,NaN,98.63,76.0,NaN,98.575,70.0,NaN,98.455,10.0,NaN,98.37,98.3,98.18,98.1,98.025,97.92,NaN,NaN,NaN,NaN,NaN,NaN,NaN,NaN,NaN,NaN,NaN,NaN,NaN,NaN,NaN,NaN,NaN,NaN,NaN,NaN,NaN,NaN,NaN,NaN,NaN,NaN,NaN,NaN,NaN,NaN
2011-06-15,NaN,NaN,NaN,NaN,NaN,NaN,NaN,NaN,NaN,NaN,NaN,NaN,NaN,NaN,NaN,99.8975,56533.0,6295.0,99.89,59165.0,6856.0,99.88,53949.0,5055.0,99.86,44123.0,3005.0,99.85,52012.0,3307.0,99.835,52173.0,2659.0,99.83,59490.0,3724.0,99.82,61938.0,4970.0,99.8,69249.0,4546.0,99.785,37061.0,4536.0,99.765,35057.0,3720.0,99.735,51336.0,6583.0,99.725,33206.0,13727.0,99.69,29495.0,11345.0,99.64,9704.0,3802.0,99.6,10277.0,2457.0,99.565,13684.0,1329.0,99.5,5613.0,392.0,99.44,3275.0,176.0,99.41,2461.0,52.0,99.305,1378.0,11.0,99.235,3918.0,111.0,99.165,200.0,NaN,99.075,177.0,NaN,99.02,336.0,NaN,98.955,300.0,NaN,98.81,95.0,NaN,98.73,76.0,NaN,98.675,70.0,NaN,98.555,10.0,NaN,98.47,98.42,98.3,98.22,98.145,98.04,NaN,NaN,NaN,NaN,NaN,NaN,NaN,NaN,NaN,NaN,NaN,NaN,NaN,NaN,NaN,NaN,NaN,NaN,NaN,NaN,NaN,NaN,NaN,NaN,NaN,NaN,NaN,NaN,NaN,NaN
2011-06-16,NaN,NaN,NaN,NaN,NaN,NaN,NaN,NaN,NaN,NaN,NaN,NaN,NaN,NaN,NaN,99.8975,60013.0,7385.0,99.89,58502.0,9469.0,99.875,54581.0,7070.0,99.86,44206.0,7425.0,99.85,52554.0,4431.0,99.84,52163.0,3779.0,99.83,58131.0,4257.0,99.82,61155.0,6694.0,99.8,67241.0,6869.0,99.785,36573.0,4735.0,99.77,35215.0,6400.0,99.74,52137.0,6716.0,99.73,33584.0,5921.0,99.695,31067.0,3455.0,99.645,10200.0,2361.0,99.61,11064.0,1832.0,99.575,13990.0,843.0,99.51,5730.0,265.0,99.455,3275.0,2.0,99.425,2463.0,2.0,99.325,1378.0,NaN,99.265,3918.0,61.0,99.2,200.0,NaN,99.11,177.0,NaN,99.065,336.0,NaN,99.0,300.0,NaN,98.865,95.0,NaN,98.785,76.0,NaN,98.735,70.0,NaN,98.62,10.0,NaN,98.535,98.485,98.365,98.285,98.21,98.105,NaN,NaN,NaN,NaN,NaN,NaN,NaN,NaN,NaN,NaN,NaN,NaN,NaN,NaN,NaN,NaN,NaN,NaN,NaN,NaN,NaN,NaN,NaN,NaN,NaN,NaN,NaN,NaN,NaN,NaN
2011-06-17,NaN,NaN,NaN,NaN,NaN,NaN,NaN,NaN,NaN,NaN,NaN,NaN,NaN,NaN,NaN,99.8975,61230.0,2450.0,99.89,58221.0,1992.0,99.875,54643.0,818.0,99.86,44312.0,1422.0,99.85,53087.0,2712.0,99.84,51552.0,2534.0,99.83,57580.0,1357.0,99.82,60751.0,2413.0,99.8,66770.0,1541.0,99.78,36180.0,1785.0,99.765,35304.0,3200.0,99.74,52146.0,3699.0,99.73,34045.0,2307.0,99.695,31545.0,1122.0,99.645,10601.0,1628.0,99.6,11277.0,590.0,99.565,14358.0,644.0,99.5,5863.0,322.0,99.445,3323.0,128.0,99.415,2444.0,42.0,99.315,1378.0,12.0,99.25,3918.0,NaN,99.185,200.0,NaN,99.095,177.0,NaN,99.05,336.0,NaN,98.985,300.0,NaN,98.85,95.0,NaN,98.77,76.0,NaN,98.72,70.0,NaN,98.605,10.0,NaN,98.52,98.47,98.35,98.27,98.195,98.09,NaN,NaN,NaN,NaN,NaN,NaN,NaN,NaN,NaN,NaN,NaN,NaN,NaN,NaN,NaN,NaN,NaN,NaN,NaN,NaN,NaN,NaN,NaN,NaN,NaN,NaN,NaN,NaN,NaN,NaN
2011-06-20,NaN,NaN,NaN,NaN,NaN,NaN,NaN,NaN,NaN,NaN,NaN,NaN,NaN,NaN,NaN,99.8975,61522.0,1375.0,99.89,58385.0,3451.0,99.875,54084.0,3826.0,99.86,43659.0,2237.0,99.85,52329.0,2314.0,99.84,50908.0,2809.0,99.83,56326.0,5585.0,99.82,58504.0,5854.0,99.795,65664.0,3191.0,99.78,37174.0,3026.0,99.765,35698.0,2104.0,99.74,52512.0,2701.0,99.73,36393.0,2277.0,99.695,35834.0,5231.0,99.645,13220.0,4778.0,99.605,11641.0,662.0,99.57,14513.0,354.0,99.505,5880.0,37.0,99.45,3331.0,28.0,99.42,2460.0,175.0,99.325,1388.0,23.0,99.26,3936.0,24.0,99.195,685.0,485.0,99.105,177.0,NaN,99.06,336.0,NaN,98.995,300.0,NaN,98.86,95.0,NaN,98.78,76.0,NaN,98.73,76.0,6.0,98.615,10.0,NaN,98.53,98.475,98.355,98.275,98.2,98.095,NaN,NaN,NaN,NaN,NaN,NaN,NaN,NaN,NaN,NaN,NaN,NaN,NaN,NaN,NaN,NaN,NaN,NaN,NaN,NaN,NaN,NaN,NaN,NaN,NaN,NaN,NaN,NaN,NaN,NaN
2011-06-21,NaN,NaN,NaN,NaN,NaN,NaN,NaN,NaN,NaN,NaN,NaN,NaN,NaN,NaN,NaN,99.9,61639.0,7195.0,99.89,59207.0,3361.0,99.875,54924.0,2251.0,99.86,43098.0,2185.0,99.85,51939.0,5881.0,99.835,49608.0,5487.0,99.83,55105.0,3006.0,99.82,56843.0,4313.0,99.795,65127.0,3914.0,99.78,37179.0,2576.0,99.765,36783.0,2229.0,99.74,52973.0,1579.0,99.73,37531.0,1325.0,99.695,36594.0,2153.0,99.635,14235.0,1661.0,99.595,11782.0,247.0,99.555,14625.0,160.0,99.49,6069.0,363.0,99.435,3581.0,354.0,99.4,2612.0,201.0,99.305,1388.0,360.0,99.24,3904.0,163.0,99.175,797.0,125.0,99.085,182.0,6.0,99.04,336.0,NaN,98.975,300.0,NaN,98.84,95.0,NaN,98.76,76.0,NaN,98.71,76.0,NaN,98.595,10.0,NaN,98.51,98.455,98.335,98.255,98.18,98.075,NaN,NaN,NaN,NaN,NaN,NaN,NaN,NaN,NaN,NaN,NaN,NaN,NaN,NaN,NaN,NaN,NaN,NaN,NaN,NaN,NaN,NaN,NaN,NaN,NaN,NaN,NaN,NaN,NaN,NaN
2011-06-22,NaN,NaN,NaN,NaN,NaN,NaN,NaN,NaN,NaN,NaN,NaN,NaN,NaN,NaN,NaN,99.9025,61978.0,2982.0,99.895,58451.0,4669.0,99.875,54314.0,4912.0,99.86,43617.0,4921.0,99.85,51491.0,4810.0,99.835,49113.0,5120.0,99.83,53528.0,7346.0,99.815,54157.0,6540.0,99.795,65272.0,4672.0,99.78,39101.0,4237.0,99.765,37399.0,3602.0,99.74,52404.0,5867.0,99.73,39635.0,6528.0,99.7,39376.0,5779.0,99.645,15579.0,5164.0,99.605,12198.0,1831.0,99.57,15423.0,1709.0,99.505,6614.0,1028.0,99.45,3559.0,113.0,99.415,2609.0,88.0,99.315,1393.0,84.0,99.245,3908.0,211.0,99.18,1002.0,250.0,99.09,191.0,130.0,99.045,324.0,12.0,98.98,306.0,6.0,98.845,89.0,6.0,98.765,70.0,6.0,98.715,76.0,NaN,98.6,10.0,NaN,98.515,98.46,98.34,98.26,98.18,98.075,NaN,NaN,NaN,NaN,NaN,NaN,NaN,NaN,NaN,NaN,NaN,NaN,NaN,NaN,NaN,NaN,NaN,NaN,NaN,NaN,NaN,NaN,NaN,NaN,NaN,NaN,NaN,NaN,NaN,NaN
2011-06-23,NaN,NaN,NaN,NaN,NaN,NaN,NaN,NaN,NaN,NaN,NaN,NaN,NaN,NaN,NaN,99.9025,61855.0,820.0,99.9,61191.0,5416.0,99.88,55031.0,2381.0,99.865,45652.0,4292.0,99.855,51280.0,4043.0,99.845,47022.0,5111.0,99.84,52988.0,3769.0,99.83,54051.0,4830.0,99.815,63557.0,7138.0,99.8,39458.0,5478.0,99.79,39800.0,8935.0,99.775,53944.0,9328.0,99.765,40954.0,5290.0,99.735,42451.0,6468.0,99.685,17631.0,4665.0,99.655,12509.0,1177.0,99.62,15536.0,251.0,99.56,6645.0,177.0,99.505,3605.0,47.0,99.47,2773.0,173.0,99.38,1526.0,138.0,99.325,3913.0,21.0,99.265,999.0,7.0,99.18,191.0,2.0,99.14,322.0,2.0,99.075,306.0,NaN,98.96,89.0,NaN,98.885,70.0,NaN,98.835,76.0,NaN,98.725,10.0,NaN,98.64,98.59,98.47,98.39,98.31,98.205,NaN,NaN,NaN,NaN,NaN,NaN,NaN,NaN,NaN,NaN,NaN,NaN,NaN,NaN,NaN,NaN,NaN,NaN,NaN,NaN,NaN,NaN,NaN,NaN,NaN,NaN,NaN,NaN,NaN,NaN
2011-06-24,NaN,NaN,NaN,NaN,NaN,NaN,NaN,NaN,NaN,NaN,NaN,NaN,NaN,NaN,NaN,99.9025,62317.0,5558.0,99.9,66406.0,10624.0,99.88,57593.0,11988.0,99.865,44488.0,6903.0,99.855,51988.0,3259.0,99.845,46053.0,3055.0,99.84,53160.0,2335.0,99.83,54673.0,3518.0,99.815,63715.0,4031.0,99.8,39010.0,3435.0,99.79,39494.0,7691.0,99.775,54895.0,7953.0,99.765,41419.0,4852.0,99.735,44051.0,4459.0,99.69,17604.0,2707.0,99.655,12883.0,1133.0,99.63,15702.0,510.0,99.575,6752.0,482.0,99.53,3478.0,270.0,99.5,2712.0,94.0,99.425,1582.0,127.0,99.37,3910.0,23.0,99.315,1015.0,37.0,99.24,184.0,16.0,99.2,325.0,5.0,99.14,307.0,1.0,99.03,89.0,NaN,98.955,76.0,6.0,98.905,76.0,NaN,98.795,10.0,NaN,98.71,98.66,98.54,98.46,98.38,98.275,NaN,NaN,NaN,NaN,NaN,NaN,NaN,NaN,NaN,NaN,NaN,NaN,NaN,NaN,NaN,NaN,NaN,NaN,NaN,NaN,NaN,NaN,NaN,NaN,NaN,NaN,NaN,NaN,NaN,NaN
2011-06-27,NaN,NaN,NaN,NaN,NaN,NaN,NaN,NaN,NaN,NaN,NaN,NaN,NaN,NaN,NaN,99.905,62743.0,3353.0,99.9,66527.0,2095.0,99.885,57638.0,1746.0,99.865,44498.0,1341.0,99.855,52378.0,2735.0,99.845,45734.0,2429.0,99.84,52801.0,1486.0,99.83,53609.0,2287.0,99.81,63457.0,2494.0,99.79,38001.0,2575.0,99.775,37811.0,4384.0,99.75,56128.0,3358.0,99.74,41402.0,3639.0,99.7,44905.0,2627.0,99.65,17757.0,703.0,99.61,13138.0,587.0,99.58,15992.0,557.0,99.525,6723.0,149.0,99.48,3501.0,99.0,99.45,2682.0,37.0,99.365,1582.0,38.0,99.31,3948.0,38.0,99.255,1015.0,NaN,99.18,184.0,NaN,99.14,325.0,NaN,99.08,307.0,NaN,98.97,89.0,NaN,98.895,80.0,4.0,98.845,76.0,NaN,98.735,10.0,NaN,98.655,98.605,98.485,98.41,98.335,98.24,NaN,NaN,NaN,NaN,NaN,NaN,NaN,NaN,NaN,NaN,NaN,NaN,NaN,NaN,NaN,NaN,NaN,NaN,NaN,NaN,NaN,NaN,NaN,NaN,NaN,NaN,NaN,NaN,NaN,NaN
2011-06-28,NaN,NaN,NaN,NaN,NaN,NaN,NaN,NaN,NaN,NaN,NaN,NaN,NaN,NaN,NaN,99.905,62190.0,1416.0,99.9,68370.0,9388.0,99.88,59553.0,10335.0,99.86,42159.0,6346.0,99.85,52025.0,6880.0,99.835,45145.0,6116.0,99.82,51023.0,8551.0,99.805,49650.0,16260.0,99.775,62183.0,14152.0,99.75,36963.0,13044.0,99.73,37411.0,7263.0,99.7,55431.0,4546.0,99.69,41263.0,2048.0,99.65,44556.0,2174.0,99.585,17569.0,2046.0,99.535,13222.0,778.0,99.49,15965.0,369.0,99.425,6716.0,108.0,99.37,3514.0,219.0,99.335,2652.0,147.0,99.23,1589.0,49.0,99.165,3948.0,111.0,99.105,1015.0,25.0,99.02,184.0,NaN,98.975,325.0,NaN,98.915,269.0,38.0,98.805,71.0,38.0,98.73,80.0,NaN,98.68,76.0,NaN,98.57,10.0,NaN,98.495,98.445,98.325,98.25,98.175,98.08,NaN,NaN,NaN,NaN,NaN,NaN,NaN,NaN,NaN,NaN,NaN,NaN,NaN,NaN,NaN,NaN,NaN,NaN,NaN,NaN,NaN,NaN,NaN,NaN,NaN,NaN,NaN,NaN,NaN,NaN
2011-06-29,NaN,NaN,NaN,NaN,NaN,NaN,NaN,NaN,NaN,NaN,NaN,NaN,NaN,NaN,NaN,99.905,61181.0,2279.0,99.9,67516.0,3606.0,99.88,58243.0,1045.0,99.86,42030.0,1909.0,99.85,49903.0,2480.0,99.835,45310.0,1373.0,99.825,51020.0,2865.0,99.81,49995.0,3792.0,99.785,61982.0,3810.0,99.76,37135.0,1763.0,99.74,37718.0,1649.0,99.715,54530.0,2648.0,99.7,40817.0,1918.0,99.66,44132.0,1859.0,99.595,17513.0,1459.0,99.54,13393.0,992.0,99.49,16040.0,657.0,99.42,6890.0,616.0,99.355,3523.0,145.0,99.315,2811.0,335.0,99.205,1685.0,298.0,99.13,3947.0,7.0,99.06,1014.0,1.0,98.97,183.0,1.0,98.925,325.0,NaN,98.85,269.0,NaN,98.725,71.0,NaN,98.65,80.0,NaN,98.595,76.0,NaN,98.485,10.0,NaN,98.41,98.36,98.24,98.16,98.085,97.99,NaN,NaN,NaN,NaN,NaN,NaN,NaN,NaN,NaN,NaN,NaN,NaN,NaN,NaN,NaN,NaN,NaN,NaN,NaN,NaN,NaN,NaN,NaN,NaN,NaN,NaN,NaN,NaN,NaN,NaN
2011-06-30,NaN,NaN,NaN,NaN,NaN,NaN,NaN,NaN,NaN,NaN,NaN,NaN,NaN,NaN,NaN,99.9075,63771.0,4466.0,99.9,67721.0,633.0,99.88,57660.0,1969.0,99.86,41475.0,2937.0,99.85,48957.0,3890.0,99.835,45468.0,3703.0,99.825,50433.0,5654.0,99.815,47898.0,6315.0,99.79,61543.0,6029.0,99.765,40586.0,10104.0,99.745,39814.0,10821.0,99.72,54583.0,6965.0,99.705,40661.0,6128.0,99.665,44917.0,3454.0,99.595,17817.0,3360.0,99.54,12531.0,1767.0,99.49,16020.0,619.0,99.42,6924.0,299.0,99.345,3484.0,236.0,99.295,2942.0,171.0,99.175,1827.0,476.0,99.095,4115.0,234.0,99.015,1225.0,287.0,98.925,438.0,376.0,98.875,315.0,10.0,98.78,269.0,10.0,98.65,71.0,10.0,98.57,75.0,5.0,98.515,76.0,NaN,98.4,10.0,NaN,98.305,98.25,98.13,98.05,97.965,97.865,NaN,NaN,NaN,NaN,NaN,NaN,NaN,NaN,NaN,NaN,NaN,NaN,NaN,NaN,NaN,NaN,NaN,NaN,NaN,NaN,NaN,NaN,NaN,NaN,NaN,NaN,NaN,NaN,NaN,NaN
2011-07-01,NaN,NaN,NaN,NaN,NaN,NaN,NaN,NaN,NaN,NaN,NaN,NaN,NaN,NaN,NaN,NaN,NaN,NaN,99.905,67597.0,3422.0,99.88,57537.0,1613.0,99.86,41134.0,1943.0,99.85,48203.0,2693.0,99.835,46098.0,3218.0,99.825,50985.0,3015.0,99.815,48038.0,3149.0,99.79,61521.0,2813.0,99.765,41501.0,2970.0,99.745,40722.0,2899.0,99.72,55355.0,2784.0,99.705,41460.0,3039.0,99.655,45966.0,2701.0,99.58,18012.0,1499.0,99.52,12599.0,396.0,99.465,16123.0,246.0,99.375,6889.0,133.0,99.3,3486.0,35.0,99.25,2959.0,17.0,99.13,1839.0,18.0,99.05,4115.0,5.0,98.965,1226.0,1.0,98.865,438.0,NaN,98.815,314.0,1.0,98.72,269.0,1.0,98.59,71.0,1.0,98.51,75.0,NaN,98.455,76.0,NaN,98.335,10.0,NaN,98.24,98.185,98.065,97.985,97.9,97.8,97.72,NaN,NaN,NaN,NaN,NaN,NaN,NaN,NaN,NaN,NaN,NaN,NaN,NaN,NaN,NaN,NaN,NaN,NaN,NaN,NaN,NaN,NaN,NaN,NaN,NaN,NaN,NaN,NaN,NaN
2011-07-05,NaN,NaN,NaN,NaN,NaN,NaN,NaN,NaN,NaN,NaN,NaN,NaN,NaN,NaN,NaN,NaN,NaN,NaN,99.9075,68412.0,4100.0,99.885,57741.0,3204.0,99.87,42140.0,4124.0,99.855,48362.0,1611.0,99.84,46329.0,809.0,99.83,51936.0,2136.0,99.82,48159.0,765.0,99.795,61849.0,1066.0,99.775,41204.0,949.0,99.755,40133.0,2002.0,99.735,54637.0,2765.0,99.72,42046.0,2034.0,99.685,46203.0,876.0,99.625,18121.0,620.0,99.57,12680.0,295.0,99.525,16121.0,188.0,99.45,6881.0,76.0,99.38,3491.0,21.0,99.335,2974.0,23.0,99.225,1840.0,23.0,99.145,4090.0,45.0,99.08,1643.0,482.0,98.98,641.0,214.0,98.93,264.0,50.0,98.85,307.0,38.0,98.72,100.0,38.0,98.64,75.0,NaN,98.585,76.0,NaN,98.465,10.0,NaN,98.37,98.315,98.195,98.115,98.03,97.93,97.855,NaN,NaN,NaN,NaN,NaN,NaN,NaN,NaN,NaN,NaN,NaN,NaN,NaN,NaN,NaN,NaN,NaN,NaN,NaN,NaN,NaN,NaN,NaN,NaN,NaN,NaN,NaN,NaN,NaN
2011-07-06,NaN,NaN,NaN,NaN,NaN,NaN,NaN,NaN,NaN,NaN,NaN,NaN,NaN,NaN,NaN,NaN,NaN,NaN,99.91,68319.0,4789.0,99.89,56233.0,12027.0,99.87,44348.0,6408.0,99.86,49041.0,2792.0,99.845,46761.0,1602.0,99.835,51488.0,2194.0,99.825,48359.0,4254.0,99.805,61899.0,3448.0,99.785,41129.0,3183.0,99.765,39735.0,4259.0,99.745,54514.0,4328.0,99.73,42600.0,3276.0,99.7,47058.0,2266.0,99.645,19060.0,2639.0,99.605,12650.0,1202.0,99.56,16153.0,466.0,99.49,7060.0,504.0,99.425,3479.0,38.0,99.385,3036.0,96.0,99.275,1930.0,111.0,99.2,4090.0,NaN,99.135,1897.0,254.0,99.035,768.0,127.0,98.985,264.0,NaN,98.905,307.0,NaN,98.78,100.0,NaN,98.7,75.0,2.0,98.66,76.0,NaN,98.54,10.0,NaN,98.45,98.395,98.275,98.195,98.11,98.01,97.955,NaN,NaN,NaN,NaN,NaN,NaN,NaN,NaN,NaN,NaN,NaN,NaN,NaN,NaN,NaN,NaN,NaN,NaN,NaN,NaN,NaN,NaN,NaN,NaN,NaN,NaN,NaN,NaN,NaN
2011-07-07,NaN,NaN,NaN,NaN,NaN,NaN,NaN,NaN,NaN,NaN,NaN,NaN,NaN,NaN,NaN,NaN,NaN,NaN,99.915,68357.0,5830.0,99.895,56073.0,6472.0,99.87,45659.0,10678.0,99.86,51039.0,6023.0,99.845,46885.0,3423.0,99.835,52012.0,1839.0,99.825,49107.0,2075.0,99.805,61918.0,1362.0,99.78,41640.0,1064.0,99.76,40234.0,2075.0,99.735,54617.0,1592.0,99.72,42243.0,741.0,99.675,46920.0,1541.0,99.605,19172.0,747.0,99.545,12555.0,629.0,99.495,16224.0,746.0,99.42,7232.0,586.0,99.355,3524.0,48.0,99.315,3113.0,77.0,99.195,2007.0,95.0,99.115,4090.0,NaN,99.05,1897.0,NaN,98.95,768.0,NaN,98.9,264.0,NaN,98.82,307.0,NaN,98.695,100.0,NaN,98.615,75.0,NaN,98.575,76.0,NaN,98.45,10.0,NaN,98.36,98.305,98.185,98.1,98.015,97.915,97.86,NaN,NaN,NaN,NaN,NaN,NaN,NaN,NaN,NaN,NaN,NaN,NaN,NaN,NaN,NaN,NaN,NaN,NaN,NaN,NaN,NaN,NaN,NaN,NaN,NaN,NaN,NaN,NaN,NaN
2011-07-08,NaN,NaN,NaN,NaN,NaN,NaN,NaN,NaN,NaN,NaN,NaN,NaN,NaN,NaN,NaN,NaN,NaN,NaN,99.9175,68669.0,2008.0,99.895,55613.0,2272.0,99.88,47442.0,4797.0,99.87,51087.0,3052.0,99.86,47523.0,4967.0,99.855,54062.0,8328.0,99.845,49098.0,2822.0,99.83,62053.0,4618.0,99.815,43183.0,5754.0,99.8,41087.0,6037.0,99.78,55150.0,4802.0,99.765,46137.0,9685.0,99.735,49056.0,7135.0,99.69,19508.0,6350.0,99.655,12375.0,2428.0,99.62,16420.0,947.0,99.555,7431.0,547.0,99.5,3693.0,468.0,99.46,3061.0,586.0,99.36,2039.0,110.0,99.285,4101.0,40.0,99.22,1907.0,40.0,99.125,778.0,18.0,99.08,276.0,18.0,99.015,295.0,12.0,98.89,118.0,18.0,98.81,93.0,18.0,98.77,76.0,NaN,98.645,10.0,NaN,98.565,98.51,98.39,98.305,98.22,98.125,98.07,NaN,NaN,NaN,NaN,NaN,NaN,NaN,NaN,NaN,NaN,NaN,NaN,NaN,NaN,NaN,NaN,NaN,NaN,NaN,NaN,NaN,NaN,NaN,NaN,NaN,NaN,NaN,NaN,NaN
2011-07-11,NaN,NaN,NaN,NaN,NaN,NaN,NaN,NaN,NaN,NaN,NaN,NaN,NaN,NaN,NaN,NaN,NaN,NaN,99.92,68841.0,1109.0,99.895,56527.0,3020.0,99.88,46917.0,3435.0,99.875,52018.0,7328.0,99.87,50337.0,8336.0,99.865,56077.0,8045.0,99.86,49463.0,7914.0,99.85,62430.0,7651.0,99.84,44187.0,4995.0,99.83,42559.0,3805.0,99.81,55906.0,3151.0,99.8,50459.0,8930.0,99.775,54092.0,8709.0,99.73,21215.0,3246.0,99.7,12406.0,812.0,99.67,16435.0,319.0,99.615,7518.0,236.0,99.565,3534.0,178.0,99.535,3214.0,293.0,99.44,2213.0,210.0,99.375,4101.0,NaN,99.32,1907.0,NaN,99.235,778.0,NaN,99.19,277.0,1.0,99.135,294.0,2.0,99.015,116.0,2.0,98.94,98.0,5.0,98.895,76.0,NaN,98.78,10.0,NaN,98.69,98.635,98.51,98.425,98.335,98.235,98.18,NaN,NaN,NaN,NaN,NaN,NaN,NaN,NaN,NaN,NaN,NaN,NaN,NaN,NaN,NaN,NaN,NaN,NaN,NaN,NaN,NaN,NaN,NaN,NaN,NaN,NaN,NaN,NaN,NaN
2011-07-12,NaN,NaN,NaN,NaN,NaN,NaN,NaN,NaN,NaN,NaN,NaN,NaN,NaN,NaN,NaN,NaN,NaN,NaN,99.92,68707.0,5541.0,99.9,58183.0,5824.0,99.88,48716.0,6186.0,99.87,51009.0,7342.0,99.86,49220.0,8318.0,99.85,55045.0,16694.0,99.835,50319.0,9441.0,99.825,61546.0,7396.0,99.81,43733.0,7636.0,99.8,42285.0,4562.0,99.785,55302.0,7974.0,99.775,53076.0,8344.0,99.75,55435.0,6760.0,99.705,21675.0,3588.0,99.67,12395.0,928.0,99.64,16490.0,554.0,99.585,7555.0,419.0,99.535,4046.0,771.0,99.505,3266.0,294.0,99.41,2286.0,108.0,99.35,4101.0,NaN,99.295,1907.0,NaN,99.21,778.0,NaN,99.175,277.0,NaN,99.12,294.0,NaN,99.0,116.0,NaN,98.925,98.0,NaN,98.88,76.0,NaN,98.77,10.0,NaN,98.685,98.63,98.505,98.42,98.34,98.24,98.19,NaN,NaN,NaN,NaN,NaN,NaN,NaN,NaN,NaN,NaN,NaN,NaN,NaN,NaN,NaN,NaN,NaN,NaN,NaN,NaN,NaN,NaN,NaN,NaN,NaN,NaN,NaN,NaN,NaN
2011-07-13,NaN,NaN,NaN,NaN,NaN,NaN,NaN,NaN,NaN,NaN,NaN,NaN,NaN,NaN,NaN,NaN,NaN,NaN,99.9225,68936.0,3021.0,99.905,57783.0,6469.0,99.885,50924.0,6761.0,99.875,49501.0,7983.0,99.865,48772.0,4010.0,99.86,55081.0,4249.0,99.845,51466.0,5727.0,99.835,61768.0,6535.0,99.82,44060.0,5300.0,99.81,43970.0,5402.0,99.795,56892.0,8633.0,99.79,53134.0,5861.0,99.77,56553.0,6210.0,99.73,22758.0,4827.0,99.7,12460.0,1504.0,99.675,16992.0,1010.0,99.625,7484.0,350.0,99.58,4092.0,139.0,99.555,3773.0,589.0,99.465,2298.0,84.0,99.405,4101.0,72.0,99.355,2132.0,247.0,99.28,877.0,102.0,99.245,277.0,1.0,99.19,294.0,NaN,99.07,116.0,NaN,98.995,88.0,10.0,98.95,76.0,NaN,98.84,10.0,NaN,98.755,98.705,98.585,98.5,98.42,98.32,98.27,NaN,NaN,NaN,NaN,NaN,NaN,NaN,NaN,NaN,NaN,NaN,NaN,NaN,NaN,NaN,NaN,NaN,NaN,NaN,NaN,NaN,NaN,NaN,NaN,NaN,NaN,NaN,NaN,NaN
2011-07-14,NaN,NaN,NaN,NaN,NaN,NaN,NaN,NaN,NaN,NaN,NaN,NaN,NaN,NaN,NaN,NaN,NaN,NaN,99.9275,68052.0,4128.0,99.91,56663.0,9469.0,99.895,54376.0,10108.0,99.885,49099.0,9424.0,99.875,47414.0,6541.0,99.86,55768.0,6221.0,99.845,56518.0,7035.0,99.835,62599.0,4516.0,99.82,43644.0,4224.0,99.81,44353.0,5260.0,99.795,59573.0,6286.0,99.79,54159.0,3265.0,99.765,60646.0,7505.0,99.73,24640.0,7921.0,99.7,15272.0,6359.0,99.675,19364.0,5052.0,99.635,8159.0,1547.0,99.595,4807.0,950.0,99.57,4343.0,853.0,99.485,2611.0,530.0,99.425,4009.0,239.0,99.375,2476.0,392.0,99.3,1191.0,357.0,99.265,288.0,11.0,99.2,294.0,NaN,99.08,116.0,NaN,99.005,88.0,NaN,98.95,76.0,NaN,98.84,10.0,NaN,98.745,98.685,98.565,98.475,98.39,98.29,98.235,NaN,NaN,NaN,NaN,NaN,NaN,NaN,NaN,NaN,NaN,NaN,NaN,NaN,NaN,NaN,NaN,NaN,NaN,NaN,NaN,NaN,NaN,NaN,NaN,NaN,NaN,NaN,NaN,NaN
2011-07-15,NaN,NaN,NaN,NaN,NaN,NaN,NaN,NaN,NaN,NaN,NaN,NaN,NaN,NaN,NaN,NaN,NaN,NaN,99.9275,67833.0,865.0,99.915,56711.0,2225.0,99.9,54682.0,4512.0,99.885,49856.0,3131.0,99.875,47939.0,4781.0,99.865,55801.0,4984.0,99.855,57407.0,5636.0,99.84,62671.0,3387.0,99.825,43078.0,4736.0,99.81,44243.0,3015.0,99.795,59601.0,3016.0,99.79,54242.0,1739.0,99.77,60011.0,2035.0,99.735,24975.0,1299.0,99.71,15105.0,914.0,99.685,19377.0,371.0,99.645,8343.0,321.0,99.605,4811.0,162.0,99.58,4397.0,88.0,99.505,2669.0,95.0,99.45,4014.0,23.0,99.405,2583.0,151.0,99.33,1283.0,149.0,99.295,299.0,14.0,99.23,295.0,1.0,99.11,116.0,NaN,99.035,88.0,NaN,98.98,76.0,NaN,98.87,10.0,NaN,98.775,98.715,98.595,98.51,98.425,98.325,98.27,NaN,NaN,NaN,NaN,NaN,NaN,NaN,NaN,NaN,NaN,NaN,NaN,NaN,NaN,NaN,NaN,NaN,NaN,NaN,NaN,NaN,NaN,NaN,NaN,NaN,NaN,NaN,NaN,NaN
2011-07-18,NaN,NaN,NaN,NaN,NaN,NaN,NaN,NaN,NaN,NaN,NaN,NaN,NaN,NaN,NaN,NaN,NaN,NaN,99.93,67474.0,1447.0,99.915,58987.0,5519.0,99.9,56174.0,6600.0,99.89,49680.0,4156.0,99.875,47605.0,6516.0,99.865,55535.0,1926.0,99.855,54852.0,6448.0,99.84,62714.0,3303.0,99.825,42739.0,950.0,99.815,44116.0,1271.0,99.8,59305.0,1871.0,99.795,54510.0,1601.0,99.775,61311.0,5001.0,99.745,25457.0,1754.0,99.72,15534.0,1181.0,99.695,20702.0,1832.0,99.655,8721.0,740.0,99.62,5222.0,487.0,99.595,4393.0,86.0,99.52,2669.0,110.0,99.475,4234.0,220.0,99.43,2645.0,110.0,99.355,1283.0,149.0,99.32,299.0,14.0,99.255,295.0,1.0,99.135,116.0,NaN,99.06,88.0,NaN,99.005,76.0,NaN,98.895,10.0,NaN,98.81,98.75,98.63,98.545,98.46,98.36,98.305,NaN,NaN,NaN,NaN,NaN,NaN,NaN,NaN,NaN,NaN,NaN,NaN,NaN,NaN,NaN,NaN,NaN,NaN,NaN,NaN,NaN,NaN,NaN,NaN,NaN,NaN,NaN,NaN,NaN
2011-07-19,NaN,NaN,NaN,NaN,NaN,NaN,NaN,NaN,NaN,NaN,NaN,NaN,NaN,NaN,NaN,NaN,NaN,NaN,99.93,68287.0,2236.0,99.91,61369.0,5657.0,99.885,60855.0,10689.0,99.87,49545.0,3985.0,99.86,47619.0,5035.0,99.85,56931.0,9670.0,99.835,54414.0,6466.0,99.825,62595.0,5782.0,99.81,42626.0,3392.0,99.795,44498.0,6812.0,99.775,60013.0,8181.0,99.77,54438.0,7574.0,99.75,60357.0,6862.0,99.725,27179.0,5946.0,99.7,16514.0,5206.0,99.68,23307.0,4712.0,99.64,9996.0,3216.0,99.605,6066.0,1478.0,99.58,4478.0,450.0,99.51,2728.0,383.0,99.46,4165.0,535.0,99.415,3103.0,507.0,99.34,1538.0,306.0,99.305,306.0,7.0,99.24,295.0,NaN,99.13,116.0,NaN,99.055,88.0,NaN,99.01,76.0,NaN,98.9,10.0,NaN,98.815,98.765,98.645,98.56,98.475,98.375,98.32,NaN,NaN,NaN,NaN,NaN,NaN,NaN,NaN,NaN,NaN,NaN,NaN,NaN,NaN,NaN,NaN,NaN,NaN,NaN,NaN,NaN,NaN,NaN,NaN,NaN,NaN,NaN,NaN,NaN
2011-07-20,NaN,NaN,NaN,NaN,NaN,NaN,NaN,NaN,NaN,NaN,NaN,NaN,NaN,NaN,NaN,NaN,NaN,NaN,99.93,68313.0,1724.0,99.91,62710.0,4657.0,99.89,62020.0,7005.0,99.875,49782.0,3645.0,99.865,48179.0,4278.0,99.855,55259.0,6309.0,99.84,54468.0,4600.0,99.825,63438.0,6258.0,99.81,41597.0,3719.0,99.795,44397.0,4073.0,99.775,59804.0,2389.0,99.77,54169.0,3054.0,99.75,60603.0,5617.0,99.715,27417.0,4939.0,99.685,17261.0,2285.0,99.665,23646.0,1321.0,99.625,10715.0,1484.0,99.585,6169.0,269.0,99.56,4756.0,673.0,99.485,2663.0,441.0,99.425,4083.0,433.0,99.375,3709.0,751.0,99.3,1643.0,135.0,99.265,308.0,2.0,99.2,295.0,NaN,99.09,116.0,NaN,99.015,88.0,NaN,98.97,76.0,NaN,98.86,10.0,NaN,98.775,98.72,98.6,98.515,98.43,98.33,98.27,NaN,NaN,NaN,NaN,NaN,NaN,NaN,NaN,NaN,NaN,NaN,NaN,NaN,NaN,NaN,NaN,NaN,NaN,NaN,NaN,NaN,NaN,NaN,NaN,NaN,NaN,NaN,NaN,NaN
2011-07-21,NaN,NaN,NaN,NaN,NaN,NaN,NaN,NaN,NaN,NaN,NaN,NaN,NaN,NaN,NaN,NaN,NaN,NaN,99.93,68075.0,3402.0,99.91,62727.0,2227.0,99.89,60540.0,4972.0,99.875,49219.0,2948.0,99.865,47967.0,2476.0,99.85,55314.0,3420.0,99.835,54068.0,5757.0,99.82,65982.0,7480.0,99.8,41950.0,1795.0,99.785,44283.0,2281.0,99.765,56356.0,10140.0,99.755,55057.0,9302.0,99.73,60575.0,5585.0,99.695,27619.0,4078.0,99.66,17152.0,2190.0,99.63,23742.0,1122.0,99.575,11259.0,755.0,99.535,6135.0,432.0,99.51,4976.0,527.0,99.43,2601.0,437.0,99.365,4121.0,339.0,99.315,4129.0,636.0,99.24,2192.0,601.0,99.205,308.0,NaN,99.14,295.0,NaN,99.03,116.0,NaN,98.955,88.0,NaN,98.91,76.0,NaN,98.8,10.0,NaN,98.715,98.66,98.54,98.455,98.37,98.27,98.21,NaN,NaN,NaN,NaN,NaN,NaN,NaN,NaN,NaN,NaN,NaN,NaN,NaN,NaN,NaN,NaN,NaN,NaN,NaN,NaN,NaN,NaN,NaN,NaN,NaN,NaN,NaN,NaN,NaN
2011-07-22,NaN,NaN,NaN,NaN,NaN,NaN,NaN,NaN,NaN,NaN,NaN,NaN,NaN,NaN,NaN,NaN,NaN,NaN,99.9325,69559.0,5119.0,99.91,63606.0,5755.0,99.89,61238.0,2174.0,99.875,49129.0,1699.0,99.865,48003.0,1672.0,99.85,55360.0,2148.0,99.835,52520.0,4060.0,99.82,66281.0,4129.0,99.8,42523.0,1499.0,99.79,44648.0,1639.0,99.775,58276.0,4353.0,99.765,56051.0,5075.0,99.74,61873.0,4742.0,99.7,28146.0,1718.0,99.675,17827.0,2294.0,99.65,24180.0,1220.0,99.6,11242.0,432.0,99.56,6076.0,416.0,99.535,5089.0,507.0,99.455,2613.0,114.0,99.405,4083.0,62.0,99.355,4315.0,204.0,99.28,2515.0,349.0,99.245,215.0,107.0,99.18,295.0,8.0,99.075,116.0,NaN,99.0,88.0,NaN,98.955,76.0,NaN,98.845,10.0,NaN,98.76,98.705,98.585,98.505,98.42,98.32,98.27,NaN,NaN,NaN,NaN,NaN,NaN,NaN,NaN,NaN,NaN,NaN,NaN,NaN,NaN,NaN,NaN,NaN,NaN,NaN,NaN,NaN,NaN,NaN,NaN,NaN,NaN,NaN,NaN,NaN
2011-07-25,NaN,NaN,NaN,NaN,NaN,NaN,NaN,NaN,NaN,NaN,NaN,NaN,NaN,NaN,NaN,NaN,NaN,NaN,99.9325,69540.0,356.0,99.915,66172.0,6512.0,99.895,62860.0,4936.0,99.875,49867.0,3692.0,99.86,47794.0,2117.0,99.85,57160.0,3287.0,99.83,52656.0,3113.0,99.81,67794.0,4325.0,99.795,43091.0,1348.0,99.785,44797.0,1910.0,99.77,58143.0,2234.0,99.765,56110.0,734.0,99.74,61768.0,1812.0,99.7,28246.0,1213.0,99.675,17808.0,518.0,99.65,24366.0,450.0,99.605,11449.0,373.0,99.565,6076.0,NaN,99.54,5089.0,NaN,99.46,2622.0,9.0,99.41,4083.0,NaN,99.365,4316.0,1.0,99.295,2516.0,1.0,99.265,253.0,38.0,99.205,295.0,38.0,99.105,78.0,38.0,99.03,88.0,NaN,98.99,76.0,NaN,98.88,10.0,NaN,98.795,98.74,98.62,98.54,98.455,98.355,98.305,NaN,NaN,NaN,NaN,NaN,NaN,NaN,NaN,NaN,NaN,NaN,NaN,NaN,NaN,NaN,NaN,NaN,NaN,NaN,NaN,NaN,NaN,NaN,NaN,NaN,NaN,NaN,NaN,NaN
2011-07-26,NaN,NaN,NaN,NaN,NaN,NaN,NaN,NaN,NaN,NaN,NaN,NaN,NaN,NaN,NaN,NaN,NaN,NaN,99.9325,69509.0,832.0,99.915,83688.0,25298.0,99.89,63437.0,5471.0,99.87,50808.0,5040.0,99.855,47163.0,4036.0,99.85,58744.0,3177.0,99.83,52008.0,3186.0,99.81,67800.0,3072.0,99.795,43536.0,1100.0,99.785,44555.0,788.0,99.77,58247.0,1139.0,99.765,56240.0,992.0,99.74,61656.0,1176.0,99.71,27816.0,1467.0,99.685,17904.0,597.0,99.665,24572.0,428.0,99.62,11501.0,126.0,99.585,6076.0,47.0,99.56,5173.0,476.0,99.49,2550.0,163.0,99.445,4068.0,20.0,99.41,4316.0,NaN,99.34,2552.0,78.0,99.31,254.0,79.0,99.26,373.0,79.0,99.16,77.0,1.0,99.095,88.0,NaN,99.055,76.0,NaN,98.945,10.0,NaN,98.865,98.81,98.69,98.61,98.535,98.435,98.385,NaN,NaN,NaN,NaN,NaN,NaN,NaN,NaN,NaN,NaN,NaN,NaN,NaN,NaN,NaN,NaN,NaN,NaN,NaN,NaN,NaN,NaN,NaN,NaN,NaN,NaN,NaN,NaN,NaN
2011-07-27,NaN,NaN,NaN,NaN,NaN,NaN,NaN,NaN,NaN,NaN,NaN,NaN,NaN,NaN,NaN,NaN,NaN,NaN,99.9325,67070.0,8972.0,99.9,91099.0,27741.0,99.88,63369.0,10390.0,99.865,53640.0,8442.0,99.855,50257.0,7224.0,99.85,62520.0,6419.0,99.83,51444.0,5994.0,99.81,68426.0,4670.0,99.795,43792.0,2885.0,99.785,44484.0,2424.0,99.77,58229.0,3889.0,99.765,56090.0,3030.0,99.74,62085.0,3951.0,99.71,28250.0,2127.0,99.685,17684.0,1110.0,99.665,24796.0,623.0,99.62,11957.0,1154.0,99.585,6107.0,207.0,99.56,5468.0,331.0,99.49,2504.0,57.0,99.445,4069.0,NaN,99.41,4316.0,NaN,99.34,2677.0,125.0,99.31,254.0,NaN,99.255,373.0,NaN,99.155,77.0,NaN,99.085,88.0,NaN,99.045,76.0,NaN,98.93,10.0,NaN,98.85,98.795,98.675,98.595,98.515,98.415,98.36,NaN,NaN,NaN,NaN,NaN,NaN,NaN,NaN,NaN,NaN,NaN,NaN,NaN,NaN,NaN,NaN,NaN,NaN,NaN,NaN,NaN,NaN,NaN,NaN,NaN,NaN,NaN,NaN,NaN
2011-07-28,NaN,NaN,NaN,NaN,NaN,NaN,NaN,NaN,NaN,NaN,NaN,NaN,NaN,NaN,NaN,NaN,NaN,NaN,99.9325,66859.0,418.0,99.9,93778.0,12132.0,99.88,63094.0,6474.0,99.865,52679.0,5104.0,99.855,50388.0,8210.0,99.85,64002.0,7910.0,99.83,52184.0,4930.0,99.81,68923.0,4827.0,99.795,42143.0,6106.0,99.78,46223.0,7273.0,99.76,60504.0,6301.0,99.755,59320.0,6945.0,99.735,64993.0,9197.0,99.705,30488.0,7115.0,99.685,19790.0,5065.0,99.665,27985.0,4657.0,99.625,13188.0,3069.0,99.59,6208.0,183.0,99.575,5463.0,391.0,99.51,2495.0,15.0,99.465,4075.0,6.0,99.435,4442.0,180.0,99.365,2753.0,135.0,99.335,272.0,18.0,99.28,373.0,5.0,99.18,72.0,5.0,99.11,88.0,NaN,99.07,76.0,NaN,98.96,10.0,NaN,98.88,98.825,98.705,98.625,98.545,98.445,98.39,NaN,NaN,NaN,NaN,NaN,NaN,NaN,NaN,NaN,NaN,NaN,NaN,NaN,NaN,NaN,NaN,NaN,NaN,NaN,NaN,NaN,NaN,NaN,NaN,NaN,NaN,NaN,NaN,NaN
2011-07-29,NaN,NaN,NaN,NaN,NaN,NaN,NaN,NaN,NaN,NaN,NaN,NaN,NaN,NaN,NaN,NaN,NaN,NaN,99.93,66295.0,1948.0,99.89,98073.0,22282.0,99.87,65368.0,9282.0,99.865,52700.0,4645.0,99.855,50370.0,6149.0,99.855,65643.0,6653.0,99.84,52009.0,3612.0,99.83,68533.0,4556.0,99.82,40818.0,3337.0,99.805,46413.0,2496.0,99.79,61103.0,2765.0,99.785,59431.0,3037.0,99.77,66204.0,6367.0,99.75,33322.0,6001.0,99.735,20877.0,2581.0,99.725,29968.0,3677.0,99.695,13640.0,1925.0,99.67,5958.0,708.0,99.66,5498.0,302.0,99.61,2489.0,112.0,99.575,4129.0,220.0,99.55,5002.0,577.0,99.495,3023.0,286.0,99.465,315.0,50.0,99.415,365.0,48.0,99.335,71.0,5.0,99.275,88.0,1.0,99.25,76.0,NaN,99.14,6.0,4.0,99.065,99.02,98.9,98.82,98.745,98.645,98.59,NaN,NaN,NaN,NaN,NaN,NaN,NaN,NaN,NaN,NaN,NaN,NaN,NaN,NaN,NaN,NaN,NaN,NaN,NaN,NaN,NaN,NaN,NaN,NaN,NaN,NaN,NaN,NaN,NaN
2011-08-01,NaN,NaN,NaN,NaN,NaN,NaN,NaN,NaN,NaN,NaN,NaN,NaN,NaN,NaN,NaN,NaN,NaN,NaN,NaN,NaN,NaN,99.88,97834.0,29057.0,99.87,68257.0,17809.0,99.865,52535.0,12565.0,99.86,50825.0,6293.0,99.855,66190.0,6271.0,99.84,52686.0,3362.0,99.83,68407.0,3472.0,99.82,40922.0,2952.0,99.81,45696.0,7049.0,99.795,60965.0,9740.0,99.795,61067.0,7857.0,99.785,65225.0,5899.0,99.765,34129.0,4586.0,99.755,22233.0,2681.0,99.745,31423.0,2958.0,99.72,14499.0,1869.0,99.695,6079.0,744.0,99.685,5607.0,765.0,99.64,2613.0,249.0,99.605,4103.0,418.0,99.58,5487.0,540.0,99.525,3050.0,27.0,99.495,315.0,NaN,99.445,365.0,NaN,99.37,68.0,11.0,99.31,103.0,37.0,99.285,78.0,29.0,99.175,21.0,27.0,99.105,99.07,98.96,98.88,98.805,98.71,98.66,98.58,NaN,NaN,NaN,NaN,NaN,NaN,NaN,NaN,NaN,NaN,NaN,NaN,NaN,NaN,NaN,NaN,NaN,NaN,NaN,NaN,NaN,NaN,NaN,NaN,NaN,NaN,NaN,NaN
2011-08-02,NaN,NaN,NaN,NaN,NaN,NaN,NaN,NaN,NaN,NaN,NaN,NaN,NaN,NaN,NaN,NaN,NaN,NaN,NaN,NaN,NaN,99.8875,94733.0,22644.0,99.885,67365.0,14299.0,99.875,52453.0,12151.0,99.865,50429.0,9126.0,99.86,64834.0,7842.0,99.845,52483.0,7841.0,99.835,69265.0,5751.0,99.825,41681.0,4163.0,99.82,46958.0,6319.0,99.81,62542.0,7918.0,99.81,61377.0,6503.0,99.8,65968.0,7033.0,99.785,35869.0,5764.0,99.775,23905.0,4275.0,99.765,33142.0,5065.0,99.75,7376.0,2995.0,99.73,6233.0,1028.0,99.72,5558.0,503.0,99.675,2589.0,180.0,99.645,4140.0,117.0,99.62,5758.0,271.0,99.57,3050.0,100.0,99.54,365.0,50.0,99.505,474.0,159.0,99.435,68.0,NaN,99.38,103.0,NaN,99.355,78.0,NaN,99.255,21.0,NaN,99.185,99.15,99.04,98.96,98.89,98.805,98.755,98.675,NaN,NaN,NaN,NaN,NaN,NaN,NaN,NaN,NaN,NaN,NaN,NaN,NaN,NaN,NaN,NaN,NaN,NaN,NaN,NaN,NaN,NaN,NaN,NaN,NaN,NaN,NaN,NaN
2011-08-03,NaN,NaN,NaN,NaN,NaN,NaN,NaN,NaN,NaN,NaN,NaN,NaN,NaN,NaN,NaN,NaN,NaN,NaN,NaN,NaN,NaN,99.8975,94750.0,7862.0,99.895,60910.0,13814.0,99.885,52409.0,10832.0,99.875,49534.0,3646.0,99.865,63611.0,5379.0,99.85,53544.0,6529.0,99.84,65864.0,10110.0,99.835,40513.0,2967.0,99.825,48153.0,3727.0,99.815,61105.0,4665.0,99.815,60769.0,8646.0,99.805,59398.0,9241.0,99.79,35957.0,1932.0,99.775,24174.0,948.0,99.765,33691.0,9039.0,99.75,7886.0,8681.0,99.73,6211.0,174.0,99.72,5663.0,135.0,99.675,2589.0,NaN,99.645,4140.0,27.0,99.62,5758.0,50.0,99.57,3050.0,NaN,99.54,365.0,NaN,99.505,474.0,NaN,99.435,74.0,6.0,99.385,97.0,17.0,99.35,67.0,20.0,99.275,29.0,11.0,99.205,99.17,99.06,98.98,98.92,98.835,98.775,98.7,NaN,NaN,NaN,NaN,NaN,NaN,NaN,NaN,NaN,NaN,NaN,NaN,NaN,NaN,NaN,NaN,NaN,NaN,NaN,NaN,NaN,NaN,NaN,NaN,NaN,NaN,NaN,NaN
2011-08-04,NaN,NaN,NaN,NaN,NaN,NaN,NaN,NaN,NaN,NaN,NaN,NaN,NaN,NaN,NaN,NaN,NaN,NaN,NaN,NaN,NaN,99.9175,93554.0,14024.0,99.92,55868.0,20568.0,99.91,52792.0,8766.0,99.905,49597.0,10760.0,99.9,61327.0,11843.0,99.895,50450.0,14151.0,99.89,62016.0,15373.0,99.885,40788.0,11089.0,99.88,48879.0,8267.0,99.875,60204.0,10798.0,99.875,60405.0,10487.0,99.865,58150.0,7914.0,99.85,35470.0,4551.0,99.835,24590.0,2445.0,99.82,33970.0,2540.0,99.8,7995.0,781.0,99.785,6206.0,1571.0,99.77,5712.0,181.0,99.72,2595.0,154.0,99.69,4159.0,104.0,99.665,5758.0,21.0,99.615,3050.0,5.0,99.585,364.0,2.0,99.55,488.0,16.0,99.48,73.0,6.0,99.435,97.0,2.0,99.4,67.0,NaN,99.33,29.0,NaN,99.275,99.24,99.135,99.065,99.005,98.92,98.86,98.805,NaN,NaN,NaN,NaN,NaN,NaN,NaN,NaN,NaN,NaN,NaN,NaN,NaN,NaN,NaN,NaN,NaN,NaN,NaN,NaN,NaN,NaN,NaN,NaN,NaN,NaN,NaN,NaN
2011-08-05,NaN,NaN,NaN,NaN,NaN,NaN,NaN,NaN,NaN,NaN,NaN,NaN,NaN,NaN,NaN,NaN,NaN,NaN,NaN,NaN,NaN,99.9175,91284.0,10363.0,99.92,54127.0,10258.0,99.91,54490.0,7173.0,99.91,50334.0,5451.0,99.91,63284.0,7356.0,99.9,49187.0,5787.0,99.895,61440.0,5363.0,99.89,39585.0,3950.0,99.88,48945.0,2453.0,99.875,59738.0,3249.0,99.875,59970.0,3769.0,99.865,57624.0,4396.0,99.85,34751.0,3955.0,99.835,23682.0,2574.0,99.82,34854.0,3147.0,99.795,7759.0,1812.0,99.77,6218.0,568.0,99.75,5735.0,295.0,99.685,2545.0,250.0,99.645,4284.0,654.0,99.6,6192.0,809.0,99.54,3252.0,229.0,99.505,367.0,23.0,99.465,431.0,71.0,99.39,73.0,NaN,99.345,97.0,NaN,99.295,67.0,NaN,99.225,29.0,NaN,99.17,99.115,99.01,98.94,98.875,98.78,98.71,98.645,NaN,NaN,NaN,NaN,NaN,NaN,NaN,NaN,NaN,NaN,NaN,NaN,NaN,NaN,NaN,NaN,NaN,NaN,NaN,NaN,NaN,NaN,NaN,NaN,NaN,NaN,NaN,NaN
2011-08-08,NaN,NaN,NaN,NaN,NaN,NaN,NaN,NaN,NaN,NaN,NaN,NaN,NaN,NaN,NaN,NaN,NaN,NaN,NaN,NaN,NaN,99.9125,88995.0,8088.0,99.915,55061.0,8442.0,99.91,53529.0,10484.0,99.91,51887.0,15161.0,99.91,67112.0,15719.0,99.905,47991.0,10323.0,99.905,60155.0,8044.0,99.9,38820.0,4810.0,99.9,48201.0,3069.0,99.895,60199.0,4419.0,99.895,59785.0,6097.0,99.89,60143.0,8756.0,99.88,35334.0,8571.0,99.875,24088.0,4269.0,99.865,35834.0,3827.0,99.84,8381.0,1626.0,99.825,6344.0,737.0,99.815,5981.0,443.0,99.77,2536.0,142.0,99.74,4341.0,139.0,99.705,5870.0,325.0,99.655,3165.0,91.0,99.625,583.0,552.0,99.585,431.0,NaN,99.52,73.0,NaN,99.48,97.0,NaN,99.43,67.0,NaN,99.375,29.0,NaN,99.32,99.265,99.16,99.09,99.02,98.925,98.855,98.79,NaN,NaN,NaN,NaN,NaN,NaN,NaN,NaN,NaN,NaN,NaN,NaN,NaN,NaN,NaN,NaN,NaN,NaN,NaN,NaN,NaN,NaN,NaN,NaN,NaN,NaN,NaN,NaN
2011-08-09,NaN,NaN,NaN,NaN,NaN,NaN,NaN,NaN,NaN,NaN,NaN,NaN,NaN,NaN,NaN,NaN,NaN,NaN,NaN,NaN,NaN,99.9125,88572.0,3572.0,99.915,55054.0,7703.0,99.91,55076.0,4526.0,99.91,51491.0,4356.0,99.915,66876.0,7264.0,99.91,48783.0,6642.0,99.91,60321.0,6700.0,99.91,38982.0,4974.0,99.91,47414.0,3146.0,99.915,59975.0,4136.0,99.92,59434.0,7135.0,99.92,59869.0,6068.0,99.92,35517.0,4557.0,99.915,23777.0,3350.0,99.92,35604.0,3750.0,99.92,8323.0,2129.0,99.915,7427.0,3537.0,99.915,6786.0,2083.0,99.895,2295.0,581.0,99.87,4252.0,172.0,99.85,5831.0,96.0,99.82,3195.0,48.0,99.8,579.0,10.0,99.79,434.0,5.0,99.735,74.0,5.0,99.695,95.0,4.0,99.645,67.0,NaN,99.59,29.0,NaN,99.535,99.48,99.375,99.305,99.235,99.14,99.07,99.005,NaN,NaN,NaN,NaN,NaN,NaN,NaN,NaN,NaN,NaN,NaN,NaN,NaN,NaN,NaN,NaN,NaN,NaN,NaN,NaN,NaN,NaN,NaN,NaN,NaN,NaN,NaN,NaN
2011-08-10,NaN,NaN,NaN,NaN,NaN,NaN,NaN,NaN,NaN,NaN,NaN,NaN,NaN,NaN,NaN,NaN,NaN,NaN,NaN,NaN,NaN,99.91,88473.0,2404.0,99.915,54189.0,6228.0,99.91,55768.0,5613.0,99.91,52992.0,7646.0,99.915,65070.0,14265.0,99.91,51228.0,12323.0,99.915,60805.0,8611.0,99.92,38117.0,6254.0,99.925,45666.0,8398.0,99.93,58756.0,7269.0,99.93,58035.0,7995.0,99.93,60390.0,4978.0,99.93,35380.0,3155.0,99.925,24058.0,2587.0,99.925,35877.0,2326.0,99.925,8256.0,973.0,99.925,8635.0,2868.0,99.915,10269.0,6236.0,99.905,2665.0,2389.0,99.895,6645.0,3469.0,99.885,5920.0,858.0,99.87,3187.0,567.0,99.85,779.0,475.0,99.84,577.0,516.0,99.785,190.0,118.0,99.745,97.0,5.0,99.695,69.0,7.0,99.64,34.0,10.0,99.585,99.54,99.44,99.37,99.3,99.205,99.135,99.07,NaN,NaN,NaN,NaN,NaN,NaN,NaN,NaN,NaN,NaN,NaN,NaN,NaN,NaN,NaN,NaN,NaN,NaN,NaN,NaN,NaN,NaN,NaN,NaN,NaN,NaN,NaN,NaN
2011-08-11,NaN,NaN,NaN,NaN,NaN,NaN,NaN,NaN,NaN,NaN,NaN,NaN,NaN,NaN,NaN,NaN,NaN,NaN,NaN,NaN,NaN,99.9,85360.0,7043.0,99.905,56312.0,9735.0,99.91,55755.0,4359.0,99.91,53216.0,5865.0,99.915,63071.0,7277.0,99.91,51965.0,5280.0,99.91,61353.0,6888.0,99.915,37497.0,7648.0,99.925,44488.0,4157.0,99.93,58558.0,4531.0,99.935,56122.0,6089.0,99.935,59884.0,3772.0,99.935,35406.0,2758.0,99.935,23801.0,2402.0,99.935,35638.0,2322.0,99.935,7985.0,1518.0,99.935,9814.0,3611.0,99.93,11193.0,4205.0,99.92,3242.0,2522.0,99.91,7732.0,1612.0,99.9,6097.0,544.0,99.885,3456.0,454.0,99.865,874.0,235.0,99.84,675.0,101.0,99.79,228.0,48.0,99.755,102.0,5.0,99.705,84.0,15.0,99.645,24.0,10.0,99.59,99.545,99.445,99.375,99.305,99.21,99.155,99.09,NaN,NaN,NaN,NaN,NaN,NaN,NaN,NaN,NaN,NaN,NaN,NaN,NaN,NaN,NaN,NaN,NaN,NaN,NaN,NaN,NaN,NaN,NaN,NaN,NaN,NaN,NaN,NaN
2011-08-12,NaN,NaN,NaN,NaN,NaN,NaN,NaN,NaN,NaN,NaN,NaN,NaN,NaN,NaN,NaN,NaN,NaN,NaN,NaN,NaN,NaN,99.895,85177.0,906.0,99.9,55816.0,3777.0,99.9,55781.0,5082.0,99.905,53228.0,2985.0,99.915,63650.0,4640.0,99.905,52211.0,1727.0,99.905,61028.0,2022.0,99.91,36171.0,5161.0,99.92,43550.0,3423.0,99.925,58547.0,1203.0,99.935,55361.0,2112.0,99.935,60241.0,2004.0,99.935,35226.0,938.0,99.935,23290.0,1424.0,99.935,35628.0,518.0,99.935,8037.0,476.0,99.93,9583.0,1133.0,99.92,11188.0,173.0,99.91,3687.0,814.0,99.9,9764.0,2193.0,99.89,6205.0,195.0,99.87,3455.0,123.0,99.85,877.0,173.0,99.825,1215.0,644.0,99.775,228.0,50.0,99.74,102.0,NaN,99.705,84.0,NaN,99.65,18.0,33.0,99.595,99.555,99.46,99.395,99.33,99.24,99.19,99.125,NaN,NaN,NaN,NaN,NaN,NaN,NaN,NaN,NaN,NaN,NaN,NaN,NaN,NaN,NaN,NaN,NaN,NaN,NaN,NaN,NaN,NaN,NaN,NaN,NaN,NaN,NaN,NaN
2011-08-15,NaN,NaN,NaN,NaN,NaN,NaN,NaN,NaN,NaN,NaN,NaN,NaN,NaN,NaN,NaN,NaN,NaN,NaN,NaN,NaN,NaN,99.895,84632.0,3162.0,99.9,55854.0,1294.0,99.9,55674.0,1477.0,99.905,52854.0,1237.0,99.915,63074.0,1548.0,99.905,54203.0,3498.0,99.905,60672.0,1066.0,99.91,35627.0,1617.0,99.92,43368.0,952.0,99.92,58248.0,679.0,99.925,55121.0,684.0,99.93,61076.0,1741.0,99.925,35575.0,535.0,99.925,23341.0,260.0,99.92,35708.0,187.0,99.92,8026.0,266.0,99.915,9583.0,65.0,99.91,11180.0,71.0,99.9,3788.0,180.0,99.89,9907.0,170.0,99.88,6328.0,139.0,99.86,3562.0,116.0,99.845,927.0,56.0,99.825,1239.0,26.0,99.775,228.0,NaN,99.74,102.0,5.0,99.705,84.0,NaN,99.65,18.0,NaN,99.6,99.56,99.465,99.4,99.335,99.245,99.195,99.13,NaN,NaN,NaN,NaN,NaN,NaN,NaN,NaN,NaN,NaN,NaN,NaN,NaN,NaN,NaN,NaN,NaN,NaN,NaN,NaN,NaN,NaN,NaN,NaN,NaN,NaN,NaN,NaN
2011-08-16,NaN,NaN,NaN,NaN,NaN,NaN,NaN,NaN,NaN,NaN,NaN,NaN,NaN,NaN,NaN,NaN,NaN,NaN,NaN,NaN,NaN,99.895,86743.0,3760.0,99.9,55493.0,1890.0,99.905,55236.0,2352.0,99.905,53098.0,1616.0,99.915,62576.0,1023.0,99.905,54055.0,1844.0,99.905,60334.0,884.0,99.91,35623.0,824.0,99.915,43467.0,696.0,99.92,58037.0,379.0,99.925,53580.0,3617.0,99.925,60277.0,3687.0,99.92,35550.0,1160.0,99.92,24309.0,1621.0,99.92,35626.0,125.0,99.915,8031.0,190.0,99.91,9644.0,199.0,99.905,11155.0,227.0,99.895,3751.0,250.0,99.885,9896.0,180.0,99.875,6496.0,347.0,99.855,3771.0,274.0,99.84,923.0,10.0,99.82,1257.0,20.0,99.77,227.0,21.0,99.735,102.0,NaN,99.7,89.0,10.0,99.645,17.0,13.0,99.595,99.555,99.46,99.395,99.335,99.255,99.205,99.14,NaN,NaN,NaN,NaN,NaN,NaN,NaN,NaN,NaN,NaN,NaN,NaN,NaN,NaN,NaN,NaN,NaN,NaN,NaN,NaN,NaN,NaN,NaN,NaN,NaN,NaN,NaN,NaN
2011-08-17,NaN,NaN,NaN,NaN,NaN,NaN,NaN,NaN,NaN,NaN,NaN,NaN,NaN,NaN,NaN,NaN,NaN,NaN,NaN,NaN,NaN,99.9,88128.0,3064.0,99.9,55369.0,10948.0,99.905,53936.0,2382.0,99.905,52387.0,3662.0,99.915,62130.0,1920.0,99.905,54393.0,1777.0,99.905,59921.0,2872.0,99.91,35786.0,2439.0,99.915,42996.0,1548.0,99.915,57420.0,1336.0,99.925,53318.0,938.0,99.925,60385.0,2926.0,99.92,35181.0,1444.0,99.92,24261.0,518.0,99.92,35607.0,788.0,99.915,8032.0,293.0,99.91,9662.0,68.0,99.905,11272.0,139.0,99.895,3726.0,393.0,99.885,9958.0,1278.0,99.875,6519.0,137.0,99.855,3780.0,45.0,99.84,1007.0,131.0,99.82,1305.0,48.0,99.77,237.0,10.0,99.735,102.0,NaN,99.7,139.0,50.0,99.645,17.0,6.0,99.595,99.56,99.47,99.41,99.355,99.275,99.225,99.165,NaN,NaN,NaN,NaN,NaN,NaN,NaN,NaN,NaN,NaN,NaN,NaN,NaN,NaN,NaN,NaN,NaN,NaN,NaN,NaN,NaN,NaN,NaN,NaN,NaN,NaN,NaN,NaN
2011-08-18,NaN,NaN,NaN,NaN,NaN,NaN,NaN,NaN,NaN,NaN,NaN,NaN,NaN,NaN,NaN,NaN,NaN,NaN,NaN,NaN,NaN,99.9025,86765.0,3760.0,99.915,55317.0,6412.0,99.915,55523.0,7343.0,99.915,53462.0,2571.0,99.925,63777.0,6090.0,99.925,57005.0,10762.0,99.925,58948.0,11763.0,99.925,33671.0,12394.0,99.93,41567.0,6528.0,99.93,55317.0,4610.0,99.935,49640.0,7327.0,99.935,58060.0,9231.0,99.93,34116.0,4065.0,99.925,24282.0,2564.0,99.925,35668.0,2078.0,99.92,8007.0,1546.0,99.915,10210.0,2150.0,99.915,12034.0,989.0,99.905,3879.0,922.0,99.895,10133.0,689.0,99.885,6526.0,239.0,99.865,3704.0,126.0,99.85,1023.0,180.0,99.83,1365.0,89.0,99.785,222.0,35.0,99.75,102.0,45.0,99.715,141.0,5.0,99.665,21.0,10.0,99.615,99.58,99.49,99.43,99.375,99.295,99.245,99.185,NaN,NaN,NaN,NaN,NaN,NaN,NaN,NaN,NaN,NaN,NaN,NaN,NaN,NaN,NaN,NaN,NaN,NaN,NaN,NaN,NaN,NaN,NaN,NaN,NaN,NaN,NaN,NaN
2011-08-19,NaN,NaN,NaN,NaN,NaN,NaN,NaN,NaN,NaN,NaN,NaN,NaN,NaN,NaN,NaN,NaN,NaN,NaN,NaN,NaN,NaN,99.9025,86296.0,570.0,99.91,56061.0,2994.0,99.91,56011.0,3139.0,99.915,53529.0,2136.0,99.92,61083.0,2604.0,99.915,57359.0,4895.0,99.915,59336.0,2646.0,99.915,33308.0,1150.0,99.92,42030.0,2839.0,99.92,55392.0,3450.0,99.925,49297.0,916.0,99.93,57192.0,1503.0,99.93,33603.0,292.0,99.925,24196.0,328.0,99.925,35169.0,180.0,99.92,8024.0,550.0,99.915,10224.0,697.0,99.91,12070.0,571.0,99.895,3749.0,612.0,99.885,10194.0,112.0,99.875,6601.0,121.0,99.855,3743.0,46.0,99.835,1024.0,30.0,99.815,1365.0,16.0,99.77,223.0,16.0,99.735,102.0,5.0,99.7,147.0,6.0,99.65,21.0,17.0,99.6,99.565,99.475,99.415,99.36,99.28,99.23,99.17,NaN,NaN,NaN,NaN,NaN,NaN,NaN,NaN,NaN,NaN,NaN,NaN,NaN,NaN,NaN,NaN,NaN,NaN,NaN,NaN,NaN,NaN,NaN,NaN,NaN,NaN,NaN,NaN
2011-08-22,NaN,NaN,NaN,NaN,NaN,NaN,NaN,NaN,NaN,NaN,NaN,NaN,NaN,NaN,NaN,NaN,NaN,NaN,NaN,NaN,NaN,99.9025,85882.0,1438.0,99.91,55070.0,3676.0,99.91,55889.0,1838.0,99.915,53263.0,1422.0,99.92,61341.0,4090.0,99.915,58741.0,4533.0,99.915,58449.0,2854.0,99.915,33351.0,1481.0,99.915,42101.0,657.0,99.915,55436.0,763.0,99.92,49245.0,1079.0,99.925,57008.0,1722.0,99.92,33522.0,177.0,99.92,24206.0,540.0,99.915,34814.0,1042.0,99.91,8001.0,448.0,99.91,10149.0,228.0,99.9,12549.0,795.0,99.895,3766.0,350.0,99.89,9772.0,818.0,99.88,6557.0,52.0,99.86,3732.0,46.0,99.84,1010.0,15.0,99.82,1365.0,NaN,99.775,223.0,NaN,99.74,102.0,NaN,99.705,147.0,NaN,99.65,21.0,NaN,99.595,99.56,99.47,99.41,99.35,99.27,99.22,99.16,NaN,NaN,NaN,NaN,NaN,NaN,NaN,NaN,NaN,NaN,NaN,NaN,NaN,NaN,NaN,NaN,NaN,NaN,NaN,NaN,NaN,NaN,NaN,NaN,NaN,NaN,NaN,NaN
2011-08-23,NaN,NaN,NaN,NaN,NaN,NaN,NaN,NaN,NaN,NaN,NaN,NaN,NaN,NaN,NaN,NaN,NaN,NaN,NaN,NaN,NaN,99.9025,85679.0,3243.0,99.91,54637.0,3462.0,99.91,55632.0,3191.0,99.915,53039.0,2147.0,99.92,60664.0,2218.0,99.915,59092.0,2385.0,99.915,56688.0,5492.0,99.915,33594.0,3329.0,99.915,41346.0,2610.0,99.915,54770.0,3003.0,99.92,48305.0,1861.0,99.925,55380.0,3722.0,99.92,32524.0,1984.0,99.915,24047.0,2740.0,99.91,34625.0,1620.0,99.905,8041.0,947.0,99.9,10320.0,778.0,99.89,12593.0,711.0,99.88,3767.0,774.0,99.875,10375.0,1036.0,99.86,6642.0,558.0,99.84,3624.0,230.0,99.82,1034.0,96.0,99.8,1413.0,58.0,99.755,223.0,NaN,99.72,102.0,NaN,99.69,152.0,5.0,99.635,21.0,NaN,99.58,99.545,99.455,99.395,99.335,99.255,99.205,99.145,NaN,NaN,NaN,NaN,NaN,NaN,NaN,NaN,NaN,NaN,NaN,NaN,NaN,NaN,NaN,NaN,NaN,NaN,NaN,NaN,NaN,NaN,NaN,NaN,NaN,NaN,NaN,NaN
2011-08-24,NaN,NaN,NaN,NaN,NaN,NaN,NaN,NaN,NaN,NaN,NaN,NaN,NaN,NaN,NaN,NaN,NaN,NaN,NaN,NaN,NaN,99.9025,85637.0,625.0,99.91,54133.0,1049.0,99.915,56525.0,2619.0,99.915,52737.0,2088.0,99.92,61208.0,2447.0,99.92,59213.0,2594.0,99.915,56634.0,3321.0,99.915,33617.0,3102.0,99.915,40916.0,2581.0,99.915,54321.0,1974.0,99.92,48128.0,2334.0,99.925,54762.0,2565.0,99.92,32174.0,2566.0,99.915,23819.0,838.0,99.91,34593.0,482.0,99.9,7903.0,456.0,99.89,10006.0,1018.0,99.875,12643.0,1201.0,99.855,3837.0,368.0,99.845,10111.0,546.0,99.83,6841.0,320.0,99.81,3827.0,218.0,99.79,1034.0,38.0,99.77,1413.0,NaN,99.725,223.0,NaN,99.69,102.0,NaN,99.65,152.0,NaN,99.595,21.0,NaN,99.54,99.505,99.41,99.345,99.27,99.185,99.13,99.065,NaN,NaN,NaN,NaN,NaN,NaN,NaN,NaN,NaN,NaN,NaN,NaN,NaN,NaN,NaN,NaN,NaN,NaN,NaN,NaN,NaN,NaN,NaN,NaN,NaN,NaN,NaN,NaN
2011-08-25,NaN,NaN,NaN,NaN,NaN,NaN,NaN,NaN,NaN,NaN,NaN,NaN,NaN,NaN,NaN,NaN,NaN,NaN,NaN,NaN,NaN,99.9025,85475.0,1095.0,99.91,53599.0,2503.0,99.915,57012.0,1449.0,99.915,53198.0,3686.0,99.925,63384.0,6672.0,99.92,59485.0,3057.0,99.915,55748.0,2676.0,99.915,33586.0,867.0,99.915,40667.0,1128.0,99.915,53573.0,1917.0,99.92,47596.0,2012.0,99.925,53909.0,2652.0,99.92,31927.0,2128.0,99.915,23610.0,1053.0,99.915,34529.0,431.0,99.905,8000.0,677.0,99.895,9958.0,785.0,99.89,12685.0,366.0,99.875,3879.0,451.0,99.87,10282.0,461.0,99.86,7006.0,366.0,99.84,3895.0,139.0,99.82,993.0,47.0,99.8,1423.0,11.0,99.755,228.0,5.0,99.72,102.0,NaN,99.68,152.0,NaN,99.625,21.0,2.0,99.565,99.525,99.43,99.365,99.29,99.205,99.15,99.085,NaN,NaN,NaN,NaN,NaN,NaN,NaN,NaN,NaN,NaN,NaN,NaN,NaN,NaN,NaN,NaN,NaN,NaN,NaN,NaN,NaN,NaN,NaN,NaN,NaN,NaN,NaN,NaN
2011-08-26,NaN,NaN,NaN,NaN,NaN,NaN,NaN,NaN,NaN,NaN,NaN,NaN,NaN,NaN,NaN,NaN,NaN,NaN,NaN,NaN,NaN,99.9025,84981.0,670.0,99.91,51010.0,4211.0,99.92,57290.0,6129.0,99.925,54476.0,5185.0,99.925,64011.0,2496.0,99.92,58882.0,2944.0,99.915,55458.0,2656.0,99.915,33719.0,788.0,99.915,40681.0,649.0,99.915,53370.0,1569.0,99.925,47161.0,1085.0,99.925,53396.0,1111.0,99.92,31422.0,1150.0,99.915,23581.0,275.0,99.915,34232.0,729.0,99.9,7819.0,518.0,99.895,9945.0,263.0,99.89,12724.0,168.0,99.875,3881.0,156.0,99.87,10256.0,142.0,99.86,7008.0,20.0,99.84,3912.0,18.0,99.82,1018.0,39.0,99.8,1451.0,30.0,99.755,230.0,2.0,99.72,102.0,NaN,99.68,152.0,NaN,99.625,21.0,NaN,99.57,99.535,99.445,99.385,99.32,99.24,99.185,99.125,NaN,NaN,NaN,NaN,NaN,NaN,NaN,NaN,NaN,NaN,NaN,NaN,NaN,NaN,NaN,NaN,NaN,NaN,NaN,NaN,NaN,NaN,NaN,NaN,NaN,NaN,NaN,NaN
2011-08-29,NaN,NaN,NaN,NaN,NaN,NaN,NaN,NaN,NaN,NaN,NaN,NaN,NaN,NaN,NaN,NaN,NaN,NaN,NaN,NaN,NaN,99.9025,84299.0,1048.0,99.91,51275.0,1682.0,99.915,57816.0,1880.0,99.92,56460.0,2771.0,99.925,64347.0,1753.0,99.92,57942.0,1545.0,99.915,54406.0,2250.0,99.915,33841.0,1418.0,99.915,40811.0,1653.0,99.915,53820.0,3048.0,99.92,45057.0,3920.0,99.92,52346.0,5515.0,99.91,31653.0,1953.0,99.905,23588.0,456.0,99.9,34195.0,1037.0,99.885,7954.0,1098.0,99.88,9603.0,1063.0,99.865,12800.0,485.0,99.845,3770.0,259.0,99.835,10214.0,74.0,99.825,6989.0,37.0,99.805,3923.0,21.0,99.785,965.0,76.0,99.765,1445.0,27.0,99.72,230.0,11.0,99.685,102.0,NaN,99.645,152.0,NaN,99.59,21.0,NaN,99.535,99.5,99.41,99.35,99.285,99.205,99.145,99.085,NaN,NaN,NaN,NaN,NaN,NaN,NaN,NaN,NaN,NaN,NaN,NaN,NaN,NaN,NaN,NaN,NaN,NaN,NaN,NaN,NaN,NaN,NaN,NaN,NaN,NaN,NaN,NaN
2011-08-30,NaN,NaN,NaN,NaN,NaN,NaN,NaN,NaN,NaN,NaN,NaN,NaN,NaN,NaN,NaN,NaN,NaN,NaN,NaN,NaN,NaN,99.9025,82571.0,3381.0,99.91,53699.0,5737.0,99.915,57096.0,4292.0,99.92,56081.0,2104.0,99.925,64967.0,2091.0,99.92,57925.0,2179.0,99.915,52696.0,3424.0,99.92,34358.0,1491.0,99.92,40660.0,1229.0,99.92,53352.0,1463.0,99.925,44729.0,1050.0,99.925,52046.0,2818.0,99.915,31540.0,1726.0,99.91,23423.0,972.0,99.91,34213.0,1517.0,99.895,8242.0,1234.0,99.895,9517.0,508.0,99.89,12988.0,467.0,99.87,3502.0,912.0,99.865,10143.0,160.0,99.855,6992.0,684.0,99.835,4698.0,2839.0,99.815,1049.0,201.0,99.795,1497.0,585.0,99.75,422.0,288.0,99.715,102.0,NaN,99.675,152.0,NaN,99.62,21.0,NaN,99.57,99.54,99.45,99.39,99.325,99.245,99.185,99.13,NaN,NaN,NaN,NaN,NaN,NaN,NaN,NaN,NaN,NaN,NaN,NaN,NaN,NaN,NaN,NaN,NaN,NaN,NaN,NaN,NaN,NaN,NaN,NaN,NaN,NaN,NaN,NaN
2011-08-31,NaN,NaN,NaN,NaN,NaN,NaN,NaN,NaN,NaN,NaN,NaN,NaN,NaN,NaN,NaN,NaN,NaN,NaN,NaN,NaN,NaN,99.9025,80758.0,3476.0,99.91,54411.0,1635.0,99.915,57316.0,564.0,99.92,56015.0,1247.0,99.92,64866.0,1730.0,99.92,57573.0,2653.0,99.915,50827.0,4931.0,99.915,34276.0,1934.0,99.915,38636.0,9582.0,99.915,51446.0,8413.0,99.92,42743.0,5643.0,99.92,49468.0,6188.0,99.905,31011.0,4696.0,99.9,23303.0,2507.0,99.9,33168.0,3514.0,99.885,8114.0,2130.0,99.885,9141.0,1015.0,99.885,13198.0,709.0,99.87,3675.0,573.0,99.865,9970.0,767.0,99.855,7547.0,1222.0,99.835,9666.0,6793.0,99.815,1093.0,320.0,99.795,1529.0,339.0,99.75,386.0,40.0,99.715,102.0,NaN,99.675,164.0,15.0,99.62,21.0,3.0,99.57,99.54,99.45,99.39,99.325,99.245,99.185,99.13,NaN,NaN,NaN,NaN,NaN,NaN,NaN,NaN,NaN,NaN,NaN,NaN,NaN,NaN,NaN,NaN,NaN,NaN,NaN,NaN,NaN,NaN,NaN,NaN,NaN,NaN,NaN,NaN
2011-09-01,NaN,NaN,NaN,NaN,NaN,NaN,NaN,NaN,NaN,NaN,NaN,NaN,NaN,NaN,NaN,NaN,NaN,NaN,NaN,NaN,NaN,NaN,NaN,NaN,99.91,53887.0,1374.0,99.915,58558.0,1678.0,99.915,56243.0,667.0,99.92,65164.0,2102.0,99.915,57430.0,1689.0,99.915,49506.0,3027.0,99.915,34843.0,2508.0,99.915,36254.0,7140.0,99.915,52837.0,6742.0,99.92,42640.0,539.0,99.92,49074.0,1149.0,99.905,30935.0,1261.0,99.9,23179.0,268.0,99.9,32838.0,870.0,99.885,8092.0,864.0,99.885,9080.0,191.0,99.885,13154.0,323.0,99.87,3742.0,642.0,99.865,9881.0,368.0,99.855,7861.0,676.0,99.835,12857.0,3600.0,99.82,1207.0,192.0,99.805,1683.0,163.0,99.76,386.0,NaN,99.73,102.0,NaN,99.695,194.0,30.0,99.655,40.0,19.0,99.605,99.585,99.495,99.44,99.39,99.31,99.265,99.215,99.15,NaN,NaN,NaN,NaN,NaN,NaN,NaN,NaN,NaN,NaN,NaN,NaN,NaN,NaN,NaN,NaN,NaN,NaN,NaN,NaN,NaN,NaN,NaN,NaN,NaN,NaN,NaN
2011-09-02,NaN,NaN,NaN,NaN,NaN,NaN,NaN,NaN,NaN,NaN,NaN,NaN,NaN,NaN,NaN,NaN,NaN,NaN,NaN,NaN,NaN,NaN,NaN,NaN,99.91,54150.0,2878.0,99.915,59493.0,3279.0,99.915,56053.0,1837.0,99.92,66203.0,3575.0,99.915,57257.0,2345.0,99.915,48990.0,2586.0,99.915,34946.0,2145.0,99.91,35871.0,2464.0,99.91,52997.0,2273.0,99.91,42433.0,1512.0,99.915,48596.0,1744.0,99.9,31084.0,1934.0,99.895,22696.0,765.0,99.885,32693.0,1135.0,99.87,8595.0,1255.0,99.875,9096.0,1017.0,99.88,13105.0,768.0,99.87,3631.0,483.0,99.865,9862.0,518.0,99.865,7846.0,467.0,99.855,12840.0,348.0,99.84,1208.0,70.0,99.825,1746.0,67.0,99.79,381.0,18.0,99.76,102.0,20.0,99.73,199.0,20.0,99.69,49.0,12.0,99.64,99.615,99.525,99.47,99.42,99.34,99.295,99.25,99.185,NaN,NaN,NaN,NaN,NaN,NaN,NaN,NaN,NaN,NaN,NaN,NaN,NaN,NaN,NaN,NaN,NaN,NaN,NaN,NaN,NaN,NaN,NaN,NaN,NaN,NaN,NaN
2011-09-06,NaN,NaN,NaN,NaN,NaN,NaN,NaN,NaN,NaN,NaN,NaN,NaN,NaN,NaN,NaN,NaN,NaN,NaN,NaN,NaN,NaN,NaN,NaN,NaN,99.91,54065.0,1333.0,99.915,59556.0,859.0,99.915,55435.0,4529.0,99.92,66248.0,897.0,99.915,56829.0,2099.0,99.915,48721.0,8139.0,99.915,34810.0,476.0,99.91,35906.0,504.0,99.91,53018.0,893.0,99.915,42527.0,1203.0,99.915,48142.0,1611.0,99.905,30888.0,1654.0,99.895,22460.0,774.0,99.885,32798.0,1298.0,99.875,9328.0,1377.0,99.88,8855.0,1110.0,99.88,13085.0,1082.0,99.87,3779.0,381.0,99.865,9757.0,332.0,99.865,7774.0,221.0,99.85,12830.0,187.0,99.835,1209.0,5.0,99.82,1746.0,1.0,99.785,375.0,12.0,99.755,108.0,6.0,99.725,204.0,5.0,99.685,49.0,NaN,99.635,99.61,99.52,99.465,99.415,99.335,99.285,99.235,99.145,NaN,NaN,NaN,NaN,NaN,NaN,NaN,NaN,NaN,NaN,NaN,NaN,NaN,NaN,NaN,NaN,NaN,NaN,NaN,NaN,NaN,NaN,NaN,NaN,NaN,NaN,NaN
2011-09-07,NaN,NaN,NaN,NaN,NaN,NaN,NaN,NaN,NaN,NaN,NaN,NaN,NaN,NaN,NaN,NaN,NaN,NaN,NaN,NaN,NaN,NaN,NaN,NaN,99.91,53952.0,2036.0,99.915,59229.0,1546.0,99.915,55689.0,2230.0,99.92,66158.0,1913.0,99.915,56554.0,1374.0,99.915,48570.0,2070.0,99.915,34355.0,1574.0,99.91,35617.0,2507.0,99.905,53839.0,3255.0,99.915,42226.0,1461.0,99.915,47541.0,1163.0,99.905,31419.0,1650.0,99.895,22245.0,975.0,99.885,32524.0,1464.0,99.875,9717.0,875.0,99.875,8419.0,1177.0,99.875,13134.0,136.0,99.865,3778.0,251.0,99.86,9573.0,499.0,99.855,7589.0,380.0,99.83,12827.0,210.0,99.815,1209.0,3.0,99.8,1746.0,NaN,99.765,380.0,5.0,99.735,108.0,NaN,99.705,204.0,NaN,99.66,49.0,NaN,99.61,99.58,99.49,99.435,99.385,99.305,99.255,99.205,99.115,NaN,NaN,NaN,NaN,NaN,NaN,NaN,NaN,NaN,NaN,NaN,NaN,NaN,NaN,NaN,NaN,NaN,NaN,NaN,NaN,NaN,NaN,NaN,NaN,NaN,NaN,NaN
2011-09-08,NaN,NaN,NaN,NaN,NaN,NaN,NaN,NaN,NaN,NaN,NaN,NaN,NaN,NaN,NaN,NaN,NaN,NaN,NaN,NaN,NaN,NaN,NaN,NaN,99.9125,54833.0,3170.0,99.92,63070.0,10889.0,99.92,56252.0,4955.0,99.925,66884.0,3469.0,99.92,57192.0,2342.0,99.915,48752.0,2053.0,99.915,34671.0,1910.0,99.915,35350.0,1471.0,99.915,51914.0,6586.0,99.92,40996.0,5645.0,99.92,47113.0,1793.0,99.91,31503.0,983.0,99.905,22269.0,728.0,99.895,32334.0,1260.0,99.885,9568.0,532.0,99.885,8277.0,280.0,99.88,13307.0,292.0,99.87,3775.0,57.0,99.865,9430.0,204.0,99.86,7618.0,167.0,99.85,12826.0,47.0,99.835,1209.0,17.0,99.82,1780.0,202.0,99.785,392.0,17.0,99.755,113.0,5.0,99.725,209.0,5.0,99.68,49.0,NaN,99.63,99.6,99.51,99.455,99.405,99.325,99.275,99.225,99.135,NaN,NaN,NaN,NaN,NaN,NaN,NaN,NaN,NaN,NaN,NaN,NaN,NaN,NaN,NaN,NaN,NaN,NaN,NaN,NaN,NaN,NaN,NaN,NaN,NaN,NaN,NaN
2011-09-09,NaN,NaN,NaN,NaN,NaN,NaN,NaN,NaN,NaN,NaN,NaN,NaN,NaN,NaN,NaN,NaN,NaN,NaN,NaN,NaN,NaN,NaN,NaN,NaN,99.9125,54755.0,4770.0,99.92,63198.0,2185.0,99.92,57085.0,2043.0,99.93,67568.0,3284.0,99.92,56860.0,1706.0,99.915,49102.0,1539.0,99.915,34740.0,1328.0,99.915,34280.0,2480.0,99.915,51481.0,1679.0,99.92,40975.0,488.0,99.925,46717.0,1027.0,99.92,31694.0,741.0,99.915,21850.0,1098.0,99.91,31971.0,1151.0,99.9,9527.0,243.0,99.9,8094.0,432.0,99.895,13328.0,44.0,99.885,3807.0,87.0,99.88,9560.0,187.0,99.875,7619.0,87.0,99.865,12826.0,81.0,99.85,1209.0,7.0,99.835,1780.0,14.0,99.8,397.0,14.0,99.77,143.0,49.0,99.74,209.0,NaN,99.695,49.0,NaN,99.645,99.615,99.535,99.485,99.435,99.36,99.32,99.27,99.185,NaN,NaN,NaN,NaN,NaN,NaN,NaN,NaN,NaN,NaN,NaN,NaN,NaN,NaN,NaN,NaN,NaN,NaN,NaN,NaN,NaN,NaN,NaN,NaN,NaN,NaN,NaN
2011-09-12,NaN,NaN,NaN,NaN,NaN,NaN,NaN,NaN,NaN,NaN,NaN,NaN,NaN,NaN,NaN,NaN,NaN,NaN,NaN,NaN,NaN,NaN,NaN,NaN,99.9125,55267.0,1011.0,99.92,63246.0,2153.0,99.92,59392.0,4721.0,99.925,66951.0,3308.0,99.92,56997.0,1567.0,99.915,49104.0,395.0,99.915,34155.0,1109.0,99.915,34051.0,688.0,99.915,51738.0,653.0,99.92,40672.0,481.0,99.92,46133.0,944.0,99.915,31323.0,1141.0,99.91,21594.0,1158.0,99.905,31943.0,946.0,99.89,9261.0,694.0,99.885,7960.0,392.0,99.88,13210.0,266.0,99.87,3660.0,410.0,99.865,9445.0,483.0,99.86,7770.0,405.0,99.845,12887.0,210.0,99.83,1109.0,115.0,99.815,1780.0,1.0,99.78,393.0,6.0,99.75,143.0,NaN,99.72,209.0,NaN,99.675,49.0,NaN,99.63,99.6,99.52,99.47,99.42,99.345,99.305,99.255,99.17,NaN,NaN,NaN,NaN,NaN,NaN,NaN,NaN,NaN,NaN,NaN,NaN,NaN,NaN,NaN,NaN,NaN,NaN,NaN,NaN,NaN,NaN,NaN,NaN,NaN,NaN,NaN
2011-09-13,NaN,NaN,NaN,NaN,NaN,NaN,NaN,NaN,NaN,NaN,NaN,NaN,NaN,NaN,NaN,NaN,NaN,NaN,NaN,NaN,NaN,NaN,NaN,NaN,99.9125,55583.0,1357.0,99.92,60085.0,10641.0,99.92,60442.0,7123.0,99.925,66870.0,908.0,99.92,55644.0,1580.0,99.915,49833.0,1855.0,99.915,33534.0,1487.0,99.91,34352.0,3707.0,99.91,52142.0,1371.0,99.915,40715.0,590.0,99.92,45754.0,875.0,99.915,31269.0,508.0,99.91,21510.0,1140.0,99.9,31789.0,1449.0,99.885,9242.0,805.0,99.88,7673.0,731.0,99.88,12991.0,528.0,99.87,3656.0,218.0,99.86,9349.0,226.0,99.855,7768.0,39.0,99.84,12886.0,14.0,99.825,1109.0,NaN,99.81,2152.0,372.0,99.775,392.0,1.0,99.745,143.0,NaN,99.715,209.0,NaN,99.67,49.0,NaN,99.625,99.595,99.515,99.465,99.415,99.335,99.29,99.23,99.145,NaN,NaN,NaN,NaN,NaN,NaN,NaN,NaN,NaN,NaN,NaN,NaN,NaN,NaN,NaN,NaN,NaN,NaN,NaN,NaN,NaN,NaN,NaN,NaN,NaN,NaN,NaN
2011-09-14,NaN,NaN,NaN,NaN,NaN,NaN,NaN,NaN,NaN,NaN,NaN,NaN,NaN,NaN,NaN,NaN,NaN,NaN,NaN,NaN,NaN,NaN,NaN,NaN,99.915,54049.0,4185.0,99.925,61253.0,8536.0,99.925,59946.0,6093.0,99.93,67606.0,3160.0,99.93,56873.0,4994.0,99.925,50203.0,1602.0,99.925,33472.0,1842.0,99.92,34607.0,1828.0,99.92,52468.0,2008.0,99.925,40479.0,1377.0,99.925,44796.0,2544.0,99.92,31637.0,1505.0,99.915,21309.0,1033.0,99.91,31841.0,1289.0,99.895,9267.0,919.0,99.895,7639.0,351.0,99.89,12867.0,299.0,99.88,3598.0,293.0,99.87,9494.0,352.0,99.865,7769.0,136.0,99.85,12808.0,219.0,99.84,1134.0,96.0,99.825,2151.0,98.0,99.79,428.0,69.0,99.76,153.0,57.0,99.73,204.0,11.0,99.685,49.0,NaN,99.64,99.61,99.53,99.48,99.425,99.345,99.3,99.24,99.155,NaN,NaN,NaN,NaN,NaN,NaN,NaN,NaN,NaN,NaN,NaN,NaN,NaN,NaN,NaN,NaN,NaN,NaN,NaN,NaN,NaN,NaN,NaN,NaN,NaN,NaN,NaN
2011-09-15,NaN,NaN,NaN,NaN,NaN,NaN,NaN,NaN,NaN,NaN,NaN,NaN,NaN,NaN,NaN,NaN,NaN,NaN,NaN,NaN,NaN,NaN,NaN,NaN,99.915,53084.0,2789.0,99.925,62156.0,6393.0,99.925,61172.0,5016.0,99.93,66931.0,2284.0,99.93,56353.0,2572.0,99.93,49828.0,2368.0,99.93,33240.0,2561.0,99.925,33954.0,1517.0,99.925,53398.0,5671.0,99.93,39630.0,5267.0,99.93,44947.0,4314.0,99.925,32168.0,1186.0,99.92,21249.0,1249.0,99.91,31752.0,1251.0,99.9,9382.0,1204.0,99.895,7373.0,834.0,99.885,12663.0,537.0,99.875,3629.0,391.0,99.865,9644.0,309.0,99.855,7768.0,40.0,99.835,12842.0,113.0,99.825,1125.0,250.0,99.8,2125.0,151.0,99.755,485.0,57.0,99.72,153.0,NaN,99.69,204.0,NaN,99.645,49.0,NaN,99.6,99.56,99.48,99.425,99.365,99.28,99.235,99.175,99.085,NaN,NaN,NaN,NaN,NaN,NaN,NaN,NaN,NaN,NaN,NaN,NaN,NaN,NaN,NaN,NaN,NaN,NaN,NaN,NaN,NaN,NaN,NaN,NaN,NaN,NaN,NaN
2011-09-16,NaN,NaN,NaN,NaN,NaN,NaN,NaN,NaN,NaN,NaN,NaN,NaN,NaN,NaN,NaN,NaN,NaN,NaN,NaN,NaN,NaN,NaN,NaN,NaN,99.9175,53040.0,1625.0,99.925,64039.0,5167.0,99.93,60968.0,1121.0,99.935,65016.0,4020.0,99.935,55215.0,3820.0,99.93,49062.0,1419.0,99.93,32861.0,1041.0,99.93,34022.0,978.0,99.925,53220.0,988.0,99.93,39448.0,420.0,99.935,44892.0,404.0,99.93,31932.0,580.0,99.925,21172.0,2457.0,99.915,31579.0,896.0,99.905,9555.0,870.0,99.905,7523.0,584.0,99.905,12455.0,878.0,99.895,3297.0,782.0,99.885,9925.0,476.0,99.875,7855.0,145.0,99.855,12863.0,78.0,99.845,1125.0,NaN,99.82,2125.0,71.0,99.775,556.0,71.0,99.74,153.0,NaN,99.71,204.0,NaN,99.655,49.0,NaN,99.6,99.56,99.48,99.425,99.365,99.28,99.235,99.17,99.08,NaN,NaN,NaN,NaN,NaN,NaN,NaN,NaN,NaN,NaN,NaN,NaN,NaN,NaN,NaN,NaN,NaN,NaN,NaN,NaN,NaN,NaN,NaN,NaN,NaN,NaN,NaN
2011-09-19,NaN,NaN,NaN,NaN,NaN,NaN,NaN,NaN,NaN,NaN,NaN,NaN,NaN,NaN,NaN,NaN,NaN,NaN,NaN,NaN,NaN,NaN,NaN,NaN,99.9175,52390.0,2175.0,99.93,63378.0,9507.0,99.935,63487.0,13136.0,99.94,63950.0,6093.0,99.935,54506.0,4732.0,99.935,46972.0,5937.0,99.935,31898.0,2623.0,99.935,34231.0,863.0,99.93,53112.0,672.0,99.935,39472.0,318.0,99.94,44818.0,511.0,99.94,32923.0,1281.0,99.94,21197.0,280.0,99.935,31683.0,639.0,99.93,9809.0,931.0,99.935,7507.0,219.0,99.935,12456.0,156.0,99.925,3296.0,209.0,99.915,10076.0,580.0,99.905,7897.0,312.0,99.895,12865.0,210.0,99.885,1144.0,115.0,99.86,2229.0,407.0,99.815,747.0,198.0,99.785,178.0,30.0,99.755,221.0,21.0,99.7,54.0,31.0,99.655,99.615,99.535,99.485,99.425,99.35,99.31,99.25,99.16,NaN,NaN,NaN,NaN,NaN,NaN,NaN,NaN,NaN,NaN,NaN,NaN,NaN,NaN,NaN,NaN,NaN,NaN,NaN,NaN,NaN,NaN,NaN,NaN,NaN,NaN,NaN
2011-09-20,NaN,NaN,NaN,NaN,NaN,NaN,NaN,NaN,NaN,NaN,NaN,NaN,NaN,NaN,NaN,NaN,NaN,NaN,NaN,NaN,NaN,NaN,NaN,NaN,99.9175,52769.0,2882.0,99.93,64562.0,5566.0,99.935,60821.0,6312.0,99.935,65728.0,8236.0,99.935,54800.0,2896.0,99.93,46675.0,3678.0,99.93,33886.0,4980.0,99.93,34297.0,2316.0,99.93,53850.0,1992.0,99.935,39150.0,2947.0,99.935,44932.0,2194.0,99.935,33466.0,2023.0,99.93,21808.0,1602.0,99.93,31906.0,1336.0,99.925,9751.0,785.0,99.93,7590.0,512.0,99.93,12392.0,461.0,99.92,3052.0,445.0,99.915,10067.0,175.0,99.905,7897.0,100.0,99.89,12856.0,375.0,99.88,1143.0,130.0,99.855,2259.0,141.0,99.81,885.0,150.0,99.78,178.0,NaN,99.75,221.0,NaN,99.695,54.0,NaN,99.65,99.61,99.53,99.48,99.43,99.355,99.315,99.255,99.165,NaN,NaN,NaN,NaN,NaN,NaN,NaN,NaN,NaN,NaN,NaN,NaN,NaN,NaN,NaN,NaN,NaN,NaN,NaN,NaN,NaN,NaN,NaN,NaN,NaN,NaN,NaN
2011-09-21,NaN,NaN,NaN,NaN,NaN,NaN,NaN,NaN,NaN,NaN,NaN,NaN,NaN,NaN,NaN,NaN,NaN,NaN,NaN,NaN,NaN,NaN,NaN,NaN,99.915,52033.0,3481.0,99.91,63360.0,11785.0,99.915,60861.0,15206.0,99.92,66210.0,18317.0,99.92,54283.0,12463.0,99.915,47026.0,6228.0,99.915,33136.0,5526.0,99.915,34497.0,4462.0,99.915,52542.0,5086.0,99.92,38201.0,5332.0,99.92,44932.0,2421.0,99.92,33528.0,1653.0,99.92,21803.0,1206.0,99.92,32032.0,1565.0,99.915,9487.0,1644.0,99.915,9201.0,4230.0,99.915,13292.0,2893.0,99.905,3609.0,1105.0,99.905,10465.0,1248.0,99.895,7933.0,531.0,99.895,13104.0,766.0,99.885,1143.0,325.0,99.86,2224.0,109.0,99.815,954.0,127.0,99.785,180.0,18.0,99.755,251.0,156.0,99.7,164.0,127.0,99.66,99.62,99.545,99.495,99.445,99.37,99.33,99.27,99.18,NaN,NaN,NaN,NaN,NaN,NaN,NaN,NaN,NaN,NaN,NaN,NaN,NaN,NaN,NaN,NaN,NaN,NaN,NaN,NaN,NaN,NaN,NaN,NaN,NaN,NaN,NaN
2011-09-22,NaN,NaN,NaN,NaN,NaN,NaN,NaN,NaN,NaN,NaN,NaN,NaN,NaN,NaN,NaN,NaN,NaN,NaN,NaN,NaN,NaN,NaN,NaN,NaN,99.9125,50810.0,2237.0,99.91,62842.0,5245.0,99.915,62507.0,6529.0,99.92,64935.0,8278.0,99.915,53829.0,2172.0,99.91,46606.0,2054.0,99.905,32616.0,1816.0,99.905,33888.0,3387.0,99.905,52140.0,2799.0,99.91,37832.0,1987.0,99.91,44150.0,2681.0,99.915,32683.0,2036.0,99.915,21735.0,1356.0,99.915,32264.0,1799.0,99.91,9412.0,995.0,99.91,9425.0,752.0,99.91,13294.0,304.0,99.9,3601.0,79.0,99.895,10569.0,260.0,99.89,7933.0,58.0,99.89,13112.0,35.0,99.88,1152.0,15.0,99.86,2230.0,10.0,99.82,958.0,8.0,99.795,189.0,9.0,99.77,257.0,10.0,99.73,169.0,7.0,99.7,99.66,99.59,99.55,99.505,99.44,99.41,99.355,99.275,NaN,NaN,NaN,NaN,NaN,NaN,NaN,NaN,NaN,NaN,NaN,NaN,NaN,NaN,NaN,NaN,NaN,NaN,NaN,NaN,NaN,NaN,NaN,NaN,NaN,NaN,NaN
2011-09-23,NaN,NaN,NaN,NaN,NaN,NaN,NaN,NaN,NaN,NaN,NaN,NaN,NaN,NaN,NaN,NaN,NaN,NaN,NaN,NaN,NaN,NaN,NaN,NaN,99.9125,50642.0,1260.0,99.91,62440.0,3848.0,99.915,62719.0,3161.0,99.92,63722.0,3973.0,99.915,53389.0,1218.0,99.91,46995.0,1574.0,99.905,32141.0,3968.0,99.905,33728.0,818.0,99.905,51574.0,3023.0,99.91,37441.0,2755.0,99.91,44203.0,2805.0,99.915,32501.0,2608.0,99.915,21790.0,968.0,99.91,32515.0,837.0,99.905,9262.0,544.0,99.905,9415.0,354.0,99.9,12907.0,900.0,99.89,3524.0,735.0,99.885,9790.0,2353.0,99.875,7891.0,607.0,99.855,13023.0,308.0,99.845,1157.0,49.0,99.825,2231.0,29.0,99.785,958.0,19.0,99.76,189.0,NaN,99.735,257.0,NaN,99.69,169.0,NaN,99.655,99.615,99.545,99.505,99.46,99.39,99.355,99.295,99.21,NaN,NaN,NaN,NaN,NaN,NaN,NaN,NaN,NaN,NaN,NaN,NaN,NaN,NaN,NaN,NaN,NaN,NaN,NaN,NaN,NaN,NaN,NaN,NaN,NaN,NaN,NaN
2011-09-26,NaN,NaN,NaN,NaN,NaN,NaN,NaN,NaN,NaN,NaN,NaN,NaN,NaN,NaN,NaN,NaN,NaN,NaN,NaN,NaN,NaN,NaN,NaN,NaN,99.9125,50441.0,543.0,99.91,62316.0,414.0,99.915,63060.0,1488.0,99.92,63645.0,284.0,99.915,53480.0,398.0,99.91,47029.0,725.0,99.905,31993.0,392.0,99.905,33612.0,187.0,99.905,50748.0,1722.0,99.91,37272.0,315.0,99.91,44214.0,400.0,99.91,32046.0,1096.0,99.915,21586.0,695.0,99.91,32072.0,728.0,99.9,9202.0,161.0,99.895,9445.0,182.0,99.89,12786.0,207.0,99.88,3516.0,84.0,99.875,9396.0,472.0,99.865,7924.0,68.0,99.845,13019.0,46.0,99.835,1172.0,24.0,99.81,2231.0,NaN,99.76,958.0,16.0,99.73,189.0,NaN,99.7,257.0,NaN,99.65,169.0,NaN,99.605,99.565,99.495,99.445,99.395,99.325,99.28,99.22,99.13,NaN,NaN,NaN,NaN,NaN,NaN,NaN,NaN,NaN,NaN,NaN,NaN,NaN,NaN,NaN,NaN,NaN,NaN,NaN,NaN,NaN,NaN,NaN,NaN,NaN,NaN,NaN
2011-09-27,NaN,NaN,NaN,NaN,NaN,NaN,NaN,NaN,NaN,NaN,NaN,NaN,NaN,NaN,NaN,NaN,NaN,NaN,NaN,NaN,NaN,NaN,NaN,NaN,99.9125,50005.0,2009.0,99.91,60789.0,5602.0,99.915,63283.0,4844.0,99.92,62942.0,1648.0,99.915,53113.0,698.0,99.91,47628.0,1387.0,99.905,31832.0,820.0,99.905,33612.0,600.0,99.905,50016.0,1060.0,99.91,36943.0,865.0,99.905,43559.0,2308.0,99.905,30898.0,1670.0,99.905,21422.0,396.0,99.9,32067.0,224.0,99.89,9122.0,136.0,99.885,9450.0,205.0,99.885,12768.0,144.0,99.875,3518.0,87.0,99.865,9023.0,480.0,99.85,7776.0,317.0,99.825,13018.0,251.0,99.815,1182.0,114.0,99.79,2223.0,206.0,99.73,934.0,174.0,99.7,189.0,61.0,99.665,234.0,23.0,99.615,169.0,5.0,99.56,99.52,99.44,99.38,99.33,99.25,99.205,99.145,99.05,NaN,NaN,NaN,NaN,NaN,NaN,NaN,NaN,NaN,NaN,NaN,NaN,NaN,NaN,NaN,NaN,NaN,NaN,NaN,NaN,NaN,NaN,NaN,NaN,NaN,NaN,NaN
2011-09-28,NaN,NaN,NaN,NaN,NaN,NaN,NaN,NaN,NaN,NaN,NaN,NaN,NaN,NaN,NaN,NaN,NaN,NaN,NaN,NaN,NaN,NaN,NaN,NaN,99.915,50008.0,1180.0,99.91,60443.0,2838.0,99.915,63146.0,1407.0,99.92,63632.0,1976.0,99.915,52687.0,1282.0,99.91,47739.0,912.0,99.905,31157.0,1412.0,99.9,33931.0,1154.0,99.9,49764.0,2350.0,99.905,36575.0,1421.0,99.9,44025.0,2687.0,99.9,30630.0,629.0,99.9,21335.0,644.0,99.895,32099.0,679.0,99.885,9407.0,788.0,99.88,9503.0,299.0,99.88,12776.0,76.0,99.87,3517.0,107.0,99.86,8971.0,284.0,99.845,7727.0,127.0,99.825,13037.0,147.0,99.815,1182.0,170.0,99.785,2203.0,270.0,99.73,820.0,193.0,99.685,189.0,82.0,99.655,287.0,73.0,99.605,169.0,10.0,99.55,99.51,99.43,99.37,99.32,99.24,99.195,99.135,99.04,NaN,NaN,NaN,NaN,NaN,NaN,NaN,NaN,NaN,NaN,NaN,NaN,NaN,NaN,NaN,NaN,NaN,NaN,NaN,NaN,NaN,NaN,NaN,NaN,NaN,NaN,NaN
2011-09-29,NaN,NaN,NaN,NaN,NaN,NaN,NaN,NaN,NaN,NaN,NaN,NaN,NaN,NaN,NaN,NaN,NaN,NaN,NaN,NaN,NaN,NaN,NaN,NaN,99.915,49323.0,873.0,99.91,59994.0,6685.0,99.915,63063.0,3446.0,99.915,63474.0,2623.0,99.91,51820.0,4125.0,99.9,46793.0,4685.0,99.895,30663.0,3597.0,99.89,36384.0,5867.0,99.885,50272.0,2228.0,99.89,35958.0,1875.0,99.885,43611.0,2203.0,99.885,30918.0,1766.0,99.885,21166.0,402.0,99.88,32134.0,262.0,99.87,9405.0,120.0,99.87,9587.0,302.0,99.87,12799.0,251.0,99.86,3478.0,109.0,99.85,8937.0,228.0,99.835,7687.0,242.0,99.825,13037.0,341.0,99.815,1182.0,295.0,99.785,2202.0,54.0,99.73,778.0,44.0,99.69,189.0,82.0,99.66,287.0,4.0,99.61,169.0,10.0,99.555,99.515,99.435,99.375,99.325,99.245,99.2,99.14,99.045,NaN,NaN,NaN,NaN,NaN,NaN,NaN,NaN,NaN,NaN,NaN,NaN,NaN,NaN,NaN,NaN,NaN,NaN,NaN,NaN,NaN,NaN,NaN,NaN,NaN,NaN,NaN
2011-09-30,NaN,NaN,NaN,NaN,NaN,NaN,NaN,NaN,NaN,NaN,NaN,NaN,NaN,NaN,NaN,NaN,NaN,NaN,NaN,NaN,NaN,NaN,NaN,NaN,99.915,49558.0,503.0,99.91,61104.0,3495.0,99.915,62732.0,4805.0,99.915,62879.0,2929.0,99.905,51190.0,2681.0,99.895,46547.0,2600.0,99.885,30646.0,3449.0,99.88,36247.0,4367.0,99.88,49805.0,3700.0,99.88,35293.0,2014.0,99.875,43439.0,747.0,99.875,30807.0,608.0,99.875,19419.0,1060.0,99.87,32430.0,596.0,99.865,9412.0,223.0,99.865,9565.0,198.0,99.865,12741.0,140.0,99.855,3444.0,61.0,99.845,8941.0,20.0,99.83,7687.0,NaN,99.815,13017.0,24.0,99.805,1182.0,2.0,99.775,2202.0,2.0,99.72,779.0,5.0,99.68,189.0,48.0,99.65,326.0,48.0,99.6,168.0,7.0,99.545,99.505,99.425,99.365,99.315,99.235,99.19,99.13,99.04,NaN,NaN,NaN,NaN,NaN,NaN,NaN,NaN,NaN,NaN,NaN,NaN,NaN,NaN,NaN,NaN,NaN,NaN,NaN,NaN,NaN,NaN,NaN,NaN,NaN,NaN,NaN
2011-10-03,NaN,NaN,NaN,NaN,NaN,NaN,NaN,NaN,NaN,NaN,NaN,NaN,NaN,NaN,NaN,NaN,NaN,NaN,NaN,NaN,NaN,NaN,NaN,NaN,NaN,NaN,NaN,99.91,61517.0,4356.0,99.915,61702.0,5432.0,99.91,58489.0,8297.0,99.895,50538.0,4031.0,99.88,44726.0,4688.0,99.875,29209.0,2743.0,99.875,35166.0,2553.0,99.87,49799.0,2901.0,99.875,34732.0,2032.0,99.875,43383.0,869.0,99.875,30783.0,631.0,99.875,19451.0,816.0,99.87,32545.0,610.0,99.87,9565.0,489.0,99.87,9657.0,610.0,99.865,12861.0,312.0,99.855,3379.0,156.0,99.85,9117.0,281.0,99.835,7697.0,100.0,99.825,13065.0,133.0,99.815,1183.0,90.0,99.785,2231.0,61.0,99.74,779.0,5.0,99.7,190.0,4.0,99.675,330.0,4.0,99.625,168.0,NaN,99.585,99.555,99.48,99.43,99.385,99.305,99.275,99.22,99.13,99.075,NaN,NaN,NaN,NaN,NaN,NaN,NaN,NaN,NaN,NaN,NaN,NaN,NaN,NaN,NaN,NaN,NaN,NaN,NaN,NaN,NaN,NaN,NaN,NaN,NaN,NaN
2011-10-04,NaN,NaN,NaN,NaN,NaN,NaN,NaN,NaN,NaN,NaN,NaN,NaN,NaN,NaN,NaN,NaN,NaN,NaN,NaN,NaN,NaN,NaN,NaN,NaN,NaN,NaN,NaN,99.91,63351.0,3630.0,99.915,60822.0,4783.0,99.91,58981.0,3928.0,99.895,50339.0,5918.0,99.88,43949.0,3419.0,99.875,29470.0,3138.0,99.875,34255.0,3369.0,99.87,50084.0,1320.0,99.875,34838.0,793.0,99.875,43244.0,847.0,99.875,30984.0,629.0,99.875,19063.0,970.0,99.87,32519.0,461.0,99.87,9427.0,338.0,99.87,9633.0,621.0,99.87,12885.0,1053.0,99.86,3464.0,402.0,99.85,9117.0,151.0,99.835,7700.0,6.0,99.82,13040.0,146.0,99.81,1172.0,27.0,99.78,2211.0,29.0,99.735,776.0,9.0,99.695,190.0,NaN,99.67,330.0,NaN,99.62,165.0,3.0,99.57,99.54,99.455,99.405,99.36,99.28,99.25,99.195,99.11,99.06,NaN,NaN,NaN,NaN,NaN,NaN,NaN,NaN,NaN,NaN,NaN,NaN,NaN,NaN,NaN,NaN,NaN,NaN,NaN,NaN,NaN,NaN,NaN,NaN,NaN,NaN
2011-10-05,NaN,NaN,NaN,NaN,NaN,NaN,NaN,NaN,NaN,NaN,NaN,NaN,NaN,NaN,NaN,NaN,NaN,NaN,NaN,NaN,NaN,NaN,NaN,NaN,NaN,NaN,NaN,99.915,63691.0,3466.0,99.915,61193.0,4551.0,99.91,58091.0,3307.0,99.9,50277.0,1805.0,99.885,44333.0,858.0,99.88,29285.0,1289.0,99.875,33914.0,819.0,99.875,49684.0,1137.0,99.875,35079.0,1254.0,99.875,42400.0,1723.0,99.875,30800.0,3295.0,99.875,18704.0,2291.0,99.87,32529.0,1363.0,99.87,9371.0,566.0,99.87,9917.0,1018.0,99.87,13461.0,883.0,99.86,3431.0,646.0,99.85,9298.0,441.0,99.835,7697.0,103.0,99.815,13040.0,34.0,99.805,1172.0,70.0,99.775,2145.0,66.0,99.73,771.0,7.0,99.69,190.0,NaN,99.66,330.0,NaN,99.605,165.0,NaN,99.555,99.52,99.435,99.38,99.325,99.245,99.21,99.15,99.06,99.0,NaN,NaN,NaN,NaN,NaN,NaN,NaN,NaN,NaN,NaN,NaN,NaN,NaN,NaN,NaN,NaN,NaN,NaN,NaN,NaN,NaN,NaN,NaN,NaN,NaN,NaN
2011-10-06,NaN,NaN,NaN,NaN,NaN,NaN,NaN,NaN,NaN,NaN,NaN,NaN,NaN,NaN,NaN,NaN,NaN,NaN,NaN,NaN,NaN,NaN,NaN,NaN,NaN,NaN,NaN,99.9175,63550.0,1025.0,99.915,61493.0,2010.0,99.91,58206.0,1275.0,99.895,49892.0,2577.0,99.88,43881.0,2562.0,99.87,29163.0,1163.0,99.865,33738.0,2927.0,99.865,49508.0,1582.0,99.865,34182.0,2838.0,99.865,41641.0,1623.0,99.86,31426.0,1663.0,99.865,19184.0,758.0,99.86,32451.0,706.0,99.86,9742.0,663.0,99.86,9881.0,215.0,99.86,13481.0,125.0,99.85,3435.0,24.0,99.84,9295.0,14.0,99.825,7707.0,19.0,99.8,13050.0,20.0,99.79,1173.0,2.0,99.76,2146.0,1.0,99.715,772.0,3.0,99.675,190.0,2.0,99.645,330.0,1.0,99.59,166.0,1.0,99.54,99.505,99.42,99.365,99.31,99.23,99.195,99.135,99.045,98.985,NaN,NaN,NaN,NaN,NaN,NaN,NaN,NaN,NaN,NaN,NaN,NaN,NaN,NaN,NaN,NaN,NaN,NaN,NaN,NaN,NaN,NaN,NaN,NaN,NaN,NaN
2011-10-07,NaN,NaN,NaN,NaN,NaN,NaN,NaN,NaN,NaN,NaN,NaN,NaN,NaN,NaN,NaN,NaN,NaN,NaN,NaN,NaN,NaN,NaN,NaN,NaN,NaN,NaN,NaN,99.9175,63824.0,1303.0,99.915,61367.0,1355.0,99.91,58437.0,2411.0,99.895,50154.0,1479.0,99.88,43743.0,672.0,99.875,28351.0,942.0,99.865,33881.0,1691.0,99.865,48929.0,1560.0,99.865,34025.0,1091.0,99.865,41584.0,997.0,99.86,31353.0,1033.0,99.865,19689.0,1245.0,99.86,32671.0,741.0,99.86,9908.0,687.0,99.86,9838.0,766.0,99.855,13505.0,654.0,99.845,3392.0,99.0,99.83,9300.0,37.0,99.81,7740.0,77.0,99.785,13143.0,130.0,99.775,1173.0,17.0,99.745,2146.0,NaN,99.7,772.0,NaN,99.66,190.0,NaN,99.63,330.0,NaN,99.575,166.0,NaN,99.525,99.49,99.405,99.35,99.295,99.215,99.18,99.12,99.03,98.97,NaN,NaN,NaN,NaN,NaN,NaN,NaN,NaN,NaN,NaN,NaN,NaN,NaN,NaN,NaN,NaN,NaN,NaN,NaN,NaN,NaN,NaN,NaN,NaN,NaN,NaN
2011-10-10,NaN,NaN,NaN,NaN,NaN,NaN,NaN,NaN,NaN,NaN,NaN,NaN,NaN,NaN,NaN,NaN,NaN,NaN,NaN,NaN,NaN,NaN,NaN,NaN,NaN,NaN,NaN,99.92,63862.0,148.0,99.915,61361.0,118.0,99.91,58466.0,126.0,99.895,50153.0,169.0,99.88,43769.0,172.0,99.875,28346.0,101.0,99.865,33904.0,253.0,99.86,48783.0,190.0,99.865,34001.0,32.0,99.86,41582.0,20.0,99.86,31325.0,78.0,99.86,19632.0,60.0,99.855,32694.0,64.0,99.855,9911.0,268.0,99.855,9687.0,649.0,99.845,13572.0,381.0,99.835,3359.0,110.0,99.82,9313.0,260.0,99.8,7740.0,181.0,99.77,13146.0,148.0,99.76,1150.0,31.0,99.73,2145.0,2.0,99.685,772.0,NaN,99.645,190.0,NaN,99.615,330.0,NaN,99.56,166.0,NaN,99.51,99.475,99.39,99.335,99.28,99.2,99.165,99.105,99.015,98.955,NaN,NaN,NaN,NaN,NaN,NaN,NaN,NaN,NaN,NaN,NaN,NaN,NaN,NaN,NaN,NaN,NaN,NaN,NaN,NaN,NaN,NaN,NaN,NaN,NaN,NaN
2011-10-11,NaN,NaN,NaN,NaN,NaN,NaN,NaN,NaN,NaN,NaN,NaN,NaN,NaN,NaN,NaN,NaN,NaN,NaN,NaN,NaN,NaN,NaN,NaN,NaN,NaN,NaN,NaN,99.9225,63616.0,1074.0,99.915,61766.0,819.0,99.915,57497.0,2409.0,99.9,49196.0,1556.0,99.885,43790.0,1171.0,99.875,29392.0,1633.0,99.865,34184.0,873.0,99.86,47810.0,1345.0,99.865,34016.0,541.0,99.86,41382.0,396.0,99.86,31472.0,945.0,99.86,19331.0,2053.0,99.86,32192.0,1802.0,99.855,10115.0,784.0,99.85,8733.0,2313.0,99.835,13566.0,975.0,99.82,3771.0,1228.0,99.805,9566.0,547.0,99.785,7694.0,340.0,99.74,13167.0,426.0,99.73,1178.0,181.0,99.7,2133.0,47.0,99.64,772.0,10.0,99.6,198.0,8.0,99.56,332.0,2.0,99.495,166.0,NaN,99.435,99.39,99.3,99.235,99.175,99.09,99.04,98.975,98.875,98.805,NaN,NaN,NaN,NaN,NaN,NaN,NaN,NaN,NaN,NaN,NaN,NaN,NaN,NaN,NaN,NaN,NaN,NaN,NaN,NaN,NaN,NaN,NaN,NaN,NaN,NaN
2011-10-12,NaN,NaN,NaN,NaN,NaN,NaN,NaN,NaN,NaN,NaN,NaN,NaN,NaN,NaN,NaN,NaN,NaN,NaN,NaN,NaN,NaN,NaN,NaN,NaN,NaN,NaN,NaN,99.9225,63625.0,175.0,99.915,61041.0,2801.0,99.915,57266.0,1135.0,99.905,48602.0,1400.0,99.89,43773.0,143.0,99.885,30155.0,1787.0,99.875,34015.0,709.0,99.87,47604.0,986.0,99.87,34065.0,1173.0,99.87,41009.0,1298.0,99.865,31418.0,878.0,99.865,19280.0,1025.0,99.865,32270.0,1262.0,99.855,10005.0,1401.0,99.85,8961.0,1231.0,99.84,13891.0,773.0,99.82,4078.0,505.0,99.81,9642.0,287.0,99.79,7617.0,349.0,99.755,13104.0,218.0,99.745,1301.0,258.0,99.71,2096.0,68.0,99.65,772.0,NaN,99.605,198.0,NaN,99.565,332.0,NaN,99.5,166.0,NaN,99.44,99.395,99.3,99.235,99.17,99.085,99.035,98.97,98.87,98.8,NaN,NaN,NaN,NaN,NaN,NaN,NaN,NaN,NaN,NaN,NaN,NaN,NaN,NaN,NaN,NaN,NaN,NaN,NaN,NaN,NaN,NaN,NaN,NaN,NaN,NaN
2011-10-13,NaN,NaN,NaN,NaN,NaN,NaN,NaN,NaN,NaN,NaN,NaN,NaN,NaN,NaN,NaN,NaN,NaN,NaN,NaN,NaN,NaN,NaN,NaN,NaN,NaN,NaN,NaN,99.9225,63951.0,2310.0,99.915,61860.0,2605.0,99.915,56934.0,4058.0,99.905,48029.0,3790.0,99.895,44349.0,1089.0,99.885,29854.0,2246.0,99.88,33267.0,2537.0,99.87,47463.0,1351.0,99.87,34208.0,1587.0,99.87,40403.0,1254.0,99.87,31703.0,1774.0,99.865,19111.0,357.0,99.865,32748.0,1768.0,99.86,10709.0,1872.0,99.86,9245.0,1403.0,99.855,13596.0,2041.0,99.835,4342.0,559.0,99.825,9828.0,436.0,99.805,7628.0,497.0,99.785,13265.0,447.0,99.775,1357.0,311.0,99.745,2103.0,422.0,99.685,828.0,314.0,99.64,203.0,19.0,99.6,339.0,13.0,99.545,169.0,6.0,99.49,99.455,99.36,99.3,99.245,99.16,99.115,99.055,98.955,98.89,NaN,NaN,NaN,NaN,NaN,NaN,NaN,NaN,NaN,NaN,NaN,NaN,NaN,NaN,NaN,NaN,NaN,NaN,NaN,NaN,NaN,NaN,NaN,NaN,NaN,NaN
2011-10-14,NaN,NaN,NaN,NaN,NaN,NaN,NaN,NaN,NaN,NaN,NaN,NaN,NaN,NaN,NaN,NaN,NaN,NaN,NaN,NaN,NaN,NaN,NaN,NaN,NaN,NaN,NaN,99.9225,63772.0,432.0,99.915,61938.0,1204.0,99.915,56525.0,595.0,99.905,47244.0,1994.0,99.895,44339.0,342.0,99.89,29857.0,166.0,99.88,33247.0,203.0,99.875,47799.0,1258.0,99.875,33313.0,1412.0,99.875,40300.0,612.0,99.875,31675.0,410.0,99.87,19057.0,136.0,99.865,32637.0,570.0,99.865,10658.0,317.0,99.865,9251.0,259.0,99.855,13703.0,1570.0,99.835,4464.0,572.0,99.825,9711.0,168.0,99.805,7667.0,122.0,99.775,13205.0,258.0,99.765,1362.0,53.0,99.735,2142.0,79.0,99.675,842.0,15.0,99.63,203.0,1.0,99.59,340.0,1.0,99.535,169.0,73.0,99.48,99.44,99.345,99.285,99.23,99.145,99.1,99.035,98.93,98.865,NaN,NaN,NaN,NaN,NaN,NaN,NaN,NaN,NaN,NaN,NaN,NaN,NaN,NaN,NaN,NaN,NaN,NaN,NaN,NaN,NaN,NaN,NaN,NaN,NaN,NaN
2011-10-17,NaN,NaN,NaN,NaN,NaN,NaN,NaN,NaN,NaN,NaN,NaN,NaN,NaN,NaN,NaN,NaN,NaN,NaN,NaN,NaN,NaN,NaN,NaN,NaN,NaN,NaN,NaN,99.9225,63091.0,523.0,99.92,62333.0,1095.0,99.915,57827.0,965.0,99.905,52638.0,741.0,99.895,44912.0,657.0,99.89,30663.0,522.0,99.88,34232.0,712.0,99.87,47317.0,1726.0,99.87,31044.0,4176.0,99.87,40482.0,1492.0,99.865,31538.0,58.0,99.865,19005.0,127.0,99.86,32672.0,511.0,99.85,10538.0,394.0,99.85,9285.0,354.0,99.84,13727.0,212.0,99.82,4529.0,205.0,99.815,9699.0,185.0,99.805,7530.0,325.0,99.785,13205.0,313.0,99.775,1361.0,35.0,99.745,2031.0,138.0,99.685,748.0,126.0,99.645,203.0,4.0,99.615,341.0,1.0,99.56,169.0,NaN,99.51,99.475,99.39,99.33,99.275,99.195,99.15,99.085,98.985,98.92,NaN,NaN,NaN,NaN,NaN,NaN,NaN,NaN,NaN,NaN,NaN,NaN,NaN,NaN,NaN,NaN,NaN,NaN,NaN,NaN,NaN,NaN,NaN,NaN,NaN,NaN
2011-10-18,NaN,NaN,NaN,NaN,NaN,NaN,NaN,NaN,NaN,NaN,NaN,NaN,NaN,NaN,NaN,NaN,NaN,NaN,NaN,NaN,NaN,NaN,NaN,NaN,NaN,NaN,NaN,99.925,63051.0,5357.0,99.92,63442.0,2665.0,99.915,57766.0,276.0,99.905,52739.0,302.0,99.895,44946.0,474.0,99.89,31229.0,1126.0,99.88,34880.0,1973.0,99.87,45845.0,2716.0,99.87,30905.0,4372.0,99.87,39851.0,1594.0,99.865,31507.0,568.0,99.865,18788.0,2265.0,99.86,32199.0,1584.0,99.85,10576.0,821.0,99.85,9806.0,2035.0,99.84,13435.0,683.0,99.82,4333.0,332.0,99.815,9690.0,190.0,99.805,7530.0,57.0,99.78,13216.0,39.0,99.77,1349.0,73.0,99.745,2071.0,172.0,99.7,876.0,148.0,99.67,199.0,7.0,99.64,344.0,4.0,99.59,172.0,3.0,99.545,99.51,99.425,99.365,99.31,99.235,99.19,99.125,99.025,98.96,NaN,NaN,NaN,NaN,NaN,NaN,NaN,NaN,NaN,NaN,NaN,NaN,NaN,NaN,NaN,NaN,NaN,NaN,NaN,NaN,NaN,NaN,NaN,NaN,NaN,NaN
2011-10-19,NaN,NaN,NaN,NaN,NaN,NaN,NaN,NaN,NaN,NaN,NaN,NaN,NaN,NaN,NaN,NaN,NaN,NaN,NaN,NaN,NaN,NaN,NaN,NaN,NaN,NaN,NaN,99.925,64536.0,3517.0,99.92,65135.0,2477.0,99.915,59873.0,4638.0,99.905,52749.0,47.0,99.895,44877.0,174.0,99.89,31180.0,684.0,99.88,34987.0,1526.0,99.87,47029.0,3407.0,99.87,31027.0,1074.0,99.87,39895.0,1340.0,99.865,31814.0,1177.0,99.865,18929.0,1062.0,99.86,32700.0,1776.0,99.855,9991.0,2299.0,99.855,9880.0,581.0,99.845,13399.0,406.0,99.825,4239.0,325.0,99.82,9775.0,224.0,99.81,7501.0,250.0,99.78,13232.0,624.0,99.77,1278.0,328.0,99.745,2377.0,651.0,99.705,975.0,175.0,99.675,199.0,3.0,99.645,346.0,3.0,99.595,172.0,NaN,99.55,99.515,99.43,99.37,99.315,99.24,99.195,99.13,99.03,98.965,NaN,NaN,NaN,NaN,NaN,NaN,NaN,NaN,NaN,NaN,NaN,NaN,NaN,NaN,NaN,NaN,NaN,NaN,NaN,NaN,NaN,NaN,NaN,NaN,NaN,NaN
2011-10-20,NaN,NaN,NaN,NaN,NaN,NaN,NaN,NaN,NaN,NaN,NaN,NaN,NaN,NaN,NaN,NaN,NaN,NaN,NaN,NaN,NaN,NaN,NaN,NaN,NaN,NaN,NaN,99.925,64178.0,365.0,99.92,65733.0,2845.0,99.92,62422.0,7231.0,99.91,52939.0,1252.0,99.895,44867.0,196.0,99.89,31093.0,990.0,99.88,35027.0,458.0,99.87,47146.0,454.0,99.875,31049.0,523.0,99.87,39660.0,922.0,99.87,31561.0,711.0,99.865,19061.0,811.0,99.86,32914.0,486.0,99.855,9985.0,493.0,99.855,9913.0,100.0,99.845,13393.0,16.0,99.825,4254.0,30.0,99.82,9745.0,93.0,99.81,7506.0,222.0,99.78,13211.0,280.0,99.77,1351.0,230.0,99.745,2533.0,187.0,99.705,967.0,8.0,99.675,199.0,NaN,99.645,346.0,NaN,99.595,172.0,NaN,99.55,99.515,99.43,99.37,99.315,99.235,99.19,99.12,99.015,98.945,NaN,NaN,NaN,NaN,NaN,NaN,NaN,NaN,NaN,NaN,NaN,NaN,NaN,NaN,NaN,NaN,NaN,NaN,NaN,NaN,NaN,NaN,NaN,NaN,NaN,NaN
2011-10-21,NaN,NaN,NaN,NaN,NaN,NaN,NaN,NaN,NaN,NaN,NaN,NaN,NaN,NaN,NaN,NaN,NaN,NaN,NaN,NaN,NaN,NaN,NaN,NaN,NaN,NaN,NaN,99.925,64103.0,487.0,99.92,66389.0,1419.0,99.92,62532.0,777.0,99.91,52926.0,168.0,99.895,45072.0,522.0,99.89,30904.0,316.0,99.88,35007.0,626.0,99.875,48739.0,3431.0,99.875,31687.0,1149.0,99.87,39582.0,1180.0,99.87,32016.0,1170.0,99.865,19587.0,1027.0,99.86,33334.0,822.0,99.855,10490.0,808.0,99.855,10399.0,575.0,99.845,13435.0,111.0,99.825,4282.0,61.0,99.82,9728.0,61.0,99.81,7502.0,134.0,99.78,13203.0,134.0,99.77,1349.0,28.0,99.745,2534.0,34.0,99.705,973.0,18.0,99.675,199.0,NaN,99.645,346.0,NaN,99.595,172.0,NaN,99.55,99.515,99.43,99.37,99.315,99.235,99.19,99.12,99.015,98.945,NaN,NaN,NaN,NaN,NaN,NaN,NaN,NaN,NaN,NaN,NaN,NaN,NaN,NaN,NaN,NaN,NaN,NaN,NaN,NaN,NaN,NaN,NaN,NaN,NaN,NaN
2011-10-24,NaN,NaN,NaN,NaN,NaN,NaN,NaN,NaN,NaN,NaN,NaN,NaN,NaN,NaN,NaN,NaN,NaN,NaN,NaN,NaN,NaN,NaN,NaN,NaN,NaN,NaN,NaN,99.9275,64342.0,813.0,99.92,66405.0,503.0,99.92,62845.0,1631.0,99.91,53396.0,1000.0,99.9,45311.0,1025.0,99.89,30921.0,508.0,99.88,35023.0,1037.0,99.875,48831.0,357.0,99.875,31627.0,757.0,99.87,39736.0,1117.0,99.87,32068.0,614.0,99.865,19598.0,138.0,99.86,33676.0,633.0,99.855,11086.0,724.0,99.855,10573.0,424.0,99.845,13420.0,100.0,99.825,4334.0,115.0,99.82,9711.0,30.0,99.805,7504.0,4.0,99.78,13204.0,50.0,99.77,1378.0,32.0,99.745,2537.0,27.0,99.705,973.0,24.0,99.675,199.0,NaN,99.645,346.0,NaN,99.595,172.0,NaN,99.55,99.515,99.43,99.37,99.315,99.235,99.19,99.12,99.015,98.945,NaN,NaN,NaN,NaN,NaN,NaN,NaN,NaN,NaN,NaN,NaN,NaN,NaN,NaN,NaN,NaN,NaN,NaN,NaN,NaN,NaN,NaN,NaN,NaN,NaN,NaN
2011-10-25,NaN,NaN,NaN,NaN,NaN,NaN,NaN,NaN,NaN,NaN,NaN,NaN,NaN,NaN,NaN,NaN,NaN,NaN,NaN,NaN,NaN,NaN,NaN,NaN,NaN,NaN,NaN,99.9275,64330.0,57.0,99.92,66579.0,533.0,99.92,62639.0,2509.0,99.91,52932.0,1486.0,99.9,45360.0,246.0,99.895,30262.0,1736.0,99.885,35128.0,1160.0,99.88,48864.0,1257.0,99.875,32023.0,936.0,99.87,39428.0,941.0,99.87,32434.0,875.0,99.865,19764.0,364.0,99.86,34074.0,469.0,99.86,11196.0,531.0,99.855,11138.0,884.0,99.855,13566.0,404.0,99.835,4350.0,219.0,99.83,9606.0,638.0,99.82,7924.0,674.0,99.805,13204.0,164.0,99.795,1389.0,82.0,99.77,2540.0,82.0,99.735,964.0,86.0,99.705,199.0,24.0,99.685,358.0,17.0,99.635,177.0,10.0,99.595,99.565,99.485,99.43,99.38,99.3,99.26,99.195,99.095,99.03,NaN,NaN,NaN,NaN,NaN,NaN,NaN,NaN,NaN,NaN,NaN,NaN,NaN,NaN,NaN,NaN,NaN,NaN,NaN,NaN,NaN,NaN,NaN,NaN,NaN,NaN
2011-10-26,NaN,NaN,NaN,NaN,NaN,NaN,NaN,NaN,NaN,NaN,NaN,NaN,NaN,NaN,NaN,NaN,NaN,NaN,NaN,NaN,NaN,NaN,NaN,NaN,NaN,NaN,NaN,99.9275,64275.0,486.0,99.92,66697.0,723.0,99.92,62863.0,2483.0,99.91,53012.0,816.0,99.9,45058.0,1327.0,99.895,30774.0,1900.0,99.885,34912.0,1356.0,99.88,48549.0,1471.0,99.875,32152.0,830.0,99.87,39059.0,1545.0,99.865,32720.0,864.0,99.86,19975.0,1010.0,99.855,34243.0,815.0,99.85,11294.0,613.0,99.85,11328.0,834.0,99.845,13562.0,354.0,99.825,4319.0,104.0,99.82,9608.0,55.0,99.81,7962.0,69.0,99.795,13298.0,381.0,99.785,1506.0,545.0,99.76,2537.0,96.0,99.725,965.0,73.0,99.695,200.0,3.0,99.675,359.0,1.0,99.625,177.0,NaN,99.585,99.55,99.47,99.415,99.365,99.285,99.245,99.18,99.08,99.005,NaN,NaN,NaN,NaN,NaN,NaN,NaN,NaN,NaN,NaN,NaN,NaN,NaN,NaN,NaN,NaN,NaN,NaN,NaN,NaN,NaN,NaN,NaN,NaN,NaN,NaN
2011-10-27,NaN,NaN,NaN,NaN,NaN,NaN,NaN,NaN,NaN,NaN,NaN,NaN,NaN,NaN,NaN,NaN,NaN,NaN,NaN,NaN,NaN,NaN,NaN,NaN,NaN,NaN,NaN,99.9275,64202.0,302.0,99.92,67578.0,4891.0,99.92,63362.0,3760.0,99.91,54913.0,6113.0,99.9,44764.0,1308.0,99.89,31289.0,1601.0,99.885,35497.0,1975.0,99.875,48446.0,389.0,99.875,31864.0,950.0,99.87,38464.0,951.0,99.86,32290.0,1676.0,99.855,19838.0,761.0,99.85,35402.0,2180.0,99.845,12509.0,1850.0,99.84,11787.0,1006.0,99.83,13705.0,519.0,99.81,4309.0,557.0,99.8,9684.0,557.0,99.785,7947.0,278.0,99.76,13168.0,734.0,99.75,1691.0,733.0,99.725,2540.0,237.0,99.68,999.0,81.0,99.64,252.0,112.0,99.615,436.0,83.0,99.565,177.0,1.0,99.505,99.47,99.39,99.325,99.265,99.18,99.135,99.065,98.96,98.88,NaN,NaN,NaN,NaN,NaN,NaN,NaN,NaN,NaN,NaN,NaN,NaN,NaN,NaN,NaN,NaN,NaN,NaN,NaN,NaN,NaN,NaN,NaN,NaN,NaN,NaN
2011-10-28,NaN,NaN,NaN,NaN,NaN,NaN,NaN,NaN,NaN,NaN,NaN,NaN,NaN,NaN,NaN,NaN,NaN,NaN,NaN,NaN,NaN,NaN,NaN,NaN,NaN,NaN,NaN,99.9275,63987.0,329.0,99.92,67313.0,2648.0,99.92,63810.0,2282.0,99.91,56812.0,3505.0,99.9,44148.0,2028.0,99.89,31584.0,4369.0,99.885,34911.0,2991.0,99.875,48438.0,1068.0,99.875,31054.0,2300.0,99.87,38816.0,2929.0,99.86,32175.0,1458.0,99.855,20612.0,2159.0,99.855,36909.0,2952.0,99.85,14370.0,2471.0,99.85,12679.0,1731.0,99.845,14143.0,1162.0,99.835,4453.0,611.0,99.825,9937.0,694.0,99.81,7951.0,197.0,99.795,13277.0,402.0,99.785,1920.0,301.0,99.76,2563.0,168.0,99.715,1085.0,105.0,99.68,318.0,67.0,99.655,489.0,53.0,99.605,177.0,1.0,99.55,99.515,99.435,99.37,99.315,99.23,99.185,99.115,99.015,98.945,NaN,NaN,NaN,NaN,NaN,NaN,NaN,NaN,NaN,NaN,NaN,NaN,NaN,NaN,NaN,NaN,NaN,NaN,NaN,NaN,NaN,NaN,NaN,NaN,NaN,NaN
2011-10-31,NaN,NaN,NaN,NaN,NaN,NaN,NaN,NaN,NaN,NaN,NaN,NaN,NaN,NaN,NaN,NaN,NaN,NaN,NaN,NaN,NaN,NaN,NaN,NaN,NaN,NaN,NaN,99.9275,61600.0,2537.0,99.92,67158.0,1236.0,99.92,63507.0,1043.0,99.91,56620.0,528.0,99.9,44228.0,673.0,99.89,31673.0,1156.0,99.885,35170.0,1375.0,99.88,48145.0,1472.0,99.885,30964.0,840.0,99.88,38539.0,743.0,99.875,32481.0,1074.0,99.875,20723.0,1536.0,99.875,36756.0,955.0,99.875,14548.0,736.0,99.87,13684.0,1848.0,99.87,14134.0,1408.0,99.86,4068.0,1034.0,99.855,10070.0,1089.0,99.85,8264.0,1070.0,99.845,13425.0,662.0,99.835,1828.0,313.0,99.815,2603.0,120.0,99.775,1134.0,111.0,99.745,383.0,96.0,99.725,536.0,53.0,99.675,177.0,NaN,99.63,99.605,99.525,99.47,99.42,99.345,99.305,99.245,99.15,99.085,NaN,NaN,NaN,NaN,NaN,NaN,NaN,NaN,NaN,NaN,NaN,NaN,NaN,NaN,NaN,NaN,NaN,NaN,NaN,NaN,NaN,NaN,NaN,NaN,NaN,NaN
2011-11-01,NaN,NaN,NaN,NaN,NaN,NaN,NaN,NaN,NaN,NaN,NaN,NaN,NaN,NaN,NaN,NaN,NaN,NaN,NaN,NaN,NaN,NaN,NaN,NaN,NaN,NaN,NaN,NaN,NaN,NaN,99.92,67231.0,1631.0,99.92,64054.0,1173.0,99.91,56361.0,2880.0,99.9,44281.0,1451.0,99.89,32050.0,2147.0,99.89,34619.0,1732.0,99.885,49377.0,3496.0,99.885,30548.0,1779.0,99.885,38705.0,671.0,99.88,32570.0,809.0,99.88,20919.0,577.0,99.88,36870.0,519.0,99.88,14600.0,676.0,99.88,14022.0,1764.0,99.875,14300.0,2784.0,99.87,4272.0,2237.0,99.87,10270.0,1370.0,99.865,8397.0,957.0,99.865,13598.0,732.0,99.855,1812.0,712.0,99.84,3035.0,476.0,99.81,1273.0,183.0,99.785,418.0,52.0,99.765,633.0,175.0,99.725,511.0,346.0,99.69,99.665,99.59,99.55,99.505,99.44,99.405,99.345,99.265,99.205,99.17,NaN,NaN,NaN,NaN,NaN,NaN,NaN,NaN,NaN,NaN,NaN,NaN,NaN,NaN,NaN,NaN,NaN,NaN,NaN,NaN,NaN,NaN,NaN,NaN,NaN
2011-11-02,NaN,NaN,NaN,NaN,NaN,NaN,NaN,NaN,NaN,NaN,NaN,NaN,NaN,NaN,NaN,NaN,NaN,NaN,NaN,NaN,NaN,NaN,NaN,NaN,NaN,NaN,NaN,NaN,NaN,NaN,99.92,66331.0,1824.0,99.92,64108.0,6021.0,99.91,56529.0,5398.0,99.9,44233.0,5764.0,99.895,31638.0,2337.0,99.89,36663.0,4750.0,99.885,48109.0,3132.0,99.89,30307.0,1173.0,99.89,39103.0,1316.0,99.89,32782.0,1188.0,99.89,20880.0,531.0,99.885,36760.0,430.0,99.885,14614.0,261.0,99.885,14097.0,360.0,99.885,14526.0,547.0,99.88,4360.0,266.0,99.88,10269.0,41.0,99.875,8301.0,338.0,99.87,13612.0,96.0,99.86,1826.0,323.0,99.845,3081.0,103.0,99.815,1290.0,26.0,99.8,417.0,1.0,99.78,688.0,256.0,99.745,224.0,532.0,99.71,99.685,99.625,99.585,99.54,99.475,99.44,99.38,99.3,99.24,99.205,NaN,NaN,NaN,NaN,NaN,NaN,NaN,NaN,NaN,NaN,NaN,NaN,NaN,NaN,NaN,NaN,NaN,NaN,NaN,NaN,NaN,NaN,NaN,NaN,NaN
2011-11-03,NaN,NaN,NaN,NaN,NaN,NaN,NaN,NaN,NaN,NaN,NaN,NaN,NaN,NaN,NaN,NaN,NaN,NaN,NaN,NaN,NaN,NaN,NaN,NaN,NaN,NaN,NaN,NaN,NaN,NaN,99.92,65439.0,5169.0,99.92,62370.0,6375.0,99.91,56331.0,2469.0,99.9,43966.0,1344.0,99.895,31513.0,2397.0,99.89,36584.0,489.0,99.885,48284.0,1146.0,99.89,30417.0,264.0,99.89,39250.0,695.0,99.89,32778.0,195.0,99.89,20138.0,1080.0,99.885,36872.0,323.0,99.885,14613.0,139.0,99.885,14207.0,409.0,99.885,14564.0,834.0,99.88,4669.0,933.0,99.875,10238.0,267.0,99.87,8315.0,63.0,99.865,13721.0,201.0,99.855,1829.0,56.0,99.84,3099.0,47.0,99.81,1262.0,49.0,99.795,419.0,2.0,99.775,688.0,100.0,99.74,224.0,NaN,99.705,99.68,99.62,99.58,99.53,99.465,99.43,99.37,99.29,99.23,99.185,NaN,NaN,NaN,NaN,NaN,NaN,NaN,NaN,NaN,NaN,NaN,NaN,NaN,NaN,NaN,NaN,NaN,NaN,NaN,NaN,NaN,NaN,NaN,NaN,NaN
2011-11-04,NaN,NaN,NaN,NaN,NaN,NaN,NaN,NaN,NaN,NaN,NaN,NaN,NaN,NaN,NaN,NaN,NaN,NaN,NaN,NaN,NaN,NaN,NaN,NaN,NaN,NaN,NaN,NaN,NaN,NaN,99.92,64958.0,1943.0,99.92,60602.0,1264.0,99.91,55447.0,515.0,99.9,43629.0,1719.0,99.895,31141.0,379.0,99.89,35749.0,368.0,99.885,47483.0,725.0,99.89,30510.0,557.0,99.89,38815.0,1338.0,99.89,33245.0,1202.0,99.89,20512.0,430.0,99.885,36921.0,177.0,99.885,14793.0,130.0,99.885,14454.0,249.0,99.885,14771.0,426.0,99.88,4739.0,375.0,99.875,10275.0,122.0,99.87,8324.0,232.0,99.865,13784.0,191.0,99.855,1931.0,188.0,99.84,3097.0,30.0,99.815,1258.0,6.0,99.8,420.0,1.0,99.78,711.0,123.0,99.745,224.0,5.0,99.71,99.685,99.625,99.585,99.535,99.47,99.435,99.375,99.295,99.235,99.19,NaN,NaN,NaN,NaN,NaN,NaN,NaN,NaN,NaN,NaN,NaN,NaN,NaN,NaN,NaN,NaN,NaN,NaN,NaN,NaN,NaN,NaN,NaN,NaN,NaN
2011-11-07,NaN,NaN,NaN,NaN,NaN,NaN,NaN,NaN,NaN,NaN,NaN,NaN,NaN,NaN,NaN,NaN,NaN,NaN,NaN,NaN,NaN,NaN,NaN,NaN,NaN,NaN,NaN,NaN,NaN,NaN,99.9175,64834.0,1441.0,99.92,60476.0,471.0,99.91,55566.0,461.0,99.9,43961.0,777.0,99.895,31252.0,405.0,99.89,35735.0,80.0,99.885,46647.0,385.0,99.89,30257.0,427.0,99.89,37773.0,418.0,99.89,32523.0,399.0,99.89,19974.0,559.0,99.885,35526.0,74.0,99.885,14890.0,573.0,99.885,14690.0,1040.0,99.885,14699.0,423.0,99.88,4671.0,25.0,99.875,10394.0,196.0,99.87,8473.0,102.0,99.865,13776.0,102.0,99.855,1976.0,195.0,99.84,3167.0,152.0,99.82,1215.0,141.0,99.805,416.0,20.0,99.785,712.0,1.0,99.75,224.0,NaN,99.715,99.695,99.635,99.595,99.545,99.485,99.45,99.395,99.315,99.255,99.21,NaN,NaN,NaN,NaN,NaN,NaN,NaN,NaN,NaN,NaN,NaN,NaN,NaN,NaN,NaN,NaN,NaN,NaN,NaN,NaN,NaN,NaN,NaN,NaN,NaN
2011-11-08,NaN,NaN,NaN,NaN,NaN,NaN,NaN,NaN,NaN,NaN,NaN,NaN,NaN,NaN,NaN,NaN,NaN,NaN,NaN,NaN,NaN,NaN,NaN,NaN,NaN,NaN,NaN,NaN,NaN,NaN,99.9175,64961.0,680.0,99.92,60360.0,213.0,99.91,56012.0,735.0,99.9,43916.0,145.0,99.895,31477.0,278.0,99.89,35772.0,179.0,99.885,46646.0,1058.0,99.89,30163.0,1093.0,99.89,36814.0,2888.0,99.89,32881.0,1690.0,99.885,20024.0,412.0,99.885,35975.0,1127.0,99.885,14581.0,1038.0,99.885,14782.0,410.0,99.885,15158.0,529.0,99.88,4566.0,365.0,99.875,10329.0,152.0,99.87,8739.0,421.0,99.86,13831.0,474.0,99.85,1957.0,436.0,99.835,3160.0,149.0,99.815,1164.0,64.0,99.795,453.0,57.0,99.77,712.0,2.0,99.735,224.0,NaN,99.7,99.68,99.62,99.575,99.525,99.465,99.43,99.37,99.29,99.23,99.18,NaN,NaN,NaN,NaN,NaN,NaN,NaN,NaN,NaN,NaN,NaN,NaN,NaN,NaN,NaN,NaN,NaN,NaN,NaN,NaN,NaN,NaN,NaN,NaN,NaN
2011-11-09,NaN,NaN,NaN,NaN,NaN,NaN,NaN,NaN,NaN,NaN,NaN,NaN,NaN,NaN,NaN,NaN,NaN,NaN,NaN,NaN,NaN,NaN,NaN,NaN,NaN,NaN,NaN,NaN,NaN,NaN,99.9175,65126.0,840.0,99.92,61428.0,1796.0,99.91,56314.0,815.0,99.9,43803.0,427.0,99.895,31545.0,418.0,99.89,35058.0,1403.0,99.89,46898.0,1144.0,99.89,30074.0,1153.0,99.89,37266.0,2643.0,99.89,32818.0,2612.0,99.89,19816.0,1587.0,99.89,35804.0,934.0,99.89,14413.0,491.0,99.89,14711.0,1608.0,99.89,15220.0,814.0,99.885,4564.0,357.0,99.885,10397.0,156.0,99.88,8770.0,236.0,99.865,13786.0,181.0,99.855,1943.0,48.0,99.84,3098.0,135.0,99.82,1181.0,138.0,99.8,451.0,10.0,99.775,722.0,10.0,99.74,224.0,30.0,99.705,99.685,99.625,99.58,99.53,99.47,99.435,99.375,99.295,99.235,99.185,NaN,NaN,NaN,NaN,NaN,NaN,NaN,NaN,NaN,NaN,NaN,NaN,NaN,NaN,NaN,NaN,NaN,NaN,NaN,NaN,NaN,NaN,NaN,NaN,NaN
2011-11-10,NaN,NaN,NaN,NaN,NaN,NaN,NaN,NaN,NaN,NaN,NaN,NaN,NaN,NaN,NaN,NaN,NaN,NaN,NaN,NaN,NaN,NaN,NaN,NaN,NaN,NaN,NaN,NaN,NaN,NaN,99.9175,65305.0,1846.0,99.92,61468.0,4295.0,99.91,55932.0,1017.0,99.905,43925.0,187.0,99.9,31322.0,1303.0,99.895,35270.0,776.0,99.895,48242.0,1421.0,99.895,30082.0,203.0,99.895,38295.0,730.0,99.895,33876.0,817.0,99.895,19776.0,343.0,99.895,37685.0,822.0,99.895,14400.0,617.0,99.895,14781.0,812.0,99.895,15662.0,676.0,99.89,4680.0,500.0,99.88,10538.0,1101.0,99.875,8834.0,374.0,99.86,13786.0,288.0,99.85,2036.0,230.0,99.835,3124.0,34.0,99.815,1209.0,29.0,99.79,450.0,1.0,99.765,722.0,NaN,99.73,224.0,NaN,99.695,99.675,99.61,99.555,99.505,99.44,99.395,99.335,99.245,99.185,99.125,NaN,NaN,NaN,NaN,NaN,NaN,NaN,NaN,NaN,NaN,NaN,NaN,NaN,NaN,NaN,NaN,NaN,NaN,NaN,NaN,NaN,NaN,NaN,NaN,NaN
2011-11-11,NaN,NaN,NaN,NaN,NaN,NaN,NaN,NaN,NaN,NaN,NaN,NaN,NaN,NaN,NaN,NaN,NaN,NaN,NaN,NaN,NaN,NaN,NaN,NaN,NaN,NaN,NaN,NaN,NaN,NaN,99.9175,65193.0,339.0,99.92,61484.0,617.0,99.91,55874.0,373.0,99.905,43919.0,160.0,99.9,31280.0,175.0,99.9,35305.0,166.0,99.895,48320.0,237.0,99.895,30076.0,54.0,99.895,38336.0,63.0,99.895,33898.0,94.0,99.895,19709.0,18.0,99.895,37815.0,197.0,99.895,14432.0,415.0,99.895,14829.0,218.0,99.89,15667.0,78.0,99.885,4670.0,20.0,99.875,10536.0,13.0,99.87,8833.0,3.0,99.855,13787.0,22.0,99.845,2022.0,15.0,99.83,3126.0,13.0,99.81,1210.0,1.0,99.785,450.0,NaN,99.76,722.0,NaN,99.725,224.0,NaN,99.69,99.67,99.605,99.55,99.5,99.435,99.39,99.33,99.24,99.18,99.12,NaN,NaN,NaN,NaN,NaN,NaN,NaN,NaN,NaN,NaN,NaN,NaN,NaN,NaN,NaN,NaN,NaN,NaN,NaN,NaN,NaN,NaN,NaN,NaN,NaN
2011-11-14,NaN,NaN,NaN,NaN,NaN,NaN,NaN,NaN,NaN,NaN,NaN,NaN,NaN,NaN,NaN,NaN,NaN,NaN,NaN,NaN,NaN,NaN,NaN,NaN,NaN,NaN,NaN,NaN,NaN,NaN,99.9175,64133.0,3637.0,99.92,62394.0,2815.0,99.91,57070.0,3169.0,99.905,44573.0,1565.0,99.9,30889.0,1262.0,99.9,33949.0,2158.0,99.895,48211.0,1493.0,99.895,30332.0,1070.0,99.895,39936.0,318.0,99.895,33899.0,393.0,99.895,19835.0,203.0,99.895,39165.0,586.0,99.895,14339.0,868.0,99.89,13853.0,1129.0,99.885,15549.0,1488.0,99.875,5054.0,1026.0,99.865,10198.0,585.0,99.86,8807.0,589.0,99.84,13528.0,1608.0,99.83,2199.0,608.0,99.815,3099.0,260.0,99.785,1320.0,222.0,99.76,452.0,288.0,99.735,862.0,330.0,99.705,304.0,231.0,99.67,99.65,99.585,99.53,99.48,99.415,99.375,99.315,99.225,99.165,99.105,NaN,NaN,NaN,NaN,NaN,NaN,NaN,NaN,NaN,NaN,NaN,NaN,NaN,NaN,NaN,NaN,NaN,NaN,NaN,NaN,NaN,NaN,NaN,NaN,NaN
2011-11-15,NaN,NaN,NaN,NaN,NaN,NaN,NaN,NaN,NaN,NaN,NaN,NaN,NaN,NaN,NaN,NaN,NaN,NaN,NaN,NaN,NaN,NaN,NaN,NaN,NaN,NaN,NaN,NaN,NaN,NaN,99.9175,65006.0,2859.0,99.92,62148.0,1324.0,99.91,58291.0,1795.0,99.905,44982.0,1034.0,99.9,30469.0,1100.0,99.9,33943.0,372.0,99.895,48187.0,1091.0,99.895,30709.0,1534.0,99.895,39552.0,923.0,99.895,33897.0,89.0,99.895,19823.0,48.0,99.89,39360.0,386.0,99.89,14426.0,466.0,99.89,14235.0,909.0,99.885,15496.0,818.0,99.875,5083.0,431.0,99.865,10200.0,333.0,99.86,8795.0,203.0,99.84,13513.0,289.0,99.83,2287.0,311.0,99.815,3298.0,411.0,99.785,1272.0,83.0,99.76,452.0,NaN,99.735,862.0,NaN,99.71,304.0,NaN,99.675,99.655,99.595,99.55,99.5,99.435,99.395,99.335,99.245,99.185,99.125,NaN,NaN,NaN,NaN,NaN,NaN,NaN,NaN,NaN,NaN,NaN,NaN,NaN,NaN,NaN,NaN,NaN,NaN,NaN,NaN,NaN,NaN,NaN,NaN,NaN
2011-11-16,NaN,NaN,NaN,NaN,NaN,NaN,NaN,NaN,NaN,NaN,NaN,NaN,NaN,NaN,NaN,NaN,NaN,NaN,NaN,NaN,NaN,NaN,NaN,NaN,NaN,NaN,NaN,NaN,NaN,NaN,99.915,65768.0,5832.0,99.92,62023.0,4527.0,99.91,58427.0,2574.0,99.905,45294.0,1009.0,99.9,30351.0,652.0,99.9,36618.0,6738.0,99.895,46633.0,4572.0,99.895,30684.0,291.0,99.895,39703.0,230.0,99.89,33912.0,1366.0,99.89,19829.0,1109.0,99.885,39730.0,620.0,99.885,14386.0,584.0,99.885,14509.0,310.0,99.88,15519.0,81.0,99.87,5124.0,392.0,99.86,10198.0,68.0,99.855,8787.0,144.0,99.835,13512.0,67.0,99.825,2263.0,74.0,99.81,3364.0,178.0,99.78,1210.0,89.0,99.755,453.0,30.0,99.74,924.0,64.0,99.715,304.0,1.0,99.68,99.66,99.605,99.565,99.515,99.46,99.42,99.36,99.275,99.215,99.165,NaN,NaN,NaN,NaN,NaN,NaN,NaN,NaN,NaN,NaN,NaN,NaN,NaN,NaN,NaN,NaN,NaN,NaN,NaN,NaN,NaN,NaN,NaN,NaN,NaN
2011-11-17,NaN,NaN,NaN,NaN,NaN,NaN,NaN,NaN,NaN,NaN,NaN,NaN,NaN,NaN,NaN,NaN,NaN,NaN,NaN,NaN,NaN,NaN,NaN,NaN,NaN,NaN,NaN,NaN,NaN,NaN,99.915,65851.0,5968.0,99.92,62692.0,10339.0,99.9,59183.0,6513.0,99.895,47283.0,4504.0,99.89,30573.0,1728.0,99.885,36697.0,1545.0,99.885,46056.0,4712.0,99.885,30730.0,893.0,99.885,37367.0,100.0,99.88,33497.0,984.0,99.88,19226.0,865.0,99.875,37989.0,317.0,99.875,14045.0,697.0,99.875,14476.0,248.0,99.87,15354.0,341.0,99.86,5044.0,381.0,99.85,9903.0,548.0,99.84,8679.0,473.0,99.82,13471.0,322.0,99.81,2141.0,222.0,99.795,3361.0,31.0,99.765,1214.0,13.0,99.74,479.0,31.0,99.725,945.0,26.0,99.7,303.0,1.0,99.665,99.645,99.59,99.55,99.515,99.46,99.43,99.375,99.295,99.235,99.185,NaN,NaN,NaN,NaN,NaN,NaN,NaN,NaN,NaN,NaN,NaN,NaN,NaN,NaN,NaN,NaN,NaN,NaN,NaN,NaN,NaN,NaN,NaN,NaN,NaN
2011-11-18,NaN,NaN,NaN,NaN,NaN,NaN,NaN,NaN,NaN,NaN,NaN,NaN,NaN,NaN,NaN,NaN,NaN,NaN,NaN,NaN,NaN,NaN,NaN,NaN,NaN,NaN,NaN,NaN,NaN,NaN,99.915,65835.0,830.0,99.91,62081.0,8710.0,99.895,59825.0,2770.0,99.89,47109.0,1196.0,99.88,30746.0,2017.0,99.88,36520.0,1988.0,99.875,45744.0,1249.0,99.875,30840.0,1254.0,99.875,36970.0,1532.0,99.87,33420.0,1508.0,99.87,18564.0,1547.0,99.865,37648.0,796.0,99.865,14033.0,627.0,99.86,14434.0,1024.0,99.86,15357.0,2017.0,99.85,5144.0,1246.0,99.84,9762.0,1882.0,99.835,8676.0,2075.0,99.815,13403.0,1560.0,99.805,2198.0,1259.0,99.79,3335.0,789.0,99.76,1323.0,269.0,99.735,526.0,174.0,99.72,981.0,121.0,99.69,298.0,54.0,99.655,99.635,99.58,99.54,99.505,99.45,99.42,99.365,99.28,99.22,99.17,NaN,NaN,NaN,NaN,NaN,NaN,NaN,NaN,NaN,NaN,NaN,NaN,NaN,NaN,NaN,NaN,NaN,NaN,NaN,NaN,NaN,NaN,NaN,NaN,NaN
2011-11-21,NaN,NaN,NaN,NaN,NaN,NaN,NaN,NaN,NaN,NaN,NaN,NaN,NaN,NaN,NaN,NaN,NaN,NaN,NaN,NaN,NaN,NaN,NaN,NaN,NaN,NaN,NaN,NaN,NaN,NaN,99.915,65719.0,353.0,99.91,61636.0,3049.0,99.895,59698.0,1252.0,99.89,46921.0,803.0,99.88,31246.0,1281.0,99.88,36559.0,585.0,99.875,45957.0,1603.0,99.875,30655.0,721.0,99.875,36706.0,1032.0,99.87,33442.0,428.0,99.87,18310.0,326.0,99.865,37606.0,188.0,99.865,13816.0,383.0,99.865,14435.0,921.0,99.865,15182.0,525.0,99.855,5015.0,378.0,99.845,9669.0,402.0,99.835,8676.0,198.0,99.815,13517.0,533.0,99.805,2205.0,141.0,99.79,3320.0,121.0,99.76,1259.0,78.0,99.735,590.0,73.0,99.72,981.0,NaN,99.69,298.0,NaN,99.655,99.63,99.575,99.53,99.49,99.43,99.4,99.34,99.255,99.195,99.145,NaN,NaN,NaN,NaN,NaN,NaN,NaN,NaN,NaN,NaN,NaN,NaN,NaN,NaN,NaN,NaN,NaN,NaN,NaN,NaN,NaN,NaN,NaN,NaN,NaN
2011-11-22,NaN,NaN,NaN,NaN,NaN,NaN,NaN,NaN,NaN,NaN,NaN,NaN,NaN,NaN,NaN,NaN,NaN,NaN,NaN,NaN,NaN,NaN,NaN,NaN,NaN,NaN,NaN,NaN,NaN,NaN,99.915,65664.0,970.0,99.91,63668.0,3146.0,99.895,59957.0,1164.0,99.89,47536.0,1750.0,99.885,30977.0,1002.0,99.88,36411.0,642.0,99.875,45701.0,686.0,99.875,30448.0,784.0,99.875,36594.0,485.0,99.875,33472.0,608.0,99.875,18101.0,589.0,99.875,37720.0,358.0,99.87,14048.0,660.0,99.87,14354.0,322.0,99.865,15115.0,411.0,99.855,4850.0,337.0,99.845,9651.0,181.0,99.835,8664.0,48.0,99.815,13488.0,86.0,99.805,2206.0,19.0,99.79,3140.0,329.0,99.76,1504.0,552.0,99.735,592.0,23.0,99.72,978.0,4.0,99.69,307.0,9.0,99.655,99.63,99.575,99.53,99.495,99.435,99.41,99.35,99.265,99.205,99.155,NaN,NaN,NaN,NaN,NaN,NaN,NaN,NaN,NaN,NaN,NaN,NaN,NaN,NaN,NaN,NaN,NaN,NaN,NaN,NaN,NaN,NaN,NaN,NaN,NaN
2011-11-23,NaN,NaN,NaN,NaN,NaN,NaN,NaN,NaN,NaN,NaN,NaN,NaN,NaN,NaN,NaN,NaN,NaN,NaN,NaN,NaN,NaN,NaN,NaN,NaN,NaN,NaN,NaN,NaN,NaN,NaN,99.915,65703.0,1044.0,99.91,65371.0,3044.0,99.895,59923.0,1254.0,99.89,47410.0,1067.0,99.885,30844.0,698.0,99.88,36263.0,505.0,99.875,45652.0,598.0,99.875,30206.0,514.0,99.875,36504.0,330.0,99.87,34135.0,1322.0,99.87,18035.0,527.0,99.87,37670.0,521.0,99.87,14367.0,813.0,99.87,15525.0,1409.0,99.865,15122.0,179.0,99.855,4591.0,627.0,99.845,9411.0,550.0,99.835,8635.0,157.0,99.82,13792.0,549.0,99.81,2189.0,167.0,99.795,3140.0,18.0,99.765,1596.0,95.0,99.74,595.0,3.0,99.725,978.0,NaN,99.695,307.0,NaN,99.66,99.635,99.58,99.535,99.505,99.445,99.425,99.365,99.285,99.225,99.18,NaN,NaN,NaN,NaN,NaN,NaN,NaN,NaN,NaN,NaN,NaN,NaN,NaN,NaN,NaN,NaN,NaN,NaN,NaN,NaN,NaN,NaN,NaN,NaN,NaN
2011-11-25,NaN,NaN,NaN,NaN,NaN,NaN,NaN,NaN,NaN,NaN,NaN,NaN,NaN,NaN,NaN,NaN,NaN,NaN,NaN,NaN,NaN,NaN,NaN,NaN,NaN,NaN,NaN,NaN,NaN,NaN,99.915,64492.0,2346.0,99.905,69573.0,6947.0,99.885,59788.0,2395.0,99.875,48507.0,3079.0,99.87,30706.0,2014.0,99.865,36261.0,1731.0,99.86,44414.0,2433.0,99.865,30168.0,1575.0,99.86,36677.0,1235.0,99.855,34116.0,294.0,99.86,18049.0,389.0,99.86,37627.0,279.0,99.855,14401.0,257.0,99.86,16153.0,912.0,99.855,14979.0,258.0,99.845,4507.0,139.0,99.835,9413.0,38.0,99.825,8640.0,14.0,99.805,13804.0,12.0,99.795,2209.0,27.0,99.78,3140.0,21.0,99.75,1773.0,219.0,99.73,595.0,NaN,99.715,978.0,NaN,99.685,307.0,NaN,99.65,99.625,99.57,99.525,99.495,99.435,99.415,99.355,99.275,99.215,99.17,NaN,NaN,NaN,NaN,NaN,NaN,NaN,NaN,NaN,NaN,NaN,NaN,NaN,NaN,NaN,NaN,NaN,NaN,NaN,NaN,NaN,NaN,NaN,NaN,NaN
2011-11-28,NaN,NaN,NaN,NaN,NaN,NaN,NaN,NaN,NaN,NaN,NaN,NaN,NaN,NaN,NaN,NaN,NaN,NaN,NaN,NaN,NaN,NaN,NaN,NaN,NaN,NaN,NaN,NaN,NaN,NaN,99.9175,66112.0,3975.0,99.905,72163.0,3967.0,99.885,61260.0,5294.0,99.88,49763.0,3060.0,99.87,31608.0,2042.0,99.87,35949.0,1377.0,99.865,43355.0,2172.0,99.865,29879.0,1644.0,99.865,36976.0,852.0,99.86,34008.0,1359.0,99.865,17953.0,672.0,99.865,37398.0,532.0,99.86,14558.0,571.0,99.86,16342.0,537.0,99.86,15008.0,216.0,99.85,4455.0,385.0,99.84,9313.0,473.0,99.83,8629.0,254.0,99.82,13857.0,308.0,99.81,2228.0,355.0,99.795,3520.0,396.0,99.765,1777.0,9.0,99.74,595.0,14.0,99.72,978.0,NaN,99.69,307.0,NaN,99.655,99.63,99.575,99.53,99.5,99.43,99.41,99.345,99.265,99.205,99.155,NaN,NaN,NaN,NaN,NaN,NaN,NaN,NaN,NaN,NaN,NaN,NaN,NaN,NaN,NaN,NaN,NaN,NaN,NaN,NaN,NaN,NaN,NaN,NaN,NaN
2011-11-29,NaN,NaN,NaN,NaN,NaN,NaN,NaN,NaN,NaN,NaN,NaN,NaN,NaN,NaN,NaN,NaN,NaN,NaN,NaN,NaN,NaN,NaN,NaN,NaN,NaN,NaN,NaN,NaN,NaN,NaN,99.9175,65087.0,20.0,99.91,72790.0,2332.0,99.885,61983.0,2099.0,99.88,50126.0,3465.0,99.875,32524.0,2627.0,99.875,36205.0,1360.0,99.87,45032.0,3915.0,99.875,29896.0,1314.0,99.87,36899.0,1075.0,99.87,34423.0,2004.0,99.87,17659.0,1409.0,99.87,37305.0,1313.0,99.865,14604.0,995.0,99.865,16744.0,2036.0,99.865,15454.0,671.0,99.86,4445.0,268.0,99.855,9454.0,269.0,99.855,8652.0,268.0,99.845,13731.0,358.0,99.835,2246.0,323.0,99.82,3952.0,591.0,99.795,2592.0,991.0,99.77,654.0,76.0,99.75,996.0,30.0,99.72,307.0,NaN,99.68,99.655,99.595,99.55,99.515,99.44,99.415,99.345,99.26,99.2,99.15,NaN,NaN,NaN,NaN,NaN,NaN,NaN,NaN,NaN,NaN,NaN,NaN,NaN,NaN,NaN,NaN,NaN,NaN,NaN,NaN,NaN,NaN,NaN,NaN,NaN
2011-11-30,NaN,NaN,NaN,NaN,NaN,NaN,NaN,NaN,NaN,NaN,NaN,NaN,NaN,NaN,NaN,NaN,NaN,NaN,NaN,NaN,NaN,NaN,NaN,NaN,NaN,NaN,NaN,NaN,NaN,NaN,99.9175,64522.0,1943.0,99.91,73153.0,1667.0,99.895,62830.0,6306.0,99.885,52368.0,5199.0,99.88,33518.0,3120.0,99.875,36129.0,2661.0,99.87,44653.0,4718.0,99.875,29255.0,1821.0,99.87,36578.0,1219.0,99.87,35116.0,1938.0,99.87,17222.0,1016.0,99.87,37291.0,543.0,99.865,14721.0,376.0,99.865,16845.0,1023.0,99.865,15515.0,430.0,99.86,4430.0,260.0,99.855,9460.0,393.0,99.85,8812.0,329.0,99.835,13810.0,641.0,99.825,2319.0,279.0,99.81,4332.0,664.0,99.785,3077.0,677.0,99.76,660.0,13.0,99.74,1206.0,313.0,99.71,307.0,41.0,99.67,99.645,99.585,99.535,99.5,99.425,99.4,99.33,99.245,99.185,99.135,NaN,NaN,NaN,NaN,NaN,NaN,NaN,NaN,NaN,NaN,NaN,NaN,NaN,NaN,NaN,NaN,NaN,NaN,NaN,NaN,NaN,NaN,NaN,NaN,NaN
2011-12-01,NaN,NaN,NaN,NaN,NaN,NaN,NaN,NaN,NaN,NaN,NaN,NaN,NaN,NaN,NaN,NaN,NaN,NaN,NaN,NaN,NaN,NaN,NaN,NaN,NaN,NaN,NaN,NaN,NaN,NaN,NaN,NaN,NaN,99.91,74479.0,3093.0,99.9,63547.0,4626.0,99.89,51980.0,2625.0,99.885,32814.0,3293.0,99.88,35722.0,2142.0,99.875,44874.0,4730.0,99.875,29592.0,1543.0,99.87,37144.0,1358.0,99.87,35139.0,2285.0,99.87,17060.0,874.0,99.87,37216.0,348.0,99.87,14833.0,554.0,99.87,16813.0,656.0,99.87,15459.0,411.0,99.865,4467.0,385.0,99.85,9387.0,330.0,99.84,8743.0,606.0,99.82,13673.0,655.0,99.81,2307.0,458.0,99.795,4340.0,224.0,99.77,3123.0,309.0,99.745,583.0,165.0,99.725,1266.0,407.0,99.69,318.0,74.0,99.65,99.62,99.56,99.51,99.475,99.4,99.375,99.305,99.22,99.16,99.1,98.99,NaN,NaN,NaN,NaN,NaN,NaN,NaN,NaN,NaN,NaN,NaN,NaN,NaN,NaN,NaN,NaN,NaN,NaN,NaN,NaN,NaN,NaN,NaN,NaN
2011-12-02,NaN,NaN,NaN,NaN,NaN,NaN,NaN,NaN,NaN,NaN,NaN,NaN,NaN,NaN,NaN,NaN,NaN,NaN,NaN,NaN,NaN,NaN,NaN,NaN,NaN,NaN,NaN,NaN,NaN,NaN,NaN,NaN,NaN,99.91,74279.0,1749.0,99.9,64493.0,2854.0,99.89,52061.0,1861.0,99.885,31696.0,3330.0,99.88,35962.0,2001.0,99.875,44774.0,1906.0,99.875,29520.0,1504.0,99.87,36849.0,942.0,99.87,35108.0,587.0,99.87,17243.0,667.0,99.87,37099.0,344.0,99.87,14644.0,294.0,99.87,16867.0,730.0,99.865,15486.0,136.0,99.86,4684.0,446.0,99.845,9418.0,164.0,99.835,8703.0,86.0,99.82,13648.0,122.0,99.81,2301.0,257.0,99.795,4343.0,62.0,99.77,3139.0,79.0,99.745,582.0,17.0,99.725,1291.0,26.0,99.69,318.0,NaN,99.65,99.62,99.56,99.51,99.475,99.4,99.375,99.305,99.22,99.16,99.1,99.01,NaN,NaN,NaN,NaN,NaN,NaN,NaN,NaN,NaN,NaN,NaN,NaN,NaN,NaN,NaN,NaN,NaN,NaN,NaN,NaN,NaN,NaN,NaN,NaN
2011-12-05,NaN,NaN,NaN,NaN,NaN,NaN,NaN,NaN,NaN,NaN,NaN,NaN,NaN,NaN,NaN,NaN,NaN,NaN,NaN,NaN,NaN,NaN,NaN,NaN,NaN,NaN,NaN,NaN,NaN,NaN,NaN,NaN,NaN,99.9125,76165.0,3934.0,99.9,64131.0,1201.0,99.89,52093.0,604.0,99.885,31995.0,655.0,99.88,37544.0,2140.0,99.87,44161.0,1298.0,99.87,29046.0,2293.0,99.87,36417.0,1448.0,99.865,36991.0,3246.0,99.865,17214.0,746.0,99.865,36874.0,400.0,99.87,14826.0,1122.0,99.865,16892.0,371.0,99.865,15480.0,52.0,99.86,4670.0,203.0,99.845,9311.0,149.0,99.835,8696.0,181.0,99.82,13640.0,193.0,99.81,2194.0,188.0,99.795,4343.0,14.0,99.77,3138.0,5.0,99.745,582.0,NaN,99.725,1291.0,NaN,99.69,318.0,NaN,99.65,99.62,99.56,99.51,99.475,99.4,99.375,99.305,99.22,99.16,99.1,99.01,NaN,NaN,NaN,NaN,NaN,NaN,NaN,NaN,NaN,NaN,NaN,NaN,NaN,NaN,NaN,NaN,NaN,NaN,NaN,NaN,NaN,NaN,NaN,NaN
2011-12-06,NaN,NaN,NaN,NaN,NaN,NaN,NaN,NaN,NaN,NaN,NaN,NaN,NaN,NaN,NaN,NaN,NaN,NaN,NaN,NaN,NaN,NaN,NaN,NaN,NaN,NaN,NaN,NaN,NaN,NaN,NaN,NaN,NaN,99.915,72693.0,6944.0,99.905,64815.0,3978.0,99.9,51759.0,5250.0,99.89,31765.0,2906.0,99.88,38851.0,2655.0,99.87,44171.0,932.0,99.87,29079.0,1132.0,99.87,36739.0,1532.0,99.865,37866.0,1286.0,99.865,17058.0,399.0,99.865,36815.0,251.0,99.865,14950.0,351.0,99.865,16896.0,183.0,99.865,15648.0,256.0,99.86,4786.0,433.0,99.845,9258.0,134.0,99.835,8695.0,7.0,99.82,13641.0,25.0,99.81,2196.0,15.0,99.795,4345.0,14.0,99.77,3136.0,12.0,99.745,582.0,NaN,99.725,1291.0,NaN,99.69,318.0,NaN,99.65,99.62,99.56,99.51,99.475,99.4,99.375,99.305,99.22,99.16,99.1,99.01,NaN,NaN,NaN,NaN,NaN,NaN,NaN,NaN,NaN,NaN,NaN,NaN,NaN,NaN,NaN,NaN,NaN,NaN,NaN,NaN,NaN,NaN,NaN,NaN
2011-12-07,NaN,NaN,NaN,NaN,NaN,NaN,NaN,NaN,NaN,NaN,NaN,NaN,NaN,NaN,NaN,NaN,NaN,NaN,NaN,NaN,NaN,NaN,NaN,NaN,NaN,NaN,NaN,NaN,NaN,NaN,NaN,NaN,NaN,99.915,72384.0,4099.0,99.905,65719.0,3671.0,99.9,53591.0,3541.0,99.89,32527.0,2550.0,99.88,39273.0,1650.0,99.87,45882.0,4125.0,99.87,28307.0,2598.0,99.87,36694.0,1600.0,99.865,38341.0,2207.0,99.865,17230.0,1413.0,99.865,36988.0,1512.0,99.865,14880.0,548.0,99.865,16949.0,250.0,99.86,16039.0,695.0,99.855,5143.0,891.0,99.845,9940.0,1366.0,99.84,9643.0,1575.0,99.83,13674.0,465.0,99.825,2195.0,34.0,99.81,4340.0,15.0,99.785,3130.0,33.0,99.76,581.0,21.0,99.74,1656.0,369.0,99.705,318.0,NaN,99.665,99.635,99.575,99.525,99.49,99.415,99.39,99.32,99.235,99.175,99.115,99.025,NaN,NaN,NaN,NaN,NaN,NaN,NaN,NaN,NaN,NaN,NaN,NaN,NaN,NaN,NaN,NaN,NaN,NaN,NaN,NaN,NaN,NaN,NaN,NaN
2011-12-08,NaN,NaN,NaN,NaN,NaN,NaN,NaN,NaN,NaN,NaN,NaN,NaN,NaN,NaN,NaN,NaN,NaN,NaN,NaN,NaN,NaN,NaN,NaN,NaN,NaN,NaN,NaN,NaN,NaN,NaN,NaN,NaN,NaN,99.9175,69249.0,6380.0,99.91,65609.0,2084.0,99.9,53998.0,994.0,99.89,32841.0,873.0,99.88,38489.0,1859.0,99.875,45368.0,1826.0,99.87,28348.0,898.0,99.87,36764.0,164.0,99.865,38891.0,1706.0,99.865,16860.0,1072.0,99.865,37740.0,1599.0,99.865,14878.0,993.0,99.865,16865.0,208.0,99.865,16465.0,885.0,99.86,5453.0,909.0,99.86,10017.0,409.0,99.855,9752.0,702.0,99.85,13724.0,499.0,99.845,2096.0,179.0,99.83,4340.0,56.0,99.805,3123.0,13.0,99.78,580.0,9.0,99.76,1656.0,11.0,99.725,320.0,4.0,99.685,99.655,99.595,99.545,99.51,99.435,99.41,99.34,99.255,99.195,99.135,99.045,NaN,NaN,NaN,NaN,NaN,NaN,NaN,NaN,NaN,NaN,NaN,NaN,NaN,NaN,NaN,NaN,NaN,NaN,NaN,NaN,NaN,NaN,NaN,NaN
2011-12-09,NaN,NaN,NaN,NaN,NaN,NaN,NaN,NaN,NaN,NaN,NaN,NaN,NaN,NaN,NaN,NaN,NaN,NaN,NaN,NaN,NaN,NaN,NaN,NaN,NaN,NaN,NaN,NaN,NaN,NaN,NaN,NaN,NaN,99.92,67507.0,4551.0,99.91,66924.0,2767.0,99.905,54623.0,1091.0,99.895,33506.0,1112.0,99.885,38389.0,650.0,99.875,45288.0,242.0,99.87,28160.0,569.0,99.87,36625.0,1182.0,99.865,39650.0,1915.0,99.865,16392.0,657.0,99.865,37680.0,541.0,99.865,14736.0,572.0,99.865,16886.0,355.0,99.865,17185.0,1156.0,99.86,5768.0,669.0,99.855,10160.0,292.0,99.85,9736.0,98.0,99.845,13730.0,14.0,99.84,2098.0,31.0,99.825,4340.0,7.0,99.8,3123.0,1.0,99.775,580.0,NaN,99.755,1659.0,26.0,99.725,376.0,196.0,99.695,99.665,99.605,99.555,99.52,99.445,99.42,99.35,99.265,99.205,99.145,99.055,NaN,NaN,NaN,NaN,NaN,NaN,NaN,NaN,NaN,NaN,NaN,NaN,NaN,NaN,NaN,NaN,NaN,NaN,NaN,NaN,NaN,NaN,NaN,NaN
2011-12-12,NaN,NaN,NaN,NaN,NaN,NaN,NaN,NaN,NaN,NaN,NaN,NaN,NaN,NaN,NaN,NaN,NaN,NaN,NaN,NaN,NaN,NaN,NaN,NaN,NaN,NaN,NaN,NaN,NaN,NaN,NaN,NaN,NaN,99.92,67564.0,623.0,99.91,67386.0,642.0,99.905,55233.0,1661.0,99.895,34407.0,1848.0,99.885,38228.0,449.0,99.875,45246.0,480.0,99.875,28279.0,845.0,99.87,36595.0,1103.0,99.865,40619.0,1464.0,99.865,16392.0,70.0,99.865,37581.0,148.0,99.865,14858.0,273.0,99.865,17005.0,307.0,99.865,17185.0,96.0,99.86,5765.0,80.0,99.855,10168.0,10.0,99.85,9736.0,4.0,99.845,13728.0,2.0,99.84,2106.0,12.0,99.825,4352.0,21.0,99.8,3130.0,39.0,99.775,591.0,51.0,99.755,1736.0,98.0,99.725,378.0,25.0,99.69,99.66,99.6,99.55,99.515,99.44,99.415,99.345,99.26,99.2,99.14,99.05,NaN,NaN,NaN,NaN,NaN,NaN,NaN,NaN,NaN,NaN,NaN,NaN,NaN,NaN,NaN,NaN,NaN,NaN,NaN,NaN,NaN,NaN,NaN,NaN
2011-12-13,NaN,NaN,NaN,NaN,NaN,NaN,NaN,NaN,NaN,NaN,NaN,NaN,NaN,NaN,NaN,NaN,NaN,NaN,NaN,NaN,NaN,NaN,NaN,NaN,NaN,NaN,NaN,NaN,NaN,NaN,NaN,NaN,NaN,99.9225,68323.0,1825.0,99.91,68486.0,1785.0,99.905,55908.0,2390.0,99.895,34924.0,1759.0,99.885,38840.0,1430.0,99.875,45100.0,196.0,99.875,28284.0,556.0,99.87,35982.0,1155.0,99.865,40812.0,1720.0,99.865,16302.0,208.0,99.865,37476.0,309.0,99.865,14755.0,134.0,99.865,16952.0,137.0,99.865,17174.0,28.0,99.86,5645.0,357.0,99.855,10050.0,163.0,99.85,9736.0,78.0,99.845,13727.0,26.0,99.84,2107.0,6.0,99.825,4352.0,22.0,99.8,3122.0,42.0,99.775,586.0,19.0,99.755,1732.0,6.0,99.725,376.0,2.0,99.69,99.66,99.6,99.55,99.515,99.44,99.415,99.345,99.26,99.2,99.14,99.05,NaN,NaN,NaN,NaN,NaN,NaN,NaN,NaN,NaN,NaN,NaN,NaN,NaN,NaN,NaN,NaN,NaN,NaN,NaN,NaN,NaN,NaN,NaN,NaN
2011-12-14,NaN,NaN,NaN,NaN,NaN,NaN,NaN,NaN,NaN,NaN,NaN,NaN,NaN,NaN,NaN,NaN,NaN,NaN,NaN,NaN,NaN,NaN,NaN,NaN,NaN,NaN,NaN,NaN,NaN,NaN,NaN,NaN,NaN,99.9225,67994.0,940.0,99.915,67099.0,4512.0,99.905,55991.0,2408.0,99.895,35345.0,787.0,99.885,39252.0,1528.0,99.875,45005.0,1116.0,99.875,28582.0,895.0,99.87,35943.0,1805.0,99.865,40203.0,1628.0,99.865,16264.0,451.0,99.86,37501.0,496.0,99.86,14700.0,341.0,99.865,16896.0,404.0,99.86,17263.0,331.0,99.855,5756.0,530.0,99.85,10117.0,218.0,99.845,9726.0,79.0,99.84,13713.0,27.0,99.835,2107.0,4.0,99.82,4352.0,21.0,99.795,3121.0,4.0,99.77,586.0,NaN,99.75,1732.0,NaN,99.72,376.0,NaN,99.685,99.655,99.595,99.545,99.51,99.435,99.41,99.34,99.255,99.195,99.135,99.045,NaN,NaN,NaN,NaN,NaN,NaN,NaN,NaN,NaN,NaN,NaN,NaN,NaN,NaN,NaN,NaN,NaN,NaN,NaN,NaN,NaN,NaN,NaN,NaN
2011-12-15,NaN,NaN,NaN,NaN,NaN,NaN,NaN,NaN,NaN,NaN,NaN,NaN,NaN,NaN,NaN,NaN,NaN,NaN,NaN,NaN,NaN,NaN,NaN,NaN,NaN,NaN,NaN,NaN,NaN,NaN,NaN,NaN,NaN,99.9225,68083.0,495.0,99.915,67134.0,380.0,99.905,55374.0,1401.0,99.895,35434.0,610.0,99.89,39473.0,680.0,99.88,45056.0,1220.0,99.875,27946.0,1668.0,99.87,35470.0,1131.0,99.865,39536.0,1321.0,99.865,16212.0,965.0,99.86,37638.0,451.0,99.86,14647.0,254.0,99.86,17108.0,245.0,99.86,17261.0,52.0,99.855,5726.0,505.0,99.85,10436.0,814.0,99.845,9790.0,935.0,99.84,13712.0,11.0,99.835,2126.0,39.0,99.82,4352.0,35.0,99.795,3131.0,10.0,99.77,586.0,NaN,99.75,1732.0,NaN,99.72,376.0,4.0,99.685,99.655,99.595,99.545,99.51,99.435,99.41,99.34,99.255,99.195,99.135,99.045,NaN,NaN,NaN,NaN,NaN,NaN,NaN,NaN,NaN,NaN,NaN,NaN,NaN,NaN,NaN,NaN,NaN,NaN,NaN,NaN,NaN,NaN,NaN,NaN
2011-12-16,NaN,NaN,NaN,NaN,NaN,NaN,NaN,NaN,NaN,NaN,NaN,NaN,NaN,NaN,NaN,NaN,NaN,NaN,NaN,NaN,NaN,NaN,NaN,NaN,NaN,NaN,NaN,NaN,NaN,NaN,NaN,NaN,NaN,99.925,67004.0,4312.0,99.92,66601.0,2696.0,99.91,56104.0,2250.0,99.895,34918.0,840.0,99.89,39242.0,1013.0,99.88,45481.0,1669.0,99.875,28026.0,1394.0,99.87,36041.0,2727.0,99.865,38913.0,1479.0,99.865,16357.0,818.0,99.86,37932.0,807.0,99.86,14423.0,458.0,99.86,17204.0,347.0,99.86,17358.0,128.0,99.855,5802.0,196.0,99.85,10496.0,129.0,99.845,9787.0,68.0,99.84,13727.0,26.0,99.835,2165.0,77.0,99.82,4372.0,90.0,99.795,3143.0,31.0,99.77,586.0,4.0,99.75,1732.0,5.0,99.72,375.0,2.0,99.685,99.655,99.595,99.545,99.51,99.435,99.41,99.34,99.255,99.195,99.135,99.045,NaN,NaN,NaN,NaN,NaN,NaN,NaN,NaN,NaN,NaN,NaN,NaN,NaN,NaN,NaN,NaN,NaN,NaN,NaN,NaN,NaN,NaN,NaN,NaN
2011-12-19,NaN,NaN,NaN,NaN,NaN,NaN,NaN,NaN,NaN,NaN,NaN,NaN,NaN,NaN,NaN,NaN,NaN,NaN,NaN,NaN,NaN,NaN,NaN,NaN,NaN,NaN,NaN,NaN,NaN,NaN,NaN,NaN,NaN,99.925,65991.0,1925.0,99.92,66219.0,1950.0,99.91,55735.0,798.0,99.9,35072.0,772.0,99.89,39056.0,380.0,99.88,45189.0,893.0,99.875,28234.0,786.0,99.87,36032.0,633.0,99.865,38671.0,438.0,99.86,16413.0,352.0,99.855,38000.0,256.0,99.855,14732.0,1054.0,99.855,17219.0,304.0,99.855,17386.0,420.0,99.85,5906.0,540.0,99.845,10513.0,66.0,99.845,9850.0,161.0,99.84,13770.0,100.0,99.835,2456.0,607.0,99.82,4656.0,637.0,99.795,3181.0,203.0,99.785,604.0,149.0,99.77,1764.0,206.0,99.75,455.0,146.0,99.73,99.705,99.66,99.635,99.605,99.55,99.525,99.47,99.395,99.35,99.3,99.215,NaN,NaN,NaN,NaN,NaN,NaN,NaN,NaN,NaN,NaN,NaN,NaN,NaN,NaN,NaN,NaN,NaN,NaN,NaN,NaN,NaN,NaN,NaN,NaN
2011-12-20,NaN,NaN,NaN,NaN,NaN,NaN,NaN,NaN,NaN,NaN,NaN,NaN,NaN,NaN,NaN,NaN,NaN,NaN,NaN,NaN,NaN,NaN,NaN,NaN,NaN,NaN,NaN,NaN,NaN,NaN,NaN,NaN,NaN,99.925,66188.0,206.0,99.92,67371.0,4329.0,99.91,54590.0,3316.0,99.9,34114.0,2947.0,99.89,38067.0,4062.0,99.88,44440.0,3521.0,99.875,28816.0,3012.0,99.87,36242.0,3331.0,99.865,37740.0,2662.0,99.86,16559.0,877.0,99.855,38045.0,308.0,99.855,14717.0,169.0,99.855,17281.0,643.0,99.855,15947.0,1755.0,99.845,5899.0,618.0,99.84,10146.0,551.0,99.835,9753.0,286.0,99.825,13937.0,322.0,99.82,2516.0,238.0,99.805,4676.0,366.0,99.78,3195.0,68.0,99.77,617.0,19.0,99.75,1758.0,10.0,99.73,454.0,1.0,99.705,99.68,99.635,99.6,99.57,99.51,99.485,99.43,99.355,99.31,99.26,99.175,NaN,NaN,NaN,NaN,NaN,NaN,NaN,NaN,NaN,NaN,NaN,NaN,NaN,NaN,NaN,NaN,NaN,NaN,NaN,NaN,NaN,NaN,NaN,NaN
2011-12-21,NaN,NaN,NaN,NaN,NaN,NaN,NaN,NaN,NaN,NaN,NaN,NaN,NaN,NaN,NaN,NaN,NaN,NaN,NaN,NaN,NaN,NaN,NaN,NaN,NaN,NaN,NaN,NaN,NaN,NaN,NaN,NaN,NaN,99.9275,66613.0,3457.0,99.92,67751.0,704.0,99.91,54726.0,548.0,99.9,34338.0,577.0,99.89,37935.0,255.0,99.88,44093.0,440.0,99.875,29021.0,1328.0,99.87,35635.0,1489.0,99.865,37201.0,1167.0,99.86,16763.0,815.0,99.855,37928.0,337.0,99.855,14273.0,769.0,99.85,17165.0,386.0,99.845,16047.0,357.0,99.835,6067.0,933.0,99.83,8872.0,1669.0,99.825,9653.0,297.0,99.82,14429.0,873.0,99.815,3494.0,1293.0,99.8,4866.0,1023.0,99.775,2879.0,529.0,99.765,688.0,121.0,99.745,1766.0,141.0,99.725,497.0,140.0,99.705,99.685,99.64,99.605,99.58,99.52,99.495,99.44,99.365,99.32,99.27,99.185,NaN,NaN,NaN,NaN,NaN,NaN,NaN,NaN,NaN,NaN,NaN,NaN,NaN,NaN,NaN,NaN,NaN,NaN,NaN,NaN,NaN,NaN,NaN,NaN
2011-12-22,NaN,NaN,NaN,NaN,NaN,NaN,NaN,NaN,NaN,NaN,NaN,NaN,NaN,NaN,NaN,NaN,NaN,NaN,NaN,NaN,NaN,NaN,NaN,NaN,NaN,NaN,NaN,NaN,NaN,NaN,NaN,NaN,NaN,99.9275,67625.0,2751.0,99.92,68794.0,3026.0,99.91,54732.0,215.0,99.9,34477.0,414.0,99.89,37715.0,437.0,99.88,43852.0,328.0,99.875,29454.0,850.0,99.87,35012.0,2030.0,99.865,36865.0,1711.0,99.86,16883.0,497.0,99.855,37867.0,207.0,99.855,14289.0,335.0,99.85,16902.0,1330.0,99.845,15506.0,1448.0,99.835,6112.0,829.0,99.83,8729.0,665.0,99.82,9571.0,881.0,99.805,16442.0,2840.0,99.8,4789.0,2083.0,99.785,4869.0,344.0,99.76,2819.0,109.0,99.75,714.0,79.0,99.73,1828.0,160.0,99.71,379.0,129.0,99.685,99.665,99.62,99.585,99.56,99.495,99.47,99.415,99.34,99.295,99.245,99.16,NaN,NaN,NaN,NaN,NaN,NaN,NaN,NaN,NaN,NaN,NaN,NaN,NaN,NaN,NaN,NaN,NaN,NaN,NaN,NaN,NaN,NaN,NaN,NaN
2011-12-23,NaN,NaN,NaN,NaN,NaN,NaN,NaN,NaN,NaN,NaN,NaN,NaN,NaN,NaN,NaN,NaN,NaN,NaN,NaN,NaN,NaN,NaN,NaN,NaN,NaN,NaN,NaN,NaN,NaN,NaN,NaN,NaN,NaN,99.9275,68785.0,1587.0,99.92,69425.0,714.0,99.91,55226.0,794.0,99.905,34992.0,1346.0,99.895,37640.0,423.0,99.88,43326.0,1195.0,99.88,29585.0,448.0,99.87,35397.0,1773.0,99.865,37194.0,1430.0,99.86,16868.0,147.0,99.855,37831.0,199.0,99.855,14331.0,191.0,99.85,17026.0,560.0,99.845,15372.0,415.0,99.83,6217.0,456.0,99.825,8611.0,367.0,99.815,9656.0,191.0,99.8,17245.0,1326.0,99.795,4997.0,845.0,99.78,5124.0,601.0,99.755,3278.0,675.0,99.73,720.0,32.0,99.71,1825.0,112.0,99.68,364.0,37.0,99.655,99.635,99.59,99.55,99.52,99.45,99.42,99.365,99.28,99.225,99.175,99.085,NaN,NaN,NaN,NaN,NaN,NaN,NaN,NaN,NaN,NaN,NaN,NaN,NaN,NaN,NaN,NaN,NaN,NaN,NaN,NaN,NaN,NaN,NaN,NaN
2011-12-27,NaN,NaN,NaN,NaN,NaN,NaN,NaN,NaN,NaN,NaN,NaN,NaN,NaN,NaN,NaN,NaN,NaN,NaN,NaN,NaN,NaN,NaN,NaN,NaN,NaN,NaN,NaN,NaN,NaN,NaN,NaN,NaN,NaN,99.9275,69561.0,1495.0,99.92,69442.0,152.0,99.91,55275.0,79.0,99.905,34946.0,139.0,99.895,37603.0,98.0,99.88,43299.0,58.0,99.88,29672.0,175.0,99.87,35268.0,441.0,99.86,37008.0,1010.0,99.86,17429.0,2296.0,99.855,38289.0,1319.0,99.85,14300.0,85.0,99.845,17031.0,127.0,99.84,15372.0,99.0,99.825,6231.0,69.0,99.82,8619.0,105.0,99.81,9679.0,108.0,99.795,17315.0,229.0,99.79,4980.0,259.0,99.775,5132.0,73.0,99.75,3278.0,22.0,99.725,719.0,3.0,99.705,1824.0,8.0,99.675,360.0,7.0,99.645,99.625,99.58,99.54,99.505,99.435,99.405,99.35,99.265,99.21,99.16,99.08,NaN,NaN,NaN,NaN,NaN,NaN,NaN,NaN,NaN,NaN,NaN,NaN,NaN,NaN,NaN,NaN,NaN,NaN,NaN,NaN,NaN,NaN,NaN,NaN
2011-12-28,NaN,NaN,NaN,NaN,NaN,NaN,NaN,NaN,NaN,NaN,NaN,NaN,NaN,NaN,NaN,NaN,NaN,NaN,NaN,NaN,NaN,NaN,NaN,NaN,NaN,NaN,NaN,NaN,NaN,NaN,NaN,NaN,NaN,99.9275,69030.0,826.0,99.92,69239.0,1445.0,99.91,55194.0,685.0,99.905,34757.0,873.0,99.9,37275.0,809.0,99.885,43390.0,1414.0,99.88,29436.0,1047.0,99.87,35080.0,1024.0,99.86,36841.0,1096.0,99.86,17290.0,844.0,99.85,37951.0,1073.0,99.85,14300.0,2.0,99.845,17058.0,850.0,99.84,15417.0,118.0,99.825,6182.0,128.0,99.82,8616.0,98.0,99.81,9621.0,90.0,99.8,17316.0,83.0,99.795,5075.0,122.0,99.78,5067.0,126.0,99.755,3220.0,104.0,99.73,739.0,28.0,99.71,1841.0,43.0,99.68,360.0,10.0,99.655,99.64,99.595,99.555,99.52,99.475,99.445,99.395,99.32,99.265,99.225,99.15,NaN,NaN,NaN,NaN,NaN,NaN,NaN,NaN,NaN,NaN,NaN,NaN,NaN,NaN,NaN,NaN,NaN,NaN,NaN,NaN,NaN,NaN,NaN,NaN
2011-12-29,NaN,NaN,NaN,NaN,NaN,NaN,NaN,NaN,NaN,NaN,NaN,NaN,NaN,NaN,NaN,NaN,NaN,NaN,NaN,NaN,NaN,NaN,NaN,NaN,NaN,NaN,NaN,NaN,NaN,NaN,NaN,NaN,NaN,99.9275,68219.0,1053.0,99.92,69273.0,1646.0,99.91,55493.0,2811.0,99.905,34657.0,1087.0,99.9,36803.0,1444.0,99.885,43386.0,1049.0,99.88,29605.0,895.0,99.87,34502.0,973.0,99.86,36677.0,1142.0,99.86,17236.0,624.0,99.85,38128.0,881.0,99.85,14128.0,885.0,99.845,16706.0,1026.0,99.84,15622.0,319.0,99.825,6191.0,151.0,99.82,8571.0,73.0,99.81,9620.0,68.0,99.805,17309.0,24.0,99.8,5088.0,24.0,99.785,5067.0,6.0,99.76,3210.0,17.0,99.735,839.0,103.0,99.72,1844.0,3.0,99.695,360.0,6.0,99.675,99.66,99.615,99.58,99.545,99.5,99.47,99.42,99.345,99.29,99.25,99.18,NaN,NaN,NaN,NaN,NaN,NaN,NaN,NaN,NaN,NaN,NaN,NaN,NaN,NaN,NaN,NaN,NaN,NaN,NaN,NaN,NaN,NaN,NaN,NaN
2011-12-30,NaN,NaN,NaN,NaN,NaN,NaN,NaN,NaN,NaN,NaN,NaN,NaN,NaN,NaN,NaN,NaN,NaN,NaN,NaN,NaN,NaN,NaN,NaN,NaN,NaN,NaN,NaN,NaN,NaN,NaN,NaN,NaN,NaN,99.9275,NaN,6541.0,99.92,68360.0,3738.0,99.915,55176.0,761.0,99.91,34835.0,1805.0,99.905,36495.0,1011.0,99.895,43615.0,1761.0,99.89,30120.0,1764.0,99.88,35252.0,2765.0,99.87,36565.0,2972.0,99.865,16593.0,2355.0,99.855,38936.0,3558.0,99.855,14177.0,2016.0,99.855,16865.0,1327.0,99.855,15756.0,492.0,99.845,6029.0,556.0,99.84,8739.0,588.0,99.83,9737.0,862.0,99.83,17849.0,890.0,99.83,5771.0,2191.0,99.815,5914.0,1436.0,99.795,3778.0,695.0,99.775,909.0,72.0,99.76,1846.0,29.0,99.735,421.0,80.0,99.715,99.7,99.655,99.62,99.585,99.54,99.51,99.46,99.39,99.335,99.295,99.225,NaN,NaN,NaN,NaN,NaN,NaN,NaN,NaN,NaN,NaN,NaN,NaN,NaN,NaN,NaN,NaN,NaN,NaN,NaN,NaN,NaN,NaN,NaN,NaN
