date,FFF16 Comdty|PX_LAST,FFF16 Comdty|OPEN_INT,FFF16 Comdty|PX_VOLUME,FFG16 Comdty|PX_LAST,FFG16 Comdty|OPEN_INT,FFG16 Comdty|PX_VOLUME,FFH16 Comdty|PX_LAST,FFH16 Comdty|OPEN_INT,FFH16 Comdty|PX_VOLUME,FFJ16 Comdty|PX_LAST,FFJ16 Comdty|OPEN_INT,FFJ16 Comdty|PX_VOLUME,FFK16 Comdty|PX_LAST,FFK16 Comdty|OPEN_INT,FFK16 Comdty|PX_VOLUME,FFM16 Comdty|PX_LAST,FFM16 Comdty|OPEN_INT,FFM16 Comdty|PX_VOLUME,FFN16 Comdty|PX_LAST,FFN16 Comdty|OPEN_INT,FFN16 Comdty|PX_VOLUME,FFQ16 Comdty|PX_LAST,FFQ16 Comdty|OPEN_INT,FFQ16 Comdty|PX_VOLUME,FFU16 Comdty|PX_LAST,FFU16 Comdty|OPEN_INT,FFU16 Comdty|PX_VOLUME,FFV16 Comdty|PX_LAST,FFV16 Comdty|OPEN_INT,FFV16 Comdty|PX_VOLUME,FFX16 Comdty|PX_LAST,FFX16 Comdty|OPEN_INT,FFX16 Comdty|PX_VOLUME,FFZ16 Comdty|PX_LAST,FFZ16 Comdty|OPEN_INT,FFZ16 Comdty|PX_VOLUME,FFF17 Comdty|PX_LAST,FFF17 Comdty|OPEN_INT,FFF17 Comdty|PX_VOLUME,FFG17 Comdty|PX_LAST,FFG17 Comdty|OPEN_INT,FFG17 Comdty|PX_VOLUME,FFH17 Comdty|PX_LAST,FFH17 Comdty|OPEN_INT,FFH17 Comdty|PX_VOLUME,FFJ17 Comdty|PX_LAST,FFJ17 Comdty|OPEN_INT,FFJ17 Comdty|PX_VOLUME,FFK17 Comdty|PX_LAST,FFK17 Comdty|OPEN_INT,FFK17 Comdty|PX_VOLUME,FFM17 Comdty|PX_LAST,FFM17 Comdty|OPEN_INT,FFM17 Comdty|PX_VOLUME,FFN17 Comdty|PX_LAST,FFN17 Comdty|OPEN_INT,FFN17 Comdty|PX_VOLUME,FFQ17 Comdty|PX_LAST,FFQ17 Comdty|OPEN_INT,FFQ17 Comdty|PX_VOLUME,FFU17 Comdty|PX_LAST,FFU17 Comdty|OPEN_INT,FFU17 Comdty|PX_VOLUME,FFV17 Comdty|PX_LAST,FFV17 Comdty|OPEN_INT,FFV17 Comdty|PX_VOLUME,FFX17 Comdty|PX_LAST,FFX17 Comdty|OPEN_INT,FFX17 Comdty|PX_VOLUME,FFZ17 Comdty|PX_LAST,FFZ17 Comdty|OPEN_INT,FFZ17 Comdty|PX_VOLUME,FFF18 Comdty|PX_LAST,FFF18 Comdty|OPEN_INT,FFF18 Comdty|PX_VOLUME,FFG18 Comdty|PX_LAST,FFG18 Comdty|OPEN_INT,FFG18 Comdty|PX_VOLUME,FFH18 Comdty|PX_LAST,FFH18 Comdty|OPEN_INT,FFH18 Comdty|PX_VOLUME,FFJ18 Comdty|PX_LAST,FFJ18 Comdty|OPEN_INT,FFJ18 Comdty|PX_VOLUME,FFK18 Comdty|PX_LAST,FFK18 Comdty|OPEN_INT,FFK18 Comdty|PX_VOLUME,FFM18 Comdty|PX_LAST,FFM18 Comdty|OPEN_INT,FFM18 Comdty|PX_VOLUME,FFN18 Comdty|PX_LAST,FFN18 Comdty|OPEN_INT,FFN18 Comdty|PX_VOLUME,FFQ18 Comdty|PX_LAST,FFQ18 Comdty|OPEN_INT,FFQ18 Comdty|PX_VOLUME,FFU18 Comdty|PX_LAST,FFU18 Comdty|OPEN_INT,FFU18 Comdty|PX_VOLUME,FFV18 Comdty|PX_LAST,FFV18 Comdty|OPEN_INT,FFV18 Comdty|PX_VOLUME,FFX18 Comdty|PX_LAST,FFX18 Comdty|OPEN_INT,FFX18 Comdty|PX_VOLUME,FFZ18 Comdty|PX_LAST,FFF19 Comdty|PX_LAST,FFG19 Comdty|PX_LAST,FFH19 Comdty|PX_LAST,FFJ19 Comdty|PX_LAST,FFK19 Comdty|PX_LAST,FFM19 Comdty|PX_LAST,FFN19 Comdty|PX_LAST,FFQ19 Comdty|PX_LAST,FFU19 Comdty|PX_LAST,FFV19 Comdty|PX_LAST,FFX19 Comdty|PX_LAST,FFZ19 Comdty|PX_LAST,FFF20 Comdty|PX_LAST,FFG20 Comdty|PX_LAST,FFH20 Comdty|PX_LAST,FFJ20 Comdty|PX_LAST,FFK20 Comdty|PX_LAST,FFM20 Comdty|PX_LAST,FFN20 Comdty|PX_LAST,FFQ20 Comdty|PX_LAST,FFU20 Comdty|PX_LAST,FFV20 Comdty|PX_LAST,FFX20 Comdty|PX_LAST,FFZ20 Comdty|PX_LAST,FFF21 Comdty|PX_LAST,FFG21 Comdty|PX_LAST,FFH21 Comdty|PX_LAST,FFJ21 Comdty|PX_LAST,FFK21 Comdty|PX_LAST,FFM21 Comdty|PX_LAST,FFN21 Comdty|PX_LAST,FFQ21 Comdty|PX_LAST,FFU21 Comdty|PX_LAST,FFV21 Comdty|PX_LAST,FFX21 Comdty|PX_LAST
2016-01-04,99.665,174473.0,5778.0,99.645,153838.0,19831.0,99.575,35641.0,3386.0,99.51,85744.0,9574.0,99.475,59816.0,8007.0,99.425,23384.0,4541.0,99.37,49209.0,3242.0,99.33,31152.0,1310.0,99.3,12055.0,963.0,99.24,15429.0,1053.0,99.185,9983.0,539.0,99.125,14640.0,839.0,99.09,6680.0,799.0,99.02,2976.0,71.0,98.98,4288.0,167.0,98.935,1307.0,33.0,98.88,1783.0,65.0,98.84,2450.0,103.0,98.81,629.0,21.0,98.755,398.0,48.0,98.715,263.0,22.0,98.69,113.0,NaN,98.635,43.0,NaN,98.605,77.0,NaN,98.565,228.0,77.0,98.535,40.0,3.0,98.51,1.0,1.0,98.48,NaN,NaN,98.455,NaN,NaN,98.435,NaN,NaN,98.405,NaN,NaN,98.37,NaN,NaN,98.35,NaN,NaN,98.32,NaN,NaN,98.305,NaN,NaN,98.285,NaN,NaN,NaN,NaN,NaN,NaN,NaN,NaN,NaN,NaN,NaN,NaN,NaN,NaN,NaN,NaN,NaN,NaN,NaN,NaN,NaN,NaN,NaN,NaN,NaN,NaN,NaN,NaN,NaN,NaN,NaN,NaN,NaN,NaN,NaN
2016-01-05,99.665,170644.0,11397.0,99.645,154207.0,11726.0,99.58,37237.0,6655.0,99.51,88081.0,5754.0,99.48,60627.0,2624.0,99.43,23487.0,1588.0,99.375,49674.0,2644.0,99.34,31656.0,1086.0,99.305,12289.0,960.0,99.25,15907.0,1532.0,99.195,10019.0,797.0,99.135,14686.0,3636.0,99.1,6872.0,423.0,99.035,2961.0,62.0,98.995,4257.0,81.0,98.945,1324.0,77.0,98.895,1777.0,31.0,98.855,2501.0,51.0,98.83,669.0,55.0,98.775,432.0,39.0,98.735,274.0,11.0,98.71,113.0,4.0,98.66,49.0,6.0,98.63,77.0,NaN,98.595,234.0,6.0,98.565,43.0,3.0,98.535,1.0,NaN,98.51,NaN,NaN,98.485,NaN,NaN,98.46,NaN,NaN,98.435,NaN,NaN,98.405,NaN,NaN,98.385,NaN,NaN,98.35,NaN,NaN,98.335,NaN,NaN,98.32,NaN,NaN,NaN,NaN,NaN,NaN,NaN,NaN,NaN,NaN,NaN,NaN,NaN,NaN,NaN,NaN,NaN,NaN,NaN,NaN,NaN,NaN,NaN,NaN,NaN,NaN,NaN,NaN,NaN,NaN,NaN,NaN,NaN,NaN,NaN
2016-01-06,99.665,169493.0,9605.0,99.645,153265.0,20156.0,99.585,36616.0,6584.0,99.53,89397.0,18095.0,99.5,64233.0,12808.0,99.455,24319.0,6713.0,99.405,53487.0,8803.0,99.375,31502.0,2603.0,99.345,12339.0,995.0,99.295,16765.0,2846.0,99.245,10801.0,1867.0,99.19,15859.0,5308.0,99.155,11768.0,6819.0,99.095,3151.0,699.0,99.055,4285.0,667.0,99.015,1352.0,152.0,98.965,1785.0,77.0,98.925,2513.0,12.0,98.9,675.0,17.0,98.85,434.0,2.0,98.81,289.0,17.0,98.79,113.0,NaN,98.74,49.0,4.0,98.71,77.0,NaN,98.67,234.0,NaN,98.64,55.0,12.0,98.62,1.0,NaN,98.595,NaN,NaN,98.575,NaN,NaN,98.55,NaN,NaN,98.525,NaN,NaN,98.495,NaN,NaN,98.475,NaN,NaN,98.445,NaN,NaN,98.43,NaN,NaN,98.415,NaN,NaN,NaN,NaN,NaN,NaN,NaN,NaN,NaN,NaN,NaN,NaN,NaN,NaN,NaN,NaN,NaN,NaN,NaN,NaN,NaN,NaN,NaN,NaN,NaN,NaN,NaN,NaN,NaN,NaN,NaN,NaN,NaN,NaN,NaN
2016-01-07,99.665,171749.0,9313.0,99.645,155254.0,30824.0,99.595,37426.0,12532.0,99.55,88037.0,60423.0,99.52,69767.0,24367.0,99.48,25209.0,8728.0,99.44,51307.0,16466.0,99.41,32509.0,6084.0,99.385,12649.0,2514.0,99.335,19670.0,6471.0,99.295,10716.0,1420.0,99.24,16269.0,2848.0,99.205,19688.0,13185.0,99.155,3906.0,1752.0,99.115,3984.0,544.0,99.075,1377.0,181.0,99.025,1849.0,165.0,98.99,2718.0,237.0,98.965,630.0,68.0,98.91,434.0,21.0,98.875,303.0,16.0,98.85,113.0,NaN,98.8,49.0,NaN,98.775,77.0,NaN,98.735,276.0,42.0,98.705,55.0,NaN,98.68,1.0,NaN,98.655,NaN,NaN,98.63,NaN,NaN,98.61,NaN,NaN,98.58,NaN,NaN,98.55,NaN,NaN,98.53,NaN,NaN,98.505,NaN,NaN,98.48,NaN,NaN,98.46,NaN,NaN,NaN,NaN,NaN,NaN,NaN,NaN,NaN,NaN,NaN,NaN,NaN,NaN,NaN,NaN,NaN,NaN,NaN,NaN,NaN,NaN,NaN,NaN,NaN,NaN,NaN,NaN,NaN,NaN,NaN,NaN,NaN,NaN,NaN
2016-01-08,99.665,170977.0,3631.0,99.645,152737.0,17631.0,99.59,37584.0,11725.0,99.535,94334.0,53237.0,99.51,72634.0,15846.0,99.47,25425.0,5349.0,99.43,50397.0,17873.0,99.4,32831.0,3547.0,99.38,12588.0,1441.0,99.33,21996.0,5243.0,99.29,11782.0,2783.0,99.245,16426.0,2262.0,99.215,22653.0,5828.0,99.165,3873.0,539.0,99.13,4190.0,602.0,99.095,1525.0,215.0,99.055,1953.0,180.0,99.02,2838.0,187.0,99.0,627.0,40.0,98.95,433.0,1.0,98.915,314.0,22.0,98.9,113.0,NaN,98.855,49.0,2.0,98.83,77.0,NaN,98.795,280.0,4.0,98.765,55.0,NaN,98.74,1.0,NaN,98.715,NaN,NaN,98.695,NaN,NaN,98.67,NaN,NaN,98.645,NaN,NaN,98.61,NaN,NaN,98.595,NaN,NaN,98.57,NaN,NaN,98.55,NaN,NaN,98.53,NaN,NaN,NaN,NaN,NaN,NaN,NaN,NaN,NaN,NaN,NaN,NaN,NaN,NaN,NaN,NaN,NaN,NaN,NaN,NaN,NaN,NaN,NaN,NaN,NaN,NaN,NaN,NaN,NaN,NaN,NaN,NaN,NaN,NaN,NaN
2016-01-11,99.665,170532.0,2635.0,99.645,147446.0,21674.0,99.595,35365.0,7403.0,99.54,92965.0,26255.0,99.52,73885.0,10869.0,99.48,25662.0,1289.0,99.44,50516.0,8624.0,99.415,32867.0,5029.0,99.395,12495.0,1200.0,99.35,23802.0,5030.0,99.315,11877.0,1417.0,99.27,16444.0,2638.0,99.235,25125.0,3687.0,99.2,3964.0,952.0,99.165,5479.0,2590.0,99.135,2208.0,1791.0,99.1,5031.0,3559.0,99.065,3409.0,740.0,99.045,623.0,116.0,98.995,438.0,5.0,98.96,579.0,285.0,98.94,100.0,13.0,98.9,82.0,35.0,98.865,77.0,1.0,98.83,332.0,52.0,98.8,24.0,31.0,98.775,1.0,1.0,98.75,NaN,1.0,98.725,NaN,1.0,98.695,NaN,1.0,98.67,NaN,1.0,98.635,NaN,1.0,98.62,NaN,1.0,98.595,NaN,1.0,98.565,NaN,1.0,98.55,NaN,NaN,NaN,NaN,NaN,NaN,NaN,NaN,NaN,NaN,NaN,NaN,NaN,NaN,NaN,NaN,NaN,NaN,NaN,NaN,NaN,NaN,NaN,NaN,NaN,NaN,NaN,NaN,NaN,NaN,NaN,NaN,NaN,NaN,NaN
2016-01-12,99.665,170310.0,365.0,99.645,137022.0,18116.0,99.595,36570.0,5194.0,99.545,98352.0,27727.0,99.52,78239.0,19179.0,99.48,25599.0,4525.0,99.445,50636.0,8436.0,99.425,33460.0,3876.0,99.405,13271.0,1600.0,99.365,23796.0,3097.0,99.335,12578.0,1474.0,99.29,15754.0,3429.0,99.26,27428.0,4510.0,99.23,6698.0,4056.0,99.195,5682.0,810.0,99.165,2327.0,432.0,99.13,5021.0,236.0,99.095,3581.0,232.0,99.075,582.0,205.0,99.03,438.0,8.0,99.0,587.0,15.0,98.975,102.0,12.0,98.935,92.0,10.0,98.905,77.0,NaN,98.87,331.0,1.0,98.84,27.0,51.0,98.815,1.0,NaN,98.79,NaN,NaN,98.765,NaN,NaN,98.74,NaN,NaN,98.715,NaN,NaN,98.68,NaN,NaN,98.66,NaN,NaN,98.635,NaN,NaN,98.61,NaN,NaN,98.595,NaN,NaN,NaN,NaN,NaN,NaN,NaN,NaN,NaN,NaN,NaN,NaN,NaN,NaN,NaN,NaN,NaN,NaN,NaN,NaN,NaN,NaN,NaN,NaN,NaN,NaN,NaN,NaN,NaN,NaN,NaN,NaN,NaN,NaN,NaN
2016-01-13,99.665,170017.0,1164.0,99.645,137704.0,14457.0,99.595,36121.0,5926.0,99.545,101958.0,20309.0,99.52,82371.0,14089.0,99.48,25514.0,4097.0,99.45,49031.0,17329.0,99.425,33737.0,10476.0,99.405,15876.0,5240.0,99.365,24428.0,2736.0,99.335,12577.0,1133.0,99.295,15582.0,4293.0,99.265,28225.0,2666.0,99.23,8783.0,3395.0,99.2,5628.0,813.0,99.175,2729.0,1191.0,99.14,5635.0,867.0,99.105,3617.0,475.0,99.085,712.0,343.0,99.04,429.0,21.0,99.015,587.0,NaN,98.995,102.0,NaN,98.955,94.0,2.0,98.925,69.0,8.0,98.89,307.0,24.0,98.865,43.0,16.0,98.835,1.0,NaN,98.81,NaN,NaN,98.79,NaN,NaN,98.76,NaN,NaN,98.735,NaN,NaN,98.695,NaN,NaN,98.68,NaN,NaN,98.655,NaN,NaN,98.63,NaN,NaN,98.615,NaN,NaN,NaN,NaN,NaN,NaN,NaN,NaN,NaN,NaN,NaN,NaN,NaN,NaN,NaN,NaN,NaN,NaN,NaN,NaN,NaN,NaN,NaN,NaN,NaN,NaN,NaN,NaN,NaN,NaN,NaN,NaN,NaN,NaN,NaN
2016-01-14,99.665,169805.0,2044.0,99.645,133683.0,19225.0,99.6,35619.0,8142.0,99.555,108549.0,29726.0,99.53,81544.0,8033.0,99.495,25373.0,3321.0,99.465,48575.0,9402.0,99.44,34554.0,5288.0,99.425,16333.0,2695.0,99.385,27037.0,5961.0,99.355,12712.0,597.0,99.315,15462.0,1210.0,99.285,29663.0,3032.0,99.255,8807.0,301.0,99.225,5658.0,331.0,99.195,2776.0,233.0,99.165,5785.0,264.0,99.13,3624.0,80.0,99.11,865.0,347.0,99.07,441.0,25.0,99.035,587.0,12.0,99.015,103.0,1.0,98.975,125.0,31.0,98.945,63.0,6.0,98.905,229.0,78.0,98.885,49.0,6.0,98.85,1.0,NaN,98.825,NaN,NaN,98.8,NaN,NaN,98.775,NaN,NaN,98.745,NaN,NaN,98.71,NaN,NaN,98.69,NaN,NaN,98.665,NaN,NaN,98.64,NaN,NaN,98.615,NaN,NaN,NaN,NaN,NaN,NaN,NaN,NaN,NaN,NaN,NaN,NaN,NaN,NaN,NaN,NaN,NaN,NaN,NaN,NaN,NaN,NaN,NaN,NaN,NaN,NaN,NaN,NaN,NaN,NaN,NaN,NaN,NaN,NaN,NaN
2016-01-15,99.665,169445.0,7554.0,99.645,128920.0,32610.0,99.61,47764.0,28704.0,99.57,104534.0,73676.0,99.555,85562.0,33744.0,99.53,26226.0,7045.0,99.505,50264.0,19014.0,99.49,35556.0,8430.0,99.475,16425.0,3645.0,99.445,27871.0,4360.0,99.42,12762.0,1305.0,99.385,14781.0,5569.0,99.365,28294.0,10365.0,99.335,8775.0,1030.0,99.31,5815.0,1383.0,99.28,2754.0,505.0,99.25,5896.0,320.0,99.22,3403.0,371.0,99.2,1045.0,393.0,99.16,514.0,111.0,99.135,587.0,2.0,99.115,123.0,20.0,99.07,124.0,1.0,99.045,62.0,2.0,99.02,105.0,124.0,98.99,57.0,8.0,98.96,1.0,NaN,98.935,NaN,NaN,98.91,NaN,NaN,98.885,NaN,NaN,98.855,NaN,NaN,98.82,NaN,NaN,98.8,NaN,NaN,98.775,NaN,NaN,98.75,NaN,NaN,98.725,NaN,NaN,NaN,NaN,NaN,NaN,NaN,NaN,NaN,NaN,NaN,NaN,NaN,NaN,NaN,NaN,NaN,NaN,NaN,NaN,NaN,NaN,NaN,NaN,NaN,NaN,NaN,NaN,NaN,NaN,NaN,NaN,NaN,NaN,NaN
2016-01-19,99.665,169073.0,2656.0,99.645,126539.0,8679.0,99.605,47768.0,4350.0,99.56,106827.0,20359.0,99.545,86633.0,12026.0,99.515,26374.0,3025.0,99.485,50682.0,11014.0,99.47,38157.0,6160.0,99.455,16401.0,1292.0,99.425,28306.0,2764.0,99.4,12697.0,993.0,99.37,14614.0,1116.0,99.345,28195.0,1081.0,99.315,8807.0,368.0,99.29,5733.0,194.0,99.265,2755.0,102.0,99.235,5912.0,83.0,99.2,3418.0,15.0,99.185,1045.0,2.0,99.15,514.0,NaN,99.115,587.0,NaN,99.1,123.0,NaN,99.055,124.0,NaN,99.025,57.0,5.0,98.99,96.0,9.0,98.965,70.0,13.0,98.935,1.0,NaN,98.905,NaN,NaN,98.885,NaN,NaN,98.855,NaN,NaN,98.825,NaN,NaN,98.79,NaN,NaN,98.765,NaN,NaN,98.74,NaN,NaN,98.71,NaN,NaN,98.69,NaN,NaN,NaN,NaN,NaN,NaN,NaN,NaN,NaN,NaN,NaN,NaN,NaN,NaN,NaN,NaN,NaN,NaN,NaN,NaN,NaN,NaN,NaN,NaN,NaN,NaN,NaN,NaN,NaN,NaN,NaN,NaN,NaN,NaN,NaN
2016-01-20,99.665,168639.0,2974.0,99.645,126032.0,11865.0,99.615,51882.0,11865.0,99.58,117179.0,46523.0,99.565,90298.0,17807.0,99.54,26451.0,4087.0,99.52,56386.0,19317.0,99.5,39965.0,8986.0,99.495,18476.0,5132.0,99.465,28653.0,4063.0,99.445,12950.0,1504.0,99.415,15730.0,3290.0,99.39,29784.0,7829.0,99.365,9304.0,1582.0,99.335,7838.0,3510.0,99.31,3050.0,933.0,99.285,6011.0,297.0,99.255,3420.0,391.0,99.235,1198.0,348.0,99.2,633.0,148.0,99.17,587.0,NaN,99.15,123.0,NaN,99.11,121.0,3.0,99.075,69.0,22.0,99.05,59.0,37.0,99.015,87.0,17.0,98.985,1.0,NaN,98.955,NaN,NaN,98.935,NaN,NaN,98.9,NaN,NaN,98.87,NaN,NaN,98.84,NaN,NaN,98.815,NaN,NaN,98.785,NaN,NaN,98.76,NaN,NaN,98.735,NaN,NaN,NaN,NaN,NaN,NaN,NaN,NaN,NaN,NaN,NaN,NaN,NaN,NaN,NaN,NaN,NaN,NaN,NaN,NaN,NaN,NaN,NaN,NaN,NaN,NaN,NaN,NaN,NaN,NaN,NaN,NaN,NaN,NaN,NaN
2016-01-21,99.6625,162817.0,21884.0,99.645,124293.0,15036.0,99.615,52155.0,9208.0,99.585,121361.0,34749.0,99.57,86294.0,18959.0,99.545,26608.0,4609.0,99.52,55108.0,10181.0,99.505,39529.0,2487.0,99.495,18510.0,1167.0,99.465,28326.0,2057.0,99.44,13120.0,1022.0,99.405,15793.0,1261.0,99.38,29901.0,1155.0,99.35,9303.0,247.0,99.325,8402.0,572.0,99.295,3146.0,212.0,99.265,6094.0,145.0,99.23,3484.0,241.0,99.21,1177.0,34.0,99.175,634.0,1.0,99.145,587.0,NaN,99.125,124.0,1.0,99.085,122.0,1.0,99.05,69.0,NaN,99.015,59.0,NaN,98.985,87.0,NaN,98.955,1.0,NaN,98.93,NaN,NaN,98.905,NaN,NaN,98.87,NaN,NaN,98.84,NaN,NaN,98.805,NaN,NaN,98.785,NaN,NaN,98.755,NaN,NaN,98.725,NaN,NaN,98.7,NaN,NaN,NaN,NaN,NaN,NaN,NaN,NaN,NaN,NaN,NaN,NaN,NaN,NaN,NaN,NaN,NaN,NaN,NaN,NaN,NaN,NaN,NaN,NaN,NaN,NaN,NaN,NaN,NaN,NaN,NaN,NaN,NaN,NaN,NaN
2016-01-22,99.6625,161211.0,10287.0,99.64,123231.0,19589.0,99.605,53557.0,6256.0,99.57,120222.0,16318.0,99.55,85253.0,9499.0,99.525,26740.0,4483.0,99.495,55343.0,11069.0,99.48,39839.0,2572.0,99.465,18013.0,1908.0,99.435,28476.0,1608.0,99.405,13528.0,846.0,99.37,15894.0,1479.0,99.345,29744.0,1725.0,99.315,9300.0,136.0,99.285,8763.0,810.0,99.255,3144.0,191.0,99.22,6677.0,623.0,99.19,3484.0,17.0,99.165,1177.0,1.0,99.125,634.0,NaN,99.095,587.0,1.0,99.075,124.0,NaN,99.035,122.0,NaN,99.0,81.0,12.0,98.97,38.0,86.0,98.94,87.0,NaN,98.91,1.0,NaN,98.885,NaN,NaN,98.86,NaN,NaN,98.825,NaN,NaN,98.795,NaN,NaN,98.76,NaN,NaN,98.74,NaN,NaN,98.71,NaN,NaN,98.68,NaN,NaN,98.655,NaN,NaN,NaN,NaN,NaN,NaN,NaN,NaN,NaN,NaN,NaN,NaN,NaN,NaN,NaN,NaN,NaN,NaN,NaN,NaN,NaN,NaN,NaN,NaN,NaN,NaN,NaN,NaN,NaN,NaN,NaN,NaN,NaN,NaN,NaN
2016-01-25,99.66,163371.0,4897.0,99.635,118018.0,7943.0,99.605,55217.0,4464.0,99.57,126009.0,22093.0,99.55,84929.0,12767.0,99.525,27669.0,3167.0,99.495,56886.0,6502.0,99.48,39400.0,2528.0,99.47,17958.0,489.0,99.435,28325.0,817.0,99.41,13364.0,651.0,99.375,15911.0,481.0,99.35,29586.0,572.0,99.325,10454.0,1427.0,99.295,8813.0,447.0,99.265,3151.0,125.0,99.23,6635.0,68.0,99.2,3479.0,28.0,99.18,1166.0,12.0,99.14,634.0,16.0,99.11,575.0,12.0,99.09,124.0,20.0,99.05,122.0,20.0,99.0,69.0,12.0,98.97,38.0,86.0,98.94,87.0,NaN,98.91,1.0,NaN,98.885,NaN,NaN,98.86,NaN,NaN,98.825,NaN,NaN,98.795,NaN,NaN,98.76,NaN,NaN,98.74,NaN,NaN,98.71,NaN,NaN,98.68,NaN,NaN,98.655,NaN,NaN,NaN,NaN,NaN,NaN,NaN,NaN,NaN,NaN,NaN,NaN,NaN,NaN,NaN,NaN,NaN,NaN,NaN,NaN,NaN,NaN,NaN,NaN,NaN,NaN,NaN,NaN,NaN,NaN,NaN,NaN,NaN,NaN,NaN
2016-01-26,99.66,162839.0,1012.0,99.635,119356.0,3377.0,99.605,55138.0,3591.0,99.57,126172.0,13304.0,99.55,88904.0,13085.0,99.53,27627.0,2047.0,99.5,60342.0,8181.0,99.49,39031.0,4359.0,99.48,17920.0,1490.0,99.455,29980.0,3252.0,99.435,13334.0,1054.0,99.405,15888.0,2751.0,99.38,27852.0,4939.0,99.355,10446.0,656.0,99.33,8878.0,370.0,99.305,3191.0,366.0,99.27,6596.0,143.0,99.24,3467.0,53.0,99.225,1136.0,38.0,99.185,639.0,37.0,99.155,548.0,33.0,99.14,124.0,63.0,99.095,122.0,57.0,99.055,50.0,31.0,99.02,38.0,NaN,98.99,87.0,NaN,98.96,1.0,NaN,98.935,NaN,NaN,98.91,NaN,NaN,98.875,NaN,NaN,98.845,NaN,NaN,98.81,NaN,NaN,98.79,NaN,NaN,98.76,NaN,NaN,98.73,NaN,NaN,98.705,NaN,NaN,NaN,NaN,NaN,NaN,NaN,NaN,NaN,NaN,NaN,NaN,NaN,NaN,NaN,NaN,NaN,NaN,NaN,NaN,NaN,NaN,NaN,NaN,NaN,NaN,NaN,NaN,NaN,NaN,NaN,NaN,NaN,NaN,NaN
2016-01-27,99.66,162237.0,2131.0,99.635,113088.0,19632.0,99.61,56103.0,12013.0,99.575,124290.0,25016.0,99.555,89798.0,15106.0,99.53,27291.0,3342.0,99.5,57121.0,11843.0,99.49,39942.0,6768.0,99.48,17948.0,2096.0,99.45,30833.0,3314.0,99.43,13273.0,1355.0,99.395,15430.0,3932.0,99.375,27108.0,3627.0,99.35,10726.0,931.0,99.32,8712.0,886.0,99.295,3379.0,722.0,99.265,6664.0,372.0,99.235,3407.0,90.0,99.21,1159.0,41.0,99.175,637.0,30.0,99.145,548.0,1.0,99.125,120.0,4.0,99.08,122.0,NaN,99.05,75.0,38.0,99.02,174.0,136.0,98.975,124.0,37.0,98.945,1.0,NaN,98.915,NaN,NaN,98.885,NaN,NaN,98.86,NaN,NaN,98.825,NaN,NaN,98.77,NaN,NaN,98.77,NaN,NaN,98.72,NaN,2.0,98.72,1.0,2.0,98.705,NaN,NaN,NaN,NaN,NaN,NaN,NaN,NaN,NaN,NaN,NaN,NaN,NaN,NaN,NaN,NaN,NaN,NaN,NaN,NaN,NaN,NaN,NaN,NaN,NaN,NaN,NaN,NaN,NaN,NaN,NaN,NaN,NaN,NaN,NaN
2016-01-28,99.66,161876.0,1879.0,99.635,114785.0,8462.0,99.615,58906.0,7107.0,99.59,127663.0,34202.0,99.57,94328.0,29756.0,99.545,27083.0,5768.0,99.525,56121.0,11782.0,99.51,39770.0,4950.0,99.5,17971.0,1419.0,99.47,31421.0,2626.0,99.445,13442.0,2176.0,99.41,21795.0,8642.0,99.39,27370.0,7514.0,99.365,11618.0,1493.0,99.34,8809.0,1106.0,99.315,3724.0,1418.0,99.28,6540.0,593.0,99.25,3254.0,339.0,99.23,1282.0,219.0,99.19,743.0,115.0,99.16,597.0,70.0,99.135,120.0,NaN,99.095,141.0,19.0,99.065,85.0,10.0,99.035,254.0,80.0,99.0,193.0,69.0,98.97,1.0,NaN,98.945,NaN,NaN,98.92,NaN,NaN,98.885,NaN,NaN,98.855,NaN,NaN,98.82,NaN,NaN,98.8,NaN,NaN,98.77,NaN,NaN,98.74,1.0,NaN,98.72,NaN,NaN,NaN,NaN,NaN,NaN,NaN,NaN,NaN,NaN,NaN,NaN,NaN,NaN,NaN,NaN,NaN,NaN,NaN,NaN,NaN,NaN,NaN,NaN,NaN,NaN,NaN,NaN,NaN,NaN,NaN,NaN,NaN,NaN,NaN
2016-01-29,99.6575,154833.0,32580.0,99.635,113768.0,10761.0,99.615,60787.0,17184.0,99.59,145182.0,65508.0,99.575,102724.0,38656.0,99.56,27686.0,8071.0,99.54,64352.0,34461.0,99.535,43407.0,17677.0,99.525,18868.0,4811.0,99.5,31704.0,8535.0,99.485,13486.0,2841.0,99.45,21445.0,3970.0,99.43,28869.0,7010.0,99.415,11736.0,1140.0,99.39,9111.0,1842.0,99.37,3293.0,1751.0,99.34,6448.0,1765.0,99.31,2772.0,1333.0,99.29,1052.0,407.0,99.25,503.0,260.0,99.225,408.0,289.0,99.205,176.0,56.0,99.165,346.0,205.0,99.135,162.0,77.0,99.11,338.0,84.0,99.075,255.0,62.0,99.045,1.0,NaN,99.025,NaN,NaN,99.0,NaN,NaN,98.97,NaN,NaN,98.94,NaN,NaN,98.905,NaN,NaN,98.885,NaN,NaN,98.855,NaN,NaN,98.825,1.0,NaN,98.805,98.78,NaN,NaN,NaN,NaN,NaN,NaN,NaN,NaN,NaN,NaN,NaN,NaN,NaN,NaN,NaN,NaN,NaN,NaN,NaN,NaN,NaN,NaN,NaN,NaN,NaN,NaN,NaN,NaN,NaN,NaN,NaN,NaN,NaN,NaN
2016-02-01,NaN,NaN,NaN,99.6275,113395.0,12300.0,99.605,59834.0,10139.0,99.58,150661.0,36794.0,99.56,106877.0,15862.0,99.545,28210.0,4282.0,99.52,65225.0,24586.0,99.51,45849.0,14866.0,99.5,18959.0,1377.0,99.47,32331.0,2617.0,99.45,13971.0,1458.0,99.415,21084.0,1230.0,99.395,29499.0,4155.0,99.375,11791.0,563.0,99.345,9280.0,383.0,99.325,3418.0,358.0,99.295,6650.0,409.0,99.27,2825.0,70.0,99.245,1087.0,68.0,99.21,499.0,9.0,99.18,408.0,NaN,99.16,176.0,NaN,99.12,414.0,68.0,99.085,162.0,NaN,99.055,353.0,15.0,99.02,262.0,7.0,98.99,1.0,NaN,98.97,NaN,NaN,98.94,NaN,NaN,98.92,NaN,NaN,98.88,NaN,NaN,98.85,NaN,NaN,98.83,NaN,NaN,98.8,NaN,NaN,98.77,NaN,1.0,98.75,98.72,NaN,NaN,NaN,NaN,NaN,NaN,NaN,NaN,NaN,NaN,NaN,NaN,NaN,NaN,NaN,NaN,NaN,NaN,NaN,NaN,NaN,NaN,NaN,NaN,NaN,NaN,NaN,NaN,NaN,NaN,NaN,NaN,NaN,NaN
2016-02-02,NaN,NaN,NaN,99.6275,112586.0,3683.0,99.61,60039.0,6968.0,99.595,150784.0,24832.0,99.585,112611.0,21484.0,99.57,29103.0,3651.0,99.55,69070.0,13604.0,99.545,49359.0,7524.0,99.54,19186.0,1059.0,99.515,33397.0,4367.0,99.51,14090.0,1472.0,99.48,21252.0,2251.0,99.465,30357.0,4730.0,99.45,11819.0,690.0,99.425,9455.0,702.0,99.41,3654.0,649.0,99.385,6856.0,850.0,99.36,2842.0,214.0,99.34,1345.0,297.0,99.31,529.0,36.0,99.285,448.0,40.0,99.265,253.0,77.0,99.23,527.0,113.0,99.2,162.0,NaN,99.17,404.0,51.0,99.14,316.0,54.0,99.11,1.0,NaN,99.085,NaN,NaN,99.065,NaN,NaN,99.045,NaN,NaN,99.0,NaN,NaN,98.97,NaN,NaN,98.955,NaN,NaN,98.925,NaN,NaN,98.895,NaN,NaN,98.875,98.845,NaN,NaN,NaN,NaN,NaN,NaN,NaN,NaN,NaN,NaN,NaN,NaN,NaN,NaN,NaN,NaN,NaN,NaN,NaN,NaN,NaN,NaN,NaN,NaN,NaN,NaN,NaN,NaN,NaN,NaN,NaN,NaN,NaN,NaN
2016-02-03,NaN,NaN,NaN,99.6275,114239.0,9139.0,99.61,57726.0,25820.0,99.595,160671.0,60173.0,99.585,121608.0,36205.0,99.57,29883.0,8444.0,99.555,70774.0,29824.0,99.55,50547.0,15242.0,99.54,19927.0,6123.0,99.52,34037.0,6808.0,99.515,15156.0,3234.0,99.49,21442.0,3682.0,99.47,35310.0,11527.0,99.47,11934.0,2603.0,99.45,8944.0,1725.0,99.435,3532.0,611.0,99.42,6782.0,583.0,99.395,2697.0,333.0,99.375,1414.0,180.0,99.35,682.0,175.0,99.325,542.0,97.0,99.305,256.0,3.0,99.27,686.0,159.0,99.24,161.0,1.0,99.21,404.0,NaN,99.18,434.0,118.0,99.155,1.0,NaN,99.13,NaN,NaN,99.105,NaN,NaN,99.08,NaN,NaN,99.035,NaN,NaN,99.005,NaN,NaN,98.99,NaN,NaN,98.955,NaN,NaN,98.925,NaN,NaN,98.9,98.87,NaN,NaN,NaN,NaN,NaN,NaN,NaN,NaN,NaN,NaN,NaN,NaN,NaN,NaN,NaN,NaN,NaN,NaN,NaN,NaN,NaN,NaN,NaN,NaN,NaN,NaN,NaN,NaN,NaN,NaN,NaN,NaN,NaN,NaN
2016-02-04,NaN,NaN,NaN,99.6275,114261.0,6585.0,99.615,57101.0,8469.0,99.6,157315.0,21447.0,99.59,120431.0,18330.0,99.575,29434.0,4231.0,99.555,72726.0,15610.0,99.55,50583.0,1904.0,99.545,20130.0,1427.0,99.52,33984.0,2307.0,99.52,15166.0,1151.0,99.495,21074.0,1645.0,99.48,34278.0,4264.0,99.475,11893.0,2684.0,99.455,10604.0,3216.0,99.44,3654.0,1029.0,99.43,6957.0,560.0,99.405,2653.0,227.0,99.39,1387.0,61.0,99.365,676.0,12.0,99.34,542.0,NaN,99.32,258.0,3.0,99.285,696.0,10.0,99.25,161.0,NaN,99.23,404.0,NaN,99.195,464.0,30.0,99.165,1.0,NaN,99.145,NaN,NaN,99.12,NaN,NaN,99.095,NaN,NaN,99.05,NaN,NaN,99.02,NaN,NaN,99.0,NaN,NaN,98.965,NaN,NaN,98.935,NaN,NaN,98.915,98.885,NaN,NaN,NaN,NaN,NaN,NaN,NaN,NaN,NaN,NaN,NaN,NaN,NaN,NaN,NaN,NaN,NaN,NaN,NaN,NaN,NaN,NaN,NaN,NaN,NaN,NaN,NaN,NaN,NaN,NaN,NaN,NaN,NaN,NaN
2016-02-05,NaN,NaN,NaN,99.6275,112777.0,4031.0,99.615,58679.0,8525.0,99.6,142520.0,56592.0,99.58,122183.0,24368.0,99.56,30533.0,7371.0,99.535,69329.0,23088.0,99.525,52472.0,9089.0,99.52,20584.0,3682.0,99.495,34097.0,6763.0,99.495,17275.0,4429.0,99.465,22693.0,7131.0,99.45,37412.0,9429.0,99.44,13507.0,4898.0,99.425,11970.0,2447.0,99.41,3879.0,1590.0,99.395,7216.0,779.0,99.38,2729.0,590.0,99.36,1438.0,497.0,99.34,713.0,58.0,99.32,542.0,NaN,99.305,327.0,69.0,99.27,897.0,201.0,99.24,493.0,435.0,99.215,325.0,139.0,99.19,441.0,55.0,99.155,1.0,NaN,99.135,NaN,NaN,99.115,NaN,NaN,99.09,NaN,NaN,99.05,NaN,NaN,99.02,NaN,NaN,98.995,NaN,NaN,98.965,NaN,NaN,98.93,NaN,NaN,98.91,98.88,NaN,NaN,NaN,NaN,NaN,NaN,NaN,NaN,NaN,NaN,NaN,NaN,NaN,NaN,NaN,NaN,NaN,NaN,NaN,NaN,NaN,NaN,NaN,NaN,NaN,NaN,NaN,NaN,NaN,NaN,NaN,NaN,NaN,NaN
2016-02-08,NaN,NaN,NaN,99.6275,115046.0,6038.0,99.625,55770.0,17720.0,99.625,141301.0,48195.0,99.62,126187.0,45222.0,99.615,32164.0,11949.0,99.6,67516.0,44421.0,99.6,49086.0,12230.0,99.595,20346.0,3367.0,99.58,35920.0,10859.0,99.575,17178.0,4898.0,99.555,22010.0,5810.0,99.54,36752.0,6013.0,99.54,13839.0,2932.0,99.52,12119.0,1758.0,99.51,3848.0,1702.0,99.5,7106.0,2005.0,99.475,5025.0,3411.0,99.46,1993.0,1098.0,99.445,659.0,153.0,99.425,374.0,246.0,99.405,525.0,198.0,99.38,1013.0,116.0,99.35,495.0,36.0,99.33,297.0,47.0,99.305,456.0,15.0,99.275,1.0,NaN,99.25,NaN,NaN,99.23,NaN,NaN,99.205,NaN,NaN,99.16,NaN,NaN,99.13,NaN,NaN,99.105,NaN,NaN,99.075,NaN,NaN,99.045,NaN,NaN,99.025,98.99,NaN,NaN,NaN,NaN,NaN,NaN,NaN,NaN,NaN,NaN,NaN,NaN,NaN,NaN,NaN,NaN,NaN,NaN,NaN,NaN,NaN,NaN,NaN,NaN,NaN,NaN,NaN,NaN,NaN,NaN,NaN,NaN,NaN,NaN
2016-02-09,NaN,NaN,NaN,99.6275,115603.0,8550.0,99.625,51897.0,13190.0,99.625,144133.0,62869.0,99.615,134144.0,54744.0,99.61,36164.0,12665.0,99.595,67543.0,32648.0,99.595,50619.0,14705.0,99.59,20657.0,5582.0,99.575,34032.0,7348.0,99.57,16983.0,4131.0,99.55,22615.0,3208.0,99.54,36877.0,6187.0,99.535,14172.0,1607.0,99.52,12221.0,600.0,99.51,3816.0,699.0,99.5,7192.0,497.0,99.475,4784.0,354.0,99.465,2041.0,147.0,99.45,555.0,155.0,99.43,431.0,76.0,99.415,619.0,141.0,99.385,1293.0,328.0,99.36,488.0,67.0,99.335,288.0,37.0,99.31,636.0,180.0,99.28,1.0,NaN,99.255,NaN,NaN,99.24,NaN,NaN,99.225,5.0,5.0,99.175,5.0,5.0,99.14,NaN,NaN,99.125,NaN,NaN,99.095,NaN,NaN,99.065,NaN,NaN,99.045,99.015,NaN,NaN,NaN,NaN,NaN,NaN,NaN,NaN,NaN,NaN,NaN,NaN,NaN,NaN,NaN,NaN,NaN,NaN,NaN,NaN,NaN,NaN,NaN,NaN,NaN,NaN,NaN,NaN,NaN,NaN,NaN,NaN,NaN,NaN
2016-02-10,NaN,NaN,NaN,99.6275,113775.0,4463.0,99.625,48588.0,9408.0,99.62,139973.0,33913.0,99.615,133133.0,22456.0,99.61,37648.0,8514.0,99.595,67103.0,21911.0,99.595,51377.0,11456.0,99.59,20744.0,3656.0,99.575,33954.0,4944.0,99.57,17632.0,2993.0,99.55,23107.0,7658.0,99.54,38156.0,7140.0,99.535,15174.0,2542.0,99.52,11870.0,1164.0,99.515,3658.0,605.0,99.505,7120.0,341.0,99.49,4790.0,25.0,99.48,2034.0,209.0,99.47,544.0,35.0,99.455,430.0,3.0,99.44,636.0,80.0,99.42,1416.0,186.0,99.4,470.0,18.0,99.375,211.0,217.0,99.355,645.0,9.0,99.325,1.0,NaN,99.305,NaN,NaN,99.29,1.0,1.0,99.28,6.0,1.0,99.23,5.0,NaN,99.2,NaN,NaN,99.18,NaN,NaN,99.16,NaN,NaN,99.13,NaN,NaN,99.105,99.08,NaN,NaN,NaN,NaN,NaN,NaN,NaN,NaN,NaN,NaN,NaN,NaN,NaN,NaN,NaN,NaN,NaN,NaN,NaN,NaN,NaN,NaN,NaN,NaN,NaN,NaN,NaN,NaN,NaN,NaN,NaN,NaN,NaN,NaN
2016-02-11,NaN,NaN,NaN,99.6275,110374.0,9611.0,99.625,48228.0,19605.0,99.63,127756.0,59624.0,99.625,134461.0,32971.0,99.63,37477.0,8678.0,99.63,57497.0,46910.0,99.63,50828.0,19696.0,99.63,20866.0,6418.0,99.63,29696.0,25009.0,99.625,18256.0,7210.0,99.615,23587.0,8663.0,99.605,41513.0,13573.0,99.605,15994.0,6031.0,99.59,12381.0,3376.0,99.59,3910.0,2072.0,99.58,7116.0,863.0,99.56,4718.0,674.0,99.56,2197.0,417.0,99.55,546.0,12.0,99.535,427.0,59.0,99.52,658.0,157.0,99.5,1479.0,247.0,99.485,485.0,447.0,99.465,179.0,47.0,99.445,678.0,33.0,99.42,1.0,NaN,99.4,NaN,NaN,99.385,1.0,NaN,99.375,6.0,NaN,99.33,5.0,NaN,99.3,NaN,NaN,99.28,NaN,NaN,99.26,NaN,NaN,99.23,NaN,NaN,99.21,99.185,NaN,NaN,NaN,NaN,NaN,NaN,NaN,NaN,NaN,NaN,NaN,NaN,NaN,NaN,NaN,NaN,NaN,NaN,NaN,NaN,NaN,NaN,NaN,NaN,NaN,NaN,NaN,NaN,NaN,NaN,NaN,NaN,NaN,NaN
2016-02-12,NaN,NaN,NaN,99.625,109016.0,3725.0,99.625,52388.0,9815.0,99.63,124648.0,12117.0,99.625,130828.0,15179.0,99.62,38858.0,15606.0,99.615,62788.0,23504.0,99.61,49626.0,11317.0,99.605,20726.0,3249.0,99.595,29828.0,9862.0,99.585,17853.0,2685.0,99.56,23336.0,2750.0,99.545,43602.0,9969.0,99.54,16406.0,2060.0,99.525,12166.0,2373.0,99.515,3924.0,679.0,99.5,7405.0,402.0,99.48,4764.0,157.0,99.47,2207.0,83.0,99.455,543.0,16.0,99.435,431.0,22.0,99.42,660.0,12.0,99.395,1434.0,73.0,99.375,489.0,196.0,99.35,175.0,4.0,99.33,727.0,49.0,99.3,1.0,NaN,99.28,NaN,NaN,99.265,1.0,NaN,99.255,6.0,NaN,99.205,5.0,NaN,99.175,NaN,NaN,99.155,NaN,NaN,99.13,NaN,NaN,99.105,NaN,NaN,99.085,99.06,NaN,NaN,NaN,NaN,NaN,NaN,NaN,NaN,NaN,NaN,NaN,NaN,NaN,NaN,NaN,NaN,NaN,NaN,NaN,NaN,NaN,NaN,NaN,NaN,NaN,NaN,NaN,NaN,NaN,NaN,NaN,NaN,NaN,NaN
2016-02-16,NaN,NaN,NaN,99.625,108740.0,359.0,99.62,51988.0,1705.0,99.62,124679.0,10239.0,99.61,133297.0,8418.0,99.605,39520.0,5105.0,99.595,69379.0,14401.0,99.59,50158.0,4744.0,99.59,21085.0,1860.0,99.575,31080.0,3230.0,99.565,18133.0,1394.0,99.54,23117.0,2285.0,99.525,43812.0,2283.0,99.52,16533.0,740.0,99.505,12138.0,319.0,99.495,3801.0,278.0,99.48,7326.0,189.0,99.465,4722.0,132.0,99.455,2141.0,191.0,99.435,597.0,122.0,99.42,513.0,85.0,99.405,657.0,8.0,99.38,1436.0,2.0,99.36,472.0,22.0,99.335,172.0,3.0,99.32,753.0,28.0,99.29,1.0,NaN,99.27,NaN,NaN,99.25,1.0,NaN,99.245,6.0,NaN,99.195,5.0,NaN,99.17,NaN,NaN,99.15,NaN,NaN,99.13,NaN,NaN,99.105,NaN,NaN,99.085,99.055,0.0,NaN,NaN,NaN,NaN,NaN,NaN,NaN,NaN,NaN,NaN,NaN,NaN,NaN,NaN,NaN,NaN,NaN,NaN,NaN,NaN,NaN,NaN,NaN,NaN,NaN,NaN,NaN,NaN,NaN,NaN,NaN,NaN,NaN
2016-02-17,NaN,NaN,NaN,99.625,109115.0,5251.0,99.62,50348.0,6897.0,99.615,122430.0,20347.0,99.6,137199.0,23116.0,99.59,43093.0,12244.0,99.575,70729.0,13960.0,99.57,52218.0,9824.0,99.565,20983.0,1903.0,99.55,30807.0,4300.0,99.54,17853.0,1834.0,99.515,23241.0,1187.0,99.5,45896.0,3721.0,99.495,16787.0,1112.0,99.48,11822.0,672.0,99.465,3974.0,544.0,99.45,7337.0,173.0,99.43,4617.0,151.0,99.415,2101.0,119.0,99.405,592.0,37.0,99.385,579.0,147.0,99.365,748.0,91.0,99.345,1538.0,121.0,99.315,429.0,547.0,99.295,172.0,NaN,99.28,787.0,34.0,99.25,1.0,NaN,99.225,NaN,NaN,99.21,1.0,NaN,99.2,6.0,NaN,99.15,5.0,NaN,99.12,NaN,NaN,99.1,NaN,NaN,99.08,NaN,NaN,99.05,NaN,NaN,99.03,99.005,0.0,NaN,NaN,NaN,NaN,NaN,NaN,NaN,NaN,NaN,NaN,NaN,NaN,NaN,NaN,NaN,NaN,NaN,NaN,NaN,NaN,NaN,NaN,NaN,NaN,NaN,NaN,NaN,NaN,NaN,NaN,NaN,NaN,NaN
2016-02-18,NaN,NaN,NaN,99.625,105409.0,8990.0,99.62,50479.0,494.0,99.615,120970.0,11668.0,99.6,137631.0,12205.0,99.59,41659.0,5281.0,99.58,68806.0,13894.0,99.575,51585.0,2970.0,99.57,21416.0,1302.0,99.555,30795.0,3188.0,99.55,17833.0,794.0,99.53,23465.0,785.0,99.515,45764.0,931.0,99.51,16781.0,95.0,99.5,11713.0,335.0,99.49,3979.0,234.0,99.48,7332.0,105.0,99.46,4598.0,30.0,99.45,2096.0,27.0,99.435,612.0,21.0,99.42,579.0,1.0,99.405,773.0,25.0,99.39,1613.0,75.0,99.355,429.0,181.0,99.335,217.0,45.0,99.325,832.0,50.0,99.29,1.0,NaN,99.27,NaN,NaN,99.255,1.0,NaN,99.245,6.0,NaN,99.2,5.0,NaN,99.17,NaN,NaN,99.15,NaN,NaN,99.13,NaN,NaN,99.105,NaN,NaN,99.08,99.055,0.0,NaN,NaN,NaN,NaN,NaN,NaN,NaN,NaN,NaN,NaN,NaN,NaN,NaN,NaN,NaN,NaN,NaN,NaN,NaN,NaN,NaN,NaN,NaN,NaN,NaN,NaN,NaN,NaN,NaN,NaN,NaN,NaN,NaN
2016-02-19,NaN,NaN,NaN,99.625,105398.0,83.0,99.62,50024.0,1039.0,99.61,124023.0,10049.0,99.6,138086.0,9781.0,99.58,41264.0,4036.0,99.565,67370.0,6983.0,99.56,51229.0,2962.0,99.555,21436.0,656.0,99.54,31034.0,2761.0,99.53,18037.0,812.0,99.505,23816.0,1667.0,99.49,46232.0,2158.0,99.485,16793.0,453.0,99.47,11765.0,381.0,99.46,4144.0,617.0,99.455,7462.0,333.0,99.435,4479.0,133.0,99.425,2096.0,36.0,99.41,682.0,71.0,99.395,592.0,13.0,99.38,774.0,1.0,99.365,1638.0,25.0,99.335,429.0,NaN,99.315,266.0,49.0,99.305,832.0,NaN,99.28,1.0,NaN,99.26,NaN,NaN,99.245,1.0,NaN,99.24,6.0,NaN,99.195,5.0,NaN,99.17,NaN,NaN,99.15,NaN,NaN,99.13,NaN,NaN,99.11,NaN,NaN,99.085,99.065,0.0,NaN,NaN,NaN,NaN,NaN,NaN,NaN,NaN,NaN,NaN,NaN,NaN,NaN,NaN,NaN,NaN,NaN,NaN,NaN,NaN,NaN,NaN,NaN,NaN,NaN,NaN,NaN,NaN,NaN,NaN,NaN,NaN,NaN
2016-02-22,NaN,NaN,NaN,99.625,105682.0,484.0,99.615,48977.0,2956.0,99.605,123776.0,8597.0,99.585,137095.0,9601.0,99.57,42750.0,4375.0,99.55,66390.0,9607.0,99.545,51091.0,3498.0,99.54,21509.0,497.0,99.525,31498.0,1628.0,99.515,18139.0,189.0,99.495,23807.0,393.0,99.48,46513.0,560.0,99.475,16858.0,224.0,99.46,11666.0,464.0,99.45,3875.0,443.0,99.445,7440.0,37.0,99.425,4482.0,75.0,99.415,2100.0,62.0,99.4,682.0,NaN,99.385,592.0,2.0,99.37,774.0,NaN,99.355,1638.0,NaN,99.33,432.0,3.0,99.31,266.0,NaN,99.3,832.0,NaN,99.27,1.0,NaN,99.25,NaN,NaN,99.24,1.0,NaN,99.23,6.0,NaN,99.195,5.0,NaN,99.16,NaN,NaN,99.145,NaN,NaN,99.125,NaN,NaN,99.1,NaN,NaN,99.08,99.055,0.0,NaN,NaN,NaN,NaN,NaN,NaN,NaN,NaN,NaN,NaN,NaN,NaN,NaN,NaN,NaN,NaN,NaN,NaN,NaN,NaN,NaN,NaN,NaN,NaN,NaN,NaN,NaN,NaN,NaN,NaN,NaN,NaN,NaN
2016-02-23,NaN,NaN,NaN,99.625,105339.0,592.0,99.615,49896.0,4867.0,99.6,126362.0,13039.0,99.585,138746.0,18372.0,99.565,48694.0,12854.0,99.55,71440.0,16807.0,99.545,51319.0,3560.0,99.54,21171.0,1509.0,99.525,32352.0,2576.0,99.52,18528.0,2780.0,99.5,23775.0,2345.0,99.485,47122.0,2680.0,99.485,16742.0,617.0,99.47,11578.0,337.0,99.46,3727.0,414.0,99.45,7403.0,240.0,99.435,4410.0,179.0,99.43,2132.0,93.0,99.42,731.0,49.0,99.405,594.0,71.0,99.39,777.0,3.0,99.375,1689.0,51.0,99.35,514.0,92.0,99.33,266.0,NaN,99.315,849.0,17.0,99.29,1.0,NaN,99.27,NaN,NaN,99.26,1.0,NaN,99.245,6.0,NaN,99.21,5.0,NaN,99.18,NaN,NaN,99.16,NaN,NaN,99.14,NaN,NaN,99.12,NaN,NaN,99.1,99.075,0.0,NaN,NaN,NaN,NaN,NaN,NaN,NaN,NaN,NaN,NaN,NaN,NaN,NaN,NaN,NaN,NaN,NaN,NaN,NaN,NaN,NaN,NaN,NaN,NaN,NaN,NaN,NaN,NaN,NaN,NaN,NaN,NaN,NaN
2016-02-24,NaN,NaN,NaN,99.625,105304.0,1956.0,99.615,53140.0,7313.0,99.605,127385.0,16448.0,99.585,135345.0,20709.0,99.57,52722.0,11551.0,99.555,75524.0,17166.0,99.55,52083.0,4274.0,99.545,21161.0,2333.0,99.535,32525.0,4471.0,99.53,18998.0,2166.0,99.505,24023.0,2333.0,99.495,47626.0,3500.0,99.495,16907.0,2294.0,99.48,11425.0,466.0,99.475,3648.0,654.0,99.465,7373.0,455.0,99.45,4399.0,39.0,99.44,2140.0,153.0,99.425,646.0,125.0,99.415,590.0,31.0,99.4,884.0,156.0,99.385,1715.0,38.0,99.36,528.0,14.0,99.34,227.0,39.0,99.325,862.0,13.0,99.3,1.0,NaN,99.275,NaN,NaN,99.27,1.0,NaN,99.255,6.0,NaN,99.22,5.0,NaN,99.185,NaN,NaN,99.17,NaN,NaN,99.145,NaN,NaN,99.125,NaN,NaN,99.105,99.085,0.0,NaN,NaN,NaN,NaN,NaN,NaN,NaN,NaN,NaN,NaN,NaN,NaN,NaN,NaN,NaN,NaN,NaN,NaN,NaN,NaN,NaN,NaN,NaN,NaN,NaN,NaN,NaN,NaN,NaN,NaN,NaN,NaN,NaN
2016-02-25,NaN,NaN,NaN,99.625,105300.0,36.0,99.615,55687.0,6216.0,99.6,130975.0,10665.0,99.585,140734.0,20136.0,99.57,59775.0,13433.0,99.56,73563.0,13295.0,99.56,52793.0,7091.0,99.56,21290.0,2944.0,99.55,34749.0,5756.0,99.55,19122.0,1361.0,99.535,24883.0,2662.0,99.52,48616.0,4481.0,99.53,17402.0,1243.0,99.52,11339.0,345.0,99.51,3687.0,381.0,99.51,7339.0,189.0,99.5,4310.0,106.0,99.49,2136.0,11.0,99.48,680.0,35.0,99.47,589.0,1.0,99.455,884.0,NaN,99.44,1723.0,8.0,99.42,545.0,17.0,99.4,220.0,7.0,99.395,891.0,29.0,99.365,1.0,NaN,99.345,NaN,NaN,99.335,1.0,NaN,99.32,6.0,NaN,99.285,5.0,NaN,99.255,NaN,NaN,99.235,NaN,NaN,99.215,NaN,NaN,99.2,NaN,NaN,99.18,99.155,0.0,NaN,NaN,NaN,NaN,NaN,NaN,NaN,NaN,NaN,NaN,NaN,NaN,NaN,NaN,NaN,NaN,NaN,NaN,NaN,NaN,NaN,NaN,NaN,NaN,NaN,NaN,NaN,NaN,NaN,NaN,NaN,NaN,NaN
2016-02-26,NaN,NaN,NaN,99.625,104764.0,1021.0,99.615,56172.0,3971.0,99.6,130721.0,23813.0,99.57,140553.0,18365.0,99.545,62067.0,9229.0,99.525,71050.0,20214.0,99.52,53586.0,5365.0,99.515,21048.0,1628.0,99.495,34730.0,2660.0,99.485,19491.0,1112.0,99.465,24899.0,2103.0,99.45,47695.0,4484.0,99.445,16788.0,1454.0,99.435,11784.0,674.0,99.425,3797.0,398.0,99.42,7340.0,91.0,99.41,4358.0,70.0,99.4,2086.0,139.0,99.39,680.0,NaN,99.375,654.0,84.0,99.36,884.0,44.0,99.35,1840.0,117.0,99.33,596.0,52.0,99.31,220.0,NaN,99.3,964.0,73.0,99.275,1.0,NaN,99.25,NaN,NaN,99.245,1.0,NaN,99.23,6.0,NaN,99.195,5.0,NaN,99.165,NaN,NaN,99.15,NaN,NaN,99.125,NaN,NaN,99.105,NaN,NaN,99.09,99.07,0.0,NaN,NaN,NaN,NaN,NaN,NaN,NaN,NaN,NaN,NaN,NaN,NaN,NaN,NaN,NaN,NaN,NaN,NaN,NaN,NaN,NaN,NaN,NaN,NaN,NaN,NaN,NaN,NaN,NaN,NaN,NaN,NaN,NaN
2016-02-29,NaN,NaN,NaN,99.625,112654.0,15053.0,99.615,57510.0,8167.0,99.6,132247.0,16621.0,99.57,143311.0,23358.0,99.555,68370.0,15130.0,99.535,68748.0,20559.0,99.525,54011.0,6915.0,99.52,20978.0,2672.0,99.495,35861.0,4313.0,99.49,19723.0,851.0,99.465,24969.0,1550.0,99.445,46692.0,3215.0,99.44,16852.0,1021.0,99.425,11845.0,333.0,99.42,3890.0,257.0,99.41,7348.0,163.0,99.4,4342.0,51.0,99.39,2092.0,49.0,99.38,625.0,56.0,99.375,702.0,56.0,99.36,884.0,1.0,99.345,1927.0,88.0,99.32,594.0,2.0,99.305,221.0,1.0,99.29,969.0,5.0,99.27,1.0,NaN,99.245,NaN,NaN,99.245,1.0,NaN,99.23,6.0,NaN,99.195,5.0,NaN,99.175,NaN,NaN,99.155,NaN,NaN,99.135,NaN,NaN,99.12,NaN,NaN,99.1,99.08,99.06,NaN,NaN,NaN,NaN,NaN,NaN,NaN,NaN,NaN,NaN,NaN,NaN,NaN,NaN,NaN,NaN,NaN,NaN,NaN,NaN,NaN,NaN,NaN,NaN,NaN,NaN,NaN,NaN,NaN,NaN,NaN,NaN,NaN
2016-03-01,NaN,NaN,NaN,NaN,NaN,NaN,99.6175,59821.0,6464.0,99.595,132199.0,15201.0,99.565,146131.0,16806.0,99.54,57186.0,6602.0,99.515,70050.0,13003.0,99.51,52494.0,6143.0,99.495,20962.0,2304.0,99.465,35481.0,4203.0,99.45,19613.0,1528.0,99.415,25038.0,2208.0,99.39,51072.0,11691.0,99.385,19663.0,5327.0,99.365,11836.0,515.0,99.345,3921.0,300.0,99.34,7377.0,229.0,99.325,4373.0,223.0,99.31,2023.0,232.0,99.295,625.0,21.0,99.285,729.0,30.0,99.265,884.0,28.0,99.245,1927.0,20.0,99.22,595.0,13.0,99.2,221.0,NaN,99.19,985.0,16.0,99.165,1.0,NaN,99.145,NaN,NaN,99.14,1.0,NaN,99.135,6.0,NaN,99.1,5.0,NaN,99.075,NaN,NaN,99.055,NaN,NaN,99.035,1.0,1.0,99.02,1.0,2.0,99.005,98.965,98.955,NaN,NaN,NaN,NaN,NaN,NaN,NaN,NaN,NaN,NaN,NaN,NaN,NaN,NaN,NaN,NaN,NaN,NaN,NaN,NaN,NaN,NaN,NaN,NaN,NaN,NaN,NaN,NaN,NaN,NaN,NaN,NaN,NaN
2016-03-02,NaN,NaN,NaN,NaN,NaN,NaN,99.62,63960.0,18902.0,99.6,142551.0,40159.0,99.565,147119.0,34319.0,99.54,58106.0,5866.0,99.515,68910.0,17869.0,99.505,52614.0,6628.0,99.49,21395.0,2220.0,99.455,35715.0,3034.0,99.44,19499.0,1066.0,99.405,25009.0,1527.0,99.38,52239.0,4469.0,99.375,18979.0,1221.0,99.355,11863.0,247.0,99.33,4072.0,624.0,99.32,7027.0,513.0,99.305,4382.0,128.0,99.285,1948.0,156.0,99.27,564.0,97.0,99.255,745.0,23.0,99.235,884.0,5.0,99.22,1945.0,22.0,99.185,598.0,7.0,99.17,221.0,NaN,99.155,985.0,NaN,99.125,1.0,NaN,99.1,NaN,NaN,99.095,1.0,NaN,99.085,6.0,NaN,99.05,5.0,NaN,99.025,NaN,NaN,99.005,NaN,NaN,98.985,1.0,NaN,98.97,NaN,1.0,98.955,98.92,98.905,NaN,NaN,NaN,NaN,NaN,NaN,NaN,NaN,NaN,NaN,NaN,NaN,NaN,NaN,NaN,NaN,NaN,NaN,NaN,NaN,NaN,NaN,NaN,NaN,NaN,NaN,NaN,NaN,NaN,NaN,NaN,NaN,NaN
2016-03-03,NaN,NaN,NaN,NaN,NaN,NaN,99.6225,68673.0,10754.0,99.605,143873.0,22159.0,99.575,148281.0,23682.0,99.55,57623.0,3498.0,99.525,70082.0,10578.0,99.515,53016.0,2099.0,99.5,21417.0,926.0,99.465,35614.0,1984.0,99.455,19347.0,1233.0,99.425,24609.0,2014.0,99.395,52450.0,3133.0,99.39,18915.0,731.0,99.37,11836.0,241.0,99.35,4172.0,117.0,99.34,7027.0,30.0,99.32,4403.0,46.0,99.305,1948.0,NaN,99.29,495.0,72.0,99.275,759.0,14.0,99.255,872.0,12.0,99.235,1936.0,12.0,99.21,596.0,8.0,99.185,224.0,3.0,99.18,1015.0,31.0,99.15,1.0,NaN,99.125,NaN,NaN,99.115,1.0,NaN,99.105,6.0,NaN,99.065,5.0,NaN,99.045,NaN,NaN,99.025,NaN,NaN,99.0,1.0,NaN,98.99,NaN,NaN,98.975,98.935,98.925,NaN,NaN,NaN,NaN,NaN,NaN,NaN,NaN,NaN,NaN,NaN,NaN,NaN,NaN,NaN,NaN,NaN,NaN,NaN,NaN,NaN,NaN,NaN,NaN,NaN,NaN,NaN,NaN,NaN,NaN,NaN,NaN,NaN
2016-03-04,NaN,NaN,NaN,NaN,NaN,NaN,99.6225,72862.0,9879.0,99.605,148091.0,22907.0,99.575,150832.0,26586.0,99.545,61203.0,14957.0,99.51,74229.0,18676.0,99.5,53724.0,9122.0,99.485,21041.0,2067.0,99.45,35850.0,5059.0,99.43,19399.0,1292.0,99.395,24767.0,1667.0,99.37,52661.0,2005.0,99.36,18909.0,667.0,99.34,11870.0,131.0,99.315,4190.0,85.0,99.3,7007.0,26.0,99.285,4423.0,65.0,99.265,1863.0,144.0,99.24,497.0,13.0,99.225,759.0,16.0,99.2,873.0,1.0,99.175,1939.0,35.0,99.145,661.0,110.0,99.125,221.0,3.0,99.115,1018.0,11.0,99.085,1.0,NaN,99.06,NaN,NaN,99.045,1.0,NaN,99.035,6.0,NaN,98.995,5.0,NaN,98.97,NaN,NaN,98.955,NaN,NaN,98.93,1.0,NaN,98.92,NaN,NaN,98.905,98.865,98.855,NaN,NaN,NaN,NaN,NaN,NaN,NaN,NaN,NaN,NaN,NaN,NaN,NaN,NaN,NaN,NaN,NaN,NaN,NaN,NaN,NaN,NaN,NaN,NaN,NaN,NaN,NaN,NaN,NaN,NaN,NaN,NaN,NaN
2016-03-07,NaN,NaN,NaN,NaN,NaN,NaN,99.6225,72271.0,12112.0,99.605,147340.0,8549.0,99.565,152703.0,10987.0,99.53,60839.0,4269.0,99.49,73671.0,7833.0,99.475,52978.0,4994.0,99.46,20810.0,1127.0,99.425,36445.0,2115.0,99.405,19711.0,853.0,99.37,24303.0,2142.0,99.34,52410.0,2546.0,99.33,19228.0,1262.0,99.31,12094.0,612.0,99.285,4206.0,94.0,99.27,7007.0,210.0,99.25,3427.0,2304.0,99.23,1680.0,457.0,99.2,389.0,150.0,99.185,1125.0,514.0,99.16,858.0,21.0,99.135,1902.0,137.0,99.105,667.0,150.0,99.08,218.0,19.0,99.065,1032.0,14.0,99.04,1.0,NaN,99.015,NaN,NaN,99.0,1.0,NaN,98.99,6.0,NaN,98.95,5.0,NaN,98.925,NaN,NaN,98.91,NaN,NaN,98.885,1.0,NaN,98.88,NaN,NaN,98.87,98.83,98.81,NaN,NaN,NaN,NaN,NaN,NaN,NaN,NaN,NaN,NaN,NaN,NaN,NaN,NaN,NaN,NaN,NaN,NaN,NaN,NaN,NaN,NaN,NaN,NaN,NaN,NaN,NaN,NaN,NaN,NaN,NaN,NaN,NaN
2016-03-08,NaN,NaN,NaN,NaN,NaN,NaN,99.6275,73124.0,6559.0,99.61,145638.0,4353.0,99.575,154505.0,9756.0,99.54,60328.0,7278.0,99.5,73979.0,15313.0,99.485,55566.0,6547.0,99.47,20469.0,2195.0,99.44,36439.0,4320.0,99.425,19602.0,766.0,99.395,24169.0,1360.0,99.37,52809.0,3143.0,99.36,19204.0,1167.0,99.34,12078.0,157.0,99.32,4206.0,25.0,99.31,7007.0,NaN,99.29,3500.0,207.0,99.275,1676.0,10.0,99.25,389.0,NaN,99.235,1143.0,19.0,99.21,858.0,NaN,99.195,1902.0,NaN,99.17,667.0,NaN,99.14,218.0,10.0,99.135,1022.0,10.0,99.11,1.0,NaN,99.085,NaN,NaN,99.075,1.0,NaN,99.07,6.0,NaN,99.035,5.0,NaN,99.01,NaN,NaN,98.995,NaN,NaN,98.97,1.0,NaN,98.965,NaN,NaN,98.95,98.915,98.905,NaN,NaN,NaN,NaN,NaN,NaN,NaN,NaN,NaN,NaN,NaN,NaN,NaN,NaN,NaN,NaN,NaN,NaN,NaN,NaN,NaN,NaN,NaN,NaN,NaN,NaN,NaN,NaN,NaN,NaN,NaN,NaN,NaN
2016-03-09,NaN,NaN,NaN,NaN,NaN,NaN,99.6275,73246.0,3502.0,99.615,135436.0,22782.0,99.575,156114.0,20977.0,99.535,60422.0,3661.0,99.49,76018.0,10768.0,99.47,54908.0,5415.0,99.455,20394.0,1660.0,99.42,36473.0,2891.0,99.405,19694.0,768.0,99.37,23996.0,1919.0,99.34,52707.0,2047.0,99.335,19237.0,488.0,99.31,11974.0,218.0,99.29,4208.0,92.0,99.28,6989.0,34.0,99.26,3510.0,69.0,99.245,1700.0,47.0,99.22,383.0,9.0,99.205,1324.0,190.0,99.185,880.0,22.0,99.165,2005.0,104.0,99.14,667.0,7.0,99.11,218.0,7.0,99.1,1037.0,15.0,99.075,1.0,NaN,99.05,NaN,NaN,99.04,1.0,NaN,99.035,6.0,NaN,98.995,5.0,NaN,98.97,NaN,NaN,98.96,NaN,NaN,98.93,1.0,NaN,98.92,5.0,5.0,98.905,98.87,98.86,NaN,NaN,NaN,NaN,NaN,NaN,NaN,NaN,NaN,NaN,NaN,NaN,NaN,NaN,NaN,NaN,NaN,NaN,NaN,NaN,NaN,NaN,NaN,NaN,NaN,NaN,NaN,NaN,NaN,NaN,NaN,NaN,NaN
2016-03-10,NaN,NaN,NaN,NaN,NaN,NaN,99.6275,73711.0,1896.0,99.615,135077.0,6648.0,99.575,158317.0,19830.0,99.535,60198.0,9120.0,99.495,75462.0,12273.0,99.47,55514.0,6066.0,99.455,20093.0,2714.0,99.42,36997.0,4396.0,99.4,19477.0,1839.0,99.36,22841.0,3840.0,99.33,53650.0,4022.0,99.32,19500.0,1016.0,99.295,12119.0,1253.0,99.265,4262.0,263.0,99.25,7065.0,589.0,99.23,3222.0,851.0,99.205,1677.0,132.0,99.175,367.0,81.0,99.155,1405.0,114.0,99.13,880.0,NaN,99.105,2005.0,NaN,99.075,667.0,NaN,99.04,218.0,NaN,99.035,1037.0,NaN,99.005,1.0,NaN,98.98,NaN,NaN,98.97,1.0,NaN,98.96,6.0,NaN,98.92,5.0,NaN,98.895,NaN,NaN,98.875,NaN,NaN,98.85,1.0,NaN,98.845,5.0,NaN,98.83,98.795,98.785,NaN,NaN,NaN,NaN,NaN,NaN,NaN,NaN,NaN,NaN,NaN,NaN,NaN,NaN,NaN,NaN,NaN,NaN,NaN,NaN,NaN,NaN,NaN,NaN,NaN,NaN,NaN,NaN,NaN,NaN,NaN,NaN,NaN
2016-03-11,NaN,NaN,NaN,NaN,NaN,NaN,99.63,76266.0,12308.0,99.615,137933.0,15466.0,99.57,158746.0,23547.0,99.525,58101.0,4845.0,99.48,73695.0,8503.0,99.455,55742.0,4744.0,99.435,19698.0,1344.0,99.4,37436.0,6526.0,99.375,20781.0,4611.0,99.335,22488.0,2043.0,99.305,49745.0,7867.0,99.285,19667.0,3392.0,99.26,10918.0,5698.0,99.23,4357.0,1032.0,99.205,7257.0,736.0,99.185,3261.0,436.0,99.16,1602.0,213.0,99.13,373.0,56.0,99.11,1770.0,368.0,99.08,836.0,47.0,99.055,2016.0,11.0,99.02,649.0,18.0,98.99,218.0,NaN,98.975,1037.0,NaN,98.95,1.0,NaN,98.92,NaN,NaN,98.91,1.0,NaN,98.9,6.0,NaN,98.86,5.0,NaN,98.835,NaN,NaN,98.815,NaN,NaN,98.79,1.0,NaN,98.785,5.0,NaN,98.765,98.73,98.72,NaN,NaN,NaN,NaN,NaN,NaN,NaN,NaN,NaN,NaN,NaN,NaN,NaN,NaN,NaN,NaN,NaN,NaN,NaN,NaN,NaN,NaN,NaN,NaN,NaN,NaN,NaN,NaN,NaN,NaN,NaN,NaN,NaN
2016-03-14,NaN,NaN,NaN,NaN,NaN,NaN,99.63,83685.0,19631.0,99.615,143203.0,23952.0,99.555,193419.0,96306.0,99.515,58554.0,9107.0,99.47,81655.0,20484.0,99.445,54987.0,8587.0,99.425,20012.0,2343.0,99.39,38459.0,4059.0,99.365,20437.0,1893.0,99.325,22422.0,1501.0,99.295,46499.0,5571.0,99.275,19763.0,2350.0,99.255,10856.0,596.0,99.225,4316.0,158.0,99.2,7233.0,88.0,99.185,3293.0,54.0,99.16,1621.0,22.0,99.13,373.0,1.0,99.11,1770.0,4.0,99.085,836.0,1.0,99.055,2016.0,NaN,99.03,649.0,NaN,98.99,218.0,NaN,98.98,1037.0,NaN,98.955,1.0,NaN,98.925,NaN,NaN,98.915,1.0,NaN,98.905,6.0,NaN,98.865,5.0,NaN,98.84,NaN,NaN,98.82,NaN,NaN,98.795,1.0,NaN,98.79,5.0,NaN,98.77,98.735,98.725,NaN,NaN,NaN,NaN,NaN,NaN,NaN,NaN,NaN,NaN,NaN,NaN,NaN,NaN,NaN,NaN,NaN,NaN,NaN,NaN,NaN,NaN,NaN,NaN,NaN,NaN,NaN,NaN,NaN,NaN,NaN,NaN,NaN
2016-03-15,NaN,NaN,NaN,NaN,NaN,NaN,99.6325,85813.0,4564.0,99.615,140590.0,18682.0,99.56,198131.0,29544.0,99.515,57105.0,7022.0,99.465,78405.0,12979.0,99.435,54132.0,5418.0,99.415,19745.0,1662.0,99.38,38906.0,5605.0,99.355,21595.0,3888.0,99.315,20778.0,11634.0,99.28,46943.0,6515.0,99.26,20100.0,3214.0,99.24,10055.0,1561.0,99.21,4291.0,171.0,99.185,7188.0,88.0,99.165,3299.0,156.0,99.145,1637.0,103.0,99.115,370.0,3.0,99.09,1771.0,40.0,99.07,836.0,8.0,99.045,2016.0,14.0,99.02,649.0,10.0,98.985,218.0,NaN,98.975,1037.0,NaN,98.95,1.0,NaN,98.92,NaN,NaN,98.91,1.0,NaN,98.9,6.0,NaN,98.86,5.0,NaN,98.835,NaN,NaN,98.815,NaN,NaN,98.79,1.0,NaN,98.785,5.0,NaN,98.765,98.73,98.72,NaN,NaN,NaN,NaN,NaN,NaN,NaN,NaN,NaN,NaN,NaN,NaN,NaN,NaN,NaN,NaN,NaN,NaN,NaN,NaN,NaN,NaN,NaN,NaN,NaN,NaN,NaN,NaN,NaN,NaN,NaN,NaN,NaN
2016-03-16,NaN,NaN,NaN,NaN,NaN,NaN,99.6375,88466.0,38485.0,99.635,128797.0,93514.0,99.615,181825.0,137457.0,99.57,57903.0,26895.0,99.53,81712.0,46162.0,99.51,52994.0,17939.0,99.495,19600.0,4840.0,99.465,38374.0,10293.0,99.445,21418.0,6016.0,99.405,21667.0,6383.0,99.375,47024.0,8895.0,99.36,19605.0,2015.0,99.34,10016.0,714.0,99.31,4211.0,488.0,99.285,7109.0,288.0,99.265,3408.0,387.0,99.24,1671.0,243.0,99.21,385.0,51.0,99.185,1833.0,125.0,99.165,809.0,83.0,99.135,2008.0,13.0,99.105,645.0,129.0,99.07,228.0,10.0,99.06,1044.0,7.0,99.03,1.0,NaN,99.005,NaN,NaN,98.99,1.0,NaN,98.975,6.0,NaN,98.935,5.0,NaN,98.91,NaN,NaN,98.89,NaN,NaN,98.865,1.0,NaN,98.86,5.0,NaN,98.84,98.805,98.795,NaN,NaN,NaN,NaN,NaN,NaN,NaN,NaN,NaN,NaN,NaN,NaN,NaN,NaN,NaN,NaN,NaN,NaN,NaN,NaN,NaN,NaN,NaN,NaN,NaN,NaN,NaN,NaN,NaN,NaN,NaN,NaN,NaN
2016-03-17,NaN,NaN,NaN,NaN,NaN,NaN,99.6375,86250.0,26789.0,99.635,121374.0,18113.0,99.615,183970.0,30849.0,99.57,57576.0,7977.0,99.525,83032.0,16043.0,99.495,55092.0,13782.0,99.48,18549.0,5010.0,99.45,37518.0,6459.0,99.43,21073.0,1693.0,99.4,20763.0,3370.0,99.37,48231.0,3303.0,99.35,20106.0,2245.0,99.335,9923.0,229.0,99.305,4194.0,91.0,99.285,7095.0,71.0,99.265,3425.0,219.0,99.245,1671.0,56.0,99.215,397.0,13.0,99.195,1838.0,17.0,99.175,815.0,9.0,99.15,1993.0,25.0,99.125,610.0,35.0,99.085,234.0,15.0,99.08,1052.0,8.0,99.055,1.0,NaN,99.03,NaN,NaN,99.015,1.0,NaN,99.005,6.0,NaN,98.97,5.0,NaN,98.94,NaN,NaN,98.925,NaN,NaN,98.895,1.0,NaN,98.89,5.0,NaN,98.865,98.835,98.825,NaN,NaN,NaN,NaN,NaN,NaN,NaN,NaN,NaN,NaN,NaN,NaN,NaN,NaN,NaN,NaN,NaN,NaN,NaN,NaN,NaN,NaN,NaN,NaN,NaN,NaN,NaN,NaN,NaN,NaN,NaN,NaN,NaN
2016-03-18,NaN,NaN,NaN,NaN,NaN,NaN,99.6375,85585.0,2716.0,99.635,120715.0,3003.0,99.615,185818.0,42225.0,99.57,58864.0,6853.0,99.525,80877.0,11882.0,99.495,55754.0,6085.0,99.48,18230.0,2152.0,99.45,38517.0,5035.0,99.43,21410.0,858.0,99.4,20440.0,1444.0,99.375,49702.0,3199.0,99.36,20095.0,844.0,99.34,10268.0,516.0,99.32,4191.0,231.0,99.305,7136.0,89.0,99.29,3431.0,68.0,99.275,1678.0,16.0,99.25,431.0,101.0,99.23,1956.0,127.0,99.21,823.0,13.0,99.19,1955.0,38.0,99.165,604.0,6.0,99.135,230.0,34.0,99.125,1075.0,23.0,99.105,1.0,NaN,99.075,NaN,NaN,99.065,1.0,NaN,99.06,6.0,NaN,99.02,5.0,NaN,98.995,NaN,NaN,98.975,NaN,NaN,98.95,1.0,NaN,98.94,5.0,NaN,98.92,98.89,98.88,NaN,NaN,NaN,NaN,NaN,NaN,NaN,NaN,NaN,NaN,NaN,NaN,NaN,NaN,NaN,NaN,NaN,NaN,NaN,NaN,NaN,NaN,NaN,NaN,NaN,NaN,NaN,NaN,NaN,NaN,NaN,NaN,NaN
2016-03-21,NaN,NaN,NaN,NaN,NaN,NaN,99.6375,84890.0,828.0,99.63,128799.0,12085.0,99.6,182241.0,36642.0,99.555,58991.0,7210.0,99.51,77250.0,7587.0,99.475,56500.0,3078.0,99.46,16779.0,2162.0,99.425,38770.0,2061.0,99.405,21292.0,346.0,99.37,20622.0,1333.0,99.34,49301.0,1164.0,99.325,20281.0,508.0,99.305,10233.0,119.0,99.285,4215.0,64.0,99.265,7124.0,97.0,99.25,3507.0,297.0,99.23,1691.0,14.0,99.205,438.0,14.0,99.19,2065.0,346.0,99.165,823.0,NaN,99.15,1955.0,NaN,99.12,604.0,NaN,99.09,269.0,230.0,99.08,1075.0,NaN,99.055,1.0,NaN,99.035,NaN,NaN,99.02,1.0,NaN,99.01,6.0,NaN,98.97,5.0,NaN,98.945,NaN,NaN,98.925,NaN,NaN,98.9,1.0,NaN,98.89,5.0,NaN,98.865,98.835,98.825,NaN,NaN,NaN,NaN,NaN,NaN,NaN,NaN,NaN,NaN,NaN,NaN,NaN,NaN,NaN,NaN,NaN,NaN,NaN,NaN,NaN,NaN,NaN,NaN,NaN,NaN,NaN,NaN,NaN,NaN,NaN,NaN,NaN
2016-03-22,NaN,NaN,NaN,NaN,NaN,NaN,99.6375,78394.0,10084.0,99.63,129638.0,4983.0,99.6,182640.0,14121.0,99.55,56943.0,6508.0,99.5,75284.0,12715.0,99.465,55683.0,7841.0,99.45,16880.0,1518.0,99.415,38599.0,2471.0,99.39,21421.0,1387.0,99.35,20751.0,968.0,99.32,48914.0,2797.0,99.3,19896.0,913.0,99.28,10216.0,240.0,99.255,4282.0,259.0,99.235,7093.0,86.0,99.22,3481.0,58.0,99.2,1709.0,34.0,99.175,520.0,91.0,99.16,2050.0,17.0,99.14,825.0,7.0,99.115,1950.0,5.0,99.09,604.0,NaN,99.055,220.0,72.0,99.05,1076.0,1.0,99.02,1.0,NaN,99.0,NaN,NaN,98.985,1.0,NaN,98.97,6.0,NaN,98.93,5.0,NaN,98.905,NaN,NaN,98.89,NaN,NaN,98.865,1.0,NaN,98.86,5.0,NaN,98.83,98.795,98.785,NaN,NaN,NaN,NaN,NaN,NaN,NaN,NaN,NaN,NaN,NaN,NaN,NaN,NaN,NaN,NaN,NaN,NaN,NaN,NaN,NaN,NaN,NaN,NaN,NaN,NaN,NaN,NaN,NaN,NaN,NaN,NaN,NaN
2016-03-23,NaN,NaN,NaN,NaN,NaN,NaN,99.6375,79073.0,1850.0,99.635,129100.0,3484.0,99.61,188512.0,31357.0,99.565,56588.0,8623.0,99.525,82961.0,24685.0,99.485,60417.0,10452.0,99.47,17099.0,2038.0,99.44,37589.0,4322.0,99.415,22340.0,2527.0,99.385,20757.0,922.0,99.36,50164.0,5479.0,99.34,20121.0,1121.0,99.32,10280.0,242.0,99.3,4488.0,534.0,99.285,7112.0,149.0,99.27,3470.0,32.0,99.25,1679.0,64.0,99.225,532.0,43.0,99.205,2056.0,357.0,99.185,825.0,NaN,99.165,1948.0,19.0,99.145,603.0,21.0,99.11,220.0,NaN,99.105,1079.0,3.0,99.075,1.0,NaN,99.055,NaN,NaN,99.04,1.0,NaN,99.025,6.0,NaN,98.99,5.0,NaN,98.965,NaN,NaN,98.945,NaN,NaN,98.92,1.0,NaN,98.915,5.0,NaN,98.885,98.855,98.845,NaN,NaN,NaN,NaN,NaN,NaN,NaN,NaN,NaN,NaN,NaN,NaN,NaN,NaN,NaN,NaN,NaN,NaN,NaN,NaN,NaN,NaN,NaN,NaN,NaN,NaN,NaN,NaN,NaN,NaN,NaN,NaN,NaN
2016-03-24,NaN,NaN,NaN,NaN,NaN,NaN,99.6375,78978.0,1813.0,99.635,129281.0,1696.0,99.61,184086.0,19507.0,99.565,57126.0,3975.0,99.525,90192.0,19809.0,99.48,67326.0,16976.0,99.46,16778.0,2136.0,99.425,37571.0,2538.0,99.395,22087.0,1169.0,99.365,20757.0,855.0,99.335,49898.0,1214.0,99.315,20137.0,490.0,99.295,10229.0,113.0,99.27,4587.0,165.0,99.255,7087.0,57.0,99.235,3457.0,58.0,99.22,1666.0,69.0,99.195,494.0,50.0,99.18,2044.0,108.0,99.16,812.0,21.0,99.14,1850.0,98.0,99.115,552.0,51.0,99.08,220.0,NaN,99.075,1132.0,53.0,99.05,1.0,NaN,99.025,NaN,NaN,99.01,1.0,NaN,99.0,6.0,NaN,98.96,5.0,NaN,98.935,NaN,NaN,98.92,NaN,NaN,98.89,1.0,NaN,98.885,5.0,NaN,98.865,98.83,98.82,NaN,NaN,NaN,NaN,NaN,NaN,NaN,NaN,NaN,NaN,NaN,NaN,NaN,NaN,NaN,NaN,NaN,NaN,NaN,NaN,NaN,NaN,NaN,NaN,NaN,NaN,NaN,NaN,NaN,NaN,NaN,NaN,NaN
2016-03-28,NaN,NaN,NaN,NaN,NaN,NaN,99.6375,79049.0,5637.0,99.635,129034.0,1371.0,99.61,186483.0,14842.0,99.565,55527.0,3247.0,99.525,89875.0,4879.0,99.48,67629.0,1769.0,99.465,16643.0,627.0,99.43,37505.0,732.0,99.4,22047.0,413.0,99.37,20723.0,297.0,99.34,49401.0,1003.0,99.315,20604.0,844.0,99.3,10238.0,60.0,99.28,4587.0,13.0,99.26,7074.0,55.0,99.245,3470.0,13.0,99.23,1624.0,60.0,99.205,489.0,5.0,99.185,2062.0,18.0,99.17,812.0,NaN,99.145,1850.0,NaN,99.125,552.0,NaN,99.085,220.0,NaN,99.085,1136.0,4.0,99.055,1.0,NaN,99.035,NaN,NaN,99.02,1.0,NaN,99.01,6.0,NaN,98.975,5.0,NaN,98.95,NaN,NaN,98.93,NaN,NaN,98.905,1.0,NaN,98.9,5.0,NaN,98.88,98.845,98.83,NaN,NaN,NaN,NaN,NaN,NaN,NaN,NaN,NaN,NaN,NaN,NaN,NaN,NaN,NaN,NaN,NaN,NaN,NaN,NaN,NaN,NaN,NaN,NaN,NaN,NaN,NaN,NaN,NaN,NaN,NaN,NaN,NaN
2016-03-29,NaN,NaN,NaN,NaN,NaN,NaN,99.6375,81105.0,12344.0,99.635,128692.0,11634.0,99.625,182578.0,45452.0,99.59,54061.0,11269.0,99.555,97884.0,33529.0,99.515,70520.0,11738.0,99.505,17216.0,2412.0,99.475,38417.0,5219.0,99.455,22151.0,1771.0,99.425,21072.0,1546.0,99.4,53192.0,6306.0,99.385,20716.0,1707.0,99.37,10459.0,570.0,99.35,4661.0,273.0,99.335,7041.0,77.0,99.32,3488.0,186.0,99.31,1604.0,27.0,99.285,487.0,24.0,99.265,2066.0,20.0,99.25,812.0,12.0,99.23,1838.0,46.0,99.205,621.0,432.0,99.17,220.0,50.0,99.17,1141.0,5.0,99.14,1.0,NaN,99.12,NaN,NaN,99.105,1.0,NaN,99.095,6.0,NaN,99.06,5.0,NaN,99.035,NaN,NaN,99.015,NaN,NaN,98.99,1.0,NaN,98.98,5.0,NaN,98.96,98.925,98.91,NaN,NaN,NaN,NaN,NaN,NaN,NaN,NaN,NaN,NaN,NaN,NaN,NaN,NaN,NaN,NaN,NaN,NaN,NaN,NaN,NaN,NaN,NaN,NaN,NaN,NaN,NaN,NaN,NaN,NaN,NaN,NaN,NaN
2016-03-30,NaN,NaN,NaN,NaN,NaN,NaN,99.6375,79151.0,5219.0,99.635,128660.0,4033.0,99.625,198436.0,46852.0,99.6,55459.0,13554.0,99.575,99472.0,30762.0,99.535,71651.0,6895.0,99.525,18225.0,3907.0,99.505,38977.0,5906.0,99.49,22950.0,2633.0,99.47,21599.0,3400.0,99.445,52979.0,3823.0,99.425,20551.0,2349.0,99.415,10678.0,716.0,99.4,4824.0,383.0,99.38,7030.0,156.0,99.365,3494.0,18.0,99.35,1713.0,352.0,99.33,548.0,73.0,99.31,2073.0,15.0,99.29,824.0,17.0,99.275,1846.0,18.0,99.25,596.0,149.0,99.215,220.0,89.0,99.215,1141.0,1.0,99.19,1.0,NaN,99.165,NaN,NaN,99.155,1.0,NaN,99.14,6.0,NaN,99.1,5.0,NaN,99.075,NaN,NaN,99.06,NaN,NaN,99.035,1.0,NaN,99.025,5.0,NaN,99.0,98.965,98.95,NaN,NaN,NaN,NaN,NaN,NaN,NaN,NaN,NaN,NaN,NaN,NaN,NaN,NaN,NaN,NaN,NaN,NaN,NaN,NaN,NaN,NaN,NaN,NaN,NaN,NaN,NaN,NaN,NaN,NaN,NaN,NaN,NaN
2016-03-31,NaN,NaN,NaN,NaN,NaN,NaN,99.6375,75235.0,9252.0,99.635,127305.0,6113.0,99.625,195551.0,21118.0,99.6,69288.0,33773.0,99.575,106698.0,54623.0,99.535,76849.0,18877.0,99.525,19756.0,4681.0,99.505,41152.0,6480.0,99.49,24065.0,2301.0,99.465,21143.0,2164.0,99.445,53809.0,3881.0,99.425,21562.0,1949.0,99.415,18403.0,9625.0,99.4,4795.0,174.0,99.39,7059.0,93.0,99.375,3502.0,189.0,99.36,1684.0,151.0,99.345,548.0,9.0,99.335,2016.0,66.0,99.32,892.0,68.0,99.305,1886.0,49.0,99.285,668.0,93.0,99.25,220.0,111.0,99.25,1159.0,22.0,99.225,1.0,NaN,99.205,NaN,NaN,99.195,1.0,NaN,99.185,6.0,NaN,99.155,5.0,NaN,99.13,1.0,1.0,99.11,NaN,NaN,99.08,1.0,NaN,99.075,5.0,NaN,99.055,99.025,99.005,98.98,NaN,NaN,NaN,NaN,NaN,NaN,NaN,NaN,NaN,NaN,NaN,NaN,NaN,NaN,NaN,NaN,NaN,NaN,NaN,NaN,NaN,NaN,NaN,NaN,NaN,NaN,NaN,NaN,NaN,NaN,NaN,NaN
2016-04-01,NaN,NaN,NaN,NaN,NaN,NaN,NaN,NaN,NaN,99.635,127599.0,4279.0,99.625,198212.0,20889.0,99.595,68947.0,10861.0,99.565,112203.0,36347.0,99.525,75167.0,13511.0,99.51,19234.0,2599.0,99.48,41244.0,8684.0,99.465,25400.0,3853.0,99.44,20991.0,3775.0,99.41,52544.0,4715.0,99.395,21488.0,1178.0,99.38,18268.0,606.0,99.365,4870.0,682.0,99.35,7497.0,1028.0,99.335,11655.0,8822.0,99.325,1826.0,363.0,99.305,734.0,240.0,99.295,2009.0,21.0,99.275,894.0,15.0,99.265,1889.0,25.0,99.245,702.0,74.0,99.215,365.0,207.0,99.21,1159.0,37.0,99.185,1.0,NaN,99.17,NaN,NaN,99.155,1.0,NaN,99.145,6.0,NaN,99.115,5.0,NaN,99.09,1.0,NaN,99.075,NaN,NaN,99.045,1.0,NaN,99.04,5.0,NaN,99.02,98.99,98.965,98.945,NaN,NaN,NaN,NaN,NaN,NaN,NaN,NaN,NaN,NaN,NaN,NaN,NaN,NaN,NaN,NaN,NaN,NaN,NaN,NaN,NaN,NaN,NaN,NaN,NaN,NaN,NaN,NaN,NaN,NaN,NaN,NaN
2016-04-04,NaN,NaN,NaN,NaN,NaN,NaN,NaN,NaN,NaN,99.6375,127470.0,2440.0,99.63,204249.0,20831.0,99.6,69776.0,3478.0,99.57,115452.0,20431.0,99.535,75538.0,7791.0,99.52,19308.0,914.0,99.49,40972.0,2558.0,99.475,25355.0,644.0,99.45,20874.0,2743.0,99.43,52734.0,2902.0,99.41,21878.0,1027.0,99.395,18408.0,847.0,99.385,4968.0,211.0,99.37,7466.0,188.0,99.355,11695.0,172.0,99.345,1818.0,157.0,99.33,750.0,16.0,99.315,2009.0,NaN,99.3,894.0,12.0,99.29,1889.0,18.0,99.265,730.0,73.0,99.235,361.0,72.0,99.235,1148.0,37.0,99.21,1.0,NaN,99.195,NaN,NaN,99.185,1.0,NaN,99.165,6.0,NaN,99.135,5.0,NaN,99.11,1.0,NaN,99.1,NaN,NaN,99.07,1.0,NaN,99.065,5.0,NaN,99.045,99.015,98.99,98.97,NaN,NaN,NaN,NaN,NaN,NaN,NaN,NaN,NaN,NaN,NaN,NaN,NaN,NaN,NaN,NaN,NaN,NaN,NaN,NaN,NaN,NaN,NaN,NaN,NaN,NaN,NaN,NaN,NaN,NaN,NaN,NaN
2016-04-05,NaN,NaN,NaN,NaN,NaN,NaN,NaN,NaN,NaN,99.6375,121925.0,10775.0,99.63,202646.0,8056.0,99.605,70428.0,4770.0,99.58,133942.0,35651.0,99.55,85442.0,22363.0,99.54,19028.0,4475.0,99.515,47090.0,13827.0,99.505,26101.0,1558.0,99.48,20545.0,1736.0,99.46,53791.0,3091.0,99.45,21971.0,678.0,99.435,18489.0,554.0,99.425,4988.0,688.0,99.415,7441.0,135.0,99.395,11640.0,132.0,99.39,1940.0,553.0,99.375,880.0,142.0,99.36,2009.0,11.0,99.345,920.0,43.0,99.335,1923.0,39.0,99.315,1015.0,300.0,99.285,376.0,24.0,99.285,1097.0,71.0,99.265,1.0,NaN,99.25,NaN,NaN,99.24,1.0,NaN,99.225,6.0,NaN,99.2,5.0,NaN,99.175,1.0,NaN,99.165,NaN,NaN,99.135,1.0,NaN,99.13,5.0,NaN,99.11,99.085,99.06,99.045,NaN,NaN,NaN,NaN,NaN,NaN,NaN,NaN,NaN,NaN,NaN,NaN,NaN,NaN,NaN,NaN,NaN,NaN,NaN,NaN,NaN,NaN,NaN,NaN,NaN,NaN,NaN,NaN,NaN,NaN,NaN,NaN
2016-04-06,NaN,NaN,NaN,NaN,NaN,NaN,NaN,NaN,NaN,99.6375,120487.0,2186.0,99.63,204897.0,13387.0,99.605,69302.0,5408.0,99.58,139654.0,30060.0,99.545,94999.0,21643.0,99.535,19673.0,2315.0,99.51,48667.0,8965.0,99.5,26066.0,2242.0,99.475,20608.0,942.0,99.45,55190.0,2437.0,99.44,22066.0,588.0,99.425,18523.0,187.0,99.41,5032.0,110.0,99.395,7513.0,291.0,99.38,11663.0,121.0,99.37,2026.0,161.0,99.355,933.0,115.0,99.34,2016.0,8.0,99.325,932.0,13.0,99.315,1921.0,5.0,99.3,1015.0,154.0,99.265,447.0,71.0,99.265,1097.0,50.0,99.24,1.0,NaN,99.225,NaN,NaN,99.215,1.0,NaN,99.2,6.0,NaN,99.175,5.0,NaN,99.15,1.0,NaN,99.135,NaN,NaN,99.11,1.0,NaN,99.105,5.0,NaN,99.085,99.055,99.03,99.02,NaN,NaN,NaN,NaN,NaN,NaN,NaN,NaN,NaN,NaN,NaN,NaN,NaN,NaN,NaN,NaN,NaN,NaN,NaN,NaN,NaN,NaN,NaN,NaN,NaN,NaN,NaN,NaN,NaN,NaN,NaN,NaN
2016-04-07,NaN,NaN,NaN,NaN,NaN,NaN,NaN,NaN,NaN,99.6375,120246.0,823.0,99.63,193458.0,17037.0,99.61,71307.0,5494.0,99.59,147915.0,25578.0,99.56,105873.0,25182.0,99.555,20304.0,4181.0,99.53,56297.0,16975.0,99.52,28379.0,6482.0,99.495,20185.0,2022.0,99.475,56364.0,6965.0,99.46,22282.0,854.0,99.45,18877.0,621.0,99.44,5119.0,282.0,99.43,7311.0,366.0,99.415,11578.0,135.0,99.405,2359.0,547.0,99.39,988.0,108.0,99.375,2010.0,11.0,99.365,941.0,13.0,99.355,1945.0,87.0,99.335,1132.0,272.0,99.305,491.0,103.0,99.3,1072.0,39.0,99.28,1.0,NaN,99.27,NaN,NaN,99.26,1.0,NaN,99.25,6.0,NaN,99.225,5.0,NaN,99.21,1.0,NaN,99.19,NaN,NaN,99.175,1.0,NaN,99.16,5.0,NaN,99.15,99.125,99.105,99.085,NaN,NaN,NaN,NaN,NaN,NaN,NaN,NaN,NaN,NaN,NaN,NaN,NaN,NaN,NaN,NaN,NaN,NaN,NaN,NaN,NaN,NaN,NaN,NaN,NaN,NaN,NaN,NaN,NaN,NaN,NaN,NaN
2016-04-08,NaN,NaN,NaN,NaN,NaN,NaN,NaN,NaN,NaN,99.64,120336.0,595.0,99.63,194061.0,3845.0,99.61,69640.0,7443.0,99.59,151224.0,12377.0,99.555,106539.0,8777.0,99.55,20436.0,1631.0,99.525,59435.0,10755.0,99.515,29050.0,3269.0,99.495,21392.0,2764.0,99.47,57791.0,9042.0,99.455,22151.0,1781.0,99.44,19196.0,581.0,99.43,5567.0,1165.0,99.415,8711.0,1894.0,99.4,11617.0,276.0,99.39,3422.0,1340.0,99.375,998.0,58.0,99.36,2031.0,27.0,99.345,953.0,30.0,99.335,1900.0,80.0,99.315,1129.0,7.0,99.28,559.0,99.0,99.28,1064.0,23.0,99.255,1.0,NaN,99.24,NaN,NaN,99.235,1.0,NaN,99.225,6.0,NaN,99.195,5.0,NaN,99.175,1.0,NaN,99.16,NaN,NaN,99.135,1.0,NaN,99.13,5.0,NaN,99.115,99.08,99.06,99.05,NaN,NaN,NaN,NaN,NaN,NaN,NaN,NaN,NaN,NaN,NaN,NaN,NaN,NaN,NaN,NaN,NaN,NaN,NaN,NaN,NaN,NaN,NaN,NaN,NaN,NaN,NaN,NaN,NaN,NaN,NaN,NaN
2016-04-11,NaN,NaN,NaN,NaN,NaN,NaN,NaN,NaN,NaN,99.64,120366.0,110.0,99.63,194056.0,1405.0,99.61,71759.0,3715.0,99.59,162985.0,23456.0,99.555,108477.0,11065.0,99.55,21206.0,2100.0,99.525,61176.0,5854.0,99.515,29191.0,2378.0,99.495,23134.0,2977.0,99.475,58802.0,2933.0,99.46,21974.0,1276.0,99.445,19205.0,343.0,99.435,5768.0,825.0,99.42,8708.0,320.0,99.405,11646.0,412.0,99.4,3503.0,155.0,99.385,1121.0,156.0,99.37,2148.0,125.0,99.355,939.0,24.0,99.345,1834.0,123.0,99.325,1139.0,14.0,99.29,559.0,12.0,99.29,1064.0,NaN,99.27,1.0,NaN,99.255,NaN,NaN,99.245,1.0,NaN,99.23,6.0,NaN,99.2,5.0,NaN,99.18,1.0,NaN,99.165,NaN,NaN,99.14,1.0,NaN,99.14,5.0,NaN,99.12,99.095,99.065,99.05,NaN,NaN,NaN,NaN,NaN,NaN,NaN,NaN,NaN,NaN,NaN,NaN,NaN,NaN,NaN,NaN,NaN,NaN,NaN,NaN,NaN,NaN,NaN,NaN,NaN,NaN,NaN,NaN,NaN,NaN,NaN,NaN
2016-04-12,NaN,NaN,NaN,NaN,NaN,NaN,NaN,NaN,NaN,99.64,118523.0,3290.0,99.63,193978.0,2423.0,99.61,71595.0,3211.0,99.585,165351.0,9860.0,99.555,108888.0,5068.0,99.54,21120.0,1547.0,99.52,62503.0,5277.0,99.505,29283.0,1482.0,99.485,23240.0,941.0,99.46,59640.0,3926.0,99.445,23294.0,2504.0,99.425,19189.0,378.0,99.415,5828.0,544.0,99.4,8708.0,301.0,99.38,11570.0,222.0,99.37,3511.0,112.0,99.355,1175.0,69.0,99.335,2148.0,NaN,99.32,934.0,43.0,99.305,1834.0,NaN,99.285,1139.0,15.0,99.25,628.0,314.0,99.25,1032.0,160.0,99.225,1.0,NaN,99.21,NaN,NaN,99.2,1.0,NaN,99.185,6.0,NaN,99.16,5.0,NaN,99.14,1.0,NaN,99.12,NaN,NaN,99.095,1.0,NaN,99.09,5.0,NaN,99.075,99.045,99.015,99.0,NaN,NaN,NaN,NaN,NaN,NaN,NaN,NaN,NaN,NaN,NaN,NaN,NaN,NaN,NaN,NaN,NaN,NaN,NaN,NaN,NaN,NaN,NaN,NaN,NaN,NaN,NaN,NaN,NaN,NaN,NaN,NaN
2016-04-13,NaN,NaN,NaN,NaN,NaN,NaN,NaN,NaN,NaN,99.64,118262.0,3045.0,99.63,194986.0,7238.0,99.61,70787.0,7754.0,99.585,171222.0,28280.0,99.555,111053.0,16924.0,99.54,20661.0,4985.0,99.52,62184.0,7828.0,99.505,30287.0,7493.0,99.485,24800.0,3549.0,99.46,61406.0,5936.0,99.445,23305.0,1072.0,99.425,19265.0,1137.0,99.415,5748.0,533.0,99.4,9469.0,1100.0,99.38,11598.0,363.0,99.37,3697.0,454.0,99.35,1170.0,23.0,99.335,2150.0,21.0,99.32,933.0,6.0,99.305,1801.0,49.0,99.285,1145.0,106.0,99.25,628.0,NaN,99.25,1030.0,2.0,99.225,1.0,NaN,99.21,NaN,NaN,99.2,1.0,NaN,99.19,6.0,NaN,99.16,5.0,NaN,99.14,1.0,NaN,99.125,NaN,NaN,99.1,1.0,NaN,99.1,5.0,NaN,99.08,99.055,99.025,99.01,NaN,NaN,NaN,NaN,NaN,NaN,NaN,NaN,NaN,NaN,NaN,NaN,NaN,NaN,NaN,NaN,NaN,NaN,NaN,NaN,NaN,NaN,NaN,NaN,NaN,NaN,NaN,NaN,NaN,NaN,NaN,NaN
2016-04-14,NaN,NaN,NaN,NaN,NaN,NaN,NaN,NaN,NaN,99.6375,120264.0,8198.0,99.63,194195.0,6316.0,99.61,71834.0,5688.0,99.59,173727.0,28829.0,99.555,108826.0,12193.0,99.54,21979.0,4982.0,99.515,61120.0,9171.0,99.505,30122.0,2511.0,99.48,24923.0,968.0,99.455,61656.0,2435.0,99.435,23556.0,1601.0,99.42,19368.0,332.0,99.405,5822.0,238.0,99.39,9569.0,387.0,99.37,11674.0,274.0,99.36,3878.0,471.0,99.34,1312.0,188.0,99.325,2217.0,76.0,99.305,970.0,76.0,99.29,1860.0,90.0,99.265,1145.0,82.0,99.235,657.0,91.0,99.235,1040.0,65.0,99.21,70.0,69.0,99.19,NaN,NaN,99.185,1.0,NaN,99.17,6.0,NaN,99.145,5.0,NaN,99.12,1.0,NaN,99.105,NaN,NaN,99.075,1.0,NaN,99.075,5.0,NaN,99.06,99.035,99.005,98.99,NaN,NaN,NaN,NaN,NaN,NaN,NaN,NaN,NaN,NaN,NaN,NaN,NaN,NaN,NaN,NaN,NaN,NaN,NaN,NaN,NaN,NaN,NaN,NaN,NaN,NaN,NaN,NaN,NaN,NaN,NaN,NaN
2016-04-15,NaN,NaN,NaN,NaN,NaN,NaN,NaN,NaN,NaN,99.6375,120333.0,1962.0,99.63,194271.0,2579.0,99.615,69158.0,6998.0,99.595,179374.0,14449.0,99.56,111105.0,8630.0,99.55,23635.0,2946.0,99.525,64953.0,10928.0,99.515,31059.0,2933.0,99.49,24831.0,1460.0,99.465,63125.0,5414.0,99.45,23633.0,379.0,99.44,19456.0,225.0,99.43,5830.0,1787.0,99.415,9602.0,525.0,99.4,11680.0,152.0,99.39,3836.0,182.0,99.375,1348.0,44.0,99.36,2210.0,7.0,99.345,970.0,NaN,99.33,1815.0,54.0,99.31,1116.0,81.0,99.28,650.0,14.0,99.28,1023.0,17.0,99.255,70.0,NaN,99.235,NaN,NaN,99.23,1.0,NaN,99.215,6.0,NaN,99.185,5.0,NaN,99.165,1.0,NaN,99.145,NaN,NaN,99.12,1.0,NaN,99.12,5.0,NaN,99.1,99.075,99.045,99.03,0.0,NaN,NaN,NaN,NaN,NaN,NaN,NaN,NaN,NaN,NaN,NaN,NaN,NaN,NaN,NaN,NaN,NaN,NaN,NaN,NaN,NaN,NaN,NaN,NaN,NaN,NaN,NaN,NaN,NaN,NaN,NaN
2016-04-18,NaN,NaN,NaN,NaN,NaN,NaN,NaN,NaN,NaN,99.6375,120509.0,1736.0,99.63,190286.0,7694.0,99.615,71951.0,15554.0,99.595,194318.0,30578.0,99.56,115835.0,13196.0,99.55,23967.0,1569.0,99.525,66165.0,6345.0,99.515,31294.0,2887.0,99.495,24792.0,1224.0,99.47,62913.0,3065.0,99.455,22620.0,2479.0,99.44,19369.0,448.0,99.43,6064.0,620.0,99.415,9537.0,215.0,99.395,11658.0,224.0,99.385,4048.0,427.0,99.37,1445.0,107.0,99.35,2213.0,3.0,99.33,970.0,7.0,99.315,1843.0,81.0,99.295,1531.0,455.0,99.265,656.0,17.0,99.26,1010.0,34.0,99.245,70.0,NaN,99.225,NaN,NaN,99.215,1.0,NaN,99.2,6.0,NaN,99.175,5.0,NaN,99.15,1.0,NaN,99.13,NaN,NaN,99.105,1.0,NaN,99.105,5.0,NaN,99.085,99.06,99.03,99.015,0.0,NaN,NaN,NaN,NaN,NaN,NaN,NaN,NaN,NaN,NaN,NaN,NaN,NaN,NaN,NaN,NaN,NaN,NaN,NaN,NaN,NaN,NaN,NaN,NaN,NaN,NaN,NaN,NaN,NaN,NaN,NaN
2016-04-19,NaN,NaN,NaN,NaN,NaN,NaN,NaN,NaN,NaN,99.6375,120529.0,634.0,99.63,192491.0,8311.0,99.61,76067.0,12281.0,99.59,200156.0,38065.0,99.55,120593.0,16054.0,99.54,25068.0,3780.0,99.51,65762.0,9318.0,99.5,33995.0,6359.0,99.475,24999.0,2868.0,99.445,58499.0,8950.0,99.43,22536.0,1616.0,99.415,19457.0,822.0,99.4,5988.0,456.0,99.385,9510.0,243.0,99.365,11563.0,299.0,99.35,4079.0,205.0,99.335,1457.0,12.0,99.315,2224.0,31.0,99.295,972.0,26.0,99.275,1828.0,17.0,99.255,1531.0,2.0,99.225,674.0,30.0,99.22,999.0,18.0,99.2,70.0,NaN,99.18,NaN,NaN,99.17,1.0,NaN,99.16,6.0,NaN,99.13,5.0,NaN,99.11,1.0,NaN,99.095,NaN,NaN,99.07,1.0,NaN,99.065,5.0,NaN,99.045,99.02,98.99,98.975,0.0,NaN,NaN,NaN,NaN,NaN,NaN,NaN,NaN,NaN,NaN,NaN,NaN,NaN,NaN,NaN,NaN,NaN,NaN,NaN,NaN,NaN,NaN,NaN,NaN,NaN,NaN,NaN,NaN,NaN,NaN,NaN
2016-04-20,NaN,NaN,NaN,NaN,NaN,NaN,NaN,NaN,NaN,99.6375,120990.0,1178.0,99.63,192792.0,4664.0,99.605,76089.0,6670.0,99.58,199058.0,18938.0,99.535,114000.0,16814.0,99.52,25723.0,2777.0,99.485,64336.0,9069.0,99.47,36392.0,5149.0,99.44,25126.0,4819.0,99.41,57377.0,6162.0,99.39,22422.0,1155.0,99.37,19616.0,446.0,99.345,6400.0,1552.0,99.33,9529.0,252.0,99.31,11387.0,417.0,99.295,4172.0,445.0,99.275,1558.0,150.0,99.25,2240.0,21.0,99.23,969.0,8.0,99.21,1807.0,26.0,99.19,1529.0,46.0,99.155,709.0,35.0,99.15,970.0,32.0,99.13,70.0,NaN,99.11,NaN,NaN,99.095,1.0,NaN,99.08,6.0,NaN,99.055,5.0,NaN,99.03,1.0,NaN,99.015,NaN,NaN,98.99,1.0,NaN,98.985,5.0,NaN,98.965,98.935,98.905,98.89,0.0,NaN,NaN,NaN,NaN,NaN,NaN,NaN,NaN,NaN,NaN,NaN,NaN,NaN,NaN,NaN,NaN,NaN,NaN,NaN,NaN,NaN,NaN,NaN,NaN,NaN,NaN,NaN,NaN,NaN,NaN,NaN
2016-04-21,NaN,NaN,NaN,NaN,NaN,NaN,NaN,NaN,NaN,99.6375,120991.0,4440.0,99.63,196059.0,146818.0,99.605,77524.0,11915.0,99.58,201053.0,21237.0,99.535,109256.0,13109.0,99.52,27164.0,3880.0,99.485,62703.0,14664.0,99.47,35281.0,8204.0,99.44,24703.0,2835.0,99.405,54010.0,8231.0,99.385,20617.0,4291.0,99.37,19465.0,1706.0,99.345,7000.0,1133.0,99.33,9556.0,186.0,99.31,11362.0,207.0,99.29,4161.0,121.0,99.27,1565.0,22.0,99.25,2244.0,6.0,99.23,969.0,5.0,99.21,1797.0,15.0,99.185,1534.0,8.0,99.15,708.0,33.0,99.14,966.0,13.0,99.115,75.0,5.0,99.095,NaN,NaN,99.08,1.0,NaN,99.07,6.0,NaN,99.04,5.0,NaN,99.015,1.0,NaN,99.0,NaN,NaN,98.97,1.0,NaN,98.965,5.0,NaN,98.945,98.92,98.885,98.87,0.0,NaN,NaN,NaN,NaN,NaN,NaN,NaN,NaN,NaN,NaN,NaN,NaN,NaN,NaN,NaN,NaN,NaN,NaN,NaN,NaN,NaN,NaN,NaN,NaN,NaN,NaN,NaN,NaN,NaN,NaN,NaN
2016-04-22,NaN,NaN,NaN,NaN,NaN,NaN,NaN,NaN,NaN,99.6375,121020.0,111.0,99.63,180650.0,4229.0,99.605,79201.0,6313.0,99.58,205985.0,21245.0,99.535,110646.0,10631.0,99.52,26558.0,2855.0,99.485,62603.0,1806.0,99.47,35612.0,1544.0,99.44,24866.0,816.0,99.405,52568.0,3010.0,99.385,20505.0,766.0,99.37,19390.0,182.0,99.345,7010.0,96.0,99.33,9556.0,115.0,99.31,11168.0,256.0,99.29,4160.0,88.0,99.27,1571.0,11.0,99.25,2258.0,39.0,99.23,1016.0,144.0,99.21,1824.0,105.0,99.18,1534.0,NaN,99.15,708.0,11.0,99.14,965.0,1.0,99.115,75.0,1.0,99.09,NaN,NaN,99.075,1.0,NaN,99.06,6.0,NaN,99.03,5.0,NaN,99.005,1.0,NaN,98.99,NaN,NaN,98.96,1.0,NaN,98.955,5.0,NaN,98.935,98.905,98.875,98.855,0.0,NaN,NaN,NaN,NaN,NaN,NaN,NaN,NaN,NaN,NaN,NaN,NaN,NaN,NaN,NaN,NaN,NaN,NaN,NaN,NaN,NaN,NaN,NaN,NaN,NaN,NaN,NaN,NaN,NaN,NaN,NaN
2016-04-25,NaN,NaN,NaN,NaN,NaN,NaN,NaN,NaN,NaN,99.6375,120957.0,482.0,99.63,177544.0,5390.0,99.605,80770.0,14025.0,99.58,221152.0,38904.0,99.535,111457.0,12552.0,99.52,26585.0,1580.0,99.48,62660.0,3958.0,99.46,35435.0,1751.0,99.425,25114.0,2166.0,99.395,52606.0,940.0,99.375,20522.0,637.0,99.355,18922.0,1331.0,99.33,7173.0,214.0,99.315,9634.0,615.0,99.29,11119.0,100.0,99.275,4160.0,76.0,99.255,1587.0,18.0,99.23,2258.0,NaN,99.21,1016.0,12.0,99.19,1824.0,12.0,99.165,1534.0,2.0,99.13,708.0,1.0,99.12,961.0,4.0,99.095,175.0,100.0,99.08,NaN,NaN,99.065,1.0,NaN,99.05,6.0,NaN,99.02,5.0,NaN,98.995,1.0,NaN,98.975,NaN,NaN,98.95,1.0,NaN,98.94,5.0,NaN,98.92,98.89,98.86,98.845,0.0,NaN,NaN,NaN,NaN,NaN,NaN,NaN,NaN,NaN,NaN,NaN,NaN,NaN,NaN,NaN,NaN,NaN,NaN,NaN,NaN,NaN,NaN,NaN,NaN,NaN,NaN,NaN,NaN,NaN,NaN,NaN
2016-04-26,NaN,NaN,NaN,NaN,NaN,NaN,NaN,NaN,NaN,99.6375,120364.0,3436.0,99.63,177886.0,6116.0,99.605,79977.0,10768.0,99.575,214183.0,39731.0,99.53,110269.0,15524.0,99.51,24887.0,5323.0,99.47,62073.0,4665.0,99.45,34570.0,3338.0,99.41,25035.0,1206.0,99.38,48865.0,5956.0,99.355,19695.0,1142.0,99.335,18918.0,564.0,99.31,6981.0,556.0,99.29,9457.0,351.0,99.27,11288.0,341.0,99.25,4043.0,189.0,99.23,1588.0,3.0,99.21,2271.0,13.0,99.19,1018.0,12.0,99.17,1833.0,14.0,99.14,1510.0,49.0,99.105,694.0,21.0,99.095,961.0,NaN,99.07,175.0,NaN,99.05,NaN,NaN,99.035,1.0,NaN,99.025,6.0,NaN,98.99,5.0,NaN,98.97,1.0,NaN,98.945,NaN,NaN,98.915,1.0,NaN,98.91,5.0,NaN,98.89,98.865,98.83,98.815,0.0,NaN,NaN,NaN,NaN,NaN,NaN,NaN,NaN,NaN,NaN,NaN,NaN,NaN,NaN,NaN,NaN,NaN,NaN,NaN,NaN,NaN,NaN,NaN,NaN,NaN,NaN,NaN,NaN,NaN,NaN,NaN
2016-04-27,NaN,NaN,NaN,NaN,NaN,NaN,NaN,NaN,NaN,99.6375,121296.0,9786.0,99.635,141533.0,107169.0,99.61,81057.0,32868.0,99.58,230000.0,70715.0,99.535,109481.0,28786.0,99.515,25968.0,8808.0,99.48,63226.0,9962.0,99.455,32396.0,7964.0,99.42,26462.0,6423.0,99.39,48079.0,4927.0,99.37,19383.0,2525.0,99.35,18858.0,1148.0,99.325,6960.0,587.0,99.31,9468.0,336.0,99.285,11256.0,145.0,99.27,3922.0,403.0,99.25,1642.0,64.0,99.23,2313.0,49.0,99.21,1011.0,10.0,99.195,1833.0,1.0,99.165,1509.0,175.0,99.135,694.0,NaN,99.125,955.0,20.0,99.105,175.0,NaN,99.09,NaN,NaN,99.075,1.0,NaN,99.065,6.0,NaN,99.035,5.0,NaN,99.015,1.0,NaN,98.995,NaN,NaN,98.97,1.0,NaN,98.965,5.0,NaN,98.95,98.92,98.89,98.875,0.0,NaN,NaN,NaN,NaN,NaN,NaN,NaN,NaN,NaN,NaN,NaN,NaN,NaN,NaN,NaN,NaN,NaN,NaN,NaN,NaN,NaN,NaN,NaN,NaN,NaN,NaN,NaN,NaN,NaN,NaN,NaN
2016-04-28,NaN,NaN,NaN,NaN,NaN,NaN,NaN,NaN,NaN,99.6375,120732.0,1282.0,99.635,137000.0,8657.0,99.615,82545.0,24555.0,99.595,234990.0,37365.0,99.555,107988.0,17345.0,99.535,26376.0,2149.0,99.495,65384.0,6944.0,99.485,32459.0,2671.0,99.455,26608.0,2698.0,99.425,47074.0,3463.0,99.405,19140.0,1533.0,99.39,19212.0,704.0,99.37,8263.0,1744.0,99.355,9423.0,1464.0,99.34,11696.0,1565.0,99.32,3963.0,513.0,99.305,1768.0,205.0,99.29,2320.0,60.0,99.265,771.0,298.0,99.245,1833.0,35.0,99.22,1513.0,109.0,99.19,703.0,99.0,99.185,904.0,69.0,99.155,175.0,NaN,99.14,NaN,NaN,99.125,1.0,NaN,99.115,6.0,NaN,99.085,5.0,NaN,99.06,1.0,NaN,99.045,NaN,NaN,99.015,1.0,NaN,99.01,5.0,NaN,98.99,98.96,98.93,98.915,NaN,NaN,NaN,NaN,NaN,NaN,NaN,NaN,NaN,NaN,NaN,NaN,NaN,NaN,NaN,NaN,NaN,NaN,NaN,NaN,NaN,NaN,NaN,NaN,NaN,NaN,NaN,NaN,NaN,NaN,NaN,NaN
2016-04-29,NaN,NaN,NaN,NaN,NaN,NaN,NaN,NaN,NaN,99.6375,119085.0,2710.0,99.635,131583.0,8242.0,99.615,81490.0,6914.0,99.595,236344.0,23934.0,99.555,109799.0,10512.0,99.54,26164.0,1145.0,99.5,66209.0,3568.0,99.49,32538.0,2001.0,99.46,26013.0,1880.0,99.43,47159.0,1425.0,99.415,18894.0,840.0,99.395,19248.0,294.0,99.38,8303.0,409.0,99.365,9372.0,216.0,99.345,11446.0,326.0,99.33,4001.0,246.0,99.315,1895.0,171.0,99.295,2369.0,50.0,99.28,623.0,157.0,99.255,1726.0,107.0,99.23,1513.0,49.0,99.2,807.0,105.0,99.19,861.0,43.0,99.165,175.0,NaN,99.15,NaN,NaN,99.135,1.0,NaN,99.12,6.0,NaN,99.09,5.0,NaN,99.065,1.0,NaN,99.05,NaN,NaN,99.025,1.0,NaN,99.02,5.0,NaN,99.0,98.975,98.945,98.93,98.9,NaN,NaN,NaN,NaN,NaN,NaN,NaN,NaN,NaN,NaN,NaN,NaN,NaN,NaN,NaN,NaN,NaN,NaN,NaN,NaN,NaN,NaN,NaN,NaN,NaN,NaN,NaN,NaN,NaN,NaN,NaN
2016-05-02,NaN,NaN,NaN,NaN,NaN,NaN,NaN,NaN,NaN,NaN,NaN,NaN,99.635,127114.0,13706.0,99.615,82186.0,7127.0,99.595,233054.0,9592.0,99.555,108869.0,2974.0,99.54,26280.0,1677.0,99.5,66892.0,2835.0,99.485,32616.0,3656.0,99.45,25860.0,2157.0,99.42,46608.0,2521.0,99.4,18738.0,551.0,99.38,19118.0,314.0,99.36,8170.0,327.0,99.34,9392.0,113.0,99.32,11273.0,214.0,99.3,3957.0,120.0,99.285,2015.0,202.0,99.265,2677.0,351.0,99.245,591.0,53.0,99.225,1726.0,NaN,99.2,1513.0,NaN,99.17,894.0,114.0,99.16,845.0,21.0,99.13,175.0,NaN,99.12,NaN,NaN,99.105,1.0,NaN,99.09,6.0,NaN,99.055,5.0,NaN,99.035,1.0,NaN,99.015,NaN,NaN,98.985,1.0,NaN,98.98,5.0,NaN,98.965,98.93,98.895,98.89,98.87,NaN,NaN,NaN,NaN,NaN,NaN,NaN,NaN,NaN,NaN,NaN,NaN,NaN,NaN,NaN,NaN,NaN,NaN,NaN,NaN,NaN,NaN,NaN,NaN,NaN,NaN,NaN,NaN,NaN,NaN,NaN
2016-05-03,NaN,NaN,NaN,NaN,NaN,NaN,NaN,NaN,NaN,NaN,NaN,NaN,99.64,123640.0,31915.0,99.615,82860.0,12195.0,99.595,232491.0,16320.0,99.56,113932.0,10271.0,99.545,30662.0,7205.0,99.515,66256.0,4804.0,99.5,33262.0,2525.0,99.47,25907.0,684.0,99.445,47143.0,1792.0,99.425,18648.0,2328.0,99.41,18208.0,1608.0,99.395,8271.0,402.0,99.375,9409.0,210.0,99.36,11222.0,161.0,99.34,3993.0,156.0,99.325,2092.0,153.0,99.31,2675.0,7.0,99.29,537.0,107.0,99.27,1617.0,114.0,99.25,1514.0,44.0,99.215,941.0,47.0,99.215,817.0,40.0,99.185,175.0,NaN,99.17,NaN,NaN,99.16,1.0,NaN,99.145,6.0,NaN,99.115,5.0,NaN,99.095,1.0,NaN,99.075,NaN,NaN,99.045,1.0,NaN,99.045,5.0,NaN,99.03,99.0,98.965,98.96,98.94,NaN,NaN,NaN,NaN,NaN,NaN,NaN,NaN,NaN,NaN,NaN,NaN,NaN,NaN,NaN,NaN,NaN,NaN,NaN,NaN,NaN,NaN,NaN,NaN,NaN,NaN,NaN,NaN,NaN,NaN,NaN
2016-05-04,NaN,NaN,NaN,NaN,NaN,NaN,NaN,NaN,NaN,NaN,NaN,NaN,99.6375,122416.0,20657.0,99.62,84487.0,8452.0,99.6,233339.0,22844.0,99.56,118400.0,14721.0,99.55,32228.0,4089.0,99.52,68621.0,13400.0,99.51,34664.0,7634.0,99.48,26533.0,4682.0,99.455,47206.0,3602.0,99.44,18198.0,1692.0,99.425,18224.0,345.0,99.41,8287.0,1040.0,99.39,9356.0,247.0,99.375,11526.0,728.0,99.36,4034.0,644.0,99.345,2425.0,461.0,99.33,2677.0,4.0,99.31,543.0,19.0,99.295,1620.0,5.0,99.265,1530.0,56.0,99.235,987.0,59.0,99.23,790.0,41.0,99.21,179.0,4.0,99.195,NaN,NaN,99.185,1.0,NaN,99.17,6.0,NaN,99.14,5.0,NaN,99.12,1.0,NaN,99.105,NaN,NaN,99.075,1.0,NaN,99.075,5.0,NaN,99.06,99.03,98.995,98.985,98.965,NaN,NaN,NaN,NaN,NaN,NaN,NaN,NaN,NaN,NaN,NaN,NaN,NaN,NaN,NaN,NaN,NaN,NaN,NaN,NaN,NaN,NaN,NaN,NaN,NaN,NaN,NaN,NaN,NaN,NaN,NaN
2016-05-05,NaN,NaN,NaN,NaN,NaN,NaN,NaN,NaN,NaN,NaN,NaN,NaN,99.6375,120779.0,7390.0,99.62,89008.0,11282.0,99.6,248470.0,54439.0,99.565,138201.0,53865.0,99.555,31607.0,6819.0,99.53,79019.0,25140.0,99.52,38343.0,10336.0,99.495,28002.0,3542.0,99.47,48687.0,3906.0,99.455,18757.0,1280.0,99.445,18392.0,1013.0,99.43,8746.0,1459.0,99.415,9356.0,576.0,99.4,11819.0,686.0,99.385,4032.0,269.0,99.375,2622.0,276.0,99.355,2789.0,120.0,99.345,543.0,51.0,99.325,1662.0,47.0,99.305,1589.0,59.0,99.275,1064.0,116.0,99.27,799.0,165.0,99.245,311.0,132.0,99.23,66.0,66.0,99.225,1.0,NaN,99.215,6.0,NaN,99.185,5.0,NaN,99.165,1.0,NaN,99.155,NaN,NaN,99.125,1.0,NaN,99.125,5.0,NaN,99.105,99.075,99.045,99.035,99.02,NaN,NaN,NaN,NaN,NaN,NaN,NaN,NaN,NaN,NaN,NaN,NaN,NaN,NaN,NaN,NaN,NaN,NaN,NaN,NaN,NaN,NaN,NaN,NaN,NaN,NaN,NaN,NaN,NaN,NaN,NaN
2016-05-06,NaN,NaN,NaN,NaN,NaN,NaN,NaN,NaN,NaN,NaN,NaN,NaN,99.6375,120197.0,13871.0,99.62,84037.0,24485.0,99.605,237271.0,71597.0,99.565,145293.0,37485.0,99.555,32735.0,10105.0,99.525,81508.0,17183.0,99.515,37238.0,5616.0,99.485,27694.0,7662.0,99.455,49875.0,9716.0,99.44,19325.0,3368.0,99.425,21036.0,5498.0,99.405,11914.0,6428.0,99.395,9448.0,746.0,99.38,11877.0,608.0,99.365,3958.0,602.0,99.35,2618.0,197.0,99.335,2764.0,31.0,99.32,543.0,NaN,99.3,1662.0,NaN,99.28,1591.0,2.0,99.25,1064.0,9.0,99.245,798.0,1.0,99.225,311.0,NaN,99.21,66.0,NaN,99.205,1.0,NaN,99.195,6.0,NaN,99.165,5.0,NaN,99.145,1.0,NaN,99.135,NaN,NaN,99.105,1.0,NaN,99.105,5.0,NaN,99.085,99.055,99.025,99.015,99.0,NaN,NaN,NaN,NaN,NaN,NaN,NaN,NaN,NaN,NaN,NaN,NaN,NaN,NaN,NaN,NaN,NaN,NaN,NaN,NaN,NaN,NaN,NaN,NaN,NaN,NaN,NaN,NaN,NaN,NaN,NaN
2016-05-09,NaN,NaN,NaN,NaN,NaN,NaN,NaN,NaN,NaN,NaN,NaN,NaN,99.635,120027.0,321.0,99.625,82764.0,3035.0,99.615,233367.0,22072.0,99.58,155438.0,16970.0,99.57,33408.0,1666.0,99.545,83156.0,6964.0,99.535,36312.0,7471.0,99.51,28941.0,2138.0,99.485,49994.0,2194.0,99.475,19311.0,415.0,99.46,21027.0,451.0,99.445,11870.0,221.0,99.435,9495.0,216.0,99.42,11765.0,238.0,99.405,4066.0,366.0,99.395,2790.0,177.0,99.375,2763.0,1.0,99.36,543.0,NaN,99.345,1618.0,44.0,99.325,1593.0,10.0,99.295,1098.0,35.0,99.29,830.0,32.0,99.27,311.0,NaN,99.25,66.0,NaN,99.245,1.0,NaN,99.23,6.0,NaN,99.2,5.0,NaN,99.18,1.0,NaN,99.165,NaN,NaN,99.14,1.0,NaN,99.14,5.0,NaN,99.125,99.1,99.065,99.055,99.045,NaN,NaN,NaN,NaN,NaN,NaN,NaN,NaN,NaN,NaN,NaN,NaN,NaN,NaN,NaN,NaN,NaN,NaN,NaN,NaN,NaN,NaN,NaN,NaN,NaN,NaN,NaN,NaN,NaN,NaN,NaN
2016-05-10,NaN,NaN,NaN,NaN,NaN,NaN,NaN,NaN,NaN,NaN,NaN,NaN,99.635,119940.0,168.0,99.625,84388.0,9778.0,99.615,240981.0,20551.0,99.58,161787.0,13569.0,99.57,34415.0,3834.0,99.54,85931.0,9917.0,99.53,35302.0,2859.0,99.505,29258.0,1300.0,99.475,50379.0,1016.0,99.46,19003.0,535.0,99.45,21053.0,328.0,99.435,11829.0,180.0,99.42,9409.0,190.0,99.405,11723.0,173.0,99.395,4060.0,66.0,99.385,2868.0,110.0,99.365,2763.0,10.0,99.35,543.0,12.0,99.335,1636.0,40.0,99.32,1595.0,18.0,99.29,1119.0,22.0,99.285,830.0,NaN,99.265,311.0,NaN,99.25,66.0,NaN,99.245,1.0,NaN,99.23,6.0,NaN,99.2,5.0,NaN,99.18,1.0,NaN,99.165,NaN,NaN,99.14,1.0,NaN,99.14,5.0,NaN,99.125,99.1,99.065,99.055,99.045,NaN,NaN,NaN,NaN,NaN,NaN,NaN,NaN,NaN,NaN,NaN,NaN,NaN,NaN,NaN,NaN,NaN,NaN,NaN,NaN,NaN,NaN,NaN,NaN,NaN,NaN,NaN,NaN,NaN,NaN,NaN
2016-05-11,NaN,NaN,NaN,NaN,NaN,NaN,NaN,NaN,NaN,NaN,NaN,NaN,99.635,118651.0,2080.0,99.625,82587.0,10106.0,99.615,242177.0,4782.0,99.585,168048.0,22443.0,99.57,34324.0,3862.0,99.54,97183.0,23459.0,99.53,36014.0,3730.0,99.505,29923.0,1935.0,99.475,50352.0,1629.0,99.46,18649.0,1141.0,99.445,21029.0,761.0,99.43,12121.0,714.0,99.415,9359.0,817.0,99.4,11484.0,527.0,99.385,4082.0,131.0,99.375,2913.0,132.0,99.36,2850.0,94.0,99.345,539.0,26.0,99.33,1621.0,30.0,99.31,1602.0,36.0,99.285,1137.0,18.0,99.275,839.0,27.0,99.26,311.0,NaN,99.245,66.0,NaN,99.24,1.0,NaN,99.23,6.0,NaN,99.195,5.0,NaN,99.18,1.0,NaN,99.165,NaN,NaN,99.14,1.0,NaN,99.14,5.0,NaN,99.125,99.095,99.065,99.055,99.045,NaN,NaN,NaN,NaN,NaN,NaN,NaN,NaN,NaN,NaN,NaN,NaN,NaN,NaN,NaN,NaN,NaN,NaN,NaN,NaN,NaN,NaN,NaN,NaN,NaN,NaN,NaN,NaN,NaN,NaN,NaN
2016-05-12,NaN,NaN,NaN,NaN,NaN,NaN,NaN,NaN,NaN,NaN,NaN,NaN,99.635,118187.0,1175.0,99.625,83887.0,4769.0,99.615,241649.0,9097.0,99.58,164384.0,12865.0,99.565,33984.0,2247.0,99.53,96695.0,9537.0,99.52,35961.0,1878.0,99.485,29576.0,1567.0,99.455,51090.0,1717.0,99.435,18568.0,205.0,99.42,21341.0,569.0,99.4,12105.0,243.0,99.385,9166.0,285.0,99.37,10810.0,792.0,99.355,4138.0,154.0,99.345,2971.0,95.0,99.325,2916.0,69.0,99.31,463.0,76.0,99.295,1621.0,NaN,99.275,1653.0,94.0,99.245,1167.0,34.0,99.235,848.0,54.0,99.22,311.0,NaN,99.2,66.0,NaN,99.195,1.0,NaN,99.185,6.0,NaN,99.155,5.0,NaN,99.135,1.0,NaN,99.12,NaN,NaN,99.1,1.0,NaN,99.095,5.0,NaN,99.08,99.05,99.02,99.005,99.0,NaN,NaN,NaN,NaN,NaN,NaN,NaN,NaN,NaN,NaN,NaN,NaN,NaN,NaN,NaN,NaN,NaN,NaN,NaN,NaN,NaN,NaN,NaN,NaN,NaN,NaN,NaN,NaN,NaN,NaN,NaN
2016-05-13,NaN,NaN,NaN,NaN,NaN,NaN,NaN,NaN,NaN,NaN,NaN,NaN,99.635,118062.0,473.0,99.625,87639.0,6761.0,99.615,248104.0,31035.0,99.58,163477.0,25500.0,99.565,34015.0,3265.0,99.53,95814.0,6010.0,99.52,36417.0,4419.0,99.485,30012.0,2780.0,99.455,52076.0,2615.0,99.44,18207.0,834.0,99.425,21286.0,502.0,99.405,12207.0,785.0,99.395,9031.0,460.0,99.38,10801.0,55.0,99.365,4299.0,195.0,99.355,3043.0,167.0,99.335,2982.0,85.0,99.32,471.0,47.0,99.3,1608.0,71.0,99.28,1642.0,139.0,99.25,1221.0,160.0,99.245,830.0,26.0,99.225,311.0,NaN,99.205,66.0,NaN,99.2,1.0,NaN,99.195,6.0,NaN,99.165,5.0,NaN,99.145,1.0,NaN,99.13,NaN,NaN,99.11,1.0,NaN,99.11,5.0,NaN,99.095,99.065,99.04,99.03,99.02,NaN,NaN,NaN,NaN,NaN,NaN,NaN,NaN,NaN,NaN,NaN,NaN,NaN,NaN,NaN,NaN,NaN,NaN,NaN,NaN,NaN,NaN,NaN,NaN,NaN,NaN,NaN,NaN,NaN,NaN,NaN
2016-05-16,NaN,NaN,NaN,NaN,NaN,NaN,NaN,NaN,NaN,NaN,NaN,NaN,99.635,118103.0,562.0,99.625,86927.0,5013.0,99.615,249116.0,13366.0,99.575,162124.0,9624.0,99.56,34642.0,1994.0,99.52,96724.0,5359.0,99.505,36391.0,1536.0,99.475,30084.0,616.0,99.44,52764.0,1775.0,99.42,18162.0,1095.0,99.405,21314.0,169.0,99.38,12048.0,393.0,99.365,8943.0,403.0,99.345,10780.0,27.0,99.33,4474.0,233.0,99.315,3048.0,5.0,99.3,2982.0,NaN,99.285,486.0,15.0,99.265,1546.0,63.0,99.245,1648.0,25.0,99.215,1221.0,NaN,99.205,851.0,43.0,99.19,311.0,NaN,99.17,66.0,NaN,99.165,1.0,NaN,99.15,6.0,NaN,99.12,5.0,NaN,99.105,1.0,NaN,99.085,NaN,NaN,99.065,1.0,NaN,99.065,5.0,NaN,99.05,99.02,98.99,98.985,98.97,NaN,NaN,NaN,NaN,NaN,NaN,NaN,NaN,NaN,NaN,NaN,NaN,NaN,NaN,NaN,NaN,NaN,NaN,NaN,NaN,NaN,NaN,NaN,NaN,NaN,NaN,NaN,NaN,NaN,NaN,NaN
2016-05-17,NaN,NaN,NaN,NaN,NaN,NaN,NaN,NaN,NaN,NaN,NaN,NaN,99.6375,117090.0,6259.0,99.615,80631.0,25068.0,99.595,249360.0,48557.0,99.55,157299.0,28506.0,99.525,33641.0,8669.0,99.485,93180.0,12662.0,99.465,34729.0,8444.0,99.43,29842.0,3398.0,99.395,52700.0,4617.0,99.38,18231.0,1215.0,99.36,21421.0,760.0,99.335,12387.0,896.0,99.32,8919.0,383.0,99.305,10773.0,75.0,99.285,4570.0,447.0,99.275,3293.0,318.0,99.255,3024.0,42.0,99.24,501.0,56.0,99.225,1574.0,34.0,99.205,1712.0,280.0,99.175,1217.0,28.0,99.17,863.0,13.0,99.145,336.0,25.0,99.13,66.0,NaN,99.13,1.0,NaN,99.11,6.0,NaN,99.085,5.0,NaN,99.065,1.0,NaN,99.05,NaN,NaN,99.025,1.0,NaN,99.02,5.0,NaN,99.01,98.985,98.96,98.95,98.94,0.0,NaN,NaN,NaN,NaN,NaN,NaN,NaN,NaN,NaN,NaN,NaN,NaN,NaN,NaN,NaN,NaN,NaN,NaN,NaN,NaN,NaN,NaN,NaN,NaN,NaN,NaN,NaN,NaN,NaN,NaN
2016-05-18,NaN,NaN,NaN,NaN,NaN,NaN,NaN,NaN,NaN,NaN,NaN,NaN,99.6375,115627.0,7891.0,99.59,88319.0,35076.0,99.545,250472.0,111627.0,99.49,145473.0,73316.0,99.465,33683.0,16955.0,99.42,92319.0,23734.0,99.405,36537.0,15918.0,99.365,30427.0,8702.0,99.33,52015.0,11954.0,99.305,19206.0,4084.0,99.285,21915.0,1963.0,99.26,12323.0,2301.0,99.245,8674.0,556.0,99.225,10688.0,263.0,99.2,4663.0,495.0,99.185,3383.0,354.0,99.165,3228.0,236.0,99.145,484.0,151.0,99.12,1338.0,265.0,99.1,1582.0,194.0,99.07,1228.0,141.0,99.06,838.0,43.0,99.035,336.0,NaN,99.01,66.0,NaN,99.005,1.0,NaN,98.995,6.0,NaN,98.96,5.0,NaN,98.945,1.0,NaN,98.925,NaN,NaN,98.905,1.0,NaN,98.9,5.0,NaN,98.88,98.855,98.83,98.82,98.815,0.0,NaN,NaN,NaN,NaN,NaN,NaN,NaN,NaN,NaN,NaN,NaN,NaN,NaN,NaN,NaN,NaN,NaN,NaN,NaN,NaN,NaN,NaN,NaN,NaN,NaN,NaN,NaN,NaN,NaN,NaN
2016-05-19,NaN,NaN,NaN,NaN,NaN,NaN,NaN,NaN,NaN,NaN,NaN,NaN,99.6375,114053.0,4769.0,99.595,82912.0,29412.0,99.555,245003.0,99239.0,99.49,147089.0,68878.0,99.47,33449.0,7036.0,99.435,90378.0,23551.0,99.41,36629.0,11130.0,99.375,30726.0,6598.0,99.335,52249.0,11339.0,99.315,19672.0,2775.0,99.295,22036.0,1244.0,99.27,11929.0,1068.0,99.25,8588.0,222.0,99.23,10636.0,114.0,99.21,4696.0,179.0,99.195,3545.0,275.0,99.17,3222.0,19.0,99.155,497.0,33.0,99.13,1334.0,15.0,99.11,1632.0,57.0,99.08,1216.0,41.0,99.07,827.0,23.0,99.045,336.0,NaN,99.025,66.0,NaN,99.025,1.0,NaN,99.01,6.0,NaN,98.98,5.0,NaN,98.96,1.0,NaN,98.945,NaN,NaN,98.925,1.0,NaN,98.92,5.0,NaN,98.905,98.88,98.855,98.845,98.84,0.0,NaN,NaN,NaN,NaN,NaN,NaN,NaN,NaN,NaN,NaN,NaN,NaN,NaN,NaN,NaN,NaN,NaN,NaN,NaN,NaN,NaN,NaN,NaN,NaN,NaN,NaN,NaN,NaN,NaN,NaN
2016-05-20,NaN,NaN,NaN,NaN,NaN,NaN,NaN,NaN,NaN,NaN,NaN,NaN,99.635,113789.0,14102.0,99.595,84203.0,6799.0,99.555,252108.0,49983.0,99.485,174162.0,51391.0,99.465,33479.0,3994.0,99.43,92195.0,8474.0,99.41,36638.0,3449.0,99.37,30607.0,1485.0,99.33,54100.0,6127.0,99.31,21180.0,3278.0,99.29,21324.0,761.0,99.26,12171.0,570.0,99.245,8588.0,95.0,99.225,10634.0,10.0,99.2,4693.0,184.0,99.185,3542.0,101.0,99.17,3241.0,31.0,99.15,497.0,2.0,99.125,1334.0,NaN,99.105,1630.0,36.0,99.075,1221.0,9.0,99.07,827.0,5.0,99.045,336.0,NaN,99.025,66.0,NaN,99.025,1.0,NaN,99.005,6.0,NaN,98.98,5.0,NaN,98.96,1.0,NaN,98.945,NaN,NaN,98.925,1.0,NaN,98.92,5.0,NaN,98.9,98.88,98.855,98.845,98.84,0.0,NaN,NaN,NaN,NaN,NaN,NaN,NaN,NaN,NaN,NaN,NaN,NaN,NaN,NaN,NaN,NaN,NaN,NaN,NaN,NaN,NaN,NaN,NaN,NaN,NaN,NaN,NaN,NaN,NaN,NaN
2016-05-23,NaN,NaN,NaN,NaN,NaN,NaN,NaN,NaN,NaN,NaN,NaN,NaN,99.635,113806.0,452.0,99.595,84732.0,8851.0,99.545,259425.0,32292.0,99.465,186195.0,39204.0,99.45,34768.0,6777.0,99.42,92347.0,5961.0,99.4,36407.0,3215.0,99.36,30320.0,689.0,99.325,54380.0,2666.0,99.3,21581.0,1051.0,99.28,21342.0,242.0,99.255,12242.0,276.0,99.235,8590.0,133.0,99.215,10651.0,23.0,99.195,4731.0,95.0,99.175,3539.0,49.0,99.16,3401.0,168.0,99.135,495.0,2.0,99.115,1334.0,4.0,99.09,1649.0,56.0,99.06,1246.0,25.0,99.05,822.0,5.0,99.03,336.0,NaN,99.01,66.0,NaN,99.01,1.0,NaN,98.995,6.0,NaN,98.965,5.0,NaN,98.95,1.0,NaN,98.935,NaN,NaN,98.915,1.0,NaN,98.91,5.0,NaN,98.895,98.875,98.85,98.84,98.84,0.0,NaN,NaN,NaN,NaN,NaN,NaN,NaN,NaN,NaN,NaN,NaN,NaN,NaN,NaN,NaN,NaN,NaN,NaN,NaN,NaN,NaN,NaN,NaN,NaN,NaN,NaN,NaN,NaN,NaN,NaN
2016-05-24,NaN,NaN,NaN,NaN,NaN,NaN,NaN,NaN,NaN,NaN,NaN,NaN,99.635,115932.0,4622.0,99.59,86661.0,15987.0,99.54,239188.0,72898.0,99.465,178999.0,62111.0,99.445,37376.0,11372.0,99.415,87111.0,19127.0,99.395,38582.0,8817.0,99.35,30306.0,2298.0,99.31,52388.0,8703.0,99.29,21579.0,3141.0,99.265,21407.0,423.0,99.24,10585.0,3726.0,99.215,8388.0,1011.0,99.195,8379.0,3070.0,99.17,4755.0,234.0,99.15,3539.0,94.0,99.13,3714.0,386.0,99.11,485.0,112.0,99.09,1271.0,84.0,99.065,1648.0,131.0,99.03,1322.0,101.0,99.02,803.0,19.0,99.0,336.0,NaN,98.98,66.0,NaN,98.97,1.0,NaN,98.965,6.0,NaN,98.93,5.0,NaN,98.905,1.0,NaN,98.895,NaN,NaN,98.875,1.0,NaN,98.87,5.0,NaN,98.85,98.83,98.81,98.8,98.79,0.0,NaN,NaN,NaN,NaN,NaN,NaN,NaN,NaN,NaN,NaN,NaN,NaN,NaN,NaN,NaN,NaN,NaN,NaN,NaN,NaN,NaN,NaN,NaN,NaN,NaN,NaN,NaN,NaN,NaN,NaN
2016-05-25,NaN,NaN,NaN,NaN,NaN,NaN,NaN,NaN,NaN,NaN,NaN,NaN,99.6325,115820.0,874.0,99.59,86811.0,13241.0,99.54,243000.0,48480.0,99.465,186005.0,44403.0,99.445,40411.0,10709.0,99.415,85339.0,14864.0,99.395,38473.0,3889.0,99.36,30073.0,953.0,99.32,51711.0,4701.0,99.295,21383.0,918.0,99.27,21470.0,257.0,99.24,10712.0,1012.0,99.215,8315.0,510.0,99.195,8453.0,606.0,99.17,4868.0,245.0,99.15,3606.0,325.0,99.13,3710.0,19.0,99.11,472.0,58.0,99.09,1266.0,77.0,99.065,1648.0,NaN,99.03,1322.0,NaN,99.02,799.0,7.0,99.0,336.0,NaN,98.98,66.0,NaN,98.97,1.0,NaN,98.965,6.0,NaN,98.925,5.0,NaN,98.905,1.0,NaN,98.895,NaN,NaN,98.87,1.0,NaN,98.865,5.0,NaN,98.845,98.825,98.81,98.795,98.785,0.0,NaN,NaN,NaN,NaN,NaN,NaN,NaN,NaN,NaN,NaN,NaN,NaN,NaN,NaN,NaN,NaN,NaN,NaN,NaN,NaN,NaN,NaN,NaN,NaN,NaN,NaN,NaN,NaN,NaN,NaN
2016-05-26,NaN,NaN,NaN,NaN,NaN,NaN,NaN,NaN,NaN,NaN,NaN,NaN,99.6325,115786.0,1056.0,99.6,86595.0,14886.0,99.555,246606.0,62419.0,99.475,196944.0,47885.0,99.46,43715.0,10059.0,99.435,87934.0,12473.0,99.42,38519.0,3598.0,99.385,30108.0,962.0,99.35,50231.0,4363.0,99.325,21408.0,950.0,99.305,21443.0,247.0,99.28,10889.0,741.0,99.26,8498.0,616.0,99.245,8470.0,312.0,99.22,5372.0,698.0,99.2,4134.0,637.0,99.18,3642.0,85.0,99.155,472.0,53.0,99.14,1340.0,81.0,99.115,1660.0,51.0,99.085,1288.0,44.0,99.065,856.0,57.0,99.05,336.0,NaN,99.03,66.0,NaN,99.02,1.0,NaN,99.015,6.0,NaN,98.98,5.0,NaN,98.96,1.0,NaN,98.95,NaN,NaN,98.925,1.0,NaN,98.92,5.0,NaN,98.9,98.88,98.86,98.85,98.835,0.0,NaN,NaN,NaN,NaN,NaN,NaN,NaN,NaN,NaN,NaN,NaN,NaN,NaN,NaN,NaN,NaN,NaN,NaN,NaN,NaN,NaN,NaN,NaN,NaN,NaN,NaN,NaN,NaN,NaN,NaN
2016-05-27,NaN,NaN,NaN,NaN,NaN,NaN,NaN,NaN,NaN,NaN,NaN,NaN,99.6325,115394.0,546.0,99.595,88471.0,12617.0,99.55,241829.0,39405.0,99.465,196856.0,25295.0,99.45,44105.0,4968.0,99.425,88845.0,6703.0,99.41,38759.0,4465.0,99.37,30553.0,1742.0,99.335,50685.0,1966.0,99.31,21156.0,974.0,99.29,21456.0,346.0,99.265,10837.0,508.0,99.245,8549.0,322.0,99.225,8419.0,173.0,99.2,5465.0,125.0,99.185,4201.0,330.0,99.16,3712.0,139.0,99.14,480.0,30.0,99.125,1351.0,23.0,99.105,1660.0,1.0,99.07,1288.0,NaN,99.05,869.0,13.0,99.03,286.0,50.0,99.01,66.0,NaN,99.0,1.0,NaN,99.0,6.0,NaN,98.965,5.0,NaN,98.945,1.0,NaN,98.93,NaN,NaN,98.905,1.0,NaN,98.9,5.0,NaN,98.885,98.865,98.845,98.835,98.825,0.0,NaN,NaN,NaN,NaN,NaN,NaN,NaN,NaN,NaN,NaN,NaN,NaN,NaN,NaN,NaN,NaN,NaN,NaN,NaN,NaN,NaN,NaN,NaN,NaN,NaN,NaN,NaN,NaN,NaN,NaN
2016-05-31,NaN,NaN,NaN,NaN,NaN,NaN,NaN,NaN,NaN,NaN,NaN,NaN,99.6325,115012.0,1326.0,99.605,81699.0,28763.0,99.565,252219.0,61691.0,99.47,197205.0,55569.0,99.46,47502.0,14891.0,99.44,101367.0,44186.0,99.42,39941.0,14904.0,99.38,30686.0,3907.0,99.34,51327.0,7577.0,99.315,21286.0,3768.0,99.3,21752.0,1519.0,99.27,10877.0,1907.0,99.25,8616.0,406.0,99.235,8506.0,354.0,99.21,5444.0,132.0,99.19,4209.0,102.0,99.165,3767.0,59.0,99.145,487.0,20.0,99.13,1351.0,14.0,99.105,1676.0,38.0,99.07,1286.0,119.0,99.06,870.0,1.0,99.035,286.0,NaN,99.015,66.0,NaN,99.005,1.0,NaN,99.0,6.0,NaN,98.965,5.0,NaN,98.945,1.0,NaN,98.935,NaN,NaN,98.915,1.0,NaN,98.905,5.0,NaN,98.89,98.865,98.845,98.835,98.825,98.815,NaN,NaN,NaN,NaN,NaN,NaN,NaN,NaN,NaN,NaN,NaN,NaN,NaN,NaN,NaN,NaN,NaN,NaN,NaN,NaN,NaN,NaN,NaN,NaN,NaN,NaN,NaN,NaN,NaN,NaN
2016-06-01,NaN,NaN,NaN,NaN,NaN,NaN,NaN,NaN,NaN,NaN,NaN,NaN,NaN,NaN,NaN,99.6075,77805.0,23807.0,99.57,253648.0,37326.0,99.47,198352.0,33312.0,99.46,46527.0,13177.0,99.435,102061.0,19379.0,99.415,41345.0,10347.0,99.37,31348.0,4852.0,99.325,54139.0,8276.0,99.295,20419.0,2619.0,99.275,22072.0,969.0,99.245,11395.0,1536.0,99.225,8705.0,348.0,99.205,8485.0,117.0,99.18,5484.0,208.0,99.165,4211.0,60.0,99.145,3785.0,164.0,99.12,484.0,30.0,99.105,1354.0,7.0,99.075,1774.0,114.0,99.045,1287.0,108.0,99.03,873.0,3.0,99.01,286.0,NaN,98.99,74.0,8.0,98.975,4.0,4.0,98.97,10.0,4.0,98.94,5.0,NaN,98.92,1.0,NaN,98.905,NaN,NaN,98.885,1.0,NaN,98.875,5.0,NaN,98.86,98.835,98.82,98.805,98.79,98.78,NaN,NaN,NaN,NaN,NaN,NaN,NaN,NaN,NaN,NaN,NaN,NaN,NaN,NaN,NaN,NaN,NaN,NaN,NaN,NaN,NaN,NaN,NaN,NaN,NaN,NaN,NaN,NaN,NaN,NaN
2016-06-02,NaN,NaN,NaN,NaN,NaN,NaN,NaN,NaN,NaN,NaN,NaN,NaN,NaN,NaN,NaN,99.6075,81217.0,27294.0,99.57,260123.0,52095.0,99.465,213554.0,52034.0,99.455,45907.0,8824.0,99.43,106342.0,15882.0,99.41,43917.0,7626.0,99.37,32048.0,2154.0,99.325,54471.0,7053.0,99.3,20459.0,1425.0,99.28,22186.0,577.0,99.25,11734.0,773.0,99.23,9070.0,905.0,99.215,8333.0,540.0,99.19,5914.0,674.0,99.175,4255.0,257.0,99.155,3685.0,193.0,99.135,496.0,39.0,99.12,1366.0,13.0,99.095,1773.0,1.0,99.065,1299.0,17.0,99.055,873.0,NaN,99.035,286.0,NaN,99.015,74.0,NaN,99.0,4.0,NaN,98.99,10.0,NaN,98.965,5.0,NaN,98.945,1.0,NaN,98.935,NaN,NaN,98.91,1.0,NaN,98.905,5.0,NaN,98.89,98.87,98.85,98.84,98.825,98.815,NaN,NaN,NaN,NaN,NaN,NaN,NaN,NaN,NaN,NaN,NaN,NaN,NaN,NaN,NaN,NaN,NaN,NaN,NaN,NaN,NaN,NaN,NaN,NaN,NaN,NaN,NaN,NaN,NaN,NaN
2016-06-03,NaN,NaN,NaN,NaN,NaN,NaN,NaN,NaN,NaN,NaN,NaN,NaN,NaN,NaN,NaN,99.6275,76103.0,38446.0,99.615,237963.0,128560.0,99.555,212586.0,145192.0,99.535,44659.0,20027.0,99.505,119823.0,55457.0,99.495,43857.0,18249.0,99.465,31787.0,6962.0,99.43,58003.0,14482.0,99.41,21674.0,8294.0,99.395,22560.0,2131.0,99.375,12448.0,3316.0,99.36,8971.0,2315.0,99.35,8268.0,438.0,99.33,6119.0,646.0,99.32,4269.0,383.0,99.3,3670.0,126.0,99.285,496.0,NaN,99.265,1386.0,72.0,99.245,1720.0,196.0,99.215,1289.0,46.0,99.21,865.0,20.0,99.19,287.0,1.0,99.175,75.0,1.0,99.16,4.0,NaN,99.15,11.0,1.0,99.13,5.0,1.0,99.11,1.0,NaN,99.095,1.0,1.0,99.075,1.0,1.0,99.07,5.0,NaN,99.055,99.03,99.015,99.005,98.99,98.985,NaN,NaN,NaN,NaN,NaN,NaN,NaN,NaN,NaN,NaN,NaN,NaN,NaN,NaN,NaN,NaN,NaN,NaN,NaN,NaN,NaN,NaN,NaN,NaN,NaN,NaN,NaN,NaN,NaN,NaN
2016-06-06,NaN,NaN,NaN,NaN,NaN,NaN,NaN,NaN,NaN,NaN,NaN,NaN,NaN,NaN,NaN,99.63,78961.0,47677.0,99.62,220874.0,77549.0,99.57,220910.0,88447.0,99.55,43504.0,10732.0,99.505,117078.0,23221.0,99.495,43857.0,6135.0,99.46,31370.0,2811.0,99.42,57741.0,7868.0,99.4,20723.0,3081.0,99.385,22752.0,986.0,99.365,12531.0,721.0,99.35,9146.0,807.0,99.335,8117.0,766.0,99.32,6267.0,980.0,99.305,4499.0,750.0,99.29,3596.0,144.0,99.27,643.0,151.0,99.26,1380.0,17.0,99.24,1720.0,NaN,99.215,1295.0,7.0,99.205,861.0,4.0,99.19,287.0,NaN,99.175,75.0,NaN,99.16,4.0,NaN,99.15,11.0,NaN,99.13,5.0,NaN,99.11,1.0,NaN,99.095,1.0,NaN,99.075,1.0,NaN,99.07,5.0,NaN,99.055,99.03,99.015,99.0,98.99,98.98,NaN,NaN,NaN,NaN,NaN,NaN,NaN,NaN,NaN,NaN,NaN,NaN,NaN,NaN,NaN,NaN,NaN,NaN,NaN,NaN,NaN,NaN,NaN,NaN,NaN,NaN,NaN,NaN,NaN,NaN
2016-06-07,NaN,NaN,NaN,NaN,NaN,NaN,NaN,NaN,NaN,NaN,NaN,NaN,NaN,NaN,NaN,99.63,76123.0,14333.0,99.625,221287.0,34939.0,99.58,223553.0,46246.0,99.56,42808.0,6641.0,99.515,117548.0,11328.0,99.5,43711.0,1331.0,99.465,31410.0,1224.0,99.43,56788.0,3328.0,99.41,20683.0,426.0,99.39,22614.0,441.0,99.37,12558.0,565.0,99.355,9252.0,285.0,99.345,8041.0,840.0,99.325,6491.0,393.0,99.315,4952.0,798.0,99.3,3646.0,75.0,99.28,686.0,49.0,99.27,1380.0,NaN,99.245,1720.0,56.0,99.22,1323.0,40.0,99.21,860.0,13.0,99.195,287.0,NaN,99.185,75.0,NaN,99.17,4.0,NaN,99.155,12.0,1.0,99.13,5.0,NaN,99.115,1.0,NaN,99.1,1.0,NaN,99.085,1.0,NaN,99.075,5.0,NaN,99.055,99.035,99.02,99.005,98.99,98.985,NaN,NaN,NaN,NaN,NaN,NaN,NaN,NaN,NaN,NaN,NaN,NaN,NaN,NaN,NaN,NaN,NaN,NaN,NaN,NaN,NaN,NaN,NaN,NaN,NaN,NaN,NaN,NaN,NaN,NaN
2016-06-08,NaN,NaN,NaN,NaN,NaN,NaN,NaN,NaN,NaN,NaN,NaN,NaN,NaN,NaN,NaN,99.63,75961.0,2316.0,99.625,221075.0,10314.0,99.58,219803.0,25066.0,99.56,44296.0,5793.0,99.52,121990.0,11180.0,99.505,44080.0,2195.0,99.47,31794.0,1144.0,99.435,55578.0,3588.0,99.42,21486.0,2585.0,99.405,22770.0,519.0,99.38,12430.0,813.0,99.365,9327.0,513.0,99.355,7923.0,208.0,99.335,6591.0,167.0,99.325,5125.0,333.0,99.31,3644.0,103.0,99.29,718.0,73.0,99.28,1439.0,96.0,99.255,1710.0,18.0,99.225,1332.0,14.0,99.215,860.0,NaN,99.2,287.0,NaN,99.19,75.0,NaN,99.175,4.0,NaN,99.16,12.0,NaN,99.135,5.0,NaN,99.12,1.0,NaN,99.105,1.0,NaN,99.085,1.0,NaN,99.08,5.0,NaN,99.06,99.035,99.02,99.005,98.99,98.99,NaN,NaN,NaN,NaN,NaN,NaN,NaN,NaN,NaN,NaN,NaN,NaN,NaN,NaN,NaN,NaN,NaN,NaN,NaN,NaN,NaN,NaN,NaN,NaN,NaN,NaN,NaN,NaN,NaN,NaN
2016-06-09,NaN,NaN,NaN,NaN,NaN,NaN,NaN,NaN,NaN,NaN,NaN,NaN,NaN,NaN,NaN,99.63,75707.0,1052.0,99.625,228428.0,23016.0,99.58,222596.0,22095.0,99.56,45149.0,6636.0,99.525,125420.0,15263.0,99.51,44925.0,10556.0,99.48,32094.0,2195.0,99.45,56192.0,4484.0,99.43,21504.0,3184.0,99.415,22775.0,458.0,99.395,13200.0,1436.0,99.385,10042.0,1391.0,99.37,7862.0,176.0,99.355,6786.0,539.0,99.35,5536.0,494.0,99.33,3654.0,81.0,99.31,1007.0,364.0,99.305,1463.0,89.0,99.28,1716.0,40.0,99.255,1409.0,101.0,99.245,863.0,7.0,99.235,287.0,NaN,99.22,75.0,NaN,99.205,4.0,NaN,99.195,13.0,1.0,99.175,5.0,NaN,99.155,1.0,NaN,99.14,1.0,NaN,99.125,1.0,NaN,99.115,5.0,NaN,99.1,99.08,99.065,99.05,99.03,99.03,NaN,NaN,NaN,NaN,NaN,NaN,NaN,NaN,NaN,NaN,NaN,NaN,NaN,NaN,NaN,NaN,NaN,NaN,NaN,NaN,NaN,NaN,NaN,NaN,NaN,NaN,NaN,NaN,NaN,NaN
2016-06-10,NaN,NaN,NaN,NaN,NaN,NaN,NaN,NaN,NaN,NaN,NaN,NaN,NaN,NaN,NaN,99.6325,75339.0,633.0,99.63,229226.0,11034.0,99.585,231194.0,26858.0,99.57,49418.0,8706.0,99.54,128968.0,17509.0,99.53,44319.0,9772.0,99.505,32880.0,5435.0,99.47,56950.0,7132.0,99.455,21007.0,3910.0,99.445,22790.0,632.0,99.425,13984.0,1922.0,99.415,10351.0,1325.0,99.405,7909.0,486.0,99.39,6784.0,1208.0,99.385,5518.0,1043.0,99.365,3628.0,264.0,99.35,1015.0,44.0,99.34,1487.0,86.0,99.325,1713.0,122.0,99.3,1535.0,177.0,99.29,899.0,74.0,99.275,287.0,NaN,99.265,75.0,NaN,99.25,4.0,NaN,99.24,15.0,2.0,99.215,5.0,NaN,99.2,1.0,NaN,99.185,1.0,NaN,99.17,1.0,NaN,99.165,5.0,NaN,99.15,99.125,99.11,99.1,99.085,99.075,NaN,NaN,NaN,NaN,NaN,NaN,NaN,NaN,NaN,NaN,NaN,NaN,NaN,NaN,NaN,NaN,NaN,NaN,NaN,NaN,NaN,NaN,NaN,NaN,NaN,NaN,NaN,NaN,NaN,NaN
2016-06-13,NaN,NaN,NaN,NaN,NaN,NaN,NaN,NaN,NaN,NaN,NaN,NaN,NaN,NaN,NaN,99.6325,77896.0,13635.0,99.63,236256.0,39647.0,99.59,238492.0,38511.0,99.58,49908.0,7491.0,99.555,129683.0,15705.0,99.545,43862.0,3926.0,99.52,34349.0,3575.0,99.485,57242.0,6573.0,99.47,20458.0,2442.0,99.455,23095.0,1765.0,99.435,13958.0,4123.0,99.425,12198.0,5278.0,99.41,8262.0,1074.0,99.395,6775.0,831.0,99.39,5578.0,290.0,99.375,3693.0,380.0,99.36,1008.0,50.0,99.355,1491.0,47.0,99.335,1732.0,26.0,99.31,1585.0,116.0,99.305,856.0,62.0,99.29,518.0,232.0,99.285,115.0,40.0,99.27,4.0,NaN,99.26,15.0,NaN,99.24,5.0,NaN,99.225,1.0,NaN,99.215,1.0,NaN,99.195,1.0,NaN,99.19,5.0,NaN,99.175,99.155,99.145,99.135,99.12,99.11,NaN,NaN,NaN,NaN,NaN,NaN,NaN,NaN,NaN,NaN,NaN,NaN,NaN,NaN,NaN,NaN,NaN,NaN,NaN,NaN,NaN,NaN,NaN,NaN,NaN,NaN,NaN,NaN,NaN,NaN
2016-06-14,NaN,NaN,NaN,NaN,NaN,NaN,NaN,NaN,NaN,NaN,NaN,NaN,NaN,NaN,NaN,99.6325,77948.0,7278.0,99.63,233711.0,32102.0,99.59,242982.0,35463.0,99.575,50718.0,12566.0,99.545,136828.0,33581.0,99.535,47207.0,18090.0,99.505,33392.0,8717.0,99.475,57469.0,10494.0,99.465,21284.0,4596.0,99.45,22944.0,1756.0,99.43,14271.0,5371.0,99.42,12347.0,1658.0,99.405,8247.0,1048.0,99.39,8295.0,2959.0,99.38,6566.0,2260.0,99.37,3711.0,199.0,99.355,1021.0,153.0,99.35,1551.0,190.0,99.335,1942.0,649.0,99.305,1769.0,355.0,99.305,709.0,202.0,99.295,518.0,NaN,99.29,115.0,NaN,99.275,4.0,NaN,99.27,15.0,NaN,99.25,5.0,NaN,99.235,1.0,NaN,99.225,1.0,NaN,99.21,1.0,NaN,99.2,5.0,NaN,99.185,99.165,99.155,99.14,99.13,99.125,NaN,NaN,NaN,NaN,NaN,NaN,NaN,NaN,NaN,NaN,NaN,NaN,NaN,NaN,NaN,NaN,NaN,NaN,NaN,NaN,NaN,NaN,NaN,NaN,NaN,NaN,NaN,NaN,NaN,NaN
2016-06-15,NaN,NaN,NaN,NaN,NaN,NaN,NaN,NaN,NaN,NaN,NaN,NaN,NaN,NaN,NaN,99.6325,79729.0,20396.0,99.63,222395.0,42248.0,99.615,263426.0,110383.0,99.595,54285.0,21750.0,99.565,139121.0,36174.0,99.56,52181.0,20952.0,99.535,34612.0,9897.0,99.51,61437.0,15617.0,99.5,20457.0,4236.0,99.49,23229.0,2539.0,99.475,15037.0,5581.0,99.46,12247.0,2041.0,99.445,8232.0,1133.0,99.435,7745.0,1361.0,99.425,7323.0,1926.0,99.41,4305.0,917.0,99.395,1023.0,61.0,99.385,1582.0,182.0,99.365,1975.0,273.0,99.335,1774.0,45.0,99.335,675.0,53.0,99.32,518.0,46.0,99.31,160.0,45.0,99.3,4.0,NaN,99.29,19.0,4.0,99.275,5.0,NaN,99.26,1.0,NaN,99.25,1.0,NaN,99.235,1.0,NaN,99.225,5.0,NaN,99.21,99.19,99.18,99.165,99.155,99.145,NaN,NaN,NaN,NaN,NaN,NaN,NaN,NaN,NaN,NaN,NaN,NaN,NaN,NaN,NaN,NaN,NaN,NaN,NaN,NaN,NaN,NaN,NaN,NaN,NaN,NaN,NaN,NaN,NaN,NaN
2016-06-16,NaN,NaN,NaN,NaN,NaN,NaN,NaN,NaN,NaN,NaN,NaN,NaN,NaN,NaN,NaN,99.63,86783.0,29203.0,99.63,230233.0,46445.0,99.615,258557.0,82666.0,99.605,54458.0,23295.0,99.585,140905.0,49989.0,99.575,46789.0,21391.0,99.555,36344.0,13528.0,99.53,72431.0,24009.0,99.52,20373.0,7576.0,99.51,24314.0,4473.0,99.5,15871.0,3580.0,99.485,13646.0,2827.0,99.47,8443.0,946.0,99.46,8622.0,1772.0,99.455,7632.0,577.0,99.435,4188.0,165.0,99.42,1022.0,30.0,99.41,1610.0,62.0,99.39,1970.0,97.0,99.365,1757.0,116.0,99.355,649.0,26.0,99.345,518.0,NaN,99.34,160.0,NaN,99.33,4.0,NaN,99.32,19.0,NaN,99.295,5.0,NaN,99.285,1.0,NaN,99.275,1.0,NaN,99.26,1.0,NaN,99.25,5.0,NaN,99.235,99.215,99.205,99.19,99.18,99.17,0.0,NaN,NaN,NaN,NaN,NaN,NaN,NaN,NaN,NaN,NaN,NaN,NaN,NaN,NaN,NaN,NaN,NaN,NaN,NaN,NaN,NaN,NaN,NaN,NaN,NaN,NaN,NaN,NaN,NaN
2016-06-17,NaN,NaN,NaN,NaN,NaN,NaN,NaN,NaN,NaN,NaN,NaN,NaN,NaN,NaN,NaN,99.63,86267.0,9281.0,99.63,231285.0,14626.0,99.61,256935.0,8373.0,99.595,54682.0,6176.0,99.575,141637.0,8386.0,99.565,47642.0,3564.0,99.545,36073.0,1761.0,99.515,72721.0,4556.0,99.505,20343.0,1105.0,99.495,24038.0,1554.0,99.48,16193.0,1165.0,99.465,13827.0,698.0,99.45,8498.0,109.0,99.435,8628.0,237.0,99.43,7630.0,73.0,99.41,4134.0,286.0,99.395,1024.0,13.0,99.385,1614.0,18.0,99.365,2020.0,150.0,99.34,1768.0,28.0,99.33,654.0,7.0,99.315,755.0,237.0,99.305,192.0,32.0,99.3,4.0,NaN,99.285,21.0,2.0,99.265,5.0,NaN,99.25,1.0,NaN,99.24,1.0,NaN,99.22,1.0,NaN,99.21,5.0,NaN,99.195,99.17,99.16,99.145,99.135,99.125,0.0,NaN,NaN,NaN,NaN,NaN,NaN,NaN,NaN,NaN,NaN,NaN,NaN,NaN,NaN,NaN,NaN,NaN,NaN,NaN,NaN,NaN,NaN,NaN,NaN,NaN,NaN,NaN,NaN,NaN
2016-06-20,NaN,NaN,NaN,NaN,NaN,NaN,NaN,NaN,NaN,NaN,NaN,NaN,NaN,NaN,NaN,99.6275,85748.0,3863.0,99.625,230811.0,3386.0,99.605,251887.0,22129.0,99.585,53000.0,7802.0,99.545,138071.0,19125.0,99.535,46624.0,6575.0,99.51,35980.0,4908.0,99.485,73848.0,6640.0,99.475,20395.0,3049.0,99.46,24009.0,1233.0,99.45,16554.0,1286.0,99.435,13670.0,780.0,99.42,8386.0,151.0,99.405,8598.0,265.0,99.4,7752.0,210.0,99.38,4173.0,166.0,99.365,1031.0,25.0,99.355,1619.0,31.0,99.335,1942.0,267.0,99.31,1789.0,21.0,99.295,654.0,9.0,99.28,755.0,NaN,99.265,191.0,5.0,99.265,4.0,4.0,99.245,21.0,NaN,99.225,5.0,NaN,99.215,1.0,NaN,99.2,1.0,NaN,99.18,1.0,NaN,99.17,5.0,NaN,99.155,99.135,99.12,99.105,99.09,99.08,0.0,NaN,NaN,NaN,NaN,NaN,NaN,NaN,NaN,NaN,NaN,NaN,NaN,NaN,NaN,NaN,NaN,NaN,NaN,NaN,NaN,NaN,NaN,NaN,NaN,NaN,NaN,NaN,NaN,NaN
2016-06-21,NaN,NaN,NaN,NaN,NaN,NaN,NaN,NaN,NaN,NaN,NaN,NaN,NaN,NaN,NaN,99.6275,84725.0,3034.0,99.625,230862.0,10057.0,99.6,249719.0,27198.0,99.58,53945.0,6799.0,99.545,132916.0,21862.0,99.535,46389.0,6937.0,99.51,35999.0,6245.0,99.475,73788.0,6051.0,99.465,20489.0,2767.0,99.455,24140.0,1173.0,99.435,16539.0,768.0,99.42,13536.0,557.0,99.405,8376.0,1249.0,99.39,8648.0,295.0,99.38,7803.0,402.0,99.365,4232.0,457.0,99.345,1041.0,94.0,99.335,1651.0,109.0,99.315,2002.0,167.0,99.285,1746.0,245.0,99.27,754.0,137.0,99.25,755.0,NaN,99.24,191.0,NaN,99.235,4.0,NaN,99.22,21.0,NaN,99.195,5.0,NaN,99.175,1.0,NaN,99.165,1.0,NaN,99.145,1.0,NaN,99.135,5.0,NaN,99.12,99.1,99.085,99.07,99.055,99.045,0.0,NaN,NaN,NaN,NaN,NaN,NaN,NaN,NaN,NaN,NaN,NaN,NaN,NaN,NaN,NaN,NaN,NaN,NaN,NaN,NaN,NaN,NaN,NaN,NaN,NaN,NaN,NaN,NaN,NaN
2016-06-22,NaN,NaN,NaN,NaN,NaN,NaN,NaN,NaN,NaN,NaN,NaN,NaN,NaN,NaN,NaN,99.6275,85310.0,4766.0,99.625,224727.0,17748.0,99.605,242165.0,30184.0,99.59,53824.0,6421.0,99.56,139290.0,18688.0,99.55,47143.0,5874.0,99.53,36494.0,5332.0,99.495,72441.0,6698.0,99.485,20374.0,2419.0,99.475,24461.0,1466.0,99.46,16860.0,762.0,99.44,13412.0,268.0,99.43,8368.0,397.0,99.41,8617.0,104.0,99.4,7911.0,159.0,99.385,4206.0,80.0,99.365,1041.0,NaN,99.35,1638.0,18.0,99.33,1999.0,17.0,99.3,1747.0,5.0,99.29,754.0,NaN,99.27,755.0,NaN,99.255,191.0,NaN,99.245,4.0,NaN,99.24,21.0,NaN,99.205,5.0,NaN,99.195,1.0,NaN,99.175,1.0,NaN,99.16,1.0,NaN,99.14,5.0,NaN,99.13,99.105,99.09,99.075,99.06,99.05,0.0,NaN,NaN,NaN,NaN,NaN,NaN,NaN,NaN,NaN,NaN,NaN,NaN,NaN,NaN,NaN,NaN,NaN,NaN,NaN,NaN,NaN,NaN,NaN,NaN,NaN,NaN,NaN,NaN,NaN
2016-06-23,NaN,NaN,NaN,NaN,NaN,NaN,NaN,NaN,NaN,NaN,NaN,NaN,NaN,NaN,NaN,99.6275,89411.0,12991.0,99.625,222884.0,6886.0,99.6,242023.0,46497.0,99.58,55853.0,10326.0,99.54,135363.0,27094.0,99.53,46846.0,6843.0,99.505,36460.0,5353.0,99.47,70354.0,6761.0,99.46,20127.0,2262.0,99.445,24119.0,2187.0,99.425,16878.0,1160.0,99.41,13305.0,412.0,99.39,8701.0,782.0,99.375,8562.0,228.0,99.365,7971.0,242.0,99.345,4239.0,127.0,99.325,1042.0,56.0,99.315,1638.0,NaN,99.295,2033.0,113.0,99.26,1786.0,49.0,99.245,751.0,33.0,99.225,879.0,132.0,99.215,259.0,68.0,99.205,12.0,8.0,99.19,27.0,6.0,99.165,5.0,NaN,99.14,1.0,NaN,99.125,1.0,NaN,99.105,1.0,NaN,99.095,5.0,NaN,99.075,99.05,99.035,99.02,99.005,98.995,0.0,NaN,NaN,NaN,NaN,NaN,NaN,NaN,NaN,NaN,NaN,NaN,NaN,NaN,NaN,NaN,NaN,NaN,NaN,NaN,NaN,NaN,NaN,NaN,NaN,NaN,NaN,NaN,NaN,NaN
2016-06-24,NaN,NaN,NaN,NaN,NaN,NaN,NaN,NaN,NaN,NaN,NaN,NaN,NaN,NaN,NaN,99.6225,87494.0,35152.0,99.635,202895.0,105324.0,99.65,217879.0,157823.0,99.65,55640.0,41241.0,99.66,141403.0,78627.0,99.655,46275.0,42766.0,99.64,38879.0,25249.0,99.615,65412.0,33434.0,99.61,18971.0,9898.0,99.6,18553.0,15093.0,99.595,13810.0,11223.0,99.58,13466.0,2374.0,99.565,8176.0,1726.0,99.55,8192.0,1819.0,99.545,7858.0,785.0,99.525,4268.0,285.0,99.505,1044.0,543.0,99.495,1362.0,421.0,99.475,2019.0,790.0,99.445,1751.0,986.0,99.435,894.0,235.0,99.41,880.0,2.0,99.395,271.0,13.0,99.39,24.0,12.0,99.375,61.0,34.0,99.35,5.0,NaN,99.325,1.0,NaN,99.315,1.0,NaN,99.29,1.0,NaN,99.28,5.0,NaN,99.26,99.235,99.22,99.205,99.19,99.185,0.0,NaN,NaN,NaN,NaN,NaN,NaN,NaN,NaN,NaN,NaN,NaN,NaN,NaN,NaN,NaN,NaN,NaN,NaN,NaN,NaN,NaN,NaN,NaN,NaN,NaN,NaN,NaN,NaN,NaN
2016-06-27,NaN,NaN,NaN,NaN,NaN,NaN,NaN,NaN,NaN,NaN,NaN,NaN,NaN,NaN,NaN,99.6225,85848.0,9950.0,99.63,199250.0,24232.0,99.645,208556.0,44397.0,99.655,54718.0,11164.0,99.685,150593.0,47958.0,99.685,48017.0,14649.0,99.675,37653.0,9986.0,99.66,68249.0,13537.0,99.655,19789.0,4640.0,99.65,19172.0,2187.0,99.645,14254.0,3110.0,99.635,13894.0,915.0,99.625,8177.0,1017.0,99.615,9660.0,2274.0,99.61,8040.0,578.0,99.595,3950.0,496.0,99.58,1108.0,209.0,99.58,1464.0,158.0,99.555,2212.0,225.0,99.53,1811.0,65.0,99.525,889.0,8.0,99.505,880.0,NaN,99.495,271.0,NaN,99.495,24.0,NaN,99.48,61.0,NaN,99.46,5.0,NaN,99.44,1.0,NaN,99.43,1.0,NaN,99.41,1.0,NaN,99.4,5.0,NaN,99.385,99.365,99.345,99.335,99.325,99.315,0.0,NaN,NaN,NaN,NaN,NaN,NaN,NaN,NaN,NaN,NaN,NaN,NaN,NaN,NaN,NaN,NaN,NaN,NaN,NaN,NaN,NaN,NaN,NaN,NaN,NaN,NaN,NaN,NaN,NaN
2016-06-28,NaN,NaN,NaN,NaN,NaN,NaN,NaN,NaN,NaN,NaN,NaN,NaN,NaN,NaN,NaN,99.6225,85860.0,2166.0,99.625,195755.0,28522.0,99.635,204581.0,39184.0,99.64,55704.0,12166.0,99.66,148238.0,20123.0,99.66,47193.0,8081.0,99.655,38420.0,4476.0,99.635,70549.0,15144.0,99.635,19053.0,3112.0,99.625,19587.0,1230.0,99.62,14160.0,1229.0,99.61,13977.0,566.0,99.6,9220.0,1413.0,99.59,10277.0,870.0,99.59,8314.0,1038.0,99.575,3862.0,669.0,99.56,1080.0,137.0,99.555,1731.0,858.0,99.54,2374.0,526.0,99.52,1925.0,167.0,99.515,855.0,151.0,99.495,880.0,8.0,99.48,271.0,NaN,99.48,24.0,NaN,99.475,61.0,NaN,99.455,5.0,NaN,99.435,1.0,NaN,99.43,1.0,NaN,99.415,1.0,NaN,99.4,5.0,NaN,99.385,99.37,99.35,99.34,99.325,99.315,0.0,NaN,NaN,NaN,NaN,NaN,NaN,NaN,NaN,NaN,NaN,NaN,NaN,NaN,NaN,NaN,NaN,NaN,NaN,NaN,NaN,NaN,NaN,NaN,NaN,NaN,NaN,NaN,NaN,NaN
2016-06-29,NaN,NaN,NaN,NaN,NaN,NaN,NaN,NaN,NaN,NaN,NaN,NaN,NaN,NaN,NaN,99.6225,85820.0,542.0,99.62,196517.0,34766.0,99.625,188899.0,38076.0,99.625,55620.0,8937.0,99.63,142380.0,23627.0,99.63,52898.0,19770.0,99.62,38689.0,8201.0,99.6,70149.0,21547.0,99.605,22229.0,7061.0,99.595,20946.0,4912.0,99.59,14440.0,3064.0,99.58,14078.0,633.0,99.565,9150.0,286.0,99.56,10712.0,1014.0,99.56,8460.0,495.0,99.545,3677.0,843.0,99.535,1185.0,313.0,99.53,1933.0,327.0,99.515,2409.0,277.0,99.495,1999.0,115.0,99.48,919.0,117.0,99.465,880.0,NaN,99.45,271.0,NaN,99.45,24.0,NaN,99.435,61.0,NaN,99.415,5.0,NaN,99.4,1.0,NaN,99.395,1.0,NaN,99.375,1.0,NaN,99.37,5.0,NaN,99.355,99.335,99.315,99.305,99.295,99.28,NaN,NaN,NaN,NaN,NaN,NaN,NaN,NaN,NaN,NaN,NaN,NaN,NaN,NaN,NaN,NaN,NaN,NaN,NaN,NaN,NaN,NaN,NaN,NaN,NaN,NaN,NaN,NaN,NaN,NaN
2016-06-30,NaN,NaN,NaN,NaN,NaN,NaN,NaN,NaN,NaN,NaN,NaN,NaN,NaN,NaN,NaN,99.6225,85783.0,258.0,99.6225,195016.0,12127.0,99.625,171968.0,29450.0,99.63,55566.0,12498.0,99.645,133769.0,29852.0,99.645,51387.0,15613.0,99.635,38262.0,7246.0,99.62,71984.0,14618.0,99.62,22848.0,3696.0,99.615,20973.0,1941.0,99.61,15503.0,4389.0,99.605,14337.0,532.0,99.59,9174.0,388.0,99.585,10914.0,672.0,99.585,8526.0,576.0,99.57,3495.0,329.0,99.555,1317.0,357.0,99.55,2239.0,468.0,99.535,2394.0,77.0,99.515,2015.0,17.0,99.5,957.0,38.0,99.49,880.0,NaN,99.475,271.0,NaN,99.475,24.0,NaN,99.455,61.0,NaN,99.435,5.0,NaN,99.415,1.0,NaN,99.405,1.0,NaN,99.385,1.0,NaN,99.375,5.0,NaN,99.36,99.34,99.315,99.305,99.295,99.28,99.265,NaN,NaN,NaN,NaN,NaN,NaN,NaN,NaN,NaN,NaN,NaN,NaN,NaN,NaN,NaN,NaN,NaN,NaN,NaN,NaN,NaN,NaN,NaN,NaN,NaN,NaN,NaN,NaN,NaN
2016-07-01,NaN,NaN,NaN,NaN,NaN,NaN,NaN,NaN,NaN,NaN,NaN,NaN,NaN,NaN,NaN,NaN,NaN,NaN,99.62,193832.0,7301.0,99.625,167407.0,19019.0,99.62,52616.0,11095.0,99.62,136703.0,34675.0,99.62,52136.0,12532.0,99.615,39676.0,8845.0,99.595,75517.0,12567.0,99.6,22802.0,2285.0,99.585,21019.0,1088.0,99.58,15887.0,2170.0,99.575,14563.0,651.0,99.56,9362.0,762.0,99.555,11550.0,1603.0,99.555,8329.0,1139.0,99.54,3411.0,445.0,99.53,1362.0,302.0,99.525,2339.0,166.0,99.505,2399.0,22.0,99.49,2014.0,11.0,99.47,927.0,31.0,99.465,880.0,NaN,99.45,271.0,NaN,99.45,24.0,NaN,99.435,61.0,NaN,99.415,5.0,NaN,99.4,1.0,NaN,99.39,1.0,NaN,99.37,1.0,NaN,99.35,5.0,NaN,99.345,99.325,99.305,99.295,99.28,99.27,99.25,NaN,NaN,NaN,NaN,NaN,NaN,NaN,NaN,NaN,NaN,NaN,NaN,NaN,NaN,NaN,NaN,NaN,NaN,NaN,NaN,NaN,NaN,NaN,NaN,NaN,NaN,NaN,NaN,NaN
2016-07-05,NaN,NaN,NaN,NaN,NaN,NaN,NaN,NaN,NaN,NaN,NaN,NaN,NaN,NaN,NaN,NaN,NaN,NaN,99.6175,190183.0,13088.0,99.625,163240.0,14383.0,99.62,53911.0,9452.0,99.62,134974.0,15615.0,99.62,55074.0,7196.0,99.615,38916.0,6429.0,99.605,77774.0,10702.0,99.61,22866.0,1247.0,99.6,21230.0,1005.0,99.6,15808.0,1568.0,99.595,14696.0,836.0,99.585,9329.0,596.0,99.58,14114.0,3804.0,99.585,8571.0,546.0,99.58,3141.0,489.0,99.565,1422.0,290.0,99.56,2407.0,119.0,99.545,2482.0,101.0,99.535,2002.0,18.0,99.525,965.0,55.0,99.515,880.0,NaN,99.5,255.0,24.0,99.5,24.0,12.0,99.485,61.0,NaN,99.47,5.0,NaN,99.46,1.0,NaN,99.45,1.0,NaN,99.435,1.0,NaN,99.42,5.0,NaN,99.41,99.39,99.37,99.365,99.35,99.345,99.325,NaN,NaN,NaN,NaN,NaN,NaN,NaN,NaN,NaN,NaN,NaN,NaN,NaN,NaN,NaN,NaN,NaN,NaN,NaN,NaN,NaN,NaN,NaN,NaN,NaN,NaN,NaN,NaN,NaN
2016-07-06,NaN,NaN,NaN,NaN,NaN,NaN,NaN,NaN,NaN,NaN,NaN,NaN,NaN,NaN,NaN,NaN,NaN,NaN,99.615,179257.0,24818.0,99.625,158091.0,15730.0,99.62,55999.0,17560.0,99.62,135146.0,30870.0,99.62,55559.0,16785.0,99.615,38172.0,5718.0,99.595,75208.0,18513.0,99.6,22673.0,5370.0,99.59,21495.0,1418.0,99.585,15501.0,2032.0,99.58,14824.0,901.0,99.565,9328.0,640.0,99.56,14114.0,359.0,99.56,8646.0,241.0,99.55,3084.0,96.0,99.54,1493.0,441.0,99.535,2651.0,350.0,99.52,2706.0,407.0,99.505,1911.0,164.0,99.495,1160.0,212.0,99.485,785.0,281.0,99.475,302.0,87.0,99.47,36.0,12.0,99.465,61.0,NaN,99.445,5.0,NaN,99.435,1.0,NaN,99.425,1.0,NaN,99.41,1.0,NaN,99.395,5.0,NaN,99.385,99.365,99.345,99.34,99.33,99.325,99.315,NaN,NaN,NaN,NaN,NaN,NaN,NaN,NaN,NaN,NaN,NaN,NaN,NaN,NaN,NaN,NaN,NaN,NaN,NaN,NaN,NaN,NaN,NaN,NaN,NaN,NaN,NaN,NaN,NaN
2016-07-07,NaN,NaN,NaN,NaN,NaN,NaN,NaN,NaN,NaN,NaN,NaN,NaN,NaN,NaN,NaN,NaN,NaN,NaN,99.6125,174677.0,7411.0,99.62,155622.0,19638.0,99.62,55407.0,6620.0,99.62,128525.0,17475.0,99.62,57506.0,11878.0,99.615,38046.0,7278.0,99.595,74695.0,16746.0,99.6,23963.0,5212.0,99.59,21120.0,1510.0,99.585,15909.0,2422.0,99.58,15024.0,1617.0,99.57,9360.0,873.0,99.565,13924.0,2017.0,99.565,8764.0,242.0,99.555,3105.0,156.0,99.545,1479.0,327.0,99.54,2910.0,335.0,99.525,2703.0,21.0,99.505,1901.0,17.0,99.495,1252.0,93.0,99.495,785.0,NaN,99.485,302.0,24.0,99.48,36.0,24.0,99.47,61.0,NaN,99.45,5.0,NaN,99.44,1.0,NaN,99.435,1.0,NaN,99.42,1.0,NaN,99.41,5.0,NaN,99.395,99.375,99.36,99.35,99.335,99.33,99.32,NaN,NaN,NaN,NaN,NaN,NaN,NaN,NaN,NaN,NaN,NaN,NaN,NaN,NaN,NaN,NaN,NaN,NaN,NaN,NaN,NaN,NaN,NaN,NaN,NaN,NaN,NaN,NaN,NaN
2016-07-08,NaN,NaN,NaN,NaN,NaN,NaN,NaN,NaN,NaN,NaN,NaN,NaN,NaN,NaN,NaN,NaN,NaN,NaN,99.6125,174659.0,2656.0,99.615,153666.0,19616.0,99.61,55773.0,8437.0,99.6,134307.0,47568.0,99.6,60345.0,23002.0,99.59,37461.0,16819.0,99.57,76715.0,35548.0,99.575,25947.0,6074.0,99.565,21918.0,2494.0,99.56,15878.0,2229.0,99.555,15026.0,1398.0,99.545,9334.0,725.0,99.54,12715.0,2334.0,99.54,8288.0,1375.0,99.535,3101.0,167.0,99.52,1499.0,131.0,99.515,2910.0,157.0,99.505,3067.0,658.0,99.495,1898.0,76.0,99.485,1434.0,204.0,99.485,785.0,NaN,99.475,302.0,NaN,99.47,36.0,NaN,99.46,61.0,NaN,99.44,5.0,NaN,99.43,1.0,NaN,99.425,1.0,NaN,99.41,1.0,NaN,99.4,5.0,NaN,99.365,99.345,99.33,99.32,99.305,99.3,99.29,NaN,NaN,NaN,NaN,NaN,NaN,NaN,NaN,NaN,NaN,NaN,NaN,NaN,NaN,NaN,NaN,NaN,NaN,NaN,NaN,NaN,NaN,NaN,NaN,NaN,NaN,NaN,NaN,NaN
2016-07-11,NaN,NaN,NaN,NaN,NaN,NaN,NaN,NaN,NaN,NaN,NaN,NaN,NaN,NaN,NaN,NaN,NaN,NaN,99.6125,173628.0,1279.0,99.615,152819.0,3896.0,99.605,55543.0,2593.0,99.59,132748.0,11497.0,99.595,62322.0,7167.0,99.575,37707.0,6619.0,99.55,75902.0,9342.0,99.55,25761.0,2259.0,99.535,22036.0,1255.0,99.525,15818.0,1836.0,99.52,14941.0,564.0,99.5,9241.0,236.0,99.49,12083.0,1522.0,99.49,8012.0,380.0,99.48,3148.0,109.0,99.465,1434.0,151.0,99.46,2911.0,46.0,99.445,3077.0,102.0,99.43,1898.0,10.0,99.415,1456.0,52.0,99.415,685.0,100.0,99.405,302.0,NaN,99.4,36.0,NaN,99.39,61.0,NaN,99.375,5.0,NaN,99.365,1.0,NaN,99.355,1.0,NaN,99.345,1.0,NaN,99.335,5.0,NaN,99.325,99.31,99.295,99.295,99.28,99.275,99.265,NaN,NaN,NaN,NaN,NaN,NaN,NaN,NaN,NaN,NaN,NaN,NaN,NaN,NaN,NaN,NaN,NaN,NaN,NaN,NaN,NaN,NaN,NaN,NaN,NaN,NaN,NaN,NaN,NaN
2016-07-12,NaN,NaN,NaN,NaN,NaN,NaN,NaN,NaN,NaN,NaN,NaN,NaN,NaN,NaN,NaN,NaN,NaN,NaN,99.6125,173463.0,475.0,99.615,152070.0,6288.0,99.6,55719.0,6264.0,99.58,133703.0,20508.0,99.575,64106.0,11568.0,99.555,35250.0,7917.0,99.53,76533.0,8121.0,99.53,25954.0,4522.0,99.515,22186.0,2410.0,99.505,13148.0,6464.0,99.5,14977.0,1591.0,99.48,9060.0,1308.0,99.47,12464.0,2046.0,99.47,8198.0,1506.0,99.455,2959.0,969.0,99.44,1554.0,465.0,99.43,2803.0,284.0,99.41,2915.0,327.0,99.395,1792.0,165.0,99.375,1667.0,300.0,99.37,577.0,170.0,99.355,302.0,NaN,99.35,36.0,NaN,99.34,61.0,NaN,99.325,5.0,NaN,99.31,1.0,NaN,99.3,1.0,NaN,99.285,1.0,NaN,99.275,5.0,NaN,99.26,99.245,99.225,99.22,99.21,99.205,99.19,NaN,NaN,NaN,NaN,NaN,NaN,NaN,NaN,NaN,NaN,NaN,NaN,NaN,NaN,NaN,NaN,NaN,NaN,NaN,NaN,NaN,NaN,NaN,NaN,NaN,NaN,NaN,NaN,NaN
2016-07-13,NaN,NaN,NaN,NaN,NaN,NaN,NaN,NaN,NaN,NaN,NaN,NaN,NaN,NaN,NaN,NaN,NaN,NaN,99.61,173262.0,4934.0,99.615,151127.0,3312.0,99.605,56009.0,5346.0,99.59,131969.0,10974.0,99.59,66247.0,7475.0,99.565,38145.0,7371.0,99.54,78940.0,8458.0,99.54,30693.0,9570.0,99.53,22204.0,1252.0,99.525,13211.0,1564.0,99.515,14908.0,862.0,99.5,8932.0,700.0,99.49,12128.0,857.0,99.49,8359.0,515.0,99.48,2905.0,240.0,99.465,1542.0,236.0,99.46,2853.0,127.0,99.44,2894.0,229.0,99.425,1661.0,219.0,99.41,1791.0,189.0,99.405,577.0,NaN,99.385,290.0,12.0,99.38,24.0,12.0,99.375,61.0,NaN,99.355,5.0,NaN,99.34,1.0,NaN,99.33,1.0,NaN,99.315,1.0,NaN,99.305,5.0,NaN,99.295,99.28,99.265,99.26,99.245,99.24,99.225,NaN,NaN,NaN,NaN,NaN,NaN,NaN,NaN,NaN,NaN,NaN,NaN,NaN,NaN,NaN,NaN,NaN,NaN,NaN,NaN,NaN,NaN,NaN,NaN,NaN,NaN,NaN,NaN,NaN
2016-07-14,NaN,NaN,NaN,NaN,NaN,NaN,NaN,NaN,NaN,NaN,NaN,NaN,NaN,NaN,NaN,NaN,NaN,NaN,99.61,172120.0,4788.0,99.61,151764.0,17694.0,99.6,53473.0,8346.0,99.575,133558.0,14458.0,99.575,67426.0,8431.0,99.555,37427.0,10502.0,99.525,80423.0,9207.0,99.525,30988.0,4301.0,99.51,22643.0,2142.0,99.5,12949.0,2390.0,99.495,14964.0,4496.0,99.475,4996.0,6432.0,99.465,12058.0,2829.0,99.465,7610.0,2296.0,99.455,2889.0,85.0,99.44,1669.0,399.0,99.425,3022.0,291.0,99.41,2975.0,389.0,99.39,1557.0,181.0,99.37,1899.0,311.0,99.365,512.0,208.0,99.35,312.0,23.0,99.345,24.0,NaN,99.335,61.0,NaN,99.32,5.0,NaN,99.3,1.0,NaN,99.29,1.0,NaN,99.28,1.0,NaN,99.27,5.0,NaN,99.255,99.235,99.225,99.215,99.2,99.2,99.185,NaN,NaN,NaN,NaN,NaN,NaN,NaN,NaN,NaN,NaN,NaN,NaN,NaN,NaN,NaN,NaN,NaN,NaN,NaN,NaN,NaN,NaN,NaN,NaN,NaN,NaN,NaN,NaN,NaN
2016-07-15,NaN,NaN,NaN,NaN,NaN,NaN,NaN,NaN,NaN,NaN,NaN,NaN,NaN,NaN,NaN,NaN,NaN,NaN,99.6075,173401.0,5253.0,99.605,149531.0,9855.0,99.595,52483.0,8292.0,99.57,129125.0,33421.0,99.565,65396.0,12174.0,99.53,39521.0,8260.0,99.495,79278.0,24399.0,99.49,29104.0,5799.0,99.475,22809.0,1909.0,99.46,13976.0,3445.0,99.45,15321.0,1591.0,99.43,5083.0,916.0,99.415,12594.0,3074.0,99.415,7940.0,2684.0,99.4,2916.0,384.0,99.385,1567.0,355.0,99.375,3033.0,125.0,99.355,3013.0,56.0,99.335,1573.0,68.0,99.315,1942.0,83.0,99.31,517.0,5.0,99.29,326.0,14.0,99.285,38.0,14.0,99.275,75.0,14.0,99.26,5.0,NaN,99.24,1.0,NaN,99.23,1.0,NaN,99.22,1.0,NaN,99.205,5.0,NaN,99.19,99.175,99.16,99.15,99.135,99.13,99.115,0.0,NaN,NaN,NaN,NaN,NaN,NaN,NaN,NaN,NaN,NaN,NaN,NaN,NaN,NaN,NaN,NaN,NaN,NaN,NaN,NaN,NaN,NaN,NaN,NaN,NaN,NaN,NaN,NaN
2016-07-18,NaN,NaN,NaN,NaN,NaN,NaN,NaN,NaN,NaN,NaN,NaN,NaN,NaN,NaN,NaN,NaN,NaN,NaN,99.6075,173874.0,1171.0,99.605,145613.0,9608.0,99.595,51004.0,6454.0,99.575,132980.0,14332.0,99.57,65441.0,5283.0,99.54,39932.0,4354.0,99.505,80216.0,9148.0,99.495,30664.0,4066.0,99.48,23092.0,972.0,99.47,14182.0,1531.0,99.46,15981.0,1520.0,99.44,5643.0,1187.0,99.43,12540.0,360.0,99.425,7810.0,573.0,99.415,2933.0,447.0,99.395,1679.0,403.0,99.385,3040.0,318.0,99.365,3012.0,122.0,99.345,1722.0,390.0,99.33,1964.0,277.0,99.32,416.0,147.0,99.31,326.0,NaN,99.305,38.0,NaN,99.295,75.0,NaN,99.275,5.0,NaN,99.26,1.0,NaN,99.25,1.0,NaN,99.24,1.0,NaN,99.235,5.0,NaN,99.22,99.205,99.185,99.18,99.165,99.16,99.145,0.0,NaN,NaN,NaN,NaN,NaN,NaN,NaN,NaN,NaN,NaN,NaN,NaN,NaN,NaN,NaN,NaN,NaN,NaN,NaN,NaN,NaN,NaN,NaN,NaN,NaN,NaN,NaN,NaN
2016-07-19,NaN,NaN,NaN,NaN,NaN,NaN,NaN,NaN,NaN,NaN,NaN,NaN,NaN,NaN,NaN,NaN,NaN,NaN,99.6075,168920.0,6625.0,99.605,147769.0,6402.0,99.59,53640.0,10634.0,99.57,147158.0,50476.0,99.565,67139.0,8380.0,99.535,39934.0,7102.0,99.5,79627.0,8910.0,99.495,30621.0,3146.0,99.48,23175.0,1335.0,99.47,14386.0,2054.0,99.46,16041.0,650.0,99.44,5833.0,850.0,99.43,12695.0,1409.0,99.425,7656.0,447.0,99.415,2944.0,385.0,99.395,1746.0,190.0,99.385,3043.0,31.0,99.365,3110.0,105.0,99.345,1722.0,NaN,99.335,1991.0,41.0,99.32,366.0,50.0,99.31,326.0,NaN,99.305,38.0,NaN,99.3,75.0,NaN,99.28,5.0,NaN,99.265,1.0,NaN,99.255,1.0,NaN,99.245,1.0,NaN,99.235,5.0,NaN,99.22,99.205,99.19,99.18,99.17,99.165,99.15,0.0,NaN,NaN,NaN,NaN,NaN,NaN,NaN,NaN,NaN,NaN,NaN,NaN,NaN,NaN,NaN,NaN,NaN,NaN,NaN,NaN,NaN,NaN,NaN,NaN,NaN,NaN,NaN,NaN
2016-07-20,NaN,NaN,NaN,NaN,NaN,NaN,NaN,NaN,NaN,NaN,NaN,NaN,NaN,NaN,NaN,NaN,NaN,NaN,99.6075,168291.0,4543.0,99.605,149851.0,5727.0,99.59,54793.0,9652.0,99.56,150887.0,24823.0,99.555,66461.0,10622.0,99.525,40873.0,7262.0,99.485,73621.0,18641.0,99.48,31296.0,15198.0,99.465,25899.0,5258.0,99.45,15296.0,4561.0,99.435,15998.0,707.0,99.415,5915.0,345.0,99.405,13095.0,1332.0,99.4,7461.0,431.0,99.385,3458.0,895.0,99.365,1969.0,499.0,99.355,2976.0,381.0,99.335,3082.0,169.0,99.32,1533.0,264.0,99.305,2134.0,168.0,99.29,342.0,26.0,99.28,326.0,127.0,99.275,115.0,120.0,99.27,75.0,NaN,99.255,29.0,24.0,99.235,24.0,24.0,99.23,1.0,NaN,99.215,1.0,NaN,99.21,5.0,NaN,99.19,99.18,99.165,99.15,99.135,99.135,99.12,0.0,NaN,NaN,NaN,NaN,NaN,NaN,NaN,NaN,NaN,NaN,NaN,NaN,NaN,NaN,NaN,NaN,NaN,NaN,NaN,NaN,NaN,NaN,NaN,NaN,NaN,NaN,NaN,NaN
2016-07-21,NaN,NaN,NaN,NaN,NaN,NaN,NaN,NaN,NaN,NaN,NaN,NaN,NaN,NaN,NaN,NaN,NaN,NaN,99.6075,168306.0,983.0,99.605,146592.0,11708.0,99.59,56112.0,7983.0,99.56,154112.0,32251.0,99.555,71437.0,21038.0,99.525,43673.0,15746.0,99.49,71573.0,26786.0,99.485,34498.0,10793.0,99.47,26158.0,3087.0,99.455,15753.0,7464.0,99.445,16386.0,2243.0,99.425,6326.0,1447.0,99.42,13103.0,1021.0,99.415,8021.0,1073.0,99.405,3078.0,773.0,99.385,1911.0,309.0,99.375,3058.0,312.0,99.355,3048.0,158.0,99.335,1497.0,232.0,99.32,2347.0,322.0,99.315,334.0,49.0,99.305,304.0,27.0,99.3,115.0,NaN,99.29,75.0,NaN,99.27,29.0,NaN,99.255,30.0,6.0,99.25,1.0,NaN,99.235,1.0,NaN,99.23,5.0,10.0,99.21,99.2,99.185,99.17,99.155,99.165,99.145,0.0,NaN,NaN,NaN,NaN,NaN,NaN,NaN,NaN,NaN,NaN,NaN,NaN,NaN,NaN,NaN,NaN,NaN,NaN,NaN,NaN,NaN,NaN,NaN,NaN,NaN,NaN,NaN,NaN
2016-07-22,NaN,NaN,NaN,NaN,NaN,NaN,NaN,NaN,NaN,NaN,NaN,NaN,NaN,NaN,NaN,NaN,NaN,NaN,99.6075,168268.0,474.0,99.6,143519.0,8289.0,99.59,55507.0,4340.0,99.56,155394.0,16275.0,99.555,72604.0,6778.0,99.525,44516.0,5308.0,99.49,70045.0,6490.0,99.48,34324.0,3221.0,99.465,26368.0,1511.0,99.45,15141.0,1655.0,99.435,16564.0,1056.0,99.415,6465.0,375.0,99.4,12961.0,1369.0,99.395,7795.0,544.0,99.385,3081.0,237.0,99.365,1911.0,433.0,99.355,3152.0,290.0,99.335,2976.0,530.0,99.31,1666.0,715.0,99.3,2392.0,94.0,99.295,334.0,NaN,99.28,304.0,NaN,99.275,115.0,NaN,99.265,75.0,NaN,99.25,29.0,NaN,99.235,30.0,NaN,99.225,1.0,NaN,99.205,1.0,NaN,99.21,5.0,NaN,99.19,99.17,99.165,99.15,99.13,99.135,99.12,0.0,NaN,NaN,NaN,NaN,NaN,NaN,NaN,NaN,NaN,NaN,NaN,NaN,NaN,NaN,NaN,NaN,NaN,NaN,NaN,NaN,NaN,NaN,NaN,NaN,NaN,NaN,NaN,NaN
2016-07-25,NaN,NaN,NaN,NaN,NaN,NaN,NaN,NaN,NaN,NaN,NaN,NaN,NaN,NaN,NaN,NaN,NaN,NaN,99.6075,168181.0,587.0,99.605,143158.0,746.0,99.59,55618.0,2275.0,99.555,154293.0,13359.0,99.545,73764.0,5384.0,99.52,45227.0,3653.0,99.48,68938.0,6172.0,99.475,33721.0,5952.0,99.455,26317.0,856.0,99.44,15550.0,2378.0,99.425,16495.0,695.0,99.4,6347.0,1186.0,99.39,12851.0,279.0,99.38,7832.0,154.0,99.37,3279.0,308.0,99.35,1872.0,232.0,99.34,3162.0,106.0,99.315,2961.0,28.0,99.3,1618.0,183.0,99.285,2453.0,61.0,99.275,334.0,NaN,99.26,304.0,NaN,99.26,115.0,NaN,99.245,75.0,NaN,99.23,29.0,NaN,99.22,30.0,NaN,99.21,1.0,NaN,99.195,1.0,NaN,99.195,5.0,NaN,99.18,99.16,99.15,99.14,99.12,99.13,99.11,0.0,NaN,NaN,NaN,NaN,NaN,NaN,NaN,NaN,NaN,NaN,NaN,NaN,NaN,NaN,NaN,NaN,NaN,NaN,NaN,NaN,NaN,NaN,NaN,NaN,NaN,NaN,NaN,NaN
2016-07-26,NaN,NaN,NaN,NaN,NaN,NaN,NaN,NaN,NaN,NaN,NaN,NaN,NaN,NaN,NaN,NaN,NaN,NaN,99.605,168274.0,3264.0,99.6,148584.0,18870.0,99.585,55199.0,4888.0,99.55,158674.0,19283.0,99.545,76142.0,7540.0,99.515,46363.0,8391.0,99.475,74823.0,14990.0,99.47,36174.0,9969.0,99.455,26083.0,2139.0,99.44,15393.0,2596.0,99.43,14404.0,3071.0,99.405,5977.0,1667.0,99.395,12614.0,2516.0,99.39,7757.0,1880.0,99.38,3878.0,940.0,99.36,1933.0,513.0,99.355,3227.0,218.0,99.33,2960.0,21.0,99.315,1701.0,184.0,99.3,2463.0,40.0,99.285,510.0,179.0,99.275,304.0,3.0,99.28,115.0,NaN,99.265,75.0,NaN,99.25,29.0,NaN,99.24,30.0,NaN,99.225,1.0,NaN,99.21,1.0,NaN,99.215,5.0,NaN,99.195,99.175,99.165,99.155,99.13,99.14,99.12,0.0,NaN,NaN,NaN,NaN,NaN,NaN,NaN,NaN,NaN,NaN,NaN,NaN,NaN,NaN,NaN,NaN,NaN,NaN,NaN,NaN,NaN,NaN,NaN,NaN,NaN,NaN,NaN,NaN
2016-07-27,NaN,NaN,NaN,NaN,NaN,NaN,NaN,NaN,NaN,NaN,NaN,NaN,NaN,NaN,NaN,NaN,NaN,NaN,99.605,168181.0,2683.0,99.605,147460.0,23598.0,99.59,58823.0,20329.0,99.555,160358.0,54696.0,99.55,78278.0,18532.0,99.525,46935.0,7850.0,99.49,80431.0,26243.0,99.485,39129.0,13128.0,99.47,25966.0,4752.0,99.455,15793.0,5834.0,99.445,13899.0,3256.0,99.425,5758.0,2110.0,99.415,12622.0,1203.0,99.41,7327.0,1054.0,99.405,3739.0,680.0,99.385,2267.0,901.0,99.375,3263.0,327.0,99.36,2956.0,70.0,99.34,1796.0,174.0,99.335,2351.0,183.0,99.325,510.0,NaN,99.315,304.0,NaN,99.32,115.0,NaN,99.305,75.0,NaN,99.29,29.0,NaN,99.28,30.0,NaN,99.27,1.0,NaN,99.25,1.0,NaN,99.255,5.0,NaN,99.24,99.22,99.215,99.21,99.185,99.195,99.18,0.0,NaN,NaN,NaN,NaN,NaN,NaN,NaN,NaN,NaN,NaN,NaN,NaN,NaN,NaN,NaN,NaN,NaN,NaN,NaN,NaN,NaN,NaN,NaN,NaN,NaN,NaN,NaN,NaN
2016-07-28,NaN,NaN,NaN,NaN,NaN,NaN,NaN,NaN,NaN,NaN,NaN,NaN,NaN,NaN,NaN,NaN,NaN,NaN,99.605,169048.0,1622.0,99.6,145566.0,6286.0,99.585,58831.0,4677.0,99.555,165865.0,27836.0,99.55,73346.0,21326.0,99.525,49906.0,7638.0,99.495,87027.0,22011.0,99.495,38972.0,5920.0,99.48,26893.0,4365.0,99.47,16583.0,3775.0,99.46,13166.0,1596.0,99.445,5608.0,583.0,99.435,12745.0,1145.0,99.43,7694.0,1135.0,99.425,3661.0,650.0,99.405,2367.0,400.0,99.4,3318.0,126.0,99.385,3031.0,151.0,99.365,1487.0,514.0,99.355,2351.0,21.0,99.35,510.0,NaN,99.34,504.0,200.0,99.34,304.0,266.0,99.33,75.0,NaN,99.32,29.0,NaN,99.305,30.0,NaN,99.3,1.0,NaN,99.28,1.0,NaN,99.285,5.0,NaN,99.265,99.25,99.235,99.23,99.205,99.22,99.205,NaN,NaN,NaN,NaN,NaN,NaN,NaN,NaN,NaN,NaN,NaN,NaN,NaN,NaN,NaN,NaN,NaN,NaN,NaN,NaN,NaN,NaN,NaN,NaN,NaN,NaN,NaN,NaN,NaN
2016-07-29,NaN,NaN,NaN,NaN,NaN,NaN,NaN,NaN,NaN,NaN,NaN,NaN,NaN,NaN,NaN,NaN,NaN,NaN,99.6075,168527.0,1477.0,99.605,148659.0,17624.0,99.595,57637.0,13252.0,99.58,164827.0,61307.0,99.575,81179.0,32487.0,99.55,49995.0,16970.0,99.525,94046.0,37583.0,99.525,44652.0,20258.0,99.515,27108.0,5220.0,99.505,23309.0,13741.0,99.5,14380.0,4666.0,99.49,5865.0,2991.0,99.48,15101.0,5819.0,99.475,7337.0,2187.0,99.47,3510.0,927.0,99.46,2637.0,1023.0,99.45,3570.0,521.0,99.435,3672.0,746.0,99.42,1607.0,290.0,99.41,2219.0,132.0,99.4,510.0,NaN,99.39,504.0,NaN,99.39,304.0,NaN,99.38,75.0,NaN,99.37,29.0,NaN,99.355,30.0,NaN,99.35,1.0,NaN,99.335,1.0,NaN,99.335,5.0,NaN,99.32,99.295,99.295,99.285,99.27,99.275,99.255,99.25,NaN,NaN,NaN,NaN,NaN,NaN,NaN,NaN,NaN,NaN,NaN,NaN,NaN,NaN,NaN,NaN,NaN,NaN,NaN,NaN,NaN,NaN,NaN,NaN,NaN,NaN,NaN,NaN
2016-08-01,NaN,NaN,NaN,NaN,NaN,NaN,NaN,NaN,NaN,NaN,NaN,NaN,NaN,NaN,NaN,NaN,NaN,NaN,NaN,NaN,NaN,99.6075,147938.0,1827.0,99.595,60584.0,7671.0,99.58,166931.0,16236.0,99.575,81691.0,7064.0,99.555,49610.0,3855.0,99.525,91719.0,16201.0,99.525,45842.0,9353.0,99.515,27130.0,2743.0,99.505,25752.0,8601.0,99.495,15555.0,3054.0,99.48,5957.0,668.0,99.47,15593.0,1268.0,99.47,7263.0,495.0,99.46,3486.0,165.0,99.445,2653.0,193.0,99.445,3552.0,149.0,99.425,3634.0,39.0,99.41,1584.0,176.0,99.4,2245.0,317.0,99.39,467.0,389.0,99.37,504.0,NaN,99.36,304.0,NaN,99.335,75.0,NaN,99.315,29.0,NaN,99.3,30.0,NaN,99.295,1.0,NaN,99.28,1.0,NaN,99.28,5.0,NaN,99.265,99.24,99.24,99.23,99.215,99.22,99.2,99.195,NaN,NaN,NaN,NaN,NaN,NaN,NaN,NaN,NaN,NaN,NaN,NaN,NaN,NaN,NaN,NaN,NaN,NaN,NaN,NaN,NaN,NaN,NaN,NaN,NaN,NaN,NaN,NaN
2016-08-02,NaN,NaN,NaN,NaN,NaN,NaN,NaN,NaN,NaN,NaN,NaN,NaN,NaN,NaN,NaN,NaN,NaN,NaN,NaN,NaN,NaN,99.6,144251.0,11079.0,99.59,62362.0,12167.0,99.575,165611.0,25288.0,99.57,82808.0,16335.0,99.55,51049.0,11200.0,99.52,91189.0,12149.0,99.52,47614.0,5527.0,99.51,27243.0,4064.0,99.5,25930.0,7826.0,99.495,16291.0,3872.0,99.48,6038.0,3888.0,99.47,18107.0,6523.0,99.465,6614.0,1493.0,99.46,3505.0,230.0,99.445,3015.0,828.0,99.44,3588.0,313.0,99.425,3687.0,69.0,99.41,1635.0,261.0,99.405,2128.0,165.0,99.4,468.0,2.0,99.395,504.0,NaN,99.4,304.0,NaN,99.38,75.0,NaN,99.35,29.0,NaN,99.335,30.0,NaN,99.33,1.0,NaN,99.315,1.0,NaN,99.315,5.0,NaN,99.3,99.275,99.275,99.265,99.25,99.255,99.235,99.23,NaN,NaN,NaN,NaN,NaN,NaN,NaN,NaN,NaN,NaN,NaN,NaN,NaN,NaN,NaN,NaN,NaN,NaN,NaN,NaN,NaN,NaN,NaN,NaN,NaN,NaN,NaN,NaN
2016-08-03,NaN,NaN,NaN,NaN,NaN,NaN,NaN,NaN,NaN,NaN,NaN,NaN,NaN,NaN,NaN,NaN,NaN,NaN,NaN,NaN,NaN,99.6,139025.0,13838.0,99.59,62194.0,4363.0,99.575,163279.0,11024.0,99.565,84509.0,9632.0,99.545,51229.0,6031.0,99.515,96574.0,17602.0,99.51,47936.0,6002.0,99.5,26533.0,3488.0,99.495,28527.0,5838.0,99.49,16640.0,2514.0,99.475,6441.0,1272.0,99.465,18351.0,1349.0,99.465,7019.0,729.0,99.46,3614.0,228.0,99.445,3097.0,292.0,99.44,3646.0,97.0,99.425,3757.0,222.0,99.41,1632.0,3.0,99.405,2128.0,3.0,99.4,468.0,NaN,99.395,504.0,NaN,99.39,304.0,NaN,99.365,75.0,NaN,99.35,29.0,NaN,99.335,30.0,NaN,99.33,1.0,NaN,99.315,1.0,NaN,99.315,5.0,NaN,99.3,99.275,99.275,99.265,99.25,99.255,99.235,99.23,NaN,NaN,NaN,NaN,NaN,NaN,NaN,NaN,NaN,NaN,NaN,NaN,NaN,NaN,NaN,NaN,NaN,NaN,NaN,NaN,NaN,NaN,NaN,NaN,NaN,NaN,NaN,NaN
2016-08-04,NaN,NaN,NaN,NaN,NaN,NaN,NaN,NaN,NaN,NaN,NaN,NaN,NaN,NaN,NaN,NaN,NaN,NaN,NaN,NaN,NaN,99.6025,134028.0,29048.0,99.595,65384.0,14889.0,99.58,171831.0,30853.0,99.575,86752.0,12172.0,99.545,52309.0,5810.0,99.52,102933.0,22364.0,99.52,50873.0,12995.0,99.51,26903.0,3147.0,99.505,31443.0,7178.0,99.495,17424.0,5365.0,99.49,8564.0,3242.0,99.48,21158.0,4995.0,99.48,8104.0,3416.0,99.475,3730.0,697.0,99.46,3117.0,225.0,99.455,3631.0,225.0,99.445,3890.0,183.0,99.43,1807.0,444.0,99.425,2078.0,86.0,99.425,474.0,70.0,99.425,563.0,419.0,99.435,295.0,429.0,99.42,575.0,720.0,99.405,30.0,1.0,99.39,30.0,NaN,99.385,1.0,NaN,99.37,1.0,NaN,99.37,5.0,NaN,99.355,99.33,99.33,99.32,99.305,99.31,99.29,99.285,NaN,NaN,NaN,NaN,NaN,NaN,NaN,NaN,NaN,NaN,NaN,NaN,NaN,NaN,NaN,NaN,NaN,NaN,NaN,NaN,NaN,NaN,NaN,NaN,NaN,NaN,NaN,NaN
2016-08-05,NaN,NaN,NaN,NaN,NaN,NaN,NaN,NaN,NaN,NaN,NaN,NaN,NaN,NaN,NaN,NaN,NaN,NaN,NaN,NaN,NaN,99.6025,134240.0,8615.0,99.59,65441.0,7651.0,99.56,169333.0,64688.0,99.56,85840.0,22844.0,99.525,56615.0,22077.0,99.49,103825.0,39165.0,99.485,52534.0,11726.0,99.47,26705.0,3558.0,99.46,33230.0,8988.0,99.445,17670.0,5374.0,99.43,8363.0,2101.0,99.415,21518.0,5892.0,99.41,8251.0,2317.0,99.4,3715.0,228.0,99.38,3924.0,1376.0,99.375,3783.0,749.0,99.36,4064.0,317.0,99.34,1793.0,243.0,99.335,2077.0,48.0,99.325,474.0,48.0,99.32,564.0,12.0,99.33,291.0,12.0,99.32,575.0,2.0,99.305,29.0,4.0,99.29,30.0,NaN,99.285,1.0,NaN,99.27,1.0,NaN,99.27,5.0,NaN,99.26,99.235,99.235,99.225,99.21,99.215,99.19,99.185,NaN,NaN,NaN,NaN,NaN,NaN,NaN,NaN,NaN,NaN,NaN,NaN,NaN,NaN,NaN,NaN,NaN,NaN,NaN,NaN,NaN,NaN,NaN,NaN,NaN,NaN,NaN,NaN
2016-08-08,NaN,NaN,NaN,NaN,NaN,NaN,NaN,NaN,NaN,NaN,NaN,NaN,NaN,NaN,NaN,NaN,NaN,NaN,NaN,NaN,NaN,99.6,135716.0,14069.0,99.59,63504.0,7093.0,99.56,169536.0,17872.0,99.55,85362.0,9694.0,99.52,55707.0,7171.0,99.485,102021.0,20253.0,99.475,52946.0,5589.0,99.46,28718.0,4138.0,99.45,31945.0,4252.0,99.435,18812.0,3072.0,99.42,8236.0,1260.0,99.405,20698.0,1752.0,99.395,8265.0,571.0,99.39,3696.0,174.0,99.37,3816.0,184.0,99.36,3679.0,176.0,99.345,4039.0,46.0,99.33,1798.0,79.0,99.32,2072.0,10.0,99.31,474.0,NaN,99.305,564.0,NaN,99.305,291.0,NaN,99.31,575.0,NaN,99.295,29.0,NaN,99.28,30.0,NaN,99.275,1.0,NaN,99.26,1.0,NaN,99.26,5.0,NaN,99.25,99.225,99.225,99.215,99.2,99.205,99.18,99.175,NaN,NaN,NaN,NaN,NaN,NaN,NaN,NaN,NaN,NaN,NaN,NaN,NaN,NaN,NaN,NaN,NaN,NaN,NaN,NaN,NaN,NaN,NaN,NaN,NaN,NaN,NaN,NaN
2016-08-09,NaN,NaN,NaN,NaN,NaN,NaN,NaN,NaN,NaN,NaN,NaN,NaN,NaN,NaN,NaN,NaN,NaN,NaN,NaN,NaN,NaN,99.6025,135222.0,1167.0,99.59,65694.0,6500.0,99.565,171215.0,15223.0,99.56,86973.0,7027.0,99.525,56751.0,6947.0,99.495,99791.0,10509.0,99.485,56402.0,12109.0,99.47,28930.0,4245.0,99.46,31467.0,5537.0,99.45,17885.0,4596.0,99.435,8310.0,1248.0,99.425,20924.0,1717.0,99.42,8414.0,1639.0,99.41,3950.0,477.0,99.395,3709.0,204.0,99.39,3623.0,259.0,99.375,4176.0,231.0,99.36,2023.0,544.0,99.355,2464.0,1057.0,99.355,1436.0,1153.0,99.345,654.0,131.0,99.345,316.0,57.0,99.34,575.0,NaN,99.32,29.0,NaN,99.305,30.0,NaN,99.3,1.0,NaN,99.285,1.0,NaN,99.285,5.0,NaN,99.275,99.25,99.25,99.24,99.225,99.23,99.24,99.235,NaN,NaN,NaN,NaN,NaN,NaN,NaN,NaN,NaN,NaN,NaN,NaN,NaN,NaN,NaN,NaN,NaN,NaN,NaN,NaN,NaN,NaN,NaN,NaN,NaN,NaN,NaN,NaN
2016-08-10,NaN,NaN,NaN,NaN,NaN,NaN,NaN,NaN,NaN,NaN,NaN,NaN,NaN,NaN,NaN,NaN,NaN,NaN,NaN,NaN,NaN,99.6025,134560.0,1541.0,99.595,67531.0,8193.0,99.575,177126.0,27015.0,99.575,86712.0,11414.0,99.545,58720.0,7246.0,99.51,101230.0,14808.0,99.505,57386.0,9091.0,99.49,30463.0,5223.0,99.485,31915.0,3214.0,99.475,18472.0,2352.0,99.465,8206.0,804.0,99.45,21201.0,1821.0,99.45,8288.0,1071.0,99.445,3958.0,507.0,99.43,4438.0,1610.0,99.42,3761.0,309.0,99.405,4241.0,65.0,99.39,1966.0,57.0,99.38,2464.0,110.0,99.38,1436.0,117.0,99.375,654.0,NaN,99.37,316.0,NaN,99.365,575.0,NaN,99.345,29.0,NaN,99.33,30.0,NaN,99.325,1.0,NaN,99.31,1.0,NaN,99.31,5.0,NaN,99.31,99.285,99.285,99.275,99.26,99.265,99.275,99.27,NaN,NaN,NaN,NaN,NaN,NaN,NaN,NaN,NaN,NaN,NaN,NaN,NaN,NaN,NaN,NaN,NaN,NaN,NaN,NaN,NaN,NaN,NaN,NaN,NaN,NaN,NaN,NaN
2016-08-11,NaN,NaN,NaN,NaN,NaN,NaN,NaN,NaN,NaN,NaN,NaN,NaN,NaN,NaN,NaN,NaN,NaN,NaN,NaN,NaN,NaN,99.6,133947.0,3664.0,99.59,68848.0,5087.0,99.57,177386.0,29753.0,99.56,87788.0,18734.0,99.525,57912.0,8299.0,99.48,98110.0,26108.0,99.475,58782.0,13480.0,99.455,28728.0,8441.0,99.44,33283.0,8213.0,99.43,18348.0,3917.0,99.415,9197.0,2250.0,99.4,21749.0,2704.0,99.395,8937.0,1460.0,99.385,4066.0,748.0,99.365,4753.0,913.0,99.355,4106.0,1023.0,99.335,4374.0,294.0,99.315,2138.0,553.0,99.305,2859.0,593.0,99.305,1477.0,222.0,99.295,654.0,NaN,99.29,316.0,NaN,99.28,575.0,NaN,99.26,29.0,NaN,99.245,30.0,NaN,99.24,1.0,NaN,99.225,1.0,NaN,99.225,5.0,NaN,99.245,99.22,99.22,99.21,99.195,99.2,99.21,99.205,NaN,NaN,NaN,NaN,NaN,NaN,NaN,NaN,NaN,NaN,NaN,NaN,NaN,NaN,NaN,NaN,NaN,NaN,NaN,NaN,NaN,NaN,NaN,NaN,NaN,NaN,NaN,NaN
2016-08-12,NaN,NaN,NaN,NaN,NaN,NaN,NaN,NaN,NaN,NaN,NaN,NaN,NaN,NaN,NaN,NaN,NaN,NaN,NaN,NaN,NaN,99.6025,133435.0,5167.0,99.595,68195.0,9215.0,99.585,173575.0,31236.0,99.58,89980.0,15056.0,99.545,58151.0,7205.0,99.505,99245.0,23684.0,99.495,58992.0,7607.0,99.475,28872.0,3923.0,99.465,37256.0,10598.0,99.455,18151.0,2041.0,99.44,8976.0,991.0,99.425,21743.0,1721.0,99.42,8855.0,832.0,99.415,4053.0,114.0,99.395,5012.0,491.0,99.39,4044.0,200.0,99.37,4408.0,210.0,99.35,2109.0,245.0,99.34,2859.0,28.0,99.335,1477.0,NaN,99.33,654.0,NaN,99.325,316.0,NaN,99.32,575.0,NaN,99.3,29.0,NaN,99.285,30.0,NaN,99.28,1.0,NaN,99.265,1.0,NaN,99.265,5.0,NaN,99.285,99.26,99.26,99.25,99.235,99.24,99.24,99.235,NaN,NaN,NaN,NaN,NaN,NaN,NaN,NaN,NaN,NaN,NaN,NaN,NaN,NaN,NaN,NaN,NaN,NaN,NaN,NaN,NaN,NaN,NaN,NaN,NaN,NaN,NaN,NaN
2016-08-15,NaN,NaN,NaN,NaN,NaN,NaN,NaN,NaN,NaN,NaN,NaN,NaN,NaN,NaN,NaN,NaN,NaN,NaN,NaN,NaN,NaN,99.6025,134309.0,2216.0,99.595,68414.0,2838.0,99.58,169702.0,13337.0,99.57,88707.0,8984.0,99.53,55929.0,7347.0,99.495,99258.0,14544.0,99.485,58584.0,6720.0,99.465,28812.0,2141.0,99.455,37290.0,3533.0,99.45,18590.0,2603.0,99.43,9169.0,3501.0,99.415,21727.0,1585.0,99.41,8681.0,1173.0,99.4,3983.0,341.0,99.375,5246.0,719.0,99.37,4171.0,235.0,99.35,4449.0,68.0,99.33,2120.0,11.0,99.325,2859.0,NaN,99.32,1477.0,NaN,99.31,654.0,NaN,99.305,316.0,NaN,99.3,575.0,NaN,99.28,29.0,NaN,99.265,30.0,NaN,99.26,1.0,NaN,99.245,1.0,NaN,99.245,5.0,NaN,99.25,99.225,99.225,99.215,99.2,99.205,99.205,99.2,NaN,NaN,NaN,NaN,NaN,NaN,NaN,NaN,NaN,NaN,NaN,NaN,NaN,NaN,NaN,NaN,NaN,NaN,NaN,NaN,NaN,NaN,NaN,NaN,NaN,NaN,NaN,NaN
2016-08-16,NaN,NaN,NaN,NaN,NaN,NaN,NaN,NaN,NaN,NaN,NaN,NaN,NaN,NaN,NaN,NaN,NaN,NaN,NaN,NaN,NaN,99.6025,132370.0,12835.0,99.59,69421.0,8406.0,99.57,178248.0,47636.0,99.565,88558.0,22332.0,99.52,56335.0,12991.0,99.475,104498.0,33769.0,99.465,59481.0,12849.0,99.445,28776.0,7975.0,99.435,38215.0,4793.0,99.425,20054.0,6001.0,99.405,9279.0,1073.0,99.395,19912.0,4551.0,99.385,9042.0,1746.0,99.375,4142.0,454.0,99.355,5467.0,1052.0,99.345,4142.0,302.0,99.33,4462.0,22.0,99.31,2118.0,9.0,99.3,2859.0,30.0,99.295,1477.0,30.0,99.285,654.0,NaN,99.28,316.0,NaN,99.27,575.0,NaN,99.25,29.0,NaN,99.235,30.0,NaN,99.23,1.0,NaN,99.215,1.0,NaN,99.215,5.0,NaN,99.22,99.195,99.195,99.185,99.17,99.175,99.175,99.17,NaN,NaN,NaN,NaN,NaN,NaN,NaN,NaN,NaN,NaN,NaN,NaN,NaN,NaN,NaN,NaN,NaN,NaN,NaN,NaN,NaN,NaN,NaN,NaN,NaN,NaN,NaN,NaN
2016-08-17,NaN,NaN,NaN,NaN,NaN,NaN,NaN,NaN,NaN,NaN,NaN,NaN,NaN,NaN,NaN,NaN,NaN,NaN,NaN,NaN,NaN,99.6025,132942.0,2874.0,99.59,75162.0,17920.0,99.57,186835.0,53193.0,99.57,92348.0,20341.0,99.525,60840.0,23840.0,99.485,102346.0,32044.0,99.475,57656.0,15033.0,99.45,28704.0,7949.0,99.44,37326.0,11100.0,99.43,20558.0,3762.0,99.41,9182.0,1504.0,99.395,21494.0,5508.0,99.39,9328.0,2051.0,99.38,4464.0,494.0,99.36,5987.0,1517.0,99.35,4160.0,492.0,99.33,4462.0,45.0,99.31,2118.0,1.0,99.3,2857.0,30.0,99.295,1477.0,1.0,99.285,654.0,1.0,99.285,316.0,NaN,99.275,575.0,NaN,99.26,29.0,NaN,99.245,30.0,NaN,99.24,1.0,NaN,99.225,1.0,NaN,99.225,5.0,NaN,99.24,99.215,99.215,99.205,99.19,99.195,99.195,99.19,NaN,NaN,NaN,NaN,NaN,NaN,NaN,NaN,NaN,NaN,NaN,NaN,NaN,NaN,NaN,NaN,NaN,NaN,NaN,NaN,NaN,NaN,NaN,NaN,NaN,NaN,NaN,NaN
2016-08-18,NaN,NaN,NaN,NaN,NaN,NaN,NaN,NaN,NaN,NaN,NaN,NaN,NaN,NaN,NaN,NaN,NaN,NaN,NaN,NaN,NaN,99.6025,132934.0,17.0,99.59,79317.0,8096.0,99.575,201800.0,58554.0,99.56,105275.0,51542.0,99.52,61069.0,4308.0,99.485,104208.0,10979.0,99.48,58453.0,5116.0,99.46,28832.0,1292.0,99.45,36866.0,3601.0,99.44,20811.0,1836.0,99.425,9189.0,293.0,99.41,21705.0,475.0,99.405,9524.0,738.0,99.395,4550.0,120.0,99.375,6008.0,310.0,99.37,4380.0,363.0,99.35,4932.0,577.0,99.33,2174.0,172.0,99.32,2753.0,198.0,99.315,1429.0,142.0,99.305,539.0,116.0,99.305,316.0,NaN,99.295,574.0,1.0,99.275,29.0,NaN,99.265,30.0,NaN,99.255,1.0,NaN,99.24,1.0,NaN,99.245,5.0,NaN,99.23,99.2,99.2,99.19,99.18,99.175,99.165,99.15,NaN,NaN,NaN,NaN,NaN,NaN,NaN,NaN,NaN,NaN,NaN,NaN,NaN,NaN,NaN,NaN,NaN,NaN,NaN,NaN,NaN,NaN,NaN,NaN,NaN,NaN,NaN,NaN
2016-08-19,NaN,NaN,NaN,NaN,NaN,NaN,NaN,NaN,NaN,NaN,NaN,NaN,NaN,NaN,NaN,NaN,NaN,NaN,NaN,NaN,NaN,99.6,132982.0,230.0,99.59,79412.0,675.0,99.57,204319.0,13642.0,99.55,104551.0,7599.0,99.505,60540.0,4789.0,99.47,103436.0,9318.0,99.46,59646.0,3679.0,99.44,29099.0,1441.0,99.425,36391.0,3223.0,99.415,20429.0,2030.0,99.395,9147.0,312.0,99.38,21362.0,1303.0,99.375,9553.0,316.0,99.365,4691.0,356.0,99.345,6471.0,642.0,99.34,4317.0,288.0,99.32,4930.0,47.0,99.3,2167.0,13.0,99.29,2687.0,66.0,99.28,1429.0,NaN,99.27,532.0,7.0,99.265,316.0,2.0,99.255,574.0,NaN,99.24,29.0,NaN,99.23,30.0,NaN,99.22,1.0,NaN,99.205,1.0,NaN,99.205,5.0,NaN,99.195,99.165,99.165,99.15,99.14,99.14,99.125,99.115,NaN,NaN,NaN,NaN,NaN,NaN,NaN,NaN,NaN,NaN,NaN,NaN,NaN,NaN,NaN,NaN,NaN,NaN,NaN,NaN,NaN,NaN,NaN,NaN,NaN,NaN,NaN,NaN
2016-08-22,NaN,NaN,NaN,NaN,NaN,NaN,NaN,NaN,NaN,NaN,NaN,NaN,NaN,NaN,NaN,NaN,NaN,NaN,NaN,NaN,NaN,99.6025,132982.0,579.0,99.59,79154.0,2460.0,99.565,206851.0,22698.0,99.545,103940.0,22186.0,99.505,63089.0,8433.0,99.47,105125.0,11121.0,99.46,59791.0,5655.0,99.44,29111.0,2445.0,99.425,36906.0,2998.0,99.415,21111.0,2798.0,99.395,9147.0,603.0,99.38,22847.0,3260.0,99.38,9644.0,467.0,99.37,4745.0,188.0,99.35,6611.0,482.0,99.35,4720.0,871.0,99.33,4984.0,75.0,99.31,2223.0,124.0,99.305,2652.0,61.0,99.295,1404.0,36.0,99.29,515.0,25.0,99.29,316.0,NaN,99.285,574.0,NaN,99.27,29.0,NaN,99.26,30.0,NaN,99.25,1.0,NaN,99.235,1.0,NaN,99.24,5.0,NaN,99.23,99.2,99.2,99.185,99.175,99.175,99.165,99.155,NaN,NaN,NaN,NaN,NaN,NaN,NaN,NaN,NaN,NaN,NaN,NaN,NaN,NaN,NaN,NaN,NaN,NaN,NaN,NaN,NaN,NaN,NaN,NaN,NaN,NaN,NaN,NaN
2016-08-23,NaN,NaN,NaN,NaN,NaN,NaN,NaN,NaN,NaN,NaN,NaN,NaN,NaN,NaN,NaN,NaN,NaN,NaN,NaN,NaN,NaN,99.6025,132612.0,1615.0,99.585,74347.0,11166.0,99.555,209648.0,18337.0,99.54,105199.0,9242.0,99.495,64729.0,8570.0,99.46,106597.0,14851.0,99.45,59168.0,10015.0,99.43,29576.0,2174.0,99.42,36215.0,2752.0,99.41,21221.0,1471.0,99.39,9685.0,1516.0,99.375,25674.0,3654.0,99.375,10557.0,1853.0,99.365,5241.0,797.0,99.345,7165.0,1278.0,99.34,4951.0,839.0,99.32,5225.0,341.0,99.305,2447.0,347.0,99.295,2575.0,413.0,99.295,1404.0,180.0,99.285,490.0,61.0,99.28,316.0,NaN,99.275,579.0,5.0,99.265,29.0,NaN,99.255,30.0,NaN,99.24,1.0,NaN,99.225,1.0,NaN,99.23,5.0,NaN,99.22,99.19,99.19,99.18,99.17,99.17,99.165,99.15,NaN,NaN,NaN,NaN,NaN,NaN,NaN,NaN,NaN,NaN,NaN,NaN,NaN,NaN,NaN,NaN,NaN,NaN,NaN,NaN,NaN,NaN,NaN,NaN,NaN,NaN,NaN,NaN
2016-08-24,NaN,NaN,NaN,NaN,NaN,NaN,NaN,NaN,NaN,NaN,NaN,NaN,NaN,NaN,NaN,NaN,NaN,NaN,NaN,NaN,NaN,99.6025,132147.0,730.0,99.585,74492.0,11679.0,99.555,215493.0,30934.0,99.54,107868.0,17772.0,99.495,66417.0,10628.0,99.46,111985.0,14369.0,99.45,60584.0,7730.0,99.43,29646.0,2472.0,99.42,35559.0,3548.0,99.41,21036.0,3275.0,99.39,9537.0,1086.0,99.375,29290.0,4172.0,99.375,10767.0,903.0,99.365,5718.0,1048.0,99.345,7518.0,1072.0,99.345,5128.0,1093.0,99.325,5618.0,549.0,99.31,2615.0,335.0,99.305,2410.0,493.0,99.295,1475.0,146.0,99.285,490.0,64.0,99.285,316.0,NaN,99.28,579.0,NaN,99.27,29.0,NaN,99.255,30.0,NaN,99.25,1.0,NaN,99.235,1.0,NaN,99.235,5.0,NaN,99.225,99.205,99.195,99.185,99.175,99.18,99.17,99.16,NaN,NaN,NaN,NaN,NaN,NaN,NaN,NaN,NaN,NaN,NaN,NaN,NaN,NaN,NaN,NaN,NaN,NaN,NaN,NaN,NaN,NaN,NaN,NaN,NaN,NaN,NaN,NaN
2016-08-25,NaN,NaN,NaN,NaN,NaN,NaN,NaN,NaN,NaN,NaN,NaN,NaN,NaN,NaN,NaN,NaN,NaN,NaN,NaN,NaN,NaN,99.6025,132578.0,4218.0,99.585,73731.0,8567.0,99.545,216720.0,46533.0,99.525,121095.0,40809.0,99.48,71012.0,19147.0,99.445,111563.0,29299.0,99.435,61198.0,10910.0,99.41,30321.0,2489.0,99.4,35257.0,5720.0,99.385,21251.0,1608.0,99.365,9717.0,1332.0,99.355,29315.0,1079.0,99.35,14247.0,5975.0,99.34,5884.0,360.0,99.32,7832.0,826.0,99.315,5133.0,244.0,99.295,5667.0,127.0,99.275,2612.0,110.0,99.265,2382.0,215.0,99.26,1500.0,55.0,99.25,490.0,38.0,99.25,316.0,NaN,99.24,579.0,NaN,99.23,29.0,NaN,99.215,30.0,NaN,99.21,1.0,NaN,99.195,1.0,NaN,99.2,5.0,4.0,99.185,99.165,99.155,99.145,99.135,99.135,99.125,99.12,NaN,NaN,NaN,NaN,NaN,NaN,NaN,NaN,NaN,NaN,NaN,NaN,NaN,NaN,NaN,NaN,NaN,NaN,NaN,NaN,NaN,NaN,NaN,NaN,NaN,NaN,NaN,NaN
2016-08-26,NaN,NaN,NaN,NaN,NaN,NaN,NaN,NaN,NaN,NaN,NaN,NaN,NaN,NaN,NaN,NaN,NaN,NaN,NaN,NaN,NaN,99.6025,130216.0,5038.0,99.575,69899.0,19019.0,99.52,232178.0,128982.0,99.5,130695.0,43820.0,99.45,76994.0,23892.0,99.415,104296.0,41530.0,99.405,60108.0,8843.0,99.375,30606.0,3489.0,99.365,35898.0,6158.0,99.35,22625.0,6420.0,99.325,9683.0,1928.0,99.31,28525.0,2278.0,99.305,13925.0,1030.0,99.29,5860.0,508.0,99.27,7918.0,676.0,99.26,5090.0,452.0,99.24,5574.0,490.0,99.22,2740.0,306.0,99.21,2270.0,278.0,99.2,1492.0,18.0,99.19,491.0,35.0,99.19,316.0,NaN,99.175,579.0,NaN,99.16,29.0,NaN,99.145,30.0,NaN,99.135,1.0,NaN,99.12,1.0,NaN,99.12,5.0,NaN,99.11,99.085,99.075,99.065,99.055,99.055,99.045,99.035,NaN,NaN,NaN,NaN,NaN,NaN,NaN,NaN,NaN,NaN,NaN,NaN,NaN,NaN,NaN,NaN,NaN,NaN,NaN,NaN,NaN,NaN,NaN,NaN,NaN,NaN,NaN,NaN
2016-08-29,NaN,NaN,NaN,NaN,NaN,NaN,NaN,NaN,NaN,NaN,NaN,NaN,NaN,NaN,NaN,NaN,NaN,NaN,NaN,NaN,NaN,99.6025,131259.0,1678.0,99.585,64696.0,17471.0,99.535,234967.0,48413.0,99.52,136322.0,15451.0,99.47,78866.0,7250.0,99.43,102350.0,11654.0,99.42,64370.0,11532.0,99.39,30724.0,2708.0,99.38,36346.0,4152.0,99.37,23004.0,1452.0,99.35,9719.0,533.0,99.33,28442.0,622.0,99.325,13638.0,687.0,99.31,5830.0,247.0,99.29,7894.0,117.0,99.285,5087.0,46.0,99.265,5574.0,44.0,99.245,2751.0,12.0,99.24,2266.0,7.0,99.23,1493.0,15.0,99.225,491.0,7.0,99.22,316.0,NaN,99.215,579.0,NaN,99.2,29.0,NaN,99.19,30.0,NaN,99.175,1.0,NaN,99.16,1.0,NaN,99.17,5.0,NaN,99.16,99.14,99.125,99.12,99.11,99.11,99.1,99.095,NaN,NaN,NaN,NaN,NaN,NaN,NaN,NaN,NaN,NaN,NaN,NaN,NaN,NaN,NaN,NaN,NaN,NaN,NaN,NaN,NaN,NaN,NaN,NaN,NaN,NaN,NaN,NaN
2016-08-30,NaN,NaN,NaN,NaN,NaN,NaN,NaN,NaN,NaN,NaN,NaN,NaN,NaN,NaN,NaN,NaN,NaN,NaN,NaN,NaN,NaN,99.6025,139374.0,25223.0,99.5825,64536.0,11258.0,99.54,251724.0,50879.0,99.525,127069.0,23311.0,99.48,79643.0,10821.0,99.44,109500.0,25038.0,99.425,70617.0,11505.0,99.4,30017.0,1980.0,99.385,36443.0,3193.0,99.37,22675.0,1754.0,99.35,9602.0,590.0,99.33,28454.0,1261.0,99.325,13978.0,742.0,99.315,6475.0,1368.0,99.29,8283.0,1070.0,99.285,5651.0,873.0,99.265,5774.0,302.0,99.245,2847.0,250.0,99.24,2266.0,292.0,99.23,1570.0,104.0,99.22,491.0,3.0,99.22,316.0,NaN,99.215,579.0,NaN,99.2,29.0,NaN,99.19,30.0,NaN,99.18,1.0,NaN,99.16,1.0,NaN,99.17,5.0,NaN,99.16,99.14,99.125,99.12,99.11,99.11,99.1,99.09,NaN,NaN,NaN,NaN,NaN,NaN,NaN,NaN,NaN,NaN,NaN,NaN,NaN,NaN,NaN,NaN,NaN,NaN,NaN,NaN,NaN,NaN,NaN,NaN,NaN,NaN,NaN,NaN
2016-08-31,NaN,NaN,NaN,NaN,NaN,NaN,NaN,NaN,NaN,NaN,NaN,NaN,NaN,NaN,NaN,NaN,NaN,NaN,NaN,NaN,NaN,99.6025,138401.0,3944.0,99.5825,61352.0,12694.0,99.535,268453.0,69306.0,99.515,135988.0,39136.0,99.47,81555.0,7917.0,99.435,105816.0,22043.0,99.42,72784.0,7897.0,99.395,29894.0,1310.0,99.38,36131.0,2607.0,99.37,23076.0,3842.0,99.35,9366.0,887.0,99.33,28134.0,1354.0,99.325,14120.0,1474.0,99.315,6222.0,448.0,99.29,8301.0,219.0,99.285,5803.0,224.0,99.265,6524.0,752.0,99.245,2922.0,216.0,99.24,2308.0,78.0,99.23,1567.0,4.0,99.225,491.0,NaN,99.225,316.0,NaN,99.215,579.0,NaN,99.205,29.0,NaN,99.19,30.0,NaN,99.185,1.0,NaN,99.165,1.0,NaN,99.175,5.0,NaN,99.165,99.145,99.13,99.125,99.11,99.115,99.1,99.09,99.08,NaN,NaN,NaN,NaN,NaN,NaN,NaN,NaN,NaN,NaN,NaN,NaN,NaN,NaN,NaN,NaN,NaN,NaN,NaN,NaN,NaN,NaN,NaN,NaN,NaN,NaN,NaN
2016-09-01,NaN,NaN,NaN,NaN,NaN,NaN,NaN,NaN,NaN,NaN,NaN,NaN,NaN,NaN,NaN,NaN,NaN,NaN,NaN,NaN,NaN,NaN,NaN,NaN,99.5825,62394.0,8403.0,99.54,286646.0,97238.0,99.52,142030.0,31441.0,99.47,82898.0,13346.0,99.435,109452.0,27296.0,99.425,69553.0,15096.0,99.4,29447.0,5355.0,99.385,36460.0,7083.0,99.37,23505.0,4434.0,99.35,9421.0,1236.0,99.335,27099.0,5389.0,99.33,13994.0,936.0,99.32,6604.0,734.0,99.295,8436.0,630.0,99.29,5757.0,386.0,99.27,6643.0,363.0,99.255,3233.0,994.0,99.245,2445.0,725.0,99.235,1478.0,264.0,99.23,491.0,NaN,99.225,316.0,NaN,99.215,579.0,NaN,99.205,29.0,NaN,99.19,30.0,NaN,99.18,1.0,NaN,99.165,1.0,NaN,99.17,5.0,NaN,99.155,99.135,99.125,99.115,99.105,99.105,99.09,99.07,99.07,NaN,NaN,NaN,NaN,NaN,NaN,NaN,NaN,NaN,NaN,NaN,NaN,NaN,NaN,NaN,NaN,NaN,NaN,NaN,NaN,NaN,NaN,NaN,NaN,NaN,NaN,NaN
2016-09-02,NaN,NaN,NaN,NaN,NaN,NaN,NaN,NaN,NaN,NaN,NaN,NaN,NaN,NaN,NaN,NaN,NaN,NaN,NaN,NaN,NaN,NaN,NaN,NaN,99.585,62105.0,13543.0,99.545,294716.0,146318.0,99.53,155390.0,47764.0,99.475,89073.0,24771.0,99.44,115835.0,46056.0,99.425,67985.0,13317.0,99.395,29250.0,2836.0,99.38,35515.0,4590.0,99.37,23734.0,2443.0,99.35,9546.0,876.0,99.33,26727.0,1998.0,99.325,14198.0,1355.0,99.315,6507.0,282.0,99.295,8542.0,243.0,99.29,5764.0,267.0,99.27,6674.0,276.0,99.255,3221.0,249.0,99.245,2517.0,188.0,99.24,1477.0,3.0,99.23,491.0,NaN,99.225,316.0,NaN,99.225,579.0,NaN,99.21,29.0,NaN,99.2,30.0,NaN,99.19,1.0,NaN,99.18,1.0,NaN,99.18,5.0,NaN,99.165,99.145,99.135,99.125,99.115,99.115,99.1,99.085,99.08,NaN,NaN,NaN,NaN,NaN,NaN,NaN,NaN,NaN,NaN,NaN,NaN,NaN,NaN,NaN,NaN,NaN,NaN,NaN,NaN,NaN,NaN,NaN,NaN,NaN,NaN,NaN
2016-09-06,NaN,NaN,NaN,NaN,NaN,NaN,NaN,NaN,NaN,NaN,NaN,NaN,NaN,NaN,NaN,NaN,NaN,NaN,NaN,NaN,NaN,NaN,NaN,NaN,99.59,62889.0,16403.0,99.565,304337.0,108736.0,99.555,167560.0,50556.0,99.505,88249.0,13273.0,99.47,124023.0,42442.0,99.455,67039.0,8692.0,99.435,29633.0,3373.0,99.425,34864.0,10187.0,99.415,24909.0,7209.0,99.4,10128.0,1977.0,99.385,27124.0,2331.0,99.38,15352.0,2327.0,99.375,6377.0,1047.0,99.355,8407.0,1404.0,99.355,6150.0,1019.0,99.335,7455.0,1258.0,99.32,3520.0,860.0,99.315,2558.0,458.0,99.31,1607.0,145.0,99.3,491.0,NaN,99.3,316.0,NaN,99.295,595.0,16.0,99.28,29.0,NaN,99.27,30.0,NaN,99.26,1.0,NaN,99.25,1.0,NaN,99.25,5.0,NaN,99.235,99.215,99.21,99.205,99.195,99.195,99.18,99.165,99.16,NaN,NaN,NaN,NaN,NaN,NaN,NaN,NaN,NaN,NaN,NaN,NaN,NaN,NaN,NaN,NaN,NaN,NaN,NaN,NaN,NaN,NaN,NaN,NaN,NaN,NaN,NaN
2016-09-07,NaN,NaN,NaN,NaN,NaN,NaN,NaN,NaN,NaN,NaN,NaN,NaN,NaN,NaN,NaN,NaN,NaN,NaN,NaN,NaN,NaN,NaN,NaN,NaN,99.59,66114.0,7917.0,99.57,306194.0,43821.0,99.555,174748.0,16753.0,99.505,88349.0,6641.0,99.47,127529.0,19920.0,99.455,66891.0,3789.0,99.435,30411.0,2849.0,99.425,35492.0,2845.0,99.415,24918.0,1225.0,99.4,9878.0,2619.0,99.385,26915.0,1274.0,99.38,15759.0,1350.0,99.375,6144.0,833.0,99.355,8844.0,1010.0,99.355,6293.0,546.0,99.335,7620.0,304.0,99.32,3527.0,128.0,99.315,2545.0,121.0,99.31,1607.0,NaN,99.3,491.0,NaN,99.3,316.0,NaN,99.295,595.0,NaN,99.28,29.0,NaN,99.27,30.0,NaN,99.255,101.0,100.0,99.245,1.0,NaN,99.25,5.0,NaN,99.235,99.215,99.21,99.2,99.195,99.19,99.18,99.165,99.16,NaN,NaN,NaN,NaN,NaN,NaN,NaN,NaN,NaN,NaN,NaN,NaN,NaN,NaN,NaN,NaN,NaN,NaN,NaN,NaN,NaN,NaN,NaN,NaN,NaN,NaN,NaN
2016-09-08,NaN,NaN,NaN,NaN,NaN,NaN,NaN,NaN,NaN,NaN,NaN,NaN,NaN,NaN,NaN,NaN,NaN,NaN,NaN,NaN,NaN,NaN,NaN,NaN,99.5875,66209.0,11542.0,99.555,308224.0,78251.0,99.545,178441.0,31187.0,99.485,90337.0,13479.0,99.445,125220.0,38454.0,99.43,68253.0,7521.0,99.41,30461.0,3375.0,99.395,35582.0,2285.0,99.385,25520.0,2286.0,99.365,9456.0,1770.0,99.355,27393.0,2978.0,99.35,16839.0,3606.0,99.34,5660.0,1219.0,99.32,8733.0,617.0,99.315,6316.0,221.0,99.3,7634.0,166.0,99.28,3522.0,15.0,99.275,2582.0,124.0,99.265,1604.0,3.0,99.255,491.0,NaN,99.255,316.0,NaN,99.245,595.0,NaN,99.23,29.0,NaN,99.22,30.0,NaN,99.205,101.0,NaN,99.19,1.0,NaN,99.195,5.0,NaN,99.18,99.16,99.15,99.14,99.135,99.125,99.115,99.1,99.09,NaN,NaN,NaN,NaN,NaN,NaN,NaN,NaN,NaN,NaN,NaN,NaN,NaN,NaN,NaN,NaN,NaN,NaN,NaN,NaN,NaN,NaN,NaN,NaN,NaN,NaN,NaN
2016-09-09,NaN,NaN,NaN,NaN,NaN,NaN,NaN,NaN,NaN,NaN,NaN,NaN,NaN,NaN,NaN,NaN,NaN,NaN,NaN,NaN,NaN,NaN,NaN,NaN,99.5825,66049.0,11499.0,99.55,324527.0,119733.0,99.535,183969.0,32490.0,99.48,91327.0,15312.0,99.435,127657.0,34031.0,99.42,67780.0,6689.0,99.395,30258.0,1399.0,99.38,35333.0,2029.0,99.37,25318.0,2379.0,99.35,9080.0,1140.0,99.335,27407.0,717.0,99.33,16534.0,1026.0,99.32,5645.0,638.0,99.295,8643.0,536.0,99.295,6371.0,462.0,99.275,7838.0,894.0,99.255,3515.0,586.0,99.245,2706.0,327.0,99.235,1633.0,108.0,99.23,491.0,NaN,99.225,316.0,NaN,99.21,589.0,6.0,99.195,29.0,NaN,99.18,30.0,NaN,99.17,101.0,NaN,99.155,1.0,NaN,99.155,5.0,NaN,99.14,99.12,99.105,99.095,99.09,99.08,99.065,99.05,99.04,NaN,NaN,NaN,NaN,NaN,NaN,NaN,NaN,NaN,NaN,NaN,NaN,NaN,NaN,NaN,NaN,NaN,NaN,NaN,NaN,NaN,NaN,NaN,NaN,NaN,NaN,NaN
2016-09-12,NaN,NaN,NaN,NaN,NaN,NaN,NaN,NaN,NaN,NaN,NaN,NaN,NaN,NaN,NaN,NaN,NaN,NaN,NaN,NaN,NaN,NaN,NaN,NaN,99.59,64308.0,9327.0,99.57,319490.0,86317.0,99.555,184616.0,24530.0,99.495,92287.0,9923.0,99.45,132842.0,34528.0,99.435,67919.0,5252.0,99.41,30201.0,1350.0,99.4,35319.0,4079.0,99.39,25385.0,1559.0,99.375,9216.0,518.0,99.36,27311.0,593.0,99.355,16537.0,784.0,99.345,5743.0,279.0,99.325,8763.0,983.0,99.32,6363.0,410.0,99.305,8068.0,876.0,99.285,3262.0,533.0,99.275,2784.0,311.0,99.265,1590.0,214.0,99.255,431.0,111.0,99.255,271.0,45.0,99.25,599.0,10.0,99.235,54.0,63.0,99.22,30.0,NaN,99.205,101.0,NaN,99.19,1.0,NaN,99.195,5.0,NaN,99.18,99.155,99.14,99.13,99.125,99.115,99.1,99.085,99.075,NaN,NaN,NaN,NaN,NaN,NaN,NaN,NaN,NaN,NaN,NaN,NaN,NaN,NaN,NaN,NaN,NaN,NaN,NaN,NaN,NaN,NaN,NaN,NaN,NaN,NaN,NaN
2016-09-13,NaN,NaN,NaN,NaN,NaN,NaN,NaN,NaN,NaN,NaN,NaN,NaN,NaN,NaN,NaN,NaN,NaN,NaN,NaN,NaN,NaN,NaN,NaN,NaN,99.59,65488.0,6315.0,99.57,314198.0,32948.0,99.55,182901.0,32026.0,99.495,93089.0,5738.0,99.45,133999.0,14543.0,99.435,67227.0,6803.0,99.405,31231.0,3393.0,99.39,34292.0,9468.0,99.38,27358.0,6386.0,99.355,9674.0,1398.0,99.335,28186.0,1950.0,99.33,17076.0,1665.0,99.32,6739.0,1647.0,99.295,8736.0,1161.0,99.29,6732.0,793.0,99.27,8149.0,981.0,99.25,3535.0,428.0,99.24,2729.0,455.0,99.235,1640.0,162.0,99.22,472.0,111.0,99.22,334.0,153.0,99.205,620.0,22.0,99.19,48.0,6.0,99.175,30.0,NaN,99.165,101.0,NaN,99.145,1.0,NaN,99.15,5.0,NaN,99.135,99.105,99.095,99.085,99.07,99.065,99.055,99.04,99.025,NaN,NaN,NaN,NaN,NaN,NaN,NaN,NaN,NaN,NaN,NaN,NaN,NaN,NaN,NaN,NaN,NaN,NaN,NaN,NaN,NaN,NaN,NaN,NaN,NaN,NaN,NaN
2016-09-14,NaN,NaN,NaN,NaN,NaN,NaN,NaN,NaN,NaN,NaN,NaN,NaN,NaN,NaN,NaN,NaN,NaN,NaN,NaN,NaN,NaN,NaN,NaN,NaN,99.59,65759.0,821.0,99.575,315811.0,17046.0,99.55,182465.0,13315.0,99.505,92416.0,7072.0,99.465,137422.0,14275.0,99.45,64751.0,4824.0,99.425,31142.0,1803.0,99.415,34020.0,3282.0,99.405,27102.0,1706.0,99.385,9724.0,972.0,99.375,28314.0,1859.0,99.37,17934.0,1750.0,99.36,7102.0,884.0,99.34,9116.0,744.0,99.335,6729.0,443.0,99.315,8623.0,582.0,99.295,3629.0,543.0,99.29,2893.0,393.0,99.275,1727.0,106.0,99.265,472.0,33.0,99.265,360.0,26.0,99.255,620.0,NaN,99.24,48.0,NaN,99.225,30.0,NaN,99.22,101.0,NaN,99.195,1.0,NaN,99.2,5.0,NaN,99.185,99.16,99.145,99.135,99.125,99.12,99.105,99.09,99.08,NaN,NaN,NaN,NaN,NaN,NaN,NaN,NaN,NaN,NaN,NaN,NaN,NaN,NaN,NaN,NaN,NaN,NaN,NaN,NaN,NaN,NaN,NaN,NaN,NaN,NaN,NaN
2016-09-15,NaN,NaN,NaN,NaN,NaN,NaN,NaN,NaN,NaN,NaN,NaN,NaN,NaN,NaN,NaN,NaN,NaN,NaN,NaN,NaN,NaN,NaN,NaN,NaN,99.5925,68280.0,9794.0,99.58,335523.0,59645.0,99.555,184821.0,25798.0,99.51,92657.0,5871.0,99.475,139152.0,19193.0,99.465,66021.0,8021.0,99.44,31507.0,2913.0,99.435,34998.0,5159.0,99.425,27146.0,4046.0,99.405,9599.0,731.0,99.395,28765.0,1648.0,99.39,17657.0,1877.0,99.38,7023.0,581.0,99.36,9748.0,1506.0,99.355,6887.0,738.0,99.335,8879.0,878.0,99.31,3602.0,230.0,99.305,3028.0,248.0,99.29,1746.0,58.0,99.28,483.0,41.0,99.28,360.0,9.0,99.27,620.0,NaN,99.255,48.0,NaN,99.235,30.0,NaN,99.23,101.0,NaN,99.205,1.0,NaN,99.21,5.0,NaN,99.195,99.17,99.155,99.145,99.135,99.125,99.115,99.1,99.085,NaN,NaN,NaN,NaN,NaN,NaN,NaN,NaN,NaN,NaN,NaN,NaN,NaN,NaN,NaN,NaN,NaN,NaN,NaN,NaN,NaN,NaN,NaN,NaN,NaN,NaN,NaN
2016-09-16,NaN,NaN,NaN,NaN,NaN,NaN,NaN,NaN,NaN,NaN,NaN,NaN,NaN,NaN,NaN,NaN,NaN,NaN,NaN,NaN,NaN,NaN,NaN,NaN,99.5925,70686.0,8167.0,99.575,351761.0,67127.0,99.55,188986.0,33485.0,99.5,93713.0,11766.0,99.455,144316.0,29543.0,99.445,67224.0,9088.0,99.42,30611.0,4181.0,99.41,34342.0,3395.0,99.4,26577.0,1439.0,99.38,9522.0,1112.0,99.365,28909.0,788.0,99.36,17744.0,381.0,99.35,6954.0,716.0,99.33,10217.0,1153.0,99.325,7314.0,1073.0,99.3,8996.0,339.0,99.28,3735.0,207.0,99.27,3033.0,194.0,99.26,1800.0,65.0,99.255,579.0,219.0,99.245,534.0,193.0,99.235,620.0,3.0,99.22,47.0,1.0,99.205,24.0,6.0,99.195,101.0,NaN,99.175,1.0,NaN,99.175,5.0,NaN,99.165,99.14,99.13,99.12,99.11,99.1,99.09,99.075,99.065,NaN,NaN,NaN,NaN,NaN,NaN,NaN,NaN,NaN,NaN,NaN,NaN,NaN,NaN,NaN,NaN,NaN,NaN,NaN,NaN,NaN,NaN,NaN,NaN,NaN,NaN,NaN
2016-09-19,NaN,NaN,NaN,NaN,NaN,NaN,NaN,NaN,NaN,NaN,NaN,NaN,NaN,NaN,NaN,NaN,NaN,NaN,NaN,NaN,NaN,NaN,NaN,NaN,99.5925,68535.0,9875.0,99.575,352088.0,20189.0,99.555,187717.0,22178.0,99.5,91959.0,7342.0,99.455,145718.0,20600.0,99.445,65885.0,4665.0,99.42,30361.0,1559.0,99.41,34265.0,2233.0,99.395,26670.0,1607.0,99.38,9469.0,1072.0,99.365,29963.0,2012.0,99.36,17833.0,477.0,99.35,6998.0,1128.0,99.33,10598.0,806.0,99.32,7218.0,175.0,99.295,8997.0,50.0,99.275,3708.0,94.0,99.265,3034.0,37.0,99.255,1841.0,114.0,99.25,699.0,173.0,99.245,534.0,NaN,99.235,620.0,NaN,99.22,47.0,NaN,99.205,24.0,NaN,99.195,101.0,NaN,99.175,1.0,NaN,99.175,5.0,NaN,99.165,99.14,99.125,99.115,99.105,99.1,99.085,99.07,99.065,NaN,NaN,NaN,NaN,NaN,NaN,NaN,NaN,NaN,NaN,NaN,NaN,NaN,NaN,NaN,NaN,NaN,NaN,NaN,NaN,NaN,NaN,NaN,NaN,NaN,NaN,NaN
2016-09-20,NaN,NaN,NaN,NaN,NaN,NaN,NaN,NaN,NaN,NaN,NaN,NaN,NaN,NaN,NaN,NaN,NaN,NaN,NaN,NaN,NaN,NaN,NaN,NaN,99.59,71962.0,15241.0,99.57,369992.0,94855.0,99.55,193998.0,39002.0,99.495,92587.0,10855.0,99.445,145015.0,25414.0,99.43,66118.0,4708.0,99.405,30615.0,1227.0,99.395,35776.0,3884.0,99.38,26382.0,1167.0,99.36,9377.0,506.0,99.35,30068.0,768.0,99.34,18221.0,746.0,99.335,7157.0,541.0,99.315,11921.0,2757.0,99.31,7051.0,1317.0,99.29,9193.0,580.0,99.27,3758.0,339.0,99.26,3017.0,214.0,99.25,1796.0,86.0,99.245,787.0,162.0,99.235,566.0,39.0,99.225,620.0,NaN,99.215,47.0,NaN,99.195,24.0,NaN,99.19,101.0,NaN,99.175,1.0,NaN,99.17,5.0,NaN,99.16,99.135,99.12,99.115,99.105,99.1,99.085,99.07,99.065,NaN,NaN,NaN,NaN,NaN,NaN,NaN,NaN,NaN,NaN,NaN,NaN,NaN,NaN,NaN,NaN,NaN,NaN,NaN,NaN,NaN,NaN,NaN,NaN,NaN,NaN,NaN
2016-09-21,NaN,NaN,NaN,NaN,NaN,NaN,NaN,NaN,NaN,NaN,NaN,NaN,NaN,NaN,NaN,NaN,NaN,NaN,NaN,NaN,NaN,NaN,NaN,NaN,99.6025,91374.0,47159.0,99.605,328926.0,241641.0,99.575,214330.0,125167.0,99.5,98651.0,44563.0,99.445,155759.0,93267.0,99.43,64472.0,16250.0,99.4,31005.0,6780.0,99.385,35358.0,6558.0,99.37,26543.0,2844.0,99.35,9323.0,3041.0,99.335,29701.0,1909.0,99.33,18224.0,1011.0,99.32,7503.0,1364.0,99.3,11974.0,686.0,99.295,6887.0,330.0,99.275,9110.0,983.0,99.26,3956.0,587.0,99.245,2806.0,1072.0,99.235,2103.0,873.0,99.235,838.0,101.0,99.225,579.0,33.0,99.21,624.0,8.0,99.2,44.0,3.0,99.185,24.0,NaN,99.175,101.0,NaN,99.165,1.0,NaN,99.165,5.0,NaN,99.15,99.13,99.11,99.11,99.095,99.09,99.08,99.06,99.055,NaN,NaN,NaN,NaN,NaN,NaN,NaN,NaN,NaN,NaN,NaN,NaN,NaN,NaN,NaN,NaN,NaN,NaN,NaN,NaN,NaN,NaN,NaN,NaN,NaN,NaN,NaN
2016-09-22,NaN,NaN,NaN,NaN,NaN,NaN,NaN,NaN,NaN,NaN,NaN,NaN,NaN,NaN,NaN,NaN,NaN,NaN,NaN,NaN,NaN,NaN,NaN,NaN,99.6025,95736.0,18107.0,99.61,319579.0,24573.0,99.58,201882.0,38714.0,99.51,101167.0,11444.0,99.455,151542.0,32828.0,99.44,65804.0,5108.0,99.41,30838.0,1424.0,99.4,35873.0,1867.0,99.385,25862.0,1818.0,99.365,9241.0,1124.0,99.35,29370.0,2707.0,99.34,19091.0,3252.0,99.335,7507.0,417.0,99.315,11772.0,755.0,99.31,6824.0,402.0,99.29,9117.0,268.0,99.275,3958.0,192.0,99.26,2834.0,136.0,99.25,2251.0,229.0,99.25,816.0,57.0,99.24,623.0,44.0,99.23,743.0,125.0,99.22,29.0,34.0,99.205,24.0,NaN,99.195,101.0,NaN,99.18,1.0,NaN,99.185,5.0,NaN,99.17,99.145,99.135,99.13,99.115,99.115,99.105,99.09,99.085,NaN,NaN,NaN,NaN,NaN,NaN,NaN,NaN,NaN,NaN,NaN,NaN,NaN,NaN,NaN,NaN,NaN,NaN,NaN,NaN,NaN,NaN,NaN,NaN,NaN,NaN,NaN
2016-09-23,NaN,NaN,NaN,NaN,NaN,NaN,NaN,NaN,NaN,NaN,NaN,NaN,NaN,NaN,NaN,NaN,NaN,NaN,NaN,NaN,NaN,NaN,NaN,NaN,99.6025,95313.0,3999.0,99.61,319678.0,11394.0,99.58,208478.0,20754.0,99.515,101330.0,7789.0,99.465,150189.0,8969.0,99.445,69536.0,5839.0,99.42,30732.0,1615.0,99.41,36988.0,2783.0,99.39,26652.0,2036.0,99.37,9504.0,735.0,99.36,29380.0,761.0,99.35,19220.0,661.0,99.345,8069.0,1170.0,99.325,11790.0,845.0,99.32,6896.0,166.0,99.305,9271.0,218.0,99.285,3972.0,234.0,99.28,2866.0,70.0,99.265,2249.0,26.0,99.265,800.0,67.0,99.255,623.0,NaN,99.24,743.0,NaN,99.235,29.0,NaN,99.22,24.0,NaN,99.21,101.0,NaN,99.195,1.0,NaN,99.195,5.0,NaN,99.18,99.16,99.145,99.14,99.13,99.14,99.125,99.105,99.1,NaN,NaN,NaN,NaN,NaN,NaN,NaN,NaN,NaN,NaN,NaN,NaN,NaN,NaN,NaN,NaN,NaN,NaN,NaN,NaN,NaN,NaN,NaN,NaN,NaN,NaN,NaN
2016-09-26,NaN,NaN,NaN,NaN,NaN,NaN,NaN,NaN,NaN,NaN,NaN,NaN,NaN,NaN,NaN,NaN,NaN,NaN,NaN,NaN,NaN,NaN,NaN,NaN,99.6025,94861.0,618.0,99.61,316442.0,12191.0,99.585,204829.0,20688.0,99.525,101183.0,4976.0,99.48,149009.0,15600.0,99.46,66534.0,4561.0,99.435,30724.0,2443.0,99.425,36426.0,2613.0,99.41,26507.0,2008.0,99.39,9599.0,811.0,99.375,29495.0,832.0,99.37,19827.0,1436.0,99.365,8128.0,190.0,99.345,12360.0,1997.0,99.345,6869.0,919.0,99.325,9338.0,351.0,99.31,4047.0,207.0,99.305,2847.0,516.0,99.29,2342.0,285.0,99.29,928.0,359.0,99.28,707.0,138.0,99.265,854.0,146.0,99.26,100.0,102.0,99.25,24.0,NaN,99.24,101.0,NaN,99.225,1.0,NaN,99.225,5.0,NaN,99.215,99.195,99.185,99.17,99.15,99.17,99.15,99.14,99.135,NaN,NaN,NaN,NaN,NaN,NaN,NaN,NaN,NaN,NaN,NaN,NaN,NaN,NaN,NaN,NaN,NaN,NaN,NaN,NaN,NaN,NaN,NaN,NaN,NaN,NaN,NaN
2016-09-27,NaN,NaN,NaN,NaN,NaN,NaN,NaN,NaN,NaN,NaN,NaN,NaN,NaN,NaN,NaN,NaN,NaN,NaN,NaN,NaN,NaN,NaN,NaN,NaN,99.6025,89919.0,8083.0,99.61,308277.0,39795.0,99.59,213854.0,26689.0,99.53,100848.0,17738.0,99.485,154680.0,30139.0,99.47,66574.0,9272.0,99.445,31203.0,3707.0,99.435,39387.0,6365.0,99.42,26490.0,2155.0,99.4,9608.0,1012.0,99.39,29593.0,3485.0,99.385,19970.0,2242.0,99.375,7995.0,594.0,99.36,12354.0,1023.0,99.355,6856.0,765.0,99.34,9475.0,438.0,99.32,4282.0,391.0,99.31,2761.0,183.0,99.3,2342.0,25.0,99.3,928.0,NaN,99.29,707.0,NaN,99.28,854.0,NaN,99.275,100.0,NaN,99.26,24.0,NaN,99.25,101.0,NaN,99.235,1.0,NaN,99.235,5.0,NaN,99.22,99.2,99.19,99.185,99.165,99.185,99.165,99.145,99.15,NaN,NaN,NaN,NaN,NaN,NaN,NaN,NaN,NaN,NaN,NaN,NaN,NaN,NaN,NaN,NaN,NaN,NaN,NaN,NaN,NaN,NaN,NaN,NaN,NaN,NaN,NaN
2016-09-28,NaN,NaN,NaN,NaN,NaN,NaN,NaN,NaN,NaN,NaN,NaN,NaN,NaN,NaN,NaN,NaN,NaN,NaN,NaN,NaN,NaN,NaN,NaN,NaN,99.6025,89888.0,393.0,99.61,304198.0,9455.0,99.585,214401.0,25361.0,99.52,98422.0,15504.0,99.47,153385.0,47413.0,99.455,67912.0,11521.0,99.43,32347.0,6222.0,99.42,41098.0,5811.0,99.405,26765.0,2464.0,99.39,9676.0,798.0,99.375,30548.0,2290.0,99.375,20152.0,957.0,99.37,8118.0,292.0,99.35,12507.0,1250.0,99.345,6585.0,655.0,99.335,9689.0,1055.0,99.315,4574.0,642.0,99.31,2749.0,315.0,99.3,2345.0,90.0,99.295,927.0,230.0,99.285,749.0,42.0,99.275,854.0,5.0,99.27,100.0,NaN,99.255,24.0,NaN,99.245,101.0,NaN,99.23,1.0,NaN,99.23,5.0,NaN,99.215,99.19,99.19,99.18,99.165,99.175,99.16,99.14,99.14,NaN,NaN,NaN,NaN,NaN,NaN,NaN,NaN,NaN,NaN,NaN,NaN,NaN,NaN,NaN,NaN,NaN,NaN,NaN,NaN,NaN,NaN,NaN,NaN,NaN,NaN,NaN
2016-09-29,NaN,NaN,NaN,NaN,NaN,NaN,NaN,NaN,NaN,NaN,NaN,NaN,NaN,NaN,NaN,NaN,NaN,NaN,NaN,NaN,NaN,NaN,NaN,NaN,99.6025,89860.0,565.0,99.605,300797.0,15484.0,99.585,215260.0,26843.0,99.525,99733.0,8962.0,99.475,154212.0,23175.0,99.455,68235.0,7403.0,99.435,32575.0,3880.0,99.425,44133.0,9041.0,99.415,26982.0,2273.0,99.39,10483.0,2229.0,99.38,31085.0,1818.0,99.38,20329.0,1265.0,99.37,8010.0,322.0,99.355,12951.0,1129.0,99.35,6560.0,314.0,99.335,9445.0,1496.0,99.315,4668.0,944.0,99.31,2748.0,423.0,99.3,2369.0,62.0,99.3,941.0,22.0,99.295,749.0,52.0,99.28,861.0,27.0,99.275,100.0,10.0,99.265,14.0,10.0,99.25,101.0,NaN,99.24,1.0,NaN,99.24,5.0,NaN,99.225,99.205,99.2,99.195,99.18,99.19,99.175,99.155,99.155,NaN,NaN,NaN,NaN,NaN,NaN,NaN,NaN,NaN,NaN,NaN,NaN,NaN,NaN,NaN,NaN,NaN,NaN,NaN,NaN,NaN,NaN,NaN,NaN,NaN,NaN,NaN
2016-09-30,NaN,NaN,NaN,NaN,NaN,NaN,NaN,NaN,NaN,NaN,NaN,NaN,NaN,NaN,NaN,NaN,NaN,NaN,NaN,NaN,NaN,NaN,NaN,NaN,99.6025,89547.0,2565.0,99.61,301806.0,11911.0,99.585,218417.0,15488.0,99.515,100385.0,12406.0,99.455,156958.0,36572.0,99.445,72075.0,11491.0,99.425,32886.0,4533.0,99.415,43965.0,8407.0,99.4,27813.0,3965.0,99.38,10385.0,1127.0,99.37,31399.0,1849.0,99.365,20153.0,1031.0,99.355,8031.0,336.0,99.335,12970.0,579.0,99.33,6593.0,571.0,99.31,9796.0,1692.0,99.295,4686.0,205.0,99.285,2748.0,86.0,99.28,2377.0,9.0,99.275,940.0,50.0,99.265,839.0,91.0,99.255,861.0,NaN,99.25,90.0,16.0,99.235,14.0,NaN,99.225,101.0,NaN,99.215,1.0,NaN,99.21,5.0,NaN,99.195,99.17,99.17,99.155,99.14,99.15,99.135,99.115,99.115,99.1,NaN,NaN,NaN,NaN,NaN,NaN,NaN,NaN,NaN,NaN,NaN,NaN,NaN,NaN,NaN,NaN,NaN,NaN,NaN,NaN,NaN,NaN,NaN,NaN,NaN,NaN
2016-10-03,NaN,NaN,NaN,NaN,NaN,NaN,NaN,NaN,NaN,NaN,NaN,NaN,NaN,NaN,NaN,NaN,NaN,NaN,NaN,NaN,NaN,NaN,NaN,NaN,NaN,NaN,NaN,99.61,298904.0,9571.0,99.585,220907.0,10757.0,99.51,99899.0,9226.0,99.45,157076.0,21278.0,99.435,75785.0,11652.0,99.41,33120.0,1735.0,99.4,44788.0,4717.0,99.385,27708.0,576.0,99.365,10304.0,1481.0,99.355,31206.0,2235.0,99.35,21358.0,1967.0,99.335,7965.0,494.0,99.315,12980.0,378.0,99.31,6631.0,201.0,99.295,9732.0,201.0,99.275,4994.0,424.0,99.265,2744.0,256.0,99.255,2397.0,32.0,99.25,940.0,NaN,99.24,843.0,6.0,99.225,861.0,NaN,99.22,94.0,4.0,99.205,14.0,3.0,99.195,101.0,NaN,99.18,1.0,NaN,99.18,5.0,NaN,99.165,99.14,99.14,99.13,99.11,99.12,99.105,99.085,99.085,99.075,NaN,NaN,NaN,NaN,NaN,NaN,NaN,NaN,NaN,NaN,NaN,NaN,NaN,NaN,NaN,NaN,NaN,NaN,NaN,NaN,NaN,NaN,NaN,NaN,NaN,NaN
2016-10-04,NaN,NaN,NaN,NaN,NaN,NaN,NaN,NaN,NaN,NaN,NaN,NaN,NaN,NaN,NaN,NaN,NaN,NaN,NaN,NaN,NaN,NaN,NaN,NaN,NaN,NaN,NaN,99.61,280376.0,51547.0,99.575,231860.0,28346.0,99.505,103279.0,11647.0,99.445,151515.0,27080.0,99.43,77578.0,9121.0,99.405,32612.0,3839.0,99.39,46388.0,9374.0,99.37,27490.0,3830.0,99.35,11678.0,4293.0,99.335,30696.0,3256.0,99.325,21250.0,2099.0,99.315,7951.0,1843.0,99.295,13041.0,1013.0,99.29,6624.0,841.0,99.27,9486.0,894.0,99.25,4911.0,680.0,99.24,2744.0,638.0,99.235,2439.0,185.0,99.23,891.0,143.0,99.22,865.0,27.0,99.21,861.0,3.0,99.2,92.0,2.0,99.18,14.0,NaN,99.17,101.0,NaN,99.155,1.0,NaN,99.15,5.0,NaN,99.135,99.11,99.11,99.095,99.08,99.09,99.07,99.05,99.045,99.035,NaN,NaN,NaN,NaN,NaN,NaN,NaN,NaN,NaN,NaN,NaN,NaN,NaN,NaN,NaN,NaN,NaN,NaN,NaN,NaN,NaN,NaN,NaN,NaN,NaN,NaN
2016-10-05,NaN,NaN,NaN,NaN,NaN,NaN,NaN,NaN,NaN,NaN,NaN,NaN,NaN,NaN,NaN,NaN,NaN,NaN,NaN,NaN,NaN,NaN,NaN,NaN,NaN,NaN,NaN,99.6075,310726.0,100804.0,99.57,253417.0,80556.0,99.495,105909.0,13320.0,99.44,152908.0,33015.0,99.42,77488.0,7634.0,99.395,32582.0,3836.0,99.38,50140.0,11632.0,99.36,27503.0,2592.0,99.335,11696.0,1475.0,99.315,30634.0,1989.0,99.31,21238.0,605.0,99.295,7916.0,809.0,99.275,12997.0,658.0,99.27,6632.0,536.0,99.25,9154.0,761.0,99.23,4998.0,836.0,99.215,2813.0,228.0,99.21,2444.0,121.0,99.205,927.0,61.0,99.195,881.0,17.0,99.18,861.0,2.0,99.17,92.0,1.0,99.15,14.0,NaN,99.145,101.0,NaN,99.13,1.0,NaN,99.125,5.0,NaN,99.11,99.085,99.085,99.075,99.055,99.06,99.045,99.02,99.025,99.015,NaN,NaN,NaN,NaN,NaN,NaN,NaN,NaN,NaN,NaN,NaN,NaN,NaN,NaN,NaN,NaN,NaN,NaN,NaN,NaN,NaN,NaN,NaN,NaN,NaN,NaN
2016-10-06,NaN,NaN,NaN,NaN,NaN,NaN,NaN,NaN,NaN,NaN,NaN,NaN,NaN,NaN,NaN,NaN,NaN,NaN,NaN,NaN,NaN,NaN,NaN,NaN,NaN,NaN,NaN,99.605,308316.0,57234.0,99.57,253612.0,25060.0,99.495,106335.0,4832.0,99.435,155865.0,15946.0,99.42,75651.0,9394.0,99.39,32952.0,3435.0,99.37,47402.0,10698.0,99.35,26979.0,5312.0,99.32,11643.0,1405.0,99.3,30927.0,2339.0,99.295,20963.0,1477.0,99.28,7873.0,891.0,99.255,13203.0,690.0,99.25,6833.0,1121.0,99.23,8954.0,473.0,99.21,5053.0,399.0,99.195,2772.0,167.0,99.19,2448.0,19.0,99.18,910.0,43.0,99.17,896.0,39.0,99.16,861.0,3.0,99.15,92.0,NaN,99.13,14.0,NaN,99.12,101.0,NaN,99.105,1.0,NaN,99.1,5.0,NaN,99.085,99.06,99.06,99.05,99.035,99.035,99.02,98.995,98.995,98.985,NaN,NaN,NaN,NaN,NaN,NaN,NaN,NaN,NaN,NaN,NaN,NaN,NaN,NaN,NaN,NaN,NaN,NaN,NaN,NaN,NaN,NaN,NaN,NaN,NaN,NaN
2016-10-07,NaN,NaN,NaN,NaN,NaN,NaN,NaN,NaN,NaN,NaN,NaN,NaN,NaN,NaN,NaN,NaN,NaN,NaN,NaN,NaN,NaN,NaN,NaN,NaN,NaN,NaN,NaN,99.605,308364.0,23224.0,99.585,261695.0,85612.0,99.505,104276.0,13779.0,99.44,154272.0,46848.0,99.42,73889.0,13102.0,99.39,33313.0,3969.0,99.37,48154.0,13595.0,99.35,26263.0,3756.0,99.32,11855.0,1344.0,99.305,31426.0,1731.0,99.3,20944.0,386.0,99.285,7965.0,165.0,99.26,13199.0,290.0,99.255,6787.0,400.0,99.235,8951.0,69.0,99.21,4952.0,279.0,99.2,2850.0,112.0,99.19,2491.0,139.0,99.18,910.0,28.0,99.17,896.0,NaN,99.16,861.0,NaN,99.15,92.0,NaN,99.13,24.0,10.0,99.12,111.0,10.0,99.105,1.0,NaN,99.105,5.0,NaN,99.085,99.06,99.06,99.05,99.03,99.03,99.015,98.99,98.99,98.98,NaN,NaN,NaN,NaN,NaN,NaN,NaN,NaN,NaN,NaN,NaN,NaN,NaN,NaN,NaN,NaN,NaN,NaN,NaN,NaN,NaN,NaN,NaN,NaN,NaN,NaN
2016-10-10,NaN,NaN,NaN,NaN,NaN,NaN,NaN,NaN,NaN,NaN,NaN,NaN,NaN,NaN,NaN,NaN,NaN,NaN,NaN,NaN,NaN,NaN,NaN,NaN,NaN,NaN,NaN,99.605,298186.0,362.0,99.585,265201.0,7650.0,99.5,103934.0,2133.0,99.43,154684.0,6358.0,99.41,73991.0,1445.0,99.375,33353.0,268.0,99.36,48367.0,908.0,99.34,26195.0,136.0,99.31,11851.0,107.0,99.29,31463.0,437.0,99.28,21012.0,238.0,99.27,8039.0,88.0,99.245,13190.0,145.0,99.235,6795.0,41.0,99.21,8951.0,17.0,99.19,4929.0,144.0,99.18,2898.0,74.0,99.17,2491.0,7.0,99.16,910.0,NaN,99.145,896.0,NaN,99.135,861.0,NaN,99.125,92.0,NaN,99.105,24.0,NaN,99.095,111.0,NaN,99.08,1.0,NaN,99.08,5.0,NaN,99.06,99.035,99.035,99.025,99.005,99.005,98.99,98.965,98.965,98.955,NaN,NaN,NaN,NaN,NaN,NaN,NaN,NaN,NaN,NaN,NaN,NaN,NaN,NaN,NaN,NaN,NaN,NaN,NaN,NaN,NaN,NaN,NaN,NaN,NaN,NaN
2016-10-11,NaN,NaN,NaN,NaN,NaN,NaN,NaN,NaN,NaN,NaN,NaN,NaN,NaN,NaN,NaN,NaN,NaN,NaN,NaN,NaN,NaN,NaN,NaN,NaN,NaN,NaN,NaN,99.605,299588.0,14218.0,99.585,263886.0,23657.0,99.5,101920.0,8629.0,99.43,158162.0,15460.0,99.41,73983.0,9497.0,99.375,35479.0,6907.0,99.36,49162.0,7150.0,99.34,25999.0,1335.0,99.31,12872.0,1809.0,99.29,29236.0,4958.0,99.28,20875.0,1186.0,99.27,8566.0,586.0,99.245,13253.0,431.0,99.235,6646.0,532.0,99.215,8156.0,2002.0,99.19,4930.0,442.0,99.18,2884.0,161.0,99.17,2502.0,374.0,99.16,852.0,109.0,99.145,896.0,35.0,99.135,849.0,37.0,99.125,84.0,22.0,99.105,30.0,7.0,99.095,111.0,NaN,99.075,1.0,NaN,99.08,5.0,NaN,99.06,99.03,99.03,99.02,99.0,99.005,98.985,98.965,98.965,98.95,NaN,NaN,NaN,NaN,NaN,NaN,NaN,NaN,NaN,NaN,NaN,NaN,NaN,NaN,NaN,NaN,NaN,NaN,NaN,NaN,NaN,NaN,NaN,NaN,NaN,NaN
2016-10-12,NaN,NaN,NaN,NaN,NaN,NaN,NaN,NaN,NaN,NaN,NaN,NaN,NaN,NaN,NaN,NaN,NaN,NaN,NaN,NaN,NaN,NaN,NaN,NaN,NaN,NaN,NaN,99.605,298134.0,28767.0,99.585,258152.0,30424.0,99.5,101108.0,14485.0,99.43,159136.0,20328.0,99.41,75135.0,11386.0,99.375,37997.0,17128.0,99.355,46317.0,9214.0,99.335,25992.0,5066.0,99.31,12992.0,2649.0,99.29,28098.0,5398.0,99.28,21145.0,1893.0,99.265,8900.0,893.0,99.24,12857.0,863.0,99.235,6739.0,502.0,99.21,8202.0,348.0,99.19,5036.0,705.0,99.175,2857.0,208.0,99.17,2296.0,357.0,99.16,764.0,147.0,99.14,858.0,76.0,99.13,599.0,255.0,99.12,90.0,55.0,99.1,34.0,4.0,99.09,111.0,NaN,99.075,1.0,NaN,99.07,5.0,NaN,99.055,99.025,99.03,99.015,98.995,99.0,98.985,98.96,98.96,98.95,NaN,NaN,NaN,NaN,NaN,NaN,NaN,NaN,NaN,NaN,NaN,NaN,NaN,NaN,NaN,NaN,NaN,NaN,NaN,NaN,NaN,NaN,NaN,NaN,NaN,NaN
2016-10-13,NaN,NaN,NaN,NaN,NaN,NaN,NaN,NaN,NaN,NaN,NaN,NaN,NaN,NaN,NaN,NaN,NaN,NaN,NaN,NaN,NaN,NaN,NaN,NaN,NaN,NaN,NaN,99.605,297788.0,3156.0,99.585,258648.0,27828.0,99.5,97718.0,14812.0,99.435,158643.0,32662.0,99.415,74320.0,3116.0,99.385,37944.0,2296.0,99.37,48050.0,7840.0,99.355,26572.0,1914.0,99.325,12932.0,1848.0,99.31,28748.0,2109.0,99.3,21450.0,1336.0,99.29,8834.0,374.0,99.265,12891.0,687.0,99.26,6753.0,406.0,99.24,8191.0,238.0,99.22,5127.0,488.0,99.21,2783.0,192.0,99.205,2287.0,26.0,99.195,739.0,90.0,99.18,866.0,23.0,99.17,599.0,5.0,99.16,67.0,44.0,99.14,34.0,NaN,99.125,111.0,NaN,99.11,1.0,NaN,99.11,5.0,NaN,99.1,99.065,99.07,99.055,99.035,99.04,99.025,99.0,99.0,98.99,NaN,NaN,NaN,NaN,NaN,NaN,NaN,NaN,NaN,NaN,NaN,NaN,NaN,NaN,NaN,NaN,NaN,NaN,NaN,NaN,NaN,NaN,NaN,NaN,NaN,NaN
2016-10-14,NaN,NaN,NaN,NaN,NaN,NaN,NaN,NaN,NaN,NaN,NaN,NaN,NaN,NaN,NaN,NaN,NaN,NaN,NaN,NaN,NaN,NaN,NaN,NaN,NaN,NaN,NaN,99.605,296856.0,2241.0,99.585,263819.0,37517.0,99.505,98730.0,11882.0,99.435,160839.0,34342.0,99.415,74590.0,6527.0,99.385,37767.0,4791.0,99.375,48459.0,10114.0,99.355,27616.0,5333.0,99.33,12790.0,2069.0,99.315,30868.0,9277.0,99.305,22094.0,2255.0,99.295,9170.0,856.0,99.27,12905.0,973.0,99.265,6871.0,818.0,99.245,8203.0,623.0,99.22,5517.0,1103.0,99.21,2744.0,315.0,99.2,2284.0,28.0,99.19,729.0,32.0,99.18,866.0,1.0,99.165,600.0,1.0,99.155,67.0,NaN,99.14,34.0,NaN,99.125,111.0,NaN,99.105,1.0,NaN,99.105,5.0,NaN,99.09,99.055,99.06,99.045,99.02,99.025,99.01,98.985,98.975,98.965,NaN,NaN,NaN,NaN,NaN,NaN,NaN,NaN,NaN,NaN,NaN,NaN,NaN,NaN,NaN,NaN,NaN,NaN,NaN,NaN,NaN,NaN,NaN,NaN,NaN,NaN
2016-10-17,NaN,NaN,NaN,NaN,NaN,NaN,NaN,NaN,NaN,NaN,NaN,NaN,NaN,NaN,NaN,NaN,NaN,NaN,NaN,NaN,NaN,NaN,NaN,NaN,NaN,NaN,NaN,99.605,297651.0,2854.0,99.585,259606.0,24318.0,99.505,95038.0,14806.0,99.435,160038.0,23913.0,99.42,75492.0,9718.0,99.395,38461.0,6912.0,99.385,52897.0,18565.0,99.37,29021.0,5631.0,99.34,13207.0,1353.0,99.325,31044.0,3492.0,99.315,22577.0,2389.0,99.305,9295.0,922.0,99.285,12829.0,1125.0,99.275,7045.0,480.0,99.255,8390.0,521.0,99.23,5688.0,715.0,99.22,2794.0,206.0,99.215,2586.0,341.0,99.205,725.0,129.0,99.19,866.0,1.0,99.175,602.0,10.0,99.165,63.0,14.0,99.145,34.0,NaN,99.13,111.0,NaN,99.115,1.0,NaN,99.115,5.0,NaN,99.095,99.06,99.065,99.05,99.025,99.03,99.01,98.985,98.98,98.97,0.0,NaN,NaN,NaN,NaN,NaN,NaN,NaN,NaN,NaN,NaN,NaN,NaN,NaN,NaN,NaN,NaN,NaN,NaN,NaN,NaN,NaN,NaN,NaN,NaN,NaN
2016-10-18,NaN,NaN,NaN,NaN,NaN,NaN,NaN,NaN,NaN,NaN,NaN,NaN,NaN,NaN,NaN,NaN,NaN,NaN,NaN,NaN,NaN,NaN,NaN,NaN,NaN,NaN,NaN,99.605,297251.0,2549.0,99.585,260200.0,9409.0,99.51,94317.0,9012.0,99.445,160797.0,30075.0,99.43,76781.0,7086.0,99.41,37013.0,7437.0,99.4,55775.0,9083.0,99.385,31423.0,6121.0,99.36,13253.0,1086.0,99.345,30846.0,1437.0,99.34,23030.0,980.0,99.325,9128.0,681.0,99.305,12934.0,728.0,99.3,7254.0,655.0,99.28,8929.0,778.0,99.26,5809.0,323.0,99.25,2782.0,391.0,99.24,2668.0,132.0,99.23,747.0,62.0,99.22,870.0,119.0,99.195,960.0,382.0,99.19,108.0,80.0,99.175,34.0,NaN,99.16,111.0,NaN,99.145,1.0,NaN,99.14,5.0,NaN,99.125,99.09,99.09,99.075,99.055,99.06,99.045,99.02,99.015,99.0,0.0,NaN,NaN,NaN,NaN,NaN,NaN,NaN,NaN,NaN,NaN,NaN,NaN,NaN,NaN,NaN,NaN,NaN,NaN,NaN,NaN,NaN,NaN,NaN,NaN,NaN
2016-10-19,NaN,NaN,NaN,NaN,NaN,NaN,NaN,NaN,NaN,NaN,NaN,NaN,NaN,NaN,NaN,NaN,NaN,NaN,NaN,NaN,NaN,NaN,NaN,NaN,NaN,NaN,NaN,99.605,296615.0,2013.0,99.585,254926.0,11873.0,99.51,98993.0,11809.0,99.44,166054.0,22613.0,99.43,78825.0,6008.0,99.41,37842.0,2806.0,99.405,57020.0,8746.0,99.39,35162.0,7585.0,99.365,14003.0,2210.0,99.35,31884.0,3974.0,99.345,22958.0,548.0,99.335,9151.0,316.0,99.315,13048.0,586.0,99.305,7254.0,120.0,99.285,8954.0,54.0,99.265,5821.0,188.0,99.255,2813.0,160.0,99.245,2666.0,2.0,99.24,748.0,49.0,99.225,868.0,11.0,99.21,960.0,NaN,99.205,123.0,15.0,99.185,29.0,30.0,99.165,351.0,250.0,99.155,1.0,20.0,99.155,14.0,10.0,99.135,99.1,99.1,99.09,99.065,99.07,99.05,99.03,99.02,99.005,0.0,NaN,NaN,NaN,NaN,NaN,NaN,NaN,NaN,NaN,NaN,NaN,NaN,NaN,NaN,NaN,NaN,NaN,NaN,NaN,NaN,NaN,NaN,NaN,NaN,NaN
2016-10-20,NaN,NaN,NaN,NaN,NaN,NaN,NaN,NaN,NaN,NaN,NaN,NaN,NaN,NaN,NaN,NaN,NaN,NaN,NaN,NaN,NaN,NaN,NaN,NaN,NaN,NaN,NaN,99.605,296765.0,4802.0,99.585,253646.0,7114.0,99.505,97702.0,8322.0,99.43,166013.0,21287.0,99.415,80089.0,7579.0,99.395,38040.0,5467.0,99.385,58756.0,6095.0,99.375,37080.0,4593.0,99.35,14581.0,1472.0,99.33,32770.0,2774.0,99.325,22885.0,615.0,99.31,8995.0,311.0,99.29,13407.0,900.0,99.285,7351.0,135.0,99.265,8975.0,41.0,99.24,5748.0,471.0,99.235,2816.0,182.0,99.225,2666.0,7.0,99.215,748.0,3.0,99.205,868.0,NaN,99.19,961.0,1.0,99.185,123.0,NaN,99.165,29.0,NaN,99.15,351.0,NaN,99.13,1.0,NaN,99.135,14.0,NaN,99.12,99.09,99.085,99.075,99.05,99.055,99.04,99.02,99.01,99.0,0.0,NaN,NaN,NaN,NaN,NaN,NaN,NaN,NaN,NaN,NaN,NaN,NaN,NaN,NaN,NaN,NaN,NaN,NaN,NaN,NaN,NaN,NaN,NaN,NaN,NaN
2016-10-21,NaN,NaN,NaN,NaN,NaN,NaN,NaN,NaN,NaN,NaN,NaN,NaN,NaN,NaN,NaN,NaN,NaN,NaN,NaN,NaN,NaN,NaN,NaN,NaN,NaN,NaN,NaN,99.605,296808.0,737.0,99.585,255079.0,13446.0,99.5,99650.0,12215.0,99.43,169451.0,22686.0,99.415,79579.0,3899.0,99.395,37976.0,1633.0,99.385,59526.0,2945.0,99.375,36479.0,1720.0,99.345,14547.0,427.0,99.33,33170.0,1823.0,99.32,22468.0,743.0,99.31,9055.0,160.0,99.29,13683.0,718.0,99.285,7454.0,304.0,99.265,8963.0,58.0,99.24,5766.0,163.0,99.23,2853.0,66.0,99.225,2638.0,33.0,99.215,727.0,64.0,99.205,868.0,1.0,99.19,961.0,1.0,99.185,123.0,NaN,99.165,29.0,NaN,99.145,351.0,NaN,99.13,21.0,20.0,99.135,34.0,20.0,99.12,99.085,99.08,99.075,99.05,99.055,99.04,99.02,99.01,99.0,0.0,NaN,NaN,NaN,NaN,NaN,NaN,NaN,NaN,NaN,NaN,NaN,NaN,NaN,NaN,NaN,NaN,NaN,NaN,NaN,NaN,NaN,NaN,NaN,NaN,NaN
2016-10-24,NaN,NaN,NaN,NaN,NaN,NaN,NaN,NaN,NaN,NaN,NaN,NaN,NaN,NaN,NaN,NaN,NaN,NaN,NaN,NaN,NaN,NaN,NaN,NaN,NaN,NaN,NaN,99.605,296534.0,2786.0,99.585,251240.0,5596.0,99.495,98787.0,9161.0,99.42,170478.0,17271.0,99.41,79568.0,4908.0,99.385,36448.0,3285.0,99.375,60715.0,5498.0,99.365,38191.0,4476.0,99.335,14821.0,3669.0,99.315,36393.0,6152.0,99.305,22402.0,2655.0,99.295,9030.0,563.0,99.275,13791.0,512.0,99.265,7844.0,883.0,99.24,10939.0,2975.0,99.22,6071.0,1034.0,99.215,3044.0,481.0,99.205,2614.0,165.0,99.195,680.0,124.0,99.185,960.0,92.0,99.17,961.0,4.0,99.16,123.0,NaN,99.145,29.0,NaN,99.125,351.0,NaN,99.115,77.0,56.0,99.12,90.0,56.0,99.1,99.07,99.065,99.05,99.035,99.04,99.025,99.005,98.995,98.98,0.0,NaN,NaN,NaN,NaN,NaN,NaN,NaN,NaN,NaN,NaN,NaN,NaN,NaN,NaN,NaN,NaN,NaN,NaN,NaN,NaN,NaN,NaN,NaN,NaN,NaN
2016-10-25,NaN,NaN,NaN,NaN,NaN,NaN,NaN,NaN,NaN,NaN,NaN,NaN,NaN,NaN,NaN,NaN,NaN,NaN,NaN,NaN,NaN,NaN,NaN,NaN,NaN,NaN,NaN,99.605,296680.0,3390.0,99.585,261499.0,16002.0,99.495,99604.0,6098.0,99.415,169401.0,23373.0,99.4,82553.0,9962.0,99.375,38594.0,3816.0,99.37,63069.0,8053.0,99.355,37852.0,3168.0,99.325,14711.0,1325.0,99.31,37467.0,6206.0,99.3,22941.0,1708.0,99.29,8903.0,513.0,99.27,14137.0,918.0,99.26,8236.0,2053.0,99.235,14748.0,6271.0,99.215,6927.0,2494.0,99.205,3567.0,809.0,99.2,2667.0,312.0,99.185,672.0,333.0,99.175,1014.0,115.0,99.165,849.0,160.0,99.155,79.0,58.0,99.135,29.0,NaN,99.12,351.0,24.0,99.1,77.0,NaN,99.1,90.0,NaN,99.09,99.06,99.055,99.04,99.02,99.03,99.015,98.995,98.985,98.97,0.0,NaN,NaN,NaN,NaN,NaN,NaN,NaN,NaN,NaN,NaN,NaN,NaN,NaN,NaN,NaN,NaN,NaN,NaN,NaN,NaN,NaN,NaN,NaN,NaN,NaN
2016-10-26,NaN,NaN,NaN,NaN,NaN,NaN,NaN,NaN,NaN,NaN,NaN,NaN,NaN,NaN,NaN,NaN,NaN,NaN,NaN,NaN,NaN,NaN,NaN,NaN,NaN,NaN,NaN,99.605,294714.0,3298.0,99.585,261920.0,8986.0,99.495,99143.0,1433.0,99.415,166999.0,15891.0,99.4,82577.0,626.0,99.38,38987.0,1961.0,99.37,63082.0,1642.0,99.355,38032.0,665.0,99.33,14588.0,311.0,99.31,37665.0,808.0,99.3,23180.0,905.0,99.29,8901.0,462.0,99.265,14245.0,643.0,99.26,8290.0,397.0,99.23,14519.0,847.0,99.21,6911.0,824.0,99.2,3551.0,343.0,99.195,2457.0,442.0,99.18,631.0,182.0,99.165,1014.0,39.0,99.155,658.0,251.0,99.14,46.0,61.0,99.12,48.0,27.0,99.11,101.0,285.0,99.09,71.0,16.0,99.085,74.0,16.0,99.07,99.04,99.035,99.02,99.0,99.01,98.99,98.975,98.96,98.945,0.0,NaN,NaN,NaN,NaN,NaN,NaN,NaN,NaN,NaN,NaN,NaN,NaN,NaN,NaN,NaN,NaN,NaN,NaN,NaN,NaN,NaN,NaN,NaN,NaN,NaN
2016-10-27,NaN,NaN,NaN,NaN,NaN,NaN,NaN,NaN,NaN,NaN,NaN,NaN,NaN,NaN,NaN,NaN,NaN,NaN,NaN,NaN,NaN,NaN,NaN,NaN,NaN,NaN,NaN,99.605,294594.0,580.0,99.585,262635.0,5653.0,99.495,99263.0,3744.0,99.415,167377.0,18452.0,99.4,82402.0,7424.0,99.375,39682.0,4940.0,99.365,65503.0,7843.0,99.345,38672.0,5614.0,99.315,14319.0,1452.0,99.29,38428.0,4113.0,99.28,23758.0,1696.0,99.265,9129.0,578.0,99.24,14217.0,758.0,99.23,8359.0,866.0,99.2,14572.0,673.0,99.18,7280.0,670.0,99.175,3638.0,309.0,99.165,2440.0,82.0,99.145,639.0,76.0,99.13,1021.0,20.0,99.12,658.0,5.0,99.105,52.0,8.0,99.085,48.0,NaN,99.075,101.0,NaN,99.06,51.0,20.0,99.05,54.0,20.0,99.035,99.005,98.995,98.98,98.955,98.965,98.945,98.93,98.915,98.9,0.0,NaN,NaN,NaN,NaN,NaN,NaN,NaN,NaN,NaN,NaN,NaN,NaN,NaN,NaN,NaN,NaN,NaN,NaN,NaN,NaN,NaN,NaN,NaN,NaN,NaN
2016-10-28,NaN,NaN,NaN,NaN,NaN,NaN,NaN,NaN,NaN,NaN,NaN,NaN,NaN,NaN,NaN,NaN,NaN,NaN,NaN,NaN,NaN,NaN,NaN,NaN,NaN,NaN,NaN,99.605,292294.0,3104.0,99.585,262927.0,44766.0,99.5,97805.0,24599.0,99.425,172416.0,56482.0,99.41,85623.0,13064.0,99.385,39642.0,3969.0,99.375,65599.0,6736.0,99.36,39757.0,5046.0,99.325,14189.0,1664.0,99.305,39247.0,3521.0,99.295,23756.0,514.0,99.28,9102.0,307.0,99.26,14277.0,495.0,99.25,8371.0,117.0,99.225,14598.0,284.0,99.2,9949.0,3040.0,99.195,3794.0,253.0,99.185,2521.0,111.0,99.17,643.0,54.0,99.16,1103.0,121.0,99.145,658.0,26.0,99.13,51.0,1.0,99.11,48.0,NaN,99.095,101.0,NaN,99.075,51.0,NaN,99.065,54.0,NaN,99.055,99.025,99.02,99.005,98.98,98.99,98.965,98.945,98.93,98.915,0.0,NaN,NaN,NaN,NaN,NaN,NaN,NaN,NaN,NaN,NaN,NaN,NaN,NaN,NaN,NaN,NaN,NaN,NaN,NaN,NaN,NaN,NaN,NaN,NaN,NaN
2016-10-31,NaN,NaN,NaN,NaN,NaN,NaN,NaN,NaN,NaN,NaN,NaN,NaN,NaN,NaN,NaN,NaN,NaN,NaN,NaN,NaN,NaN,NaN,NaN,NaN,NaN,NaN,NaN,99.605,292111.0,2538.0,99.5875,257124.0,28174.0,99.5,93185.0,11394.0,99.42,174646.0,17443.0,99.41,85492.0,4367.0,99.385,39578.0,1358.0,99.375,65590.0,5779.0,99.36,39730.0,2785.0,99.33,13989.0,1321.0,99.31,39138.0,2140.0,99.3,23768.0,735.0,99.285,9038.0,430.0,99.265,14554.0,754.0,99.26,8542.0,313.0,99.23,14602.0,371.0,99.21,10284.0,864.0,99.205,3823.0,30.0,99.195,2757.0,315.0,99.175,610.0,157.0,99.165,1171.0,71.0,99.15,658.0,1.0,99.145,52.0,5.0,99.125,44.0,4.0,99.105,101.0,NaN,99.085,51.0,NaN,99.08,54.0,NaN,99.06,99.03,99.025,99.01,98.985,99.0,98.975,98.955,98.94,98.925,98.91,NaN,NaN,NaN,NaN,NaN,NaN,NaN,NaN,NaN,NaN,NaN,NaN,NaN,NaN,NaN,NaN,NaN,NaN,NaN,NaN,NaN,NaN,NaN,NaN,NaN
2016-11-01,NaN,NaN,NaN,NaN,NaN,NaN,NaN,NaN,NaN,NaN,NaN,NaN,NaN,NaN,NaN,NaN,NaN,NaN,NaN,NaN,NaN,NaN,NaN,NaN,NaN,NaN,NaN,NaN,NaN,NaN,99.5875,260255.0,28420.0,99.505,90903.0,16880.0,99.43,179038.0,57828.0,99.415,80687.0,14437.0,99.395,39737.0,6494.0,99.39,65610.0,8334.0,99.375,39783.0,3593.0,99.345,14648.0,3010.0,99.325,39770.0,3592.0,99.315,24371.0,2155.0,99.305,9332.0,1415.0,99.285,15227.0,1758.0,99.275,8316.0,1389.0,99.255,14605.0,384.0,99.23,10495.0,706.0,99.225,4094.0,520.0,99.215,3045.0,358.0,99.2,726.0,211.0,99.19,1187.0,47.0,99.175,661.0,21.0,99.165,67.0,37.0,99.15,42.0,22.0,99.135,101.0,NaN,99.12,51.0,NaN,99.11,54.0,NaN,99.1,99.07,99.06,99.045,99.02,99.03,99.015,98.98,98.98,98.965,98.945,NaN,NaN,NaN,NaN,NaN,NaN,NaN,NaN,NaN,NaN,NaN,NaN,NaN,NaN,NaN,NaN,NaN,NaN,NaN,NaN,NaN,NaN,NaN,NaN,NaN
2016-11-02,NaN,NaN,NaN,NaN,NaN,NaN,NaN,NaN,NaN,NaN,NaN,NaN,NaN,NaN,NaN,NaN,NaN,NaN,NaN,NaN,NaN,NaN,NaN,NaN,NaN,NaN,NaN,NaN,NaN,NaN,99.5925,229862.0,174802.0,99.505,90059.0,14302.0,99.43,186973.0,61295.0,99.415,82418.0,11836.0,99.395,38996.0,7216.0,99.39,68194.0,10684.0,99.375,40427.0,5104.0,99.345,14317.0,1967.0,99.33,40187.0,3755.0,99.32,24935.0,1827.0,99.31,9418.0,427.0,99.295,15404.0,1644.0,99.285,8390.0,801.0,99.26,14203.0,1088.0,99.24,10706.0,1558.0,99.235,4195.0,387.0,99.225,3082.0,159.0,99.21,785.0,108.0,99.205,1194.0,53.0,99.19,710.0,51.0,99.18,69.0,16.0,99.17,40.0,16.0,99.15,101.0,NaN,99.135,51.0,NaN,99.125,54.0,NaN,99.11,99.08,99.075,99.055,99.035,99.045,99.03,99.0,98.995,98.985,98.965,NaN,NaN,NaN,NaN,NaN,NaN,NaN,NaN,NaN,NaN,NaN,NaN,NaN,NaN,NaN,NaN,NaN,NaN,NaN,NaN,NaN,NaN,NaN,NaN,NaN
2016-11-03,NaN,NaN,NaN,NaN,NaN,NaN,NaN,NaN,NaN,NaN,NaN,NaN,NaN,NaN,NaN,NaN,NaN,NaN,NaN,NaN,NaN,NaN,NaN,NaN,NaN,NaN,NaN,NaN,NaN,NaN,99.5925,209344.0,47581.0,99.505,90919.0,10834.0,99.43,196553.0,38760.0,99.415,81580.0,7548.0,99.395,41123.0,6747.0,99.39,67224.0,6317.0,99.375,41311.0,4765.0,99.35,14561.0,1310.0,99.335,40633.0,3126.0,99.325,25193.0,883.0,99.315,9589.0,1018.0,99.3,16444.0,2129.0,99.29,8275.0,574.0,99.27,14153.0,247.0,99.25,10861.0,386.0,99.245,4259.0,242.0,99.235,2960.0,NaN,99.215,785.0,NaN,99.21,1194.0,17.0,99.195,710.0,NaN,99.185,69.0,NaN,99.17,32.0,NaN,99.155,101.0,NaN,99.14,51.0,NaN,99.13,54.0,NaN,99.115,99.08,99.075,99.06,99.04,99.045,99.03,99.0,98.995,98.98,98.965,NaN,NaN,NaN,NaN,NaN,NaN,NaN,NaN,NaN,NaN,NaN,NaN,NaN,NaN,NaN,NaN,NaN,NaN,NaN,NaN,NaN,NaN,NaN,NaN,NaN
2016-11-04,NaN,NaN,NaN,NaN,NaN,NaN,NaN,NaN,NaN,NaN,NaN,NaN,NaN,NaN,NaN,NaN,NaN,NaN,NaN,NaN,NaN,NaN,NaN,NaN,NaN,NaN,NaN,NaN,NaN,NaN,99.5925,215017.0,14429.0,99.505,89274.0,13111.0,99.435,204012.0,62793.0,99.42,79180.0,17159.0,99.405,42265.0,8221.0,99.4,68340.0,13577.0,99.385,43077.0,7066.0,99.365,14110.0,2631.0,99.35,42550.0,6992.0,99.34,25626.0,1565.0,99.33,9552.0,117.0,99.315,17655.0,2846.0,99.305,8398.0,986.0,99.28,14878.0,1869.0,99.265,12226.0,2307.0,99.255,4405.0,438.0,99.25,3044.0,307.0,99.235,880.0,227.0,99.225,1285.0,150.0,99.21,833.0,129.0,99.2,69.0,1.0,99.185,32.0,NaN,99.165,100.0,1.0,99.15,51.0,NaN,99.14,54.0,NaN,99.125,99.09,99.085,99.07,99.05,99.06,99.04,99.01,99.005,98.995,98.975,NaN,NaN,NaN,NaN,NaN,NaN,NaN,NaN,NaN,NaN,NaN,NaN,NaN,NaN,NaN,NaN,NaN,NaN,NaN,NaN,NaN,NaN,NaN,NaN,NaN
2016-11-07,NaN,NaN,NaN,NaN,NaN,NaN,NaN,NaN,NaN,NaN,NaN,NaN,NaN,NaN,NaN,NaN,NaN,NaN,NaN,NaN,NaN,NaN,NaN,NaN,NaN,NaN,NaN,NaN,NaN,NaN,99.5925,214833.0,1216.0,99.5,89623.0,4852.0,99.425,197298.0,35343.0,99.41,78417.0,3470.0,99.39,42484.0,2510.0,99.385,67677.0,5826.0,99.37,42916.0,5846.0,99.34,13828.0,1467.0,99.325,42316.0,3812.0,99.315,25101.0,1905.0,99.305,9505.0,979.0,99.28,17399.0,989.0,99.27,8418.0,235.0,99.245,14256.0,1791.0,99.22,21780.0,12584.0,99.215,4753.0,1075.0,99.205,3198.0,242.0,99.185,991.0,140.0,99.18,1285.0,3.0,99.165,827.0,9.0,99.15,69.0,NaN,99.135,31.0,2.0,99.115,225.0,125.0,99.105,52.0,11.0,99.095,54.0,NaN,99.075,99.05,99.04,99.025,99.0,99.01,98.995,98.965,98.96,98.945,98.925,NaN,NaN,NaN,NaN,NaN,NaN,NaN,NaN,NaN,NaN,NaN,NaN,NaN,NaN,NaN,NaN,NaN,NaN,NaN,NaN,NaN,NaN,NaN,NaN,NaN
2016-11-08,NaN,NaN,NaN,NaN,NaN,NaN,NaN,NaN,NaN,NaN,NaN,NaN,NaN,NaN,NaN,NaN,NaN,NaN,NaN,NaN,NaN,NaN,NaN,NaN,NaN,NaN,NaN,NaN,NaN,NaN,99.5925,214614.0,3342.0,99.495,81495.0,18091.0,99.415,213240.0,68943.0,99.4,77289.0,16080.0,99.38,45570.0,11207.0,99.37,65929.0,13446.0,99.35,41291.0,5386.0,99.325,13999.0,1909.0,99.3,39926.0,9354.0,99.285,24896.0,3108.0,99.275,9485.0,669.0,99.25,17145.0,1467.0,99.235,8270.0,756.0,99.21,14129.0,1006.0,99.18,23519.0,3888.0,99.175,4873.0,369.0,99.165,3150.0,337.0,99.145,1110.0,127.0,99.14,1245.0,49.0,99.125,727.0,125.0,99.105,69.0,NaN,99.09,33.0,2.0,99.07,223.0,125.0,99.055,41.0,NaN,99.045,54.0,NaN,99.025,98.995,98.985,98.97,98.945,98.955,98.94,98.905,98.905,98.89,98.865,NaN,NaN,NaN,NaN,NaN,NaN,NaN,NaN,NaN,NaN,NaN,NaN,NaN,NaN,NaN,NaN,NaN,NaN,NaN,NaN,NaN,NaN,NaN,NaN,NaN
2016-11-09,NaN,NaN,NaN,NaN,NaN,NaN,NaN,NaN,NaN,NaN,NaN,NaN,NaN,NaN,NaN,NaN,NaN,NaN,NaN,NaN,NaN,NaN,NaN,NaN,NaN,NaN,NaN,NaN,NaN,NaN,99.5925,205790.0,34013.0,99.495,84103.0,68884.0,99.42,206267.0,299266.0,99.41,75296.0,62748.0,99.385,42427.0,24950.0,99.37,64188.0,53222.0,99.35,43132.0,14584.0,99.32,14678.0,5021.0,99.29,40381.0,14951.0,99.275,24336.0,5165.0,99.26,9234.0,1911.0,99.225,17411.0,3589.0,99.205,9281.0,3010.0,99.17,13918.0,4171.0,99.14,24494.0,10628.0,99.125,4975.0,2294.0,99.11,3153.0,1795.0,99.08,912.0,945.0,99.065,1161.0,627.0,99.04,735.0,843.0,99.015,54.0,132.0,98.99,54.0,31.0,98.96,171.0,87.0,98.94,41.0,30.0,98.915,54.0,30.0,98.895,98.865,98.855,98.84,98.815,98.825,98.81,98.775,98.775,98.76,98.735,NaN,NaN,NaN,NaN,NaN,NaN,NaN,NaN,NaN,NaN,NaN,NaN,NaN,NaN,NaN,NaN,NaN,NaN,NaN,NaN,NaN,NaN,NaN,NaN,NaN
2016-11-10,NaN,NaN,NaN,NaN,NaN,NaN,NaN,NaN,NaN,NaN,NaN,NaN,NaN,NaN,NaN,NaN,NaN,NaN,NaN,NaN,NaN,NaN,NaN,NaN,NaN,NaN,NaN,NaN,NaN,NaN,99.5925,206210.0,1642.0,99.5,83192.0,8881.0,99.425,199363.0,91193.0,99.41,75655.0,27893.0,99.39,44580.0,16290.0,99.38,67058.0,24780.0,99.36,43707.0,9525.0,99.32,15046.0,3781.0,99.29,40949.0,11137.0,99.275,25253.0,8803.0,99.255,9113.0,1700.0,99.22,16953.0,5818.0,99.2,9721.0,2097.0,99.16,13285.0,785.0,99.12,26459.0,3168.0,99.105,5088.0,647.0,99.09,3227.0,168.0,99.055,877.0,112.0,99.03,1160.0,52.0,99.0,754.0,45.0,98.97,68.0,11.0,98.945,55.0,5.0,98.905,230.0,75.0,98.87,51.0,40.0,98.85,54.0,40.0,98.815,98.775,98.76,98.73,98.695,98.695,98.665,98.625,98.615,98.595,98.57,NaN,NaN,NaN,NaN,NaN,NaN,NaN,NaN,NaN,NaN,NaN,NaN,NaN,NaN,NaN,NaN,NaN,NaN,NaN,NaN,NaN,NaN,NaN,NaN,NaN
2016-11-11,NaN,NaN,NaN,NaN,NaN,NaN,NaN,NaN,NaN,NaN,NaN,NaN,NaN,NaN,NaN,NaN,NaN,NaN,NaN,NaN,NaN,NaN,NaN,NaN,NaN,NaN,NaN,NaN,NaN,NaN,99.5925,205575.0,4942.0,99.5,82348.0,4207.0,99.415,192120.0,46408.0,99.405,74529.0,9552.0,99.38,44629.0,3601.0,99.365,69098.0,9740.0,99.345,42143.0,4196.0,99.305,14984.0,2084.0,99.27,39517.0,8854.0,99.255,24345.0,2242.0,99.235,9700.0,1451.0,99.195,16203.0,1432.0,99.175,9769.0,493.0,99.13,13277.0,166.0,99.09,26057.0,287.0,99.07,5123.0,502.0,99.045,3275.0,107.0,99.01,890.0,14.0,98.98,1141.0,59.0,98.955,749.0,12.0,98.92,61.0,NaN,98.88,55.0,NaN,98.84,220.0,NaN,98.805,41.0,NaN,98.785,49.0,NaN,98.75,98.71,98.695,98.665,98.63,98.63,98.6,98.56,98.55,98.53,98.505,NaN,NaN,NaN,NaN,NaN,NaN,NaN,NaN,NaN,NaN,NaN,NaN,NaN,NaN,NaN,NaN,NaN,NaN,NaN,NaN,NaN,NaN,NaN,NaN,NaN
2016-11-14,NaN,NaN,NaN,NaN,NaN,NaN,NaN,NaN,NaN,NaN,NaN,NaN,NaN,NaN,NaN,NaN,NaN,NaN,NaN,NaN,NaN,NaN,NaN,NaN,NaN,NaN,NaN,NaN,NaN,NaN,99.5925,205303.0,3045.0,99.485,79710.0,12271.0,99.395,191366.0,44699.0,99.38,74303.0,14917.0,99.36,47362.0,12617.0,99.345,78884.0,33318.0,99.32,37684.0,17639.0,99.28,14909.0,3427.0,99.245,40682.0,12914.0,99.225,26499.0,4774.0,99.205,10803.0,2889.0,99.165,16809.0,3267.0,99.14,10086.0,1357.0,99.09,13221.0,743.0,99.05,28302.0,8243.0,99.02,5352.0,767.0,99.005,3391.0,279.0,98.965,950.0,133.0,98.935,1115.0,70.0,98.9,723.0,79.0,98.865,61.0,NaN,98.835,55.0,NaN,98.79,220.0,NaN,98.75,41.0,NaN,98.725,49.0,NaN,98.69,98.645,98.62,98.59,98.555,98.55,98.515,98.475,98.46,98.435,98.405,NaN,NaN,NaN,NaN,NaN,NaN,NaN,NaN,NaN,NaN,NaN,NaN,NaN,NaN,NaN,NaN,NaN,NaN,NaN,NaN,NaN,NaN,NaN,NaN,NaN
2016-11-15,NaN,NaN,NaN,NaN,NaN,NaN,NaN,NaN,NaN,NaN,NaN,NaN,NaN,NaN,NaN,NaN,NaN,NaN,NaN,NaN,NaN,NaN,NaN,NaN,NaN,NaN,NaN,NaN,NaN,NaN,99.5925,204984.0,488.0,99.485,80093.0,4061.0,99.39,192984.0,26325.0,99.375,77027.0,11440.0,99.355,50051.0,13049.0,99.345,81697.0,23831.0,99.32,37407.0,13328.0,99.275,15214.0,3243.0,99.24,41930.0,11752.0,99.22,28946.0,5219.0,99.195,11020.0,1600.0,99.15,17030.0,1764.0,99.125,10172.0,1176.0,99.08,12966.0,2043.0,99.035,28779.0,1949.0,99.01,5290.0,262.0,98.99,3329.0,61.0,98.945,958.0,103.0,98.915,1190.0,100.0,98.885,724.0,9.0,98.85,62.0,7.0,98.815,55.0,6.0,98.765,220.0,NaN,98.73,41.0,NaN,98.705,49.0,NaN,98.67,98.625,98.605,98.57,98.535,98.53,98.495,98.455,98.445,98.42,98.39,NaN,NaN,NaN,NaN,NaN,NaN,NaN,NaN,NaN,NaN,NaN,NaN,NaN,NaN,NaN,NaN,NaN,NaN,NaN,NaN,NaN,NaN,NaN,NaN,NaN
2016-11-16,NaN,NaN,NaN,NaN,NaN,NaN,NaN,NaN,NaN,NaN,NaN,NaN,NaN,NaN,NaN,NaN,NaN,NaN,NaN,NaN,NaN,NaN,NaN,NaN,NaN,NaN,NaN,NaN,NaN,NaN,99.5925,204829.0,2036.0,99.485,79882.0,4799.0,99.39,194947.0,28273.0,99.375,78765.0,18261.0,99.355,53350.0,11624.0,99.345,86549.0,21057.0,99.32,36939.0,7356.0,99.275,15922.0,2844.0,99.24,45508.0,8802.0,99.22,31350.0,5168.0,99.2,11291.0,1325.0,99.155,17137.0,2614.0,99.135,9963.0,741.0,99.08,12799.0,792.0,99.035,29071.0,1513.0,99.02,5268.0,720.0,98.995,3347.0,42.0,98.95,1069.0,131.0,98.92,1247.0,75.0,98.89,728.0,20.0,98.855,55.0,15.0,98.82,73.0,19.0,98.78,220.0,NaN,98.74,41.0,NaN,98.715,49.0,NaN,98.68,98.635,98.615,98.58,98.545,98.545,98.51,98.47,98.46,98.435,98.405,0.0,NaN,NaN,NaN,NaN,NaN,NaN,NaN,NaN,NaN,NaN,NaN,NaN,NaN,NaN,NaN,NaN,NaN,NaN,NaN,NaN,NaN,NaN,NaN,NaN
2016-11-17,NaN,NaN,NaN,NaN,NaN,NaN,NaN,NaN,NaN,NaN,NaN,NaN,NaN,NaN,NaN,NaN,NaN,NaN,NaN,NaN,NaN,NaN,NaN,NaN,NaN,NaN,NaN,NaN,NaN,NaN,99.5925,203315.0,3014.0,99.48,79986.0,7408.0,99.385,195494.0,36612.0,99.375,81234.0,17341.0,99.35,53045.0,8676.0,99.335,90765.0,27782.0,99.31,38798.0,13398.0,99.26,16047.0,3626.0,99.215,45689.0,3664.0,99.2,31084.0,2925.0,99.17,11514.0,740.0,99.125,16764.0,1838.0,99.105,10074.0,444.0,99.045,12814.0,385.0,99.0,29504.0,2219.0,98.98,5390.0,361.0,98.96,3375.0,39.0,98.915,1085.0,80.0,98.885,1247.0,5.0,98.855,757.0,94.0,98.81,55.0,NaN,98.78,73.0,NaN,98.74,275.0,55.0,98.7,41.0,NaN,98.68,49.0,NaN,98.65,98.6,98.58,98.55,98.515,98.505,98.475,98.435,98.42,98.395,98.38,0.0,NaN,NaN,NaN,NaN,NaN,NaN,NaN,NaN,NaN,NaN,NaN,NaN,NaN,NaN,NaN,NaN,NaN,NaN,NaN,NaN,NaN,NaN,NaN,NaN
2016-11-18,NaN,NaN,NaN,NaN,NaN,NaN,NaN,NaN,NaN,NaN,NaN,NaN,NaN,NaN,NaN,NaN,NaN,NaN,NaN,NaN,NaN,NaN,NaN,NaN,NaN,NaN,NaN,NaN,NaN,NaN,99.5925,204302.0,2978.0,99.48,80859.0,2899.0,99.38,201100.0,27308.0,99.365,79756.0,9976.0,99.34,53932.0,7534.0,99.325,95161.0,19007.0,99.3,39473.0,8649.0,99.245,16171.0,2286.0,99.2,46764.0,7771.0,99.18,31140.0,2502.0,99.15,11539.0,1315.0,99.1,16539.0,1632.0,99.075,11878.0,3706.0,99.02,12263.0,1711.0,98.965,30222.0,2067.0,98.945,5550.0,1200.0,98.925,3582.0,448.0,98.875,1109.0,177.0,98.845,1243.0,28.0,98.81,760.0,4.0,98.77,63.0,16.0,98.735,73.0,NaN,98.695,275.0,4.0,98.65,58.0,50.0,98.63,50.0,1.0,98.595,98.54,98.52,98.49,98.45,98.44,98.41,98.365,98.345,98.32,98.295,0.0,NaN,NaN,NaN,NaN,NaN,NaN,NaN,NaN,NaN,NaN,NaN,NaN,NaN,NaN,NaN,NaN,NaN,NaN,NaN,NaN,NaN,NaN,NaN,NaN
2016-11-21,NaN,NaN,NaN,NaN,NaN,NaN,NaN,NaN,NaN,NaN,NaN,NaN,NaN,NaN,NaN,NaN,NaN,NaN,NaN,NaN,NaN,NaN,NaN,NaN,NaN,NaN,NaN,NaN,NaN,NaN,99.5925,199395.0,14577.0,99.475,82569.0,7197.0,99.375,204530.0,23786.0,99.36,79991.0,7574.0,99.335,54181.0,9121.0,99.32,92202.0,13487.0,99.29,41379.0,10979.0,99.235,16504.0,1637.0,99.195,49583.0,9339.0,99.175,31209.0,2074.0,99.145,12493.0,1794.0,99.09,16115.0,1298.0,99.07,11753.0,1604.0,99.015,10841.0,10902.0,98.96,29328.0,2742.0,98.94,5614.0,272.0,98.92,3629.0,99.0,98.87,1117.0,64.0,98.84,1257.0,73.0,98.8,760.0,NaN,98.76,63.0,NaN,98.725,73.0,NaN,98.68,275.0,NaN,98.64,70.0,12.0,98.615,38.0,12.0,98.585,98.525,98.51,98.475,98.435,98.43,98.4,98.36,98.34,98.315,98.295,0.0,NaN,NaN,NaN,NaN,NaN,NaN,NaN,NaN,NaN,NaN,NaN,NaN,NaN,NaN,NaN,NaN,NaN,NaN,NaN,NaN,NaN,NaN,NaN,NaN
2016-11-22,NaN,NaN,NaN,NaN,NaN,NaN,NaN,NaN,NaN,NaN,NaN,NaN,NaN,NaN,NaN,NaN,NaN,NaN,NaN,NaN,NaN,NaN,NaN,NaN,NaN,NaN,NaN,NaN,NaN,NaN,99.5925,195497.0,6232.0,99.475,78918.0,7354.0,99.375,211839.0,27195.0,99.36,83501.0,13694.0,99.33,60801.0,17161.0,99.315,99189.0,25473.0,99.29,41365.0,6623.0,99.235,16300.0,2789.0,99.195,47978.0,6477.0,99.175,31372.0,2019.0,99.145,13631.0,2348.0,99.095,16107.0,3873.0,99.075,10232.0,2225.0,99.025,11149.0,4821.0,98.97,24465.0,16434.0,98.955,5605.0,435.0,98.935,3635.0,37.0,98.885,1028.0,174.0,98.86,1221.0,116.0,98.82,769.0,10.0,98.78,63.0,NaN,98.75,73.0,NaN,98.71,275.0,NaN,98.665,70.0,NaN,98.64,38.0,NaN,98.61,98.555,98.535,98.505,98.465,98.46,98.43,98.39,98.37,98.345,98.325,0.0,NaN,NaN,NaN,NaN,NaN,NaN,NaN,NaN,NaN,NaN,NaN,NaN,NaN,NaN,NaN,NaN,NaN,NaN,NaN,NaN,NaN,NaN,NaN,NaN
2016-11-23,NaN,NaN,NaN,NaN,NaN,NaN,NaN,NaN,NaN,NaN,NaN,NaN,NaN,NaN,NaN,NaN,NaN,NaN,NaN,NaN,NaN,NaN,NaN,NaN,NaN,NaN,NaN,NaN,NaN,NaN,99.5925,187194.0,17371.0,99.47,83128.0,16447.0,99.37,219282.0,26342.0,99.35,83250.0,24455.0,99.32,66264.0,18608.0,99.3,100970.0,24874.0,99.27,40095.0,15483.0,99.21,16492.0,2389.0,99.165,49025.0,11126.0,99.14,32266.0,4554.0,99.115,13463.0,1332.0,99.065,16071.0,1697.0,99.045,10230.0,410.0,98.99,11396.0,809.0,98.94,21660.0,3797.0,98.92,5450.0,543.0,98.9,3640.0,146.0,98.855,989.0,131.0,98.82,1195.0,108.0,98.785,772.0,72.0,98.745,63.0,NaN,98.71,73.0,NaN,98.665,317.0,42.0,98.625,79.0,12.0,98.6,23.0,15.0,98.57,98.515,98.495,98.465,98.425,98.415,98.385,98.35,98.33,98.305,98.275,0.0,NaN,NaN,NaN,NaN,NaN,NaN,NaN,NaN,NaN,NaN,NaN,NaN,NaN,NaN,NaN,NaN,NaN,NaN,NaN,NaN,NaN,NaN,NaN,NaN
2016-11-25,NaN,NaN,NaN,NaN,NaN,NaN,NaN,NaN,NaN,NaN,NaN,NaN,NaN,NaN,NaN,NaN,NaN,NaN,NaN,NaN,NaN,NaN,NaN,NaN,NaN,NaN,NaN,NaN,NaN,NaN,99.5925,187019.0,805.0,99.47,83246.0,2271.0,99.37,222556.0,18385.0,99.35,83680.0,8357.0,99.315,68954.0,9645.0,99.295,99169.0,9183.0,99.265,41258.0,4031.0,99.205,16547.0,943.0,99.16,49539.0,3800.0,99.135,32841.0,1348.0,99.105,13347.0,652.0,99.06,16154.0,610.0,99.035,10281.0,290.0,98.98,11490.0,510.0,98.93,22022.0,1931.0,98.91,4926.0,785.0,98.885,3657.0,88.0,98.84,1106.0,133.0,98.81,1165.0,141.0,98.77,769.0,3.0,98.725,63.0,NaN,98.695,73.0,NaN,98.65,317.0,NaN,98.61,79.0,NaN,98.585,23.0,NaN,98.55,98.495,98.475,98.45,98.405,98.4,98.365,98.33,98.31,98.285,98.26,0.0,NaN,NaN,NaN,NaN,NaN,NaN,NaN,NaN,NaN,NaN,NaN,NaN,NaN,NaN,NaN,NaN,NaN,NaN,NaN,NaN,NaN,NaN,NaN,NaN
2016-11-28,NaN,NaN,NaN,NaN,NaN,NaN,NaN,NaN,NaN,NaN,NaN,NaN,NaN,NaN,NaN,NaN,NaN,NaN,NaN,NaN,NaN,NaN,NaN,NaN,NaN,NaN,NaN,NaN,NaN,NaN,99.5925,186633.0,522.0,99.47,84622.0,5843.0,99.37,219813.0,11673.0,99.35,85655.0,7007.0,99.32,70382.0,5645.0,99.305,101567.0,8221.0,99.28,42877.0,8593.0,99.22,16340.0,1210.0,99.175,50029.0,5428.0,99.155,35570.0,5245.0,99.125,13324.0,577.0,99.08,16389.0,682.0,99.055,10209.0,304.0,98.995,13402.0,2520.0,98.95,21180.0,2307.0,98.93,4964.0,555.0,98.905,3671.0,106.0,98.86,1191.0,126.0,98.835,1162.0,138.0,98.8,769.0,NaN,98.765,63.0,NaN,98.725,73.0,NaN,98.695,369.0,52.0,98.66,52.0,74.0,98.625,35.0,22.0,98.59,98.55,98.52,98.495,98.455,98.445,98.415,98.38,98.36,98.34,98.315,0.0,NaN,NaN,NaN,NaN,NaN,NaN,NaN,NaN,NaN,NaN,NaN,NaN,NaN,NaN,NaN,NaN,NaN,NaN,NaN,NaN,NaN,NaN,NaN,NaN
2016-11-29,NaN,NaN,NaN,NaN,NaN,NaN,NaN,NaN,NaN,NaN,NaN,NaN,NaN,NaN,NaN,NaN,NaN,NaN,NaN,NaN,NaN,NaN,NaN,NaN,NaN,NaN,NaN,NaN,NaN,NaN,99.5925,186557.0,262.0,99.47,89783.0,14293.0,99.37,223363.0,16184.0,99.355,84007.0,15869.0,99.33,73913.0,10040.0,99.32,109346.0,18664.0,99.29,47595.0,10820.0,99.235,16323.0,3916.0,99.195,50867.0,12115.0,99.17,35887.0,4838.0,99.145,13443.0,1538.0,99.1,18142.0,3659.0,99.075,11124.0,3071.0,99.015,17747.0,10365.0,98.97,21301.0,4644.0,98.945,5362.0,1272.0,98.925,3686.0,102.0,98.885,1316.0,354.0,98.86,1192.0,194.0,98.82,769.0,5.0,98.78,63.0,NaN,98.75,45.0,28.0,98.715,434.0,72.0,98.68,95.0,44.0,98.645,35.0,NaN,98.615,98.575,98.545,98.52,98.485,98.48,98.45,98.41,98.395,98.375,98.355,NaN,NaN,NaN,NaN,NaN,NaN,NaN,NaN,NaN,NaN,NaN,NaN,NaN,NaN,NaN,NaN,NaN,NaN,NaN,NaN,NaN,NaN,NaN,NaN,NaN
2016-11-30,NaN,NaN,NaN,NaN,NaN,NaN,NaN,NaN,NaN,NaN,NaN,NaN,NaN,NaN,NaN,NaN,NaN,NaN,NaN,NaN,NaN,NaN,NaN,NaN,NaN,NaN,NaN,NaN,NaN,NaN,99.5925,185437.0,1696.0,99.47,88448.0,4336.0,99.365,229181.0,27659.0,99.35,81641.0,14442.0,99.325,77032.0,10684.0,99.315,112091.0,17709.0,99.29,49111.0,8810.0,99.23,17691.0,4208.0,99.185,51619.0,5357.0,99.16,39147.0,6105.0,99.135,13604.0,939.0,99.09,18462.0,1865.0,99.06,11150.0,1647.0,98.995,17822.0,2557.0,98.945,23336.0,12742.0,98.925,5473.0,702.0,98.905,3809.0,194.0,98.86,1462.0,347.0,98.835,1114.0,272.0,98.795,793.0,38.0,98.75,77.0,103.0,98.715,52.0,160.0,98.675,435.0,176.0,98.64,148.0,86.0,98.6,32.0,54.0,98.565,98.515,98.495,98.47,98.435,98.425,98.395,98.36,98.335,98.31,98.285,98.26,NaN,NaN,NaN,NaN,NaN,NaN,NaN,NaN,NaN,NaN,NaN,NaN,NaN,NaN,NaN,NaN,NaN,NaN,NaN,NaN,NaN,NaN,NaN,NaN
2016-12-01,NaN,NaN,NaN,NaN,NaN,NaN,NaN,NaN,NaN,NaN,NaN,NaN,NaN,NaN,NaN,NaN,NaN,NaN,NaN,NaN,NaN,NaN,NaN,NaN,NaN,NaN,NaN,NaN,NaN,NaN,NaN,NaN,NaN,99.47,86539.0,5362.0,99.365,227953.0,10785.0,99.35,84904.0,10152.0,99.32,77562.0,10982.0,99.305,113582.0,17383.0,99.28,50622.0,7630.0,99.22,17752.0,2153.0,99.17,50643.0,4971.0,99.145,39753.0,2260.0,99.115,13657.0,1079.0,99.07,18660.0,1720.0,99.045,10892.0,1426.0,98.975,18025.0,1789.0,98.92,23179.0,3299.0,98.895,5394.0,456.0,98.875,3811.0,252.0,98.82,1463.0,109.0,98.79,1156.0,149.0,98.75,832.0,54.0,98.7,77.0,NaN,98.665,52.0,NaN,98.625,435.0,NaN,98.59,148.0,NaN,98.55,49.0,20.0,98.515,98.455,98.43,98.405,98.365,98.355,98.32,98.285,98.255,98.23,98.205,98.175,NaN,NaN,NaN,NaN,NaN,NaN,NaN,NaN,NaN,NaN,NaN,NaN,NaN,NaN,NaN,NaN,NaN,NaN,NaN,NaN,NaN,NaN,NaN,NaN
2016-12-02,NaN,NaN,NaN,NaN,NaN,NaN,NaN,NaN,NaN,NaN,NaN,NaN,NaN,NaN,NaN,NaN,NaN,NaN,NaN,NaN,NaN,NaN,NaN,NaN,NaN,NaN,NaN,NaN,NaN,NaN,NaN,NaN,NaN,99.47,86196.0,5733.0,99.365,224218.0,27388.0,99.35,86543.0,13612.0,99.325,79227.0,7401.0,99.31,120593.0,27726.0,99.285,56207.0,14150.0,99.23,17777.0,2424.0,99.185,50338.0,4683.0,99.16,40897.0,3453.0,99.135,14026.0,1804.0,99.095,18353.0,2321.0,99.07,11080.0,1560.0,99.005,19601.0,3935.0,98.955,23903.0,4474.0,98.94,5448.0,599.0,98.915,3832.0,296.0,98.865,1537.0,151.0,98.84,1157.0,186.0,98.795,832.0,6.0,98.75,83.0,6.0,98.715,52.0,NaN,98.675,435.0,1.0,98.64,148.0,NaN,98.6,49.0,1.0,98.565,98.51,98.49,98.465,98.43,98.415,98.385,98.345,98.32,98.29,98.265,98.245,NaN,NaN,NaN,NaN,NaN,NaN,NaN,NaN,NaN,NaN,NaN,NaN,NaN,NaN,NaN,NaN,NaN,NaN,NaN,NaN,NaN,NaN,NaN,NaN
2016-12-05,NaN,NaN,NaN,NaN,NaN,NaN,NaN,NaN,NaN,NaN,NaN,NaN,NaN,NaN,NaN,NaN,NaN,NaN,NaN,NaN,NaN,NaN,NaN,NaN,NaN,NaN,NaN,NaN,NaN,NaN,NaN,NaN,NaN,99.4675,86427.0,7650.0,99.36,226182.0,39172.0,99.35,89547.0,16970.0,99.32,79229.0,9470.0,99.305,128486.0,32043.0,99.275,58257.0,26008.0,99.215,17925.0,3711.0,99.17,51068.0,7277.0,99.145,41940.0,3720.0,99.12,14304.0,2403.0,99.075,18266.0,2057.0,99.045,12230.0,2342.0,98.98,19643.0,1030.0,98.93,23401.0,6440.0,98.91,5659.0,711.0,98.885,3946.0,367.0,98.835,1505.0,325.0,98.805,1143.0,90.0,98.765,832.0,NaN,98.72,71.0,26.0,98.685,62.0,10.0,98.645,435.0,NaN,98.61,148.0,NaN,98.57,49.0,NaN,98.535,98.48,98.46,98.435,98.395,98.385,98.355,98.32,98.295,98.265,98.235,98.21,NaN,NaN,NaN,NaN,NaN,NaN,NaN,NaN,NaN,NaN,NaN,NaN,NaN,NaN,NaN,NaN,NaN,NaN,NaN,NaN,NaN,NaN,NaN,NaN
2016-12-06,NaN,NaN,NaN,NaN,NaN,NaN,NaN,NaN,NaN,NaN,NaN,NaN,NaN,NaN,NaN,NaN,NaN,NaN,NaN,NaN,NaN,NaN,NaN,NaN,NaN,NaN,NaN,NaN,NaN,NaN,NaN,NaN,NaN,99.4675,86626.0,2206.0,99.36,226457.0,5154.0,99.35,89526.0,2673.0,99.32,79098.0,3292.0,99.3,132675.0,11096.0,99.27,56392.0,4678.0,99.21,18483.0,2549.0,99.165,50718.0,4338.0,99.135,42167.0,2590.0,99.11,14471.0,673.0,99.065,18267.0,964.0,99.04,13213.0,1749.0,98.975,19582.0,719.0,98.925,23431.0,3925.0,98.9,5599.0,619.0,98.875,4119.0,622.0,98.825,1346.0,410.0,98.795,1110.0,734.0,98.755,817.0,15.0,98.71,93.0,53.0,98.675,62.0,NaN,98.635,589.0,154.0,98.61,322.0,184.0,98.56,68.0,20.0,98.525,98.47,98.45,98.43,98.39,98.38,98.345,98.31,98.285,98.26,98.23,98.21,NaN,NaN,NaN,NaN,NaN,NaN,NaN,NaN,NaN,NaN,NaN,NaN,NaN,NaN,NaN,NaN,NaN,NaN,NaN,NaN,NaN,NaN,NaN,NaN
2016-12-07,NaN,NaN,NaN,NaN,NaN,NaN,NaN,NaN,NaN,NaN,NaN,NaN,NaN,NaN,NaN,NaN,NaN,NaN,NaN,NaN,NaN,NaN,NaN,NaN,NaN,NaN,NaN,NaN,NaN,NaN,NaN,NaN,NaN,99.4675,87767.0,2946.0,99.36,227201.0,9864.0,99.35,84358.0,11356.0,99.32,81146.0,8048.0,99.305,146610.0,28095.0,99.27,58818.0,17257.0,99.215,18247.0,1530.0,99.17,50780.0,5193.0,99.145,42595.0,1347.0,99.12,14383.0,824.0,99.08,18257.0,430.0,99.05,13280.0,223.0,98.99,19841.0,817.0,98.94,24137.0,1732.0,98.92,5734.0,489.0,98.895,3895.0,434.0,98.845,1460.0,194.0,98.82,1106.0,6.0,98.78,835.0,72.0,98.74,121.0,79.0,98.71,62.0,NaN,98.67,589.0,NaN,98.65,322.0,NaN,98.605,68.0,20.0,98.57,98.52,98.5,98.475,98.435,98.43,98.4,98.365,98.34,98.31,98.285,98.265,NaN,NaN,NaN,NaN,NaN,NaN,NaN,NaN,NaN,NaN,NaN,NaN,NaN,NaN,NaN,NaN,NaN,NaN,NaN,NaN,NaN,NaN,NaN,NaN
2016-12-08,NaN,NaN,NaN,NaN,NaN,NaN,NaN,NaN,NaN,NaN,NaN,NaN,NaN,NaN,NaN,NaN,NaN,NaN,NaN,NaN,NaN,NaN,NaN,NaN,NaN,NaN,NaN,NaN,NaN,NaN,NaN,NaN,NaN,99.4675,87267.0,835.0,99.36,232948.0,14315.0,99.35,84617.0,3842.0,99.315,80448.0,6165.0,99.3,147003.0,10680.0,99.27,58235.0,8584.0,99.215,18135.0,2588.0,99.17,51275.0,3353.0,99.145,44535.0,3209.0,99.12,14526.0,645.0,99.08,18802.0,866.0,99.05,13254.0,994.0,98.99,19846.0,503.0,98.94,24019.0,2117.0,98.92,5721.0,388.0,98.895,3988.0,338.0,98.845,1580.0,220.0,98.82,1109.0,68.0,98.78,801.0,13.0,98.74,131.0,28.0,98.71,62.0,NaN,98.67,589.0,NaN,98.64,332.0,10.0,98.595,68.0,NaN,98.56,98.51,98.49,98.46,98.42,98.41,98.38,98.345,98.325,98.29,98.26,98.24,NaN,NaN,NaN,NaN,NaN,NaN,NaN,NaN,NaN,NaN,NaN,NaN,NaN,NaN,NaN,NaN,NaN,NaN,NaN,NaN,NaN,NaN,NaN,NaN
2016-12-09,NaN,NaN,NaN,NaN,NaN,NaN,NaN,NaN,NaN,NaN,NaN,NaN,NaN,NaN,NaN,NaN,NaN,NaN,NaN,NaN,NaN,NaN,NaN,NaN,NaN,NaN,NaN,NaN,NaN,NaN,NaN,NaN,NaN,99.4675,86536.0,10134.0,99.36,233267.0,2511.0,99.345,85520.0,4291.0,99.315,80901.0,4105.0,99.3,151896.0,10775.0,99.265,61019.0,16426.0,99.2,19164.0,3614.0,99.15,58541.0,12333.0,99.125,46765.0,5155.0,99.1,14515.0,1572.0,99.05,20805.0,4108.0,99.025,14215.0,1944.0,98.96,19899.0,576.0,98.905,25609.0,5781.0,98.885,5812.0,669.0,98.86,4056.0,365.0,98.805,1762.0,454.0,98.78,1123.0,94.0,98.745,801.0,6.0,98.695,125.0,28.0,98.66,62.0,NaN,98.62,589.0,NaN,98.585,332.0,NaN,98.535,68.0,3.0,98.5,98.45,98.42,98.39,98.355,98.345,98.305,98.27,98.245,98.215,98.185,98.165,NaN,NaN,NaN,NaN,NaN,NaN,NaN,NaN,NaN,NaN,NaN,NaN,NaN,NaN,NaN,NaN,NaN,NaN,NaN,NaN,NaN,NaN,NaN,NaN
2016-12-12,NaN,NaN,NaN,NaN,NaN,NaN,NaN,NaN,NaN,NaN,NaN,NaN,NaN,NaN,NaN,NaN,NaN,NaN,NaN,NaN,NaN,NaN,NaN,NaN,NaN,NaN,NaN,NaN,NaN,NaN,NaN,NaN,NaN,99.4675,85832.0,2411.0,99.36,231584.0,16155.0,99.345,86184.0,2677.0,99.315,81481.0,2304.0,99.295,156701.0,12870.0,99.265,64128.0,9141.0,99.2,19369.0,1710.0,99.15,59583.0,5905.0,99.125,48445.0,2988.0,99.1,14626.0,657.0,99.05,21506.0,1595.0,99.025,13747.0,1304.0,98.96,19365.0,1561.0,98.905,26297.0,2390.0,98.885,5863.0,1058.0,98.86,4066.0,320.0,98.805,1771.0,126.0,98.78,1128.0,76.0,98.745,801.0,NaN,98.695,112.0,13.0,98.66,62.0,NaN,98.62,589.0,NaN,98.59,332.0,1.0,98.54,69.0,1.0,98.505,98.455,98.425,98.4,98.355,98.345,98.31,98.275,98.25,98.22,98.185,98.165,NaN,NaN,NaN,NaN,NaN,NaN,NaN,NaN,NaN,NaN,NaN,NaN,NaN,NaN,NaN,NaN,NaN,NaN,NaN,NaN,NaN,NaN,NaN,NaN
2016-12-13,NaN,NaN,NaN,NaN,NaN,NaN,NaN,NaN,NaN,NaN,NaN,NaN,NaN,NaN,NaN,NaN,NaN,NaN,NaN,NaN,NaN,NaN,NaN,NaN,NaN,NaN,NaN,NaN,NaN,NaN,NaN,NaN,NaN,99.465,84238.0,5607.0,99.36,230017.0,11976.0,99.34,87527.0,18126.0,99.31,80598.0,4241.0,99.29,158847.0,18712.0,99.255,66057.0,15798.0,99.19,18952.0,2019.0,99.135,61445.0,8411.0,99.105,48435.0,2032.0,99.08,14330.0,1410.0,99.025,22432.0,4917.0,99.0,13577.0,3399.0,98.935,21038.0,8483.0,98.885,27197.0,3873.0,98.865,6065.0,485.0,98.835,4126.0,364.0,98.785,1930.0,313.0,98.755,1166.0,65.0,98.72,838.0,128.0,98.675,173.0,61.0,98.64,55.0,24.0,98.6,589.0,NaN,98.57,332.0,NaN,98.52,69.0,NaN,98.485,98.435,98.395,98.37,98.33,98.32,98.285,98.25,98.225,98.195,98.165,98.145,NaN,NaN,NaN,NaN,NaN,NaN,NaN,NaN,NaN,NaN,NaN,NaN,NaN,NaN,NaN,NaN,NaN,NaN,NaN,NaN,NaN,NaN,NaN,NaN
2016-12-14,NaN,NaN,NaN,NaN,NaN,NaN,NaN,NaN,NaN,NaN,NaN,NaN,NaN,NaN,NaN,NaN,NaN,NaN,NaN,NaN,NaN,NaN,NaN,NaN,NaN,NaN,NaN,NaN,NaN,NaN,NaN,NaN,NaN,99.465,84085.0,12848.0,99.355,232320.0,83888.0,99.34,86320.0,35977.0,99.3,74418.0,26375.0,99.275,168717.0,65176.0,99.235,68909.0,33782.0,99.155,19236.0,8892.0,99.085,61001.0,37647.0,99.045,45569.0,14666.0,99.01,14992.0,7298.0,98.94,20381.0,11259.0,98.905,11224.0,7017.0,98.835,19308.0,9254.0,98.775,32594.0,14351.0,98.755,6059.0,1296.0,98.725,4096.0,411.0,98.67,2039.0,484.0,98.64,1211.0,446.0,98.605,809.0,87.0,98.56,258.0,156.0,98.53,68.0,52.0,98.485,633.0,46.0,98.455,332.0,30.0,98.41,69.0,NaN,98.375,98.325,98.29,98.265,98.225,98.21,98.18,98.145,98.125,98.095,98.065,98.05,NaN,NaN,NaN,NaN,NaN,NaN,NaN,NaN,NaN,NaN,NaN,NaN,NaN,NaN,NaN,NaN,NaN,NaN,NaN,NaN,NaN,NaN,NaN,NaN
2016-12-15,NaN,NaN,NaN,NaN,NaN,NaN,NaN,NaN,NaN,NaN,NaN,NaN,NaN,NaN,NaN,NaN,NaN,NaN,NaN,NaN,NaN,NaN,NaN,NaN,NaN,NaN,NaN,NaN,NaN,NaN,NaN,NaN,NaN,99.465,78417.0,12806.0,99.355,219548.0,40109.0,99.345,88587.0,19306.0,99.31,80896.0,23337.0,99.285,194132.0,62591.0,99.24,68954.0,22705.0,99.165,20460.0,7823.0,99.1,63409.0,20158.0,99.055,45433.0,5522.0,99.01,15582.0,1924.0,98.935,21645.0,5535.0,98.89,10446.0,3175.0,98.82,19699.0,5380.0,98.76,39825.0,18204.0,98.725,7285.0,3292.0,98.695,4541.0,999.0,98.63,1752.0,909.0,98.585,772.0,1002.0,98.54,794.0,225.0,98.495,224.0,336.0,98.45,54.0,16.0,98.4,633.0,NaN,98.37,313.0,30.0,98.32,77.0,10.0,98.28,98.225,98.18,98.16,98.115,98.1,98.065,98.02,97.995,97.965,97.935,97.91,NaN,NaN,NaN,NaN,NaN,NaN,NaN,NaN,NaN,NaN,NaN,NaN,NaN,NaN,NaN,NaN,NaN,NaN,NaN,NaN,NaN,NaN,NaN,NaN
2016-12-16,NaN,NaN,NaN,NaN,NaN,NaN,NaN,NaN,NaN,NaN,NaN,NaN,NaN,NaN,NaN,NaN,NaN,NaN,NaN,NaN,NaN,NaN,NaN,NaN,NaN,NaN,NaN,NaN,NaN,NaN,NaN,NaN,NaN,99.465,78588.0,5896.0,99.355,216307.0,47852.0,99.345,88799.0,34721.0,99.31,81591.0,27561.0,99.285,217109.0,66958.0,99.245,67513.0,14594.0,99.165,20670.0,4559.0,99.1,62976.0,11607.0,99.055,46237.0,3800.0,99.015,15443.0,1565.0,98.94,22862.0,3728.0,98.895,10690.0,3805.0,98.825,19617.0,2173.0,98.765,39182.0,2872.0,98.73,7345.0,1036.0,98.695,4535.0,539.0,98.635,1868.0,256.0,98.59,736.0,110.0,98.55,640.0,211.0,98.495,255.0,64.0,98.455,54.0,NaN,98.405,633.0,NaN,98.37,313.0,NaN,98.32,77.0,NaN,98.28,98.23,98.185,98.16,98.12,98.105,98.07,98.025,98.005,97.975,97.945,97.92,NaN,NaN,NaN,NaN,NaN,NaN,NaN,NaN,NaN,NaN,NaN,NaN,NaN,NaN,NaN,NaN,NaN,NaN,NaN,NaN,NaN,NaN,NaN,NaN
2016-12-19,NaN,NaN,NaN,NaN,NaN,NaN,NaN,NaN,NaN,NaN,NaN,NaN,NaN,NaN,NaN,NaN,NaN,NaN,NaN,NaN,NaN,NaN,NaN,NaN,NaN,NaN,NaN,NaN,NaN,NaN,NaN,NaN,NaN,99.465,79218.0,3642.0,99.355,213325.0,9283.0,99.345,88560.0,5888.0,99.315,82078.0,6209.0,99.295,218464.0,23272.0,99.255,68191.0,8758.0,99.18,19626.0,2790.0,99.115,63092.0,2346.0,99.075,45699.0,1903.0,99.035,16470.0,2087.0,98.96,23250.0,1275.0,98.915,10622.0,1186.0,98.845,20648.0,2470.0,98.785,39344.0,1497.0,98.75,7378.0,391.0,98.715,4651.0,347.0,98.65,1878.0,125.0,98.61,512.0,267.0,98.575,692.0,211.0,98.52,319.0,75.0,98.485,48.0,8.0,98.435,625.0,19.0,98.4,313.0,NaN,98.355,77.0,NaN,98.315,98.265,98.225,98.2,98.155,98.145,98.11,98.07,98.05,98.02,97.99,97.97,NaN,NaN,NaN,NaN,NaN,NaN,NaN,NaN,NaN,NaN,NaN,NaN,NaN,NaN,NaN,NaN,NaN,NaN,NaN,NaN,NaN,NaN,NaN,NaN
2016-12-20,NaN,NaN,NaN,NaN,NaN,NaN,NaN,NaN,NaN,NaN,NaN,NaN,NaN,NaN,NaN,NaN,NaN,NaN,NaN,NaN,NaN,NaN,NaN,NaN,NaN,NaN,NaN,NaN,NaN,NaN,NaN,NaN,NaN,99.465,78568.0,1137.0,99.355,210007.0,10615.0,99.345,88609.0,2238.0,99.315,82727.0,4125.0,99.29,221214.0,12887.0,99.255,68112.0,4352.0,99.18,19351.0,2715.0,99.12,61701.0,5585.0,99.08,43644.0,4624.0,99.04,15628.0,2261.0,98.96,22869.0,1411.0,98.915,10518.0,635.0,98.845,20953.0,1319.0,98.785,39124.0,1453.0,98.75,7373.0,85.0,98.715,4570.0,189.0,98.65,1962.0,147.0,98.61,525.0,136.0,98.57,633.0,130.0,98.515,348.0,109.0,98.475,77.0,45.0,98.425,625.0,NaN,98.39,313.0,NaN,98.345,87.0,10.0,98.305,98.25,98.21,98.18,98.14,98.125,98.095,98.055,98.03,98.0,97.97,97.95,NaN,NaN,NaN,NaN,NaN,NaN,NaN,NaN,NaN,NaN,NaN,NaN,NaN,NaN,NaN,NaN,NaN,NaN,NaN,NaN,NaN,NaN,NaN,NaN
2016-12-21,NaN,NaN,NaN,NaN,NaN,NaN,NaN,NaN,NaN,NaN,NaN,NaN,NaN,NaN,NaN,NaN,NaN,NaN,NaN,NaN,NaN,NaN,NaN,NaN,NaN,NaN,NaN,NaN,NaN,NaN,NaN,NaN,NaN,99.465,77607.0,1103.0,99.355,207892.0,5290.0,99.345,88530.0,4960.0,99.315,82255.0,2514.0,99.29,218466.0,10503.0,99.255,67551.0,3020.0,99.18,18916.0,1870.0,99.125,61219.0,4651.0,99.085,44220.0,4850.0,99.05,15251.0,1474.0,98.98,21957.0,3857.0,98.93,10257.0,4333.0,98.855,27230.0,10329.0,98.8,39459.0,1880.0,98.765,7501.0,1095.0,98.73,4570.0,296.0,98.67,2185.0,278.0,98.625,543.0,81.0,98.59,802.0,299.0,98.535,382.0,54.0,98.495,139.0,62.0,98.445,625.0,NaN,98.415,313.0,NaN,98.37,87.0,NaN,98.33,98.28,98.235,98.205,98.16,98.15,98.115,98.075,98.05,98.02,97.995,97.975,NaN,NaN,NaN,NaN,NaN,NaN,NaN,NaN,NaN,NaN,NaN,NaN,NaN,NaN,NaN,NaN,NaN,NaN,NaN,NaN,NaN,NaN,NaN,NaN
2016-12-22,NaN,NaN,NaN,NaN,NaN,NaN,NaN,NaN,NaN,NaN,NaN,NaN,NaN,NaN,NaN,NaN,NaN,NaN,NaN,NaN,NaN,NaN,NaN,NaN,NaN,NaN,NaN,NaN,NaN,NaN,NaN,NaN,NaN,99.465,77490.0,600.0,99.355,206260.0,2722.0,99.345,88586.0,548.0,99.315,82398.0,1406.0,99.29,218299.0,857.0,99.255,66469.0,2539.0,99.18,19133.0,1279.0,99.12,61144.0,1571.0,99.08,44071.0,994.0,99.045,15117.0,587.0,98.97,22507.0,2339.0,98.925,10201.0,916.0,98.85,27744.0,1775.0,98.79,39722.0,564.0,98.755,7410.0,205.0,98.72,4502.0,143.0,98.655,2320.0,221.0,98.62,489.0,151.0,98.58,810.0,30.0,98.53,383.0,3.0,98.49,139.0,NaN,98.44,625.0,NaN,98.41,313.0,NaN,98.365,87.0,NaN,98.33,98.28,98.235,98.21,98.165,98.15,98.12,98.075,98.055,98.025,97.995,97.975,NaN,NaN,NaN,NaN,NaN,NaN,NaN,NaN,NaN,NaN,NaN,NaN,NaN,NaN,NaN,NaN,NaN,NaN,NaN,NaN,NaN,NaN,NaN,NaN
2016-12-23,NaN,NaN,NaN,NaN,NaN,NaN,NaN,NaN,NaN,NaN,NaN,NaN,NaN,NaN,NaN,NaN,NaN,NaN,NaN,NaN,NaN,NaN,NaN,NaN,NaN,NaN,NaN,NaN,NaN,NaN,NaN,NaN,NaN,99.465,77820.0,2307.0,99.355,195225.0,19104.0,99.345,87125.0,3738.0,99.315,82468.0,919.0,99.29,216697.0,3175.0,99.255,66130.0,2117.0,99.18,19149.0,159.0,99.12,61310.0,933.0,99.075,44117.0,439.0,99.04,15082.0,289.0,98.965,22471.0,213.0,98.92,10210.0,627.0,98.845,27907.0,442.0,98.785,39860.0,254.0,98.75,7487.0,174.0,98.715,4476.0,97.0,98.655,2317.0,6.0,98.615,489.0,NaN,98.58,810.0,6.0,98.53,383.0,NaN,98.485,147.0,22.0,98.44,625.0,NaN,98.41,313.0,NaN,98.365,87.0,NaN,98.33,98.275,98.235,98.205,98.16,98.15,98.12,98.08,98.06,98.025,98.0,97.98,NaN,NaN,NaN,NaN,NaN,NaN,NaN,NaN,NaN,NaN,NaN,NaN,NaN,NaN,NaN,NaN,NaN,NaN,NaN,NaN,NaN,NaN,NaN,NaN
2016-12-27,NaN,NaN,NaN,NaN,NaN,NaN,NaN,NaN,NaN,NaN,NaN,NaN,NaN,NaN,NaN,NaN,NaN,NaN,NaN,NaN,NaN,NaN,NaN,NaN,NaN,NaN,NaN,NaN,NaN,NaN,NaN,NaN,NaN,99.465,77804.0,46.0,99.355,194359.0,788.0,99.345,87095.0,107.0,99.31,81842.0,949.0,99.29,216662.0,794.0,99.25,66166.0,2868.0,99.175,19186.0,559.0,99.11,60449.0,1228.0,99.07,44045.0,627.0,99.03,14572.0,1097.0,98.955,22104.0,915.0,98.905,9969.0,1233.0,98.83,27410.0,929.0,98.765,40319.0,1956.0,98.73,7756.0,1757.0,98.695,4349.0,770.0,98.63,2405.0,123.0,98.595,490.0,17.0,98.555,789.0,43.0,98.5,333.0,50.0,98.465,147.0,NaN,98.415,625.0,NaN,98.375,313.0,NaN,98.335,88.0,1.0,98.295,98.245,98.2,98.175,98.13,98.115,98.08,98.045,98.02,97.99,97.96,97.94,NaN,NaN,NaN,NaN,NaN,NaN,NaN,NaN,NaN,NaN,NaN,NaN,NaN,NaN,NaN,NaN,NaN,NaN,NaN,NaN,NaN,NaN,NaN,NaN
2016-12-28,NaN,NaN,NaN,NaN,NaN,NaN,NaN,NaN,NaN,NaN,NaN,NaN,NaN,NaN,NaN,NaN,NaN,NaN,NaN,NaN,NaN,NaN,NaN,NaN,NaN,NaN,NaN,NaN,NaN,NaN,NaN,NaN,NaN,99.465,75903.0,5871.0,99.355,193499.0,1045.0,99.345,86029.0,3067.0,99.31,81250.0,2401.0,99.29,216357.0,8832.0,99.25,66944.0,3961.0,99.175,19075.0,1098.0,99.115,59220.0,2439.0,99.075,43689.0,1408.0,99.035,14550.0,607.0,98.965,21858.0,829.0,98.915,9963.0,689.0,98.84,27001.0,1985.0,98.78,40820.0,1841.0,98.745,7644.0,1153.0,98.715,4276.0,654.0,98.65,2421.0,56.0,98.615,510.0,146.0,98.58,812.0,26.0,98.525,333.0,NaN,98.49,148.0,1.0,98.44,625.0,NaN,98.405,313.0,NaN,98.36,93.0,5.0,98.33,98.28,98.245,98.22,98.185,98.165,98.135,98.095,98.08,98.05,98.025,98.01,NaN,NaN,NaN,NaN,NaN,NaN,NaN,NaN,NaN,NaN,NaN,NaN,NaN,NaN,NaN,NaN,NaN,NaN,NaN,NaN,NaN,NaN,NaN,NaN
2016-12-29,NaN,NaN,NaN,NaN,NaN,NaN,NaN,NaN,NaN,NaN,NaN,NaN,NaN,NaN,NaN,NaN,NaN,NaN,NaN,NaN,NaN,NaN,NaN,NaN,NaN,NaN,NaN,NaN,NaN,NaN,NaN,NaN,NaN,99.465,75803.0,101.0,99.355,191931.0,2368.0,99.345,85496.0,1070.0,99.31,81223.0,1157.0,99.29,216310.0,1822.0,99.25,67046.0,2567.0,99.18,18954.0,1028.0,99.125,59806.0,1797.0,99.09,44127.0,1146.0,99.055,14366.0,681.0,98.985,21689.0,838.0,98.94,10012.0,900.0,98.87,27965.0,2978.0,98.815,40708.0,1478.0,98.78,7708.0,738.0,98.75,4219.0,677.0,98.69,2430.0,65.0,98.655,557.0,134.0,98.62,1363.0,640.0,98.57,343.0,106.0,98.535,178.0,32.0,98.485,625.0,4.0,98.455,317.0,4.0,98.41,93.0,NaN,98.37,98.32,98.29,98.26,98.23,98.205,98.18,98.14,98.12,98.095,98.07,98.05,NaN,NaN,NaN,NaN,NaN,NaN,NaN,NaN,NaN,NaN,NaN,NaN,NaN,NaN,NaN,NaN,NaN,NaN,NaN,NaN,NaN,NaN,NaN,NaN
2016-12-30,NaN,NaN,NaN,NaN,NaN,NaN,NaN,NaN,NaN,NaN,NaN,NaN,NaN,NaN,NaN,NaN,NaN,NaN,NaN,NaN,NaN,NaN,NaN,NaN,NaN,NaN,NaN,NaN,NaN,NaN,NaN,NaN,NaN,99.465,79614.0,12918.0,99.355,185211.0,9713.0,99.345,85537.0,831.0,99.31,81162.0,525.0,99.29,217345.0,2627.0,99.255,67267.0,1815.0,99.185,19265.0,1041.0,99.135,59555.0,1537.0,99.095,44329.0,786.0,99.06,14351.0,754.0,98.99,21741.0,578.0,98.95,10383.0,1360.0,98.88,28043.0,517.0,98.82,40491.0,909.0,98.79,7534.0,718.0,98.765,3920.0,625.0,98.7,2413.0,110.0,98.67,629.0,350.0,98.63,1362.0,81.0,98.58,396.0,59.0,98.545,178.0,NaN,98.5,625.0,NaN,98.47,317.0,NaN,98.43,93.0,NaN,98.39,98.34,98.31,98.28,98.25,98.23,98.205,98.165,98.15,98.12,98.095,98.08,98.11,NaN,NaN,NaN,NaN,NaN,NaN,NaN,NaN,NaN,NaN,NaN,NaN,NaN,NaN,NaN,NaN,NaN,NaN,NaN,NaN,NaN,NaN,NaN
