date,FFF14 Comdty|PX_LAST,FFF14 Comdty|OPEN_INT,FFF14 Comdty|PX_VOLUME,FFG14 Comdty|PX_LAST,FFG14 Comdty|OPEN_INT,FFG14 Comdty|PX_VOLUME,FFH14 Comdty|PX_LAST,FFH14 Comdty|OPEN_INT,FFH14 Comdty|PX_VOLUME,FFJ14 Comdty|PX_LAST,FFJ14 Comdty|OPEN_INT,FFJ14 Comdty|PX_VOLUME,FFK14 Comdty|PX_LAST,FFK14 Comdty|OPEN_INT,FFK14 Comdty|PX_VOLUME,FFM14 Comdty|PX_LAST,FFM14 Comdty|OPEN_INT,FFM14 Comdty|PX_VOLUME,FFN14 Comdty|PX_LAST,FFN14 Comdty|OPEN_INT,FFN14 Comdty|PX_VOLUME,FFQ14 Comdty|PX_LAST,FFQ14 Comdty|OPEN_INT,FFQ14 Comdty|PX_VOLUME,FFU14 Comdty|PX_LAST,FFU14 Comdty|OPEN_INT,FFU14 Comdty|PX_VOLUME,FFV14 Comdty|PX_LAST,FFV14 Comdty|OPEN_INT,FFV14 Comdty|PX_VOLUME,FFX14 Comdty|PX_LAST,FFX14 Comdty|OPEN_INT,FFX14 Comdty|PX_VOLUME,FFZ14 Comdty|PX_LAST,FFZ14 Comdty|OPEN_INT,FFZ14 Comdty|PX_VOLUME,FFF15 Comdty|PX_LAST,FFF15 Comdty|OPEN_INT,FFF15 Comdty|PX_VOLUME,FFG15 Comdty|PX_LAST,FFG15 Comdty|OPEN_INT,FFG15 Comdty|PX_VOLUME,FFH15 Comdty|PX_LAST,FFH15 Comdty|OPEN_INT,FFH15 Comdty|PX_VOLUME,FFJ15 Comdty|PX_LAST,FFJ15 Comdty|OPEN_INT,FFJ15 Comdty|PX_VOLUME,FFK15 Comdty|PX_LAST,FFK15 Comdty|OPEN_INT,FFK15 Comdty|PX_VOLUME,FFM15 Comdty|PX_LAST,FFM15 Comdty|OPEN_INT,FFM15 Comdty|PX_VOLUME,FFN15 Comdty|PX_LAST,FFN15 Comdty|OPEN_INT,FFN15 Comdty|PX_VOLUME,FFQ15 Comdty|PX_LAST,FFQ15 Comdty|OPEN_INT,FFQ15 Comdty|PX_VOLUME,FFU15 Comdty|PX_LAST,FFU15 Comdty|OPEN_INT,FFU15 Comdty|PX_VOLUME,FFV15 Comdty|PX_LAST,FFV15 Comdty|OPEN_INT,FFV15 Comdty|PX_VOLUME,FFX15 Comdty|PX_LAST,FFX15 Comdty|OPEN_INT,FFX15 Comdty|PX_VOLUME,FFZ15 Comdty|PX_LAST,FFZ15 Comdty|OPEN_INT,FFZ15 Comdty|PX_VOLUME,FFF16 Comdty|PX_LAST,FFF16 Comdty|OPEN_INT,FFF16 Comdty|PX_VOLUME,FFG16 Comdty|PX_LAST,FFG16 Comdty|OPEN_INT,FFG16 Comdty|PX_VOLUME,FFH16 Comdty|PX_LAST,FFH16 Comdty|OPEN_INT,FFH16 Comdty|PX_VOLUME,FFJ16 Comdty|PX_LAST,FFJ16 Comdty|OPEN_INT,FFJ16 Comdty|PX_VOLUME,FFK16 Comdty|PX_LAST,FFK16 Comdty|OPEN_INT,FFK16 Comdty|PX_VOLUME,FFM16 Comdty|PX_LAST,FFM16 Comdty|OPEN_INT,FFM16 Comdty|PX_VOLUME,FFN16 Comdty|PX_LAST,FFN16 Comdty|OPEN_INT,FFN16 Comdty|PX_VOLUME,FFQ16 Comdty|PX_LAST,FFQ16 Comdty|OPEN_INT,FFQ16 Comdty|PX_VOLUME,FFU16 Comdty|PX_LAST,FFU16 Comdty|OPEN_INT,FFU16 Comdty|PX_VOLUME,FFV16 Comdty|PX_LAST,FFV16 Comdty|OPEN_INT,FFV16 Comdty|PX_VOLUME,FFX16 Comdty|PX_LAST,FFX16 Comdty|OPEN_INT,FFX16 Comdty|PX_VOLUME,FFZ16 Comdty|PX_LAST,FFF17 Comdty|PX_LAST,FFG17 Comdty|PX_LAST,FFH17 Comdty|PX_LAST,FFJ17 Comdty|PX_LAST,FFK17 Comdty|PX_LAST,FFM17 Comdty|PX_LAST,FFN17 Comdty|PX_LAST,FFQ17 Comdty|PX_LAST,FFU17 Comdty|PX_LAST,FFV17 Comdty|PX_LAST,FFX17 Comdty|PX_LAST,FFZ17 Comdty|PX_LAST,FFF18 Comdty|PX_LAST,FFG18 Comdty|PX_LAST,FFH18 Comdty|PX_LAST,FFJ18 Comdty|PX_LAST,FFK18 Comdty|PX_LAST,FFM18 Comdty|PX_LAST,FFN18 Comdty|PX_LAST,FFQ18 Comdty|PX_LAST,FFU18 Comdty|PX_LAST,FFV18 Comdty|PX_LAST,FFX18 Comdty|PX_LAST,FFZ18 Comdty|PX_LAST,FFF19 Comdty|PX_LAST,FFG19 Comdty|PX_LAST,FFH19 Comdty|PX_LAST,FFJ19 Comdty|PX_LAST,FFK19 Comdty|PX_LAST,FFM19 Comdty|PX_LAST,FFN19 Comdty|PX_LAST,FFQ19 Comdty|PX_LAST,FFU19 Comdty|PX_LAST,FFV19 Comdty|PX_LAST,FFX19 Comdty|PX_LAST
2014-01-02,99.91,39802.0,83.0,99.905,30836.0,268.0,99.9,26583.0,796.0,99.895,14993.0,78.0,99.89,15725.0,264.0,99.885,13950.0,394.0,99.875,21140.0,121.0,99.865,16641.0,69.0,99.855,12157.0,290.0,99.845,10568.0,83.0,99.835,7413.0,370.0,99.825,12508.0,511.0,99.805,10873.0,164.0,99.775,7706.0,57.0,99.75,8216.0,221.0,99.725,4738.0,164.0,99.67,3114.0,289.0,99.64,5757.0,82.0,99.6,2959.0,37.0,99.53,1633.0,28.0,99.485,1729.0,38.0,99.425,991.0,23.0,99.33,1096.0,30.0,99.27,3465.0,20.0,99.19,536.0,2.0,99.075,15.0,NaN,99.0,9.0,NaN,98.905,74.0,NaN,98.775,76.0,NaN,98.695,2.0,NaN,98.595,1.0,NaN,98.47,1.0,NaN,98.39,4.0,NaN,98.31,3.0,NaN,98.19,NaN,NaN,98.105,NaN,NaN,NaN,NaN,NaN,NaN,NaN,NaN,NaN,NaN,NaN,NaN,NaN,NaN,NaN,NaN,NaN,NaN,NaN,NaN,NaN,NaN,NaN,NaN,NaN,NaN,NaN,NaN,NaN,NaN,NaN,NaN,NaN,NaN,NaN
2014-01-03,99.91,39382.0,1187.0,99.905,30926.0,272.0,99.9,26546.0,141.0,99.895,15010.0,158.0,99.89,15310.0,678.0,99.885,13868.0,524.0,99.875,20623.0,1025.0,99.86,16711.0,638.0,99.85,12214.0,328.0,99.84,10442.0,551.0,99.825,8095.0,1117.0,99.81,12602.0,754.0,99.785,11219.0,1634.0,99.755,8303.0,1505.0,99.73,8080.0,588.0,99.7,4790.0,674.0,99.64,2875.0,643.0,99.61,6350.0,899.0,99.57,3101.0,220.0,99.5,1681.0,222.0,99.45,1735.0,125.0,99.39,1006.0,93.0,99.295,1112.0,27.0,99.235,3461.0,101.0,99.155,536.0,NaN,99.04,15.0,1.0,98.965,9.0,1.0,98.87,74.0,NaN,98.74,76.0,NaN,98.66,2.0,NaN,98.56,1.0,NaN,98.435,1.0,NaN,98.355,4.0,NaN,98.29,3.0,NaN,98.17,NaN,NaN,98.09,NaN,NaN,NaN,NaN,NaN,NaN,NaN,NaN,NaN,NaN,NaN,NaN,NaN,NaN,NaN,NaN,NaN,NaN,NaN,NaN,NaN,NaN,NaN,NaN,NaN,NaN,NaN,NaN,NaN,NaN,NaN,NaN,NaN,NaN,NaN
2014-01-06,99.915,39038.0,2205.0,99.905,32579.0,3274.0,99.9,26969.0,1151.0,99.895,15066.0,176.0,99.89,15174.0,571.0,99.885,13613.0,705.0,99.875,20412.0,477.0,99.86,16521.0,976.0,99.85,12186.0,178.0,99.84,10476.0,167.0,99.825,8388.0,405.0,99.81,12574.0,670.0,99.785,11021.0,844.0,99.755,8301.0,592.0,99.73,8133.0,325.0,99.7,4776.0,395.0,99.64,2944.0,217.0,99.61,6352.0,269.0,99.57,3102.0,10.0,99.5,1719.0,96.0,99.45,1761.0,28.0,99.39,981.0,31.0,99.305,1091.0,35.0,99.25,3463.0,31.0,99.18,568.0,32.0,99.07,15.0,NaN,98.995,9.0,NaN,98.91,75.0,1.0,98.78,77.0,1.0,98.7,2.0,NaN,98.605,1.0,NaN,98.48,1.0,NaN,98.405,4.0,NaN,98.34,3.0,NaN,98.22,NaN,NaN,98.14,NaN,NaN,NaN,NaN,NaN,NaN,NaN,NaN,NaN,NaN,NaN,NaN,NaN,NaN,NaN,NaN,NaN,NaN,NaN,NaN,NaN,NaN,NaN,NaN,NaN,NaN,NaN,NaN,NaN,NaN,NaN,NaN,NaN,NaN,NaN
2014-01-07,99.915,39357.0,2632.0,99.91,33426.0,1891.0,99.9,27509.0,1234.0,99.895,14461.0,656.0,99.89,15318.0,736.0,99.885,13607.0,313.0,99.875,20397.0,48.0,99.86,16519.0,15.0,99.85,12101.0,222.0,99.84,10301.0,378.0,99.825,8315.0,126.0,99.81,12417.0,661.0,99.785,11127.0,430.0,99.755,8183.0,501.0,99.73,8159.0,301.0,99.7,4759.0,117.0,99.64,2938.0,127.0,99.61,6475.0,628.0,99.57,3080.0,274.0,99.5,1517.0,421.0,99.45,1785.0,49.0,99.39,984.0,14.0,99.31,1091.0,8.0,99.255,3464.0,46.0,99.19,613.0,45.0,99.08,15.0,NaN,99.01,9.0,NaN,98.925,75.0,NaN,98.795,77.0,NaN,98.715,2.0,NaN,98.63,1.0,NaN,98.505,1.0,NaN,98.43,4.0,NaN,98.365,3.0,NaN,98.245,NaN,NaN,98.17,NaN,NaN,NaN,NaN,NaN,NaN,NaN,NaN,NaN,NaN,NaN,NaN,NaN,NaN,NaN,NaN,NaN,NaN,NaN,NaN,NaN,NaN,NaN,NaN,NaN,NaN,NaN,NaN,NaN,NaN,NaN,NaN,NaN,NaN,NaN
2014-01-08,99.9175,39110.0,1508.0,99.91,33418.0,1367.0,99.9,27289.0,1526.0,99.895,13927.0,2162.0,99.89,15182.0,442.0,99.885,13956.0,2089.0,99.875,19761.0,2201.0,99.86,16396.0,1896.0,99.845,11550.0,1681.0,99.83,10228.0,1815.0,99.81,8442.0,1679.0,99.795,12566.0,1859.0,99.765,11400.0,888.0,99.73,8573.0,1402.0,99.7,8215.0,529.0,99.665,4797.0,523.0,99.6,2809.0,480.0,99.56,6382.0,479.0,99.515,2910.0,329.0,99.44,1671.0,378.0,99.39,1957.0,319.0,99.32,1005.0,47.0,99.225,1080.0,30.0,99.165,3461.0,30.0,99.1,607.0,6.0,98.985,15.0,NaN,98.91,9.0,2.0,98.815,75.0,NaN,98.68,77.0,NaN,98.6,2.0,NaN,98.51,1.0,NaN,98.385,1.0,NaN,98.305,4.0,NaN,98.24,3.0,NaN,98.115,NaN,NaN,98.04,NaN,NaN,NaN,NaN,NaN,NaN,NaN,NaN,NaN,NaN,NaN,NaN,NaN,NaN,NaN,NaN,NaN,NaN,NaN,NaN,NaN,NaN,NaN,NaN,NaN,NaN,NaN,NaN,NaN,NaN,NaN,NaN,NaN,NaN,NaN
2014-01-09,99.92,40009.0,1675.0,99.91,32776.0,3450.0,99.9,27374.0,237.0,99.895,14140.0,394.0,99.89,14976.0,547.0,99.885,14639.0,1236.0,99.87,19650.0,1182.0,99.855,16431.0,1095.0,99.84,11384.0,839.0,99.825,10112.0,490.0,99.8,8486.0,405.0,99.785,12580.0,588.0,99.755,11477.0,582.0,99.72,8602.0,230.0,99.69,7853.0,1217.0,99.655,4892.0,1047.0,99.59,2781.0,999.0,99.55,6190.0,356.0,99.505,2796.0,261.0,99.43,1733.0,146.0,99.38,1940.0,33.0,99.31,1006.0,45.0,99.215,1052.0,218.0,99.16,3449.0,150.0,99.095,642.0,36.0,98.98,13.0,2.0,98.905,10.0,1.0,98.81,75.0,NaN,98.675,77.0,NaN,98.595,2.0,NaN,98.505,1.0,NaN,98.38,1.0,NaN,98.3,4.0,NaN,98.23,3.0,NaN,98.105,NaN,NaN,98.03,NaN,NaN,NaN,NaN,NaN,NaN,NaN,NaN,NaN,NaN,NaN,NaN,NaN,NaN,NaN,NaN,NaN,NaN,NaN,NaN,NaN,NaN,NaN,NaN,NaN,NaN,NaN,NaN,NaN,NaN,NaN,NaN,NaN,NaN,NaN
2014-01-10,99.92,39912.0,208.0,99.91,34047.0,3099.0,99.905,27367.0,365.0,99.9,14339.0,588.0,99.895,14831.0,736.0,99.89,14523.0,779.0,99.88,17491.0,3795.0,99.87,16436.0,1727.0,99.855,11031.0,1374.0,99.845,10166.0,393.0,99.825,8449.0,1072.0,99.815,12650.0,790.0,99.79,11406.0,1661.0,99.765,7874.0,1875.0,99.74,7986.0,1266.0,99.705,4740.0,1402.0,99.645,3548.0,1766.0,99.61,6984.0,1505.0,99.565,2968.0,439.0,99.5,1769.0,105.0,99.45,1940.0,44.0,99.39,1006.0,3.0,99.31,1052.0,40.0,99.255,3448.0,37.0,99.19,645.0,9.0,99.08,15.0,3.0,99.01,9.0,1.0,98.92,74.0,3.0,98.8,76.0,3.0,98.72,2.0,NaN,98.63,1.0,NaN,98.51,1.0,NaN,98.43,4.0,NaN,98.365,4.0,1.0,98.24,NaN,NaN,98.17,NaN,NaN,NaN,NaN,NaN,NaN,NaN,NaN,NaN,NaN,NaN,NaN,NaN,NaN,NaN,NaN,NaN,NaN,NaN,NaN,NaN,NaN,NaN,NaN,NaN,NaN,NaN,NaN,NaN,NaN,NaN,NaN,NaN,NaN,NaN
2014-01-13,99.9225,40277.0,1674.0,99.915,33592.0,3173.0,99.905,27327.0,1995.0,99.905,14536.0,864.0,99.9,14814.0,313.0,99.895,14850.0,498.0,99.885,17382.0,449.0,99.875,16404.0,141.0,99.865,10435.0,820.0,99.85,10587.0,955.0,99.835,8409.0,344.0,99.825,12779.0,548.0,99.8,11768.0,1817.0,99.775,7865.0,520.0,99.75,8005.0,435.0,99.725,4805.0,400.0,99.67,3820.0,707.0,99.64,7334.0,646.0,99.6,3196.0,454.0,99.54,1795.0,191.0,99.49,2041.0,123.0,99.435,1012.0,34.0,99.355,1218.0,292.0,99.3,4484.0,1126.0,99.24,778.0,154.0,99.14,33.0,20.0,99.075,9.0,NaN,98.99,74.0,5.0,98.87,76.0,5.0,98.79,2.0,NaN,98.7,1.0,NaN,98.58,1.0,NaN,98.5,4.0,NaN,98.435,4.0,NaN,98.315,NaN,NaN,98.25,NaN,NaN,NaN,NaN,NaN,NaN,NaN,NaN,NaN,NaN,NaN,NaN,NaN,NaN,NaN,NaN,NaN,NaN,NaN,NaN,NaN,NaN,NaN,NaN,NaN,NaN,NaN,NaN,NaN,NaN,NaN,NaN,NaN,NaN,NaN
2014-01-14,99.9225,40262.0,25.0,99.915,33599.0,960.0,99.905,27306.0,55.0,99.905,14283.0,596.0,99.9,14886.0,485.0,99.895,15071.0,946.0,99.885,17379.0,677.0,99.875,16296.0,171.0,99.86,10346.0,299.0,99.85,10430.0,722.0,99.83,7890.0,1227.0,99.815,12894.0,630.0,99.79,11670.0,889.0,99.765,7756.0,1102.0,99.74,8080.0,737.0,99.705,4800.0,201.0,99.65,3847.0,208.0,99.615,7334.0,252.0,99.57,3214.0,147.0,99.505,1906.0,167.0,99.455,2031.0,40.0,99.4,1012.0,14.0,99.315,1229.0,27.0,99.26,4391.0,204.0,99.195,740.0,136.0,99.085,33.0,5.0,99.01,14.0,5.0,98.925,74.0,NaN,98.8,76.0,NaN,98.72,2.0,NaN,98.63,1.0,NaN,98.51,1.0,NaN,98.43,4.0,NaN,98.365,4.0,NaN,98.245,NaN,NaN,98.175,NaN,NaN,NaN,NaN,NaN,NaN,NaN,NaN,NaN,NaN,NaN,NaN,NaN,NaN,NaN,NaN,NaN,NaN,NaN,NaN,NaN,NaN,NaN,NaN,NaN,NaN,NaN,NaN,NaN,NaN,NaN,NaN,NaN,NaN,NaN
2014-01-15,99.925,40093.0,3135.0,99.915,33969.0,1339.0,99.905,26218.0,1420.0,99.905,16126.0,2485.0,99.9,14436.0,680.0,99.895,15081.0,207.0,99.885,17485.0,291.0,99.875,16513.0,391.0,99.86,10603.0,576.0,99.85,10163.0,707.0,99.83,7369.0,1133.0,99.81,12756.0,858.0,99.785,11518.0,465.0,99.755,7720.0,343.0,99.725,8131.0,490.0,99.69,4846.0,359.0,99.625,3759.0,775.0,99.59,7159.0,470.0,99.54,3211.0,319.0,99.47,2216.0,627.0,99.42,2106.0,190.0,99.36,1039.0,171.0,99.27,1241.0,172.0,99.21,4337.0,63.0,99.14,700.0,41.0,99.03,33.0,NaN,98.955,14.0,NaN,98.87,74.0,NaN,98.745,76.0,NaN,98.665,2.0,NaN,98.575,1.0,NaN,98.455,1.0,NaN,98.375,4.0,NaN,98.31,4.0,NaN,98.19,NaN,NaN,98.12,NaN,NaN,NaN,NaN,NaN,NaN,NaN,NaN,NaN,NaN,NaN,NaN,NaN,NaN,NaN,NaN,NaN,NaN,NaN,NaN,NaN,NaN,NaN,NaN,NaN,NaN,NaN,NaN,NaN,NaN,NaN,NaN,NaN,NaN,NaN
2014-01-16,99.925,40055.0,451.0,99.915,34219.0,359.0,99.905,26170.0,957.0,99.905,16982.0,1322.0,99.9,14174.0,812.0,99.895,14718.0,573.0,99.885,17559.0,147.0,99.875,16521.0,546.0,99.865,10618.0,281.0,99.855,9868.0,632.0,99.835,7181.0,423.0,99.815,12437.0,530.0,99.79,11328.0,517.0,99.76,7883.0,383.0,99.73,8240.0,360.0,99.695,4861.0,110.0,99.63,3700.0,230.0,99.595,7415.0,575.0,99.545,3212.0,38.0,99.475,2212.0,271.0,99.425,2176.0,210.0,99.365,1032.0,19.0,99.275,1246.0,25.0,99.215,4340.0,10.0,99.145,699.0,1.0,99.035,33.0,NaN,98.96,14.0,NaN,98.875,74.0,NaN,98.75,76.0,NaN,98.67,2.0,NaN,98.585,1.0,NaN,98.465,1.0,NaN,98.39,4.0,NaN,98.33,4.0,NaN,98.21,NaN,NaN,98.145,NaN,NaN,NaN,NaN,NaN,NaN,NaN,NaN,NaN,NaN,NaN,NaN,NaN,NaN,NaN,NaN,NaN,NaN,NaN,NaN,NaN,NaN,NaN,NaN,NaN,NaN,NaN,NaN,NaN,NaN,NaN,NaN,NaN,NaN,NaN
2014-01-17,99.925,40238.0,1042.0,99.92,34534.0,2520.0,99.91,25650.0,1575.0,99.905,17821.0,1056.0,99.9,14379.0,325.0,99.9,14578.0,2105.0,99.89,17457.0,799.0,99.88,16094.0,580.0,99.865,10576.0,188.0,99.855,9664.0,453.0,99.835,7352.0,679.0,99.82,12300.0,504.0,99.79,11329.0,474.0,99.76,7815.0,171.0,99.73,8375.0,312.0,99.695,5055.0,1237.0,99.63,4446.0,1294.0,99.595,7460.0,180.0,99.545,3198.0,59.0,99.475,2216.0,18.0,99.425,2180.0,10.0,99.365,1012.0,29.0,99.275,1242.0,24.0,99.215,4349.0,15.0,99.145,699.0,2.0,99.035,33.0,NaN,98.96,14.0,NaN,98.875,74.0,NaN,98.75,76.0,NaN,98.67,2.0,NaN,98.585,1.0,NaN,98.465,1.0,NaN,98.39,4.0,NaN,98.33,4.0,NaN,98.21,NaN,NaN,98.145,NaN,NaN,NaN,NaN,NaN,NaN,NaN,NaN,NaN,NaN,NaN,NaN,NaN,NaN,NaN,NaN,NaN,NaN,NaN,NaN,NaN,NaN,NaN,NaN,NaN,NaN,NaN,NaN,NaN,NaN,NaN,NaN,NaN,NaN,NaN
2014-01-21,99.925,40236.0,834.0,99.92,33729.0,3278.0,99.91,25650.0,5.0,99.905,17432.0,480.0,99.905,14307.0,767.0,99.9,14578.0,110.0,99.895,17409.0,264.0,99.885,15929.0,471.0,99.87,10581.0,75.0,99.86,9733.0,357.0,99.84,7504.0,810.0,99.825,12350.0,746.0,99.8,11395.0,399.0,99.77,7977.0,387.0,99.74,8376.0,73.0,99.705,5043.0,269.0,99.64,4615.0,513.0,99.605,7633.0,502.0,99.555,3249.0,105.0,99.48,2344.0,533.0,99.43,2162.0,165.0,99.37,1023.0,55.0,99.28,1246.0,6.0,99.22,4351.0,3.0,99.15,699.0,NaN,99.04,33.0,NaN,98.965,14.0,NaN,98.88,74.0,NaN,98.755,76.0,NaN,98.675,2.0,NaN,98.59,1.0,NaN,98.47,1.0,NaN,98.395,4.0,NaN,98.335,4.0,NaN,98.215,NaN,NaN,98.15,NaN,NaN,NaN,NaN,NaN,NaN,NaN,NaN,NaN,NaN,NaN,NaN,NaN,NaN,NaN,NaN,NaN,NaN,NaN,NaN,NaN,NaN,NaN,NaN,NaN,NaN,NaN,NaN,NaN,NaN,NaN,NaN,NaN,NaN,NaN
2014-01-22,99.925,39945.0,956.0,99.92,33860.0,1341.0,99.91,25650.0,128.0,99.905,17736.0,604.0,99.905,14312.0,264.0,99.9,14605.0,165.0,99.895,17440.0,185.0,99.885,15962.0,302.0,99.87,10599.0,407.0,99.86,9595.0,2050.0,99.84,7478.0,522.0,99.82,12444.0,356.0,99.795,11476.0,879.0,99.76,8059.0,826.0,99.73,8450.0,498.0,99.685,5108.0,885.0,99.615,4616.0,1015.0,99.575,7518.0,374.0,99.52,3304.0,274.0,99.435,2495.0,269.0,99.38,2149.0,59.0,99.31,1042.0,55.0,99.215,1248.0,193.0,99.155,4251.0,162.0,99.085,699.0,50.0,98.975,33.0,NaN,98.9,14.0,NaN,98.815,74.0,NaN,98.69,76.0,NaN,98.61,2.0,NaN,98.525,1.0,NaN,98.405,1.0,NaN,98.33,4.0,NaN,98.27,4.0,NaN,98.15,NaN,NaN,98.085,NaN,NaN,NaN,NaN,NaN,NaN,NaN,NaN,NaN,NaN,NaN,NaN,NaN,NaN,NaN,NaN,NaN,NaN,NaN,NaN,NaN,NaN,NaN,NaN,NaN,NaN,NaN,NaN,NaN,NaN,NaN,NaN,NaN,NaN,NaN
2014-01-23,99.925,39241.0,863.0,99.92,34975.0,2900.0,99.915,26323.0,2597.0,99.91,18018.0,661.0,99.91,13982.0,1212.0,99.905,14679.0,774.0,99.9,17661.0,1111.0,99.89,16487.0,999.0,99.88,10782.0,467.0,99.87,9868.0,883.0,99.85,7172.0,1697.0,99.835,12153.0,1523.0,99.81,11190.0,2351.0,99.78,8581.0,1720.0,99.755,8289.0,617.0,99.72,5015.0,808.0,99.66,4542.0,608.0,99.625,7524.0,471.0,99.58,3343.0,307.0,99.505,2573.0,310.0,99.455,2270.0,200.0,99.39,1033.0,102.0,99.31,1286.0,248.0,99.25,4346.0,155.0,99.19,746.0,95.0,99.085,35.0,8.0,99.02,14.0,12.0,98.935,74.0,5.0,98.815,76.0,5.0,98.74,2.0,NaN,98.655,1.0,NaN,98.535,1.0,NaN,98.46,4.0,NaN,98.4,5.0,1.0,98.28,NaN,NaN,98.215,NaN,NaN,NaN,NaN,NaN,NaN,NaN,NaN,NaN,NaN,NaN,NaN,NaN,NaN,NaN,NaN,NaN,NaN,NaN,NaN,NaN,NaN,NaN,NaN,NaN,NaN,NaN,NaN,NaN,NaN,NaN,NaN,NaN,NaN,NaN
2014-01-24,99.9275,39579.0,609.0,99.92,37690.0,4059.0,99.915,26003.0,1976.0,99.91,17980.0,364.0,99.91,14296.0,1406.0,99.905,14032.0,1692.0,99.9,17138.0,1671.0,99.89,16635.0,1317.0,99.88,10713.0,791.0,99.87,9863.0,1947.0,99.85,7078.0,2600.0,99.835,12520.0,1882.0,99.815,10894.0,1668.0,99.785,8256.0,1757.0,99.76,8162.0,1234.0,99.725,5089.0,1528.0,99.675,4411.0,1909.0,99.64,7911.0,2002.0,99.595,3539.0,1837.0,99.53,2246.0,1017.0,99.485,2402.0,550.0,99.43,1032.0,293.0,99.355,1295.0,234.0,99.3,4366.0,61.0,99.24,746.0,16.0,99.135,43.0,16.0,99.07,14.0,1.0,98.985,74.0,NaN,98.865,76.0,NaN,98.79,2.0,NaN,98.705,1.0,NaN,98.585,1.0,NaN,98.51,4.0,NaN,98.45,5.0,NaN,98.33,NaN,NaN,98.265,NaN,NaN,NaN,NaN,NaN,NaN,NaN,NaN,NaN,NaN,NaN,NaN,NaN,NaN,NaN,NaN,NaN,NaN,NaN,NaN,NaN,NaN,NaN,NaN,NaN,NaN,NaN,NaN,NaN,NaN,NaN,NaN,NaN,NaN,NaN
2014-01-27,99.9275,39597.0,32.0,99.92,39768.0,2716.0,99.91,27918.0,3521.0,99.91,17979.0,93.0,99.905,14306.0,102.0,99.905,14207.0,507.0,99.9,16922.0,441.0,99.89,16382.0,749.0,99.88,10649.0,233.0,99.87,9848.0,130.0,99.85,7024.0,289.0,99.835,12727.0,315.0,99.81,10798.0,537.0,99.78,8117.0,570.0,99.76,8108.0,249.0,99.725,5135.0,559.0,99.675,4378.0,821.0,99.64,7877.0,442.0,99.595,3658.0,453.0,99.525,2309.0,729.0,99.48,2289.0,716.0,99.42,1050.0,196.0,99.34,1251.0,199.0,99.285,4366.0,38.0,99.22,744.0,3.0,99.115,42.0,1.0,99.04,14.0,NaN,98.955,74.0,NaN,98.835,76.0,NaN,98.76,2.0,NaN,98.675,1.0,NaN,98.555,1.0,NaN,98.48,4.0,NaN,98.415,5.0,NaN,98.295,NaN,NaN,98.23,NaN,NaN,NaN,NaN,NaN,NaN,NaN,NaN,NaN,NaN,NaN,NaN,NaN,NaN,NaN,NaN,NaN,NaN,NaN,NaN,NaN,NaN,NaN,NaN,NaN,NaN,NaN,NaN,NaN,NaN,NaN,NaN,NaN,NaN,NaN
2014-01-28,99.9275,39433.0,1551.0,99.92,40434.0,3750.0,99.91,28985.0,1211.0,99.91,17939.0,237.0,99.905,14251.0,319.0,99.905,14734.0,690.0,99.9,17206.0,571.0,99.89,16345.0,96.0,99.88,10624.0,64.0,99.87,9834.0,130.0,99.855,6925.0,569.0,99.84,12328.0,755.0,99.82,10909.0,261.0,99.79,8091.0,645.0,99.77,9031.0,1596.0,99.74,5577.0,1181.0,99.69,4365.0,591.0,99.655,8208.0,588.0,99.61,3985.0,597.0,99.54,2294.0,243.0,99.495,2380.0,204.0,99.44,1036.0,87.0,99.36,1251.0,153.0,99.305,4366.0,35.0,99.24,744.0,17.0,99.135,42.0,NaN,99.06,14.0,NaN,98.98,74.0,NaN,98.86,76.0,NaN,98.79,2.0,NaN,98.705,1.0,NaN,98.585,1.0,NaN,98.515,4.0,NaN,98.45,5.0,NaN,98.335,NaN,NaN,98.27,NaN,NaN,NaN,NaN,NaN,NaN,NaN,NaN,NaN,NaN,NaN,NaN,NaN,NaN,NaN,NaN,NaN,NaN,NaN,NaN,NaN,NaN,NaN,NaN,NaN,NaN,NaN,NaN,NaN,NaN,NaN,NaN,NaN,NaN,NaN
2014-01-29,99.9275,39438.0,135.0,99.92,43634.0,10210.0,99.91,30271.0,5399.0,99.91,17804.0,1114.0,99.905,14188.0,1507.0,99.905,14678.0,631.0,99.9,17038.0,1536.0,99.895,16396.0,941.0,99.885,10618.0,252.0,99.875,9967.0,669.0,99.865,6929.0,1063.0,99.855,12757.0,1715.0,99.84,10896.0,2004.0,99.815,8291.0,2250.0,99.795,8510.0,861.0,99.765,5786.0,1265.0,99.715,4800.0,1141.0,99.685,8316.0,435.0,99.64,4140.0,361.0,99.58,2360.0,395.0,99.535,2416.0,569.0,99.48,1224.0,372.0,99.4,1228.0,814.0,99.345,5378.0,1178.0,99.285,912.0,183.0,99.18,57.0,15.0,99.115,14.0,NaN,99.04,74.0,NaN,98.92,76.0,NaN,98.85,2.0,NaN,98.775,1.0,NaN,98.655,1.0,NaN,98.585,4.0,NaN,98.52,5.0,NaN,98.41,NaN,NaN,98.345,NaN,NaN,NaN,NaN,NaN,NaN,NaN,NaN,NaN,NaN,NaN,NaN,NaN,NaN,NaN,NaN,NaN,NaN,NaN,NaN,NaN,NaN,NaN,NaN,NaN,NaN,NaN,NaN,NaN,NaN,NaN,NaN,NaN,NaN,NaN
2014-01-30,99.9275,39360.0,353.0,99.92,44139.0,2855.0,99.91,29868.0,3587.0,99.91,17747.0,519.0,99.91,14139.0,372.0,99.905,14876.0,781.0,99.905,16661.0,958.0,99.9,16457.0,447.0,99.89,10656.0,257.0,99.88,10024.0,266.0,99.87,6996.0,478.0,99.86,12994.0,1281.0,99.845,10392.0,1100.0,99.82,8604.0,738.0,99.8,8699.0,426.0,99.77,5828.0,278.0,99.72,4785.0,237.0,99.69,8272.0,166.0,99.645,4177.0,98.0,99.585,2441.0,294.0,99.54,2446.0,314.0,99.485,1221.0,132.0,99.4,1198.0,77.0,99.345,5382.0,46.0,99.28,921.0,9.0,99.175,57.0,NaN,99.11,14.0,NaN,99.035,74.0,NaN,98.915,76.0,NaN,98.845,2.0,NaN,98.765,1.0,NaN,98.645,1.0,NaN,98.575,4.0,NaN,98.5,5.0,NaN,98.39,NaN,NaN,98.325,NaN,NaN,NaN,NaN,NaN,NaN,NaN,NaN,NaN,NaN,NaN,NaN,NaN,NaN,NaN,NaN,NaN,NaN,NaN,NaN,NaN,NaN,NaN,NaN,NaN,NaN,NaN,NaN,NaN,NaN,NaN,NaN,NaN,NaN,NaN
2014-01-31,99.9275,39327.0,91.0,99.92,44765.0,2175.0,99.915,31085.0,2954.0,99.91,17720.0,706.0,99.91,14122.0,557.0,99.905,14755.0,1933.0,99.905,15626.0,1618.0,99.9,16545.0,737.0,99.89,10886.0,1397.0,99.885,10084.0,748.0,99.875,7435.0,1037.0,99.865,13856.0,2685.0,99.845,10292.0,1456.0,99.82,9742.0,2012.0,99.8,9542.0,1302.0,99.775,5837.0,744.0,99.725,4927.0,650.0,99.7,8300.0,161.0,99.66,4164.0,156.0,99.6,2476.0,108.0,99.555,2443.0,83.0,99.5,1233.0,21.0,99.415,1196.0,11.0,99.36,5395.0,18.0,99.295,921.0,NaN,99.19,57.0,NaN,99.125,14.0,NaN,99.05,74.0,NaN,98.93,76.0,NaN,98.86,2.0,NaN,98.78,1.0,NaN,98.66,1.0,NaN,98.59,4.0,NaN,98.515,5.0,NaN,98.405,NaN,NaN,98.34,NaN,NaN,NaN,NaN,NaN,NaN,NaN,NaN,NaN,NaN,NaN,NaN,NaN,NaN,NaN,NaN,NaN,NaN,NaN,NaN,NaN,NaN,NaN,NaN,NaN,NaN,NaN,NaN,NaN,NaN,NaN,NaN,NaN,NaN,NaN
2014-02-03,NaN,NaN,NaN,99.9225,44666.0,802.0,99.915,31322.0,1958.0,99.91,17623.0,1049.0,99.91,14064.0,134.0,99.905,14768.0,1059.0,99.905,15380.0,417.0,99.9,16542.0,1031.0,99.89,11163.0,4066.0,99.89,10262.0,2511.0,99.88,7367.0,2654.0,99.87,14016.0,2765.0,99.86,10932.0,3293.0,99.84,10486.0,2811.0,99.825,9710.0,2690.0,99.805,5718.0,3148.0,99.765,4811.0,2836.0,99.745,10093.0,3869.0,99.71,5723.0,2976.0,99.66,2894.0,1623.0,99.615,2835.0,642.0,99.56,1241.0,103.0,99.49,1189.0,174.0,99.445,5418.0,139.0,99.38,922.0,19.0,99.275,37.0,20.0,99.22,14.0,5.0,99.15,64.0,20.0,99.03,66.0,15.0,98.96,2.0,NaN,98.88,1.0,NaN,98.765,1.0,NaN,98.7,4.0,NaN,98.625,3.0,2.0,98.525,NaN,NaN,98.46,98.385,NaN,NaN,NaN,NaN,NaN,NaN,NaN,NaN,NaN,NaN,NaN,NaN,NaN,NaN,NaN,NaN,NaN,NaN,NaN,NaN,NaN,NaN,NaN,NaN,NaN,NaN,NaN,NaN,NaN,NaN,NaN,NaN,NaN,NaN
2014-02-04,NaN,NaN,NaN,99.9225,44937.0,2900.0,99.915,32375.0,2529.0,99.91,18222.0,1088.0,99.91,14156.0,922.0,99.905,15070.0,636.0,99.905,15375.0,492.0,99.9,16382.0,210.0,99.89,11164.0,81.0,99.89,10206.0,311.0,99.88,7346.0,318.0,99.87,14226.0,310.0,99.86,11310.0,628.0,99.84,10488.0,1236.0,99.825,9695.0,714.0,99.805,5852.0,551.0,99.765,5056.0,832.0,99.74,10033.0,1336.0,99.705,5936.0,408.0,99.655,3005.0,316.0,99.61,2973.0,286.0,99.555,1283.0,99.0,99.485,1360.0,196.0,99.43,5493.0,193.0,99.365,955.0,121.0,99.26,51.0,30.0,99.205,19.0,16.0,99.135,64.0,5.0,99.015,66.0,NaN,98.945,2.0,NaN,98.865,1.0,NaN,98.75,1.0,NaN,98.685,4.0,NaN,98.61,3.0,NaN,98.51,NaN,NaN,98.445,98.36,NaN,NaN,NaN,NaN,NaN,NaN,NaN,NaN,NaN,NaN,NaN,NaN,NaN,NaN,NaN,NaN,NaN,NaN,NaN,NaN,NaN,NaN,NaN,NaN,NaN,NaN,NaN,NaN,NaN,NaN,NaN,NaN,NaN,NaN
2014-02-05,NaN,NaN,NaN,99.9225,45373.0,4842.0,99.915,34480.0,2585.0,99.915,18549.0,1159.0,99.91,14220.0,249.0,99.91,16278.0,1388.0,99.905,15590.0,898.0,99.9,16387.0,463.0,99.895,12085.0,1367.0,99.895,10369.0,2099.0,99.885,6681.0,3109.0,99.875,14512.0,1746.0,99.86,11351.0,1028.0,99.84,10412.0,1415.0,99.825,9717.0,399.0,99.805,5899.0,503.0,99.765,5196.0,500.0,99.735,10101.0,843.0,99.7,5988.0,858.0,99.65,3014.0,514.0,99.605,3190.0,518.0,99.55,1329.0,166.0,99.48,1306.0,69.0,99.425,5440.0,256.0,99.36,955.0,1.0,99.255,51.0,NaN,99.2,18.0,1.0,99.13,64.0,NaN,99.005,66.0,NaN,98.93,2.0,NaN,98.85,1.0,NaN,98.735,1.0,NaN,98.67,4.0,NaN,98.595,3.0,NaN,98.49,NaN,NaN,98.42,98.33,NaN,NaN,NaN,NaN,NaN,NaN,NaN,NaN,NaN,NaN,NaN,NaN,NaN,NaN,NaN,NaN,NaN,NaN,NaN,NaN,NaN,NaN,NaN,NaN,NaN,NaN,NaN,NaN,NaN,NaN,NaN,NaN,NaN,NaN
2014-02-06,NaN,NaN,NaN,99.9225,45344.0,468.0,99.915,35919.0,4227.0,99.915,18346.0,652.0,99.91,14359.0,497.0,99.91,17023.0,1378.0,99.905,15661.0,325.0,99.9,16126.0,2059.0,99.895,12477.0,1417.0,99.89,10900.0,1207.0,99.88,6808.0,836.0,99.875,14818.0,966.0,99.86,11498.0,981.0,99.835,10635.0,1035.0,99.82,10020.0,513.0,99.8,5871.0,383.0,99.76,5470.0,1208.0,99.73,10180.0,1215.0,99.69,6354.0,778.0,99.63,3323.0,606.0,99.585,3292.0,206.0,99.53,1339.0,59.0,99.455,1377.0,142.0,99.4,5389.0,80.0,99.335,963.0,11.0,99.23,52.0,3.0,99.175,18.0,NaN,99.105,64.0,NaN,98.98,66.0,NaN,98.905,2.0,NaN,98.825,1.0,NaN,98.71,1.0,NaN,98.645,4.0,NaN,98.57,3.0,NaN,98.465,NaN,NaN,98.395,98.305,NaN,NaN,NaN,NaN,NaN,NaN,NaN,NaN,NaN,NaN,NaN,NaN,NaN,NaN,NaN,NaN,NaN,NaN,NaN,NaN,NaN,NaN,NaN,NaN,NaN,NaN,NaN,NaN,NaN,NaN,NaN,NaN,NaN,NaN
2014-02-07,NaN,NaN,NaN,99.925,45621.0,1937.0,99.915,38243.0,3717.0,99.915,18851.0,1008.0,99.91,14396.0,956.0,99.91,17061.0,211.0,99.91,15941.0,598.0,99.905,15779.0,674.0,99.9,12602.0,286.0,99.895,10889.0,575.0,99.885,7471.0,1924.0,99.875,14446.0,1552.0,99.865,11811.0,944.0,99.845,10274.0,842.0,99.835,10130.0,749.0,99.815,6128.0,923.0,99.775,5443.0,1602.0,99.745,10648.0,2165.0,99.71,6539.0,1473.0,99.66,3002.0,972.0,99.62,3690.0,657.0,99.57,1342.0,102.0,99.495,1496.0,353.0,99.45,6612.0,1409.0,99.39,1157.0,247.0,99.295,61.0,13.0,99.24,21.0,3.0,99.17,64.0,NaN,99.045,66.0,NaN,98.98,2.0,NaN,98.905,1.0,NaN,98.79,1.0,NaN,98.725,4.0,NaN,98.65,3.0,NaN,98.545,NaN,NaN,98.475,98.385,NaN,NaN,NaN,NaN,NaN,NaN,NaN,NaN,NaN,NaN,NaN,NaN,NaN,NaN,NaN,NaN,NaN,NaN,NaN,NaN,NaN,NaN,NaN,NaN,NaN,NaN,NaN,NaN,NaN,NaN,NaN,NaN,NaN,NaN
2014-02-10,NaN,NaN,NaN,99.925,44784.0,2289.0,99.915,38515.0,2211.0,99.915,18870.0,88.0,99.91,14443.0,337.0,99.91,16596.0,1259.0,99.91,16755.0,1143.0,99.905,16165.0,712.0,99.9,12665.0,260.0,99.895,10965.0,304.0,99.885,7561.0,217.0,99.88,14496.0,148.0,99.87,11335.0,904.0,99.85,10168.0,531.0,99.835,10250.0,345.0,99.815,6261.0,426.0,99.775,5569.0,780.0,99.745,10878.0,1538.0,99.71,7128.0,1691.0,99.66,3021.0,982.0,99.62,3869.0,325.0,99.57,1366.0,48.0,99.495,1637.0,181.0,99.45,6613.0,44.0,99.39,1158.0,8.0,99.295,61.0,NaN,99.24,21.0,NaN,99.17,64.0,NaN,99.045,66.0,NaN,98.98,2.0,NaN,98.905,1.0,NaN,98.79,1.0,NaN,98.725,4.0,NaN,98.65,3.0,NaN,98.545,NaN,NaN,98.475,98.385,NaN,NaN,NaN,NaN,NaN,NaN,NaN,NaN,NaN,NaN,NaN,NaN,NaN,NaN,NaN,NaN,NaN,NaN,NaN,NaN,NaN,NaN,NaN,NaN,NaN,NaN,NaN,NaN,NaN,NaN,NaN,NaN,NaN,NaN
2014-02-11,NaN,NaN,NaN,99.9275,45120.0,882.0,99.92,39282.0,2261.0,99.915,19029.0,228.0,99.915,14845.0,531.0,99.91,17218.0,1115.0,99.91,16763.0,289.0,99.905,16093.0,312.0,99.9,12707.0,271.0,99.895,10952.0,282.0,99.885,7523.0,155.0,99.875,14398.0,300.0,99.865,11307.0,69.0,99.845,10144.0,444.0,99.825,10270.0,185.0,99.805,6290.0,500.0,99.765,5407.0,318.0,99.735,10511.0,807.0,99.695,7073.0,605.0,99.64,3193.0,375.0,99.595,3948.0,277.0,99.545,1478.0,223.0,99.46,1760.0,275.0,99.405,7204.0,672.0,99.345,1162.0,21.0,99.25,103.0,59.0,99.185,15.0,6.0,99.115,82.0,18.0,98.99,66.0,NaN,98.925,2.0,NaN,98.85,1.0,NaN,98.735,1.0,NaN,98.67,4.0,NaN,98.595,3.0,NaN,98.485,NaN,NaN,98.415,98.325,NaN,NaN,NaN,NaN,NaN,NaN,NaN,NaN,NaN,NaN,NaN,NaN,NaN,NaN,NaN,NaN,NaN,NaN,NaN,NaN,NaN,NaN,NaN,NaN,NaN,NaN,NaN,NaN,NaN,NaN,NaN,NaN,NaN,NaN
2014-02-12,NaN,NaN,NaN,99.93,44663.0,1300.0,99.92,38996.0,820.0,99.92,19100.0,495.0,99.915,15240.0,963.0,99.915,17164.0,270.0,99.91,17591.0,1214.0,99.905,16081.0,891.0,99.9,12505.0,1038.0,99.895,10796.0,705.0,99.885,8051.0,2081.0,99.875,14242.0,519.0,99.865,11421.0,966.0,99.84,10604.0,1073.0,99.815,11085.0,2774.0,99.79,6585.0,969.0,99.745,5543.0,1372.0,99.715,9902.0,1999.0,99.675,6929.0,1027.0,99.615,3436.0,1122.0,99.57,3941.0,198.0,99.515,1488.0,127.0,99.43,1897.0,222.0,99.375,7177.0,94.0,99.315,1160.0,12.0,99.215,133.0,42.0,99.15,15.0,NaN,99.075,82.0,3.0,98.95,69.0,3.0,98.875,2.0,NaN,98.8,1.0,NaN,98.68,1.0,NaN,98.61,4.0,NaN,98.535,3.0,NaN,98.425,NaN,NaN,98.355,98.265,NaN,NaN,NaN,NaN,NaN,NaN,NaN,NaN,NaN,NaN,NaN,NaN,NaN,NaN,NaN,NaN,NaN,NaN,NaN,NaN,NaN,NaN,NaN,NaN,NaN,NaN,NaN,NaN,NaN,NaN,NaN,NaN,NaN,NaN
2014-02-13,NaN,NaN,NaN,99.93,44408.0,396.0,99.92,38980.0,1609.0,99.92,19478.0,1595.0,99.92,15915.0,1117.0,99.92,17127.0,163.0,99.915,17872.0,666.0,99.91,16329.0,345.0,99.905,12469.0,528.0,99.9,10601.0,613.0,99.895,8052.0,674.0,99.885,14283.0,385.0,99.875,12240.0,1827.0,99.85,10939.0,1234.0,99.83,11265.0,320.0,99.81,6510.0,643.0,99.765,5536.0,398.0,99.74,9903.0,218.0,99.7,6979.0,212.0,99.64,3586.0,696.0,99.595,3994.0,356.0,99.54,1511.0,96.0,99.46,1936.0,162.0,99.405,7339.0,498.0,99.345,1205.0,84.0,99.245,168.0,40.0,99.18,17.0,15.0,99.105,119.0,75.0,98.98,69.0,5.0,98.905,2.0,NaN,98.83,1.0,NaN,98.71,1.0,NaN,98.64,4.0,NaN,98.565,3.0,NaN,98.455,NaN,NaN,98.385,98.295,NaN,NaN,NaN,NaN,NaN,NaN,NaN,NaN,NaN,NaN,NaN,NaN,NaN,NaN,NaN,NaN,NaN,NaN,NaN,NaN,NaN,NaN,NaN,NaN,NaN,NaN,NaN,NaN,NaN,NaN,NaN,NaN,NaN,NaN
2014-02-14,NaN,NaN,NaN,99.9325,45472.0,1885.0,99.92,40824.0,2751.0,99.92,19987.0,1429.0,99.92,16006.0,141.0,99.92,16745.0,1202.0,99.915,18016.0,445.0,99.91,16388.0,197.0,99.905,12476.0,152.0,99.9,10716.0,285.0,99.895,11320.0,5372.0,99.885,14544.0,1049.0,99.875,12469.0,946.0,99.85,11071.0,760.0,99.83,11142.0,453.0,99.81,6391.0,603.0,99.765,5472.0,290.0,99.74,9897.0,80.0,99.7,6970.0,43.0,99.635,3569.0,31.0,99.59,3972.0,22.0,99.53,1512.0,25.0,99.445,1910.0,74.0,99.39,7358.0,78.0,99.33,1205.0,25.0,99.23,168.0,6.0,99.165,17.0,NaN,99.09,119.0,NaN,98.965,69.0,NaN,98.89,2.0,NaN,98.815,1.0,NaN,98.695,1.0,NaN,98.625,4.0,NaN,98.55,3.0,NaN,98.44,NaN,NaN,98.37,98.28,NaN,NaN,NaN,NaN,NaN,NaN,NaN,NaN,NaN,NaN,NaN,NaN,NaN,NaN,NaN,NaN,NaN,NaN,NaN,NaN,NaN,NaN,NaN,NaN,NaN,NaN,NaN,NaN,NaN,NaN,NaN,NaN,NaN,NaN
2014-02-18,NaN,NaN,NaN,99.9325,45773.0,1656.0,99.925,45152.0,5183.0,99.92,22585.0,3885.0,99.92,16187.0,346.0,99.92,16837.0,103.0,99.915,18196.0,391.0,99.91,16349.0,40.0,99.905,12558.0,92.0,99.9,10736.0,38.0,99.895,12304.0,1573.0,99.885,14563.0,58.0,99.875,12434.0,113.0,99.855,11187.0,357.0,99.84,11062.0,438.0,99.82,6526.0,435.0,99.775,5358.0,229.0,99.75,10070.0,451.0,99.71,7022.0,167.0,99.65,3592.0,168.0,99.61,3961.0,111.0,99.555,1519.0,42.0,99.48,1908.0,33.0,99.43,7368.0,38.0,99.37,1208.0,6.0,99.27,183.0,15.0,99.21,17.0,NaN,99.135,119.0,NaN,99.02,69.0,NaN,98.95,2.0,NaN,98.875,1.0,NaN,98.76,1.0,NaN,98.69,4.0,NaN,98.615,3.0,NaN,98.505,NaN,NaN,98.435,98.35,NaN,NaN,NaN,NaN,NaN,NaN,NaN,NaN,NaN,NaN,NaN,NaN,NaN,NaN,NaN,NaN,NaN,NaN,NaN,NaN,NaN,NaN,NaN,NaN,NaN,NaN,NaN,NaN,NaN,NaN,NaN,NaN,NaN,NaN
2014-02-19,NaN,NaN,NaN,99.9325,45772.0,1.0,99.925,45146.0,166.0,99.92,23216.0,1241.0,99.92,16196.0,64.0,99.92,16845.0,83.0,99.915,18491.0,440.0,99.91,16024.0,701.0,99.905,12570.0,226.0,99.9,10674.0,239.0,99.89,12377.0,281.0,99.88,15077.0,1023.0,99.87,12572.0,497.0,99.845,12013.0,1487.0,99.825,10993.0,475.0,99.805,6444.0,553.0,99.76,5225.0,361.0,99.735,10496.0,1041.0,99.69,7191.0,562.0,99.63,3560.0,478.0,99.59,3995.0,125.0,99.535,1525.0,47.0,99.46,1918.0,53.0,99.41,7468.0,127.0,99.35,1214.0,17.0,99.25,186.0,15.0,99.185,17.0,NaN,99.11,119.0,NaN,98.995,69.0,NaN,98.925,152.0,150.0,98.85,1.0,NaN,98.735,1.0,NaN,98.665,4.0,NaN,98.59,3.0,NaN,98.48,NaN,NaN,98.41,98.325,NaN,NaN,NaN,NaN,NaN,NaN,NaN,NaN,NaN,NaN,NaN,NaN,NaN,NaN,NaN,NaN,NaN,NaN,NaN,NaN,NaN,NaN,NaN,NaN,NaN,NaN,NaN,NaN,NaN,NaN,NaN,NaN,NaN,NaN
2014-02-20,NaN,NaN,NaN,99.9325,46788.0,1500.0,99.925,45374.0,433.0,99.925,22816.0,1276.0,99.92,16375.0,239.0,99.92,17010.0,808.0,99.915,18685.0,773.0,99.91,15996.0,376.0,99.905,12535.0,171.0,99.9,10544.0,323.0,99.89,12514.0,506.0,99.88,15801.0,1324.0,99.87,13532.0,3187.0,99.845,12466.0,1334.0,99.825,11045.0,835.0,99.8,6862.0,1477.0,99.755,5082.0,1157.0,99.73,10275.0,1659.0,99.685,7256.0,615.0,99.62,3632.0,434.0,99.58,4064.0,250.0,99.525,1673.0,162.0,99.45,1908.0,161.0,99.4,7466.0,102.0,99.34,1214.0,1.0,99.24,201.0,15.0,99.175,17.0,NaN,99.1,119.0,NaN,98.985,69.0,5.0,98.915,162.0,150.0,98.83,5.0,5.0,98.715,1.0,NaN,98.645,4.0,NaN,98.57,3.0,NaN,98.46,NaN,NaN,98.39,98.305,NaN,NaN,NaN,NaN,NaN,NaN,NaN,NaN,NaN,NaN,NaN,NaN,NaN,NaN,NaN,NaN,NaN,NaN,NaN,NaN,NaN,NaN,NaN,NaN,NaN,NaN,NaN,NaN,NaN,NaN,NaN,NaN,NaN,NaN
2014-02-21,NaN,NaN,NaN,99.9325,46790.0,47.0,99.925,44902.0,768.0,99.925,22822.0,135.0,99.92,16369.0,23.0,99.92,17335.0,614.0,99.915,18598.0,657.0,99.91,15998.0,57.0,99.905,12544.0,65.0,99.9,10551.0,79.0,99.89,12527.0,176.0,99.88,16107.0,621.0,99.87,14038.0,792.0,99.845,12749.0,481.0,99.825,11111.0,523.0,99.8,6854.0,313.0,99.755,5384.0,1157.0,99.73,10438.0,1163.0,99.685,7291.0,209.0,99.625,3661.0,195.0,99.585,4101.0,114.0,99.53,1649.0,85.0,99.455,2025.0,401.0,99.405,7413.0,503.0,99.345,1182.0,134.0,99.245,260.0,65.0,99.18,17.0,NaN,99.105,119.0,NaN,98.99,69.0,1.0,98.92,11.0,1.0,98.84,5.0,NaN,98.73,1.0,NaN,98.66,4.0,NaN,98.59,3.0,NaN,98.48,NaN,NaN,98.41,98.325,NaN,NaN,NaN,NaN,NaN,NaN,NaN,NaN,NaN,NaN,NaN,NaN,NaN,NaN,NaN,NaN,NaN,NaN,NaN,NaN,NaN,NaN,NaN,NaN,NaN,NaN,NaN,NaN,NaN,NaN,NaN,NaN,NaN,NaN
2014-02-24,NaN,NaN,NaN,99.9325,46793.0,325.0,99.925,44900.0,21.0,99.925,22857.0,35.0,99.92,16369.0,2.0,99.92,17346.0,13.0,99.915,18598.0,106.0,99.91,15998.0,NaN,99.905,12544.0,1.0,99.9,10551.0,2.0,99.89,12514.0,17.0,99.88,15924.0,376.0,99.87,13653.0,963.0,99.845,12558.0,640.0,99.825,11127.0,69.0,99.8,6858.0,222.0,99.755,5386.0,147.0,99.73,10277.0,464.0,99.685,7381.0,248.0,99.625,3670.0,88.0,99.58,4107.0,25.0,99.525,1654.0,38.0,99.445,2023.0,28.0,99.39,7115.0,2.0,99.33,1182.0,NaN,99.23,260.0,1.0,99.165,17.0,NaN,99.09,119.0,NaN,98.975,69.0,NaN,98.905,11.0,NaN,98.825,5.0,NaN,98.715,1.0,NaN,98.645,4.0,NaN,98.575,3.0,NaN,98.465,NaN,NaN,98.395,98.31,NaN,NaN,NaN,NaN,NaN,NaN,NaN,NaN,NaN,NaN,NaN,NaN,NaN,NaN,NaN,NaN,NaN,NaN,NaN,NaN,NaN,NaN,NaN,NaN,NaN,NaN,NaN,NaN,NaN,NaN,NaN,NaN,NaN,NaN
2014-02-25,NaN,NaN,NaN,99.9325,46796.0,154.0,99.925,45649.0,1474.0,99.925,23285.0,1477.0,99.92,17118.0,1196.0,99.92,17469.0,971.0,99.915,18607.0,788.0,99.91,16265.0,447.0,99.905,12546.0,864.0,99.9,10817.0,1424.0,99.89,12658.0,342.0,99.88,16395.0,1351.0,99.87,13996.0,872.0,99.845,12695.0,454.0,99.825,11362.0,637.0,99.8,6776.0,162.0,99.755,5453.0,282.0,99.73,10397.0,295.0,99.685,7572.0,210.0,99.63,3641.0,205.0,99.585,4004.0,359.0,99.535,1673.0,111.0,99.455,2005.0,129.0,99.4,7367.0,313.0,99.34,1194.0,65.0,99.24,219.0,47.0,99.175,17.0,NaN,99.1,119.0,NaN,98.985,69.0,NaN,98.915,11.0,NaN,98.835,5.0,NaN,98.725,1.0,NaN,98.655,4.0,NaN,98.585,3.0,NaN,98.475,NaN,NaN,98.405,98.32,NaN,NaN,NaN,NaN,NaN,NaN,NaN,NaN,NaN,NaN,NaN,NaN,NaN,NaN,NaN,NaN,NaN,NaN,NaN,NaN,NaN,NaN,NaN,NaN,NaN,NaN,NaN,NaN,NaN,NaN,NaN,NaN,NaN,NaN
2014-02-26,NaN,NaN,NaN,99.9325,46821.0,36.0,99.925,45105.0,1701.0,99.925,22963.0,942.0,99.92,17134.0,25.0,99.92,17519.0,282.0,99.915,18615.0,459.0,99.91,16285.0,36.0,99.905,12516.0,197.0,99.9,11117.0,979.0,99.89,13085.0,823.0,99.88,16894.0,1206.0,99.87,14361.0,832.0,99.845,13040.0,999.0,99.825,11386.0,425.0,99.8,6824.0,537.0,99.76,5639.0,776.0,99.735,10188.0,862.0,99.695,8749.0,2228.0,99.64,3693.0,550.0,99.605,3994.0,765.0,99.56,1939.0,724.0,99.48,2106.0,268.0,99.43,7581.0,538.0,99.37,1206.0,59.0,99.27,215.0,43.0,99.205,27.0,12.0,99.13,119.0,3.0,99.015,69.0,NaN,98.95,11.0,NaN,98.87,5.0,NaN,98.76,1.0,NaN,98.69,4.0,NaN,98.62,3.0,NaN,98.52,NaN,NaN,98.45,98.365,NaN,NaN,NaN,NaN,NaN,NaN,NaN,NaN,NaN,NaN,NaN,NaN,NaN,NaN,NaN,NaN,NaN,NaN,NaN,NaN,NaN,NaN,NaN,NaN,NaN,NaN,NaN,NaN,NaN,NaN,NaN,NaN,NaN,NaN
2014-02-27,NaN,NaN,NaN,99.9325,46726.0,161.0,99.925,45033.0,688.0,99.925,22893.0,495.0,99.92,17134.0,9.0,99.92,17450.0,176.0,99.915,18682.0,194.0,99.91,16565.0,423.0,99.905,12456.0,126.0,99.9,11279.0,559.0,99.89,13293.0,382.0,99.88,17126.0,264.0,99.87,14777.0,653.0,99.845,13297.0,642.0,99.825,11467.0,495.0,99.805,7311.0,880.0,99.765,6049.0,1425.0,99.74,10348.0,738.0,99.7,8883.0,496.0,99.645,3674.0,318.0,99.61,3995.0,398.0,99.565,2009.0,558.0,99.485,2085.0,314.0,99.435,7681.0,388.0,99.375,1252.0,95.0,99.275,215.0,2.0,99.21,27.0,1.0,99.135,119.0,1.0,99.02,69.0,NaN,98.955,11.0,NaN,98.875,5.0,NaN,98.775,1.0,NaN,98.705,4.0,NaN,98.645,3.0,NaN,98.545,NaN,NaN,98.475,98.395,NaN,NaN,NaN,NaN,NaN,NaN,NaN,NaN,NaN,NaN,NaN,NaN,NaN,NaN,NaN,NaN,NaN,NaN,NaN,NaN,NaN,NaN,NaN,NaN,NaN,NaN,NaN,NaN,NaN,NaN,NaN,NaN,NaN,NaN
2014-02-28,NaN,NaN,NaN,99.9325,46687.0,115.0,99.925,45809.0,6414.0,99.925,23470.0,1267.0,99.92,17070.0,2687.0,99.92,17407.0,113.0,99.915,18736.0,248.0,99.91,16588.0,148.0,99.905,12402.0,76.0,99.9,11326.0,222.0,99.89,13622.0,516.0,99.88,17211.0,408.0,99.87,14739.0,518.0,99.845,13366.0,363.0,99.82,11817.0,596.0,99.8,7428.0,790.0,99.755,6709.0,3213.0,99.725,10670.0,1874.0,99.685,9143.0,1444.0,99.63,3609.0,586.0,99.595,3865.0,356.0,99.545,1959.0,536.0,99.465,2243.0,339.0,99.415,7633.0,123.0,99.355,1168.0,97.0,99.255,227.0,14.0,99.19,31.0,11.0,99.115,119.0,NaN,99.0,69.0,NaN,98.935,11.0,NaN,98.855,5.0,NaN,98.755,1.0,NaN,98.685,4.0,NaN,98.615,3.0,NaN,98.51,NaN,NaN,98.44,98.36,NaN,NaN,NaN,NaN,NaN,NaN,NaN,NaN,NaN,NaN,NaN,NaN,NaN,NaN,NaN,NaN,NaN,NaN,NaN,NaN,NaN,NaN,NaN,NaN,NaN,NaN,NaN,NaN,NaN,NaN,NaN,NaN,NaN,NaN
2014-03-03,NaN,NaN,NaN,NaN,NaN,NaN,99.925,45714.0,1390.0,99.925,23482.0,325.0,99.92,17073.0,88.0,99.92,17400.0,225.0,99.915,18714.0,65.0,99.91,16611.0,82.0,99.905,12421.0,76.0,99.9,11419.0,263.0,99.89,13612.0,357.0,99.88,17142.0,675.0,99.87,15203.0,784.0,99.85,13496.0,1015.0,99.83,12264.0,996.0,99.81,8091.0,1528.0,99.77,6795.0,873.0,99.745,11182.0,1806.0,99.705,9862.0,2336.0,99.65,4156.0,2214.0,99.615,4510.0,1728.0,99.565,1748.0,530.0,99.485,2256.0,199.0,99.435,7684.0,95.0,99.375,1169.0,7.0,99.275,223.0,9.0,99.21,31.0,4.0,99.145,119.0,1.0,99.035,69.0,1.0,98.97,10.0,1.0,98.89,5.0,NaN,98.79,1.0,NaN,98.72,4.0,NaN,98.65,3.0,NaN,98.545,NaN,NaN,98.475,98.395,98.295,NaN,NaN,NaN,NaN,NaN,NaN,NaN,NaN,NaN,NaN,NaN,NaN,NaN,NaN,NaN,NaN,NaN,NaN,NaN,NaN,NaN,NaN,NaN,NaN,NaN,NaN,NaN,NaN,NaN,NaN,NaN,NaN,NaN
2014-03-04,NaN,NaN,NaN,NaN,NaN,NaN,99.925,45757.0,2192.0,99.925,23901.0,1379.0,99.92,17731.0,1158.0,99.92,17255.0,289.0,99.915,18669.0,246.0,99.91,16768.0,365.0,99.905,12301.0,554.0,99.9,12218.0,1417.0,99.89,13609.0,1142.0,99.88,18076.0,1314.0,99.87,15211.0,906.0,99.845,13362.0,1891.0,99.825,12404.0,566.0,99.8,8117.0,428.0,99.76,6519.0,1151.0,99.73,11102.0,943.0,99.685,9883.0,1129.0,99.625,4308.0,940.0,99.59,4029.0,1031.0,99.54,1753.0,590.0,99.46,2267.0,208.0,99.41,7719.0,251.0,99.34,1652.0,838.0,99.24,363.0,151.0,99.175,41.0,15.0,99.105,119.0,NaN,98.99,69.0,NaN,98.925,10.0,NaN,98.845,5.0,NaN,98.74,1.0,NaN,98.67,4.0,NaN,98.595,3.0,NaN,98.49,NaN,NaN,98.42,98.335,98.225,NaN,NaN,NaN,NaN,NaN,NaN,NaN,NaN,NaN,NaN,NaN,NaN,NaN,NaN,NaN,NaN,NaN,NaN,NaN,NaN,NaN,NaN,NaN,NaN,NaN,NaN,NaN,NaN,NaN,NaN,NaN,NaN,NaN
2014-03-05,NaN,NaN,NaN,NaN,NaN,NaN,99.925,45754.0,75.0,99.925,23888.0,25.0,99.92,17911.0,736.0,99.92,17573.0,750.0,99.915,18666.0,15.0,99.91,16767.0,37.0,99.905,12301.0,54.0,99.9,12047.0,321.0,99.89,13504.0,573.0,99.88,18313.0,719.0,99.87,15595.0,888.0,99.845,13559.0,1055.0,99.825,12280.0,615.0,99.8,7489.0,907.0,99.76,6660.0,738.0,99.73,10944.0,536.0,99.685,9858.0,197.0,99.625,4346.0,424.0,99.59,4068.0,223.0,99.535,1754.0,185.0,99.455,2282.0,74.0,99.395,7716.0,163.0,99.325,1908.0,333.0,99.225,363.0,25.0,99.16,41.0,NaN,99.09,119.0,NaN,98.975,69.0,NaN,98.91,10.0,NaN,98.83,5.0,NaN,98.725,1.0,NaN,98.655,4.0,NaN,98.58,3.0,NaN,98.475,NaN,NaN,98.405,98.32,98.21,NaN,NaN,NaN,NaN,NaN,NaN,NaN,NaN,NaN,NaN,NaN,NaN,NaN,NaN,NaN,NaN,NaN,NaN,NaN,NaN,NaN,NaN,NaN,NaN,NaN,NaN,NaN,NaN,NaN,NaN,NaN,NaN,NaN
2014-03-06,NaN,NaN,NaN,NaN,NaN,NaN,99.925,47332.0,5142.0,99.925,23681.0,747.0,99.92,17948.0,55.0,99.92,17346.0,1324.0,99.915,18667.0,9.0,99.905,16667.0,243.0,99.9,12435.0,1160.0,99.895,12257.0,1919.0,99.885,13375.0,1369.0,99.875,18794.0,1016.0,99.865,15646.0,718.0,99.835,13550.0,341.0,99.815,12366.0,502.0,99.785,7738.0,1627.0,99.74,6828.0,1015.0,99.71,10903.0,685.0,99.665,10011.0,409.0,99.605,4276.0,233.0,99.57,3986.0,148.0,99.515,1746.0,46.0,99.43,2251.0,190.0,99.37,7688.0,183.0,99.3,1326.0,833.0,99.2,368.0,5.0,99.135,42.0,6.0,99.065,119.0,NaN,98.955,69.0,NaN,98.89,10.0,NaN,98.81,5.0,NaN,98.705,1.0,NaN,98.63,4.0,NaN,98.555,3.0,NaN,98.45,NaN,NaN,98.375,98.29,98.175,NaN,NaN,NaN,NaN,NaN,NaN,NaN,NaN,NaN,NaN,NaN,NaN,NaN,NaN,NaN,NaN,NaN,NaN,NaN,NaN,NaN,NaN,NaN,NaN,NaN,NaN,NaN,NaN,NaN,NaN,NaN,NaN,NaN
2014-03-07,NaN,NaN,NaN,NaN,NaN,NaN,99.925,47380.0,560.0,99.92,22737.0,3036.0,99.915,17977.0,465.0,99.915,17399.0,334.0,99.91,18673.0,331.0,99.9,16298.0,443.0,99.895,12186.0,740.0,99.885,12301.0,859.0,99.875,13350.0,774.0,99.865,18424.0,1488.0,99.85,16043.0,1625.0,99.82,13730.0,2272.0,99.795,12001.0,1813.0,99.76,8036.0,2074.0,99.71,6704.0,1303.0,99.675,10877.0,1548.0,99.625,9746.0,2391.0,99.56,4746.0,2244.0,99.52,4468.0,1960.0,99.46,1777.0,708.0,99.37,2302.0,388.0,99.31,7660.0,285.0,99.24,1364.0,593.0,99.14,428.0,78.0,99.075,159.0,128.0,99.005,117.0,121.0,98.89,67.0,28.0,98.82,10.0,5.0,98.735,10.0,5.0,98.62,1.0,NaN,98.545,4.0,NaN,98.47,3.0,NaN,98.365,NaN,NaN,98.29,98.205,98.09,NaN,NaN,NaN,NaN,NaN,NaN,NaN,NaN,NaN,NaN,NaN,NaN,NaN,NaN,NaN,NaN,NaN,NaN,NaN,NaN,NaN,NaN,NaN,NaN,NaN,NaN,NaN,NaN,NaN,NaN,NaN,NaN,NaN
2014-03-10,NaN,NaN,NaN,NaN,NaN,NaN,99.925,47772.0,1148.0,99.92,21177.0,3399.0,99.915,18069.0,448.0,99.915,16860.0,637.0,99.91,18849.0,489.0,99.9,16297.0,66.0,99.895,12036.0,596.0,99.885,12297.0,131.0,99.875,13501.0,496.0,99.865,18478.0,229.0,99.85,15990.0,156.0,99.82,14459.0,1007.0,99.795,11969.0,214.0,99.76,8135.0,279.0,99.71,6696.0,517.0,99.675,10655.0,1190.0,99.625,9812.0,1341.0,99.56,4430.0,1461.0,99.52,4468.0,1013.0,99.46,1817.0,174.0,99.375,2502.0,382.0,99.315,7624.0,120.0,99.245,1369.0,45.0,99.145,454.0,30.0,99.08,161.0,3.0,99.01,117.0,NaN,98.895,67.0,NaN,98.825,10.0,NaN,98.74,10.0,NaN,98.625,1.0,NaN,98.55,4.0,NaN,98.475,3.0,NaN,98.375,NaN,NaN,98.3,98.215,98.1,NaN,NaN,NaN,NaN,NaN,NaN,NaN,NaN,NaN,NaN,NaN,NaN,NaN,NaN,NaN,NaN,NaN,NaN,NaN,NaN,NaN,NaN,NaN,NaN,NaN,NaN,NaN,NaN,NaN,NaN,NaN,NaN,NaN
2014-03-11,NaN,NaN,NaN,NaN,NaN,NaN,99.925,47883.0,250.0,99.92,20871.0,817.0,99.915,17779.0,845.0,99.915,17183.0,529.0,99.91,19742.0,1356.0,99.9,16487.0,737.0,99.895,11549.0,542.0,99.885,12535.0,1774.0,99.875,13032.0,1267.0,99.865,18847.0,996.0,99.85,16151.0,1137.0,99.82,14836.0,766.0,99.795,12033.0,337.0,99.76,8483.0,1745.0,99.71,6833.0,266.0,99.675,11006.0,718.0,99.625,9863.0,474.0,99.56,4435.0,366.0,99.52,4368.0,343.0,99.46,1834.0,178.0,99.375,2505.0,165.0,99.32,7626.0,134.0,99.25,1380.0,76.0,99.15,468.0,31.0,99.085,161.0,NaN,99.015,117.0,NaN,98.9,67.0,NaN,98.83,10.0,NaN,98.745,10.0,NaN,98.635,1.0,NaN,98.565,4.0,NaN,98.49,3.0,NaN,98.395,NaN,NaN,98.32,98.24,98.125,NaN,NaN,NaN,NaN,NaN,NaN,NaN,NaN,NaN,NaN,NaN,NaN,NaN,NaN,NaN,NaN,NaN,NaN,NaN,NaN,NaN,NaN,NaN,NaN,NaN,NaN,NaN,NaN,NaN,NaN,NaN,NaN,NaN
2014-03-12,NaN,NaN,NaN,NaN,NaN,NaN,99.9225,48832.0,4570.0,99.92,20911.0,271.0,99.915,17986.0,630.0,99.915,17293.0,1202.0,99.91,19721.0,1136.0,99.9,16500.0,139.0,99.895,11342.0,1034.0,99.885,12828.0,895.0,99.875,12989.0,1133.0,99.865,18622.0,521.0,99.85,16050.0,297.0,99.82,14716.0,804.0,99.795,12025.0,572.0,99.76,8539.0,926.0,99.71,6869.0,750.0,99.68,11310.0,625.0,99.63,10048.0,660.0,99.565,4452.0,694.0,99.525,4056.0,766.0,99.465,1800.0,197.0,99.38,1897.0,687.0,99.325,7606.0,112.0,99.255,1385.0,97.0,99.155,528.0,65.0,99.09,168.0,7.0,99.02,117.0,NaN,98.905,75.0,8.0,98.835,5.0,5.0,98.755,10.0,5.0,98.645,6.0,5.0,98.585,4.0,NaN,98.51,3.0,NaN,98.415,NaN,NaN,98.34,98.265,98.15,NaN,NaN,NaN,NaN,NaN,NaN,NaN,NaN,NaN,NaN,NaN,NaN,NaN,NaN,NaN,NaN,NaN,NaN,NaN,NaN,NaN,NaN,NaN,NaN,NaN,NaN,NaN,NaN,NaN,NaN,NaN,NaN,NaN
2014-03-13,NaN,NaN,NaN,NaN,NaN,NaN,99.9225,48742.0,1702.0,99.92,21381.0,2217.0,99.915,18058.0,2508.0,99.915,19113.0,2354.0,99.91,19778.0,443.0,99.9,16514.0,741.0,99.895,11519.0,754.0,99.885,12964.0,898.0,99.875,12988.0,467.0,99.865,19647.0,1603.0,99.855,16622.0,1573.0,99.83,15255.0,1984.0,99.81,11901.0,748.0,99.78,8870.0,1169.0,99.735,6706.0,1432.0,99.705,11618.0,1712.0,99.66,9973.0,759.0,99.595,4689.0,818.0,99.555,3909.0,502.0,99.505,1679.0,466.0,99.43,1894.0,589.0,99.38,7539.0,498.0,99.315,1396.0,57.0,99.215,546.0,26.0,99.15,174.0,6.0,99.08,117.0,NaN,98.975,76.0,1.0,98.905,5.0,NaN,98.83,10.0,NaN,98.725,6.0,NaN,98.665,4.0,NaN,98.59,3.0,NaN,98.495,NaN,NaN,98.425,98.35,98.24,NaN,NaN,NaN,NaN,NaN,NaN,NaN,NaN,NaN,NaN,NaN,NaN,NaN,NaN,NaN,NaN,NaN,NaN,NaN,NaN,NaN,NaN,NaN,NaN,NaN,NaN,NaN,NaN,NaN,NaN,NaN,NaN,NaN
2014-03-14,NaN,NaN,NaN,NaN,NaN,NaN,99.9225,49977.0,1663.0,99.92,22462.0,1875.0,99.915,18349.0,1855.0,99.915,19359.0,816.0,99.91,19812.0,83.0,99.9,16514.0,68.0,99.895,11616.0,192.0,99.885,12946.0,223.0,99.875,12945.0,284.0,99.87,19874.0,813.0,99.86,16891.0,568.0,99.835,15323.0,746.0,99.815,11894.0,868.0,99.79,9262.0,2100.0,99.745,7111.0,2139.0,99.715,12190.0,1497.0,99.67,10047.0,1729.0,99.605,4977.0,1492.0,99.565,3810.0,373.0,99.515,1617.0,360.0,99.44,1744.0,362.0,99.39,7465.0,260.0,99.325,1409.0,64.0,99.225,585.0,59.0,99.17,175.0,1.0,99.1,117.0,NaN,98.995,76.0,NaN,98.925,5.0,NaN,98.85,10.0,NaN,98.745,6.0,NaN,98.685,4.0,NaN,98.61,2.0,1.0,98.51,NaN,NaN,98.44,98.36,98.25,NaN,NaN,NaN,NaN,NaN,NaN,NaN,NaN,NaN,NaN,NaN,NaN,NaN,NaN,NaN,NaN,NaN,NaN,NaN,NaN,NaN,NaN,NaN,NaN,NaN,NaN,NaN,NaN,NaN,NaN,NaN,NaN,NaN
2014-03-17,NaN,NaN,NaN,NaN,NaN,NaN,99.9225,50565.0,883.0,99.92,22823.0,790.0,99.915,19345.0,2095.0,99.915,21289.0,3246.0,99.91,19965.0,376.0,99.9,16499.0,244.0,99.89,11920.0,529.0,99.885,12844.0,1223.0,99.875,12982.0,333.0,99.865,20508.0,1165.0,99.855,17121.0,798.0,99.825,15601.0,876.0,99.805,12225.0,1230.0,99.78,9357.0,654.0,99.735,7043.0,521.0,99.705,12249.0,465.0,99.655,10067.0,484.0,99.59,4757.0,560.0,99.55,3808.0,84.0,99.5,1627.0,188.0,99.415,1737.0,45.0,99.365,7543.0,161.0,99.3,1396.0,35.0,99.2,611.0,38.0,99.135,175.0,NaN,99.06,117.0,NaN,98.95,76.0,NaN,98.875,5.0,NaN,98.8,10.0,NaN,98.69,6.0,NaN,98.625,4.0,NaN,98.545,2.0,NaN,98.445,NaN,NaN,98.375,98.295,98.185,NaN,NaN,NaN,NaN,NaN,NaN,NaN,NaN,NaN,NaN,NaN,NaN,NaN,NaN,NaN,NaN,NaN,NaN,NaN,NaN,NaN,NaN,NaN,NaN,NaN,NaN,NaN,NaN,NaN,NaN,NaN,NaN,NaN
2014-03-18,NaN,NaN,NaN,NaN,NaN,NaN,99.9225,50109.0,1256.0,99.92,24597.0,5400.0,99.915,19386.0,315.0,99.91,21924.0,905.0,99.91,20011.0,959.0,99.9,16499.0,18.0,99.89,12049.0,363.0,99.885,12862.0,760.0,99.875,13471.0,1270.0,99.865,21221.0,939.0,99.855,17880.0,1368.0,99.83,15068.0,974.0,99.81,12469.0,726.0,99.785,9516.0,378.0,99.74,7154.0,557.0,99.715,12256.0,486.0,99.665,10031.0,660.0,99.6,4814.0,546.0,99.565,3878.0,173.0,99.515,1632.0,204.0,99.43,1064.0,849.0,99.38,7595.0,85.0,99.315,1405.0,22.0,99.215,613.0,11.0,99.15,175.0,NaN,99.075,117.0,NaN,98.965,76.0,NaN,98.89,5.0,NaN,98.815,10.0,NaN,98.705,6.0,NaN,98.64,4.0,NaN,98.56,2.0,NaN,98.46,NaN,NaN,98.39,98.31,98.2,NaN,NaN,NaN,NaN,NaN,NaN,NaN,NaN,NaN,NaN,NaN,NaN,NaN,NaN,NaN,NaN,NaN,NaN,NaN,NaN,NaN,NaN,NaN,NaN,NaN,NaN,NaN,NaN,NaN,NaN,NaN,NaN,NaN
2014-03-19,NaN,NaN,NaN,NaN,NaN,NaN,99.9225,50415.0,2919.0,99.92,24308.0,1468.0,99.915,20126.0,2685.0,99.91,23098.0,2893.0,99.905,20159.0,3028.0,99.895,16584.0,1666.0,99.885,12874.0,2288.0,99.88,12873.0,1476.0,99.865,13516.0,1645.0,99.85,21178.0,3607.0,99.84,18538.0,4527.0,99.81,15108.0,3959.0,99.785,12841.0,3388.0,99.75,9532.0,2284.0,99.69,7313.0,1850.0,99.655,12624.0,3444.0,99.6,10199.0,3635.0,99.525,5107.0,2340.0,99.475,4009.0,1177.0,99.405,1845.0,961.0,99.3,991.0,1418.0,99.245,7337.0,1763.0,99.16,1527.0,411.0,99.04,808.0,343.0,98.975,199.0,40.0,98.895,126.0,19.0,98.775,84.0,18.0,98.695,5.0,NaN,98.615,10.0,NaN,98.5,6.0,NaN,98.425,4.0,NaN,98.345,3.0,1.0,98.245,NaN,NaN,98.175,98.09,97.98,NaN,NaN,NaN,NaN,NaN,NaN,NaN,NaN,NaN,NaN,NaN,NaN,NaN,NaN,NaN,NaN,NaN,NaN,NaN,NaN,NaN,NaN,NaN,NaN,NaN,NaN,NaN,NaN,NaN,NaN,NaN,NaN,NaN
2014-03-20,NaN,NaN,NaN,NaN,NaN,NaN,99.9225,50414.0,2.0,99.915,23975.0,1094.0,99.91,20299.0,1654.0,99.905,23225.0,1845.0,99.9,20602.0,1811.0,99.89,16544.0,99.0,99.88,14068.0,1883.0,99.875,13039.0,1121.0,99.86,13756.0,1500.0,99.845,21578.0,2260.0,99.835,18310.0,1145.0,99.805,14632.0,2703.0,99.775,13111.0,2488.0,99.74,9227.0,2667.0,99.675,7582.0,2274.0,99.63,15367.0,4858.0,99.565,12389.0,4736.0,99.485,5385.0,1364.0,99.435,4329.0,723.0,99.365,1881.0,584.0,99.26,1032.0,508.0,99.205,7108.0,399.0,99.12,1636.0,212.0,99.0,1056.0,440.0,98.935,199.0,67.0,98.855,127.0,8.0,98.735,134.0,57.0,98.655,5.0,NaN,98.575,9.0,1.0,98.46,5.0,1.0,98.385,4.0,NaN,98.305,3.0,NaN,98.205,NaN,NaN,98.135,98.05,97.94,NaN,NaN,NaN,NaN,NaN,NaN,NaN,NaN,NaN,NaN,NaN,NaN,NaN,NaN,NaN,NaN,NaN,NaN,NaN,NaN,NaN,NaN,NaN,NaN,NaN,NaN,NaN,NaN,NaN,NaN,NaN,NaN,NaN
2014-03-21,NaN,NaN,NaN,NaN,NaN,NaN,99.9225,50897.0,869.0,99.915,24165.0,1887.0,99.91,19804.0,749.0,99.905,23345.0,1275.0,99.9,21860.0,1598.0,99.89,16490.0,110.0,99.88,14108.0,71.0,99.875,13201.0,324.0,99.86,13746.0,304.0,99.845,21467.0,519.0,99.835,18426.0,399.0,99.8,14812.0,321.0,99.77,13269.0,1046.0,99.735,9355.0,882.0,99.67,7735.0,639.0,99.63,15596.0,655.0,99.56,12596.0,536.0,99.48,5204.0,510.0,99.43,4546.0,692.0,99.36,1977.0,553.0,99.255,840.0,506.0,99.195,6920.0,348.0,99.11,1728.0,233.0,98.995,1149.0,117.0,98.93,254.0,55.0,98.845,157.0,50.0,98.725,164.0,48.0,98.645,5.0,NaN,98.555,9.0,NaN,98.44,4.0,1.0,98.365,5.0,1.0,98.285,4.0,1.0,98.185,NaN,NaN,98.115,98.03,97.92,NaN,NaN,NaN,NaN,NaN,NaN,NaN,NaN,NaN,NaN,NaN,NaN,NaN,NaN,NaN,NaN,NaN,NaN,NaN,NaN,NaN,NaN,NaN,NaN,NaN,NaN,NaN,NaN,NaN,NaN,NaN,NaN,NaN
2014-03-24,NaN,NaN,NaN,NaN,NaN,NaN,99.9225,50773.0,982.0,99.915,24082.0,1286.0,99.91,19820.0,1996.0,99.905,24075.0,1126.0,99.9,21981.0,154.0,99.89,16490.0,80.0,99.88,14103.0,169.0,99.875,13268.0,531.0,99.86,13751.0,1537.0,99.85,22131.0,1172.0,99.835,18879.0,2961.0,99.8,14135.0,2216.0,99.765,13699.0,2027.0,99.725,9266.0,2009.0,99.66,7995.0,1695.0,99.615,15420.0,1023.0,99.545,11707.0,2432.0,99.455,5597.0,2029.0,99.405,4518.0,401.0,99.335,2006.0,313.0,99.23,861.0,431.0,99.165,6610.0,495.0,99.08,1734.0,95.0,98.96,946.0,302.0,98.895,290.0,62.0,98.81,180.0,54.0,98.68,200.0,86.0,98.6,5.0,NaN,98.51,9.0,NaN,98.39,4.0,NaN,98.315,5.0,NaN,98.235,4.0,NaN,98.135,NaN,NaN,98.065,97.98,97.87,NaN,NaN,NaN,NaN,NaN,NaN,NaN,NaN,NaN,NaN,NaN,NaN,NaN,NaN,NaN,NaN,NaN,NaN,NaN,NaN,NaN,NaN,NaN,NaN,NaN,NaN,NaN,NaN,NaN,NaN,NaN,NaN,NaN
2014-03-25,NaN,NaN,NaN,NaN,NaN,NaN,99.9225,51107.0,1076.0,99.915,24472.0,1313.0,99.91,19927.0,1450.0,99.905,24106.0,2920.0,99.9,21071.0,1122.0,99.89,16489.0,277.0,99.885,14255.0,297.0,99.88,13084.0,488.0,99.865,13879.0,257.0,99.855,22392.0,768.0,99.84,19044.0,2453.0,99.805,13508.0,3171.0,99.775,13811.0,1605.0,99.735,9361.0,1575.0,99.67,8244.0,1017.0,99.625,15493.0,639.0,99.555,11974.0,1211.0,99.465,5687.0,540.0,99.415,4553.0,192.0,99.345,2203.0,399.0,99.24,799.0,311.0,99.175,6609.0,11.0,99.09,1920.0,227.0,98.975,1126.0,352.0,98.905,297.0,76.0,98.82,144.0,76.0,98.69,160.0,46.0,98.61,5.0,NaN,98.52,9.0,NaN,98.4,4.0,NaN,98.325,5.0,NaN,98.25,4.0,NaN,98.15,NaN,NaN,98.08,97.995,97.885,NaN,NaN,NaN,NaN,NaN,NaN,NaN,NaN,NaN,NaN,NaN,NaN,NaN,NaN,NaN,NaN,NaN,NaN,NaN,NaN,NaN,NaN,NaN,NaN,NaN,NaN,NaN,NaN,NaN,NaN,NaN,NaN,NaN
2014-03-26,NaN,NaN,NaN,NaN,NaN,NaN,99.92,50258.0,5011.0,99.915,24821.0,2453.0,99.91,19924.0,538.0,99.905,24540.0,459.0,99.9,21561.0,630.0,99.895,16403.0,1908.0,99.885,13814.0,2289.0,99.88,13407.0,457.0,99.87,13883.0,815.0,99.86,22206.0,1019.0,99.845,18821.0,648.0,99.815,13374.0,1613.0,99.785,14412.0,1297.0,99.745,9461.0,534.0,99.68,8406.0,762.0,99.64,15661.0,1752.0,99.575,12050.0,1624.0,99.485,5553.0,1001.0,99.435,4472.0,908.0,99.365,2156.0,871.0,99.26,905.0,256.0,99.2,6650.0,196.0,99.115,1956.0,131.0,99.0,1144.0,494.0,98.93,379.0,202.0,98.85,160.0,22.0,98.725,166.0,13.0,98.65,5.0,NaN,98.56,9.0,NaN,98.44,4.0,NaN,98.37,5.0,NaN,98.295,4.0,NaN,98.195,NaN,NaN,98.125,98.04,97.93,NaN,NaN,NaN,NaN,NaN,NaN,NaN,NaN,NaN,NaN,NaN,NaN,NaN,NaN,NaN,NaN,NaN,NaN,NaN,NaN,NaN,NaN,NaN,NaN,NaN,NaN,NaN,NaN,NaN,NaN,NaN,NaN,NaN
2014-03-27,NaN,NaN,NaN,NaN,NaN,NaN,99.92,50267.0,675.0,99.915,25108.0,1178.0,99.91,20345.0,1031.0,99.905,24538.0,30.0,99.9,21566.0,398.0,99.895,16530.0,159.0,99.885,13890.0,973.0,99.88,13526.0,550.0,99.87,12825.0,2309.0,99.86,21463.0,1897.0,99.845,19078.0,926.0,99.815,13434.0,313.0,99.785,14443.0,358.0,99.745,9554.0,1110.0,99.68,8740.0,1080.0,99.635,15614.0,694.0,99.57,12115.0,1286.0,99.48,6405.0,1688.0,99.43,4443.0,210.0,99.36,2210.0,172.0,99.255,996.0,262.0,99.195,6690.0,222.0,99.11,1988.0,141.0,98.99,1190.0,221.0,98.92,407.0,141.0,98.84,161.0,28.0,98.715,161.0,40.0,98.64,5.0,NaN,98.55,9.0,NaN,98.43,4.0,NaN,98.36,5.0,NaN,98.285,4.0,NaN,98.185,85.0,85.0,98.11,98.025,97.915,NaN,NaN,NaN,NaN,NaN,NaN,NaN,NaN,NaN,NaN,NaN,NaN,NaN,NaN,NaN,NaN,NaN,NaN,NaN,NaN,NaN,NaN,NaN,NaN,NaN,NaN,NaN,NaN,NaN,NaN,NaN,NaN,NaN
2014-03-28,NaN,NaN,NaN,NaN,NaN,NaN,99.92,50267.0,NaN,99.915,25067.0,59.0,99.91,20341.0,19.0,99.91,25475.0,2726.0,99.905,21924.0,795.0,99.895,16727.0,429.0,99.89,13872.0,137.0,99.88,13504.0,248.0,99.87,12940.0,400.0,99.86,21989.0,1112.0,99.85,18962.0,711.0,99.815,13341.0,957.0,99.785,14563.0,574.0,99.745,9361.0,1212.0,99.68,8938.0,766.0,99.635,15287.0,639.0,99.565,11916.0,932.0,99.47,6637.0,512.0,99.415,4450.0,91.0,99.34,2252.0,140.0,99.23,1033.0,204.0,99.165,6710.0,94.0,99.08,2010.0,27.0,98.96,1226.0,50.0,98.89,449.0,42.0,98.805,171.0,23.0,98.68,158.0,12.0,98.605,5.0,NaN,98.515,9.0,NaN,98.395,4.0,NaN,98.325,5.0,NaN,98.25,4.0,NaN,98.15,85.0,NaN,98.075,97.99,97.88,NaN,NaN,NaN,NaN,NaN,NaN,NaN,NaN,NaN,NaN,NaN,NaN,NaN,NaN,NaN,NaN,NaN,NaN,NaN,NaN,NaN,NaN,NaN,NaN,NaN,NaN,NaN,NaN,NaN,NaN,NaN,NaN,NaN
2014-03-31,NaN,NaN,NaN,NaN,NaN,NaN,99.92,50221.0,92.0,99.92,25849.0,2392.0,99.915,20078.0,1160.0,99.91,25548.0,1816.0,99.91,21886.0,316.0,99.9,16661.0,417.0,99.895,13776.0,695.0,99.885,13434.0,686.0,99.875,12286.0,1668.0,99.865,22124.0,744.0,99.855,18967.0,1663.0,99.82,13358.0,2115.0,99.79,14983.0,1069.0,99.755,9580.0,1040.0,99.69,9034.0,1600.0,99.645,15136.0,1140.0,99.58,11915.0,654.0,99.485,6783.0,663.0,99.43,4447.0,219.0,99.36,2212.0,153.0,99.255,1040.0,131.0,99.195,6706.0,74.0,99.11,2053.0,118.0,98.99,1246.0,149.0,98.92,473.0,26.0,98.835,177.0,6.0,98.71,158.0,12.0,98.635,5.0,NaN,98.545,9.0,NaN,98.425,4.0,NaN,98.355,5.0,NaN,98.28,4.0,NaN,98.165,85.0,NaN,98.085,98.0,97.89,NaN,NaN,NaN,NaN,NaN,NaN,NaN,NaN,NaN,NaN,NaN,NaN,NaN,NaN,NaN,NaN,NaN,NaN,NaN,NaN,NaN,NaN,NaN,NaN,NaN,NaN,NaN,NaN,NaN,NaN,NaN,NaN,NaN
2014-04-01,NaN,NaN,NaN,NaN,NaN,NaN,NaN,NaN,NaN,99.92,26045.0,576.0,99.915,19864.0,704.0,99.915,26251.0,1447.0,99.91,21867.0,47.0,99.9,16664.0,46.0,99.895,13775.0,86.0,99.885,13441.0,50.0,99.875,12213.0,108.0,99.865,22100.0,207.0,99.855,18892.0,523.0,99.82,13242.0,778.0,99.79,15374.0,700.0,99.755,9755.0,1430.0,99.69,9013.0,425.0,99.645,15223.0,327.0,99.58,12023.0,1038.0,99.485,7075.0,1189.0,99.43,4781.0,1001.0,99.36,2192.0,466.0,99.255,1084.0,605.0,99.195,6769.0,150.0,99.11,2089.0,68.0,98.99,1336.0,250.0,98.92,488.0,19.0,98.835,171.0,6.0,98.71,160.0,14.0,98.635,5.0,NaN,98.545,9.0,NaN,98.425,4.0,NaN,98.35,5.0,NaN,98.27,4.0,NaN,98.155,85.0,NaN,98.075,97.99,97.88,97.805,NaN,NaN,NaN,NaN,NaN,NaN,NaN,NaN,NaN,NaN,NaN,NaN,NaN,NaN,NaN,NaN,NaN,NaN,NaN,NaN,NaN,NaN,NaN,NaN,NaN,NaN,NaN,NaN,NaN,NaN,NaN,NaN
2014-04-02,NaN,NaN,NaN,NaN,NaN,NaN,NaN,NaN,NaN,99.92,25622.0,2007.0,99.915,19539.0,632.0,99.915,26073.0,815.0,99.91,21978.0,479.0,99.9,16963.0,403.0,99.895,13909.0,429.0,99.885,13435.0,49.0,99.875,12347.0,187.0,99.865,22144.0,264.0,99.855,18642.0,659.0,99.82,12738.0,1155.0,99.79,15685.0,1339.0,99.755,9653.0,1356.0,99.69,9297.0,2067.0,99.64,15151.0,535.0,99.565,11909.0,1298.0,99.465,7481.0,940.0,99.41,4702.0,428.0,99.335,2141.0,138.0,99.22,1107.0,91.0,99.155,6760.0,55.0,99.07,2123.0,195.0,98.945,1352.0,124.0,98.875,493.0,19.0,98.785,174.0,50.0,98.66,148.0,24.0,98.585,5.0,NaN,98.475,9.0,NaN,98.355,3.0,1.0,98.28,6.0,1.0,98.2,4.0,NaN,98.085,85.0,NaN,98.005,97.92,97.81,97.735,NaN,NaN,NaN,NaN,NaN,NaN,NaN,NaN,NaN,NaN,NaN,NaN,NaN,NaN,NaN,NaN,NaN,NaN,NaN,NaN,NaN,NaN,NaN,NaN,NaN,NaN,NaN,NaN,NaN,NaN,NaN,NaN
2014-04-03,NaN,NaN,NaN,NaN,NaN,NaN,NaN,NaN,NaN,99.92,25918.0,671.0,99.915,19735.0,696.0,99.915,26074.0,2.0,99.91,22503.0,1182.0,99.9,17223.0,553.0,99.895,14019.0,2226.0,99.885,13769.0,613.0,99.875,13324.0,1770.0,99.86,23054.0,1243.0,99.85,18581.0,334.0,99.815,13147.0,1241.0,99.785,18122.0,2989.0,99.75,9217.0,1713.0,99.685,9272.0,956.0,99.635,15158.0,225.0,99.565,11968.0,333.0,99.465,7424.0,226.0,99.41,4666.0,86.0,99.335,2120.0,61.0,99.22,1125.0,78.0,99.155,6785.0,46.0,99.07,2144.0,59.0,98.945,1424.0,106.0,98.875,528.0,72.0,98.785,154.0,112.0,98.66,157.0,9.0,98.585,6.0,1.0,98.475,9.0,NaN,98.355,3.0,NaN,98.28,6.0,NaN,98.2,4.0,NaN,98.085,85.0,NaN,98.005,97.92,97.815,97.75,NaN,NaN,NaN,NaN,NaN,NaN,NaN,NaN,NaN,NaN,NaN,NaN,NaN,NaN,NaN,NaN,NaN,NaN,NaN,NaN,NaN,NaN,NaN,NaN,NaN,NaN,NaN,NaN,NaN,NaN,NaN,NaN
2014-04-04,NaN,NaN,NaN,NaN,NaN,NaN,NaN,NaN,NaN,99.92,25917.0,1697.0,99.915,19601.0,253.0,99.915,25983.0,227.0,99.91,22508.0,514.0,99.9,17210.0,286.0,99.895,14422.0,1510.0,99.885,14033.0,1521.0,99.875,13649.0,1436.0,99.865,24272.0,3014.0,99.855,18762.0,2229.0,99.83,13207.0,2157.0,99.805,18645.0,3029.0,99.775,9241.0,2437.0,99.715,9182.0,2618.0,99.675,15599.0,3959.0,99.61,11655.0,3875.0,99.52,7684.0,2364.0,99.465,4717.0,530.0,99.39,2124.0,247.0,99.285,1116.0,247.0,99.225,6690.0,218.0,99.14,2166.0,147.0,99.02,1448.0,127.0,98.95,551.0,27.0,98.86,154.0,7.0,98.735,155.0,5.0,98.66,6.0,NaN,98.55,9.0,NaN,98.435,3.0,NaN,98.36,6.0,NaN,98.28,4.0,NaN,98.175,85.0,NaN,98.1,98.015,97.91,97.845,NaN,NaN,NaN,NaN,NaN,NaN,NaN,NaN,NaN,NaN,NaN,NaN,NaN,NaN,NaN,NaN,NaN,NaN,NaN,NaN,NaN,NaN,NaN,NaN,NaN,NaN,NaN,NaN,NaN,NaN,NaN,NaN
2014-04-07,NaN,NaN,NaN,NaN,NaN,NaN,NaN,NaN,NaN,99.92,26117.0,216.0,99.915,19591.0,10.0,99.915,25983.0,NaN,99.91,22512.0,25.0,99.905,17178.0,182.0,99.895,14988.0,987.0,99.89,14448.0,829.0,99.88,13547.0,628.0,99.87,25360.0,2671.0,99.86,19127.0,3118.0,99.835,14143.0,3912.0,99.815,19340.0,2072.0,99.785,9201.0,640.0,99.73,9260.0,574.0,99.695,15736.0,785.0,99.635,11690.0,1129.0,99.545,7860.0,884.0,99.5,4971.0,654.0,99.43,2133.0,543.0,99.325,885.0,888.0,99.265,7150.0,999.0,99.18,2554.0,913.0,99.065,1682.0,437.0,98.995,602.0,57.0,98.905,153.0,14.0,98.78,158.0,11.0,98.705,6.0,NaN,98.595,9.0,NaN,98.485,3.0,NaN,98.41,6.0,NaN,98.33,4.0,NaN,98.225,86.0,1.0,98.15,98.065,97.96,97.895,NaN,NaN,NaN,NaN,NaN,NaN,NaN,NaN,NaN,NaN,NaN,NaN,NaN,NaN,NaN,NaN,NaN,NaN,NaN,NaN,NaN,NaN,NaN,NaN,NaN,NaN,NaN,NaN,NaN,NaN,NaN,NaN
2014-04-08,NaN,NaN,NaN,NaN,NaN,NaN,NaN,NaN,NaN,99.92,26015.0,1002.0,99.915,20263.0,1169.0,99.915,25741.0,1770.0,99.91,22554.0,306.0,99.905,17254.0,1036.0,99.895,15132.0,1194.0,99.89,14699.0,601.0,99.88,13983.0,783.0,99.87,25365.0,187.0,99.86,19518.0,1627.0,99.835,13860.0,411.0,99.815,19269.0,1337.0,99.785,10938.0,2541.0,99.73,9380.0,1407.0,99.695,15958.0,1154.0,99.635,12338.0,2056.0,99.545,7969.0,810.0,99.5,4867.0,227.0,99.43,2208.0,417.0,99.325,942.0,339.0,99.26,7362.0,422.0,99.175,2535.0,153.0,99.06,1676.0,100.0,98.99,617.0,28.0,98.9,153.0,1.0,98.775,158.0,NaN,98.7,6.0,NaN,98.59,9.0,NaN,98.48,3.0,NaN,98.405,6.0,NaN,98.325,4.0,NaN,98.22,86.0,NaN,98.145,98.06,97.955,97.89,NaN,NaN,NaN,NaN,NaN,NaN,NaN,NaN,NaN,NaN,NaN,NaN,NaN,NaN,NaN,NaN,NaN,NaN,NaN,NaN,NaN,NaN,NaN,NaN,NaN,NaN,NaN,NaN,NaN,NaN,NaN,NaN
2014-04-09,NaN,NaN,NaN,NaN,NaN,NaN,NaN,NaN,NaN,99.92,26055.0,756.0,99.915,20272.0,430.0,99.915,25872.0,481.0,99.91,22606.0,258.0,99.905,17181.0,1079.0,99.895,15992.0,1977.0,99.89,14676.0,2651.0,99.885,14664.0,4183.0,99.875,25287.0,4126.0,99.865,19692.0,3361.0,99.84,14604.0,3231.0,99.825,19170.0,2606.0,99.8,10605.0,2667.0,99.75,9310.0,1271.0,99.72,14515.0,3268.0,99.665,12107.0,1946.0,99.58,7950.0,1161.0,99.535,4773.0,963.0,99.465,2035.0,993.0,99.365,938.0,747.0,99.3,8194.0,1395.0,99.215,2671.0,456.0,99.11,1721.0,322.0,99.04,555.0,226.0,98.955,153.0,10.0,98.83,180.0,22.0,98.755,6.0,NaN,98.655,9.0,2.0,98.545,3.0,NaN,98.47,6.0,NaN,98.39,4.0,NaN,98.285,100.0,14.0,98.21,98.125,98.02,97.955,NaN,NaN,NaN,NaN,NaN,NaN,NaN,NaN,NaN,NaN,NaN,NaN,NaN,NaN,NaN,NaN,NaN,NaN,NaN,NaN,NaN,NaN,NaN,NaN,NaN,NaN,NaN,NaN,NaN,NaN,NaN,NaN
2014-04-10,NaN,NaN,NaN,NaN,NaN,NaN,NaN,NaN,NaN,99.92,26156.0,821.0,99.915,20259.0,23.0,99.915,25807.0,109.0,99.91,22796.0,391.0,99.905,17164.0,132.0,99.9,17024.0,1166.0,99.895,14688.0,444.0,99.89,14863.0,1422.0,99.88,25134.0,2123.0,99.87,19670.0,2002.0,99.85,14522.0,5168.0,99.835,17360.0,3056.0,99.81,10405.0,2868.0,99.76,9489.0,2911.0,99.735,14407.0,2595.0,99.685,12572.0,2716.0,99.605,8671.0,1969.0,99.565,4913.0,657.0,99.5,2219.0,905.0,99.405,1078.0,1445.0,99.345,8755.0,1540.0,99.265,2718.0,473.0,99.165,1734.0,392.0,99.095,534.0,83.0,99.015,152.0,4.0,98.9,180.0,24.0,98.825,16.0,10.0,98.735,9.0,10.0,98.625,13.0,15.0,98.55,69.0,80.0,98.485,75.0,76.0,98.38,400.0,313.0,98.305,98.225,98.12,98.06,NaN,NaN,NaN,NaN,NaN,NaN,NaN,NaN,NaN,NaN,NaN,NaN,NaN,NaN,NaN,NaN,NaN,NaN,NaN,NaN,NaN,NaN,NaN,NaN,NaN,NaN,NaN,NaN,NaN,NaN,NaN,NaN
2014-04-11,NaN,NaN,NaN,NaN,NaN,NaN,NaN,NaN,NaN,99.92,26133.0,145.0,99.915,20258.0,5.0,99.915,25807.0,NaN,99.91,22832.0,90.0,99.905,17177.0,70.0,99.9,17083.0,352.0,99.895,14657.0,289.0,99.89,15063.0,604.0,99.88,25279.0,454.0,99.87,19565.0,302.0,99.85,14655.0,437.0,99.835,17670.0,1431.0,99.81,11670.0,2403.0,99.76,9880.0,1183.0,99.735,14271.0,985.0,99.68,12697.0,798.0,99.6,8748.0,468.0,99.56,4871.0,72.0,99.495,2244.0,159.0,99.4,1084.0,114.0,99.34,8746.0,136.0,99.26,2685.0,126.0,99.16,1767.0,115.0,99.09,535.0,3.0,99.01,151.0,7.0,98.895,185.0,20.0,98.825,28.0,12.0,98.735,9.0,NaN,98.625,19.0,6.0,98.55,69.0,4.0,98.485,75.0,NaN,98.38,400.0,NaN,98.305,98.225,98.12,98.06,NaN,NaN,NaN,NaN,NaN,NaN,NaN,NaN,NaN,NaN,NaN,NaN,NaN,NaN,NaN,NaN,NaN,NaN,NaN,NaN,NaN,NaN,NaN,NaN,NaN,NaN,NaN,NaN,NaN,NaN,NaN,NaN
2014-04-14,NaN,NaN,NaN,NaN,NaN,NaN,NaN,NaN,NaN,99.92,26681.0,2371.0,99.915,20261.0,20.0,99.915,26100.0,543.0,99.91,22837.0,5.0,99.905,17159.0,53.0,99.9,17357.0,371.0,99.895,14665.0,448.0,99.89,15169.0,234.0,99.88,25427.0,450.0,99.87,19563.0,323.0,99.85,15410.0,1282.0,99.83,17803.0,246.0,99.81,12067.0,1577.0,99.755,9832.0,267.0,99.72,14189.0,753.0,99.665,12684.0,721.0,99.585,8743.0,167.0,99.54,4852.0,137.0,99.475,2246.0,16.0,99.38,1106.0,35.0,99.315,8811.0,99.0,99.235,2685.0,43.0,99.135,1794.0,39.0,99.065,554.0,23.0,98.985,147.0,4.0,98.87,185.0,NaN,98.8,28.0,NaN,98.71,9.0,NaN,98.6,19.0,NaN,98.525,69.0,NaN,98.46,75.0,NaN,98.345,400.0,NaN,98.27,98.19,98.085,98.025,NaN,NaN,NaN,NaN,NaN,NaN,NaN,NaN,NaN,NaN,NaN,NaN,NaN,NaN,NaN,NaN,NaN,NaN,NaN,NaN,NaN,NaN,NaN,NaN,NaN,NaN,NaN,NaN,NaN,NaN,NaN,NaN
2014-04-15,NaN,NaN,NaN,NaN,NaN,NaN,NaN,NaN,NaN,99.9175,26931.0,250.0,99.915,20550.0,397.0,99.915,25286.0,1691.0,99.91,22840.0,5.0,99.905,17377.0,448.0,99.9,17438.0,250.0,99.895,14756.0,202.0,99.89,15142.0,36.0,99.88,25372.0,78.0,99.87,19957.0,1292.0,99.845,16135.0,2150.0,99.83,18799.0,2500.0,99.805,13677.0,3000.0,99.75,9764.0,394.0,99.715,14806.0,1084.0,99.66,12965.0,937.0,99.575,9024.0,1150.0,99.53,4797.0,201.0,99.465,2241.0,161.0,99.365,1139.0,239.0,99.3,8886.0,305.0,99.215,2723.0,249.0,99.105,1893.0,235.0,99.035,529.0,56.0,98.955,147.0,8.0,98.835,188.0,10.0,98.765,28.0,NaN,98.67,9.0,NaN,98.555,19.0,NaN,98.48,68.0,1.0,98.415,74.0,2.0,98.3,400.0,NaN,98.225,98.145,98.04,97.98,NaN,NaN,NaN,NaN,NaN,NaN,NaN,NaN,NaN,NaN,NaN,NaN,NaN,NaN,NaN,NaN,NaN,NaN,NaN,NaN,NaN,NaN,NaN,NaN,NaN,NaN,NaN,NaN,NaN,NaN,NaN,NaN
2014-04-16,NaN,NaN,NaN,NaN,NaN,NaN,NaN,NaN,NaN,99.9175,30250.0,4843.0,99.915,21619.0,1985.0,99.915,25423.0,1123.0,99.91,23550.0,1505.0,99.905,17332.0,310.0,99.9,17595.0,680.0,99.895,14731.0,471.0,99.89,15116.0,226.0,99.88,25454.0,878.0,99.87,20414.0,566.0,99.845,16087.0,298.0,99.83,18842.0,487.0,99.805,13909.0,976.0,99.75,10056.0,950.0,99.71,14800.0,336.0,99.655,12774.0,379.0,99.57,8891.0,209.0,99.525,4675.0,204.0,99.455,2265.0,127.0,99.35,1147.0,27.0,99.28,8927.0,148.0,99.195,2729.0,109.0,99.08,1895.0,28.0,99.01,508.0,22.0,98.92,116.0,43.0,98.79,239.0,62.0,98.72,40.0,12.0,98.625,9.0,NaN,98.505,25.0,6.0,98.43,68.0,NaN,98.365,74.0,NaN,98.245,400.0,NaN,98.17,98.09,97.985,97.925,NaN,NaN,NaN,NaN,NaN,NaN,NaN,NaN,NaN,NaN,NaN,NaN,NaN,NaN,NaN,NaN,NaN,NaN,NaN,NaN,NaN,NaN,NaN,NaN,NaN,NaN,NaN,NaN,NaN,NaN,NaN,NaN
2014-04-17,NaN,NaN,NaN,NaN,NaN,NaN,NaN,NaN,NaN,99.9175,29747.0,2607.0,99.915,21046.0,3531.0,99.915,24924.0,671.0,99.91,23630.0,165.0,99.905,17334.0,4.0,99.9,17621.0,61.0,99.895,14747.0,279.0,99.885,15307.0,723.0,99.875,25634.0,594.0,99.865,21410.0,1336.0,99.84,16159.0,604.0,99.82,18484.0,430.0,99.795,14054.0,482.0,99.74,10073.0,669.0,99.7,15103.0,862.0,99.64,12946.0,983.0,99.55,9291.0,1246.0,99.5,4598.0,445.0,99.43,2290.0,281.0,99.315,1145.0,459.0,99.245,8912.0,549.0,99.16,2804.0,370.0,99.035,1892.0,212.0,98.96,446.0,70.0,98.87,107.0,9.0,98.74,273.0,34.0,98.66,40.0,NaN,98.565,9.0,NaN,98.445,25.0,NaN,98.37,68.0,NaN,98.295,74.0,30.0,98.175,400.0,NaN,98.1,98.02,97.915,97.85,NaN,NaN,NaN,NaN,NaN,NaN,NaN,NaN,NaN,NaN,NaN,NaN,NaN,NaN,NaN,NaN,NaN,NaN,NaN,NaN,NaN,NaN,NaN,NaN,NaN,NaN,NaN,NaN,NaN,NaN,NaN,NaN
2014-04-21,NaN,NaN,NaN,NaN,NaN,NaN,NaN,NaN,NaN,99.915,37542.0,9588.0,99.915,21186.0,873.0,99.915,24572.0,441.0,99.91,23986.0,763.0,99.905,17334.0,7.0,99.9,17621.0,20.0,99.895,14754.0,313.0,99.885,15143.0,313.0,99.875,25565.0,166.0,99.865,21395.0,23.0,99.84,16101.0,87.0,99.825,18510.0,220.0,99.795,14021.0,193.0,99.74,10056.0,338.0,99.705,15105.0,166.0,99.645,13020.0,393.0,99.555,9791.0,635.0,99.505,4693.0,374.0,99.435,2309.0,110.0,99.32,1175.0,91.0,99.25,8989.0,114.0,99.165,2809.0,10.0,99.04,1892.0,NaN,98.965,446.0,NaN,98.875,107.0,NaN,98.745,273.0,NaN,98.665,40.0,NaN,98.57,9.0,NaN,98.45,25.0,NaN,98.37,68.0,NaN,98.295,74.0,NaN,98.175,406.0,6.0,98.1,98.02,97.915,97.85,NaN,NaN,NaN,NaN,NaN,NaN,NaN,NaN,NaN,NaN,NaN,NaN,NaN,NaN,NaN,NaN,NaN,NaN,NaN,NaN,NaN,NaN,NaN,NaN,NaN,NaN,NaN,NaN,NaN,NaN,NaN,NaN
2014-04-22,NaN,NaN,NaN,NaN,NaN,NaN,NaN,NaN,NaN,99.915,39328.0,3223.0,99.915,21166.0,52.0,99.915,23304.0,3875.0,99.91,23996.0,61.0,99.905,17324.0,47.0,99.895,17766.0,576.0,99.89,14670.0,274.0,99.885,15306.0,613.0,99.875,25384.0,677.0,99.86,20902.0,1114.0,99.835,16156.0,613.0,99.82,18709.0,444.0,99.79,13524.0,1429.0,99.735,9783.0,1279.0,99.695,16132.0,2389.0,99.635,13498.0,1286.0,99.54,9811.0,869.0,99.49,4753.0,200.0,99.415,2455.0,251.0,99.3,1318.0,235.0,99.23,9002.0,45.0,99.13,2798.0,53.0,99.005,1927.0,100.0,98.93,446.0,NaN,98.84,107.0,5.0,98.705,275.0,4.0,98.625,40.0,1.0,98.53,9.0,NaN,98.41,25.0,NaN,98.33,68.0,NaN,98.255,74.0,NaN,98.135,406.0,NaN,98.06,97.98,97.875,97.81,NaN,NaN,NaN,NaN,NaN,NaN,NaN,NaN,NaN,NaN,NaN,NaN,NaN,NaN,NaN,NaN,NaN,NaN,NaN,NaN,NaN,NaN,NaN,NaN,NaN,NaN,NaN,NaN,NaN,NaN,NaN,NaN
2014-04-23,NaN,NaN,NaN,NaN,NaN,NaN,NaN,NaN,NaN,99.9125,39630.0,3669.0,99.91,23255.0,4885.0,99.91,23056.0,2190.0,99.91,24603.0,2423.0,99.9,17361.0,122.0,99.895,17791.0,171.0,99.89,14856.0,379.0,99.885,15275.0,888.0,99.875,25566.0,676.0,99.86,20656.0,343.0,99.835,16226.0,469.0,99.82,18638.0,390.0,99.795,13458.0,685.0,99.74,9603.0,680.0,99.705,17185.0,1873.0,99.65,14938.0,2483.0,99.555,9708.0,598.0,99.505,4562.0,426.0,99.435,2543.0,268.0,99.32,1306.0,260.0,99.25,9056.0,200.0,99.16,2736.0,160.0,99.045,1962.0,102.0,98.97,472.0,26.0,98.88,111.0,9.0,98.745,362.0,95.0,98.665,40.0,NaN,98.57,9.0,NaN,98.45,25.0,NaN,98.37,68.0,NaN,98.295,74.0,NaN,98.175,406.0,NaN,98.1,98.02,97.915,97.85,NaN,NaN,NaN,NaN,NaN,NaN,NaN,NaN,NaN,NaN,NaN,NaN,NaN,NaN,NaN,NaN,NaN,NaN,NaN,NaN,NaN,NaN,NaN,NaN,NaN,NaN,NaN,NaN,NaN,NaN,NaN,NaN
2014-04-24,NaN,NaN,NaN,NaN,NaN,NaN,NaN,NaN,NaN,99.9125,43796.0,4507.0,99.91,23562.0,594.0,99.905,21974.0,4109.0,99.905,24693.0,893.0,99.895,17484.0,561.0,99.895,18555.0,1796.0,99.89,14140.0,1487.0,99.88,15300.0,190.0,99.87,26216.0,2518.0,99.86,20652.0,403.0,99.835,16066.0,348.0,99.82,18215.0,1314.0,99.795,13434.0,1165.0,99.74,9748.0,1114.0,99.7,18797.0,3900.0,99.645,15391.0,2878.0,99.55,9691.0,394.0,99.5,4438.0,286.0,99.43,2634.0,325.0,99.315,1224.0,205.0,99.245,9101.0,129.0,99.155,2752.0,94.0,99.04,2039.0,101.0,98.965,478.0,35.0,98.875,120.0,40.0,98.74,432.0,72.0,98.66,40.0,NaN,98.565,9.0,NaN,98.445,25.0,NaN,98.365,68.0,NaN,98.29,74.0,NaN,98.175,406.0,NaN,98.1,98.02,97.915,97.85,NaN,NaN,NaN,NaN,NaN,NaN,NaN,NaN,NaN,NaN,NaN,NaN,NaN,NaN,NaN,NaN,NaN,NaN,NaN,NaN,NaN,NaN,NaN,NaN,NaN,NaN,NaN,NaN,NaN,NaN,NaN,NaN
2014-04-25,NaN,NaN,NaN,NaN,NaN,NaN,NaN,NaN,NaN,99.9125,45141.0,5167.0,99.91,23557.0,93.0,99.905,22052.0,595.0,99.905,24863.0,737.0,99.895,17706.0,561.0,99.89,18485.0,588.0,99.89,13764.0,1231.0,99.88,15360.0,439.0,99.87,26863.0,1299.0,99.86,20654.0,54.0,99.835,16052.0,56.0,99.82,19117.0,1367.0,99.79,13440.0,447.0,99.735,9694.0,220.0,99.7,18797.0,667.0,99.645,15290.0,1281.0,99.55,9577.0,1004.0,99.5,4531.0,490.0,99.43,2636.0,234.0,99.315,1222.0,38.0,99.25,9122.0,57.0,99.165,2789.0,49.0,99.05,2089.0,53.0,98.975,477.0,2.0,98.885,269.0,180.0,98.75,427.0,26.0,98.67,54.0,14.0,98.575,9.0,NaN,98.46,32.0,7.0,98.385,68.0,NaN,98.31,74.0,NaN,98.195,406.0,NaN,98.12,98.04,97.935,97.87,NaN,NaN,NaN,NaN,NaN,NaN,NaN,NaN,NaN,NaN,NaN,NaN,NaN,NaN,NaN,NaN,NaN,NaN,NaN,NaN,NaN,NaN,NaN,NaN,NaN,NaN,NaN,NaN,NaN,NaN,NaN,NaN
2014-04-28,NaN,NaN,NaN,NaN,NaN,NaN,NaN,NaN,NaN,99.9125,48639.0,4753.0,99.91,23841.0,711.0,99.905,22287.0,551.0,99.905,24824.0,147.0,99.895,17665.0,117.0,99.89,18397.0,186.0,99.89,13758.0,47.0,99.88,15357.0,11.0,99.87,26919.0,163.0,99.86,21292.0,861.0,99.835,15995.0,98.0,99.82,19117.0,27.0,99.79,13488.0,452.0,99.735,9600.0,338.0,99.7,18950.0,580.0,99.64,15259.0,220.0,99.545,9893.0,380.0,99.5,4517.0,101.0,99.43,2774.0,423.0,99.32,1194.0,311.0,99.255,9224.0,239.0,99.175,2793.0,63.0,99.06,2131.0,60.0,98.985,472.0,28.0,98.895,368.0,127.0,98.76,458.0,62.0,98.68,58.0,4.0,98.59,9.0,NaN,98.475,32.0,NaN,98.4,68.0,NaN,98.325,74.0,NaN,98.21,406.0,NaN,98.135,98.055,97.95,97.885,NaN,NaN,NaN,NaN,NaN,NaN,NaN,NaN,NaN,NaN,NaN,NaN,NaN,NaN,NaN,NaN,NaN,NaN,NaN,NaN,NaN,NaN,NaN,NaN,NaN,NaN,NaN,NaN,NaN,NaN,NaN,NaN
2014-04-29,NaN,NaN,NaN,NaN,NaN,NaN,NaN,NaN,NaN,99.9125,48635.0,354.0,99.91,24552.0,4815.0,99.905,21698.0,1659.0,99.905,24825.0,56.0,99.895,17559.0,195.0,99.89,18261.0,939.0,99.89,13743.0,428.0,99.88,14421.0,2262.0,99.87,26827.0,200.0,99.86,21056.0,1145.0,99.83,15683.0,1409.0,99.815,19482.0,534.0,99.79,13146.0,850.0,99.73,9443.0,606.0,99.695,19217.0,622.0,99.635,14959.0,1023.0,99.54,10048.0,607.0,99.495,4495.0,280.0,99.425,2777.0,183.0,99.315,1187.0,139.0,99.25,9215.0,70.0,99.16,2775.0,40.0,99.045,2200.0,109.0,98.97,487.0,47.0,98.865,591.0,223.0,98.74,460.0,12.0,98.66,58.0,NaN,98.57,9.0,NaN,98.455,32.0,NaN,98.38,68.0,NaN,98.305,74.0,NaN,98.19,406.0,NaN,98.115,98.035,97.93,97.865,NaN,NaN,NaN,NaN,NaN,NaN,NaN,NaN,NaN,NaN,NaN,NaN,NaN,NaN,NaN,NaN,NaN,NaN,NaN,NaN,NaN,NaN,NaN,NaN,NaN,NaN,NaN,NaN,NaN,NaN,NaN,NaN
2014-04-30,NaN,NaN,NaN,NaN,NaN,NaN,NaN,NaN,NaN,99.9125,45230.0,5072.0,99.91,27230.0,5631.0,99.905,22613.0,2908.0,99.905,25431.0,1374.0,99.895,17402.0,1715.0,99.89,18599.0,800.0,99.89,13241.0,1927.0,99.88,14517.0,945.0,99.87,26526.0,2057.0,99.86,21237.0,2359.0,99.835,15611.0,2231.0,99.825,19578.0,1834.0,99.8,12891.0,1283.0,99.745,8923.0,2776.0,99.71,20134.0,5112.0,99.66,15927.0,4640.0,99.575,10019.0,1394.0,99.53,4775.0,599.0,99.46,2763.0,411.0,99.35,1189.0,264.0,99.29,9299.0,143.0,99.2,2774.0,136.0,99.09,2254.0,112.0,99.015,493.0,58.0,98.92,575.0,34.0,98.81,467.0,10.0,98.73,58.0,NaN,98.64,9.0,NaN,98.525,32.0,NaN,98.45,68.0,NaN,98.375,74.0,1.0,98.26,409.0,3.0,98.185,98.105,98.0,97.935,NaN,NaN,NaN,NaN,NaN,NaN,NaN,NaN,NaN,NaN,NaN,NaN,NaN,NaN,NaN,NaN,NaN,NaN,NaN,NaN,NaN,NaN,NaN,NaN,NaN,NaN,NaN,NaN,NaN,NaN,NaN,NaN
2014-05-01,NaN,NaN,NaN,NaN,NaN,NaN,NaN,NaN,NaN,NaN,NaN,NaN,99.91,28133.0,2308.0,99.905,22918.0,921.0,99.905,25501.0,173.0,99.895,17312.0,429.0,99.89,18729.0,501.0,99.89,13272.0,147.0,99.88,14440.0,332.0,99.87,26960.0,796.0,99.86,21170.0,164.0,99.835,15637.0,507.0,99.82,19488.0,375.0,99.8,12666.0,415.0,99.745,8946.0,538.0,99.71,20651.0,1023.0,99.66,16036.0,770.0,99.575,10345.0,1117.0,99.53,4846.0,515.0,99.46,2876.0,268.0,99.355,1309.0,264.0,99.295,9283.0,83.0,99.215,2829.0,279.0,99.11,2317.0,161.0,99.035,497.0,26.0,98.94,993.0,715.0,98.83,469.0,130.0,98.75,58.0,NaN,98.66,9.0,NaN,98.545,32.0,NaN,98.47,68.0,NaN,98.395,74.0,1.0,98.28,409.0,NaN,98.205,98.125,98.02,97.955,97.875,NaN,NaN,NaN,NaN,NaN,NaN,NaN,NaN,NaN,NaN,NaN,NaN,NaN,NaN,NaN,NaN,NaN,NaN,NaN,NaN,NaN,NaN,NaN,NaN,NaN,NaN,NaN,NaN,NaN,NaN,NaN
2014-05-02,NaN,NaN,NaN,NaN,NaN,NaN,NaN,NaN,NaN,NaN,NaN,NaN,99.91,28586.0,796.0,99.905,22900.0,32.0,99.905,25519.0,55.0,99.895,17277.0,85.0,99.89,18584.0,399.0,99.89,13448.0,1042.0,99.88,14141.0,1333.0,99.87,26415.0,1336.0,99.86,20784.0,2155.0,99.83,16247.0,3016.0,99.81,21499.0,4133.0,99.785,13074.0,3380.0,99.73,9760.0,4438.0,99.69,20438.0,5590.0,99.63,16077.0,2821.0,99.54,10682.0,2344.0,99.495,4787.0,958.0,99.42,2567.0,1408.0,99.315,1402.0,1228.0,99.25,8977.0,728.0,99.165,2903.0,578.0,99.055,2399.0,282.0,98.985,569.0,106.0,98.89,997.0,27.0,98.77,475.0,15.0,98.69,58.0,NaN,98.6,9.0,NaN,98.485,32.0,NaN,98.41,68.0,NaN,98.335,74.0,NaN,98.225,418.0,9.0,98.15,98.075,97.97,97.905,97.835,NaN,NaN,NaN,NaN,NaN,NaN,NaN,NaN,NaN,NaN,NaN,NaN,NaN,NaN,NaN,NaN,NaN,NaN,NaN,NaN,NaN,NaN,NaN,NaN,NaN,NaN,NaN,NaN,NaN,NaN,NaN
2014-05-05,NaN,NaN,NaN,NaN,NaN,NaN,NaN,NaN,NaN,NaN,NaN,NaN,99.91,28811.0,575.0,99.905,22867.0,323.0,99.905,25474.0,96.0,99.895,17229.0,150.0,99.89,18584.0,350.0,99.89,13442.0,151.0,99.88,14131.0,149.0,99.87,26543.0,395.0,99.86,20910.0,449.0,99.83,16428.0,410.0,99.81,21470.0,279.0,99.785,12889.0,294.0,99.73,9937.0,284.0,99.69,20637.0,429.0,99.63,16111.0,142.0,99.54,10677.0,203.0,99.495,4842.0,157.0,99.42,2642.0,93.0,99.315,1350.0,79.0,99.25,8967.0,41.0,99.165,2906.0,66.0,99.055,2431.0,89.0,98.985,570.0,1.0,98.89,997.0,NaN,98.77,475.0,NaN,98.69,58.0,NaN,98.6,9.0,NaN,98.485,32.0,NaN,98.41,68.0,NaN,98.335,74.0,NaN,98.225,418.0,NaN,98.15,98.075,97.97,97.905,97.835,NaN,NaN,NaN,NaN,NaN,NaN,NaN,NaN,NaN,NaN,NaN,NaN,NaN,NaN,NaN,NaN,NaN,NaN,NaN,NaN,NaN,NaN,NaN,NaN,NaN,NaN,NaN,NaN,NaN,NaN,NaN
2014-05-06,NaN,NaN,NaN,NaN,NaN,NaN,NaN,NaN,NaN,NaN,NaN,NaN,99.9125,28985.0,983.0,99.905,22867.0,NaN,99.905,26871.0,1872.0,99.895,17253.0,116.0,99.89,18762.0,322.0,99.89,13511.0,341.0,99.88,14103.0,50.0,99.87,26695.0,191.0,99.86,20919.0,68.0,99.83,16575.0,398.0,99.81,21458.0,22.0,99.785,12883.0,39.0,99.73,9937.0,13.0,99.69,20570.0,121.0,99.63,16118.0,139.0,99.54,10701.0,211.0,99.495,4924.0,183.0,99.42,2673.0,50.0,99.315,1349.0,67.0,99.25,8967.0,7.0,99.165,2965.0,68.0,99.055,2458.0,41.0,98.985,570.0,NaN,98.89,1000.0,9.0,98.77,475.0,3.0,98.69,58.0,NaN,98.6,9.0,NaN,98.485,32.0,NaN,98.41,68.0,NaN,98.335,74.0,NaN,98.225,418.0,NaN,98.15,98.075,97.97,97.905,97.835,NaN,NaN,NaN,NaN,NaN,NaN,NaN,NaN,NaN,NaN,NaN,NaN,NaN,NaN,NaN,NaN,NaN,NaN,NaN,NaN,NaN,NaN,NaN,NaN,NaN,NaN,NaN,NaN,NaN,NaN,NaN
2014-05-07,NaN,NaN,NaN,NaN,NaN,NaN,NaN,NaN,NaN,NaN,NaN,NaN,99.9125,28339.0,6731.0,99.905,23518.0,8689.0,99.905,28099.0,4065.0,99.895,17601.0,1120.0,99.89,18838.0,1461.0,99.89,13714.0,669.0,99.88,13359.0,1709.0,99.87,27567.0,2402.0,99.86,21811.0,3851.0,99.835,17062.0,1611.0,99.815,20816.0,1978.0,99.79,12857.0,1357.0,99.735,10419.0,1132.0,99.7,21098.0,1263.0,99.65,16137.0,841.0,99.56,11239.0,848.0,99.515,4978.0,105.0,99.44,2653.0,350.0,99.335,1323.0,172.0,99.27,8967.0,47.0,99.19,2924.0,75.0,99.08,2471.0,56.0,99.01,571.0,10.0,98.915,1009.0,17.0,98.795,467.0,15.0,98.72,58.0,NaN,98.63,9.0,NaN,98.515,32.0,NaN,98.44,68.0,NaN,98.365,74.0,NaN,98.255,418.0,NaN,98.185,98.11,98.005,97.945,97.875,NaN,NaN,NaN,NaN,NaN,NaN,NaN,NaN,NaN,NaN,NaN,NaN,NaN,NaN,NaN,NaN,NaN,NaN,NaN,NaN,NaN,NaN,NaN,NaN,NaN,NaN,NaN,NaN,NaN,NaN,NaN
2014-05-08,NaN,NaN,NaN,NaN,NaN,NaN,NaN,NaN,NaN,NaN,NaN,NaN,99.9125,28047.0,1087.0,99.905,23541.0,246.0,99.905,27775.0,1071.0,99.895,17597.0,49.0,99.89,18857.0,47.0,99.89,13718.0,1125.0,99.88,13461.0,492.0,99.875,27376.0,1325.0,99.86,21299.0,2416.0,99.835,17036.0,2469.0,99.82,21159.0,1811.0,99.795,13101.0,1018.0,99.745,10831.0,1211.0,99.71,21114.0,1048.0,99.655,16248.0,519.0,99.57,11148.0,597.0,99.525,5054.0,724.0,99.46,2813.0,569.0,99.36,1488.0,561.0,99.3,8990.0,264.0,99.225,3019.0,257.0,99.115,2442.0,126.0,99.045,578.0,40.0,98.96,1046.0,71.0,98.845,471.0,42.0,98.77,58.0,1.0,98.68,9.0,NaN,98.57,32.0,NaN,98.495,68.0,NaN,98.42,74.0,4.0,98.315,418.0,NaN,98.245,98.17,98.065,98.005,97.935,NaN,NaN,NaN,NaN,NaN,NaN,NaN,NaN,NaN,NaN,NaN,NaN,NaN,NaN,NaN,NaN,NaN,NaN,NaN,NaN,NaN,NaN,NaN,NaN,NaN,NaN,NaN,NaN,NaN,NaN,NaN
2014-05-09,NaN,NaN,NaN,NaN,NaN,NaN,NaN,NaN,NaN,NaN,NaN,NaN,99.9125,27854.0,1389.0,99.905,23607.0,250.0,99.905,30383.0,3194.0,99.895,17458.0,518.0,99.895,19301.0,553.0,99.89,14253.0,2162.0,99.885,13669.0,1074.0,99.875,28772.0,2451.0,99.865,20885.0,1128.0,99.84,17205.0,327.0,99.825,21396.0,509.0,99.805,12976.0,733.0,99.75,11929.0,1770.0,99.715,21114.0,400.0,99.665,16475.0,472.0,99.58,11096.0,167.0,99.535,5039.0,148.0,99.47,2906.0,204.0,99.37,1404.0,274.0,99.31,9414.0,511.0,99.235,3165.0,249.0,99.125,2469.0,142.0,99.055,604.0,27.0,98.97,1061.0,16.0,98.855,459.0,12.0,98.78,58.0,NaN,98.69,9.0,NaN,98.575,32.0,NaN,98.5,68.0,NaN,98.425,74.0,NaN,98.315,418.0,NaN,98.24,98.16,98.055,97.995,97.925,NaN,NaN,NaN,NaN,NaN,NaN,NaN,NaN,NaN,NaN,NaN,NaN,NaN,NaN,NaN,NaN,NaN,NaN,NaN,NaN,NaN,NaN,NaN,NaN,NaN,NaN,NaN,NaN,NaN,NaN,NaN
2014-05-12,NaN,NaN,NaN,NaN,NaN,NaN,NaN,NaN,NaN,NaN,NaN,NaN,99.9125,27847.0,167.0,99.91,24131.0,947.0,99.905,30391.0,32.0,99.895,17405.0,97.0,99.895,19361.0,587.0,99.89,14190.0,110.0,99.885,13735.0,99.0,99.875,28860.0,215.0,99.865,20612.0,700.0,99.84,17252.0,1046.0,99.825,21395.0,117.0,99.8,13259.0,732.0,99.745,12010.0,492.0,99.71,21251.0,1090.0,99.655,16373.0,345.0,99.57,11134.0,351.0,99.525,5108.0,315.0,99.46,2943.0,288.0,99.36,1378.0,260.0,99.3,9570.0,314.0,99.225,3120.0,81.0,99.115,2480.0,31.0,99.045,599.0,5.0,98.955,1069.0,8.0,98.84,459.0,NaN,98.76,58.0,NaN,98.66,9.0,NaN,98.545,32.0,NaN,98.47,68.0,NaN,98.385,74.0,NaN,98.275,418.0,NaN,98.2,98.12,98.015,97.95,97.88,NaN,NaN,NaN,NaN,NaN,NaN,NaN,NaN,NaN,NaN,NaN,NaN,NaN,NaN,NaN,NaN,NaN,NaN,NaN,NaN,NaN,NaN,NaN,NaN,NaN,NaN,NaN,NaN,NaN,NaN,NaN
2014-05-13,NaN,NaN,NaN,NaN,NaN,NaN,NaN,NaN,NaN,NaN,NaN,NaN,99.9125,27803.0,552.0,99.91,23625.0,1024.0,99.905,30265.0,225.0,99.895,17601.0,695.0,99.895,19348.0,672.0,99.89,14108.0,451.0,99.885,13858.0,1134.0,99.875,29332.0,1914.0,99.865,21649.0,1797.0,99.845,18755.0,2173.0,99.825,21358.0,366.0,99.805,13300.0,681.0,99.75,12016.0,334.0,99.715,21544.0,949.0,99.66,16393.0,691.0,99.58,11306.0,884.0,99.535,5040.0,201.0,99.47,2925.0,55.0,99.37,1394.0,75.0,99.31,9656.0,234.0,99.235,3219.0,334.0,99.13,2387.0,257.0,99.06,597.0,21.0,98.97,1076.0,24.0,98.855,466.0,8.0,98.775,58.0,NaN,98.675,9.0,NaN,98.56,32.0,NaN,98.485,68.0,NaN,98.4,74.0,NaN,98.29,418.0,NaN,98.215,98.135,98.03,97.965,97.895,NaN,NaN,NaN,NaN,NaN,NaN,NaN,NaN,NaN,NaN,NaN,NaN,NaN,NaN,NaN,NaN,NaN,NaN,NaN,NaN,NaN,NaN,NaN,NaN,NaN,NaN,NaN,NaN,NaN,NaN,NaN
2014-05-14,NaN,NaN,NaN,NaN,NaN,NaN,NaN,NaN,NaN,NaN,NaN,NaN,99.9125,28729.0,1197.0,99.91,23330.0,552.0,99.905,30337.0,204.0,99.895,17605.0,18.0,99.895,19541.0,285.0,99.89,14052.0,873.0,99.885,14092.0,500.0,99.88,30138.0,2001.0,99.87,21689.0,968.0,99.85,18559.0,1614.0,99.835,21333.0,2270.0,99.815,12970.0,1974.0,99.765,12562.0,2235.0,99.73,21511.0,3214.0,99.68,16468.0,2524.0,99.605,11597.0,1875.0,99.565,5432.0,993.0,99.505,3782.0,1599.0,99.41,1755.0,912.0,99.355,9900.0,674.0,99.285,3389.0,443.0,99.185,2423.0,318.0,99.12,565.0,139.0,99.035,1119.0,84.0,98.93,469.0,10.0,98.85,58.0,NaN,98.75,9.0,NaN,98.635,32.0,NaN,98.56,68.0,NaN,98.475,74.0,NaN,98.365,418.0,NaN,98.29,98.21,98.105,98.04,97.97,NaN,NaN,NaN,NaN,NaN,NaN,NaN,NaN,NaN,NaN,NaN,NaN,NaN,NaN,NaN,NaN,NaN,NaN,NaN,NaN,NaN,NaN,NaN,NaN,NaN,NaN,NaN,NaN,NaN,NaN,NaN
2014-05-15,NaN,NaN,NaN,NaN,NaN,NaN,NaN,NaN,NaN,NaN,NaN,NaN,99.9125,29719.0,1449.0,99.91,23565.0,587.0,99.905,30351.0,68.0,99.895,17680.0,210.0,99.895,19592.0,169.0,99.89,14660.0,1033.0,99.885,14467.0,1245.0,99.88,31010.0,1348.0,99.87,22089.0,1776.0,99.85,18700.0,985.0,99.835,22416.0,2107.0,99.815,13304.0,1268.0,99.765,12240.0,2261.0,99.73,21886.0,2394.0,99.68,16837.0,2097.0,99.61,11500.0,1172.0,99.57,5476.0,501.0,99.51,4141.0,650.0,99.42,1812.0,437.0,99.365,9923.0,539.0,99.295,3410.0,346.0,99.205,2461.0,176.0,99.145,566.0,2.0,99.06,1119.0,31.0,98.955,465.0,18.0,98.875,58.0,NaN,98.775,9.0,NaN,98.66,32.0,NaN,98.585,68.0,NaN,98.5,74.0,NaN,98.39,418.0,NaN,98.315,98.235,98.13,98.065,97.995,NaN,NaN,NaN,NaN,NaN,NaN,NaN,NaN,NaN,NaN,NaN,NaN,NaN,NaN,NaN,NaN,NaN,NaN,NaN,NaN,NaN,NaN,NaN,NaN,NaN,NaN,NaN,NaN,NaN,NaN,NaN
2014-05-16,NaN,NaN,NaN,NaN,NaN,NaN,NaN,NaN,NaN,NaN,NaN,NaN,99.9125,29719.0,NaN,99.91,23514.0,104.0,99.905,30316.0,189.0,99.9,18102.0,488.0,99.895,19816.0,356.0,99.89,14566.0,111.0,99.885,14464.0,164.0,99.88,31039.0,108.0,99.87,22336.0,1205.0,99.85,19025.0,1135.0,99.835,22511.0,1178.0,99.815,13517.0,962.0,99.765,13851.0,2363.0,99.725,22035.0,1511.0,99.68,17012.0,1127.0,99.605,11326.0,1187.0,99.565,5613.0,922.0,99.505,3963.0,518.0,99.415,1878.0,360.0,99.36,9915.0,175.0,99.29,3376.0,73.0,99.2,2464.0,52.0,99.14,556.0,37.0,99.055,1122.0,11.0,98.95,465.0,NaN,98.87,58.0,NaN,98.77,9.0,NaN,98.655,32.0,NaN,98.58,68.0,NaN,98.495,74.0,NaN,98.385,418.0,NaN,98.31,98.23,98.125,98.06,97.99,NaN,NaN,NaN,NaN,NaN,NaN,NaN,NaN,NaN,NaN,NaN,NaN,NaN,NaN,NaN,NaN,NaN,NaN,NaN,NaN,NaN,NaN,NaN,NaN,NaN,NaN,NaN,NaN,NaN,NaN,NaN
2014-05-19,NaN,NaN,NaN,NaN,NaN,NaN,NaN,NaN,NaN,NaN,NaN,NaN,99.9125,30071.0,1372.0,99.91,23519.0,10.0,99.905,30360.0,60.0,99.9,18102.0,17.0,99.9,21017.0,2425.0,99.895,14601.0,75.0,99.89,14523.0,515.0,99.885,31465.0,1408.0,99.875,22614.0,587.0,99.855,19418.0,570.0,99.84,22741.0,483.0,99.825,13996.0,1169.0,99.775,14067.0,1393.0,99.74,22362.0,2670.0,99.695,17440.0,1242.0,99.625,11825.0,2170.0,99.585,6151.0,1371.0,99.525,4269.0,536.0,99.44,2000.0,267.0,99.385,10106.0,578.0,99.315,3540.0,504.0,99.225,2472.0,43.0,99.165,578.0,32.0,99.08,1134.0,33.0,98.975,468.0,3.0,98.895,58.0,NaN,98.795,9.0,NaN,98.68,32.0,NaN,98.61,68.0,NaN,98.53,74.0,26.0,98.44,173.0,245.0,98.365,98.285,98.18,98.115,98.045,NaN,NaN,NaN,NaN,NaN,NaN,NaN,NaN,NaN,NaN,NaN,NaN,NaN,NaN,NaN,NaN,NaN,NaN,NaN,NaN,NaN,NaN,NaN,NaN,NaN,NaN,NaN,NaN,NaN,NaN,NaN
2014-05-20,NaN,NaN,NaN,NaN,NaN,NaN,NaN,NaN,NaN,NaN,NaN,NaN,99.9125,30048.0,236.0,99.91,23590.0,150.0,99.905,30278.0,100.0,99.9,18304.0,264.0,99.9,20437.0,976.0,99.895,14766.0,575.0,99.89,13926.0,930.0,99.885,31998.0,952.0,99.875,22507.0,162.0,99.855,19227.0,613.0,99.845,23070.0,972.0,99.825,14297.0,1608.0,99.785,14718.0,2570.0,99.75,22393.0,2202.0,99.705,16998.0,1829.0,99.64,11825.0,2406.0,99.605,6031.0,457.0,99.555,4746.0,1170.0,99.475,2485.0,1405.0,99.425,10589.0,854.0,99.355,3788.0,466.0,99.265,2539.0,202.0,99.205,573.0,32.0,99.12,1159.0,40.0,99.015,404.0,114.0,98.95,73.0,15.0,98.85,9.0,NaN,98.735,32.0,NaN,98.665,68.0,NaN,98.59,74.0,NaN,98.5,173.0,NaN,98.425,98.345,98.24,98.175,98.105,NaN,NaN,NaN,NaN,NaN,NaN,NaN,NaN,NaN,NaN,NaN,NaN,NaN,NaN,NaN,NaN,NaN,NaN,NaN,NaN,NaN,NaN,NaN,NaN,NaN,NaN,NaN,NaN,NaN,NaN,NaN
2014-05-21,NaN,NaN,NaN,NaN,NaN,NaN,NaN,NaN,NaN,NaN,NaN,NaN,99.9125,30029.0,1265.0,99.91,23611.0,2545.0,99.905,29411.0,2415.0,99.9,18493.0,624.0,99.9,20430.0,119.0,99.895,15138.0,569.0,99.89,14093.0,347.0,99.885,32184.0,1438.0,99.875,22439.0,1673.0,99.855,19161.0,1274.0,99.845,22976.0,622.0,99.825,14102.0,1558.0,99.785,15014.0,1575.0,99.75,23194.0,2448.0,99.705,17426.0,1959.0,99.64,11910.0,1732.0,99.605,6167.0,1036.0,99.555,5334.0,1307.0,99.47,2503.0,1049.0,99.42,10772.0,706.0,99.35,3742.0,246.0,99.26,2555.0,130.0,99.2,556.0,127.0,99.115,1252.0,108.0,99.01,388.0,34.0,98.945,73.0,NaN,98.845,9.0,NaN,98.73,32.0,NaN,98.66,68.0,NaN,98.585,74.0,NaN,98.495,173.0,NaN,98.42,98.34,98.235,98.17,98.105,NaN,NaN,NaN,NaN,NaN,NaN,NaN,NaN,NaN,NaN,NaN,NaN,NaN,NaN,NaN,NaN,NaN,NaN,NaN,NaN,NaN,NaN,NaN,NaN,NaN,NaN,NaN,NaN,NaN,NaN,NaN
2014-05-22,NaN,NaN,NaN,NaN,NaN,NaN,NaN,NaN,NaN,NaN,NaN,NaN,99.9125,29990.0,71.0,99.91,23915.0,800.0,99.905,29468.0,157.0,99.9,18777.0,562.0,99.9,20441.0,176.0,99.895,15312.0,269.0,99.89,14100.0,35.0,99.885,32478.0,1426.0,99.87,22553.0,463.0,99.85,18614.0,1524.0,99.84,23545.0,1082.0,99.82,14328.0,458.0,99.78,14938.0,301.0,99.745,23364.0,1432.0,99.7,17577.0,482.0,99.635,11620.0,640.0,99.6,5956.0,566.0,99.545,5412.0,657.0,99.455,2270.0,356.0,99.4,10786.0,377.0,99.33,4112.0,617.0,99.235,2761.0,478.0,99.175,562.0,10.0,99.09,1603.0,356.0,98.985,478.0,140.0,98.92,73.0,NaN,98.82,9.0,NaN,98.71,32.0,NaN,98.64,68.0,NaN,98.565,74.0,NaN,98.475,173.0,NaN,98.4,98.32,98.22,98.155,98.09,NaN,NaN,NaN,NaN,NaN,NaN,NaN,NaN,NaN,NaN,NaN,NaN,NaN,NaN,NaN,NaN,NaN,NaN,NaN,NaN,NaN,NaN,NaN,NaN,NaN,NaN,NaN,NaN,NaN,NaN,NaN
2014-05-23,NaN,NaN,NaN,NaN,NaN,NaN,NaN,NaN,NaN,NaN,NaN,NaN,99.9125,30048.0,531.0,99.91,24035.0,151.0,99.905,29345.0,170.0,99.9,18736.0,177.0,99.9,20425.0,161.0,99.895,15289.0,303.0,99.89,14059.0,388.0,99.885,32214.0,635.0,99.87,22379.0,980.0,99.85,18669.0,460.0,99.84,23468.0,186.0,99.82,14132.0,514.0,99.78,14958.0,221.0,99.745,23524.0,573.0,99.7,17635.0,607.0,99.635,12054.0,833.0,99.6,6131.0,612.0,99.545,5286.0,729.0,99.46,2221.0,227.0,99.405,10767.0,128.0,99.335,4208.0,344.0,99.24,2765.0,194.0,99.18,564.0,3.0,99.095,1668.0,75.0,98.99,478.0,172.0,98.925,73.0,NaN,98.825,9.0,NaN,98.715,32.0,NaN,98.645,68.0,NaN,98.57,74.0,NaN,98.48,173.0,NaN,98.405,98.325,98.225,98.16,98.095,NaN,NaN,NaN,NaN,NaN,NaN,NaN,NaN,NaN,NaN,NaN,NaN,NaN,NaN,NaN,NaN,NaN,NaN,NaN,NaN,NaN,NaN,NaN,NaN,NaN,NaN,NaN,NaN,NaN,NaN,NaN
2014-05-27,NaN,NaN,NaN,NaN,NaN,NaN,NaN,NaN,NaN,NaN,NaN,NaN,99.9125,30038.0,464.0,99.91,24971.0,2002.0,99.905,29404.0,400.0,99.9,18492.0,495.0,99.9,20344.0,261.0,99.895,15301.0,34.0,99.89,13996.0,92.0,99.88,32270.0,506.0,99.87,22358.0,57.0,99.85,18653.0,78.0,99.84,23462.0,51.0,99.82,14272.0,317.0,99.78,15073.0,359.0,99.745,23782.0,816.0,99.7,17666.0,407.0,99.635,12143.0,389.0,99.6,6164.0,293.0,99.545,5148.0,650.0,99.455,2278.0,307.0,99.4,10841.0,430.0,99.33,4633.0,573.0,99.235,2861.0,255.0,99.175,561.0,41.0,99.09,1695.0,33.0,98.985,499.0,39.0,98.92,73.0,NaN,98.83,9.0,NaN,98.725,32.0,NaN,98.655,68.0,NaN,98.58,74.0,NaN,98.495,73.0,100.0,98.425,98.345,98.245,98.185,98.12,NaN,NaN,NaN,NaN,NaN,NaN,NaN,NaN,NaN,NaN,NaN,NaN,NaN,NaN,NaN,NaN,NaN,NaN,NaN,NaN,NaN,NaN,NaN,NaN,NaN,NaN,NaN,NaN,NaN,NaN,NaN
2014-05-28,NaN,NaN,NaN,NaN,NaN,NaN,NaN,NaN,NaN,NaN,NaN,NaN,99.9125,30003.0,54.0,99.91,24910.0,966.0,99.905,29485.0,849.0,99.9,18100.0,600.0,99.9,21396.0,1693.0,99.895,15244.0,378.0,99.89,13847.0,396.0,99.88,32336.0,256.0,99.87,22278.0,266.0,99.85,18722.0,277.0,99.84,23732.0,1076.0,99.825,14178.0,976.0,99.785,13418.0,4319.0,99.755,24804.0,3004.0,99.715,17985.0,1213.0,99.655,11919.0,605.0,99.62,6316.0,487.0,99.565,5413.0,743.0,99.485,2400.0,429.0,99.435,11814.0,1395.0,99.365,4968.0,953.0,99.28,2978.0,467.0,99.22,498.0,228.0,99.15,1665.0,112.0,99.05,494.0,42.0,98.99,73.0,NaN,98.905,9.0,NaN,98.8,32.0,NaN,98.735,68.0,NaN,98.66,74.0,NaN,98.575,73.0,NaN,98.505,98.425,98.325,98.265,98.2,NaN,NaN,NaN,NaN,NaN,NaN,NaN,NaN,NaN,NaN,NaN,NaN,NaN,NaN,NaN,NaN,NaN,NaN,NaN,NaN,NaN,NaN,NaN,NaN,NaN,NaN,NaN,NaN,NaN,NaN,NaN
2014-05-29,NaN,NaN,NaN,NaN,NaN,NaN,NaN,NaN,NaN,NaN,NaN,NaN,99.9125,29596.0,685.0,99.91,26221.0,2526.0,99.905,29421.0,727.0,99.9,18148.0,182.0,99.9,21783.0,1776.0,99.895,15379.0,450.0,99.89,13835.0,203.0,99.88,32234.0,462.0,99.87,22265.0,354.0,99.85,18841.0,503.0,99.84,23844.0,827.0,99.825,13880.0,1114.0,99.785,12773.0,1864.0,99.755,25204.0,1683.0,99.71,18497.0,1479.0,99.645,11720.0,1412.0,99.61,7049.0,1669.0,99.555,5516.0,887.0,99.475,2471.0,547.0,99.425,11911.0,704.0,99.355,4966.0,351.0,99.27,2975.0,52.0,99.21,485.0,51.0,99.135,1755.0,117.0,99.035,550.0,60.0,98.975,74.0,1.0,98.89,9.0,NaN,98.785,32.0,NaN,98.72,68.0,NaN,98.645,74.0,NaN,98.56,73.0,NaN,98.49,98.41,98.31,98.25,98.185,NaN,NaN,NaN,NaN,NaN,NaN,NaN,NaN,NaN,NaN,NaN,NaN,NaN,NaN,NaN,NaN,NaN,NaN,NaN,NaN,NaN,NaN,NaN,NaN,NaN,NaN,NaN,NaN,NaN,NaN,NaN
2014-05-30,NaN,NaN,NaN,NaN,NaN,NaN,NaN,NaN,NaN,NaN,NaN,NaN,99.9125,29448.0,651.0,99.91,26234.0,147.0,99.905,28872.0,761.0,99.9,18103.0,185.0,99.9,21946.0,541.0,99.895,15393.0,165.0,99.89,13890.0,1253.0,99.88,32128.0,865.0,99.87,22855.0,2316.0,99.85,18480.0,1096.0,99.84,23954.0,456.0,99.825,13612.0,1457.0,99.785,12581.0,1207.0,99.75,27271.0,3459.0,99.705,18458.0,327.0,99.645,11796.0,178.0,99.61,7331.0,480.0,99.555,5507.0,574.0,99.475,2529.0,690.0,99.42,11934.0,201.0,99.35,4946.0,32.0,99.255,2971.0,29.0,99.195,484.0,7.0,99.12,1766.0,31.0,99.02,557.0,13.0,98.955,74.0,NaN,98.865,9.0,NaN,98.76,32.0,NaN,98.69,68.0,NaN,98.605,74.0,NaN,98.515,73.0,NaN,98.44,98.36,98.26,98.2,98.135,NaN,NaN,NaN,NaN,NaN,NaN,NaN,NaN,NaN,NaN,NaN,NaN,NaN,NaN,NaN,NaN,NaN,NaN,NaN,NaN,NaN,NaN,NaN,NaN,NaN,NaN,NaN,NaN,NaN,NaN,NaN
2014-06-02,NaN,NaN,NaN,NaN,NaN,NaN,NaN,NaN,NaN,NaN,NaN,NaN,NaN,NaN,NaN,99.91,26233.0,208.0,99.905,28423.0,996.0,99.9,18105.0,5.0,99.895,21951.0,112.0,99.895,15474.0,132.0,99.885,14166.0,635.0,99.88,32206.0,433.0,99.87,22955.0,410.0,99.85,19108.0,1030.0,99.835,24042.0,499.0,99.82,13625.0,474.0,99.775,13008.0,1688.0,99.735,26990.0,3355.0,99.695,18417.0,871.0,99.625,11227.0,1355.0,99.585,7257.0,570.0,99.53,5602.0,753.0,99.445,2735.0,913.0,99.385,11920.0,615.0,99.315,4915.0,398.0,99.215,2985.0,96.0,99.155,484.0,23.0,99.08,1836.0,177.0,98.97,1660.0,1661.0,98.9,74.0,NaN,98.81,9.0,NaN,98.695,32.0,NaN,98.625,68.0,NaN,98.54,74.0,NaN,98.44,73.0,NaN,98.365,98.285,98.185,98.12,98.055,97.965,NaN,NaN,NaN,NaN,NaN,NaN,NaN,NaN,NaN,NaN,NaN,NaN,NaN,NaN,NaN,NaN,NaN,NaN,NaN,NaN,NaN,NaN,NaN,NaN,NaN,NaN,NaN,NaN,NaN,NaN
2014-06-03,NaN,NaN,NaN,NaN,NaN,NaN,NaN,NaN,NaN,NaN,NaN,NaN,NaN,NaN,NaN,99.91,26278.0,373.0,99.905,27645.0,981.0,99.9,17998.0,218.0,99.895,22013.0,265.0,99.895,15529.0,244.0,99.885,14217.0,554.0,99.88,32350.0,1283.0,99.87,23012.0,320.0,99.85,19049.0,224.0,99.835,23986.0,292.0,99.82,14444.0,1068.0,99.775,13318.0,1539.0,99.735,26375.0,2222.0,99.69,18543.0,1488.0,99.62,11419.0,1030.0,99.58,7432.0,439.0,99.525,5359.0,703.0,99.435,2446.0,586.0,99.375,12009.0,428.0,99.3,4967.0,236.0,99.195,3026.0,81.0,99.13,474.0,58.0,99.05,1799.0,65.0,98.94,1660.0,22.0,98.87,74.0,NaN,98.775,9.0,NaN,98.66,32.0,NaN,98.585,68.0,NaN,98.5,74.0,NaN,98.4,73.0,NaN,98.325,98.24,98.135,98.07,98.0,97.905,NaN,NaN,NaN,NaN,NaN,NaN,NaN,NaN,NaN,NaN,NaN,NaN,NaN,NaN,NaN,NaN,NaN,NaN,NaN,NaN,NaN,NaN,NaN,NaN,NaN,NaN,NaN,NaN,NaN,NaN
2014-06-04,NaN,NaN,NaN,NaN,NaN,NaN,NaN,NaN,NaN,NaN,NaN,NaN,NaN,NaN,NaN,99.9075,27415.0,2558.0,99.905,27708.0,786.0,99.9,17850.0,692.0,99.895,22526.0,1567.0,99.89,15936.0,1832.0,99.88,14110.0,2891.0,99.875,37316.0,9295.0,99.865,24140.0,2952.0,99.85,19492.0,1249.0,99.835,23597.0,2485.0,99.815,15212.0,2132.0,99.77,13340.0,1250.0,99.73,25774.0,2095.0,99.685,18464.0,1137.0,99.615,11441.0,601.0,99.575,7775.0,788.0,99.515,5613.0,1183.0,99.425,2312.0,1314.0,99.365,12185.0,637.0,99.29,5596.0,823.0,99.185,3116.0,120.0,99.12,473.0,3.0,99.04,1765.0,34.0,98.93,1660.0,33.0,98.86,74.0,NaN,98.765,9.0,NaN,98.655,32.0,NaN,98.58,68.0,NaN,98.5,74.0,NaN,98.4,73.0,NaN,98.325,98.24,98.135,98.07,98.0,97.905,NaN,NaN,NaN,NaN,NaN,NaN,NaN,NaN,NaN,NaN,NaN,NaN,NaN,NaN,NaN,NaN,NaN,NaN,NaN,NaN,NaN,NaN,NaN,NaN,NaN,NaN,NaN,NaN,NaN,NaN
2014-06-05,NaN,NaN,NaN,NaN,NaN,NaN,NaN,NaN,NaN,NaN,NaN,NaN,NaN,NaN,NaN,99.9075,27722.0,1717.0,99.905,27774.0,1267.0,99.9,17020.0,1330.0,99.895,22791.0,1296.0,99.89,16335.0,1142.0,99.88,14036.0,1991.0,99.875,37264.0,887.0,99.865,25837.0,2359.0,99.85,20260.0,1379.0,99.835,23575.0,1019.0,99.815,15551.0,1754.0,99.77,15336.0,5810.0,99.735,25838.0,5072.0,99.69,19382.0,3571.0,99.62,11472.0,1048.0,99.58,8163.0,1491.0,99.52,5759.0,1058.0,99.435,2434.0,724.0,99.375,12394.0,899.0,99.3,5763.0,1063.0,99.205,3187.0,196.0,99.14,487.0,54.0,99.065,1750.0,29.0,98.96,1660.0,NaN,98.89,74.0,NaN,98.795,9.0,NaN,98.685,32.0,NaN,98.61,68.0,NaN,98.53,74.0,NaN,98.43,73.0,NaN,98.355,98.27,98.165,98.1,98.03,97.935,NaN,NaN,NaN,NaN,NaN,NaN,NaN,NaN,NaN,NaN,NaN,NaN,NaN,NaN,NaN,NaN,NaN,NaN,NaN,NaN,NaN,NaN,NaN,NaN,NaN,NaN,NaN,NaN,NaN,NaN
2014-06-06,NaN,NaN,NaN,NaN,NaN,NaN,NaN,NaN,NaN,NaN,NaN,NaN,NaN,NaN,NaN,99.9075,27907.0,313.0,99.905,27722.0,501.0,99.9,17386.0,1434.0,99.895,22908.0,2736.0,99.89,16689.0,2559.0,99.88,13771.0,1905.0,99.875,37177.0,1330.0,99.865,27135.0,3766.0,99.85,20741.0,2618.0,99.835,23691.0,2054.0,99.815,17208.0,3473.0,99.765,16532.0,3673.0,99.73,26385.0,2232.0,99.685,19777.0,1786.0,99.61,11304.0,1410.0,99.57,8242.0,1601.0,99.505,5680.0,860.0,99.415,2188.0,768.0,99.35,12228.0,672.0,99.275,5766.0,255.0,99.175,3284.0,152.0,99.11,545.0,77.0,99.035,1691.0,138.0,98.925,1661.0,2.0,98.845,74.0,NaN,98.75,9.0,NaN,98.64,32.0,NaN,98.565,68.0,NaN,98.485,74.0,NaN,98.385,73.0,NaN,98.31,98.225,98.12,98.055,97.985,97.89,NaN,NaN,NaN,NaN,NaN,NaN,NaN,NaN,NaN,NaN,NaN,NaN,NaN,NaN,NaN,NaN,NaN,NaN,NaN,NaN,NaN,NaN,NaN,NaN,NaN,NaN,NaN,NaN,NaN,NaN
2014-06-09,NaN,NaN,NaN,NaN,NaN,NaN,NaN,NaN,NaN,NaN,NaN,NaN,NaN,NaN,NaN,99.9075,27663.0,300.0,99.905,27719.0,6.0,99.9,17379.0,159.0,99.895,22937.0,96.0,99.89,16648.0,400.0,99.88,13565.0,257.0,99.87,36190.0,1332.0,99.86,28227.0,3113.0,99.845,20947.0,672.0,99.83,23687.0,344.0,99.805,17213.0,464.0,99.755,16733.0,1198.0,99.715,26764.0,2854.0,99.67,20039.0,1822.0,99.585,11531.0,1711.0,99.54,8266.0,1787.0,99.475,5561.0,1265.0,99.375,3518.0,1963.0,99.31,12387.0,824.0,99.235,5810.0,377.0,99.135,3253.0,207.0,99.07,521.0,65.0,98.99,1650.0,78.0,98.875,1662.0,4.0,98.795,74.0,NaN,98.7,9.0,NaN,98.59,32.0,NaN,98.515,68.0,NaN,98.435,74.0,NaN,98.335,73.0,NaN,98.26,98.175,98.07,98.005,97.935,97.84,NaN,NaN,NaN,NaN,NaN,NaN,NaN,NaN,NaN,NaN,NaN,NaN,NaN,NaN,NaN,NaN,NaN,NaN,NaN,NaN,NaN,NaN,NaN,NaN,NaN,NaN,NaN,NaN,NaN,NaN
2014-06-10,NaN,NaN,NaN,NaN,NaN,NaN,NaN,NaN,NaN,NaN,NaN,NaN,NaN,NaN,NaN,99.9075,27662.0,3.0,99.905,27744.0,750.0,99.9,17430.0,965.0,99.895,23055.0,393.0,99.885,16964.0,1220.0,99.875,13492.0,1030.0,99.87,36309.0,1910.0,99.86,28303.0,776.0,99.84,20674.0,834.0,99.825,23646.0,1282.0,99.8,17688.0,2204.0,99.75,17733.0,2900.0,99.705,26665.0,3351.0,99.655,19306.0,1852.0,99.57,11660.0,1197.0,99.525,8668.0,1103.0,99.455,5781.0,1002.0,99.35,3973.0,1316.0,99.285,12723.0,589.0,99.21,5918.0,345.0,99.105,3215.0,60.0,99.04,528.0,24.0,98.96,1636.0,30.0,98.84,1661.0,66.0,98.76,74.0,NaN,98.665,9.0,NaN,98.555,32.0,NaN,98.48,68.0,NaN,98.4,74.0,NaN,98.3,73.0,NaN,98.225,98.14,98.035,97.97,97.9,97.805,NaN,NaN,NaN,NaN,NaN,NaN,NaN,NaN,NaN,NaN,NaN,NaN,NaN,NaN,NaN,NaN,NaN,NaN,NaN,NaN,NaN,NaN,NaN,NaN,NaN,NaN,NaN,NaN,NaN,NaN
2014-06-11,NaN,NaN,NaN,NaN,NaN,NaN,NaN,NaN,NaN,NaN,NaN,NaN,NaN,NaN,NaN,99.9075,27576.0,225.0,99.905,27905.0,1252.0,99.9,17401.0,667.0,99.895,23049.0,1137.0,99.885,16948.0,142.0,99.875,13022.0,1376.0,99.87,36220.0,544.0,99.86,28574.0,898.0,99.84,20654.0,634.0,99.825,23764.0,550.0,99.8,18505.0,1556.0,99.75,18273.0,2036.0,99.705,27295.0,1742.0,99.655,19438.0,552.0,99.57,11565.0,936.0,99.525,8748.0,743.0,99.455,6014.0,674.0,99.35,3850.0,573.0,99.285,12991.0,509.0,99.21,6005.0,333.0,99.105,3231.0,122.0,99.04,531.0,15.0,98.96,1642.0,8.0,98.84,1661.0,NaN,98.765,74.0,NaN,98.675,9.0,NaN,98.565,32.0,NaN,98.49,68.0,NaN,98.41,74.0,NaN,98.31,73.0,NaN,98.235,98.15,98.05,97.985,97.915,97.82,NaN,NaN,NaN,NaN,NaN,NaN,NaN,NaN,NaN,NaN,NaN,NaN,NaN,NaN,NaN,NaN,NaN,NaN,NaN,NaN,NaN,NaN,NaN,NaN,NaN,NaN,NaN,NaN,NaN,NaN
2014-06-12,NaN,NaN,NaN,NaN,NaN,NaN,NaN,NaN,NaN,NaN,NaN,NaN,NaN,NaN,NaN,99.9075,28561.0,2902.0,99.905,30382.0,3424.0,99.9,17517.0,995.0,99.895,24001.0,1251.0,99.885,17572.0,1438.0,99.875,13809.0,1625.0,99.87,36708.0,3149.0,99.86,29786.0,3309.0,99.84,20582.0,3061.0,99.825,24177.0,2634.0,99.8,18343.0,2807.0,99.75,18518.0,2729.0,99.705,27120.0,5308.0,99.655,20066.0,2692.0,99.57,11334.0,1939.0,99.525,9259.0,1529.0,99.455,6360.0,1743.0,99.36,4262.0,1421.0,99.3,13451.0,1134.0,99.225,6113.0,734.0,99.125,3359.0,338.0,99.06,496.0,127.0,98.99,1732.0,184.0,98.87,1664.0,91.0,98.8,74.0,NaN,98.715,9.0,NaN,98.605,32.0,NaN,98.53,68.0,NaN,98.45,74.0,NaN,98.35,73.0,NaN,98.275,98.19,98.09,98.025,97.955,97.86,NaN,NaN,NaN,NaN,NaN,NaN,NaN,NaN,NaN,NaN,NaN,NaN,NaN,NaN,NaN,NaN,NaN,NaN,NaN,NaN,NaN,NaN,NaN,NaN,NaN,NaN,NaN,NaN,NaN,NaN
2014-06-13,NaN,NaN,NaN,NaN,NaN,NaN,NaN,NaN,NaN,NaN,NaN,NaN,NaN,NaN,NaN,99.9075,28899.0,606.0,99.905,30591.0,1685.0,99.895,18187.0,1375.0,99.89,24991.0,1575.0,99.885,17583.0,849.0,99.875,13818.0,459.0,99.865,36568.0,1325.0,99.855,30314.0,2179.0,99.835,21330.0,4295.0,99.815,25440.0,3968.0,99.785,19378.0,2477.0,99.73,19299.0,3004.0,99.685,27146.0,3953.0,99.635,20229.0,3442.0,99.545,11200.0,2054.0,99.5,9352.0,1715.0,99.43,5950.0,1635.0,99.33,4112.0,770.0,99.265,13335.0,904.0,99.19,6171.0,586.0,99.09,3220.0,244.0,99.025,526.0,156.0,98.955,1661.0,165.0,98.84,1671.0,17.0,98.77,74.0,NaN,98.685,9.0,NaN,98.575,32.0,NaN,98.5,68.0,NaN,98.42,74.0,NaN,98.32,73.0,NaN,98.245,98.16,98.06,97.995,97.925,97.83,NaN,NaN,NaN,NaN,NaN,NaN,NaN,NaN,NaN,NaN,NaN,NaN,NaN,NaN,NaN,NaN,NaN,NaN,NaN,NaN,NaN,NaN,NaN,NaN,NaN,NaN,NaN,NaN,NaN,NaN
2014-06-16,NaN,NaN,NaN,NaN,NaN,NaN,NaN,NaN,NaN,NaN,NaN,NaN,NaN,NaN,NaN,99.905,29617.0,1260.0,99.9,32939.0,4207.0,99.895,19122.0,1343.0,99.89,25888.0,3056.0,99.885,18013.0,1216.0,99.875,13956.0,343.0,99.865,36349.0,597.0,99.85,30271.0,1095.0,99.83,21056.0,1200.0,99.81,24922.0,1089.0,99.78,19448.0,368.0,99.725,19337.0,613.0,99.675,26767.0,2888.0,99.62,20901.0,1469.0,99.535,11345.0,910.0,99.485,9535.0,815.0,99.415,5934.0,285.0,99.315,4402.0,845.0,99.255,13419.0,975.0,99.18,6263.0,307.0,99.08,3351.0,146.0,99.015,522.0,8.0,98.945,1582.0,101.0,98.83,1707.0,39.0,98.755,74.0,NaN,98.67,9.0,NaN,98.555,32.0,NaN,98.48,68.0,NaN,98.4,74.0,NaN,98.3,73.0,NaN,98.225,98.14,98.04,97.975,97.905,97.815,NaN,NaN,NaN,NaN,NaN,NaN,NaN,NaN,NaN,NaN,NaN,NaN,NaN,NaN,NaN,NaN,NaN,NaN,NaN,NaN,NaN,NaN,NaN,NaN,NaN,NaN,NaN,NaN,NaN,NaN
2014-06-17,NaN,NaN,NaN,NaN,NaN,NaN,NaN,NaN,NaN,NaN,NaN,NaN,NaN,NaN,NaN,99.905,31951.0,3175.0,99.9,36210.0,6078.0,99.89,19928.0,1728.0,99.885,26325.0,1757.0,99.88,18387.0,1496.0,99.87,13866.0,969.0,99.86,37491.0,2101.0,99.845,30255.0,719.0,99.82,20951.0,1490.0,99.8,23284.0,4101.0,99.77,19314.0,2622.0,99.705,20243.0,2417.0,99.655,26379.0,3962.0,99.6,20129.0,1846.0,99.51,11693.0,1856.0,99.46,9611.0,1111.0,99.39,5760.0,1069.0,99.29,4451.0,809.0,99.225,13651.0,1047.0,99.15,6183.0,213.0,99.05,3383.0,73.0,98.985,515.0,29.0,98.91,1581.0,3.0,98.795,1718.0,12.0,98.715,74.0,NaN,98.62,9.0,NaN,98.505,32.0,NaN,98.43,68.0,NaN,98.35,74.0,NaN,98.25,73.0,NaN,98.175,98.09,97.99,97.925,97.855,97.765,NaN,NaN,NaN,NaN,NaN,NaN,NaN,NaN,NaN,NaN,NaN,NaN,NaN,NaN,NaN,NaN,NaN,NaN,NaN,NaN,NaN,NaN,NaN,NaN,NaN,NaN,NaN,NaN,NaN,NaN
2014-06-18,NaN,NaN,NaN,NaN,NaN,NaN,NaN,NaN,NaN,NaN,NaN,NaN,NaN,NaN,NaN,99.905,31561.0,571.0,99.9,38577.0,4164.0,99.89,22417.0,3664.0,99.885,27464.0,1643.0,99.88,17876.0,730.0,99.87,13763.0,1169.0,99.86,36968.0,1864.0,99.845,28965.0,2803.0,99.82,20578.0,3305.0,99.8,23315.0,1766.0,99.77,18666.0,3925.0,99.705,20265.0,5728.0,99.655,26434.0,5471.0,99.595,20255.0,2481.0,99.51,11799.0,2223.0,99.46,9893.0,1361.0,99.39,5744.0,1247.0,99.29,5244.0,1747.0,99.225,13719.0,1771.0,99.15,6253.0,1237.0,99.05,3182.0,457.0,98.985,607.0,242.0,98.91,1614.0,116.0,98.795,1752.0,36.0,98.715,129.0,75.0,98.62,19.0,30.0,98.505,32.0,NaN,98.43,88.0,20.0,98.35,74.0,NaN,98.25,73.0,NaN,98.175,98.09,97.99,97.925,97.855,97.77,NaN,NaN,NaN,NaN,NaN,NaN,NaN,NaN,NaN,NaN,NaN,NaN,NaN,NaN,NaN,NaN,NaN,NaN,NaN,NaN,NaN,NaN,NaN,NaN,NaN,NaN,NaN,NaN,NaN,NaN
2014-06-19,NaN,NaN,NaN,NaN,NaN,NaN,NaN,NaN,NaN,NaN,NaN,NaN,NaN,NaN,NaN,99.905,32319.0,2941.0,99.9,37744.0,1319.0,99.89,22265.0,553.0,99.885,28017.0,1159.0,99.88,17813.0,226.0,99.87,13608.0,1753.0,99.86,36626.0,1423.0,99.85,29538.0,1904.0,99.83,21190.0,1729.0,99.81,24286.0,2056.0,99.78,19187.0,1645.0,99.72,20425.0,1963.0,99.68,26550.0,2984.0,99.625,19129.0,3359.0,99.535,11762.0,1519.0,99.485,10035.0,745.0,99.415,5734.0,955.0,99.315,5292.0,491.0,99.25,14040.0,835.0,99.175,6198.0,375.0,99.075,3143.0,132.0,99.01,563.0,168.0,98.935,1577.0,129.0,98.82,1751.0,1.0,98.74,124.0,5.0,98.645,19.0,NaN,98.535,32.0,NaN,98.46,88.0,NaN,98.38,74.0,NaN,98.28,73.0,NaN,98.21,98.125,98.03,97.965,97.895,97.815,NaN,NaN,NaN,NaN,NaN,NaN,NaN,NaN,NaN,NaN,NaN,NaN,NaN,NaN,NaN,NaN,NaN,NaN,NaN,NaN,NaN,NaN,NaN,NaN,NaN,NaN,NaN,NaN,NaN,NaN
2014-06-20,NaN,NaN,NaN,NaN,NaN,NaN,NaN,NaN,NaN,NaN,NaN,NaN,NaN,NaN,NaN,99.905,32218.0,191.0,99.9,38064.0,628.0,99.89,22902.0,2004.0,99.89,27859.0,474.0,99.88,17932.0,642.0,99.87,13438.0,578.0,99.86,36633.0,9.0,99.85,29476.0,174.0,99.83,21157.0,243.0,99.81,24307.0,80.0,99.78,19173.0,275.0,99.725,19967.0,2663.0,99.68,26237.0,3172.0,99.625,19301.0,2053.0,99.535,12122.0,979.0,99.485,9679.0,656.0,99.415,5965.0,887.0,99.315,5362.0,403.0,99.25,14209.0,467.0,99.175,6087.0,223.0,99.075,3162.0,100.0,99.01,545.0,122.0,98.935,1616.0,48.0,98.82,1762.0,12.0,98.74,124.0,NaN,98.645,19.0,NaN,98.535,32.0,NaN,98.46,88.0,NaN,98.38,74.0,NaN,98.28,73.0,NaN,98.21,98.125,98.03,97.965,97.895,97.815,NaN,NaN,NaN,NaN,NaN,NaN,NaN,NaN,NaN,NaN,NaN,NaN,NaN,NaN,NaN,NaN,NaN,NaN,NaN,NaN,NaN,NaN,NaN,NaN,NaN,NaN,NaN,NaN,NaN,NaN
2014-06-23,NaN,NaN,NaN,NaN,NaN,NaN,NaN,NaN,NaN,NaN,NaN,NaN,NaN,NaN,NaN,99.905,32264.0,303.0,99.9,38053.0,58.0,99.895,23002.0,128.0,99.89,27889.0,538.0,99.885,17922.0,243.0,99.87,13408.0,90.0,99.86,36615.0,288.0,99.85,29454.0,1409.0,99.83,21139.0,141.0,99.81,24295.0,210.0,99.78,19204.0,179.0,99.725,19934.0,922.0,99.68,26350.0,1660.0,99.625,19412.0,616.0,99.535,12228.0,503.0,99.485,9632.0,270.0,99.415,6112.0,583.0,99.315,6489.0,2530.0,99.25,15054.0,2545.0,99.17,7422.0,2316.0,99.07,3263.0,117.0,99.005,552.0,18.0,98.93,1626.0,26.0,98.815,1750.0,12.0,98.735,124.0,NaN,98.645,19.0,NaN,98.535,32.0,NaN,98.46,88.0,NaN,98.38,74.0,NaN,98.28,73.0,NaN,98.21,98.125,98.03,97.965,97.895,97.815,NaN,NaN,NaN,NaN,NaN,NaN,NaN,NaN,NaN,NaN,NaN,NaN,NaN,NaN,NaN,NaN,NaN,NaN,NaN,NaN,NaN,NaN,NaN,NaN,NaN,NaN,NaN,NaN,NaN,NaN
2014-06-24,NaN,NaN,NaN,NaN,NaN,NaN,NaN,NaN,NaN,NaN,NaN,NaN,NaN,NaN,NaN,99.905,32319.0,412.0,99.9,38191.0,1926.0,99.895,23113.0,749.0,99.89,27982.0,631.0,99.885,18179.0,336.0,99.87,13406.0,48.0,99.86,36649.0,209.0,99.85,29716.0,2308.0,99.83,22250.0,2204.0,99.81,24194.0,786.0,99.78,19181.0,1225.0,99.725,19921.0,1038.0,99.68,26437.0,509.0,99.625,19694.0,838.0,99.535,12583.0,1347.0,99.485,9647.0,316.0,99.415,6389.0,879.0,99.315,6539.0,332.0,99.255,15540.0,982.0,99.175,7664.0,785.0,99.075,3515.0,337.0,99.01,542.0,172.0,98.935,1636.0,18.0,98.82,1750.0,58.0,98.74,168.0,44.0,98.65,19.0,NaN,98.54,43.0,42.0,98.465,88.0,NaN,98.385,74.0,NaN,98.285,73.0,NaN,98.215,98.13,98.035,97.97,97.9,97.82,NaN,NaN,NaN,NaN,NaN,NaN,NaN,NaN,NaN,NaN,NaN,NaN,NaN,NaN,NaN,NaN,NaN,NaN,NaN,NaN,NaN,NaN,NaN,NaN,NaN,NaN,NaN,NaN,NaN,NaN
2014-06-25,NaN,NaN,NaN,NaN,NaN,NaN,NaN,NaN,NaN,NaN,NaN,NaN,NaN,NaN,NaN,99.905,31794.0,704.0,99.9,38585.0,1960.0,99.895,23088.0,668.0,99.89,27978.0,522.0,99.885,17980.0,365.0,99.875,13045.0,705.0,99.86,36642.0,1086.0,99.85,29610.0,686.0,99.83,22351.0,980.0,99.815,24914.0,979.0,99.785,19121.0,411.0,99.73,19948.0,1239.0,99.69,26465.0,1216.0,99.635,19835.0,1307.0,99.55,12371.0,1202.0,99.5,9598.0,672.0,99.435,6324.0,657.0,99.34,7063.0,1705.0,99.28,15822.0,1278.0,99.2,8144.0,834.0,99.1,3687.0,525.0,99.035,670.0,293.0,98.96,1634.0,31.0,98.845,1750.0,1.0,98.77,168.0,NaN,98.68,19.0,NaN,98.575,43.0,NaN,98.505,88.0,NaN,98.425,74.0,NaN,98.325,73.0,NaN,98.255,98.17,98.075,98.01,97.94,97.86,NaN,NaN,NaN,NaN,NaN,NaN,NaN,NaN,NaN,NaN,NaN,NaN,NaN,NaN,NaN,NaN,NaN,NaN,NaN,NaN,NaN,NaN,NaN,NaN,NaN,NaN,NaN,NaN,NaN,NaN
2014-06-26,NaN,NaN,NaN,NaN,NaN,NaN,NaN,NaN,NaN,NaN,NaN,NaN,NaN,NaN,NaN,99.905,31764.0,100.0,99.9,40523.0,6031.0,99.89,25241.0,4049.0,99.89,29978.0,3284.0,99.885,17964.0,337.0,99.875,13079.0,483.0,99.86,36753.0,1388.0,99.855,29652.0,317.0,99.835,22429.0,448.0,99.82,25457.0,1347.0,99.795,18640.0,1269.0,99.74,19762.0,999.0,99.7,26211.0,753.0,99.65,20021.0,632.0,99.57,12331.0,854.0,99.52,9667.0,1338.0,99.455,6334.0,315.0,99.36,7992.0,1530.0,99.305,16102.0,1239.0,99.23,8955.0,1453.0,99.135,4130.0,646.0,99.07,672.0,101.0,99.0,1589.0,97.0,98.89,1762.0,14.0,98.815,176.0,10.0,98.735,19.0,NaN,98.63,43.0,NaN,98.56,87.0,1.0,98.48,74.0,NaN,98.38,73.0,NaN,98.31,98.225,98.13,98.065,97.995,97.915,NaN,NaN,NaN,NaN,NaN,NaN,NaN,NaN,NaN,NaN,NaN,NaN,NaN,NaN,NaN,NaN,NaN,NaN,NaN,NaN,NaN,NaN,NaN,NaN,NaN,NaN,NaN,NaN,NaN,NaN
2014-06-27,NaN,NaN,NaN,NaN,NaN,NaN,NaN,NaN,NaN,NaN,NaN,NaN,NaN,NaN,NaN,99.905,31854.0,780.0,99.9,40513.0,2045.0,99.89,25763.0,739.0,99.89,29984.0,795.0,99.885,17942.0,361.0,99.875,13377.0,530.0,99.86,36776.0,127.0,99.855,29841.0,297.0,99.835,22333.0,132.0,99.82,25422.0,246.0,99.795,18638.0,430.0,99.74,19874.0,831.0,99.7,26605.0,1145.0,99.65,19954.0,1038.0,99.57,11955.0,1634.0,99.525,9657.0,277.0,99.46,6346.0,417.0,99.37,8510.0,1803.0,99.315,17223.0,2714.0,99.24,10752.0,2776.0,99.145,4483.0,528.0,99.08,700.0,185.0,99.01,1653.0,135.0,98.905,1762.0,3.0,98.835,176.0,NaN,98.755,19.0,NaN,98.65,43.0,NaN,98.58,87.0,NaN,98.5,74.0,NaN,98.4,73.0,NaN,98.33,98.245,98.15,98.085,98.015,97.935,NaN,NaN,NaN,NaN,NaN,NaN,NaN,NaN,NaN,NaN,NaN,NaN,NaN,NaN,NaN,NaN,NaN,NaN,NaN,NaN,NaN,NaN,NaN,NaN,NaN,NaN,NaN,NaN,NaN,NaN
2014-06-30,NaN,NaN,NaN,NaN,NaN,NaN,NaN,NaN,NaN,NaN,NaN,NaN,NaN,NaN,NaN,99.905,31829.0,50.0,99.9,41203.0,1273.0,99.89,26159.0,930.0,99.89,29958.0,947.0,99.885,18026.0,275.0,99.875,13697.0,534.0,99.86,36863.0,203.0,99.855,29752.0,613.0,99.835,22341.0,226.0,99.82,25379.0,155.0,99.8,18593.0,430.0,99.745,19901.0,130.0,99.71,26865.0,959.0,99.665,20154.0,1189.0,99.585,12060.0,705.0,99.54,9780.0,554.0,99.475,6101.0,1229.0,99.39,9283.0,1541.0,99.33,17315.0,334.0,99.255,12183.0,1780.0,99.16,4753.0,348.0,99.095,718.0,51.0,99.03,1663.0,33.0,98.925,1780.0,37.0,98.855,180.0,22.0,98.775,1.0,18.0,98.67,43.0,NaN,98.6,87.0,NaN,98.52,74.0,NaN,98.42,73.0,NaN,98.35,98.265,98.17,98.105,98.035,97.955,NaN,NaN,NaN,NaN,NaN,NaN,NaN,NaN,NaN,NaN,NaN,NaN,NaN,NaN,NaN,NaN,NaN,NaN,NaN,NaN,NaN,NaN,NaN,NaN,NaN,NaN,NaN,NaN,NaN,NaN
2014-07-01,NaN,NaN,NaN,NaN,NaN,NaN,NaN,NaN,NaN,NaN,NaN,NaN,NaN,NaN,NaN,NaN,NaN,NaN,99.9,41953.0,3160.0,99.89,26224.0,929.0,99.89,29392.0,964.0,99.885,18144.0,223.0,99.875,13652.0,224.0,99.86,37131.0,401.0,99.855,29750.0,297.0,99.835,22378.0,211.0,99.82,25486.0,995.0,99.8,18803.0,1561.0,99.745,20009.0,1453.0,99.7,26982.0,3004.0,99.655,20462.0,1253.0,99.575,12203.0,450.0,99.53,10318.0,1046.0,99.465,6048.0,897.0,99.375,10377.0,2417.0,99.31,19909.0,4838.0,99.23,12647.0,1882.0,99.135,5009.0,1697.0,99.07,697.0,269.0,99.005,1757.0,242.0,98.89,1904.0,329.0,98.82,251.0,106.0,98.74,1.0,NaN,98.635,43.0,NaN,98.565,83.0,4.0,98.485,74.0,NaN,98.385,73.0,NaN,98.315,98.23,98.135,98.07,98.0,97.92,97.835,NaN,NaN,NaN,NaN,NaN,NaN,NaN,NaN,NaN,NaN,NaN,NaN,NaN,NaN,NaN,NaN,NaN,NaN,NaN,NaN,NaN,NaN,NaN,NaN,NaN,NaN,NaN,NaN,NaN
2014-07-02,NaN,NaN,NaN,NaN,NaN,NaN,NaN,NaN,NaN,NaN,NaN,NaN,NaN,NaN,NaN,NaN,NaN,NaN,99.9,41995.0,1006.0,99.895,26533.0,1265.0,99.89,29233.0,927.0,99.885,18201.0,146.0,99.875,13771.0,433.0,99.86,36808.0,599.0,99.855,29772.0,202.0,99.835,22452.0,1542.0,99.815,25821.0,1140.0,99.79,19411.0,2203.0,99.73,20011.0,419.0,99.69,26536.0,2254.0,99.64,20574.0,1678.0,99.55,12299.0,1712.0,99.5,10476.0,1502.0,99.43,6089.0,1555.0,99.33,11659.0,4008.0,99.26,21317.0,5882.0,99.18,12726.0,1960.0,99.085,5147.0,942.0,99.02,757.0,198.0,98.945,2049.0,387.0,98.83,1901.0,175.0,98.76,256.0,11.0,98.68,1.0,3.0,98.575,43.0,1.0,98.505,82.0,1.0,98.425,74.0,NaN,98.325,73.0,NaN,98.255,98.17,98.075,98.01,97.94,97.86,97.775,NaN,NaN,NaN,NaN,NaN,NaN,NaN,NaN,NaN,NaN,NaN,NaN,NaN,NaN,NaN,NaN,NaN,NaN,NaN,NaN,NaN,NaN,NaN,NaN,NaN,NaN,NaN,NaN,NaN
2014-07-03,NaN,NaN,NaN,NaN,NaN,NaN,NaN,NaN,NaN,NaN,NaN,NaN,NaN,NaN,NaN,NaN,NaN,NaN,99.9,42040.0,610.0,99.895,26619.0,190.0,99.89,29222.0,381.0,99.89,18284.0,1107.0,99.875,13813.0,996.0,99.86,36626.0,1623.0,99.85,29485.0,2544.0,99.83,22921.0,2183.0,99.805,26351.0,1246.0,99.775,20317.0,2426.0,99.715,19011.0,3172.0,99.665,25207.0,4926.0,99.61,20228.0,2695.0,99.515,12503.0,2656.0,99.46,11098.0,1286.0,99.39,5917.0,814.0,99.29,11992.0,1174.0,99.22,21355.0,1281.0,99.135,12910.0,1040.0,99.04,5007.0,768.0,98.975,770.0,84.0,98.895,2129.0,133.0,98.78,1903.0,72.0,98.71,256.0,2.0,98.63,1.0,NaN,98.525,43.0,NaN,98.45,82.0,NaN,98.37,74.0,NaN,98.265,73.0,1.0,98.195,98.11,98.015,97.95,97.88,97.8,97.735,NaN,NaN,NaN,NaN,NaN,NaN,NaN,NaN,NaN,NaN,NaN,NaN,NaN,NaN,NaN,NaN,NaN,NaN,NaN,NaN,NaN,NaN,NaN,NaN,NaN,NaN,NaN,NaN,NaN
2014-07-07,NaN,NaN,NaN,NaN,NaN,NaN,NaN,NaN,NaN,NaN,NaN,NaN,NaN,NaN,NaN,NaN,NaN,NaN,99.9025,41759.0,3799.0,99.9,24521.0,3278.0,99.895,29571.0,860.0,99.89,18141.0,413.0,99.875,13816.0,1112.0,99.86,36718.0,807.0,99.845,29480.0,528.0,99.82,22679.0,2040.0,99.8,26668.0,1952.0,99.765,20513.0,1790.0,99.7,19209.0,1043.0,99.655,25712.0,1781.0,99.595,20281.0,622.0,99.5,12563.0,351.0,99.445,11173.0,225.0,99.37,5957.0,461.0,99.27,12291.0,1534.0,99.205,20737.0,2334.0,99.12,12886.0,488.0,99.025,4961.0,174.0,98.96,786.0,21.0,98.88,2271.0,195.0,98.765,1787.0,167.0,98.695,261.0,5.0,98.615,1.0,NaN,98.51,43.0,NaN,98.435,82.0,NaN,98.355,74.0,NaN,98.25,73.0,NaN,98.18,98.1,98.005,97.94,97.87,97.79,97.735,NaN,NaN,NaN,NaN,NaN,NaN,NaN,NaN,NaN,NaN,NaN,NaN,NaN,NaN,NaN,NaN,NaN,NaN,NaN,NaN,NaN,NaN,NaN,NaN,NaN,NaN,NaN,NaN,NaN
2014-07-08,NaN,NaN,NaN,NaN,NaN,NaN,NaN,NaN,NaN,NaN,NaN,NaN,NaN,NaN,NaN,NaN,NaN,NaN,99.9025,39518.0,2676.0,99.9,24571.0,104.0,99.895,29537.0,451.0,99.89,18019.0,955.0,99.875,13847.0,63.0,99.865,36524.0,712.0,99.85,29800.0,1430.0,99.825,22692.0,1455.0,99.8,27507.0,1984.0,99.775,20638.0,1811.0,99.71,19064.0,1698.0,99.66,26594.0,1389.0,99.605,20645.0,2174.0,99.51,12762.0,1289.0,99.46,11186.0,387.0,99.385,5942.0,476.0,99.285,12384.0,579.0,99.22,20977.0,925.0,99.14,12933.0,186.0,99.045,4981.0,90.0,98.98,786.0,32.0,98.9,2270.0,47.0,98.79,1787.0,16.0,98.72,261.0,3.0,98.64,1.0,NaN,98.54,43.0,NaN,98.465,82.0,NaN,98.385,74.0,NaN,98.285,73.0,NaN,98.215,98.14,98.045,97.98,97.915,97.835,97.785,NaN,NaN,NaN,NaN,NaN,NaN,NaN,NaN,NaN,NaN,NaN,NaN,NaN,NaN,NaN,NaN,NaN,NaN,NaN,NaN,NaN,NaN,NaN,NaN,NaN,NaN,NaN,NaN,NaN
2014-07-09,NaN,NaN,NaN,NaN,NaN,NaN,NaN,NaN,NaN,NaN,NaN,NaN,NaN,NaN,NaN,NaN,NaN,NaN,99.9025,38187.0,2652.0,99.9,26413.0,6496.0,99.895,30704.0,3650.0,99.89,19099.0,1782.0,99.875,14630.0,3360.0,99.865,37577.0,4087.0,99.85,29463.0,5101.0,99.825,24935.0,7439.0,99.8,28900.0,5458.0,99.775,23206.0,8401.0,99.71,20728.0,9024.0,99.66,27315.0,8783.0,99.605,20652.0,5178.0,99.515,13185.0,2689.0,99.465,11140.0,931.0,99.395,6003.0,1666.0,99.305,12474.0,1207.0,99.24,20930.0,1801.0,99.165,12916.0,1215.0,99.075,4952.0,558.0,99.015,857.0,157.0,98.94,2296.0,76.0,98.83,1774.0,31.0,98.76,256.0,5.0,98.68,1.0,NaN,98.58,43.0,NaN,98.51,82.0,NaN,98.435,74.0,NaN,98.335,73.0,NaN,98.27,98.195,98.1,98.035,97.97,97.89,97.84,NaN,NaN,NaN,NaN,NaN,NaN,NaN,NaN,NaN,NaN,NaN,NaN,NaN,NaN,NaN,NaN,NaN,NaN,NaN,NaN,NaN,NaN,NaN,NaN,NaN,NaN,NaN,NaN,NaN
2014-07-10,NaN,NaN,NaN,NaN,NaN,NaN,NaN,NaN,NaN,NaN,NaN,NaN,NaN,NaN,NaN,NaN,NaN,NaN,99.905,38125.0,483.0,99.905,25837.0,2326.0,99.9,30824.0,3049.0,99.895,19331.0,2228.0,99.89,15369.0,5263.0,99.88,36892.0,10396.0,99.875,31253.0,7982.0,99.865,27239.0,12791.0,99.845,30348.0,10376.0,99.815,23810.0,12901.0,99.76,21024.0,10173.0,99.72,25935.0,10111.0,99.665,20578.0,4235.0,99.57,13693.0,3041.0,99.52,11181.0,1399.0,99.45,6139.0,1790.0,99.355,13308.0,1822.0,99.295,21163.0,1273.0,99.215,12956.0,890.0,99.125,5079.0,764.0,99.065,880.0,119.0,98.99,2392.0,250.0,98.88,1747.0,89.0,98.81,256.0,NaN,98.73,1.0,NaN,98.63,43.0,NaN,98.56,82.0,NaN,98.485,74.0,NaN,98.385,73.0,NaN,98.32,98.24,98.14,98.075,98.01,97.93,97.88,NaN,NaN,NaN,NaN,NaN,NaN,NaN,NaN,NaN,NaN,NaN,NaN,NaN,NaN,NaN,NaN,NaN,NaN,NaN,NaN,NaN,NaN,NaN,NaN,NaN,NaN,NaN,NaN,NaN
2014-07-11,NaN,NaN,NaN,NaN,NaN,NaN,NaN,NaN,NaN,NaN,NaN,NaN,NaN,NaN,NaN,NaN,NaN,NaN,99.9075,38080.0,1656.0,99.905,26009.0,593.0,99.9,30847.0,672.0,99.895,20346.0,1626.0,99.89,16910.0,2739.0,99.885,35693.0,4560.0,99.88,31673.0,3252.0,99.87,27229.0,5526.0,99.855,28331.0,7889.0,99.825,23401.0,5221.0,99.77,21606.0,4655.0,99.73,24693.0,5630.0,99.675,20239.0,3138.0,99.585,14419.0,2673.0,99.53,11324.0,1286.0,99.46,6213.0,1624.0,99.365,13466.0,1832.0,99.31,22647.0,2787.0,99.225,14045.0,1674.0,99.135,5520.0,573.0,99.075,919.0,212.0,99.0,2438.0,98.0,98.895,1821.0,89.0,98.825,305.0,66.0,98.755,10.0,14.0,98.655,43.0,NaN,98.585,82.0,NaN,98.51,74.0,NaN,98.41,73.0,NaN,98.345,98.265,98.165,98.1,98.035,97.955,97.905,NaN,NaN,NaN,NaN,NaN,NaN,NaN,NaN,NaN,NaN,NaN,NaN,NaN,NaN,NaN,NaN,NaN,NaN,NaN,NaN,NaN,NaN,NaN,NaN,NaN,NaN,NaN,NaN,NaN
2014-07-14,NaN,NaN,NaN,NaN,NaN,NaN,NaN,NaN,NaN,NaN,NaN,NaN,NaN,NaN,NaN,NaN,NaN,NaN,99.9075,38117.0,178.0,99.905,26106.0,1090.0,99.9,31115.0,350.0,99.895,20364.0,64.0,99.89,17454.0,758.0,99.885,36201.0,904.0,99.88,31832.0,1135.0,99.87,28462.0,2787.0,99.85,28042.0,1720.0,99.82,23627.0,841.0,99.765,21568.0,502.0,99.725,24674.0,2020.0,99.67,20330.0,308.0,99.575,14414.0,754.0,99.52,11459.0,283.0,99.45,6335.0,287.0,99.35,13372.0,335.0,99.29,22712.0,677.0,99.215,14340.0,476.0,99.125,5786.0,386.0,99.065,970.0,94.0,98.985,2454.0,46.0,98.88,1822.0,29.0,98.81,321.0,30.0,98.735,10.0,NaN,98.625,43.0,NaN,98.55,82.0,NaN,98.475,74.0,NaN,98.375,73.0,NaN,98.305,98.22,98.12,98.055,97.99,97.91,97.86,NaN,NaN,NaN,NaN,NaN,NaN,NaN,NaN,NaN,NaN,NaN,NaN,NaN,NaN,NaN,NaN,NaN,NaN,NaN,NaN,NaN,NaN,NaN,NaN,NaN,NaN,NaN,NaN,NaN
2014-07-15,NaN,NaN,NaN,NaN,NaN,NaN,NaN,NaN,NaN,NaN,NaN,NaN,NaN,NaN,NaN,NaN,NaN,NaN,99.9075,38268.0,375.0,99.905,26304.0,532.0,99.9,31105.0,42.0,99.895,20330.0,417.0,99.89,17378.0,450.0,99.885,35020.0,3361.0,99.875,32917.0,1933.0,99.86,29482.0,3366.0,99.835,28061.0,2305.0,99.805,25032.0,5353.0,99.75,21053.0,3161.0,99.705,23846.0,3354.0,99.645,20556.0,2594.0,99.55,14836.0,1617.0,99.495,11213.0,1300.0,99.42,6352.0,1026.0,99.32,13712.0,1123.0,99.255,22833.0,858.0,99.17,14255.0,544.0,99.08,5847.0,655.0,99.02,1059.0,226.0,98.935,2539.0,215.0,98.83,1829.0,49.0,98.76,313.0,18.0,98.68,10.0,NaN,98.57,43.0,NaN,98.495,82.0,NaN,98.42,74.0,NaN,98.32,73.0,NaN,98.25,98.165,98.065,98.0,97.935,97.855,97.805,NaN,NaN,NaN,NaN,NaN,NaN,NaN,NaN,NaN,NaN,NaN,NaN,NaN,NaN,NaN,NaN,NaN,NaN,NaN,NaN,NaN,NaN,NaN,NaN,NaN,NaN,NaN,NaN,NaN
2014-07-16,NaN,NaN,NaN,NaN,NaN,NaN,NaN,NaN,NaN,NaN,NaN,NaN,NaN,NaN,NaN,NaN,NaN,NaN,99.9075,38268.0,NaN,99.905,26303.0,52.0,99.9,31105.0,1.0,99.895,20326.0,13.0,99.89,17204.0,982.0,99.885,35023.0,277.0,99.875,32716.0,285.0,99.86,29612.0,505.0,99.835,27733.0,717.0,99.8,25148.0,1746.0,99.745,21908.0,2401.0,99.7,23976.0,2773.0,99.635,20938.0,4232.0,99.535,15942.0,2128.0,99.48,10915.0,733.0,99.4,6491.0,719.0,99.3,13587.0,495.0,99.235,22693.0,875.0,99.155,14225.0,233.0,99.06,5736.0,197.0,98.995,1043.0,20.0,98.91,2535.0,89.0,98.805,1829.0,41.0,98.735,313.0,NaN,98.655,10.0,NaN,98.545,31.0,30.0,98.47,82.0,NaN,98.395,74.0,NaN,98.295,118.0,45.0,98.22,98.135,98.035,97.97,97.905,97.825,97.78,NaN,NaN,NaN,NaN,NaN,NaN,NaN,NaN,NaN,NaN,NaN,NaN,NaN,NaN,NaN,NaN,NaN,NaN,NaN,NaN,NaN,NaN,NaN,NaN,NaN,NaN,NaN,NaN,NaN
2014-07-17,NaN,NaN,NaN,NaN,NaN,NaN,NaN,NaN,NaN,NaN,NaN,NaN,NaN,NaN,NaN,NaN,NaN,NaN,99.9075,38298.0,58.0,99.905,26273.0,41.0,99.9,31104.0,57.0,99.895,20405.0,407.0,99.89,16938.0,703.0,99.885,34933.0,713.0,99.875,32326.0,657.0,99.86,29628.0,1371.0,99.84,28143.0,997.0,99.81,25403.0,1163.0,99.755,23004.0,3251.0,99.71,23698.0,2938.0,99.645,20810.0,3450.0,99.55,16034.0,1497.0,99.5,9198.0,2807.0,99.42,6367.0,1495.0,99.325,13812.0,1143.0,99.265,21677.0,1855.0,99.185,14148.0,410.0,99.09,5743.0,43.0,99.025,992.0,78.0,98.94,2694.0,212.0,98.835,1880.0,121.0,98.765,261.0,59.0,98.685,10.0,NaN,98.575,31.0,NaN,98.5,82.0,NaN,98.425,74.0,NaN,98.325,118.0,NaN,98.25,98.17,98.075,98.02,97.96,97.88,97.835,NaN,NaN,NaN,NaN,NaN,NaN,NaN,NaN,NaN,NaN,NaN,NaN,NaN,NaN,NaN,NaN,NaN,NaN,NaN,NaN,NaN,NaN,NaN,NaN,NaN,NaN,NaN,NaN,NaN
2014-07-18,NaN,NaN,NaN,NaN,NaN,NaN,NaN,NaN,NaN,NaN,NaN,NaN,NaN,NaN,NaN,NaN,NaN,NaN,99.9075,38389.0,161.0,99.905,26297.0,57.0,99.9,31055.0,57.0,99.9,20572.0,213.0,99.89,16830.0,1035.0,99.885,35608.0,1808.0,99.875,32773.0,2562.0,99.86,29826.0,2724.0,99.835,28441.0,1782.0,99.8,27096.0,3010.0,99.745,23654.0,1823.0,99.7,23865.0,2279.0,99.635,20897.0,913.0,99.535,16011.0,690.0,99.485,9217.0,1310.0,99.405,6562.0,973.0,99.305,13848.0,858.0,99.245,21540.0,1042.0,99.165,14145.0,240.0,99.07,5734.0,56.0,99.005,1007.0,27.0,98.92,2705.0,13.0,98.815,1879.0,6.0,98.745,261.0,NaN,98.665,10.0,NaN,98.555,31.0,NaN,98.48,82.0,NaN,98.405,74.0,NaN,98.305,118.0,NaN,98.23,98.15,98.055,98.0,97.94,97.86,97.815,NaN,NaN,NaN,NaN,NaN,NaN,NaN,NaN,NaN,NaN,NaN,NaN,NaN,NaN,NaN,NaN,NaN,NaN,NaN,NaN,NaN,NaN,NaN,NaN,NaN,NaN,NaN,NaN,NaN
2014-07-21,NaN,NaN,NaN,NaN,NaN,NaN,NaN,NaN,NaN,NaN,NaN,NaN,NaN,NaN,NaN,NaN,NaN,NaN,99.9075,38132.0,458.0,99.905,26502.0,385.0,99.9,30998.0,305.0,99.9,20652.0,216.0,99.89,16584.0,797.0,99.885,35412.0,513.0,99.875,32717.0,349.0,99.86,29943.0,1826.0,99.835,28687.0,551.0,99.8,27315.0,1252.0,99.74,23552.0,814.0,99.695,23753.0,414.0,99.63,21067.0,794.0,99.53,16306.0,673.0,99.475,9339.0,386.0,99.395,6625.0,380.0,99.29,13858.0,98.0,99.225,21396.0,319.0,99.145,14113.0,136.0,99.05,5729.0,44.0,98.98,1001.0,7.0,98.895,2726.0,30.0,98.79,1878.0,1.0,98.72,261.0,NaN,98.635,10.0,NaN,98.525,31.0,NaN,98.45,82.0,NaN,98.375,74.0,NaN,98.275,118.0,NaN,98.2,98.12,98.025,97.97,97.91,97.83,97.785,NaN,NaN,NaN,NaN,NaN,NaN,NaN,NaN,NaN,NaN,NaN,NaN,NaN,NaN,NaN,NaN,NaN,NaN,NaN,NaN,NaN,NaN,NaN,NaN,NaN,NaN,NaN,NaN,NaN
2014-07-22,NaN,NaN,NaN,NaN,NaN,NaN,NaN,NaN,NaN,NaN,NaN,NaN,NaN,NaN,NaN,NaN,NaN,NaN,99.9075,38130.0,267.0,99.905,27581.0,3306.0,99.9,31255.0,1797.0,99.9,20466.0,869.0,99.89,16545.0,106.0,99.885,35523.0,1044.0,99.875,32741.0,207.0,99.86,29748.0,673.0,99.835,28968.0,1578.0,99.8,27425.0,1760.0,99.74,23808.0,1124.0,99.7,24448.0,3517.0,99.63,21638.0,1753.0,99.535,16382.0,613.0,99.48,9125.0,759.0,99.4,6667.0,547.0,99.3,13855.0,427.0,99.235,21377.0,1110.0,99.155,14053.0,505.0,99.06,5758.0,150.0,98.99,1001.0,6.0,98.905,2730.0,11.0,98.8,1857.0,23.0,98.73,261.0,1.0,98.645,10.0,NaN,98.54,31.0,NaN,98.465,82.0,NaN,98.395,74.0,NaN,98.295,118.0,NaN,98.225,98.145,98.055,98.0,97.94,97.865,97.82,NaN,NaN,NaN,NaN,NaN,NaN,NaN,NaN,NaN,NaN,NaN,NaN,NaN,NaN,NaN,NaN,NaN,NaN,NaN,NaN,NaN,NaN,NaN,NaN,NaN,NaN,NaN,NaN,NaN
2014-07-23,NaN,NaN,NaN,NaN,NaN,NaN,NaN,NaN,NaN,NaN,NaN,NaN,NaN,NaN,NaN,NaN,NaN,NaN,99.9075,37998.0,155.0,99.905,27648.0,1272.0,99.9,31254.0,25.0,99.9,20482.0,430.0,99.89,16602.0,345.0,99.885,34971.0,1261.0,99.875,32847.0,379.0,99.86,29658.0,711.0,99.835,29010.0,944.0,99.8,27770.0,571.0,99.745,23995.0,820.0,99.7,24307.0,709.0,99.635,21678.0,1192.0,99.54,16684.0,1164.0,99.49,9029.0,387.0,99.41,6769.0,527.0,99.315,13936.0,423.0,99.25,21389.0,397.0,99.17,14131.0,433.0,99.075,5757.0,119.0,99.01,961.0,49.0,98.935,2730.0,NaN,98.83,1920.0,129.0,98.76,261.0,NaN,98.675,10.0,NaN,98.57,31.0,NaN,98.495,82.0,NaN,98.425,74.0,NaN,98.325,118.0,NaN,98.255,98.175,98.085,98.03,97.97,97.895,97.85,NaN,NaN,NaN,NaN,NaN,NaN,NaN,NaN,NaN,NaN,NaN,NaN,NaN,NaN,NaN,NaN,NaN,NaN,NaN,NaN,NaN,NaN,NaN,NaN,NaN,NaN,NaN,NaN,NaN
2014-07-24,NaN,NaN,NaN,NaN,NaN,NaN,NaN,NaN,NaN,NaN,NaN,NaN,NaN,NaN,NaN,NaN,NaN,NaN,99.9075,38198.0,204.0,99.905,27975.0,454.0,99.9,31474.0,1089.0,99.9,20298.0,910.0,99.89,16557.0,233.0,99.885,35311.0,842.0,99.875,32260.0,1876.0,99.86,29780.0,351.0,99.83,30396.0,2103.0,99.795,27637.0,1601.0,99.735,23734.0,3208.0,99.69,24476.0,2668.0,99.62,21851.0,1282.0,99.525,16608.0,738.0,99.47,8923.0,775.0,99.39,7062.0,707.0,99.29,14066.0,696.0,99.23,21339.0,739.0,99.145,14003.0,379.0,99.045,5750.0,204.0,98.98,951.0,16.0,98.905,2735.0,9.0,98.795,1916.0,20.0,98.72,261.0,NaN,98.635,10.0,NaN,98.52,31.0,NaN,98.445,82.0,NaN,98.375,74.0,NaN,98.275,118.0,NaN,98.205,98.125,98.035,97.975,97.91,97.83,97.785,NaN,NaN,NaN,NaN,NaN,NaN,NaN,NaN,NaN,NaN,NaN,NaN,NaN,NaN,NaN,NaN,NaN,NaN,NaN,NaN,NaN,NaN,NaN,NaN,NaN,NaN,NaN,NaN,NaN
2014-07-25,NaN,NaN,NaN,NaN,NaN,NaN,NaN,NaN,NaN,NaN,NaN,NaN,NaN,NaN,NaN,NaN,NaN,NaN,99.9075,38194.0,28.0,99.905,28062.0,234.0,99.9,31464.0,538.0,99.9,20162.0,356.0,99.89,16701.0,680.0,99.885,34844.0,1424.0,99.875,32556.0,846.0,99.86,29782.0,943.0,99.83,30526.0,428.0,99.795,27630.0,955.0,99.74,24096.0,1486.0,99.695,25082.0,1349.0,99.63,21785.0,518.0,99.535,17900.0,1908.0,99.48,8917.0,698.0,99.4,7312.0,642.0,99.305,14227.0,660.0,99.245,21363.0,477.0,99.16,14006.0,239.0,99.06,5730.0,128.0,98.995,945.0,14.0,98.92,2736.0,2.0,98.81,1930.0,18.0,98.735,261.0,NaN,98.65,10.0,NaN,98.535,31.0,NaN,98.465,82.0,NaN,98.395,74.0,NaN,98.295,118.0,NaN,98.225,98.145,98.055,97.995,97.93,97.85,97.805,NaN,NaN,NaN,NaN,NaN,NaN,NaN,NaN,NaN,NaN,NaN,NaN,NaN,NaN,NaN,NaN,NaN,NaN,NaN,NaN,NaN,NaN,NaN,NaN,NaN,NaN,NaN,NaN,NaN
2014-07-28,NaN,NaN,NaN,NaN,NaN,NaN,NaN,NaN,NaN,NaN,NaN,NaN,NaN,NaN,NaN,NaN,NaN,NaN,99.9075,38142.0,91.0,99.905,28061.0,3.0,99.9,31534.0,92.0,99.9,20031.0,346.0,99.89,16690.0,398.0,99.885,34504.0,473.0,99.875,32109.0,715.0,99.855,29956.0,981.0,99.825,30340.0,897.0,99.785,28126.0,2296.0,99.725,24179.0,1043.0,99.68,25192.0,1630.0,99.615,22353.0,1441.0,99.515,18373.0,1427.0,99.46,8872.0,1096.0,99.38,7371.0,415.0,99.28,14336.0,324.0,99.215,21137.0,849.0,99.135,13847.0,234.0,99.03,5730.0,88.0,98.965,1022.0,126.0,98.88,2768.0,32.0,98.77,2074.0,183.0,98.695,303.0,88.0,98.61,10.0,NaN,98.5,31.0,NaN,98.43,68.0,29.0,98.36,74.0,NaN,98.26,118.0,NaN,98.19,98.11,98.02,97.96,97.895,97.82,97.775,NaN,NaN,NaN,NaN,NaN,NaN,NaN,NaN,NaN,NaN,NaN,NaN,NaN,NaN,NaN,NaN,NaN,NaN,NaN,NaN,NaN,NaN,NaN,NaN,NaN,NaN,NaN,NaN,NaN
2014-07-29,NaN,NaN,NaN,NaN,NaN,NaN,NaN,NaN,NaN,NaN,NaN,NaN,NaN,NaN,NaN,NaN,NaN,NaN,99.9075,38094.0,1014.0,99.905,28247.0,520.0,99.9,31653.0,369.0,99.9,20470.0,577.0,99.89,16896.0,333.0,99.885,34322.0,841.0,99.875,32417.0,968.0,99.855,32405.0,4247.0,99.825,30334.0,2216.0,99.785,29334.0,5662.0,99.725,24418.0,1296.0,99.68,25934.0,1354.0,99.615,22117.0,664.0,99.515,19573.0,2421.0,99.46,8432.0,1419.0,99.38,7472.0,348.0,99.28,14511.0,393.0,99.215,21140.0,489.0,99.135,13876.0,1018.0,99.03,5670.0,334.0,98.965,1112.0,160.0,98.88,2923.0,228.0,98.77,2002.0,214.0,98.695,414.0,113.0,98.61,135.0,134.0,98.5,19.0,12.0,98.435,68.0,NaN,98.365,74.0,NaN,98.265,118.0,NaN,98.195,98.12,98.03,97.975,97.91,97.835,97.79,NaN,NaN,NaN,NaN,NaN,NaN,NaN,NaN,NaN,NaN,NaN,NaN,NaN,NaN,NaN,NaN,NaN,NaN,NaN,NaN,NaN,NaN,NaN,NaN,NaN,NaN,NaN,NaN,NaN
2014-07-30,NaN,NaN,NaN,NaN,NaN,NaN,NaN,NaN,NaN,NaN,NaN,NaN,NaN,NaN,NaN,NaN,NaN,NaN,99.9075,37880.0,512.0,99.905,29938.0,2388.0,99.9,31725.0,577.0,99.9,21668.0,2696.0,99.89,16666.0,1111.0,99.885,33808.0,2169.0,99.875,32033.0,1594.0,99.855,32333.0,4984.0,99.825,30162.0,4353.0,99.78,30844.0,7893.0,99.72,25451.0,5776.0,99.67,25710.0,7067.0,99.6,24795.0,7828.0,99.5,20794.0,5011.0,99.445,8085.0,1683.0,99.36,6284.0,2701.0,99.255,14514.0,1094.0,99.19,21302.0,3314.0,99.11,13588.0,2105.0,99.005,5681.0,736.0,98.935,1051.0,107.0,98.85,3018.0,207.0,98.74,2058.0,97.0,98.665,416.0,2.0,98.58,137.0,2.0,98.47,19.0,NaN,98.4,68.0,NaN,98.325,74.0,NaN,98.215,118.0,NaN,98.14,98.06,97.965,97.905,97.835,97.76,97.71,NaN,NaN,NaN,NaN,NaN,NaN,NaN,NaN,NaN,NaN,NaN,NaN,NaN,NaN,NaN,NaN,NaN,NaN,NaN,NaN,NaN,NaN,NaN,NaN,NaN,NaN,NaN,NaN,NaN
2014-07-31,NaN,NaN,NaN,NaN,NaN,NaN,NaN,NaN,NaN,NaN,NaN,NaN,NaN,NaN,NaN,NaN,NaN,NaN,99.9075,37875.0,15.0,99.905,29924.0,27.0,99.9,31725.0,5.0,99.9,21643.0,39.0,99.89,16646.0,390.0,99.885,33362.0,785.0,99.875,32190.0,2344.0,99.855,29964.0,9308.0,99.825,30039.0,4171.0,99.78,28725.0,10825.0,99.72,26745.0,5065.0,99.67,25913.0,3556.0,99.6,28051.0,6544.0,99.5,21252.0,2202.0,99.445,7853.0,1212.0,99.365,6554.0,1024.0,99.265,14260.0,544.0,99.195,21579.0,788.0,99.115,13603.0,615.0,99.01,5644.0,212.0,98.94,983.0,126.0,98.855,3017.0,28.0,98.745,2061.0,4.0,98.67,432.0,16.0,98.585,137.0,NaN,98.475,19.0,NaN,98.405,68.0,NaN,98.325,74.0,NaN,98.215,118.0,1.0,98.14,98.06,97.965,97.905,97.835,97.76,97.71,NaN,NaN,NaN,NaN,NaN,NaN,NaN,NaN,NaN,NaN,NaN,NaN,NaN,NaN,NaN,NaN,NaN,NaN,NaN,NaN,NaN,NaN,NaN,NaN,NaN,NaN,NaN,NaN,NaN
2014-08-01,NaN,NaN,NaN,NaN,NaN,NaN,NaN,NaN,NaN,NaN,NaN,NaN,NaN,NaN,NaN,NaN,NaN,NaN,NaN,NaN,NaN,99.905,29955.0,51.0,99.9,31724.0,5.0,99.9,21536.0,322.0,99.89,19422.0,5633.0,99.885,33159.0,886.0,99.875,32493.0,1870.0,99.86,30710.0,6181.0,99.84,31198.0,4580.0,99.8,29199.0,8507.0,99.75,29919.0,9820.0,99.705,25900.0,7170.0,99.64,29445.0,7044.0,99.55,21286.0,3035.0,99.5,7944.0,1839.0,99.43,6826.0,1367.0,99.335,14531.0,1360.0,99.275,21554.0,1699.0,99.2,13579.0,915.0,99.1,5551.0,352.0,99.035,1185.0,341.0,98.95,3024.0,17.0,98.84,2050.0,24.0,98.765,503.0,91.0,98.68,137.0,NaN,98.575,115.0,114.0,98.505,68.0,NaN,98.425,74.0,NaN,98.315,118.0,NaN,98.24,98.16,98.065,98.005,97.935,97.86,97.81,97.75,NaN,NaN,NaN,NaN,NaN,NaN,NaN,NaN,NaN,NaN,NaN,NaN,NaN,NaN,NaN,NaN,NaN,NaN,NaN,NaN,NaN,NaN,NaN,NaN,NaN,NaN,NaN,NaN
2014-08-04,NaN,NaN,NaN,NaN,NaN,NaN,NaN,NaN,NaN,NaN,NaN,NaN,NaN,NaN,NaN,NaN,NaN,NaN,NaN,NaN,NaN,99.9075,29868.0,225.0,99.9,31573.0,2165.0,99.9,21561.0,131.0,99.89,19921.0,1078.0,99.885,33103.0,120.0,99.875,32611.0,782.0,99.86,30787.0,1322.0,99.84,31743.0,1165.0,99.8,29735.0,2724.0,99.75,32113.0,4464.0,99.705,27403.0,3694.0,99.64,29767.0,3772.0,99.55,21675.0,1977.0,99.5,8054.0,704.0,99.43,7161.0,1028.0,99.34,14500.0,950.0,99.275,22120.0,1228.0,99.2,14599.0,1836.0,99.105,6007.0,741.0,99.04,1256.0,372.0,98.965,3229.0,258.0,98.865,1998.0,105.0,98.795,494.0,22.0,98.71,137.0,21.0,98.61,278.0,163.0,98.54,68.0,1.0,98.46,74.0,1.0,98.35,118.0,NaN,98.275,98.195,98.1,98.04,97.97,97.895,97.845,97.785,NaN,NaN,NaN,NaN,NaN,NaN,NaN,NaN,NaN,NaN,NaN,NaN,NaN,NaN,NaN,NaN,NaN,NaN,NaN,NaN,NaN,NaN,NaN,NaN,NaN,NaN,NaN,NaN
2014-08-05,NaN,NaN,NaN,NaN,NaN,NaN,NaN,NaN,NaN,NaN,NaN,NaN,NaN,NaN,NaN,NaN,NaN,NaN,NaN,NaN,NaN,99.9075,29754.0,299.0,99.9,31481.0,1968.0,99.9,21592.0,37.0,99.89,19886.0,427.0,99.885,33261.0,362.0,99.875,32697.0,257.0,99.86,31145.0,3105.0,99.84,32383.0,1411.0,99.8,30746.0,2202.0,99.75,32352.0,2690.0,99.705,27264.0,780.0,99.64,29583.0,1073.0,99.55,24500.0,4418.0,99.5,7350.0,4258.0,99.43,7709.0,3722.0,99.34,16055.0,2817.0,99.275,22964.0,2761.0,99.195,14909.0,1027.0,99.1,6138.0,352.0,99.035,1252.0,63.0,98.96,3271.0,56.0,98.86,1975.0,112.0,98.79,493.0,8.0,98.705,149.0,20.0,98.605,291.0,14.0,98.535,68.0,NaN,98.45,74.0,NaN,98.34,118.0,NaN,98.265,98.185,98.09,98.03,97.96,97.885,97.835,97.775,NaN,NaN,NaN,NaN,NaN,NaN,NaN,NaN,NaN,NaN,NaN,NaN,NaN,NaN,NaN,NaN,NaN,NaN,NaN,NaN,NaN,NaN,NaN,NaN,NaN,NaN,NaN,NaN
2014-08-06,NaN,NaN,NaN,NaN,NaN,NaN,NaN,NaN,NaN,NaN,NaN,NaN,NaN,NaN,NaN,NaN,NaN,NaN,NaN,NaN,NaN,99.9075,29755.0,12.0,99.905,30690.0,1021.0,99.9,21567.0,131.0,99.89,19899.0,109.0,99.885,33159.0,271.0,99.875,32538.0,230.0,99.86,33025.0,2709.0,99.84,33232.0,1867.0,99.8,33078.0,4973.0,99.75,32873.0,2794.0,99.705,27330.0,2426.0,99.64,30011.0,2858.0,99.555,25542.0,4344.0,99.505,7323.0,1551.0,99.435,8237.0,3431.0,99.345,17921.0,3841.0,99.28,23306.0,2833.0,99.2,16035.0,2016.0,99.105,6406.0,596.0,99.04,1412.0,432.0,98.965,3357.0,156.0,98.865,2125.0,190.0,98.795,439.0,56.0,98.71,137.0,15.0,98.61,284.0,17.0,98.54,68.0,NaN,98.455,74.0,NaN,98.345,118.0,NaN,98.27,98.19,98.095,98.035,97.965,97.89,97.84,97.78,NaN,NaN,NaN,NaN,NaN,NaN,NaN,NaN,NaN,NaN,NaN,NaN,NaN,NaN,NaN,NaN,NaN,NaN,NaN,NaN,NaN,NaN,NaN,NaN,NaN,NaN,NaN,NaN
2014-08-07,NaN,NaN,NaN,NaN,NaN,NaN,NaN,NaN,NaN,NaN,NaN,NaN,NaN,NaN,NaN,NaN,NaN,NaN,NaN,NaN,NaN,99.9075,29789.0,133.0,99.905,30561.0,270.0,99.905,22242.0,1239.0,99.895,19900.0,151.0,99.89,33222.0,232.0,99.88,32530.0,155.0,99.865,32926.0,622.0,99.845,32744.0,1086.0,99.81,32163.0,4442.0,99.765,34999.0,5310.0,99.72,26565.0,4580.0,99.66,29847.0,2361.0,99.575,26946.0,4399.0,99.525,7782.0,1774.0,99.455,8832.0,1765.0,99.37,18319.0,1616.0,99.31,23940.0,1909.0,99.235,16869.0,1900.0,99.145,6744.0,649.0,99.085,1549.0,179.0,99.01,3370.0,50.0,98.91,2125.0,46.0,98.84,427.0,12.0,98.755,137.0,6.0,98.655,284.0,NaN,98.585,68.0,NaN,98.5,74.0,NaN,98.395,118.0,NaN,98.325,98.245,98.15,98.095,98.025,97.95,97.9,97.855,NaN,NaN,NaN,NaN,NaN,NaN,NaN,NaN,NaN,NaN,NaN,NaN,NaN,NaN,NaN,NaN,NaN,NaN,NaN,NaN,NaN,NaN,NaN,NaN,NaN,NaN,NaN,NaN
2014-08-08,NaN,NaN,NaN,NaN,NaN,NaN,NaN,NaN,NaN,NaN,NaN,NaN,NaN,NaN,NaN,NaN,NaN,NaN,NaN,NaN,NaN,99.91,31096.0,2905.0,99.905,29766.0,858.0,99.905,22276.0,96.0,99.895,19336.0,1138.0,99.89,33254.0,233.0,99.88,32334.0,1061.0,99.87,33114.0,1270.0,99.845,33199.0,2531.0,99.815,32081.0,3805.0,99.765,35146.0,3903.0,99.72,26364.0,1487.0,99.66,29441.0,3980.0,99.575,28241.0,3182.0,99.525,7967.0,1278.0,99.455,9731.0,2358.0,99.365,19302.0,2325.0,99.305,23878.0,1234.0,99.225,17010.0,803.0,99.135,7139.0,684.0,99.075,1597.0,86.0,99.0,3728.0,578.0,98.895,2122.0,8.0,98.825,427.0,3.0,98.74,137.0,5.0,98.64,288.0,4.0,98.57,68.0,NaN,98.485,74.0,NaN,98.38,118.0,NaN,98.31,98.23,98.135,98.08,98.01,97.935,97.885,97.84,NaN,NaN,NaN,NaN,NaN,NaN,NaN,NaN,NaN,NaN,NaN,NaN,NaN,NaN,NaN,NaN,NaN,NaN,NaN,NaN,NaN,NaN,NaN,NaN,NaN,NaN,NaN,NaN
2014-08-11,NaN,NaN,NaN,NaN,NaN,NaN,NaN,NaN,NaN,NaN,NaN,NaN,NaN,NaN,NaN,NaN,NaN,NaN,NaN,NaN,NaN,99.91,31101.0,35.0,99.905,30090.0,1291.0,99.905,22296.0,20.0,99.895,19335.0,112.0,99.89,33262.0,8.0,99.88,32335.0,16.0,99.87,33244.0,686.0,99.85,33167.0,846.0,99.815,33529.0,1890.0,99.765,35613.0,1204.0,99.72,26186.0,421.0,99.66,29249.0,689.0,99.575,28237.0,148.0,99.525,8063.0,343.0,99.45,9770.0,968.0,99.355,20015.0,1516.0,99.295,24221.0,520.0,99.22,17151.0,897.0,99.13,7279.0,1110.0,99.07,1666.0,179.0,98.995,3717.0,24.0,98.89,2122.0,57.0,98.82,426.0,2.0,98.735,137.0,1.0,98.635,288.0,NaN,98.565,68.0,NaN,98.48,74.0,NaN,98.375,118.0,NaN,98.305,98.225,98.13,98.075,98.005,97.93,97.88,97.835,NaN,NaN,NaN,NaN,NaN,NaN,NaN,NaN,NaN,NaN,NaN,NaN,NaN,NaN,NaN,NaN,NaN,NaN,NaN,NaN,NaN,NaN,NaN,NaN,NaN,NaN,NaN,NaN
2014-08-12,NaN,NaN,NaN,NaN,NaN,NaN,NaN,NaN,NaN,NaN,NaN,NaN,NaN,NaN,NaN,NaN,NaN,NaN,NaN,NaN,NaN,99.91,31105.0,105.0,99.905,30342.0,815.0,99.905,22338.0,592.0,99.9,19304.0,789.0,99.895,33355.0,538.0,99.885,32516.0,1163.0,99.875,34938.0,4405.0,99.85,34253.0,3267.0,99.82,32891.0,2806.0,99.775,36483.0,3685.0,99.73,26559.0,741.0,99.67,32250.0,5190.0,99.585,29891.0,2822.0,99.535,8057.0,223.0,99.46,9852.0,669.0,99.37,20084.0,766.0,99.31,24451.0,566.0,99.235,17381.0,1205.0,99.145,7434.0,560.0,99.085,1666.0,58.0,99.01,3699.0,55.0,98.905,2117.0,5.0,98.835,426.0,NaN,98.75,137.0,NaN,98.65,262.0,26.0,98.58,68.0,NaN,98.5,74.0,NaN,98.395,118.0,NaN,98.325,98.245,98.15,98.095,98.025,97.95,97.9,97.855,NaN,NaN,NaN,NaN,NaN,NaN,NaN,NaN,NaN,NaN,NaN,NaN,NaN,NaN,NaN,NaN,NaN,NaN,NaN,NaN,NaN,NaN,NaN,NaN,NaN,NaN,NaN,NaN
2014-08-13,NaN,NaN,NaN,NaN,NaN,NaN,NaN,NaN,NaN,NaN,NaN,NaN,NaN,NaN,NaN,NaN,NaN,NaN,NaN,NaN,NaN,99.91,31087.0,616.0,99.905,32588.0,2605.0,99.905,22516.0,313.0,99.9,19308.0,49.0,99.895,33338.0,150.0,99.89,32644.0,1017.0,99.88,34867.0,2757.0,99.86,34879.0,1173.0,99.83,32728.0,5281.0,99.79,39190.0,7562.0,99.75,27290.0,6231.0,99.69,33687.0,6631.0,99.615,30872.0,2980.0,99.565,7862.0,1909.0,99.49,10838.0,1719.0,99.405,20297.0,1094.0,99.345,24042.0,1379.0,99.275,17817.0,1242.0,99.185,7497.0,592.0,99.125,1431.0,603.0,99.055,3866.0,456.0,98.96,2151.0,76.0,98.89,422.0,30.0,98.805,137.0,NaN,98.705,262.0,NaN,98.635,69.0,15.0,98.555,74.0,NaN,98.455,118.0,NaN,98.39,98.31,98.215,98.16,98.09,98.015,97.965,97.92,NaN,NaN,NaN,NaN,NaN,NaN,NaN,NaN,NaN,NaN,NaN,NaN,NaN,NaN,NaN,NaN,NaN,NaN,NaN,NaN,NaN,NaN,NaN,NaN,NaN,NaN,NaN,NaN
2014-08-14,NaN,NaN,NaN,NaN,NaN,NaN,NaN,NaN,NaN,NaN,NaN,NaN,NaN,NaN,NaN,NaN,NaN,NaN,NaN,NaN,NaN,99.91,30892.0,851.0,99.905,32623.0,172.0,99.905,22637.0,466.0,99.9,19897.0,1146.0,99.895,33176.0,1645.0,99.89,33750.0,3833.0,99.88,38432.0,8086.0,99.86,35729.0,6906.0,99.835,33941.0,6951.0,99.8,42322.0,8850.0,99.755,28765.0,4634.0,99.695,36081.0,8367.0,99.625,33059.0,5289.0,99.575,8452.0,3173.0,99.495,13617.0,4965.0,99.41,21841.0,3181.0,99.35,24313.0,2310.0,99.275,18645.0,2344.0,99.185,7546.0,331.0,99.125,1432.0,4.0,99.055,3865.0,7.0,98.96,2240.0,92.0,98.89,408.0,14.0,98.805,137.0,9.0,98.705,262.0,NaN,98.635,69.0,NaN,98.555,74.0,NaN,98.455,118.0,NaN,98.39,98.31,98.215,98.16,98.09,98.015,97.965,97.92,NaN,NaN,NaN,NaN,NaN,NaN,NaN,NaN,NaN,NaN,NaN,NaN,NaN,NaN,NaN,NaN,NaN,NaN,NaN,NaN,NaN,NaN,NaN,NaN,NaN,NaN,NaN,NaN
2014-08-15,NaN,NaN,NaN,NaN,NaN,NaN,NaN,NaN,NaN,NaN,NaN,NaN,NaN,NaN,NaN,NaN,NaN,NaN,NaN,NaN,NaN,99.91,31266.0,723.0,99.91,33010.0,1561.0,99.91,22722.0,2204.0,99.905,18643.0,2680.0,99.9,32738.0,1762.0,99.895,33907.0,1514.0,99.885,39341.0,2119.0,99.865,36237.0,1485.0,99.84,34466.0,2568.0,99.805,41594.0,4547.0,99.76,28485.0,3214.0,99.7,36711.0,3007.0,99.63,33105.0,1830.0,99.58,8728.0,1742.0,99.505,13605.0,2206.0,99.42,21904.0,1615.0,99.365,24448.0,1215.0,99.295,19162.0,1711.0,99.205,7763.0,658.0,99.145,1404.0,205.0,99.08,3731.0,488.0,98.985,2387.0,280.0,98.915,395.0,18.0,98.835,137.0,3.0,98.735,226.0,36.0,98.665,69.0,NaN,98.585,74.0,NaN,98.485,118.0,NaN,98.42,98.34,98.245,98.19,98.12,98.045,97.995,97.95,NaN,NaN,NaN,NaN,NaN,NaN,NaN,NaN,NaN,NaN,NaN,NaN,NaN,NaN,NaN,NaN,NaN,NaN,NaN,NaN,NaN,NaN,NaN,NaN,NaN,NaN,NaN,NaN
2014-08-18,NaN,NaN,NaN,NaN,NaN,NaN,NaN,NaN,NaN,NaN,NaN,NaN,NaN,NaN,NaN,NaN,NaN,NaN,NaN,NaN,NaN,99.91,30792.0,758.0,99.91,33120.0,599.0,99.91,22690.0,662.0,99.905,18673.0,139.0,99.9,32808.0,243.0,99.89,34096.0,562.0,99.88,39034.0,523.0,99.86,36323.0,427.0,99.83,34205.0,2660.0,99.795,41724.0,3064.0,99.75,28615.0,1286.0,99.69,36691.0,1393.0,99.615,34077.0,1922.0,99.56,10113.0,2195.0,99.485,13286.0,799.0,99.4,21950.0,375.0,99.345,24599.0,342.0,99.27,19182.0,317.0,99.18,7798.0,241.0,99.12,1357.0,67.0,99.05,3748.0,212.0,98.955,2571.0,202.0,98.885,379.0,17.0,98.805,137.0,22.0,98.705,166.0,60.0,98.635,69.0,NaN,98.555,74.0,NaN,98.455,118.0,NaN,98.39,98.305,98.21,98.155,98.085,98.01,97.96,97.91,NaN,NaN,NaN,NaN,NaN,NaN,NaN,NaN,NaN,NaN,NaN,NaN,NaN,NaN,NaN,NaN,NaN,NaN,NaN,NaN,NaN,NaN,NaN,NaN,NaN,NaN,NaN,NaN
2014-08-19,NaN,NaN,NaN,NaN,NaN,NaN,NaN,NaN,NaN,NaN,NaN,NaN,NaN,NaN,NaN,NaN,NaN,NaN,NaN,NaN,NaN,99.91,30628.0,204.0,99.91,33117.0,20.0,99.91,22695.0,37.0,99.905,18946.0,557.0,99.9,32830.0,104.0,99.89,34084.0,81.0,99.88,39036.0,731.0,99.86,36662.0,1130.0,99.83,33192.0,2921.0,99.795,40730.0,2444.0,99.75,28531.0,1410.0,99.69,37154.0,2107.0,99.615,34538.0,1025.0,99.56,10151.0,550.0,99.485,13286.0,67.0,99.4,21937.0,233.0,99.34,24637.0,186.0,99.26,19199.0,60.0,99.17,7818.0,86.0,99.11,1358.0,81.0,99.04,3775.0,252.0,98.945,2571.0,55.0,98.875,365.0,21.0,98.795,137.0,3.0,98.695,166.0,NaN,98.625,69.0,NaN,98.545,74.0,NaN,98.445,118.0,NaN,98.38,98.295,98.2,98.145,98.075,98.0,97.95,97.9,NaN,NaN,NaN,NaN,NaN,NaN,NaN,NaN,NaN,NaN,NaN,NaN,NaN,NaN,NaN,NaN,NaN,NaN,NaN,NaN,NaN,NaN,NaN,NaN,NaN,NaN,NaN,NaN
2014-08-20,NaN,NaN,NaN,NaN,NaN,NaN,NaN,NaN,NaN,NaN,NaN,NaN,NaN,NaN,NaN,NaN,NaN,NaN,NaN,NaN,NaN,99.91,30732.0,323.0,99.91,33617.0,1446.0,99.91,22786.0,1242.0,99.9,19144.0,468.0,99.895,33051.0,640.0,99.885,34796.0,1335.0,99.875,38413.0,1990.0,99.855,36767.0,2479.0,99.82,34093.0,3381.0,99.78,41276.0,2503.0,99.73,29301.0,2398.0,99.665,37075.0,1603.0,99.585,34788.0,1592.0,99.525,10179.0,1258.0,99.445,13352.0,486.0,99.36,21995.0,811.0,99.3,24900.0,1266.0,99.215,19865.0,1112.0,99.125,7965.0,327.0,99.065,1371.0,19.0,98.99,3779.0,5.0,98.895,2571.0,1.0,98.825,365.0,1.0,98.745,137.0,1.0,98.64,166.0,NaN,98.57,69.0,NaN,98.49,74.0,NaN,98.39,118.0,NaN,98.325,98.24,98.145,98.09,98.02,97.945,97.895,97.84,NaN,NaN,NaN,NaN,NaN,NaN,NaN,NaN,NaN,NaN,NaN,NaN,NaN,NaN,NaN,NaN,NaN,NaN,NaN,NaN,NaN,NaN,NaN,NaN,NaN,NaN,NaN,NaN
2014-08-21,NaN,NaN,NaN,NaN,NaN,NaN,NaN,NaN,NaN,NaN,NaN,NaN,NaN,NaN,NaN,NaN,NaN,NaN,NaN,NaN,NaN,99.91,30775.0,155.0,99.91,33485.0,1355.0,99.91,22751.0,269.0,99.9,19790.0,1438.0,99.895,32699.0,465.0,99.89,34714.0,499.0,99.88,38674.0,848.0,99.86,36686.0,2057.0,99.83,35322.0,4248.0,99.795,41534.0,6517.0,99.74,29560.0,2612.0,99.675,36265.0,2192.0,99.6,34709.0,1406.0,99.54,10251.0,1054.0,99.465,13359.0,1315.0,99.38,22295.0,863.0,99.315,25165.0,701.0,99.23,19996.0,1804.0,99.14,8743.0,1208.0,99.08,1352.0,103.0,99.005,3781.0,7.0,98.91,2835.0,266.0,98.84,374.0,15.0,98.76,142.0,8.0,98.655,154.0,19.0,98.585,100.0,100.0,98.505,74.0,NaN,98.405,118.0,NaN,98.34,98.255,98.16,98.105,98.035,97.96,97.91,97.855,NaN,NaN,NaN,NaN,NaN,NaN,NaN,NaN,NaN,NaN,NaN,NaN,NaN,NaN,NaN,NaN,NaN,NaN,NaN,NaN,NaN,NaN,NaN,NaN,NaN,NaN,NaN,NaN
2014-08-22,NaN,NaN,NaN,NaN,NaN,NaN,NaN,NaN,NaN,NaN,NaN,NaN,NaN,NaN,NaN,NaN,NaN,NaN,NaN,NaN,NaN,99.91,31684.0,2081.0,99.91,33493.0,195.0,99.91,22085.0,1734.0,99.9,19775.0,444.0,99.895,33111.0,1445.0,99.89,34930.0,1312.0,99.88,39815.0,2274.0,99.855,37261.0,3699.0,99.825,38397.0,9056.0,99.79,46012.0,11847.0,99.73,29518.0,6510.0,99.66,36275.0,4839.0,99.58,35049.0,2992.0,99.52,10637.0,1136.0,99.44,13664.0,2697.0,99.355,22395.0,1481.0,99.29,25223.0,807.0,99.205,20029.0,492.0,99.115,8768.0,333.0,99.055,1357.0,7.0,98.98,3784.0,5.0,98.88,2835.0,3.0,98.81,383.0,12.0,98.73,152.0,23.0,98.625,154.0,10.0,98.555,200.0,100.0,98.47,74.0,NaN,98.37,118.0,NaN,98.305,98.22,98.125,98.07,97.995,97.92,97.87,97.815,NaN,NaN,NaN,NaN,NaN,NaN,NaN,NaN,NaN,NaN,NaN,NaN,NaN,NaN,NaN,NaN,NaN,NaN,NaN,NaN,NaN,NaN,NaN,NaN,NaN,NaN,NaN,NaN
2014-08-25,NaN,NaN,NaN,NaN,NaN,NaN,NaN,NaN,NaN,NaN,NaN,NaN,NaN,NaN,NaN,NaN,NaN,NaN,NaN,NaN,NaN,99.91,31915.0,251.0,99.91,33791.0,1929.0,99.91,22028.0,401.0,99.9,20316.0,991.0,99.895,33137.0,158.0,99.89,34967.0,93.0,99.88,39584.0,907.0,99.855,37112.0,1252.0,99.815,41410.0,6544.0,99.78,45627.0,4061.0,99.72,28969.0,4232.0,99.645,35829.0,4268.0,99.575,35479.0,3152.0,99.51,10667.0,2238.0,99.425,13651.0,2141.0,99.34,22443.0,1229.0,99.275,25303.0,1821.0,99.19,20202.0,568.0,99.1,9266.0,847.0,99.04,1386.0,48.0,98.965,3789.0,134.0,98.86,2832.0,41.0,98.79,322.0,80.0,98.71,189.0,51.0,98.6,96.0,58.0,98.53,200.0,NaN,98.445,74.0,NaN,98.345,118.0,NaN,98.28,98.195,98.1,98.045,97.97,97.895,97.845,97.79,NaN,NaN,NaN,NaN,NaN,NaN,NaN,NaN,NaN,NaN,NaN,NaN,NaN,NaN,NaN,NaN,NaN,NaN,NaN,NaN,NaN,NaN,NaN,NaN,NaN,NaN,NaN,NaN
2014-08-26,NaN,NaN,NaN,NaN,NaN,NaN,NaN,NaN,NaN,NaN,NaN,NaN,NaN,NaN,NaN,NaN,NaN,NaN,NaN,NaN,NaN,99.91,31915.0,NaN,99.91,33805.0,36.0,99.91,22107.0,480.0,99.9,20306.0,416.0,99.895,33114.0,64.0,99.89,35000.0,746.0,99.88,38035.0,2811.0,99.85,37478.0,3539.0,99.815,38257.0,6901.0,99.78,42393.0,8832.0,99.72,29065.0,6099.0,99.64,36661.0,8681.0,99.575,34566.0,9877.0,99.51,9740.0,6349.0,99.425,12554.0,7347.0,99.345,22703.0,4962.0,99.28,25297.0,1742.0,99.19,19857.0,1909.0,99.105,9121.0,1080.0,99.045,1417.0,147.0,98.97,3867.0,282.0,98.865,2843.0,202.0,98.795,352.0,65.0,98.715,239.0,51.0,98.6,114.0,19.0,98.53,300.0,100.0,98.45,74.0,NaN,98.355,118.0,NaN,98.29,98.205,98.11,98.055,97.98,97.905,97.855,97.81,NaN,NaN,NaN,NaN,NaN,NaN,NaN,NaN,NaN,NaN,NaN,NaN,NaN,NaN,NaN,NaN,NaN,NaN,NaN,NaN,NaN,NaN,NaN,NaN,NaN,NaN,NaN,NaN
2014-08-27,NaN,NaN,NaN,NaN,NaN,NaN,NaN,NaN,NaN,NaN,NaN,NaN,NaN,NaN,NaN,NaN,NaN,NaN,NaN,NaN,NaN,99.91,31905.0,350.0,99.91,33797.0,653.0,99.91,22827.0,2860.0,99.9,20353.0,371.0,99.895,33123.0,240.0,99.89,34893.0,642.0,99.88,38852.0,2600.0,99.855,38487.0,3984.0,99.82,36064.0,12466.0,99.78,42776.0,5787.0,99.72,29509.0,2077.0,99.645,36638.0,5230.0,99.58,33813.0,3627.0,99.515,9697.0,828.0,99.43,12364.0,1715.0,99.35,22678.0,909.0,99.285,25343.0,630.0,99.2,19665.0,917.0,99.12,9142.0,447.0,99.055,1416.0,84.0,98.98,3882.0,292.0,98.875,2848.0,95.0,98.805,370.0,27.0,98.725,244.0,39.0,98.61,122.0,73.0,98.54,300.0,1.0,98.465,74.0,NaN,98.375,118.0,NaN,98.31,98.225,98.13,98.075,98.005,97.93,97.88,97.835,NaN,NaN,NaN,NaN,NaN,NaN,NaN,NaN,NaN,NaN,NaN,NaN,NaN,NaN,NaN,NaN,NaN,NaN,NaN,NaN,NaN,NaN,NaN,NaN,NaN,NaN,NaN,NaN
2014-08-28,NaN,NaN,NaN,NaN,NaN,NaN,NaN,NaN,NaN,NaN,NaN,NaN,NaN,NaN,NaN,NaN,NaN,NaN,NaN,NaN,NaN,99.91,31834.0,388.0,99.91,34355.0,890.0,99.91,22818.0,201.0,99.9,20293.0,161.0,99.895,33014.0,690.0,99.89,35262.0,640.0,99.88,38764.0,197.0,99.855,38533.0,463.0,99.82,35573.0,1847.0,99.78,42090.0,2527.0,99.72,29827.0,1556.0,99.65,36627.0,2189.0,99.585,33774.0,1538.0,99.52,9960.0,1042.0,99.435,12467.0,1217.0,99.36,22604.0,844.0,99.295,25367.0,1000.0,99.21,19677.0,608.0,99.13,9136.0,181.0,99.065,1430.0,62.0,98.99,3908.0,113.0,98.885,2836.0,84.0,98.815,355.0,43.0,98.74,238.0,43.0,98.625,136.0,89.0,98.555,300.0,NaN,98.48,74.0,NaN,98.39,118.0,NaN,98.325,98.24,98.145,98.09,98.02,97.945,97.895,97.85,NaN,NaN,NaN,NaN,NaN,NaN,NaN,NaN,NaN,NaN,NaN,NaN,NaN,NaN,NaN,NaN,NaN,NaN,NaN,NaN,NaN,NaN,NaN,NaN,NaN,NaN,NaN,NaN
2014-08-29,NaN,NaN,NaN,NaN,NaN,NaN,NaN,NaN,NaN,NaN,NaN,NaN,NaN,NaN,NaN,NaN,NaN,NaN,NaN,NaN,NaN,99.91,NaN,236.0,99.91,34616.0,312.0,99.91,22722.0,311.0,99.9,20291.0,251.0,99.895,32957.0,170.0,99.89,35444.0,456.0,99.88,39370.0,1037.0,99.855,38578.0,1385.0,99.825,35758.0,1971.0,99.785,42090.0,607.0,99.73,30471.0,1600.0,99.66,37363.0,2358.0,99.595,33643.0,1491.0,99.53,10216.0,1140.0,99.44,12284.0,934.0,99.365,22941.0,1040.0,99.305,24921.0,1644.0,99.22,19747.0,636.0,99.14,9017.0,220.0,99.075,1488.0,299.0,99.0,3843.0,308.0,98.895,3137.0,429.0,98.825,274.0,86.0,98.75,177.0,117.0,98.635,124.0,24.0,98.565,300.0,NaN,98.49,74.0,NaN,98.4,118.0,NaN,98.335,98.245,98.15,98.095,98.025,97.95,97.9,97.855,NaN,NaN,NaN,NaN,NaN,NaN,NaN,NaN,NaN,NaN,NaN,NaN,NaN,NaN,NaN,NaN,NaN,NaN,NaN,NaN,NaN,NaN,NaN,NaN,NaN,NaN,NaN,NaN
2014-09-02,NaN,NaN,NaN,NaN,NaN,NaN,NaN,NaN,NaN,NaN,NaN,NaN,NaN,NaN,NaN,NaN,NaN,NaN,NaN,NaN,NaN,NaN,NaN,NaN,99.91,34829.0,412.0,99.91,23192.0,878.0,99.9,20249.0,94.0,99.895,32921.0,132.0,99.89,35316.0,728.0,99.88,40687.0,2349.0,99.855,38611.0,511.0,99.82,35341.0,3451.0,99.775,41248.0,4642.0,99.72,30205.0,4527.0,99.645,36604.0,5106.0,99.58,33342.0,1818.0,99.515,10123.0,348.0,99.425,12147.0,1623.0,99.345,22924.0,569.0,99.28,24957.0,1062.0,99.19,19676.0,504.0,99.11,9045.0,445.0,99.045,1467.0,267.0,98.97,3851.0,171.0,98.865,3133.0,79.0,98.795,284.0,12.0,98.71,191.0,19.0,98.595,124.0,8.0,98.525,300.0,NaN,98.45,74.0,NaN,98.35,118.0,NaN,98.28,98.19,98.095,98.04,97.97,97.895,97.845,97.795,97.73,NaN,NaN,NaN,NaN,NaN,NaN,NaN,NaN,NaN,NaN,NaN,NaN,NaN,NaN,NaN,NaN,NaN,NaN,NaN,NaN,NaN,NaN,NaN,NaN,NaN,NaN,NaN
2014-09-03,NaN,NaN,NaN,NaN,NaN,NaN,NaN,NaN,NaN,NaN,NaN,NaN,NaN,NaN,NaN,NaN,NaN,NaN,NaN,NaN,NaN,NaN,NaN,NaN,99.91,35017.0,705.0,99.91,23587.0,504.0,99.9,20293.0,161.0,99.895,33139.0,261.0,99.89,36065.0,1054.0,99.88,40996.0,783.0,99.855,38527.0,1745.0,99.82,36439.0,4236.0,99.775,39782.0,6102.0,99.72,30852.0,2911.0,99.645,37777.0,3000.0,99.58,33085.0,2274.0,99.515,10374.0,2234.0,99.425,12027.0,5609.0,99.345,23378.0,3235.0,99.28,24966.0,928.0,99.19,19561.0,1411.0,99.11,9035.0,311.0,99.045,1623.0,230.0,98.97,3849.0,83.0,98.865,3133.0,67.0,98.795,322.0,48.0,98.71,222.0,31.0,98.595,138.0,25.0,98.525,300.0,NaN,98.45,74.0,NaN,98.35,118.0,NaN,98.28,98.19,98.1,98.045,97.98,97.905,97.855,97.805,97.74,NaN,NaN,NaN,NaN,NaN,NaN,NaN,NaN,NaN,NaN,NaN,NaN,NaN,NaN,NaN,NaN,NaN,NaN,NaN,NaN,NaN,NaN,NaN,NaN,NaN,NaN,NaN
2014-09-04,NaN,NaN,NaN,NaN,NaN,NaN,NaN,NaN,NaN,NaN,NaN,NaN,NaN,NaN,NaN,NaN,NaN,NaN,NaN,NaN,NaN,NaN,NaN,NaN,99.91,35386.0,1363.0,99.91,23665.0,2188.0,99.9,20407.0,304.0,99.895,33264.0,230.0,99.89,36057.0,1490.0,99.88,40882.0,1767.0,99.855,39006.0,2377.0,99.815,37147.0,3209.0,99.77,41271.0,4596.0,99.715,31176.0,2624.0,99.64,38189.0,4227.0,99.57,33828.0,2482.0,99.505,10501.0,1613.0,99.415,11992.0,1121.0,99.335,23255.0,1049.0,99.27,25016.0,815.0,99.185,19478.0,498.0,99.105,9065.0,372.0,99.04,1654.0,177.0,98.96,3916.0,160.0,98.855,3133.0,52.0,98.785,292.0,54.0,98.7,261.0,67.0,98.585,147.0,9.0,98.52,300.0,NaN,98.45,74.0,NaN,98.35,118.0,NaN,98.28,98.19,98.1,98.045,97.98,97.905,97.855,97.8,97.735,NaN,NaN,NaN,NaN,NaN,NaN,NaN,NaN,NaN,NaN,NaN,NaN,NaN,NaN,NaN,NaN,NaN,NaN,NaN,NaN,NaN,NaN,NaN,NaN,NaN,NaN,NaN
2014-09-05,NaN,NaN,NaN,NaN,NaN,NaN,NaN,NaN,NaN,NaN,NaN,NaN,NaN,NaN,NaN,NaN,NaN,NaN,NaN,NaN,NaN,NaN,NaN,NaN,99.91,35486.0,153.0,99.91,24774.0,1139.0,99.9,20447.0,61.0,99.895,33202.0,174.0,99.89,37185.0,1811.0,99.88,41395.0,2624.0,99.855,41620.0,7530.0,99.825,35842.0,5637.0,99.785,40965.0,4982.0,99.73,31372.0,2943.0,99.655,38140.0,5162.0,99.59,33415.0,2040.0,99.53,10160.0,1787.0,99.445,12286.0,2527.0,99.37,22920.0,2734.0,99.305,24511.0,1639.0,99.22,19523.0,388.0,99.14,9089.0,202.0,99.075,1740.0,132.0,98.995,3956.0,107.0,98.89,3133.0,44.0,98.82,292.0,8.0,98.735,261.0,NaN,98.62,145.0,17.0,98.555,300.0,NaN,98.485,74.0,NaN,98.385,118.0,NaN,98.315,98.225,98.135,98.08,98.015,97.94,97.89,97.83,97.765,NaN,NaN,NaN,NaN,NaN,NaN,NaN,NaN,NaN,NaN,NaN,NaN,NaN,NaN,NaN,NaN,NaN,NaN,NaN,NaN,NaN,NaN,NaN,NaN,NaN,NaN,NaN
2014-09-08,NaN,NaN,NaN,NaN,NaN,NaN,NaN,NaN,NaN,NaN,NaN,NaN,NaN,NaN,NaN,NaN,NaN,NaN,NaN,NaN,NaN,NaN,NaN,NaN,99.91,35501.0,301.0,99.91,24795.0,21.0,99.9,20195.0,832.0,99.895,32840.0,1893.0,99.89,43934.0,11590.0,99.88,41439.0,1071.0,99.85,39738.0,5503.0,99.815,36472.0,3326.0,99.77,41933.0,2970.0,99.715,31283.0,1579.0,99.635,38724.0,3838.0,99.565,33343.0,3108.0,99.505,10657.0,1235.0,99.415,12132.0,409.0,99.34,22919.0,139.0,99.275,24520.0,413.0,99.185,19492.0,165.0,99.105,9095.0,88.0,99.04,1739.0,3.0,98.955,3973.0,39.0,98.85,3147.0,20.0,98.78,283.0,10.0,98.695,261.0,NaN,98.58,145.0,NaN,98.515,300.0,NaN,98.445,74.0,NaN,98.345,118.0,NaN,98.275,98.185,98.095,98.04,97.975,97.89,97.84,97.78,97.715,NaN,NaN,NaN,NaN,NaN,NaN,NaN,NaN,NaN,NaN,NaN,NaN,NaN,NaN,NaN,NaN,NaN,NaN,NaN,NaN,NaN,NaN,NaN,NaN,NaN,NaN,NaN
2014-09-09,NaN,NaN,NaN,NaN,NaN,NaN,NaN,NaN,NaN,NaN,NaN,NaN,NaN,NaN,NaN,NaN,NaN,NaN,NaN,NaN,NaN,NaN,NaN,NaN,99.91,36495.0,1216.0,99.91,24585.0,539.0,99.9,20169.0,1279.0,99.895,32268.0,1775.0,99.89,42849.0,1478.0,99.88,39746.0,3462.0,99.85,37936.0,3633.0,99.805,36058.0,4536.0,99.755,40723.0,4065.0,99.7,31161.0,2334.0,99.615,38706.0,1553.0,99.545,33158.0,898.0,99.48,10591.0,785.0,99.385,12260.0,680.0,99.31,22873.0,262.0,99.24,24493.0,1002.0,99.15,19664.0,544.0,99.07,9120.0,341.0,99.005,1751.0,155.0,98.92,3988.0,41.0,98.815,3160.0,56.0,98.745,283.0,NaN,98.66,261.0,NaN,98.545,145.0,NaN,98.475,300.0,NaN,98.395,74.0,NaN,98.295,118.0,NaN,98.22,98.13,98.04,97.985,97.915,97.83,97.78,97.72,97.655,NaN,NaN,NaN,NaN,NaN,NaN,NaN,NaN,NaN,NaN,NaN,NaN,NaN,NaN,NaN,NaN,NaN,NaN,NaN,NaN,NaN,NaN,NaN,NaN,NaN,NaN,NaN
2014-09-10,NaN,NaN,NaN,NaN,NaN,NaN,NaN,NaN,NaN,NaN,NaN,NaN,NaN,NaN,NaN,NaN,NaN,NaN,NaN,NaN,NaN,NaN,NaN,NaN,99.91,37221.0,880.0,99.91,24860.0,944.0,99.9,20570.0,506.0,99.895,32265.0,822.0,99.89,44339.0,3611.0,99.88,40104.0,3945.0,99.85,38016.0,945.0,99.805,35893.0,1883.0,99.75,38267.0,5094.0,99.695,31008.0,2525.0,99.615,39110.0,4432.0,99.54,32899.0,1776.0,99.475,10975.0,1116.0,99.385,12141.0,834.0,99.305,22770.0,811.0,99.24,24712.0,1842.0,99.145,19648.0,776.0,99.06,9106.0,311.0,98.995,1754.0,209.0,98.905,4002.0,225.0,98.8,3153.0,119.0,98.73,298.0,45.0,98.645,262.0,1.0,98.53,168.0,31.0,98.46,400.0,100.0,98.38,59.0,15.0,98.28,133.0,15.0,98.205,98.115,98.025,97.97,97.9,97.815,97.765,97.705,97.64,NaN,NaN,NaN,NaN,NaN,NaN,NaN,NaN,NaN,NaN,NaN,NaN,NaN,NaN,NaN,NaN,NaN,NaN,NaN,NaN,NaN,NaN,NaN,NaN,NaN,NaN,NaN
2014-09-11,NaN,NaN,NaN,NaN,NaN,NaN,NaN,NaN,NaN,NaN,NaN,NaN,NaN,NaN,NaN,NaN,NaN,NaN,NaN,NaN,NaN,NaN,NaN,NaN,99.91,37340.0,822.0,99.91,26255.0,2135.0,99.9,20795.0,377.0,99.895,32675.0,619.0,99.89,44885.0,1070.0,99.88,40838.0,1197.0,99.85,38122.0,1890.0,99.805,37408.0,3656.0,99.75,37996.0,5453.0,99.695,30868.0,1267.0,99.615,38084.0,3743.0,99.54,31864.0,4730.0,99.475,11360.0,1008.0,99.38,13183.0,2456.0,99.3,23277.0,2585.0,99.23,24517.0,2733.0,99.135,18337.0,2520.0,99.05,9101.0,211.0,98.985,1779.0,81.0,98.895,4001.0,5.0,98.79,3153.0,53.0,98.72,298.0,1.0,98.635,262.0,NaN,98.52,168.0,NaN,98.45,400.0,NaN,98.37,59.0,NaN,98.27,133.0,NaN,98.195,98.105,98.015,97.96,97.885,97.8,97.75,97.69,97.625,NaN,NaN,NaN,NaN,NaN,NaN,NaN,NaN,NaN,NaN,NaN,NaN,NaN,NaN,NaN,NaN,NaN,NaN,NaN,NaN,NaN,NaN,NaN,NaN,NaN,NaN,NaN
2014-09-12,NaN,NaN,NaN,NaN,NaN,NaN,NaN,NaN,NaN,NaN,NaN,NaN,NaN,NaN,NaN,NaN,NaN,NaN,NaN,NaN,NaN,NaN,NaN,NaN,99.91,37311.0,60.0,99.91,28101.0,2489.0,99.9,21771.0,1872.0,99.895,33164.0,2709.0,99.89,43809.0,4642.0,99.88,41828.0,2519.0,99.85,41034.0,6312.0,99.805,37455.0,3089.0,99.75,37870.0,4029.0,99.695,31281.0,1709.0,99.615,37924.0,1917.0,99.54,31850.0,981.0,99.475,12078.0,1022.0,99.38,12962.0,1120.0,99.3,23790.0,1582.0,99.23,24780.0,634.0,99.13,18400.0,398.0,99.045,9136.0,169.0,98.98,1775.0,7.0,98.89,4017.0,33.0,98.785,3160.0,194.0,98.715,301.0,6.0,98.63,275.0,16.0,98.51,166.0,18.0,98.44,400.0,NaN,98.36,59.0,NaN,98.26,133.0,NaN,98.185,98.09,97.995,97.93,97.855,97.77,97.715,97.65,97.585,NaN,NaN,NaN,NaN,NaN,NaN,NaN,NaN,NaN,NaN,NaN,NaN,NaN,NaN,NaN,NaN,NaN,NaN,NaN,NaN,NaN,NaN,NaN,NaN,NaN,NaN,NaN
2014-09-15,NaN,NaN,NaN,NaN,NaN,NaN,NaN,NaN,NaN,NaN,NaN,NaN,NaN,NaN,NaN,NaN,NaN,NaN,NaN,NaN,NaN,NaN,NaN,NaN,99.91,37292.0,213.0,99.91,27807.0,1715.0,99.905,22197.0,2062.0,99.9,35512.0,4655.0,99.895,40270.0,8616.0,99.88,49045.0,12374.0,99.85,44045.0,5510.0,99.81,38786.0,3154.0,99.76,37822.0,3040.0,99.71,31365.0,1417.0,99.625,37722.0,2795.0,99.555,32292.0,1753.0,99.49,12037.0,1314.0,99.395,13267.0,1643.0,99.315,23768.0,406.0,99.245,25106.0,676.0,99.15,18458.0,335.0,99.065,9145.0,171.0,98.995,1780.0,112.0,98.905,4039.0,30.0,98.8,3160.0,NaN,98.73,307.0,6.0,98.645,265.0,10.0,98.525,166.0,NaN,98.455,400.0,NaN,98.375,59.0,NaN,98.275,133.0,NaN,98.2,98.105,98.01,97.945,97.87,97.785,97.73,97.665,97.6,NaN,NaN,NaN,NaN,NaN,NaN,NaN,NaN,NaN,NaN,NaN,NaN,NaN,NaN,NaN,NaN,NaN,NaN,NaN,NaN,NaN,NaN,NaN,NaN,NaN,NaN,NaN
2014-09-16,NaN,NaN,NaN,NaN,NaN,NaN,NaN,NaN,NaN,NaN,NaN,NaN,NaN,NaN,NaN,NaN,NaN,NaN,NaN,NaN,NaN,NaN,NaN,NaN,99.91,37707.0,777.0,99.91,27694.0,2511.0,99.905,24058.0,2720.0,99.9,36816.0,2125.0,99.895,39355.0,3259.0,99.88,52993.0,11733.0,99.85,45359.0,5190.0,99.81,40383.0,8536.0,99.765,37512.0,4514.0,99.715,31353.0,1490.0,99.635,38618.0,3741.0,99.565,32610.0,2453.0,99.5,12030.0,1657.0,99.41,14151.0,2570.0,99.33,23380.0,1711.0,99.26,25304.0,1129.0,99.17,18840.0,892.0,99.09,9174.0,277.0,99.02,1906.0,233.0,98.935,3968.0,177.0,98.83,3156.0,40.0,98.76,258.0,64.0,98.675,230.0,42.0,98.555,124.0,53.0,98.485,401.0,2.0,98.405,59.0,NaN,98.305,133.0,NaN,98.23,98.135,98.04,97.975,97.9,97.815,97.755,97.69,97.625,NaN,NaN,NaN,NaN,NaN,NaN,NaN,NaN,NaN,NaN,NaN,NaN,NaN,NaN,NaN,NaN,NaN,NaN,NaN,NaN,NaN,NaN,NaN,NaN,NaN,NaN,NaN
2014-09-17,NaN,NaN,NaN,NaN,NaN,NaN,NaN,NaN,NaN,NaN,NaN,NaN,NaN,NaN,NaN,NaN,NaN,NaN,NaN,NaN,NaN,NaN,NaN,NaN,99.91,38036.0,1157.0,99.91,28402.0,2683.0,99.905,25064.0,2513.0,99.9,36695.0,3075.0,99.895,39861.0,3845.0,99.88,54678.0,13378.0,99.855,44927.0,5082.0,99.815,43847.0,18077.0,99.77,38908.0,9134.0,99.715,32955.0,4921.0,99.63,39927.0,6146.0,99.555,32906.0,3140.0,99.49,11893.0,1061.0,99.395,13966.0,771.0,99.315,23392.0,871.0,99.24,25597.0,1456.0,99.145,18855.0,2209.0,99.065,10153.0,2654.0,98.99,1991.0,182.0,98.9,3824.0,295.0,98.8,3165.0,68.0,98.715,253.0,91.0,98.63,365.0,153.0,98.51,117.0,13.0,98.44,506.0,105.0,98.355,59.0,NaN,98.255,133.0,NaN,98.18,98.085,97.985,97.915,97.835,97.745,97.685,97.62,97.555,NaN,NaN,NaN,NaN,NaN,NaN,NaN,NaN,NaN,NaN,NaN,NaN,NaN,NaN,NaN,NaN,NaN,NaN,NaN,NaN,NaN,NaN,NaN,NaN,NaN,NaN,NaN
2014-09-18,NaN,NaN,NaN,NaN,NaN,NaN,NaN,NaN,NaN,NaN,NaN,NaN,NaN,NaN,NaN,NaN,NaN,NaN,NaN,NaN,NaN,NaN,NaN,NaN,99.91,38036.0,NaN,99.91,28521.0,761.0,99.905,25066.0,1381.0,99.9,37550.0,2480.0,99.895,41315.0,2547.0,99.88,54740.0,3323.0,99.855,44535.0,4437.0,99.815,44450.0,4069.0,99.765,38522.0,1662.0,99.715,32610.0,3400.0,99.625,40328.0,2685.0,99.545,31508.0,3668.0,99.48,12012.0,1111.0,99.38,14199.0,2664.0,99.3,23578.0,1561.0,99.225,25942.0,3613.0,99.125,18179.0,2348.0,99.04,10178.0,876.0,98.965,2000.0,269.0,98.875,3952.0,238.0,98.765,3166.0,120.0,98.68,308.0,65.0,98.595,413.0,62.0,98.475,193.0,82.0,98.395,506.0,NaN,98.31,59.0,NaN,98.21,136.0,3.0,98.135,98.04,97.94,97.87,97.79,97.7,97.64,97.575,97.51,NaN,NaN,NaN,NaN,NaN,NaN,NaN,NaN,NaN,NaN,NaN,NaN,NaN,NaN,NaN,NaN,NaN,NaN,NaN,NaN,NaN,NaN,NaN,NaN,NaN,NaN,NaN
2014-09-19,NaN,NaN,NaN,NaN,NaN,NaN,NaN,NaN,NaN,NaN,NaN,NaN,NaN,NaN,NaN,NaN,NaN,NaN,NaN,NaN,NaN,NaN,NaN,NaN,99.91,37225.0,1001.0,99.91,27950.0,1295.0,99.91,30053.0,8744.0,99.905,37723.0,1772.0,99.9,41214.0,437.0,99.88,55315.0,4403.0,99.855,45878.0,2077.0,99.815,46418.0,6335.0,99.77,38605.0,1024.0,99.715,32676.0,962.0,99.625,40539.0,1271.0,99.545,31316.0,1343.0,99.48,11561.0,1497.0,99.385,14083.0,829.0,99.3,23393.0,747.0,99.225,26227.0,1732.0,99.13,18315.0,1064.0,99.04,10208.0,290.0,98.965,2023.0,72.0,98.875,3955.0,61.0,98.765,3191.0,54.0,98.68,357.0,75.0,98.595,425.0,13.0,98.475,193.0,2.0,98.395,506.0,NaN,98.31,59.0,NaN,98.21,136.0,NaN,98.135,98.04,97.94,97.87,97.79,97.7,97.64,97.575,97.51,NaN,NaN,NaN,NaN,NaN,NaN,NaN,NaN,NaN,NaN,NaN,NaN,NaN,NaN,NaN,NaN,NaN,NaN,NaN,NaN,NaN,NaN,NaN,NaN,NaN,NaN,NaN
2014-09-22,NaN,NaN,NaN,NaN,NaN,NaN,NaN,NaN,NaN,NaN,NaN,NaN,NaN,NaN,NaN,NaN,NaN,NaN,NaN,NaN,NaN,NaN,NaN,NaN,99.9125,38970.0,2817.0,99.91,27944.0,333.0,99.91,29186.0,3483.0,99.905,39155.0,2491.0,99.9,42152.0,3292.0,99.885,54838.0,2962.0,99.86,45397.0,2069.0,99.825,46597.0,1457.0,99.785,38652.0,1021.0,99.73,32459.0,770.0,99.64,39326.0,2523.0,99.565,31292.0,1746.0,99.5,12013.0,1773.0,99.41,14267.0,1458.0,99.325,23220.0,1056.0,99.25,26257.0,1557.0,99.155,18597.0,1047.0,99.07,10223.0,814.0,98.995,2115.0,280.0,98.905,4039.0,168.0,98.795,3246.0,221.0,98.71,457.0,105.0,98.625,535.0,163.0,98.51,346.0,173.0,98.43,556.0,50.0,98.345,59.0,NaN,98.255,136.0,NaN,98.18,98.085,97.99,97.92,97.845,97.775,97.715,97.65,97.6,NaN,NaN,NaN,NaN,NaN,NaN,NaN,NaN,NaN,NaN,NaN,NaN,NaN,NaN,NaN,NaN,NaN,NaN,NaN,NaN,NaN,NaN,NaN,NaN,NaN,NaN,NaN
2014-09-23,NaN,NaN,NaN,NaN,NaN,NaN,NaN,NaN,NaN,NaN,NaN,NaN,NaN,NaN,NaN,NaN,NaN,NaN,NaN,NaN,NaN,NaN,NaN,NaN,99.9125,39020.0,120.0,99.91,28199.0,609.0,99.91,29956.0,1038.0,99.905,37521.0,4317.0,99.9,43761.0,3761.0,99.89,53958.0,1618.0,99.865,45318.0,1342.0,99.825,46912.0,882.0,99.785,38494.0,1033.0,99.73,31916.0,1405.0,99.645,39803.0,1688.0,99.57,30688.0,1168.0,99.51,11996.0,634.0,99.42,14415.0,349.0,99.335,23442.0,674.0,99.26,26641.0,949.0,99.165,19010.0,964.0,99.08,10271.0,628.0,99.005,2065.0,71.0,98.915,4040.0,42.0,98.81,3239.0,16.0,98.725,451.0,6.0,98.64,533.0,18.0,98.525,410.0,87.0,98.445,556.0,NaN,98.37,59.0,NaN,98.28,139.0,3.0,98.205,98.11,98.015,97.95,97.875,97.805,97.745,97.68,97.63,NaN,NaN,NaN,NaN,NaN,NaN,NaN,NaN,NaN,NaN,NaN,NaN,NaN,NaN,NaN,NaN,NaN,NaN,NaN,NaN,NaN,NaN,NaN,NaN,NaN,NaN,NaN
2014-09-24,NaN,NaN,NaN,NaN,NaN,NaN,NaN,NaN,NaN,NaN,NaN,NaN,NaN,NaN,NaN,NaN,NaN,NaN,NaN,NaN,NaN,NaN,NaN,NaN,99.9125,39678.0,2431.0,99.91,28297.0,207.0,99.91,30523.0,867.0,99.905,37628.0,1171.0,99.9,43656.0,1374.0,99.89,54044.0,745.0,99.865,45458.0,950.0,99.83,47201.0,2817.0,99.79,41584.0,5192.0,99.735,32229.0,1610.0,99.645,39889.0,2412.0,99.57,30523.0,2096.0,99.505,12565.0,1232.0,99.405,14007.0,1610.0,99.32,23277.0,2561.0,99.245,26810.0,1034.0,99.15,18954.0,2030.0,99.065,10356.0,625.0,98.99,2074.0,57.0,98.9,4039.0,11.0,98.79,3246.0,39.0,98.705,441.0,10.0,98.62,520.0,13.0,98.505,418.0,8.0,98.425,611.0,55.0,98.35,77.0,18.0,98.26,157.0,18.0,98.18,98.085,97.99,97.925,97.845,97.775,97.71,97.645,97.595,NaN,NaN,NaN,NaN,NaN,NaN,NaN,NaN,NaN,NaN,NaN,NaN,NaN,NaN,NaN,NaN,NaN,NaN,NaN,NaN,NaN,NaN,NaN,NaN,NaN,NaN,NaN
2014-09-25,NaN,NaN,NaN,NaN,NaN,NaN,NaN,NaN,NaN,NaN,NaN,NaN,NaN,NaN,NaN,NaN,NaN,NaN,NaN,NaN,NaN,NaN,NaN,NaN,99.9125,39669.0,640.0,99.91,28524.0,1960.0,99.91,30502.0,2599.0,99.91,36525.0,5817.0,99.91,47168.0,10305.0,99.9,50477.0,18060.0,99.88,47514.0,5799.0,99.845,47536.0,9755.0,99.805,41563.0,5490.0,99.755,33628.0,4042.0,99.665,41031.0,4478.0,99.595,30073.0,3138.0,99.525,12770.0,1249.0,99.435,14041.0,752.0,99.345,23167.0,1057.0,99.27,27544.0,1653.0,99.18,19034.0,852.0,99.095,10495.0,300.0,99.02,2091.0,182.0,98.93,4023.0,47.0,98.82,3246.0,18.0,98.735,450.0,39.0,98.65,516.0,4.0,98.535,430.0,12.0,98.455,636.0,25.0,98.38,77.0,NaN,98.29,157.0,NaN,98.21,98.115,98.02,97.955,97.875,97.805,97.74,97.675,97.625,NaN,NaN,NaN,NaN,NaN,NaN,NaN,NaN,NaN,NaN,NaN,NaN,NaN,NaN,NaN,NaN,NaN,NaN,NaN,NaN,NaN,NaN,NaN,NaN,NaN,NaN,NaN
2014-09-26,NaN,NaN,NaN,NaN,NaN,NaN,NaN,NaN,NaN,NaN,NaN,NaN,NaN,NaN,NaN,NaN,NaN,NaN,NaN,NaN,NaN,NaN,NaN,NaN,99.9125,39665.0,232.0,99.91,28513.0,356.0,99.91,31107.0,1237.0,99.91,38433.0,2593.0,99.91,47546.0,3976.0,99.9,50220.0,2421.0,99.88,47432.0,1459.0,99.845,47346.0,2040.0,99.8,41835.0,2806.0,99.745,33723.0,2132.0,99.655,40920.0,3079.0,99.575,30402.0,2875.0,99.505,13569.0,2859.0,99.405,13857.0,1475.0,99.315,23213.0,2014.0,99.24,27156.0,5117.0,99.14,18740.0,2407.0,99.055,10520.0,1300.0,98.97,2083.0,231.0,98.88,4055.0,197.0,98.77,3231.0,163.0,98.685,428.0,22.0,98.595,516.0,NaN,98.48,428.0,5.0,98.405,636.0,NaN,98.33,77.0,NaN,98.24,157.0,NaN,98.16,98.065,97.97,97.905,97.825,97.755,97.69,97.625,97.575,NaN,NaN,NaN,NaN,NaN,NaN,NaN,NaN,NaN,NaN,NaN,NaN,NaN,NaN,NaN,NaN,NaN,NaN,NaN,NaN,NaN,NaN,NaN,NaN,NaN,NaN,NaN
2014-09-29,NaN,NaN,NaN,NaN,NaN,NaN,NaN,NaN,NaN,NaN,NaN,NaN,NaN,NaN,NaN,NaN,NaN,NaN,NaN,NaN,NaN,NaN,NaN,NaN,99.9125,39627.0,63.0,99.91,28519.0,122.0,99.91,31399.0,471.0,99.91,39271.0,2227.0,99.91,47290.0,1379.0,99.9,50389.0,1752.0,99.88,47371.0,823.0,99.845,47450.0,1653.0,99.8,41148.0,2188.0,99.745,32808.0,1671.0,99.655,39288.0,3237.0,99.575,30613.0,1405.0,99.505,13474.0,1009.0,99.405,13840.0,1166.0,99.31,23128.0,874.0,99.235,27061.0,1209.0,99.13,18792.0,586.0,99.045,10556.0,673.0,98.965,2078.0,159.0,98.875,4037.0,83.0,98.765,3221.0,29.0,98.685,437.0,86.0,98.6,517.0,1.0,98.485,428.0,NaN,98.41,636.0,NaN,98.335,77.0,NaN,98.245,157.0,NaN,98.165,98.075,97.98,97.915,97.835,97.765,97.705,97.64,97.595,NaN,NaN,NaN,NaN,NaN,NaN,NaN,NaN,NaN,NaN,NaN,NaN,NaN,NaN,NaN,NaN,NaN,NaN,NaN,NaN,NaN,NaN,NaN,NaN,NaN,NaN,NaN
2014-09-30,NaN,NaN,NaN,NaN,NaN,NaN,NaN,NaN,NaN,NaN,NaN,NaN,NaN,NaN,NaN,NaN,NaN,NaN,NaN,NaN,NaN,NaN,NaN,NaN,99.9125,39651.0,35.0,99.91,31884.0,3650.0,99.91,31484.0,480.0,99.91,40464.0,3390.0,99.91,47395.0,3046.0,99.9,50280.0,2415.0,99.88,47977.0,1927.0,99.845,47269.0,1721.0,99.805,42520.0,2704.0,99.745,32900.0,718.0,99.655,39251.0,3453.0,99.575,30870.0,1291.0,99.505,13899.0,1361.0,99.405,13359.0,3219.0,99.31,23517.0,1294.0,99.23,26586.0,1656.0,99.125,18941.0,1066.0,99.035,10405.0,755.0,98.955,2093.0,220.0,98.865,4101.0,255.0,98.755,3227.0,109.0,98.675,433.0,20.0,98.59,526.0,73.0,98.475,440.0,26.0,98.4,830.0,226.0,98.325,80.0,4.0,98.235,158.0,1.0,98.155,98.065,97.97,97.905,97.825,97.755,97.695,97.63,97.585,NaN,NaN,NaN,NaN,NaN,NaN,NaN,NaN,NaN,NaN,NaN,NaN,NaN,NaN,NaN,NaN,NaN,NaN,NaN,NaN,NaN,NaN,NaN,NaN,NaN,NaN,NaN
2014-10-01,NaN,NaN,NaN,NaN,NaN,NaN,NaN,NaN,NaN,NaN,NaN,NaN,NaN,NaN,NaN,NaN,NaN,NaN,NaN,NaN,NaN,NaN,NaN,NaN,NaN,NaN,NaN,99.915,35904.0,10329.0,99.91,31522.0,3084.0,99.915,40119.0,2127.0,99.91,46817.0,2831.0,99.905,50547.0,1995.0,99.89,48879.0,3734.0,99.865,47533.0,5187.0,99.83,42596.0,7096.0,99.775,33875.0,4033.0,99.69,41118.0,8186.0,99.62,30923.0,3507.0,99.55,13438.0,3035.0,99.45,12432.0,3879.0,99.365,24332.0,3422.0,99.285,27119.0,2916.0,99.18,18613.0,2558.0,99.1,10516.0,894.0,99.02,2144.0,159.0,98.93,4272.0,391.0,98.82,3367.0,214.0,98.74,505.0,120.0,98.655,578.0,95.0,98.54,520.0,113.0,98.465,915.0,99.0,98.39,80.0,NaN,98.305,158.0,NaN,98.23,98.145,98.05,97.985,97.91,97.84,97.79,97.73,97.69,97.645,NaN,NaN,NaN,NaN,NaN,NaN,NaN,NaN,NaN,NaN,NaN,NaN,NaN,NaN,NaN,NaN,NaN,NaN,NaN,NaN,NaN,NaN,NaN,NaN,NaN,NaN
2014-10-02,NaN,NaN,NaN,NaN,NaN,NaN,NaN,NaN,NaN,NaN,NaN,NaN,NaN,NaN,NaN,NaN,NaN,NaN,NaN,NaN,NaN,NaN,NaN,NaN,NaN,NaN,NaN,99.915,33672.0,5095.0,99.91,30670.0,2810.0,99.915,39745.0,3527.0,99.91,46971.0,4347.0,99.905,51575.0,3355.0,99.89,49075.0,1376.0,99.865,47522.0,3084.0,99.83,44149.0,5636.0,99.775,33500.0,2367.0,99.69,42035.0,5389.0,99.62,31020.0,1882.0,99.55,13433.0,1399.0,99.45,12524.0,1202.0,99.365,24322.0,606.0,99.285,28772.0,2558.0,99.18,19207.0,3389.0,99.095,10460.0,733.0,99.015,2176.0,152.0,98.925,4238.0,134.0,98.815,3369.0,36.0,98.735,501.0,48.0,98.65,537.0,56.0,98.54,492.0,69.0,98.465,1006.0,105.0,98.39,72.0,8.0,98.31,168.0,10.0,98.235,98.15,98.055,97.99,97.915,97.85,97.8,97.74,97.7,97.655,NaN,NaN,NaN,NaN,NaN,NaN,NaN,NaN,NaN,NaN,NaN,NaN,NaN,NaN,NaN,NaN,NaN,NaN,NaN,NaN,NaN,NaN,NaN,NaN,NaN,NaN
2014-10-03,NaN,NaN,NaN,NaN,NaN,NaN,NaN,NaN,NaN,NaN,NaN,NaN,NaN,NaN,NaN,NaN,NaN,NaN,NaN,NaN,NaN,NaN,NaN,NaN,NaN,NaN,NaN,99.915,33578.0,217.0,99.91,30872.0,597.0,99.915,39928.0,633.0,99.915,46147.0,3337.0,99.905,51533.0,3967.0,99.89,50234.0,3737.0,99.855,48263.0,7779.0,99.815,43127.0,11382.0,99.76,33863.0,2931.0,99.67,45108.0,7685.0,99.6,30746.0,2169.0,99.53,13264.0,1189.0,99.425,12366.0,1655.0,99.34,24367.0,1375.0,99.255,29571.0,2939.0,99.145,19949.0,2793.0,99.065,10506.0,1073.0,98.985,2232.0,72.0,98.89,4303.0,176.0,98.78,3350.0,49.0,98.7,501.0,NaN,98.615,537.0,NaN,98.505,492.0,1.0,98.43,1006.0,NaN,98.355,72.0,NaN,98.275,168.0,NaN,98.2,98.115,98.02,97.955,97.88,97.815,97.765,97.705,97.665,97.62,NaN,NaN,NaN,NaN,NaN,NaN,NaN,NaN,NaN,NaN,NaN,NaN,NaN,NaN,NaN,NaN,NaN,NaN,NaN,NaN,NaN,NaN,NaN,NaN,NaN,NaN
2014-10-06,NaN,NaN,NaN,NaN,NaN,NaN,NaN,NaN,NaN,NaN,NaN,NaN,NaN,NaN,NaN,NaN,NaN,NaN,NaN,NaN,NaN,NaN,NaN,NaN,NaN,NaN,NaN,99.9125,33660.0,2110.0,99.91,30874.0,64.0,99.915,40084.0,348.0,99.915,47346.0,2071.0,99.905,52145.0,3773.0,99.89,52248.0,4037.0,99.86,50215.0,6007.0,99.825,43033.0,4165.0,99.775,35157.0,3909.0,99.69,45839.0,3401.0,99.625,30140.0,1276.0,99.555,13033.0,991.0,99.455,12411.0,635.0,99.37,24336.0,446.0,99.285,29510.0,552.0,99.175,20036.0,550.0,99.095,10489.0,281.0,99.015,2236.0,86.0,98.92,4308.0,47.0,98.81,3348.0,17.0,98.73,501.0,NaN,98.645,537.0,NaN,98.535,491.0,5.0,98.46,1006.0,NaN,98.385,70.0,2.0,98.31,168.0,2.0,98.235,98.15,98.055,97.99,97.915,97.855,97.805,97.745,97.705,97.66,NaN,NaN,NaN,NaN,NaN,NaN,NaN,NaN,NaN,NaN,NaN,NaN,NaN,NaN,NaN,NaN,NaN,NaN,NaN,NaN,NaN,NaN,NaN,NaN,NaN,NaN
2014-10-07,NaN,NaN,NaN,NaN,NaN,NaN,NaN,NaN,NaN,NaN,NaN,NaN,NaN,NaN,NaN,NaN,NaN,NaN,NaN,NaN,NaN,NaN,NaN,NaN,NaN,NaN,NaN,99.9125,33640.0,162.0,99.915,30923.0,203.0,99.915,40236.0,970.0,99.915,47474.0,1007.0,99.905,52870.0,1510.0,99.89,51391.0,2100.0,99.86,50121.0,4451.0,99.83,43956.0,5319.0,99.785,34566.0,3838.0,99.705,46775.0,8176.0,99.64,30481.0,3483.0,99.575,13087.0,2579.0,99.485,13617.0,3909.0,99.405,25342.0,5847.0,99.33,29815.0,4899.0,99.225,20113.0,2433.0,99.15,10467.0,951.0,99.07,2271.0,314.0,98.98,4468.0,290.0,98.875,3357.0,155.0,98.8,606.0,155.0,98.715,636.0,153.0,98.615,591.0,130.0,98.54,1087.0,93.0,98.465,70.0,NaN,98.39,168.0,NaN,98.315,98.23,98.14,98.075,98.0,97.94,97.89,97.83,97.79,97.745,NaN,NaN,NaN,NaN,NaN,NaN,NaN,NaN,NaN,NaN,NaN,NaN,NaN,NaN,NaN,NaN,NaN,NaN,NaN,NaN,NaN,NaN,NaN,NaN,NaN,NaN
2014-10-08,NaN,NaN,NaN,NaN,NaN,NaN,NaN,NaN,NaN,NaN,NaN,NaN,NaN,NaN,NaN,NaN,NaN,NaN,NaN,NaN,NaN,NaN,NaN,NaN,NaN,NaN,NaN,99.9125,33639.0,3.0,99.915,30689.0,428.0,99.915,40258.0,236.0,99.915,47225.0,1628.0,99.91,53745.0,4925.0,99.9,51966.0,5821.0,99.88,50626.0,10709.0,99.865,45115.0,8179.0,99.83,33461.0,8272.0,99.765,48815.0,12540.0,99.715,30375.0,4107.0,99.65,13422.0,3800.0,99.565,12614.0,3908.0,99.485,25538.0,3020.0,99.41,32210.0,6465.0,99.31,20524.0,2495.0,99.235,10282.0,1488.0,99.16,2525.0,467.0,99.07,4519.0,334.0,98.965,3398.0,139.0,98.89,641.0,94.0,98.81,652.0,73.0,98.715,676.0,110.0,98.65,1150.0,85.0,98.575,88.0,18.0,98.5,169.0,1.0,98.425,98.34,98.255,98.19,98.12,98.06,98.01,97.95,97.91,97.865,NaN,NaN,NaN,NaN,NaN,NaN,NaN,NaN,NaN,NaN,NaN,NaN,NaN,NaN,NaN,NaN,NaN,NaN,NaN,NaN,NaN,NaN,NaN,NaN,NaN,NaN
2014-10-09,NaN,NaN,NaN,NaN,NaN,NaN,NaN,NaN,NaN,NaN,NaN,NaN,NaN,NaN,NaN,NaN,NaN,NaN,NaN,NaN,NaN,NaN,NaN,NaN,NaN,NaN,NaN,99.9125,33653.0,451.0,99.915,30285.0,1811.0,99.915,40180.0,2427.0,99.915,49305.0,5686.0,99.905,56730.0,6382.0,99.9,55421.0,7391.0,99.88,53940.0,11362.0,99.86,46381.0,7751.0,99.83,34097.0,5244.0,99.76,51354.0,9924.0,99.71,30940.0,5530.0,99.65,13421.0,3484.0,99.565,12815.0,2756.0,99.485,25790.0,3146.0,99.41,31686.0,4725.0,99.31,20627.0,1883.0,99.235,10358.0,1253.0,99.16,2710.0,368.0,99.07,4566.0,192.0,98.965,3393.0,102.0,98.89,648.0,27.0,98.81,694.0,81.0,98.715,674.0,30.0,98.65,967.0,204.0,98.575,88.0,2.0,98.5,169.0,NaN,98.425,98.34,98.255,98.19,98.12,98.06,98.01,97.95,97.91,97.865,NaN,NaN,NaN,NaN,NaN,NaN,NaN,NaN,NaN,NaN,NaN,NaN,NaN,NaN,NaN,NaN,NaN,NaN,NaN,NaN,NaN,NaN,NaN,NaN,NaN,NaN
2014-10-10,NaN,NaN,NaN,NaN,NaN,NaN,NaN,NaN,NaN,NaN,NaN,NaN,NaN,NaN,NaN,NaN,NaN,NaN,NaN,NaN,NaN,NaN,NaN,NaN,NaN,NaN,NaN,99.9125,33632.0,109.0,99.915,30779.0,725.0,99.915,40224.0,435.0,99.915,49292.0,6027.0,99.905,57326.0,2185.0,99.9,55843.0,2384.0,99.88,54002.0,3221.0,99.86,45286.0,4582.0,99.83,35445.0,3701.0,99.76,52304.0,4684.0,99.715,31672.0,2361.0,99.655,13399.0,1875.0,99.575,12677.0,1978.0,99.495,25930.0,1759.0,99.425,31267.0,2809.0,99.325,20707.0,1523.0,99.26,10912.0,1190.0,99.185,2817.0,175.0,99.095,4610.0,93.0,98.99,3392.0,34.0,98.925,647.0,32.0,98.845,692.0,35.0,98.75,670.0,8.0,98.685,966.0,30.0,98.61,88.0,2.0,98.535,169.0,NaN,98.46,98.375,98.29,98.225,98.155,98.095,98.045,97.985,97.945,97.9,NaN,NaN,NaN,NaN,NaN,NaN,NaN,NaN,NaN,NaN,NaN,NaN,NaN,NaN,NaN,NaN,NaN,NaN,NaN,NaN,NaN,NaN,NaN,NaN,NaN,NaN
2014-10-13,NaN,NaN,NaN,NaN,NaN,NaN,NaN,NaN,NaN,NaN,NaN,NaN,NaN,NaN,NaN,NaN,NaN,NaN,NaN,NaN,NaN,NaN,NaN,NaN,NaN,NaN,NaN,99.9125,33330.0,1000.0,99.915,30559.0,273.0,99.915,40213.0,721.0,99.915,49276.0,123.0,99.905,57401.0,167.0,99.9,55755.0,1453.0,99.88,54451.0,1206.0,99.87,45476.0,978.0,99.85,35374.0,1586.0,99.79,52807.0,1995.0,99.76,31612.0,1908.0,99.71,12941.0,1741.0,99.635,12839.0,1563.0,99.56,25947.0,1115.0,99.495,30730.0,2249.0,99.405,20340.0,1425.0,99.34,10953.0,653.0,99.265,2838.0,63.0,99.185,4633.0,33.0,99.085,3394.0,19.0,99.02,659.0,23.0,98.94,692.0,6.0,98.845,669.0,4.0,98.78,967.0,6.0,98.705,88.0,NaN,98.63,169.0,NaN,98.555,98.47,98.385,98.32,98.25,98.19,98.14,98.08,98.04,97.995,NaN,NaN,NaN,NaN,NaN,NaN,NaN,NaN,NaN,NaN,NaN,NaN,NaN,NaN,NaN,NaN,NaN,NaN,NaN,NaN,NaN,NaN,NaN,NaN,NaN,NaN
2014-10-14,NaN,NaN,NaN,NaN,NaN,NaN,NaN,NaN,NaN,NaN,NaN,NaN,NaN,NaN,NaN,NaN,NaN,NaN,NaN,NaN,NaN,NaN,NaN,NaN,NaN,NaN,NaN,99.9125,33330.0,102.0,99.915,30525.0,294.0,99.915,39572.0,2807.0,99.915,49279.0,693.0,99.905,57557.0,997.0,99.905,56049.0,1387.0,99.89,56072.0,7352.0,99.875,44474.0,4055.0,99.85,36994.0,3180.0,99.795,51963.0,5200.0,99.76,32075.0,3500.0,99.715,12081.0,2931.0,99.635,13537.0,5587.0,99.57,27451.0,5837.0,99.505,29731.0,4983.0,99.415,21943.0,3421.0,99.355,10769.0,1834.0,99.28,3034.0,476.0,99.2,4789.0,480.0,99.11,3389.0,187.0,99.045,657.0,32.0,98.965,690.0,29.0,98.87,682.0,19.0,98.805,967.0,NaN,98.73,88.0,NaN,98.655,169.0,NaN,98.58,98.495,98.41,98.345,98.275,98.215,98.165,98.105,98.065,98.02,NaN,NaN,NaN,NaN,NaN,NaN,NaN,NaN,NaN,NaN,NaN,NaN,NaN,NaN,NaN,NaN,NaN,NaN,NaN,NaN,NaN,NaN,NaN,NaN,NaN,NaN
2014-10-15,NaN,NaN,NaN,NaN,NaN,NaN,NaN,NaN,NaN,NaN,NaN,NaN,NaN,NaN,NaN,NaN,NaN,NaN,NaN,NaN,NaN,NaN,NaN,NaN,NaN,NaN,NaN,99.9125,33268.0,2588.0,99.915,30726.0,1072.0,99.915,39087.0,1758.0,99.915,49481.0,2952.0,99.905,57812.0,4159.0,99.905,55239.0,7950.0,99.89,58515.0,13682.0,99.875,45329.0,8111.0,99.855,37730.0,7763.0,99.81,52114.0,7377.0,99.785,31815.0,7162.0,99.75,11676.0,3777.0,99.69,13414.0,3326.0,99.64,27533.0,3238.0,99.59,29407.0,6207.0,99.515,21212.0,6771.0,99.48,11526.0,3295.0,99.425,2608.0,2014.0,99.355,4493.0,1245.0,99.275,3550.0,428.0,99.22,799.0,353.0,99.145,695.0,92.0,99.055,663.0,104.0,98.99,1026.0,122.0,98.915,88.0,NaN,98.84,169.0,NaN,98.765,98.68,98.595,98.53,98.46,98.4,98.35,98.29,98.25,98.205,NaN,NaN,NaN,NaN,NaN,NaN,NaN,NaN,NaN,NaN,NaN,NaN,NaN,NaN,NaN,NaN,NaN,NaN,NaN,NaN,NaN,NaN,NaN,NaN,NaN,NaN
2014-10-16,NaN,NaN,NaN,NaN,NaN,NaN,NaN,NaN,NaN,NaN,NaN,NaN,NaN,NaN,NaN,NaN,NaN,NaN,NaN,NaN,NaN,NaN,NaN,NaN,NaN,NaN,NaN,99.9125,33264.0,363.0,99.915,31042.0,929.0,99.915,39150.0,1230.0,99.91,48927.0,1410.0,99.905,57947.0,1966.0,99.9,55987.0,3358.0,99.885,58572.0,1988.0,99.87,44889.0,2638.0,99.85,38209.0,2866.0,99.8,51568.0,6331.0,99.775,32573.0,5159.0,99.735,12066.0,2540.0,99.675,14596.0,4080.0,99.625,27678.0,2376.0,99.575,28040.0,7188.0,99.495,20943.0,2542.0,99.45,11520.0,1458.0,99.395,2269.0,1079.0,99.325,4767.0,711.0,99.245,3569.0,143.0,99.19,796.0,207.0,99.115,755.0,295.0,99.025,683.0,177.0,98.95,991.0,69.0,98.875,88.0,NaN,98.8,169.0,NaN,98.725,98.64,98.555,98.49,98.42,98.36,98.31,98.25,98.21,98.165,NaN,NaN,NaN,NaN,NaN,NaN,NaN,NaN,NaN,NaN,NaN,NaN,NaN,NaN,NaN,NaN,NaN,NaN,NaN,NaN,NaN,NaN,NaN,NaN,NaN,NaN
2014-10-17,NaN,NaN,NaN,NaN,NaN,NaN,NaN,NaN,NaN,NaN,NaN,NaN,NaN,NaN,NaN,NaN,NaN,NaN,NaN,NaN,NaN,NaN,NaN,NaN,NaN,NaN,NaN,99.9125,33413.0,300.0,99.915,31392.0,1015.0,99.915,39148.0,24.0,99.91,49251.0,454.0,99.9,59271.0,2677.0,99.9,56259.0,4841.0,99.89,59191.0,3475.0,99.87,45382.0,2133.0,99.85,38580.0,1068.0,99.795,51377.0,856.0,99.76,32781.0,1462.0,99.72,12309.0,1147.0,99.65,15305.0,2358.0,99.6,27742.0,1318.0,99.54,28207.0,2452.0,99.455,20997.0,1933.0,99.405,11580.0,1551.0,99.35,2220.0,423.0,99.28,4828.0,203.0,99.195,3568.0,25.0,99.14,810.0,16.0,99.065,744.0,125.0,98.97,683.0,4.0,98.895,991.0,114.0,98.82,111.0,46.0,98.745,169.0,NaN,98.67,98.585,98.5,98.435,98.365,98.305,98.255,98.195,98.155,98.11,NaN,NaN,NaN,NaN,NaN,NaN,NaN,NaN,NaN,NaN,NaN,NaN,NaN,NaN,NaN,NaN,NaN,NaN,NaN,NaN,NaN,NaN,NaN,NaN,NaN,NaN
2014-10-20,NaN,NaN,NaN,NaN,NaN,NaN,NaN,NaN,NaN,NaN,NaN,NaN,NaN,NaN,NaN,NaN,NaN,NaN,NaN,NaN,NaN,NaN,NaN,NaN,NaN,NaN,NaN,99.9125,33413.0,1.0,99.915,31390.0,60.0,99.915,39132.0,309.0,99.915,49965.0,1147.0,99.9,59749.0,1586.0,99.9,56159.0,350.0,99.895,59015.0,3338.0,99.885,45544.0,3175.0,99.865,39436.0,2984.0,99.815,51837.0,4794.0,99.79,32467.0,3504.0,99.75,12282.0,2019.0,99.68,14535.0,2702.0,99.63,27607.0,769.0,99.57,28353.0,1182.0,99.49,21233.0,1337.0,99.44,11607.0,1072.0,99.385,1968.0,462.0,99.315,4758.0,126.0,99.23,3569.0,33.0,99.175,818.0,25.0,99.1,740.0,74.0,99.005,853.0,241.0,98.93,1001.0,30.0,98.855,111.0,NaN,98.78,169.0,NaN,98.705,98.62,98.535,98.47,98.4,98.34,98.29,98.23,98.19,98.145,NaN,NaN,NaN,NaN,NaN,NaN,NaN,NaN,NaN,NaN,NaN,NaN,NaN,NaN,NaN,NaN,NaN,NaN,NaN,NaN,NaN,NaN,NaN,NaN,NaN,NaN
2014-10-21,NaN,NaN,NaN,NaN,NaN,NaN,NaN,NaN,NaN,NaN,NaN,NaN,NaN,NaN,NaN,NaN,NaN,NaN,NaN,NaN,NaN,NaN,NaN,NaN,NaN,NaN,NaN,99.9125,33417.0,26.0,99.915,31576.0,700.0,99.915,39242.0,723.0,99.915,49505.0,2783.0,99.9,59652.0,2294.0,99.9,57416.0,3829.0,99.895,58779.0,3284.0,99.885,46345.0,4804.0,99.865,39846.0,2504.0,99.815,51794.0,1898.0,99.79,33359.0,2138.0,99.75,12268.0,930.0,99.68,14643.0,824.0,99.63,27527.0,551.0,99.57,28339.0,1679.0,99.49,21530.0,989.0,99.44,11634.0,476.0,99.385,1966.0,137.0,99.315,4793.0,115.0,99.23,4683.0,1240.0,99.175,818.0,8.0,99.1,723.0,28.0,99.01,921.0,134.0,98.935,1001.0,NaN,98.86,111.0,NaN,98.785,169.0,NaN,98.71,98.625,98.54,98.475,98.405,98.345,98.295,98.235,98.195,98.15,NaN,NaN,NaN,NaN,NaN,NaN,NaN,NaN,NaN,NaN,NaN,NaN,NaN,NaN,NaN,NaN,NaN,NaN,NaN,NaN,NaN,NaN,NaN,NaN,NaN,NaN
2014-10-22,NaN,NaN,NaN,NaN,NaN,NaN,NaN,NaN,NaN,NaN,NaN,NaN,NaN,NaN,NaN,NaN,NaN,NaN,NaN,NaN,NaN,NaN,NaN,NaN,NaN,NaN,NaN,99.9125,33444.0,41.0,99.915,31574.0,29.0,99.915,38732.0,1460.0,99.915,48197.0,3365.0,99.9,59752.0,1150.0,99.9,58978.0,2356.0,99.895,59844.0,6894.0,99.88,46589.0,5222.0,99.86,40517.0,1658.0,99.81,51060.0,2851.0,99.785,32998.0,1479.0,99.74,12221.0,1102.0,99.67,14635.0,1400.0,99.615,27600.0,987.0,99.555,28170.0,500.0,99.47,21722.0,1237.0,99.42,11673.0,333.0,99.36,1963.0,70.0,99.285,4831.0,57.0,99.2,4687.0,56.0,99.145,841.0,26.0,99.07,723.0,NaN,98.98,921.0,NaN,98.905,1001.0,NaN,98.83,111.0,NaN,98.755,169.0,NaN,98.68,98.595,98.51,98.445,98.375,98.315,98.265,98.205,98.165,98.12,NaN,NaN,NaN,NaN,NaN,NaN,NaN,NaN,NaN,NaN,NaN,NaN,NaN,NaN,NaN,NaN,NaN,NaN,NaN,NaN,NaN,NaN,NaN,NaN,NaN,NaN
2014-10-23,NaN,NaN,NaN,NaN,NaN,NaN,NaN,NaN,NaN,NaN,NaN,NaN,NaN,NaN,NaN,NaN,NaN,NaN,NaN,NaN,NaN,NaN,NaN,NaN,NaN,NaN,NaN,99.9125,33660.0,243.0,99.915,31566.0,63.0,99.915,38569.0,431.0,99.915,48222.0,2391.0,99.9,59957.0,1967.0,99.9,58981.0,930.0,99.895,58349.0,2011.0,99.88,50978.0,7528.0,99.855,40980.0,2091.0,99.805,51137.0,3934.0,99.77,32989.0,2032.0,99.725,12406.0,1039.0,99.65,14636.0,747.0,99.59,27990.0,985.0,99.53,28250.0,1788.0,99.44,21921.0,1116.0,99.385,11442.0,1204.0,99.325,2034.0,429.0,99.25,4980.0,191.0,99.165,4685.0,53.0,99.11,838.0,28.0,99.03,723.0,NaN,98.94,917.0,11.0,98.86,1007.0,15.0,98.785,111.0,NaN,98.71,169.0,NaN,98.635,98.55,98.465,98.4,98.33,98.27,98.22,98.16,98.12,98.075,NaN,NaN,NaN,NaN,NaN,NaN,NaN,NaN,NaN,NaN,NaN,NaN,NaN,NaN,NaN,NaN,NaN,NaN,NaN,NaN,NaN,NaN,NaN,NaN,NaN,NaN
2014-10-24,NaN,NaN,NaN,NaN,NaN,NaN,NaN,NaN,NaN,NaN,NaN,NaN,NaN,NaN,NaN,NaN,NaN,NaN,NaN,NaN,NaN,NaN,NaN,NaN,NaN,NaN,NaN,99.9125,33638.0,22.0,99.915,31570.0,28.0,99.915,38575.0,22.0,99.915,48547.0,1036.0,99.9,60772.0,3116.0,99.9,59462.0,2437.0,99.895,61612.0,7509.0,99.88,52509.0,5742.0,99.855,42475.0,4355.0,99.81,51631.0,2862.0,99.775,32885.0,1144.0,99.73,12423.0,1072.0,99.66,14697.0,1612.0,99.605,28883.0,1380.0,99.54,28040.0,1308.0,99.45,21776.0,930.0,99.39,11404.0,531.0,99.33,2038.0,89.0,99.255,4910.0,155.0,99.17,4693.0,96.0,99.115,843.0,22.0,99.035,723.0,10.0,98.945,917.0,3.0,98.865,1007.0,NaN,98.79,111.0,NaN,98.715,169.0,NaN,98.64,98.555,98.47,98.405,98.335,98.275,98.225,98.165,98.125,98.08,NaN,NaN,NaN,NaN,NaN,NaN,NaN,NaN,NaN,NaN,NaN,NaN,NaN,NaN,NaN,NaN,NaN,NaN,NaN,NaN,NaN,NaN,NaN,NaN,NaN,NaN
2014-10-27,NaN,NaN,NaN,NaN,NaN,NaN,NaN,NaN,NaN,NaN,NaN,NaN,NaN,NaN,NaN,NaN,NaN,NaN,NaN,NaN,NaN,NaN,NaN,NaN,NaN,NaN,NaN,99.9125,33638.0,8.0,99.915,31561.0,11.0,99.915,38720.0,169.0,99.915,48973.0,903.0,99.905,61288.0,1817.0,99.9,59479.0,281.0,99.895,61802.0,1735.0,99.88,53605.0,3619.0,99.855,42921.0,3701.0,99.81,57002.0,7599.0,99.78,33027.0,943.0,99.735,12419.0,289.0,99.665,14232.0,1079.0,99.61,28809.0,482.0,99.55,28103.0,402.0,99.465,21704.0,436.0,99.4,11441.0,530.0,99.34,1908.0,169.0,99.265,4903.0,29.0,99.18,4832.0,258.0,99.125,871.0,162.0,99.045,749.0,167.0,98.955,831.0,97.0,98.88,1186.0,179.0,98.81,111.0,11.0,98.735,169.0,NaN,98.66,98.575,98.49,98.425,98.355,98.295,98.245,98.185,98.14,98.075,NaN,NaN,NaN,NaN,NaN,NaN,NaN,NaN,NaN,NaN,NaN,NaN,NaN,NaN,NaN,NaN,NaN,NaN,NaN,NaN,NaN,NaN,NaN,NaN,NaN,NaN
2014-10-28,NaN,NaN,NaN,NaN,NaN,NaN,NaN,NaN,NaN,NaN,NaN,NaN,NaN,NaN,NaN,NaN,NaN,NaN,NaN,NaN,NaN,NaN,NaN,NaN,NaN,NaN,NaN,99.9125,33670.0,314.0,99.915,31574.0,183.0,99.915,38899.0,491.0,99.915,49412.0,593.0,99.905,61099.0,816.0,99.9,59411.0,268.0,99.895,62222.0,1955.0,99.88,54611.0,3444.0,99.855,43436.0,4125.0,99.81,58104.0,3331.0,99.78,32842.0,2211.0,99.735,12437.0,1281.0,99.665,14133.0,581.0,99.605,29167.0,1241.0,99.545,28024.0,1419.0,99.455,21790.0,823.0,99.395,11450.0,525.0,99.335,2003.0,354.0,99.26,4911.0,273.0,99.175,5105.0,323.0,99.115,928.0,62.0,99.035,771.0,65.0,98.945,864.0,162.0,98.87,1241.0,55.0,98.8,101.0,12.0,98.725,163.0,6.0,98.65,98.565,98.48,98.415,98.345,98.285,98.23,98.155,98.11,98.045,NaN,NaN,NaN,NaN,NaN,NaN,NaN,NaN,NaN,NaN,NaN,NaN,NaN,NaN,NaN,NaN,NaN,NaN,NaN,NaN,NaN,NaN,NaN,NaN,NaN,NaN
2014-10-29,NaN,NaN,NaN,NaN,NaN,NaN,NaN,NaN,NaN,NaN,NaN,NaN,NaN,NaN,NaN,NaN,NaN,NaN,NaN,NaN,NaN,NaN,NaN,NaN,NaN,NaN,NaN,99.9125,33626.0,56.0,99.91,34010.0,7638.0,99.9,43957.0,8520.0,99.905,49994.0,5012.0,99.9,61736.0,4583.0,99.895,60714.0,4271.0,99.885,62890.0,8231.0,99.87,57691.0,11627.0,99.835,42700.0,5424.0,99.775,58095.0,10538.0,99.74,35248.0,5388.0,99.685,12431.0,1821.0,99.6,14016.0,2766.0,99.54,29461.0,2659.0,99.475,28758.0,3148.0,99.375,21794.0,1297.0,99.31,11607.0,580.0,99.25,2034.0,239.0,99.17,4996.0,198.0,99.075,5135.0,136.0,99.015,935.0,198.0,98.935,752.0,157.0,98.845,814.0,73.0,98.77,1356.0,127.0,98.7,104.0,3.0,98.625,69.0,94.0,98.545,98.46,98.37,98.305,98.225,98.165,98.105,98.03,97.985,97.92,NaN,NaN,NaN,NaN,NaN,NaN,NaN,NaN,NaN,NaN,NaN,NaN,NaN,NaN,NaN,NaN,NaN,NaN,NaN,NaN,NaN,NaN,NaN,NaN,NaN,NaN
2014-10-30,NaN,NaN,NaN,NaN,NaN,NaN,NaN,NaN,NaN,NaN,NaN,NaN,NaN,NaN,NaN,NaN,NaN,NaN,NaN,NaN,NaN,NaN,NaN,NaN,NaN,NaN,NaN,99.9125,33625.0,1.0,99.91,34321.0,4529.0,99.9,44394.0,598.0,99.905,49532.0,1570.0,99.9,61394.0,2479.0,99.895,61120.0,2419.0,99.885,63185.0,3935.0,99.87,59500.0,5228.0,99.835,42962.0,2147.0,99.78,57843.0,4286.0,99.745,36568.0,3887.0,99.695,12600.0,1341.0,99.61,14220.0,1291.0,99.55,29438.0,1121.0,99.485,29157.0,1847.0,99.39,21763.0,1600.0,99.325,11614.0,494.0,99.265,2012.0,189.0,99.185,5121.0,264.0,99.09,5143.0,132.0,99.03,1042.0,124.0,98.95,634.0,177.0,98.86,815.0,51.0,98.785,1411.0,60.0,98.715,154.0,50.0,98.64,72.0,3.0,98.56,98.475,98.385,98.32,98.24,98.185,98.125,98.055,98.015,97.95,NaN,NaN,NaN,NaN,NaN,NaN,NaN,NaN,NaN,NaN,NaN,NaN,NaN,NaN,NaN,NaN,NaN,NaN,NaN,NaN,NaN,NaN,NaN,NaN,NaN,NaN
2014-10-31,NaN,NaN,NaN,NaN,NaN,NaN,NaN,NaN,NaN,NaN,NaN,NaN,NaN,NaN,NaN,NaN,NaN,NaN,NaN,NaN,NaN,NaN,NaN,NaN,NaN,NaN,NaN,99.9125,33545.0,125.0,99.91,39573.0,10355.0,99.9,45598.0,1930.0,99.905,49754.0,1930.0,99.9,61659.0,1933.0,99.895,60963.0,3441.0,99.885,64869.0,5886.0,99.87,63134.0,8803.0,99.835,42968.0,2826.0,99.775,57901.0,4685.0,99.735,37592.0,2863.0,99.68,12374.0,1002.0,99.595,13972.0,754.0,99.535,29436.0,464.0,99.47,28943.0,1047.0,99.37,21588.0,703.0,99.3,11644.0,135.0,99.24,2004.0,167.0,99.16,5146.0,60.0,99.065,5148.0,56.0,99.0,1135.0,105.0,98.915,617.0,26.0,98.825,779.0,37.0,98.75,1397.0,53.0,98.68,154.0,NaN,98.605,72.0,NaN,98.525,98.44,98.35,98.285,98.205,98.15,98.09,98.02,97.98,97.915,NaN,NaN,NaN,NaN,NaN,NaN,NaN,NaN,NaN,NaN,NaN,NaN,NaN,NaN,NaN,NaN,NaN,NaN,NaN,NaN,NaN,NaN,NaN,NaN,NaN,NaN
2014-11-03,NaN,NaN,NaN,NaN,NaN,NaN,NaN,NaN,NaN,NaN,NaN,NaN,NaN,NaN,NaN,NaN,NaN,NaN,NaN,NaN,NaN,NaN,NaN,NaN,NaN,NaN,NaN,NaN,NaN,NaN,99.91,39743.0,974.0,99.9,45635.0,539.0,99.905,49813.0,692.0,99.9,61149.0,1178.0,99.895,61058.0,571.0,99.885,65015.0,6771.0,99.865,64356.0,2513.0,99.83,42971.0,1522.0,99.775,54722.0,5375.0,99.735,36872.0,2105.0,99.675,12486.0,869.0,99.59,13752.0,514.0,99.525,29414.0,607.0,99.455,28976.0,357.0,99.355,21696.0,411.0,99.29,11716.0,182.0,99.225,2068.0,233.0,99.145,5331.0,797.0,99.05,5142.0,137.0,98.98,1311.0,182.0,98.895,617.0,NaN,98.805,779.0,19.0,98.73,1397.0,NaN,98.66,172.0,18.0,98.585,90.0,18.0,98.505,98.42,98.33,98.265,98.185,98.13,98.07,98.0,97.96,97.9,97.835,NaN,NaN,NaN,NaN,NaN,NaN,NaN,NaN,NaN,NaN,NaN,NaN,NaN,NaN,NaN,NaN,NaN,NaN,NaN,NaN,NaN,NaN,NaN,NaN,NaN
2014-11-04,NaN,NaN,NaN,NaN,NaN,NaN,NaN,NaN,NaN,NaN,NaN,NaN,NaN,NaN,NaN,NaN,NaN,NaN,NaN,NaN,NaN,NaN,NaN,NaN,NaN,NaN,NaN,NaN,NaN,NaN,99.91,40817.0,1704.0,99.9,46411.0,947.0,99.905,49847.0,177.0,99.9,60967.0,508.0,99.895,61348.0,810.0,99.885,65394.0,1480.0,99.865,64345.0,1795.0,99.83,43077.0,1601.0,99.775,55161.0,1902.0,99.735,37673.0,2274.0,99.675,12751.0,656.0,99.59,13567.0,920.0,99.525,29303.0,344.0,99.455,28945.0,193.0,99.355,21839.0,336.0,99.29,11788.0,214.0,99.225,2089.0,84.0,99.145,5323.0,109.0,99.05,5139.0,45.0,98.98,1431.0,138.0,98.895,619.0,2.0,98.805,779.0,2.0,98.73,1397.0,NaN,98.66,151.0,27.0,98.585,119.0,62.0,98.505,98.42,98.33,98.265,98.185,98.13,98.07,98.0,97.96,97.91,97.845,NaN,NaN,NaN,NaN,NaN,NaN,NaN,NaN,NaN,NaN,NaN,NaN,NaN,NaN,NaN,NaN,NaN,NaN,NaN,NaN,NaN,NaN,NaN,NaN,NaN
2014-11-05,NaN,NaN,NaN,NaN,NaN,NaN,NaN,NaN,NaN,NaN,NaN,NaN,NaN,NaN,NaN,NaN,NaN,NaN,NaN,NaN,NaN,NaN,NaN,NaN,NaN,NaN,NaN,NaN,NaN,NaN,99.9075,40903.0,4378.0,99.9,47197.0,2176.0,99.905,49635.0,3410.0,99.895,60957.0,3179.0,99.89,61950.0,5470.0,99.88,65499.0,3402.0,99.86,65474.0,4014.0,99.83,43402.0,2438.0,99.77,55872.0,5577.0,99.725,38956.0,4805.0,99.665,12815.0,821.0,99.575,13656.0,548.0,99.51,29169.0,370.0,99.44,28712.0,646.0,99.34,21856.0,1904.0,99.27,11841.0,328.0,99.205,2133.0,115.0,99.125,5320.0,115.0,99.03,5139.0,16.0,98.96,1460.0,50.0,98.875,616.0,14.0,98.785,779.0,NaN,98.71,1397.0,NaN,98.64,151.0,NaN,98.565,121.0,2.0,98.485,98.4,98.31,98.245,98.165,98.11,98.05,97.98,97.94,97.89,97.825,NaN,NaN,NaN,NaN,NaN,NaN,NaN,NaN,NaN,NaN,NaN,NaN,NaN,NaN,NaN,NaN,NaN,NaN,NaN,NaN,NaN,NaN,NaN,NaN,NaN
2014-11-06,NaN,NaN,NaN,NaN,NaN,NaN,NaN,NaN,NaN,NaN,NaN,NaN,NaN,NaN,NaN,NaN,NaN,NaN,NaN,NaN,NaN,NaN,NaN,NaN,NaN,NaN,NaN,NaN,NaN,NaN,99.9075,41291.0,1565.0,99.9,48171.0,1318.0,99.905,49785.0,789.0,99.895,64095.0,4725.0,99.885,64349.0,4934.0,99.875,64415.0,3562.0,99.86,67996.0,7444.0,99.82,44174.0,2084.0,99.76,56828.0,3617.0,99.71,37540.0,2978.0,99.65,12711.0,988.0,99.56,13791.0,1608.0,99.49,29075.0,1589.0,99.425,29279.0,1090.0,99.325,21283.0,1141.0,99.255,11844.0,570.0,99.185,2126.0,109.0,99.105,5362.0,156.0,99.005,5139.0,26.0,98.935,1528.0,85.0,98.85,617.0,5.0,98.76,769.0,13.0,98.685,1397.0,NaN,98.615,151.0,NaN,98.54,121.0,NaN,98.46,98.375,98.285,98.22,98.145,98.09,98.03,97.97,97.93,97.88,97.815,NaN,NaN,NaN,NaN,NaN,NaN,NaN,NaN,NaN,NaN,NaN,NaN,NaN,NaN,NaN,NaN,NaN,NaN,NaN,NaN,NaN,NaN,NaN,NaN,NaN
2014-11-07,NaN,NaN,NaN,NaN,NaN,NaN,NaN,NaN,NaN,NaN,NaN,NaN,NaN,NaN,NaN,NaN,NaN,NaN,NaN,NaN,NaN,NaN,NaN,NaN,NaN,NaN,NaN,NaN,NaN,NaN,99.9075,41291.0,NaN,99.9,48180.0,270.0,99.905,50043.0,744.0,99.9,64225.0,1969.0,99.89,65370.0,4174.0,99.875,70376.0,10114.0,99.86,70846.0,13713.0,99.825,42856.0,5233.0,99.775,57875.0,5477.0,99.735,37953.0,3664.0,99.68,13796.0,3606.0,99.595,14394.0,3968.0,99.53,28610.0,2534.0,99.465,29489.0,2207.0,99.37,21646.0,2161.0,99.305,11848.0,1267.0,99.235,2228.0,297.0,99.155,5343.0,381.0,99.065,5141.0,71.0,98.995,1619.0,249.0,98.915,632.0,60.0,98.83,759.0,79.0,98.765,1400.0,127.0,98.695,142.0,9.0,98.62,127.0,6.0,98.54,98.455,98.365,98.3,98.23,98.175,98.12,98.06,98.02,97.97,97.905,NaN,NaN,NaN,NaN,NaN,NaN,NaN,NaN,NaN,NaN,NaN,NaN,NaN,NaN,NaN,NaN,NaN,NaN,NaN,NaN,NaN,NaN,NaN,NaN,NaN
2014-11-10,NaN,NaN,NaN,NaN,NaN,NaN,NaN,NaN,NaN,NaN,NaN,NaN,NaN,NaN,NaN,NaN,NaN,NaN,NaN,NaN,NaN,NaN,NaN,NaN,NaN,NaN,NaN,NaN,NaN,NaN,99.9075,41254.0,38.0,99.895,48346.0,934.0,99.905,50021.0,33.0,99.9,64205.0,38.0,99.89,65369.0,180.0,99.875,71061.0,2987.0,99.86,72283.0,2955.0,99.825,43490.0,2932.0,99.765,57343.0,2933.0,99.715,38378.0,1451.0,99.66,13820.0,823.0,99.57,14069.0,1062.0,99.5,28503.0,817.0,99.43,29507.0,370.0,99.335,21156.0,1013.0,99.265,11939.0,881.0,99.195,2214.0,101.0,99.115,5403.0,170.0,99.025,5124.0,89.0,98.955,1582.0,55.0,98.875,615.0,66.0,98.79,746.0,81.0,98.725,1379.0,47.0,98.65,139.0,4.0,98.575,127.0,NaN,98.495,98.41,98.32,98.255,98.185,98.13,98.075,98.015,97.975,97.925,97.86,NaN,NaN,NaN,NaN,NaN,NaN,NaN,NaN,NaN,NaN,NaN,NaN,NaN,NaN,NaN,NaN,NaN,NaN,NaN,NaN,NaN,NaN,NaN,NaN,NaN
2014-11-11,NaN,NaN,NaN,NaN,NaN,NaN,NaN,NaN,NaN,NaN,NaN,NaN,NaN,NaN,NaN,NaN,NaN,NaN,NaN,NaN,NaN,NaN,NaN,NaN,NaN,NaN,NaN,NaN,NaN,NaN,99.9075,41254.0,NaN,99.895,48345.0,105.0,99.905,50020.0,6.0,99.9,63962.0,575.0,99.89,65143.0,533.0,99.875,71051.0,499.0,99.86,72260.0,207.0,99.825,43564.0,549.0,99.765,57317.0,411.0,99.715,38200.0,260.0,99.66,13693.0,231.0,99.57,14038.0,219.0,99.495,28469.0,138.0,99.425,29481.0,31.0,99.33,21146.0,112.0,99.255,11934.0,27.0,99.185,2214.0,6.0,99.105,5392.0,45.0,99.015,5128.0,12.0,98.945,1580.0,2.0,98.865,615.0,1.0,98.78,746.0,NaN,98.715,1379.0,NaN,98.64,139.0,NaN,98.565,127.0,NaN,98.485,98.4,98.31,98.245,98.175,98.12,98.065,98.005,97.965,97.915,97.85,NaN,NaN,NaN,NaN,NaN,NaN,NaN,NaN,NaN,NaN,NaN,NaN,NaN,NaN,NaN,NaN,NaN,NaN,NaN,NaN,NaN,NaN,NaN,NaN,NaN
2014-11-12,NaN,NaN,NaN,NaN,NaN,NaN,NaN,NaN,NaN,NaN,NaN,NaN,NaN,NaN,NaN,NaN,NaN,NaN,NaN,NaN,NaN,NaN,NaN,NaN,NaN,NaN,NaN,NaN,NaN,NaN,99.9075,41505.0,1073.0,99.895,48827.0,7420.0,99.9,50800.0,25762.0,99.895,65692.0,12722.0,99.885,68897.0,12318.0,99.87,69733.0,9931.0,99.855,73927.0,4822.0,99.82,43217.0,1763.0,99.76,57924.0,1218.0,99.715,37964.0,1015.0,99.66,13640.0,1035.0,99.57,14170.0,653.0,99.5,28543.0,567.0,99.43,29416.0,442.0,99.335,21239.0,852.0,99.265,11985.0,704.0,99.195,2396.0,713.0,99.115,5322.0,299.0,99.02,5133.0,54.0,98.95,1559.0,26.0,98.87,613.0,13.0,98.785,751.0,6.0,98.72,1379.0,NaN,98.64,134.0,5.0,98.56,127.0,NaN,98.48,98.395,98.305,98.245,98.175,98.12,98.065,98.005,97.965,97.915,97.85,NaN,NaN,NaN,NaN,NaN,NaN,NaN,NaN,NaN,NaN,NaN,NaN,NaN,NaN,NaN,NaN,NaN,NaN,NaN,NaN,NaN,NaN,NaN,NaN,NaN
2014-11-13,NaN,NaN,NaN,NaN,NaN,NaN,NaN,NaN,NaN,NaN,NaN,NaN,NaN,NaN,NaN,NaN,NaN,NaN,NaN,NaN,NaN,NaN,NaN,NaN,NaN,NaN,NaN,NaN,NaN,NaN,99.9075,41844.0,2835.0,99.895,49081.0,1671.0,99.895,53135.0,4105.0,99.895,66612.0,5658.0,99.885,68806.0,1820.0,99.87,69613.0,3412.0,99.855,73915.0,4088.0,99.825,43237.0,805.0,99.77,57918.0,2362.0,99.725,38232.0,1248.0,99.675,14182.0,1160.0,99.59,14294.0,392.0,99.525,28665.0,706.0,99.45,29348.0,517.0,99.355,21236.0,593.0,99.285,12011.0,149.0,99.215,2424.0,62.0,99.135,5347.0,59.0,99.04,5127.0,66.0,98.97,1575.0,21.0,98.89,613.0,2.0,98.805,772.0,21.0,98.74,1379.0,NaN,98.66,134.0,NaN,98.58,127.0,NaN,98.505,98.43,98.34,98.28,98.21,98.155,98.1,98.04,98.0,97.95,97.885,NaN,NaN,NaN,NaN,NaN,NaN,NaN,NaN,NaN,NaN,NaN,NaN,NaN,NaN,NaN,NaN,NaN,NaN,NaN,NaN,NaN,NaN,NaN,NaN,NaN
2014-11-14,NaN,NaN,NaN,NaN,NaN,NaN,NaN,NaN,NaN,NaN,NaN,NaN,NaN,NaN,NaN,NaN,NaN,NaN,NaN,NaN,NaN,NaN,NaN,NaN,NaN,NaN,NaN,NaN,NaN,NaN,99.9075,41884.0,871.0,99.895,48715.0,1360.0,99.895,54002.0,5420.0,99.89,66741.0,3017.0,99.88,69726.0,3938.0,99.87,69998.0,4122.0,99.855,75189.0,5054.0,99.825,44149.0,2437.0,99.765,58217.0,2275.0,99.725,37976.0,3061.0,99.675,14113.0,746.0,99.595,13817.0,1084.0,99.53,29810.0,2205.0,99.46,30373.0,1777.0,99.365,21467.0,763.0,99.3,12148.0,704.0,99.23,2473.0,109.0,99.15,5326.0,98.0,99.055,5126.0,36.0,98.985,1566.0,135.0,98.905,583.0,42.0,98.82,772.0,2.0,98.755,1381.0,2.0,98.675,134.0,NaN,98.595,127.0,NaN,98.52,98.445,98.355,98.295,98.225,98.17,98.115,98.055,98.015,97.965,97.9,NaN,NaN,NaN,NaN,NaN,NaN,NaN,NaN,NaN,NaN,NaN,NaN,NaN,NaN,NaN,NaN,NaN,NaN,NaN,NaN,NaN,NaN,NaN,NaN,NaN
2014-11-17,NaN,NaN,NaN,NaN,NaN,NaN,NaN,NaN,NaN,NaN,NaN,NaN,NaN,NaN,NaN,NaN,NaN,NaN,NaN,NaN,NaN,NaN,NaN,NaN,NaN,NaN,NaN,NaN,NaN,NaN,99.9075,43633.0,5049.0,99.895,51742.0,5691.0,99.895,54364.0,4287.0,99.89,66580.0,2252.0,99.88,69451.0,3289.0,99.87,69981.0,1872.0,99.855,75768.0,4530.0,99.825,43885.0,864.0,99.775,57864.0,1335.0,99.735,37740.0,1025.0,99.685,13860.0,1531.0,99.61,13950.0,1987.0,99.545,29783.0,315.0,99.48,30619.0,1338.0,99.385,21137.0,1265.0,99.32,12093.0,579.0,99.25,2472.0,52.0,99.17,5333.0,54.0,99.075,5129.0,25.0,99.005,1563.0,14.0,98.925,572.0,34.0,98.84,774.0,2.0,98.775,1383.0,9.0,98.69,133.0,1.0,98.61,127.0,NaN,98.535,98.46,98.37,98.31,98.235,98.165,98.11,98.045,98.0,97.945,97.88,NaN,NaN,NaN,NaN,NaN,NaN,NaN,NaN,NaN,NaN,NaN,NaN,NaN,NaN,NaN,NaN,NaN,NaN,NaN,NaN,NaN,NaN,NaN,NaN,NaN
2014-11-18,NaN,NaN,NaN,NaN,NaN,NaN,NaN,NaN,NaN,NaN,NaN,NaN,NaN,NaN,NaN,NaN,NaN,NaN,NaN,NaN,NaN,NaN,NaN,NaN,NaN,NaN,NaN,NaN,NaN,NaN,99.9075,43734.0,126.0,99.895,52135.0,1435.0,99.895,53984.0,1406.0,99.89,65468.0,2456.0,99.88,68987.0,1400.0,99.87,69098.0,1818.0,99.855,75997.0,4285.0,99.83,45106.0,2596.0,99.775,60366.0,4380.0,99.735,37573.0,746.0,99.69,14264.0,739.0,99.61,13912.0,496.0,99.55,29881.0,734.0,99.485,30204.0,1055.0,99.39,21643.0,1975.0,99.325,12049.0,279.0,99.255,2510.0,120.0,99.175,5347.0,137.0,99.08,5133.0,27.0,99.01,1558.0,14.0,98.93,572.0,14.0,98.845,775.0,1.0,98.78,1385.0,7.0,98.695,133.0,1.0,98.615,127.0,NaN,98.54,98.465,98.375,98.315,98.24,98.17,98.115,98.05,98.005,97.95,97.885,NaN,NaN,NaN,NaN,NaN,NaN,NaN,NaN,NaN,NaN,NaN,NaN,NaN,NaN,NaN,NaN,NaN,NaN,NaN,NaN,NaN,NaN,NaN,NaN,NaN
2014-11-19,NaN,NaN,NaN,NaN,NaN,NaN,NaN,NaN,NaN,NaN,NaN,NaN,NaN,NaN,NaN,NaN,NaN,NaN,NaN,NaN,NaN,NaN,NaN,NaN,NaN,NaN,NaN,NaN,NaN,NaN,99.905,42649.0,8796.0,99.89,57458.0,13719.0,99.89,54420.0,6400.0,99.89,66057.0,3670.0,99.875,69208.0,3703.0,99.865,67580.0,3991.0,99.85,76785.0,5655.0,99.825,44307.0,3735.0,99.765,59841.0,3207.0,99.73,37583.0,3177.0,99.68,14321.0,1693.0,99.6,13969.0,1597.0,99.54,29931.0,924.0,99.475,29782.0,1561.0,99.375,21464.0,2437.0,99.305,11385.0,1171.0,99.235,2504.0,194.0,99.155,5216.0,416.0,99.06,5126.0,106.0,98.99,1524.0,50.0,98.91,577.0,103.0,98.825,782.0,20.0,98.76,1384.0,2.0,98.675,133.0,NaN,98.595,127.0,NaN,98.525,98.45,98.36,98.3,98.225,98.165,98.11,98.05,98.005,97.95,97.895,NaN,NaN,NaN,NaN,NaN,NaN,NaN,NaN,NaN,NaN,NaN,NaN,NaN,NaN,NaN,NaN,NaN,NaN,NaN,NaN,NaN,NaN,NaN,NaN,NaN
2014-11-20,NaN,NaN,NaN,NaN,NaN,NaN,NaN,NaN,NaN,NaN,NaN,NaN,NaN,NaN,NaN,NaN,NaN,NaN,NaN,NaN,NaN,NaN,NaN,NaN,NaN,NaN,NaN,NaN,NaN,NaN,99.905,42646.0,104.0,99.89,58255.0,4641.0,99.89,53317.0,5230.0,99.885,67395.0,3878.0,99.875,68846.0,1127.0,99.865,67687.0,3700.0,99.85,78888.0,6313.0,99.825,45261.0,2483.0,99.77,60987.0,4779.0,99.735,38032.0,2329.0,99.685,14489.0,1378.0,99.61,14483.0,1937.0,99.555,30035.0,757.0,99.485,29871.0,752.0,99.39,21633.0,804.0,99.325,11338.0,291.0,99.255,2504.0,92.0,99.175,5211.0,71.0,99.08,5125.0,12.0,99.01,1524.0,17.0,98.93,587.0,12.0,98.845,779.0,3.0,98.78,1384.0,NaN,98.695,142.0,9.0,98.615,133.0,12.0,98.545,98.47,98.38,98.32,98.245,98.185,98.13,98.07,98.025,97.97,97.915,NaN,NaN,NaN,NaN,NaN,NaN,NaN,NaN,NaN,NaN,NaN,NaN,NaN,NaN,NaN,NaN,NaN,NaN,NaN,NaN,NaN,NaN,NaN,NaN,NaN
2014-11-21,NaN,NaN,NaN,NaN,NaN,NaN,NaN,NaN,NaN,NaN,NaN,NaN,NaN,NaN,NaN,NaN,NaN,NaN,NaN,NaN,NaN,NaN,NaN,NaN,NaN,NaN,NaN,NaN,NaN,NaN,99.905,42768.0,160.0,99.89,58925.0,1421.0,99.89,54827.0,3319.0,99.885,66796.0,1758.0,99.875,68932.0,501.0,99.865,67689.0,1781.0,99.85,82657.0,5254.0,99.825,45186.0,923.0,99.77,61953.0,3700.0,99.735,38079.0,1617.0,99.685,14508.0,1202.0,99.61,14893.0,1985.0,99.55,30745.0,1447.0,99.485,29873.0,1101.0,99.395,21548.0,985.0,99.33,11304.0,257.0,99.26,2514.0,71.0,99.18,5209.0,11.0,99.085,5131.0,52.0,99.015,1524.0,2.0,98.935,587.0,NaN,98.85,773.0,35.0,98.785,1384.0,NaN,98.71,142.0,NaN,98.63,133.0,NaN,98.56,98.485,98.395,98.335,98.26,98.2,98.145,98.085,98.04,97.985,97.93,NaN,NaN,NaN,NaN,NaN,NaN,NaN,NaN,NaN,NaN,NaN,NaN,NaN,NaN,NaN,NaN,NaN,NaN,NaN,NaN,NaN,NaN,NaN,NaN,NaN
2014-11-24,NaN,NaN,NaN,NaN,NaN,NaN,NaN,NaN,NaN,NaN,NaN,NaN,NaN,NaN,NaN,NaN,NaN,NaN,NaN,NaN,NaN,NaN,NaN,NaN,NaN,NaN,NaN,NaN,NaN,NaN,99.905,42771.0,16.0,99.89,59004.0,910.0,99.89,54817.0,81.0,99.885,66639.0,412.0,99.875,69027.0,274.0,99.865,67648.0,905.0,99.85,83000.0,1417.0,99.825,45328.0,652.0,99.77,62117.0,1127.0,99.735,39456.0,2987.0,99.685,15490.0,1948.0,99.61,14222.0,1112.0,99.555,30424.0,1407.0,99.485,29726.0,1299.0,99.4,21803.0,1383.0,99.33,11335.0,251.0,99.26,2515.0,29.0,99.18,5214.0,63.0,99.09,5131.0,111.0,99.02,1524.0,1.0,98.94,587.0,NaN,98.855,770.0,12.0,98.795,1384.0,NaN,98.72,142.0,NaN,98.64,133.0,NaN,98.57,98.495,98.405,98.345,98.27,98.21,98.155,98.095,98.05,97.995,97.94,NaN,NaN,NaN,NaN,NaN,NaN,NaN,NaN,NaN,NaN,NaN,NaN,NaN,NaN,NaN,NaN,NaN,NaN,NaN,NaN,NaN,NaN,NaN,NaN,NaN
2014-11-25,NaN,NaN,NaN,NaN,NaN,NaN,NaN,NaN,NaN,NaN,NaN,NaN,NaN,NaN,NaN,NaN,NaN,NaN,NaN,NaN,NaN,NaN,NaN,NaN,NaN,NaN,NaN,NaN,NaN,NaN,99.905,42774.0,185.0,99.89,63542.0,6069.0,99.89,52359.0,3721.0,99.885,66247.0,4024.0,99.875,69072.0,88.0,99.87,67055.0,2161.0,99.855,83420.0,3203.0,99.83,45412.0,1554.0,99.78,61801.0,3618.0,99.74,39858.0,4298.0,99.695,15654.0,2473.0,99.62,14141.0,4240.0,99.565,30786.0,2420.0,99.495,29739.0,2387.0,99.41,21546.0,2292.0,99.345,10793.0,1025.0,99.275,2510.0,116.0,99.195,5225.0,41.0,99.11,5130.0,110.0,99.04,1523.0,15.0,98.96,572.0,58.0,98.875,772.0,24.0,98.815,1384.0,6.0,98.74,142.0,NaN,98.66,134.0,1.0,98.59,98.515,98.43,98.37,98.295,98.235,98.18,98.12,98.075,98.02,97.975,NaN,NaN,NaN,NaN,NaN,NaN,NaN,NaN,NaN,NaN,NaN,NaN,NaN,NaN,NaN,NaN,NaN,NaN,NaN,NaN,NaN,NaN,NaN,NaN,NaN
2014-11-26,NaN,NaN,NaN,NaN,NaN,NaN,NaN,NaN,NaN,NaN,NaN,NaN,NaN,NaN,NaN,NaN,NaN,NaN,NaN,NaN,NaN,NaN,NaN,NaN,NaN,NaN,NaN,NaN,NaN,NaN,99.905,42770.0,13.0,99.89,63624.0,1782.0,99.89,53640.0,2312.0,99.885,65692.0,1552.0,99.875,69002.0,189.0,99.87,67041.0,79.0,99.855,85222.0,3853.0,99.83,45629.0,1641.0,99.78,61487.0,1089.0,99.74,40329.0,1750.0,99.695,15772.0,487.0,99.62,14166.0,1231.0,99.57,30905.0,1177.0,99.505,30079.0,1545.0,99.415,21296.0,1666.0,99.35,10718.0,500.0,99.28,2526.0,78.0,99.2,5218.0,25.0,99.115,5130.0,31.0,99.045,1521.0,8.0,98.965,557.0,28.0,98.885,774.0,5.0,98.825,1354.0,37.0,98.75,142.0,NaN,98.67,134.0,NaN,98.6,98.525,98.445,98.385,98.32,98.26,98.205,98.145,98.1,98.045,98.0,NaN,NaN,NaN,NaN,NaN,NaN,NaN,NaN,NaN,NaN,NaN,NaN,NaN,NaN,NaN,NaN,NaN,NaN,NaN,NaN,NaN,NaN,NaN,NaN,NaN
2014-11-28,NaN,NaN,NaN,NaN,NaN,NaN,NaN,NaN,NaN,NaN,NaN,NaN,NaN,NaN,NaN,NaN,NaN,NaN,NaN,NaN,NaN,NaN,NaN,NaN,NaN,NaN,NaN,NaN,NaN,NaN,99.905,41876.0,2856.0,99.89,63623.0,1.0,99.89,53693.0,169.0,99.885,65261.0,549.0,99.875,68818.0,353.0,99.87,67348.0,362.0,99.855,86153.0,1947.0,99.835,45604.0,274.0,99.785,61692.0,2452.0,99.755,40257.0,880.0,99.71,15712.0,227.0,99.64,14109.0,256.0,99.59,30911.0,150.0,99.525,30271.0,460.0,99.435,21328.0,683.0,99.375,10758.0,231.0,99.305,2557.0,122.0,99.23,5252.0,255.0,99.145,5240.0,142.0,99.075,1520.0,36.0,99.0,558.0,23.0,98.93,998.0,225.0,98.87,1354.0,NaN,98.795,142.0,NaN,98.715,140.0,6.0,98.645,98.575,98.495,98.435,98.37,98.31,98.255,98.2,98.155,98.1,98.055,NaN,NaN,NaN,NaN,NaN,NaN,NaN,NaN,NaN,NaN,NaN,NaN,NaN,NaN,NaN,NaN,NaN,NaN,NaN,NaN,NaN,NaN,NaN,NaN,NaN
2014-12-01,NaN,NaN,NaN,NaN,NaN,NaN,NaN,NaN,NaN,NaN,NaN,NaN,NaN,NaN,NaN,NaN,NaN,NaN,NaN,NaN,NaN,NaN,NaN,NaN,NaN,NaN,NaN,NaN,NaN,NaN,NaN,NaN,NaN,99.89,60572.0,4672.0,99.89,53189.0,1119.0,99.885,64631.0,1899.0,99.875,69590.0,2003.0,99.87,67686.0,1607.0,99.855,89048.0,7434.0,99.835,46186.0,3527.0,99.785,61692.0,5301.0,99.755,39597.0,4192.0,99.71,15708.0,2021.0,99.635,14169.0,1535.0,99.585,31002.0,1414.0,99.525,30044.0,1397.0,99.435,21084.0,1894.0,99.37,10739.0,254.0,99.3,2631.0,251.0,99.225,5256.0,433.0,99.14,5304.0,194.0,99.07,1510.0,26.0,98.995,556.0,12.0,98.925,942.0,88.0,98.865,1353.0,1.0,98.79,142.0,NaN,98.71,140.0,NaN,98.64,98.57,98.49,98.43,98.365,98.305,98.25,98.195,98.15,98.095,98.045,97.99,NaN,NaN,NaN,NaN,NaN,NaN,NaN,NaN,NaN,NaN,NaN,NaN,NaN,NaN,NaN,NaN,NaN,NaN,NaN,NaN,NaN,NaN,NaN,NaN
2014-12-02,NaN,NaN,NaN,NaN,NaN,NaN,NaN,NaN,NaN,NaN,NaN,NaN,NaN,NaN,NaN,NaN,NaN,NaN,NaN,NaN,NaN,NaN,NaN,NaN,NaN,NaN,NaN,NaN,NaN,NaN,NaN,NaN,NaN,99.8875,61854.0,4058.0,99.89,52851.0,5990.0,99.885,63546.0,4485.0,99.875,71413.0,10139.0,99.865,68545.0,9764.0,99.85,89101.0,3486.0,99.82,47137.0,4668.0,99.765,61996.0,3555.0,99.73,40213.0,2747.0,99.68,15925.0,1640.0,99.605,14274.0,915.0,99.55,31172.0,863.0,99.485,30223.0,1589.0,99.395,20734.0,1281.0,99.325,10312.0,966.0,99.255,2705.0,204.0,99.18,5223.0,168.0,99.095,5300.0,54.0,99.025,1482.0,98.0,98.95,556.0,38.0,98.865,954.0,41.0,98.805,1450.0,100.0,98.73,174.0,32.0,98.65,146.0,17.0,98.58,98.505,98.425,98.365,98.3,98.24,98.185,98.13,98.085,98.03,97.98,97.925,NaN,NaN,NaN,NaN,NaN,NaN,NaN,NaN,NaN,NaN,NaN,NaN,NaN,NaN,NaN,NaN,NaN,NaN,NaN,NaN,NaN,NaN,NaN,NaN
2014-12-03,NaN,NaN,NaN,NaN,NaN,NaN,NaN,NaN,NaN,NaN,NaN,NaN,NaN,NaN,NaN,NaN,NaN,NaN,NaN,NaN,NaN,NaN,NaN,NaN,NaN,NaN,NaN,NaN,NaN,NaN,NaN,NaN,NaN,99.8875,63009.0,4689.0,99.89,52307.0,1803.0,99.885,62625.0,4519.0,99.875,69728.0,2723.0,99.865,67593.0,2998.0,99.85,89391.0,3950.0,99.815,48631.0,3751.0,99.76,61938.0,2079.0,99.725,40870.0,3038.0,99.67,16433.0,1517.0,99.59,14372.0,3044.0,99.53,31084.0,2179.0,99.465,30225.0,788.0,99.37,20755.0,721.0,99.3,10194.0,888.0,99.23,2743.0,265.0,99.15,5325.0,175.0,99.065,5282.0,158.0,98.995,1475.0,45.0,98.915,556.0,36.0,98.83,961.0,37.0,98.765,1476.0,45.0,98.69,174.0,44.0,98.61,153.0,21.0,98.54,98.465,98.385,98.325,98.26,98.2,98.145,98.09,98.045,97.99,97.94,97.885,NaN,NaN,NaN,NaN,NaN,NaN,NaN,NaN,NaN,NaN,NaN,NaN,NaN,NaN,NaN,NaN,NaN,NaN,NaN,NaN,NaN,NaN,NaN,NaN
2014-12-04,NaN,NaN,NaN,NaN,NaN,NaN,NaN,NaN,NaN,NaN,NaN,NaN,NaN,NaN,NaN,NaN,NaN,NaN,NaN,NaN,NaN,NaN,NaN,NaN,NaN,NaN,NaN,NaN,NaN,NaN,NaN,NaN,NaN,99.8875,61938.0,1545.0,99.89,51905.0,1258.0,99.885,61967.0,2679.0,99.875,70091.0,1065.0,99.865,66450.0,3070.0,99.85,89319.0,2476.0,99.82,49007.0,1701.0,99.765,62528.0,2986.0,99.725,41869.0,2197.0,99.68,16413.0,1195.0,99.6,14348.0,1051.0,99.545,31158.0,793.0,99.48,29778.0,1193.0,99.385,20805.0,587.0,99.315,10257.0,342.0,99.245,2753.0,81.0,99.165,5346.0,144.0,99.08,5284.0,131.0,99.01,1471.0,48.0,98.93,566.0,48.0,98.845,956.0,19.0,98.78,1464.0,22.0,98.705,184.0,15.0,98.625,164.0,11.0,98.555,98.48,98.405,98.345,98.28,98.22,98.165,98.11,98.065,98.015,97.965,97.92,NaN,NaN,NaN,NaN,NaN,NaN,NaN,NaN,NaN,NaN,NaN,NaN,NaN,NaN,NaN,NaN,NaN,NaN,NaN,NaN,NaN,NaN,NaN,NaN
2014-12-05,NaN,NaN,NaN,NaN,NaN,NaN,NaN,NaN,NaN,NaN,NaN,NaN,NaN,NaN,NaN,NaN,NaN,NaN,NaN,NaN,NaN,NaN,NaN,NaN,NaN,NaN,NaN,NaN,NaN,NaN,NaN,NaN,NaN,99.8875,60900.0,2097.0,99.885,51471.0,2303.0,99.88,63084.0,4997.0,99.875,71347.0,8336.0,99.86,71561.0,17921.0,99.825,95053.0,14757.0,99.785,49961.0,5306.0,99.71,61609.0,11324.0,99.655,42519.0,6996.0,99.6,16014.0,3720.0,99.51,12716.0,4258.0,99.44,30965.0,4372.0,99.37,27412.0,8190.0,99.265,20180.0,3234.0,99.19,9847.0,1883.0,99.12,3001.0,800.0,99.035,5452.0,395.0,98.945,5520.0,705.0,98.87,1432.0,150.0,98.785,574.0,234.0,98.7,982.0,66.0,98.635,1288.0,229.0,98.56,176.0,38.0,98.48,167.0,34.0,98.41,98.335,98.26,98.2,98.135,98.075,98.025,97.975,97.935,97.885,97.845,97.8,NaN,NaN,NaN,NaN,NaN,NaN,NaN,NaN,NaN,NaN,NaN,NaN,NaN,NaN,NaN,NaN,NaN,NaN,NaN,NaN,NaN,NaN,NaN,NaN
2014-12-08,NaN,NaN,NaN,NaN,NaN,NaN,NaN,NaN,NaN,NaN,NaN,NaN,NaN,NaN,NaN,NaN,NaN,NaN,NaN,NaN,NaN,NaN,NaN,NaN,NaN,NaN,NaN,NaN,NaN,NaN,NaN,NaN,NaN,99.8875,61229.0,672.0,99.885,51319.0,611.0,99.88,63297.0,1166.0,99.875,71664.0,2789.0,99.86,72503.0,7546.0,99.83,94947.0,7171.0,99.785,50031.0,3132.0,99.71,63908.0,5516.0,99.655,42286.0,1143.0,99.6,16462.0,948.0,99.51,12985.0,2183.0,99.445,30917.0,501.0,99.375,27534.0,490.0,99.27,20233.0,486.0,99.195,9826.0,393.0,99.125,2957.0,311.0,99.04,5435.0,119.0,98.945,5510.0,116.0,98.87,1444.0,29.0,98.785,594.0,176.0,98.7,958.0,60.0,98.635,1276.0,53.0,98.56,177.0,26.0,98.48,188.0,27.0,98.41,98.335,98.26,98.2,98.135,98.075,98.025,97.975,97.935,97.885,97.845,97.8,NaN,NaN,NaN,NaN,NaN,NaN,NaN,NaN,NaN,NaN,NaN,NaN,NaN,NaN,NaN,NaN,NaN,NaN,NaN,NaN,NaN,NaN,NaN,NaN
2014-12-09,NaN,NaN,NaN,NaN,NaN,NaN,NaN,NaN,NaN,NaN,NaN,NaN,NaN,NaN,NaN,NaN,NaN,NaN,NaN,NaN,NaN,NaN,NaN,NaN,NaN,NaN,NaN,NaN,NaN,NaN,NaN,NaN,NaN,99.89,61732.0,2860.0,99.885,52290.0,4176.0,99.88,63831.0,5200.0,99.875,70813.0,5478.0,99.86,70826.0,12582.0,99.83,93583.0,11491.0,99.785,49263.0,5174.0,99.71,66890.0,9332.0,99.655,42393.0,4452.0,99.605,16248.0,2276.0,99.52,13459.0,4105.0,99.455,30964.0,3161.0,99.385,28670.0,3023.0,99.285,20528.0,1623.0,99.21,9791.0,1125.0,99.14,3012.0,515.0,99.055,5559.0,498.0,98.965,5508.0,366.0,98.89,1345.0,138.0,98.81,609.0,141.0,98.725,940.0,116.0,98.66,1271.0,75.0,98.585,168.0,9.0,98.51,190.0,3.0,98.44,98.365,98.295,98.235,98.175,98.115,98.075,98.025,97.985,97.94,97.9,97.855,NaN,NaN,NaN,NaN,NaN,NaN,NaN,NaN,NaN,NaN,NaN,NaN,NaN,NaN,NaN,NaN,NaN,NaN,NaN,NaN,NaN,NaN,NaN,NaN
2014-12-10,NaN,NaN,NaN,NaN,NaN,NaN,NaN,NaN,NaN,NaN,NaN,NaN,NaN,NaN,NaN,NaN,NaN,NaN,NaN,NaN,NaN,NaN,NaN,NaN,NaN,NaN,NaN,NaN,NaN,NaN,NaN,NaN,NaN,99.89,61836.0,588.0,99.89,53859.0,2672.0,99.88,63795.0,2865.0,99.875,70666.0,1197.0,99.86,72801.0,8163.0,99.835,95322.0,5316.0,99.795,49194.0,2037.0,99.73,67045.0,3325.0,99.68,42760.0,3000.0,99.63,16266.0,1493.0,99.55,14330.0,1702.0,99.49,31274.0,838.0,99.425,28690.0,449.0,99.335,20549.0,903.0,99.26,9927.0,384.0,99.19,2954.0,323.0,99.115,5506.0,131.0,99.025,5519.0,151.0,98.955,1332.0,20.0,98.875,609.0,11.0,98.79,952.0,25.0,98.725,1262.0,23.0,98.65,163.0,5.0,98.58,191.0,8.0,98.51,98.435,98.37,98.315,98.255,98.2,98.16,98.11,98.07,98.025,97.985,97.94,NaN,NaN,NaN,NaN,NaN,NaN,NaN,NaN,NaN,NaN,NaN,NaN,NaN,NaN,NaN,NaN,NaN,NaN,NaN,NaN,NaN,NaN,NaN,NaN
2014-12-11,NaN,NaN,NaN,NaN,NaN,NaN,NaN,NaN,NaN,NaN,NaN,NaN,NaN,NaN,NaN,NaN,NaN,NaN,NaN,NaN,NaN,NaN,NaN,NaN,NaN,NaN,NaN,NaN,NaN,NaN,NaN,NaN,NaN,99.89,63194.0,2492.0,99.89,54066.0,1595.0,99.88,64636.0,2225.0,99.875,71464.0,3913.0,99.86,72816.0,4293.0,99.83,93201.0,7377.0,99.79,50595.0,3034.0,99.72,66541.0,5021.0,99.67,43842.0,3907.0,99.615,15362.0,4037.0,99.535,15186.0,3010.0,99.47,31805.0,2316.0,99.405,30360.0,4523.0,99.315,21617.0,3000.0,99.24,9694.0,845.0,99.17,3077.0,393.0,99.095,5511.0,227.0,99.005,5514.0,161.0,98.935,1445.0,152.0,98.855,638.0,88.0,98.77,954.0,29.0,98.705,1258.0,60.0,98.63,164.0,5.0,98.56,191.0,NaN,98.485,98.41,98.345,98.29,98.225,98.17,98.125,98.075,98.035,97.99,97.95,97.905,NaN,NaN,NaN,NaN,NaN,NaN,NaN,NaN,NaN,NaN,NaN,NaN,NaN,NaN,NaN,NaN,NaN,NaN,NaN,NaN,NaN,NaN,NaN,NaN
2014-12-12,NaN,NaN,NaN,NaN,NaN,NaN,NaN,NaN,NaN,NaN,NaN,NaN,NaN,NaN,NaN,NaN,NaN,NaN,NaN,NaN,NaN,NaN,NaN,NaN,NaN,NaN,NaN,NaN,NaN,NaN,NaN,NaN,NaN,99.89,67458.0,7018.0,99.89,53900.0,2845.0,99.88,65108.0,1235.0,99.875,71740.0,1181.0,99.86,73643.0,3507.0,99.835,93140.0,7474.0,99.805,50489.0,5530.0,99.745,66377.0,9939.0,99.7,43914.0,9411.0,99.655,15194.0,3321.0,99.58,15441.0,3393.0,99.525,32365.0,3395.0,99.46,30494.0,4125.0,99.375,21701.0,1948.0,99.305,9730.0,616.0,99.24,3194.0,357.0,99.165,5603.0,371.0,99.08,6239.0,1133.0,99.01,1470.0,63.0,98.935,689.0,150.0,98.85,942.0,28.0,98.785,1202.0,59.0,98.715,155.0,14.0,98.645,173.0,19.0,98.575,98.5,98.435,98.38,98.315,98.26,98.215,98.165,98.125,98.08,98.04,97.995,NaN,NaN,NaN,NaN,NaN,NaN,NaN,NaN,NaN,NaN,NaN,NaN,NaN,NaN,NaN,NaN,NaN,NaN,NaN,NaN,NaN,NaN,NaN,NaN
2014-12-15,NaN,NaN,NaN,NaN,NaN,NaN,NaN,NaN,NaN,NaN,NaN,NaN,NaN,NaN,NaN,NaN,NaN,NaN,NaN,NaN,NaN,NaN,NaN,NaN,NaN,NaN,NaN,NaN,NaN,NaN,NaN,NaN,NaN,99.89,68082.0,1136.0,99.89,53922.0,857.0,99.885,65235.0,2757.0,99.875,71629.0,1291.0,99.86,73550.0,584.0,99.835,93689.0,2070.0,99.8,50062.0,1582.0,99.74,64622.0,4280.0,99.69,43774.0,3148.0,99.64,15783.0,1942.0,99.56,15724.0,2371.0,99.5,32229.0,1409.0,99.435,30480.0,1626.0,99.34,21610.0,884.0,99.27,9632.0,417.0,99.205,3188.0,262.0,99.13,5630.0,319.0,99.04,6245.0,93.0,98.97,1458.0,93.0,98.895,683.0,30.0,98.81,999.0,133.0,98.745,1117.0,110.0,98.675,155.0,2.0,98.605,173.0,NaN,98.535,98.46,98.395,98.34,98.275,98.22,98.175,98.125,98.085,98.04,98.0,97.955,NaN,NaN,NaN,NaN,NaN,NaN,NaN,NaN,NaN,NaN,NaN,NaN,NaN,NaN,NaN,NaN,NaN,NaN,NaN,NaN,NaN,NaN,NaN,NaN
2014-12-16,NaN,NaN,NaN,NaN,NaN,NaN,NaN,NaN,NaN,NaN,NaN,NaN,NaN,NaN,NaN,NaN,NaN,NaN,NaN,NaN,NaN,NaN,NaN,NaN,NaN,NaN,NaN,NaN,NaN,NaN,NaN,NaN,NaN,99.89,66949.0,2130.0,99.89,55438.0,4871.0,99.885,65487.0,3348.0,99.875,72415.0,3372.0,99.86,73986.0,5015.0,99.835,93658.0,5729.0,99.8,50644.0,5516.0,99.745,69857.0,13636.0,99.705,45815.0,11337.0,99.66,19008.0,6716.0,99.585,17716.0,6257.0,99.535,32312.0,3663.0,99.475,29891.0,3921.0,99.39,21727.0,1429.0,99.32,9651.0,911.0,99.255,3208.0,295.0,99.18,5611.0,518.0,99.09,6245.0,267.0,99.025,1461.0,126.0,98.95,646.0,149.0,98.865,1082.0,271.0,98.8,1027.0,206.0,98.73,176.0,29.0,98.66,233.0,76.0,98.6,98.525,98.46,98.405,98.34,98.285,98.24,98.19,98.15,98.105,98.065,98.02,NaN,NaN,NaN,NaN,NaN,NaN,NaN,NaN,NaN,NaN,NaN,NaN,NaN,NaN,NaN,NaN,NaN,NaN,NaN,NaN,NaN,NaN,NaN,NaN
2014-12-17,NaN,NaN,NaN,NaN,NaN,NaN,NaN,NaN,NaN,NaN,NaN,NaN,NaN,NaN,NaN,NaN,NaN,NaN,NaN,NaN,NaN,NaN,NaN,NaN,NaN,NaN,NaN,NaN,NaN,NaN,NaN,NaN,NaN,99.885,62888.0,6293.0,99.885,53582.0,9252.0,99.875,65512.0,10821.0,99.865,70946.0,10487.0,99.86,76262.0,17992.0,99.835,94825.0,22500.0,99.795,49699.0,10096.0,99.735,70029.0,18033.0,99.685,46305.0,10429.0,99.635,19657.0,4737.0,99.56,17652.0,8304.0,99.495,33105.0,8121.0,99.435,29881.0,4271.0,99.34,21854.0,2691.0,99.265,9668.0,1412.0,99.19,3239.0,558.0,99.115,5524.0,370.0,99.02,6254.0,452.0,98.945,1556.0,335.0,98.865,667.0,163.0,98.78,1080.0,297.0,98.715,848.0,314.0,98.645,152.0,36.0,98.57,250.0,60.0,98.505,98.43,98.355,98.3,98.235,98.18,98.135,98.085,98.045,98.0,97.96,97.915,NaN,NaN,NaN,NaN,NaN,NaN,NaN,NaN,NaN,NaN,NaN,NaN,NaN,NaN,NaN,NaN,NaN,NaN,NaN,NaN,NaN,NaN,NaN,NaN
2014-12-18,NaN,NaN,NaN,NaN,NaN,NaN,NaN,NaN,NaN,NaN,NaN,NaN,NaN,NaN,NaN,NaN,NaN,NaN,NaN,NaN,NaN,NaN,NaN,NaN,NaN,NaN,NaN,NaN,NaN,NaN,NaN,NaN,NaN,99.88,62920.0,2312.0,99.88,53267.0,4394.0,99.875,63255.0,6096.0,99.865,72498.0,3720.0,99.86,73156.0,19955.0,99.825,95781.0,27671.0,99.785,50112.0,1688.0,99.725,71295.0,7957.0,99.67,45053.0,6298.0,99.62,19226.0,1985.0,99.54,17090.0,2581.0,99.475,32946.0,2667.0,99.41,30594.0,4267.0,99.315,21905.0,2136.0,99.24,9561.0,614.0,99.165,3230.0,261.0,99.09,5487.0,234.0,98.995,6267.0,370.0,98.92,1401.0,319.0,98.84,666.0,110.0,98.755,1232.0,262.0,98.69,843.0,16.0,98.62,152.0,2.0,98.545,250.0,5.0,98.48,98.405,98.33,98.275,98.21,98.155,98.11,98.06,98.015,97.97,97.93,97.885,NaN,NaN,NaN,NaN,NaN,NaN,NaN,NaN,NaN,NaN,NaN,NaN,NaN,NaN,NaN,NaN,NaN,NaN,NaN,NaN,NaN,NaN,NaN,NaN
2014-12-19,NaN,NaN,NaN,NaN,NaN,NaN,NaN,NaN,NaN,NaN,NaN,NaN,NaN,NaN,NaN,NaN,NaN,NaN,NaN,NaN,NaN,NaN,NaN,NaN,NaN,NaN,NaN,NaN,NaN,NaN,NaN,NaN,NaN,99.88,62181.0,1475.0,99.88,53122.0,436.0,99.875,63653.0,1630.0,99.865,72700.0,1136.0,99.86,72788.0,4311.0,99.825,96547.0,7212.0,99.785,49737.0,2921.0,99.725,69809.0,16503.0,99.665,44555.0,8228.0,99.615,18547.0,3240.0,99.53,17841.0,2457.0,99.46,33041.0,797.0,99.39,30774.0,668.0,99.3,21882.0,656.0,99.22,9566.0,163.0,99.145,3342.0,343.0,99.065,5411.0,439.0,98.97,6257.0,195.0,98.895,1412.0,148.0,98.815,656.0,121.0,98.73,1232.0,92.0,98.665,820.0,76.0,98.595,152.0,NaN,98.52,248.0,2.0,98.455,98.38,98.305,98.25,98.195,98.14,98.095,98.045,98.0,97.955,97.92,97.88,NaN,NaN,NaN,NaN,NaN,NaN,NaN,NaN,NaN,NaN,NaN,NaN,NaN,NaN,NaN,NaN,NaN,NaN,NaN,NaN,NaN,NaN,NaN,NaN
2014-12-22,NaN,NaN,NaN,NaN,NaN,NaN,NaN,NaN,NaN,NaN,NaN,NaN,NaN,NaN,NaN,NaN,NaN,NaN,NaN,NaN,NaN,NaN,NaN,NaN,NaN,NaN,NaN,NaN,NaN,NaN,NaN,NaN,NaN,99.88,62181.0,NaN,99.88,53078.0,316.0,99.875,63365.0,1517.0,99.865,73573.0,2226.0,99.86,74069.0,7089.0,99.83,94044.0,18954.0,99.785,49237.0,2753.0,99.72,70814.0,6866.0,99.655,46148.0,6482.0,99.6,18285.0,1903.0,99.51,17798.0,483.0,99.44,32812.0,543.0,99.375,31475.0,1999.0,99.285,22268.0,802.0,99.2,9622.0,249.0,99.125,3426.0,190.0,99.045,5467.0,113.0,98.95,6256.0,63.0,98.875,1412.0,9.0,98.795,670.0,37.0,98.71,1229.0,65.0,98.645,820.0,NaN,98.575,152.0,NaN,98.5,248.0,NaN,98.435,98.36,98.29,98.235,98.18,98.125,98.08,98.035,97.99,97.945,97.91,97.875,NaN,NaN,NaN,NaN,NaN,NaN,NaN,NaN,NaN,NaN,NaN,NaN,NaN,NaN,NaN,NaN,NaN,NaN,NaN,NaN,NaN,NaN,NaN,NaN
2014-12-23,NaN,NaN,NaN,NaN,NaN,NaN,NaN,NaN,NaN,NaN,NaN,NaN,NaN,NaN,NaN,NaN,NaN,NaN,NaN,NaN,NaN,NaN,NaN,NaN,NaN,NaN,NaN,NaN,NaN,NaN,NaN,NaN,NaN,99.8775,62106.0,419.0,99.88,53260.0,1003.0,99.875,63187.0,1805.0,99.865,73627.0,1406.0,99.86,74294.0,2764.0,99.83,95516.0,4709.0,99.785,49696.0,2701.0,99.715,69746.0,7214.0,99.65,46115.0,4509.0,99.595,18345.0,2393.0,99.505,18146.0,2051.0,99.425,32463.0,1886.0,99.355,31563.0,3041.0,99.255,22345.0,1412.0,99.17,9407.0,696.0,99.09,3424.0,130.0,99.005,5336.0,348.0,98.905,6266.0,101.0,98.83,1452.0,66.0,98.75,684.0,83.0,98.66,1213.0,121.0,98.595,863.0,49.0,98.525,177.0,25.0,98.45,264.0,25.0,98.385,98.31,98.24,98.185,98.125,98.07,98.025,97.98,97.935,97.89,97.855,97.815,NaN,NaN,NaN,NaN,NaN,NaN,NaN,NaN,NaN,NaN,NaN,NaN,NaN,NaN,NaN,NaN,NaN,NaN,NaN,NaN,NaN,NaN,NaN,NaN
2014-12-24,NaN,NaN,NaN,NaN,NaN,NaN,NaN,NaN,NaN,NaN,NaN,NaN,NaN,NaN,NaN,NaN,NaN,NaN,NaN,NaN,NaN,NaN,NaN,NaN,NaN,NaN,NaN,NaN,NaN,NaN,NaN,NaN,NaN,99.8775,62378.0,1961.0,99.88,54086.0,1564.0,99.875,63204.0,191.0,99.865,73652.0,90.0,99.86,74243.0,712.0,99.83,95283.0,592.0,99.785,49745.0,209.0,99.715,69997.0,550.0,99.65,45305.0,1242.0,99.59,18263.0,379.0,99.5,18035.0,298.0,99.42,32275.0,361.0,99.35,31100.0,1157.0,99.25,22065.0,572.0,99.165,9376.0,273.0,99.085,3424.0,107.0,99.0,5334.0,2.0,98.9,6267.0,3.0,98.825,1426.0,33.0,98.74,680.0,69.0,98.65,1231.0,72.0,98.585,865.0,81.0,98.515,177.0,NaN,98.44,264.0,NaN,98.375,98.3,98.23,98.175,98.115,98.06,98.015,97.97,97.925,97.88,97.845,97.805,NaN,NaN,NaN,NaN,NaN,NaN,NaN,NaN,NaN,NaN,NaN,NaN,NaN,NaN,NaN,NaN,NaN,NaN,NaN,NaN,NaN,NaN,NaN,NaN
2014-12-26,NaN,NaN,NaN,NaN,NaN,NaN,NaN,NaN,NaN,NaN,NaN,NaN,NaN,NaN,NaN,NaN,NaN,NaN,NaN,NaN,NaN,NaN,NaN,NaN,NaN,NaN,NaN,NaN,NaN,NaN,NaN,NaN,NaN,99.8775,62464.0,631.0,99.88,54246.0,195.0,99.875,63205.0,27.0,99.865,73693.0,46.0,99.86,74247.0,343.0,99.83,95558.0,677.0,99.785,50504.0,952.0,99.715,69662.0,2420.0,99.645,44763.0,1808.0,99.585,18199.0,264.0,99.5,18019.0,150.0,99.42,32182.0,254.0,99.35,31107.0,369.0,99.245,22041.0,77.0,99.16,9409.0,119.0,99.08,3422.0,68.0,98.995,5324.0,113.0,98.895,6290.0,48.0,98.82,1424.0,21.0,98.735,680.0,3.0,98.645,1234.0,15.0,98.58,868.0,10.0,98.51,177.0,NaN,98.435,264.0,NaN,98.37,98.295,98.23,98.175,98.115,98.06,98.015,97.97,97.925,97.88,97.845,97.805,NaN,NaN,NaN,NaN,NaN,NaN,NaN,NaN,NaN,NaN,NaN,NaN,NaN,NaN,NaN,NaN,NaN,NaN,NaN,NaN,NaN,NaN,NaN,NaN
2014-12-29,NaN,NaN,NaN,NaN,NaN,NaN,NaN,NaN,NaN,NaN,NaN,NaN,NaN,NaN,NaN,NaN,NaN,NaN,NaN,NaN,NaN,NaN,NaN,NaN,NaN,NaN,NaN,NaN,NaN,NaN,NaN,NaN,NaN,99.8775,62416.0,619.0,99.88,55531.0,4506.0,99.875,64190.0,4875.0,99.87,75685.0,3472.0,99.865,76167.0,6177.0,99.83,96869.0,6450.0,99.785,50502.0,1229.0,99.715,70821.0,5080.0,99.645,44582.0,4066.0,99.595,17955.0,1057.0,99.51,18228.0,718.0,99.435,32064.0,847.0,99.37,31164.0,727.0,99.27,22084.0,275.0,99.185,9317.0,225.0,99.11,3422.0,70.0,99.03,5358.0,114.0,98.93,6281.0,52.0,98.86,1336.0,101.0,98.775,680.0,3.0,98.695,1219.0,41.0,98.63,866.0,27.0,98.56,177.0,NaN,98.485,264.0,NaN,98.42,98.345,98.28,98.225,98.165,98.115,98.07,98.025,97.98,97.935,97.9,97.865,NaN,NaN,NaN,NaN,NaN,NaN,NaN,NaN,NaN,NaN,NaN,NaN,NaN,NaN,NaN,NaN,NaN,NaN,NaN,NaN,NaN,NaN,NaN,NaN
2014-12-30,NaN,NaN,NaN,NaN,NaN,NaN,NaN,NaN,NaN,NaN,NaN,NaN,NaN,NaN,NaN,NaN,NaN,NaN,NaN,NaN,NaN,NaN,NaN,NaN,NaN,NaN,NaN,NaN,NaN,NaN,NaN,NaN,NaN,99.8775,62416.0,61.0,99.88,54302.0,1327.0,99.875,64328.0,1740.0,99.875,76208.0,1870.0,99.865,76960.0,2416.0,99.835,97448.0,2869.0,99.795,50473.0,522.0,99.725,71699.0,2527.0,99.66,44205.0,1073.0,99.61,17967.0,542.0,99.525,18362.0,440.0,99.45,32086.0,312.0,99.385,30880.0,737.0,99.285,21965.0,302.0,99.2,9273.0,320.0,99.125,3386.0,297.0,99.045,5339.0,155.0,98.945,6282.0,14.0,98.875,1355.0,44.0,98.79,680.0,7.0,98.71,1222.0,5.0,98.645,857.0,43.0,98.575,177.0,5.0,98.5,270.0,6.0,98.44,98.365,98.3,98.245,98.19,98.14,98.095,98.05,98.005,97.96,97.925,97.89,NaN,NaN,NaN,NaN,NaN,NaN,NaN,NaN,NaN,NaN,NaN,NaN,NaN,NaN,NaN,NaN,NaN,NaN,NaN,NaN,NaN,NaN,NaN,NaN
2014-12-31,NaN,NaN,NaN,NaN,NaN,NaN,NaN,NaN,NaN,NaN,NaN,NaN,NaN,NaN,NaN,NaN,NaN,NaN,NaN,NaN,NaN,NaN,NaN,NaN,NaN,NaN,NaN,NaN,NaN,NaN,NaN,NaN,NaN,99.8775,NaN,1295.0,99.885,55043.0,2579.0,99.875,64638.0,2714.0,99.875,76347.0,1825.0,99.87,75819.0,2131.0,99.835,97477.0,878.0,99.795,50541.0,1170.0,99.725,72629.0,2161.0,99.665,43649.0,699.0,99.615,18116.0,517.0,99.53,18252.0,262.0,99.455,31832.0,341.0,99.39,28948.0,2092.0,99.295,21883.0,384.0,99.21,9217.0,309.0,99.14,3165.0,524.0,99.06,5161.0,376.0,98.96,6254.0,384.0,98.89,1366.0,247.0,98.805,681.0,22.0,98.725,1208.0,55.0,98.66,949.0,129.0,98.595,289.0,114.0,98.52,276.0,7.0,98.46,98.39,98.325,98.27,98.215,98.165,98.12,98.075,98.035,97.995,97.96,97.925,NaN,NaN,NaN,NaN,NaN,NaN,NaN,NaN,NaN,NaN,NaN,NaN,NaN,NaN,NaN,NaN,NaN,NaN,NaN,NaN,NaN,NaN,NaN,NaN
