instrument,contract,bbg_ticker,cycle,ref_start,ref_end,ref_end_inclusive,accrual_days,last_trade,final_settlement,first_listed,first_listed_lower_bound,listing_verified,first_quote,last_quote,converted_on,settlement_rule
ff_fut,2010-01,FFF10 Comdty,monthly,2010-01-01,2010-02-01,2010-01-31,31,2010-01-29,2010-02-01,2010-01-01,True,False,2010-01-01,2010-01-29,,"100 - arithmetic average of daily EFFR (us_fed; ACT/360) over [ref_start, ref_end); final settlement: publication_of_last_day_rate"
ff_fut,2010-02,FFG10 Comdty,monthly,2010-02-01,2010-03-01,2010-02-28,28,2010-02-26,2010-03-01,2010-01-01,True,False,2010-01-01,2010-02-26,,"100 - arithmetic average of daily EFFR (us_fed; ACT/360) over [ref_start, ref_end); final settlement: publication_of_last_day_rate"
ff_fut,2010-03,FFH10 Comdty,monthly,2010-03-01,2010-04-01,2010-03-31,31,2010-03-31,2010-04-01,2010-01-01,True,False,2010-01-01,2010-03-31,,"100 - arithmetic average of daily EFFR (us_fed; ACT/360) over [ref_start, ref_end); final settlement: publication_of_last_day_rate"
ff_fut,2010-04,FFJ10 Comdty,monthly,2010-04-01,2010-05-01,2010-04-30,30,2010-04-30,2010-05-03,2010-01-01,True,False,2010-01-01,2010-04-30,,"100 - arithmetic average of daily EFFR (us_fed; ACT/360) over [ref_start, ref_end); final settlement: publication_of_last_day_rate"
ff_fut,2010-05,FFK10 Comdty,monthly,2010-05-01,2010-06-01,2010-05-31,31,2010-05-28,2010-06-01,2010-01-01,True,False,2010-01-01,2010-05-28,,"100 - arithmetic average of daily EFFR (us_fed; ACT/360) over [ref_start, ref_end); final settlement: publication_of_last_day_rate"
ff_fut,2010-06,FFM10 Comdty,monthly,2010-06-01,2010-07-01,2010-06-30,30,2010-06-30,2010-07-01,2010-01-01,True,False,2010-01-01,2010-06-30,,"100 - arithmetic average of daily EFFR (us_fed; ACT/360) over [ref_start, ref_end); final settlement: publication_of_last_day_rate"
ff_fut,2010-07,FFN10 Comdty,monthly,2010-07-01,2010-08-01,2010-07-31,31,2010-07-30,2010-08-02,2010-01-01,True,False,2010-01-01,2010-07-30,,"100 - arithmetic average of daily EFFR (us_fed; ACT/360) over [ref_start, ref_end); final settlement: publication_of_last_day_rate"
ff_fut,2010-08,FFQ10 Comdty,monthly,2010-08-01,2010-09-01,2010-08-31,31,2010-08-31,2010-09-01,2010-01-01,True,False,2010-01-01,2010-08-31,,"100 - arithmetic average of daily EFFR (us_fed; ACT/360) over [ref_start, ref_end); final settlement: publication_of_last_day_rate"
ff_fut,2010-09,FFU10 Comdty,monthly,2010-09-01,2010-10-01,2010-09-30,30,2010-09-30,2010-10-01,2010-01-01,True,False,2010-01-01,2010-09-30,,"100 - arithmetic average of daily EFFR (us_fed; ACT/360) over [ref_start, ref_end); final settlement: publication_of_last_day_rate"
ff_fut,2010-10,FFV10 Comdty,monthly,2010-10-01,2010-11-01,2010-10-31,31,2010-10-29,2010-11-01,2010-01-01,True,False,2010-01-01,2010-10-29,,"100 - arithmetic average of daily EFFR (us_fed; ACT/360) over [ref_start, ref_end); final settlement: publication_of_last_day_rate"
ff_fut,2010-11,FFX10 Comdty,monthly,2010-11-01,2010-12-01,2010-11-30,30,2010-11-30,2010-12-01,2010-01-01,True,False,2010-01-01,2010-11-30,,"100 - arithmetic average of daily EFFR (us_fed; ACT/360) over [ref_start, ref_end); final settlement: publication_of_last_day_rate"
ff_fut,2010-12,FFZ10 Comdty,monthly,2010-12-01,2011-01-01,2010-12-31,31,2010-12-31,2011-01-03,2010-01-01,True,False,2010-01-01,2010-12-31,,"100 - arithmetic average of daily EFFR (us_fed; ACT/360) over [ref_start, ref_end); final settlement: publication_of_last_day_rate"
ff_fut,2011-01,FFF11 Comdty,monthly,2011-01-01,2011-02-01,2011-01-31,31,2011-01-31,2011-02-01,2010-01-01,True,False,2010-01-01,2011-01-31,,"100 - arithmetic average of daily EFFR (us_fed; ACT/360) over [ref_start, ref_end); final settlement: publication_of_last_day_rate"
ff_fut,2011-02,FFG11 Comdty,monthly,2011-02-01,2011-03-01,2011-02-28,28,2011-02-28,2011-03-01,2010-01-01,True,False,2010-01-01,2011-02-28,,"100 - arithmetic average of daily EFFR (us_fed; ACT/360) over [ref_start, ref_end); final settlement: publication_of_last_day_rate"
ff_fut,2011-03,FFH11 Comdty,monthly,2011-03-01,2011-04-01,2011-03-31,31,2011-03-31,2011-04-01,2010-01-01,True,False,2010-01-01,2011-03-31,,"100 - arithmetic average of daily EFFR (us_fed; ACT/360) over [ref_start, ref_end); final settlement: publication_of_last_day_rate"
ff_fut,2011-04,FFJ11 Comdty,monthly,2011-04-01,2011-05-01,2011-04-30,30,2011-04-29,2011-05-02,2010-01-01,True,False,2010-01-01,2011-04-29,,"100 - arithmetic average of daily EFFR (us_fed; ACT/360) over [ref_start, ref_end); final settlement: publication_of_last_day_rate"
ff_fut,2011-05,FFK11 Comdty,monthly,2011-05-01,2011-06-01,2011-05-31,31,2011-05-31,2011-06-01,2010-01-01,True,False,2010-01-01,2011-05-31,,"100 - arithmetic average of daily EFFR (us_fed; ACT/360) over [ref_start, ref_end); final settlement: publication_of_last_day_rate"
ff_fut,2011-06,FFM11 Comdty,monthly,2011-06-01,2011-07-01,2011-06-30,30,2011-06-30,2011-07-01,2010-01-01,True,False,2010-01-01,2011-06-30,,"100 - arithmetic average of daily EFFR (us_fed; ACT/360) over [ref_start, ref_end); final settlement: publication_of_last_day_rate"
ff_fut,2011-07,FFN11 Comdty,monthly,2011-07-01,2011-08-01,2011-07-31,31,2011-07-29,2011-08-01,2010-01-01,True,False,2010-01-01,2011-07-29,,"100 - arithmetic average of daily EFFR (us_fed; ACT/360) over [ref_start, ref_end); final settlement: publication_of_last_day_rate"
ff_fut,2011-08,FFQ11 Comdty,monthly,2011-08-01,2011-09-01,2011-08-31,31,2011-08-31,2011-09-01,2010-01-01,True,False,2010-01-01,2011-08-31,,"100 - arithmetic average of daily EFFR (us_fed; ACT/360) over [ref_start, ref_end); final settlement: publication_of_last_day_rate"
ff_fut,2011-09,FFU11 Comdty,monthly,2011-09-01,2011-10-01,2011-09-30,30,2011-09-30,2011-10-03,2010-01-01,True,False,2010-01-01,2011-09-30,,"100 - arithmetic average of daily EFFR (us_fed; ACT/360) over [ref_start, ref_end); final settlement: publication_of_last_day_rate"
ff_fut,2011-10,FFV11 Comdty,monthly,2011-10-01,2011-11-01,2011-10-31,31,2011-10-31,2011-11-01,2010-01-01,True,False,2010-01-01,2011-10-31,,"100 - arithmetic average of daily EFFR (us_fed; ACT/360) over [ref_start, ref_end); final settlement: publication_of_last_day_rate"
ff_fut,2011-11,FFX11 Comdty,monthly,2011-11-01,2011-12-01,2011-11-30,30,2011-11-30,2011-12-01,2010-01-01,True,False,2010-01-01,2011-11-30,,"100 - arithmetic average of daily EFFR (us_fed; ACT/360) over [ref_start, ref_end); final settlement: publication_of_last_day_rate"
ff_fut,2011-12,FFZ11 Comdty,monthly,2011-12-01,2012-01-01,2011-12-31,31,2011-12-30,2012-01-03,2010-01-01,True,False,2010-01-01,2011-12-30,,"100 - arithmetic average of daily EFFR (us_fed; ACT/360) over [ref_start, ref_end); final settlement: publication_of_last_day_rate"
ff_fut,2012-01,FFF12 Comdty,monthly,2012-01-01,2012-02-01,2012-01-31,31,2012-01-31,2012-02-01,2010-01-01,True,False,2010-01-01,2012-01-31,,"100 - arithmetic average of daily EFFR (us_fed; ACT/360) over [ref_start, ref_end); final settlement: publication_of_last_day_rate"
ff_fut,2012-02,FFG12 Comdty,monthly,2012-02-01,2012-03-01,2012-02-29,29,2012-02-29,2012-03-01,2010-01-01,True,False,2010-01-01,2012-02-29,,"100 - arithmetic average of daily EFFR (us_fed; ACT/360) over [ref_start, ref_end); final settlement: publication_of_last_day_rate"
ff_fut,2012-03,FFH12 Comdty,monthly,2012-03-01,2012-04-01,2012-03-31,31,2012-03-30,2012-04-02,2010-01-01,True,False,2010-01-01,2012-03-30,,"100 - arithmetic average of daily EFFR (us_fed; ACT/360) over [ref_start, ref_end); final settlement: publication_of_last_day_rate"
ff_fut,2012-04,FFJ12 Comdty,monthly,2012-04-01,2012-05-01,2012-04-30,30,2012-04-30,2012-05-01,2010-01-01,True,False,2010-01-01,2012-04-30,,"100 - arithmetic average of daily EFFR (us_fed; ACT/360) over [ref_start, ref_end); final settlement: publication_of_last_day_rate"
ff_fut,2012-05,FFK12 Comdty,monthly,2012-05-01,2012-06-01,2012-05-31,31,2012-05-31,2012-06-01,2010-01-01,True,False,2010-01-01,2012-05-31,,"100 - arithmetic average of daily EFFR (us_fed; ACT/360) over [ref_start, ref_end); final settlement: publication_of_last_day_rate"
ff_fut,2012-06,FFM12 Comdty,monthly,2012-06-01,2012-07-01,2012-06-30,30,2012-06-29,2012-07-02,2010-01-01,True,False,2010-01-01,2012-06-29,,"100 - arithmetic average of daily EFFR (us_fed; ACT/360) over [ref_start, ref_end); final settlement: publication_of_last_day_rate"
ff_fut,2012-07,FFN12 Comdty,monthly,2012-07-01,2012-08-01,2012-07-31,31,2012-07-31,2012-08-01,2010-01-01,True,False,2010-01-01,2012-07-31,,"100 - arithmetic average of daily EFFR (us_fed; ACT/360) over [ref_start, ref_end); final settlement: publication_of_last_day_rate"
ff_fut,2012-08,FFQ12 Comdty,monthly,2012-08-01,2012-09-01,2012-08-31,31,2012-08-31,2012-09-04,2010-01-01,True,False,2010-01-01,2012-08-31,,"100 - arithmetic average of daily EFFR (us_fed; ACT/360) over [ref_start, ref_end); final settlement: publication_of_last_day_rate"
ff_fut,2012-09,FFU12 Comdty,monthly,2012-09-01,2012-10-01,2012-09-30,30,2012-09-28,2012-10-01,2010-01-01,True,False,2010-01-01,2012-09-28,,"100 - arithmetic average of daily EFFR (us_fed; ACT/360) over [ref_start, ref_end); final settlement: publication_of_last_day_rate"
ff_fut,2012-10,FFV12 Comdty,monthly,2012-10-01,2012-11-01,2012-10-31,31,2012-10-31,2012-11-01,2010-01-01,True,False,2010-01-01,2012-10-31,,"100 - arithmetic average of daily EFFR (us_fed; ACT/360) over [ref_start, ref_end); final settlement: publication_of_last_day_rate"
ff_fut,2012-11,FFX12 Comdty,monthly,2012-11-01,2012-12-01,2012-11-30,30,2012-11-30,2012-12-03,2010-01-01,True,False,2010-01-01,2012-11-30,,"100 - arithmetic average of daily EFFR (us_fed; ACT/360) over [ref_start, ref_end); final settlement: publication_of_last_day_rate"
ff_fut,2012-12,FFZ12 Comdty,monthly,2012-12-01,2013-01-01,2012-12-31,31,2012-12-31,2013-01-02,2010-01-01,True,False,2010-01-01,2012-12-31,,"100 - arithmetic average of daily EFFR (us_fed; ACT/360) over [ref_start, ref_end); final settlement: publication_of_last_day_rate"
ff_fut,2013-01,FFF13 Comdty,monthly,2013-01-01,2013-02-01,2013-01-31,31,2013-01-31,2013-02-01,2010-02-01,False,False,2010-02-01,2013-01-31,,"100 - arithmetic average of daily EFFR (us_fed; ACT/360) over [ref_start, ref_end); final settlement: publication_of_last_day_rate"
ff_fut,2013-02,FFG13 Comdty,monthly,2013-02-01,2013-03-01,2013-02-28,28,2013-02-28,2013-03-01,2010-03-01,False,False,2010-03-01,2013-02-28,,"100 - arithmetic average of daily EFFR (us_fed; ACT/360) over [ref_start, ref_end); final settlement: publication_of_last_day_rate"
ff_fut,2013-03,FFH13 Comdty,monthly,2013-03-01,2013-04-01,2013-03-31,31,2013-03-28,2013-04-01,2010-04-01,False,False,2010-04-01,2013-03-28,,"100 - arithmetic average of daily EFFR (us_fed; ACT/360) over [ref_start, ref_end); final settlement: publication_of_last_day_rate"
ff_fut,2013-04,FFJ13 Comdty,monthly,2013-04-01,2013-05-01,2013-04-30,30,2013-04-30,2013-05-01,2010-05-03,False,False,2010-05-03,2013-04-30,,"100 - arithmetic average of daily EFFR (us_fed; ACT/360) over [ref_start, ref_end); final settlement: publication_of_last_day_rate"
ff_fut,2013-05,FFK13 Comdty,monthly,2013-05-01,2013-06-01,2013-05-31,31,2013-05-31,2013-06-03,2010-06-01,False,False,2010-06-01,2013-05-31,,"100 - arithmetic average of daily EFFR (us_fed; ACT/360) over [ref_start, ref_end); final settlement: publication_of_last_day_rate"
ff_fut,2013-06,FFM13 Comdty,monthly,2013-06-01,2013-07-01,2013-06-30,30,2013-06-28,2013-07-01,2010-07-01,False,False,2010-07-01,2013-06-28,,"100 - arithmetic average of daily EFFR (us_fed; ACT/360) over [ref_start, ref_end); final settlement: publication_of_last_day_rate"
ff_fut,2013-07,FFN13 Comdty,monthly,2013-07-01,2013-08-01,2013-07-31,31,2013-07-31,2013-08-01,2010-08-02,False,False,2010-08-02,2013-07-31,,"100 - arithmetic average of daily EFFR (us_fed; ACT/360) over [ref_start, ref_end); final settlement: publication_of_last_day_rate"
ff_fut,2013-08,FFQ13 Comdty,monthly,2013-08-01,2013-09-01,2013-08-31,31,2013-08-30,2013-09-03,2010-09-01,False,False,2010-09-01,2013-08-30,,"100 - arithmetic average of daily EFFR (us_fed; ACT/360) over [ref_start, ref_end); final settlement: publication_of_last_day_rate"
ff_fut,2013-09,FFU13 Comdty,monthly,2013-09-01,2013-10-01,2013-09-30,30,2013-09-30,2013-10-01,2010-10-01,False,False,2010-10-01,2013-09-30,,"100 - arithmetic average of daily EFFR (us_fed; ACT/360) over [ref_start, ref_end); final settlement: publication_of_last_day_rate"
ff_fut,2013-10,FFV13 Comdty,monthly,2013-10-01,2013-11-01,2013-10-31,31,2013-10-31,2013-11-01,2010-11-01,False,False,2010-11-01,2013-10-31,,"100 - arithmetic average of daily EFFR (us_fed; ACT/360) over [ref_start, ref_end); final settlement: publication_of_last_day_rate"
ff_fut,2013-11,FFX13 Comdty,monthly,2013-11-01,2013-12-01,2013-11-30,30,2013-11-29,2013-12-02,2010-12-01,False,False,2010-12-01,2013-11-29,,"100 - arithmetic average of daily EFFR (us_fed; ACT/360) over [ref_start, ref_end); final settlement: publication_of_last_day_rate"
ff_fut,2013-12,FFZ13 Comdty,monthly,2013-12-01,2014-01-01,2013-12-31,31,2013-12-31,2014-01-02,2011-01-03,False,False,2011-01-03,2013-12-31,,"100 - arithmetic average of daily EFFR (us_fed; ACT/360) over [ref_start, ref_end); final settlement: publication_of_last_day_rate"
ff_fut,2014-01,FFF14 Comdty,monthly,2014-01-01,2014-02-01,2014-01-31,31,2014-01-31,2014-02-03,2011-02-01,False,False,2011-02-01,2014-01-31,,"100 - arithmetic average of daily EFFR (us_fed; ACT/360) over [ref_start, ref_end); final settlement: publication_of_last_day_rate"
ff_fut,2014-02,FFG14 Comdty,monthly,2014-02-01,2014-03-01,2014-02-28,28,2014-02-28,2014-03-03,2011-03-01,False,False,2011-03-01,2014-02-28,,"100 - arithmetic average of daily EFFR (us_fed; ACT/360) over [ref_start, ref_end); final settlement: publication_of_last_day_rate"
ff_fut,2014-03,FFH14 Comdty,monthly,2014-03-01,2014-04-01,2014-03-31,31,2014-03-31,2014-04-01,2011-04-01,False,False,2011-04-01,2014-03-31,,"100 - arithmetic average of daily EFFR (us_fed; ACT/360) over [ref_start, ref_end); final settlement: publication_of_last_day_rate"
ff_fut,2014-04,FFJ14 Comdty,monthly,2014-04-01,2014-05-01,2014-04-30,30,2014-04-30,2014-05-01,2011-05-02,False,False,2011-05-02,2014-04-30,,"100 - arithmetic average of daily EFFR (us_fed; ACT/360) over [ref_start, ref_end); final settlement: publication_of_last_day_rate"
ff_fut,2014-05,FFK14 Comdty,monthly,2014-05-01,2014-06-01,2014-05-31,31,2014-05-30,2014-06-02,2011-06-01,False,False,2011-06-01,2014-05-30,,"100 - arithmetic average of daily EFFR (us_fed; ACT/360) over [ref_start, ref_end); final settlement: publication_of_last_day_rate"
ff_fut,2014-06,FFM14 Comdty,monthly,2014-06-01,2014-07-01,2014-06-30,30,2014-06-30,2014-07-01,2011-07-01,False,False,2011-07-01,2014-06-30,,"100 - arithmetic average of daily EFFR (us_fed; ACT/360) over [ref_start, ref_end); final settlement: publication_of_last_day_rate"
ff_fut,2014-07,FFN14 Comdty,monthly,2014-07-01,2014-08-01,2014-07-31,31,2014-07-31,2014-08-01,2011-08-01,False,False,2011-08-01,2014-07-31,,"100 - arithmetic average of daily EFFR (us_fed; ACT/360) over [ref_start, ref_end); final settlement: publication_of_last_day_rate"
ff_fut,2014-08,FFQ14 Comdty,monthly,2014-08-01,2014-09-01,2014-08-31,31,2014-08-29,2014-09-02,2011-09-01,False,False,2011-09-01,2014-08-29,,"100 - arithmetic average of daily EFFR (us_fed; ACT/360) over [ref_start, ref_end); final settlement: publication_of_last_day_rate"
ff_fut,2014-09,FFU14 Comdty,monthly,2014-09-01,2014-10-01,2014-09-30,30,2014-09-30,2014-10-01,2011-10-03,False,False,2011-10-03,2014-09-30,,"100 - arithmetic average of daily EFFR (us_fed; ACT/360) over [ref_start, ref_end); final settlement: publication_of_last_day_rate"
ff_fut,2014-10,FFV14 Comdty,monthly,2014-10-01,2014-11-01,2014-10-31,31,2014-10-31,2014-11-03,2011-11-01,False,False,2011-11-01,2014-10-31,,"100 - arithmetic average of daily EFFR (us_fed; ACT/360) over [ref_start, ref_end); final settlement: publication_of_last_day_rate"
ff_fut,2014-11,FFX14 Comdty,monthly,2014-11-01,2014-12-01,2014-11-30,30,2014-11-28,2014-12-01,2011-12-01,False,False,2011-12-01,2014-11-28,,"100 - arithmetic average of daily EFFR (us_fed; ACT/360) over [ref_start, ref_end); final settlement: publication_of_last_day_rate"
ff_fut,2014-12,FFZ14 Comdty,monthly,2014-12-01,2015-01-01,2014-12-31,31,2014-12-31,2015-01-02,2012-01-03,False,False,2012-01-03,2014-12-31,,"100 - arithmetic average of daily EFFR (us_fed; ACT/360) over [ref_start, ref_end); final settlement: publication_of_last_day_rate"
ff_fut,2015-01,FFF15 Comdty,monthly,2015-01-01,2015-02-01,2015-01-31,31,2015-01-30,2015-02-02,2012-02-01,False,False,2012-02-01,2015-01-30,,"100 - arithmetic average of daily EFFR (us_fed; ACT/360) over [ref_start, ref_end); final settlement: publication_of_last_day_rate"
ff_fut,2015-02,FFG15 Comdty,monthly,2015-02-01,2015-03-01,2015-02-28,28,2015-02-27,2015-03-02,2012-03-01,False,False,2012-03-01,2015-02-27,,"100 - arithmetic average of daily EFFR (us_fed; ACT/360) over [ref_start, ref_end); final settlement: publication_of_last_day_rate"
ff_fut,2015-03,FFH15 Comdty,monthly,2015-03-01,2015-04-01,2015-03-31,31,2015-03-31,2015-04-01,2012-04-02,False,False,2012-04-02,2015-03-31,,"100 - arithmetic average of daily EFFR (us_fed; ACT/360) over [ref_start, ref_end); final settlement: publication_of_last_day_rate"
ff_fut,2015-04,FFJ15 Comdty,monthly,2015-04-01,2015-05-01,2015-04-30,30,2015-04-30,2015-05-01,2012-05-01,False,False,2012-05-01,2015-04-30,,"100 - arithmetic average of daily EFFR (us_fed; ACT/360) over [ref_start, ref_end); final settlement: publication_of_last_day_rate"
ff_fut,2015-05,FFK15 Comdty,monthly,2015-05-01,2015-06-01,2015-05-31,31,2015-05-29,2015-06-01,2012-06-01,False,False,2012-06-01,2015-05-29,,"100 - arithmetic average of daily EFFR (us_fed; ACT/360) over [ref_start, ref_end); final settlement: publication_of_last_day_rate"
ff_fut,2015-06,FFM15 Comdty,monthly,2015-06-01,2015-07-01,2015-06-30,30,2015-06-30,2015-07-01,2012-07-02,False,False,2012-07-02,2015-06-30,,"100 - arithmetic average of daily EFFR (us_fed; ACT/360) over [ref_start, ref_end); final settlement: publication_of_last_day_rate"
ff_fut,2015-07,FFN15 Comdty,monthly,2015-07-01,2015-08-01,2015-07-31,31,2015-07-31,2015-08-03,2012-08-01,False,False,2012-08-01,2015-07-31,,"100 - arithmetic average of daily EFFR (us_fed; ACT/360) over [ref_start, ref_end); final settlement: publication_of_last_day_rate"
ff_fut,2015-08,FFQ15 Comdty,monthly,2015-08-01,2015-09-01,2015-08-31,31,2015-08-31,2015-09-01,2012-09-04,False,False,2012-09-04,2015-08-31,,"100 - arithmetic average of daily EFFR (us_fed; ACT/360) over [ref_start, ref_end); final settlement: publication_of_last_day_rate"
ff_fut,2015-09,FFU15 Comdty,monthly,2015-09-01,2015-10-01,2015-09-30,30,2015-09-30,2015-10-01,2012-10-01,False,False,2012-10-01,2015-09-30,,"100 - arithmetic average of daily EFFR (us_fed; ACT/360) over [ref_start, ref_end); final settlement: publication_of_last_day_rate"
ff_fut,2015-10,FFV15 Comdty,monthly,2015-10-01,2015-11-01,2015-10-31,31,2015-10-30,2015-11-02,2012-11-01,False,False,2012-11-01,2015-10-30,,"100 - arithmetic average of daily EFFR (us_fed; ACT/360) over [ref_start, ref_end); final settlement: publication_of_last_day_rate"
ff_fut,2015-11,FFX15 Comdty,monthly,2015-11-01,2015-12-01,2015-11-30,30,2015-11-30,2015-12-01,2012-12-03,False,False,2012-12-03,2015-11-30,,"100 - arithmetic average of daily EFFR (us_fed; ACT/360) over [ref_start, ref_end); final settlement: publication_of_last_day_rate"
ff_fut,2015-12,FFZ15 Comdty,monthly,2015-12-01,2016-01-01,2015-12-31,31,2015-12-31,2016-01-04,2013-01-02,False,False,2013-01-02,2015-12-31,,"100 - arithmetic average of daily EFFR (us_fed; ACT/360) over [ref_start, ref_end); final settlement: publication_of_last_day_rate"
ff_fut,2016-01,FFF16 Comdty,monthly,2016-01-01,2016-02-01,2016-01-31,31,2016-01-29,2016-02-01,2013-02-01,False,False,2013-02-01,2016-01-29,,"100 - arithmetic average of daily EFFR (us_fed; ACT/360) over [ref_start, ref_end); final settlement: publication_of_last_day_rate"
ff_fut,2016-02,FFG16 Comdty,monthly,2016-02-01,2016-03-01,2016-02-29,29,2016-02-29,2016-03-01,2013-03-01,False,False,2013-03-01,2016-02-29,,"100 - arithmetic average of daily EFFR (us_fed; ACT/360) over [ref_start, ref_end); final settlement: publication_of_last_day_rate"
ff_fut,2016-03,FFH16 Comdty,monthly,2016-03-01,2016-04-01,2016-03-31,31,2016-03-31,2016-04-01,2013-04-01,False,False,2013-04-01,2016-03-31,,"100 - arithmetic average of daily EFFR (us_fed; ACT/360) over [ref_start, ref_end); final settlement: publication_of_last_day_rate"
ff_fut,2016-04,FFJ16 Comdty,monthly,2016-04-01,2016-05-01,2016-04-30,30,2016-04-29,2016-05-02,2013-05-01,False,False,2013-05-01,2016-04-29,,"100 - arithmetic average of daily EFFR (us_fed; ACT/360) over [ref_start, ref_end); final settlement: publication_of_last_day_rate"
ff_fut,2016-05,FFK16 Comdty,monthly,2016-05-01,2016-06-01,2016-05-31,31,2016-05-31,2016-06-01,2013-06-03,False,False,2013-06-03,2016-05-31,,"100 - arithmetic average of daily EFFR (us_fed; ACT/360) over [ref_start, ref_end); final settlement: publication_of_last_day_rate"
ff_fut,2016-06,FFM16 Comdty,monthly,2016-06-01,2016-07-01,2016-06-30,30,2016-06-30,2016-07-01,2013-07-01,False,False,2013-07-01,2016-06-30,,"100 - arithmetic average of daily EFFR (us_fed; ACT/360) over [ref_start, ref_end); final settlement: publication_of_last_day_rate"
ff_fut,2016-07,FFN16 Comdty,monthly,2016-07-01,2016-08-01,2016-07-31,31,2016-07-29,2016-08-01,2013-08-01,False,False,2013-08-01,2016-07-29,,"100 - arithmetic average of daily EFFR (us_fed; ACT/360) over [ref_start, ref_end); final settlement: publication_of_last_day_rate"
ff_fut,2016-08,FFQ16 Comdty,monthly,2016-08-01,2016-09-01,2016-08-31,31,2016-08-31,2016-09-01,2013-09-03,False,False,2013-09-03,2016-08-31,,"100 - arithmetic average of daily EFFR (us_fed; ACT/360) over [ref_start, ref_end); final settlement: publication_of_last_day_rate"
ff_fut,2016-09,FFU16 Comdty,monthly,2016-09-01,2016-10-01,2016-09-30,30,2016-09-30,2016-10-03,2013-10-01,False,False,2013-10-01,2016-09-30,,"100 - arithmetic average of daily EFFR (us_fed; ACT/360) over [ref_start, ref_end); final settlement: publication_of_last_day_rate"
ff_fut,2016-10,FFV16 Comdty,monthly,2016-10-01,2016-11-01,2016-10-31,31,2016-10-31,2016-11-01,2013-11-01,False,False,2013-11-01,2016-10-31,,"100 - arithmetic average of daily EFFR (us_fed; ACT/360) over [ref_start, ref_end); final settlement: publication_of_last_day_rate"
ff_fut,2016-11,FFX16 Comdty,monthly,2016-11-01,2016-12-01,2016-11-30,30,2016-11-30,2016-12-01,2013-12-02,False,False,2013-12-02,2016-11-30,,"100 - arithmetic average of daily EFFR (us_fed; ACT/360) over [ref_start, ref_end); final settlement: publication_of_last_day_rate"
ff_fut,2016-12,FFZ16 Comdty,monthly,2016-12-01,2017-01-01,2016-12-31,31,2016-12-30,2017-01-03,2014-01-02,False,False,2014-01-02,2016-12-30,,"100 - arithmetic average of daily EFFR (us_fed; ACT/360) over [ref_start, ref_end); final settlement: publication_of_last_day_rate"
ff_fut,2017-01,FFF17 Comdty,monthly,2017-01-01,2017-02-01,2017-01-31,31,2017-01-31,2017-02-01,2014-02-03,False,False,2014-02-03,2017-01-31,,"100 - arithmetic average of daily EFFR (us_fed; ACT/360) over [ref_start, ref_end); final settlement: publication_of_last_day_rate"
ff_fut,2017-02,FFG17 Comdty,monthly,2017-02-01,2017-03-01,2017-02-28,28,2017-02-28,2017-03-01,2014-03-03,False,False,2014-03-03,2017-02-28,,"100 - arithmetic average of daily EFFR (us_fed; ACT/360) over [ref_start, ref_end); final settlement: publication_of_last_day_rate"
ff_fut,2017-03,FFH17 Comdty,monthly,2017-03-01,2017-04-01,2017-03-31,31,2017-03-31,2017-04-03,2014-04-01,False,False,2014-04-01,2017-03-31,,"100 - arithmetic average of daily EFFR (us_fed; ACT/360) over [ref_start, ref_end); final settlement: publication_of_last_day_rate"
ff_fut,2017-04,FFJ17 Comdty,monthly,2017-04-01,2017-05-01,2017-04-30,30,2017-04-28,2017-05-01,2014-05-01,False,False,2014-05-01,2017-04-28,,"100 - arithmetic average of daily EFFR (us_fed; ACT/360) over [ref_start, ref_end); final settlement: publication_of_last_day_rate"
ff_fut,2017-05,FFK17 Comdty,monthly,2017-05-01,2017-06-01,2017-05-31,31,2017-05-31,2017-06-01,2014-06-02,False,False,2014-06-02,2017-05-31,,"100 - arithmetic average of daily EFFR (us_fed; ACT/360) over [ref_start, ref_end); final settlement: publication_of_last_day_rate"
ff_fut,2017-06,FFM17 Comdty,monthly,2017-06-01,2017-07-01,2017-06-30,30,2017-06-30,2017-07-03,2014-07-01,False,False,2014-07-01,2017-06-30,,"100 - arithmetic average of daily EFFR (us_fed; ACT/360) over [ref_start, ref_end); final settlement: publication_of_last_day_rate"
ff_fut,2017-07,FFN17 Comdty,monthly,2017-07-01,2017-08-01,2017-07-31,31,2017-07-31,2017-08-01,2014-08-01,False,False,2014-08-01,2017-07-31,,"100 - arithmetic average of daily EFFR (us_fed; ACT/360) over [ref_start, ref_end); final settlement: publication_of_last_day_rate"
ff_fut,2017-08,FFQ17 Comdty,monthly,2017-08-01,2017-09-01,2017-08-31,31,2017-08-31,2017-09-01,2014-09-02,False,False,2014-09-02,2017-08-31,,"100 - arithmetic average of daily EFFR (us_fed; ACT/360) over [ref_start, ref_end); final settlement: publication_of_last_day_rate"
ff_fut,2017-09,FFU17 Comdty,monthly,2017-09-01,2017-10-01,2017-09-30,30,2017-09-29,2017-10-02,2014-10-01,False,False,2014-10-01,2017-09-29,,"100 - arithmetic average of daily EFFR (us_fed; ACT/360) over [ref_start, ref_end); final settlement: publication_of_last_day_rate"
ff_fut,2017-10,FFV17 Comdty,monthly,2017-10-01,2017-11-01,2017-10-31,31,2017-10-31,2017-11-01,2014-11-03,False,False,2014-11-03,2017-10-31,,"100 - arithmetic average of daily EFFR (us_fed; ACT/360) over [ref_start, ref_end); final settlement: publication_of_last_day_rate"
ff_fut,2017-11,FFX17 Comdty,monthly,2017-11-01,2017-12-01,2017-11-30,30,2017-11-30,2017-12-01,2014-12-01,False,False,2014-12-01,2017-11-30,,"100 - arithmetic average of daily EFFR (us_fed; ACT/360) over [ref_start, ref_end); final settlement: publication_of_last_day_rate"
ff_fut,2017-12,FFZ17 Comdty,monthly,2017-12-01,2018-01-01,2017-12-31,31,2017-12-29,2018-01-02,2015-01-02,False,False,2015-01-02,2017-12-29,,"100 - arithmetic average of daily EFFR (us_fed; ACT/360) over [ref_start, ref_end); final settlement: publication_of_last_day_rate"
ff_fut,2018-01,FFF18 Comdty,monthly,2018-01-01,2018-02-01,2018-01-31,31,2018-01-31,2018-02-01,2015-02-02,False,False,2015-02-02,2018-01-31,,"100 - arithmetic average of daily EFFR (us_fed; ACT/360) over [ref_start, ref_end); final settlement: publication_of_last_day_rate"
ff_fut,2018-02,FFG18 Comdty,monthly,2018-02-01,2018-03-01,2018-02-28,28,2018-02-28,2018-03-01,2015-03-02,False,False,2015-03-02,2018-02-28,,"100 - arithmetic average of daily EFFR (us_fed; ACT/360) over [ref_start, ref_end); final settlement: publication_of_last_day_rate"
ff_fut,2018-03,FFH18 Comdty,monthly,2018-03-01,2018-04-01,2018-03-31,31,2018-03-29,2018-04-02,2015-04-01,False,False,2015-04-01,2018-03-29,,"100 - arithmetic average of daily EFFR (us_fed; ACT/360) over [ref_start, ref_end); final settlement: publication_of_last_day_rate"
ff_fut,2018-04,FFJ18 Comdty,monthly,2018-04-01,2018-05-01,2018-04-30,30,2018-04-30,2018-05-01,2015-05-01,False,False,2015-05-01,2018-04-30,,"100 - arithmetic average of daily EFFR (us_fed; ACT/360) over [ref_start, ref_end); final settlement: publication_of_last_day_rate"
ff_fut,2018-05,FFK18 Comdty,monthly,2018-05-01,2018-06-01,2018-05-31,31,2018-05-31,2018-06-01,2015-06-01,False,False,2015-06-01,2018-05-31,,"100 - arithmetic average of daily EFFR (us_fed; ACT/360) over [ref_start, ref_end); final settlement: publication_of_last_day_rate"
ff_fut,2018-06,FFM18 Comdty,monthly,2018-06-01,2018-07-01,2018-06-30,30,2018-06-29,2018-07-02,2015-07-01,False,False,2015-07-01,2018-06-29,,"100 - arithmetic average of daily EFFR (us_fed; ACT/360) over [ref_start, ref_end); final settlement: publication_of_last_day_rate"
ff_fut,2018-07,FFN18 Comdty,monthly,2018-07-01,2018-08-01,2018-07-31,31,2018-07-31,2018-08-01,2015-08-03,False,False,2015-08-03,2018-07-31,,"100 - arithmetic average of daily EFFR (us_fed; ACT/360) over [ref_start, ref_end); final settlement: publication_of_last_day_rate"
ff_fut,2018-08,FFQ18 Comdty,monthly,2018-08-01,2018-09-01,2018-08-31,31,2018-08-31,2018-09-04,2015-09-01,False,False,2015-09-01,2018-08-31,,"100 - arithmetic average of daily EFFR (us_fed; ACT/360) over [ref_start, ref_end); final settlement: publication_of_last_day_rate"
ff_fut,2018-09,FFU18 Comdty,monthly,2018-09-01,2018-10-01,2018-09-30,30,2018-09-28,2018-10-01,2015-10-01,False,False,2015-10-01,2018-09-28,,"100 - arithmetic average of daily EFFR (us_fed; ACT/360) over [ref_start, ref_end); final settlement: publication_of_last_day_rate"
ff_fut,2018-10,FFV18 Comdty,monthly,2018-10-01,2018-11-01,2018-10-31,31,2018-10-31,2018-11-01,2015-11-02,False,False,2015-11-02,2018-10-31,,"100 - arithmetic average of daily EFFR (us_fed; ACT/360) over [ref_start, ref_end); final settlement: publication_of_last_day_rate"
ff_fut,2018-11,FFX18 Comdty,monthly,2018-11-01,2018-12-01,2018-11-30,30,2018-11-30,2018-12-03,2015-12-01,False,False,2015-12-01,2018-11-30,,"100 - arithmetic average of daily EFFR (us_fed; ACT/360) over [ref_start, ref_end); final settlement: publication_of_last_day_rate"
ff_fut,2018-12,FFZ18 Comdty,monthly,2018-12-01,2019-01-01,2018-12-31,31,2018-12-31,2019-01-02,2016-01-04,False,False,2016-01-04,2018-12-31,,"100 - arithmetic average of daily EFFR (us_fed; ACT/360) over [ref_start, ref_end); final settlement: publication_of_last_day_rate"
ff_fut,2019-01,FFF19 Comdty,monthly,2019-01-01,2019-02-01,2019-01-31,31,2019-01-31,2019-02-01,2016-02-01,False,False,2016-02-01,2019-01-31,,"100 - arithmetic average of daily EFFR (us_fed; ACT/360) over [ref_start, ref_end); final settlement: publication_of_last_day_rate"
ff_fut,2019-02,FFG19 Comdty,monthly,2019-02-01,2019-03-01,2019-02-28,28,2019-02-28,2019-03-01,2016-03-01,False,False,2016-03-01,2019-02-28,,"100 - arithmetic average of daily EFFR (us_fed; ACT/360) over [ref_start, ref_end); final settlement: publication_of_last_day_rate"
ff_fut,2019-03,FFH19 Comdty,monthly,2019-03-01,2019-04-01,2019-03-31,31,2019-03-29,2019-04-01,2016-04-01,False,False,2016-04-01,2019-03-29,,"100 - arithmetic average of daily EFFR (us_fed; ACT/360) over [ref_start, ref_end); final settlement: publication_of_last_day_rate"
ff_fut,2019-04,FFJ19 Comdty,monthly,2019-04-01,2019-05-01,2019-04-30,30,2019-04-30,2019-05-01,2016-05-02,False,False,2016-05-02,2019-04-30,,"100 - arithmetic average of daily EFFR (us_fed; ACT/360) over [ref_start, ref_end); final settlement: publication_of_last_day_rate"
ff_fut,2019-05,FFK19 Comdty,monthly,2019-05-01,2019-06-01,2019-05-31,31,2019-05-31,2019-06-03,2016-06-01,False,False,2016-06-01,2019-05-31,,"100 - arithmetic average of daily EFFR (us_fed; ACT/360) over [ref_start, ref_end); final settlement: publication_of_last_day_rate"
ff_fut,2019-06,FFM19 Comdty,monthly,2019-06-01,2019-07-01,2019-06-30,30,2019-06-28,2019-07-01,2016-07-01,False,False,2016-07-01,2019-06-28,,"100 - arithmetic average of daily EFFR (us_fed; ACT/360) over [ref_start, ref_end); final settlement: publication_of_last_day_rate"
ff_fut,2019-07,FFN19 Comdty,monthly,2019-07-01,2019-08-01,2019-07-31,31,2019-07-31,2019-08-01,2016-08-01,False,False,2016-08-01,2019-07-31,,"100 - arithmetic average of daily EFFR (us_fed; ACT/360) over [ref_start, ref_end); final settlement: publication_of_last_day_rate"
ff_fut,2019-08,FFQ19 Comdty,monthly,2019-08-01,2019-09-01,2019-08-31,31,2019-08-30,2019-09-03,2016-09-01,False,False,2016-09-01,2019-08-30,,"100 - arithmetic average of daily EFFR (us_fed; ACT/360) over [ref_start, ref_end); final settlement: publication_of_last_day_rate"
ff_fut,2019-09,FFU19 Comdty,monthly,2019-09-01,2019-10-01,2019-09-30,30,2019-09-30,2019-10-01,2016-10-03,False,False,2016-10-03,2019-09-30,,"100 - arithmetic average of daily EFFR (us_fed; ACT/360) over [ref_start, ref_end); final settlement: publication_of_last_day_rate"
ff_fut,2019-10,FFV19 Comdty,monthly,2019-10-01,2019-11-01,2019-10-31,31,2019-10-31,2019-11-01,2016-11-01,False,False,2016-11-01,2019-10-31,,"100 - arithmetic average of daily EFFR (us_fed; ACT/360) over [ref_start, ref_end); final settlement: publication_of_last_day_rate"
ff_fut,2019-11,FFX19 Comdty,monthly,2019-11-01,2019-12-01,2019-11-30,30,2019-11-29,2019-12-02,2016-12-01,False,False,2016-12-01,2019-11-29,,"100 - arithmetic average of daily EFFR (us_fed; ACT/360) over [ref_start, ref_end); final settlement: publication_of_last_day_rate"
ff_fut,2019-12,FFZ19 Comdty,monthly,2019-12-01,2020-01-01,2019-12-31,31,2019-12-31,2020-01-02,2017-01-03,False,False,2017-01-03,2019-12-31,,"100 - arithmetic average of daily EFFR (us_fed; ACT/360) over [ref_start, ref_end); final settlement: publication_of_last_day_rate"
ff_fut,2020-01,FFF20 Comdty,monthly,2020-01-01,2020-02-01,2020-01-31,31,2020-01-31,2020-02-03,2017-02-01,False,False,2017-02-01,2020-01-31,,"100 - arithmetic average of daily EFFR (us_fed; ACT/360) over [ref_start, ref_end); final settlement: publication_of_last_day_rate"
ff_fut,2020-02,FFG20 Comdty,monthly,2020-02-01,2020-03-01,2020-02-29,29,2020-02-28,2020-03-02,2017-03-01,False,False,2017-03-01,2020-02-28,,"100 - arithmetic average of daily EFFR (us_fed; ACT/360) over [ref_start, ref_end); final settlement: publication_of_last_day_rate"
ff_fut,2020-03,FFH20 Comdty,monthly,2020-03-01,2020-04-01,2020-03-31,31,2020-03-31,2020-04-01,2017-04-03,False,False,2017-04-03,2020-03-31,,"100 - arithmetic average of daily EFFR (us_fed; ACT/360) over [ref_start, ref_end); final settlement: publication_of_last_day_rate"
ff_fut,2020-04,FFJ20 Comdty,monthly,2020-04-01,2020-05-01,2020-04-30,30,2020-04-30,2020-05-01,2017-05-01,False,False,2017-05-01,2020-04-30,,"100 - arithmetic average of daily EFFR (us_fed; ACT/360) over [ref_start, ref_end); final settlement: publication_of_last_day_rate"
ff_fut,2020-05,FFK20 Comdty,monthly,2020-05-01,2020-06-01,2020-05-31,31,2020-05-29,2020-06-01,2017-06-01,False,False,2017-06-01,2020-05-29,,"100 - arithmetic average of daily EFFR (us_fed; ACT/360) over [ref_start, ref_end); final settlement: publication_of_last_day_rate"
ff_fut,2020-06,FFM20 Comdty,monthly,2020-06-01,2020-07-01,2020-06-30,30,2020-06-30,2020-07-01,2017-07-03,False,False,2017-07-03,2020-06-30,,"100 - arithmetic average of daily EFFR (us_fed; ACT/360) over [ref_start, ref_end); final settlement: publication_of_last_day_rate"
ff_fut,2020-07,FFN20 Comdty,monthly,2020-07-01,2020-08-01,2020-07-31,31,2020-07-31,2020-08-03,2017-08-01,False,False,2017-08-01,2020-07-31,,"100 - arithmetic average of daily EFFR (us_fed; ACT/360) over [ref_start, ref_end); final settlement: publication_of_last_day_rate"
ff_fut,2020-08,FFQ20 Comdty,monthly,2020-08-01,2020-09-01,2020-08-31,31,2020-08-31,2020-09-01,2017-09-01,False,False,2017-09-01,2020-08-31,,"100 - arithmetic average of daily EFFR (us_fed; ACT/360) over [ref_start, ref_end); final settlement: publication_of_last_day_rate"
ff_fut,2020-09,FFU20 Comdty,monthly,2020-09-01,2020-10-01,2020-09-30,30,2020-09-30,2020-10-01,2017-10-02,False,False,2017-10-02,2020-09-30,,"100 - arithmetic average of daily EFFR (us_fed; ACT/360) over [ref_start, ref_end); final settlement: publication_of_last_day_rate"
ff_fut,2020-10,FFV20 Comdty,monthly,2020-10-01,2020-11-01,2020-10-31,31,2020-10-30,2020-11-02,2017-11-01,False,False,2017-11-01,2020-10-30,,"100 - arithmetic average of daily EFFR (us_fed; ACT/360) over [ref_start, ref_end); final settlement: publication_of_last_day_rate"
ff_fut,2020-11,FFX20 Comdty,monthly,2020-11-01,2020-12-01,2020-11-30,30,2020-11-30,2020-12-01,2017-12-01,False,False,2017-12-01,2020-11-30,,"100 - arithmetic average of daily EFFR (us_fed; ACT/360) over [ref_start, ref_end); final settlement: publication_of_last_day_rate"
ff_fut,2020-12,FFZ20 Comdty,monthly,2020-12-01,2021-01-01,2020-12-31,31,2020-12-31,2021-01-04,2018-01-02,False,False,2018-01-02,2020-12-31,,"100 - arithmetic average of daily EFFR (us_fed; ACT/360) over [ref_start, ref_end); final settlement: publication_of_last_day_rate"
ff_fut,2021-01,FFF21 Comdty,monthly,2021-01-01,2021-02-01,2021-01-31,31,2021-01-29,2021-02-01,2018-02-01,False,False,2018-02-01,2021-01-29,,"100 - arithmetic average of daily EFFR (us_fed; ACT/360) over [ref_start, ref_end); final settlement: publication_of_last_day_rate"
ff_fut,2021-02,FFG21 Comdty,monthly,2021-02-01,2021-03-01,2021-02-28,28,2021-02-26,2021-03-01,2018-03-01,False,False,2018-03-01,2021-02-26,,"100 - arithmetic average of daily EFFR (us_fed; ACT/360) over [ref_start, ref_end); final settlement: publication_of_last_day_rate"
ff_fut,2021-03,FFH21 Comdty,monthly,2021-03-01,2021-04-01,2021-03-31,31,2021-03-31,2021-04-01,2018-04-02,False,False,2018-04-02,2021-03-31,,"100 - arithmetic average of daily EFFR (us_fed; ACT/360) over [ref_start, ref_end); final settlement: publication_of_last_day_rate"
ff_fut,2021-04,FFJ21 Comdty,monthly,2021-04-01,2021-05-01,2021-04-30,30,2021-04-30,2021-05-03,2018-05-01,False,False,2018-05-01,2021-04-30,,"100 - arithmetic average of daily EFFR (us_fed; ACT/360) over [ref_start, ref_end); final settlement: publication_of_last_day_rate"
ff_fut,2021-05,FFK21 Comdty,monthly,2021-05-01,2021-06-01,2021-05-31,31,2021-05-28,2021-06-01,2018-06-01,False,False,2018-06-01,2021-05-28,,"100 - arithmetic average of daily EFFR (us_fed; ACT/360) over [ref_start, ref_end); final settlement: publication_of_last_day_rate"
ff_fut,2021-06,FFM21 Comdty,monthly,2021-06-01,2021-07-01,2021-06-30,30,2021-06-30,2021-07-01,2018-07-02,False,False,2018-07-02,2021-06-30,,"100 - arithmetic average of daily EFFR (us_fed; ACT/360) over [ref_start, ref_end); final settlement: publication_of_last_day_rate"
ff_fut,2021-07,FFN21 Comdty,monthly,2021-07-01,2021-08-01,2021-07-31,31,2021-07-30,2021-08-02,2018-08-01,False,False,2018-08-01,2021-07-30,,"100 - arithmetic average of daily EFFR (us_fed; ACT/360) over [ref_start, ref_end); final settlement: publication_of_last_day_rate"
ff_fut,2021-08,FFQ21 Comdty,monthly,2021-08-01,2021-09-01,2021-08-31,31,2021-08-31,2021-09-01,2018-09-04,False,False,2018-09-04,2021-08-31,,"100 - arithmetic average of daily EFFR (us_fed; ACT/360) over [ref_start, ref_end); final settlement: publication_of_last_day_rate"
ff_fut,2021-09,FFU21 Comdty,monthly,2021-09-01,2021-10-01,2021-09-30,30,2021-09-30,2021-10-01,2018-10-01,False,False,2018-10-01,2021-09-30,,"100 - arithmetic average of daily EFFR (us_fed; ACT/360) over [ref_start, ref_end); final settlement: publication_of_last_day_rate"
ff_fut,2021-10,FFV21 Comdty,monthly,2021-10-01,2021-11-01,2021-10-31,31,2021-10-29,2021-11-01,2018-11-01,False,False,2018-11-01,2021-10-29,,"100 - arithmetic average of daily EFFR (us_fed; ACT/360) over [ref_start, ref_end); final settlement: publication_of_last_day_rate"
ff_fut,2021-11,FFX21 Comdty,monthly,2021-11-01,2021-12-01,2021-11-30,30,2021-11-30,2021-12-01,2018-12-03,False,False,2018-12-03,2021-11-30,,"100 - arithmetic average of daily EFFR (us_fed; ACT/360) over [ref_start, ref_end); final settlement: publication_of_last_day_rate"
ff_fut,2021-12,FFZ21 Comdty,monthly,2021-12-01,2022-01-01,2021-12-31,31,2021-12-31,2022-01-03,2019-01-02,False,False,2019-01-02,2021-12-31,,"100 - arithmetic average of daily EFFR (us_fed; ACT/360) over [ref_start, ref_end); final settlement: publication_of_last_day_rate"
ff_fut,2022-01,FFF22 Comdty,monthly,2022-01-01,2022-02-01,2022-01-31,31,2022-01-31,2022-02-01,2019-02-01,False,False,2019-02-01,2022-01-31,,"100 - arithmetic average of daily EFFR (us_fed; ACT/360) over [ref_start, ref_end); final settlement: publication_of_last_day_rate"
ff_fut,2022-02,FFG22 Comdty,monthly,2022-02-01,2022-03-01,2022-02-28,28,2022-02-28,2022-03-01,2019-03-01,False,False,2019-03-01,2022-02-28,,"100 - arithmetic average of daily EFFR (us_fed; ACT/360) over [ref_start, ref_end); final settlement: publication_of_last_day_rate"
ff_fut,2022-03,FFH22 Comdty,monthly,2022-03-01,2022-04-01,2022-03-31,31,2022-03-31,2022-04-01,2019-04-01,False,False,2019-04-01,2022-03-31,,"100 - arithmetic average of daily EFFR (us_fed; ACT/360) over [ref_start, ref_end); final settlement: publication_of_last_day_rate"
ff_fut,2022-04,FFJ22 Comdty,monthly,2022-04-01,2022-05-01,2022-04-30,30,2022-04-29,2022-05-02,2019-05-01,False,False,2019-05-01,2022-04-29,,"100 - arithmetic average of daily EFFR (us_fed; ACT/360) over [ref_start, ref_end); final settlement: publication_of_last_day_rate"
ff_fut,2022-05,FFK22 Comdty,monthly,2022-05-01,2022-06-01,2022-05-31,31,2022-05-31,2022-06-01,2019-06-03,False,False,2019-06-03,2022-05-31,,"100 - arithmetic average of daily EFFR (us_fed; ACT/360) over [ref_start, ref_end); final settlement: publication_of_last_day_rate"
ff_fut,2022-06,FFM22 Comdty,monthly,2022-06-01,2022-07-01,2022-06-30,30,2022-06-30,2022-07-01,2019-07-01,False,False,2019-07-01,2022-06-30,,"100 - arithmetic average of daily EFFR (us_fed; ACT/360) over [ref_start, ref_end); final settlement: publication_of_last_day_rate"
ff_fut,2022-07,FFN22 Comdty,monthly,2022-07-01,2022-08-01,2022-07-31,31,2022-07-29,2022-08-01,2019-08-01,False,False,2019-08-01,2022-07-29,,"100 - arithmetic average of daily EFFR (us_fed; ACT/360) over [ref_start, ref_end); final settlement: publication_of_last_day_rate"
ff_fut,2022-08,FFQ22 Comdty,monthly,2022-08-01,2022-09-01,2022-08-31,31,2022-08-31,2022-09-01,2019-09-03,False,False,2019-09-03,2022-08-31,,"100 - arithmetic average of daily EFFR (us_fed; ACT/360) over [ref_start, ref_end); final settlement: publication_of_last_day_rate"
ff_fut,2022-09,FFU22 Comdty,monthly,2022-09-01,2022-10-01,2022-09-30,30,2022-09-30,2022-10-03,2019-10-01,False,False,2019-10-01,2022-09-30,,"100 - arithmetic average of daily EFFR (us_fed; ACT/360) over [ref_start, ref_end); final settlement: publication_of_last_day_rate"
ff_fut,2022-10,FFV22 Comdty,monthly,2022-10-01,2022-11-01,2022-10-31,31,2022-10-31,2022-11-01,2019-11-01,False,False,2019-11-01,2022-10-31,,"100 - arithmetic average of daily EFFR (us_fed; ACT/360) over [ref_start, ref_end); final settlement: publication_of_last_day_rate"
ff_fut,2022-11,FFX22 Comdty,monthly,2022-11-01,2022-12-01,2022-11-30,30,2022-11-30,2022-12-01,2019-12-02,False,False,2019-12-02,2022-11-30,,"100 - arithmetic average of daily EFFR (us_fed; ACT/360) over [ref_start, ref_end); final settlement: publication_of_last_day_rate"
ff_fut,2022-12,FFZ22 Comdty,monthly,2022-12-01,2023-01-01,2022-12-31,31,2022-12-30,2023-01-03,2020-01-02,False,False,2020-01-02,2022-12-30,,"100 - arithmetic average of daily EFFR (us_fed; ACT/360) over [ref_start, ref_end); final settlement: publication_of_last_day_rate"
ff_fut,2023-01,FFF23 Comdty,monthly,2023-01-01,2023-02-01,2023-01-31,31,2023-01-31,2023-02-01,2020-02-03,False,False,2020-02-03,2023-01-31,,"100 - arithmetic average of daily EFFR (us_fed; ACT/360) over [ref_start, ref_end); final settlement: publication_of_last_day_rate"
ff_fut,2023-02,FFG23 Comdty,monthly,2023-02-01,2023-03-01,2023-02-28,28,2023-02-28,2023-03-01,2020-03-02,False,False,2020-03-02,2023-02-28,,"100 - arithmetic average of daily EFFR (us_fed; ACT/360) over [ref_start, ref_end); final settlement: publication_of_last_day_rate"
ff_fut,2023-03,FFH23 Comdty,monthly,2023-03-01,2023-04-01,2023-03-31,31,2023-03-31,2023-04-03,2020-04-01,False,False,2020-04-01,2023-03-31,,"100 - arithmetic average of daily EFFR (us_fed; ACT/360) over [ref_start, ref_end); final settlement: publication_of_last_day_rate"
ff_fut,2023-04,FFJ23 Comdty,monthly,2023-04-01,2023-05-01,2023-04-30,30,2023-04-28,2023-05-01,2020-05-01,False,False,2020-05-01,2023-04-28,,"100 - arithmetic average of daily EFFR (us_fed; ACT/360) over [ref_start, ref_end); final settlement: publication_of_last_day_rate"
ff_fut,2023-05,FFK23 Comdty,monthly,2023-05-01,2023-06-01,2023-05-31,31,2023-05-31,2023-06-01,2020-06-01,False,False,2020-06-01,2023-05-31,,"100 - arithmetic average of daily EFFR (us_fed; ACT/360) over [ref_start, ref_end); final settlement: publication_of_last_day_rate"
ff_fut,2023-06,FFM23 Comdty,monthly,2023-06-01,2023-07-01,2023-06-30,30,2023-06-30,2023-07-03,2020-07-01,False,False,2020-07-01,2023-06-30,,"100 - arithmetic average of daily EFFR (us_fed; ACT/360) over [ref_start, ref_end); final settlement: publication_of_last_day_rate"
ff_fut,2023-07,FFN23 Comdty,monthly,2023-07-01,2023-08-01,2023-07-31,31,2023-07-31,2023-08-01,2020-08-03,False,False,2020-08-03,2023-07-31,,"100 - arithmetic average of daily EFFR (us_fed; ACT/360) over [ref_start, ref_end); final settlement: publication_of_last_day_rate"
ff_fut,2023-08,FFQ23 Comdty,monthly,2023-08-01,2023-09-01,2023-08-31,31,2023-08-31,2023-09-01,2020-09-01,False,False,2020-09-01,2023-08-31,,"100 - arithmetic average of daily EFFR (us_fed; ACT/360) over [ref_start, ref_end); final settlement: publication_of_last_day_rate"
ff_fut,2023-09,FFU23 Comdty,monthly,2023-09-01,2023-10-01,2023-09-30,30,2023-09-29,2023-10-02,2020-09-21,False,True,2020-09-21,2023-09-29,,"100 - arithmetic average of daily EFFR (us_fed; ACT/360) over [ref_start, ref_end); final settlement: publication_of_last_day_rate"
ff_fut,2023-10,FFV23 Comdty,monthly,2023-10-01,2023-11-01,2023-10-31,31,2023-10-31,2023-11-01,2020-09-21,False,True,2020-09-21,2023-10-31,,"100 - arithmetic average of daily EFFR (us_fed; ACT/360) over [ref_start, ref_end); final settlement: publication_of_last_day_rate"
ff_fut,2023-11,FFX23 Comdty,monthly,2023-11-01,2023-12-01,2023-11-30,30,2023-11-30,2023-12-01,2020-09-21,False,True,2020-09-21,2023-11-30,,"100 - arithmetic average of daily EFFR (us_fed; ACT/360) over [ref_start, ref_end); final settlement: publication_of_last_day_rate"
ff_fut,2023-12,FFZ23 Comdty,monthly,2023-12-01,2024-01-01,2023-12-31,31,2023-12-29,2024-01-02,2020-09-21,False,True,2020-09-21,2023-12-29,,"100 - arithmetic average of daily EFFR (us_fed; ACT/360) over [ref_start, ref_end); final settlement: publication_of_last_day_rate"
ff_fut,2024-01,FFF24 Comdty,monthly,2024-01-01,2024-02-01,2024-01-31,31,2024-01-31,2024-02-01,2020-09-21,False,True,2020-09-21,2024-01-31,,"100 - arithmetic average of daily EFFR (us_fed; ACT/360) over [ref_start, ref_end); final settlement: publication_of_last_day_rate"
ff_fut,2024-02,FFG24 Comdty,monthly,2024-02-01,2024-03-01,2024-02-29,29,2024-02-29,2024-03-01,2020-09-21,False,True,2020-09-21,2024-02-29,,"100 - arithmetic average of daily EFFR (us_fed; ACT/360) over [ref_start, ref_end); final settlement: publication_of_last_day_rate"
ff_fut,2024-03,FFH24 Comdty,monthly,2024-03-01,2024-04-01,2024-03-31,31,2024-03-28,2024-04-01,2020-09-21,False,True,2020-09-21,2024-03-28,,"100 - arithmetic average of daily EFFR (us_fed; ACT/360) over [ref_start, ref_end); final settlement: publication_of_last_day_rate"
ff_fut,2024-04,FFJ24 Comdty,monthly,2024-04-01,2024-05-01,2024-04-30,30,2024-04-30,2024-05-01,2020-09-21,False,True,2020-09-21,2024-04-30,,"100 - arithmetic average of daily EFFR (us_fed; ACT/360) over [ref_start, ref_end); final settlement: publication_of_last_day_rate"
ff_fut,2024-05,FFK24 Comdty,monthly,2024-05-01,2024-06-01,2024-05-31,31,2024-05-31,2024-06-03,2020-09-21,False,True,2020-09-21,2024-05-31,,"100 - arithmetic average of daily EFFR (us_fed; ACT/360) over [ref_start, ref_end); final settlement: publication_of_last_day_rate"
ff_fut,2024-06,FFM24 Comdty,monthly,2024-06-01,2024-07-01,2024-06-30,30,2024-06-28,2024-07-01,2020-09-21,False,True,2020-09-21,2024-06-28,,"100 - arithmetic average of daily EFFR (us_fed; ACT/360) over [ref_start, ref_end); final settlement: publication_of_last_day_rate"
ff_fut,2024-07,FFN24 Comdty,monthly,2024-07-01,2024-08-01,2024-07-31,31,2024-07-31,2024-08-01,2020-09-21,False,True,2020-09-21,2024-07-31,,"100 - arithmetic average of daily EFFR (us_fed; ACT/360) over [ref_start, ref_end); final settlement: publication_of_last_day_rate"
ff_fut,2024-08,FFQ24 Comdty,monthly,2024-08-01,2024-09-01,2024-08-31,31,2024-08-30,2024-09-03,2020-09-21,False,True,2020-09-21,2024-08-30,,"100 - arithmetic average of daily EFFR (us_fed; ACT/360) over [ref_start, ref_end); final settlement: publication_of_last_day_rate"
ff_fut,2024-09,FFU24 Comdty,monthly,2024-09-01,2024-10-01,2024-09-30,30,2024-09-30,2024-10-01,2020-09-21,False,True,2020-09-21,2024-09-30,,"100 - arithmetic average of daily EFFR (us_fed; ACT/360) over [ref_start, ref_end); final settlement: publication_of_last_day_rate"
ff_fut,2024-10,FFV24 Comdty,monthly,2024-10-01,2024-11-01,2024-10-31,31,2024-10-31,2024-11-01,2020-09-21,False,True,2020-09-21,2024-10-31,,"100 - arithmetic average of daily EFFR (us_fed; ACT/360) over [ref_start, ref_end); final settlement: publication_of_last_day_rate"
ff_fut,2024-11,FFX24 Comdty,monthly,2024-11-01,2024-12-01,2024-11-30,30,2024-11-29,2024-12-02,2020-09-21,False,True,2020-09-21,2024-11-29,,"100 - arithmetic average of daily EFFR (us_fed; ACT/360) over [ref_start, ref_end); final settlement: publication_of_last_day_rate"
ff_fut,2024-12,FFZ24 Comdty,monthly,2024-12-01,2025-01-01,2024-12-31,31,2024-12-31,2025-01-02,2020-09-21,False,True,2020-09-21,2024-12-31,,"100 - arithmetic average of daily EFFR (us_fed; ACT/360) over [ref_start, ref_end); final settlement: publication_of_last_day_rate"
ff_fut,2025-01,FFF25 Comdty,monthly,2025-01-01,2025-02-01,2025-01-31,31,2025-01-31,2025-02-03,2020-09-21,False,True,2020-09-21,2025-01-31,,"100 - arithmetic average of daily EFFR (us_fed; ACT/360) over [ref_start, ref_end); final settlement: publication_of_last_day_rate"
ff_fut,2025-02,FFG25 Comdty,monthly,2025-02-01,2025-03-01,2025-02-28,28,2025-02-28,2025-03-03,2020-09-21,False,True,2020-09-21,2025-02-28,,"100 - arithmetic average of daily EFFR (us_fed; ACT/360) over [ref_start, ref_end); final settlement: publication_of_last_day_rate"
ff_fut,2025-03,FFH25 Comdty,monthly,2025-03-01,2025-04-01,2025-03-31,31,2025-03-31,2025-04-01,2020-09-21,False,True,2020-09-21,2025-03-31,,"100 - arithmetic average of daily EFFR (us_fed; ACT/360) over [ref_start, ref_end); final settlement: publication_of_last_day_rate"
ff_fut,2025-04,FFJ25 Comdty,monthly,2025-04-01,2025-05-01,2025-04-30,30,2025-04-30,2025-05-01,2020-09-21,False,True,2020-09-21,2025-04-30,,"100 - arithmetic average of daily EFFR (us_fed; ACT/360) over [ref_start, ref_end); final settlement: publication_of_last_day_rate"
ff_fut,2025-05,FFK25 Comdty,monthly,2025-05-01,2025-06-01,2025-05-31,31,2025-05-30,2025-06-02,2020-09-21,False,True,2020-09-21,2025-05-30,,"100 - arithmetic average of daily EFFR (us_fed; ACT/360) over [ref_start, ref_end); final settlement: publication_of_last_day_rate"
ff_fut,2025-06,FFM25 Comdty,monthly,2025-06-01,2025-07-01,2025-06-30,30,2025-06-30,2025-07-01,2020-09-21,False,True,2020-09-21,2025-06-30,,"100 - arithmetic average of daily EFFR (us_fed; ACT/360) over [ref_start, ref_end); final settlement: publication_of_last_day_rate"
ff_fut,2025-07,FFN25 Comdty,monthly,2025-07-01,2025-08-01,2025-07-31,31,2025-07-31,2025-08-01,2020-09-21,False,True,2020-09-21,2025-07-31,,"100 - arithmetic average of daily EFFR (us_fed; ACT/360) over [ref_start, ref_end); final settlement: publication_of_last_day_rate"
ff_fut,2025-08,FFQ25 Comdty,monthly,2025-08-01,2025-09-01,2025-08-31,31,2025-08-29,2025-09-02,2020-09-21,False,True,2020-09-21,2025-08-29,,"100 - arithmetic average of daily EFFR (us_fed; ACT/360) over [ref_start, ref_end); final settlement: publication_of_last_day_rate"
ff_fut,2025-09,FFU25 Comdty,monthly,2025-09-01,2025-10-01,2025-09-30,30,2025-09-30,2025-10-01,2020-10-01,False,True,2020-10-01,2025-09-30,,"100 - arithmetic average of daily EFFR (us_fed; ACT/360) over [ref_start, ref_end); final settlement: publication_of_last_day_rate"
ff_fut,2025-10,FFV25 Comdty,monthly,2025-10-01,2025-11-01,2025-10-31,31,2025-10-31,2025-11-03,2020-11-02,False,True,2020-11-02,2025-10-31,,"100 - arithmetic average of daily EFFR (us_fed; ACT/360) over [ref_start, ref_end); final settlement: publication_of_last_day_rate"
ff_fut,2025-11,FFX25 Comdty,monthly,2025-11-01,2025-12-01,2025-11-30,30,2025-11-28,2025-12-01,2020-12-01,False,True,2020-12-01,2025-11-28,,"100 - arithmetic average of daily EFFR (us_fed; ACT/360) over [ref_start, ref_end); final settlement: publication_of_last_day_rate"
ff_fut,2025-12,FFZ25 Comdty,monthly,2025-12-01,2026-01-01,2025-12-31,31,2025-12-31,2026-01-02,2021-01-04,False,True,2021-01-04,2025-12-31,,"100 - arithmetic average of daily EFFR (us_fed; ACT/360) over [ref_start, ref_end); final settlement: publication_of_last_day_rate"
ff_fut,2026-01,FFF26 Comdty,monthly,2026-01-01,2026-02-01,2026-01-31,31,2026-01-30,2026-02-02,2021-02-01,False,True,2021-02-01,2026-01-30,,"100 - arithmetic average of daily EFFR (us_fed; ACT/360) over [ref_start, ref_end); final settlement: publication_of_last_day_rate"
ff_fut,2026-02,FFG26 Comdty,monthly,2026-02-01,2026-03-01,2026-02-28,28,2026-02-27,2026-03-02,2021-03-01,False,True,2021-03-01,2026-02-27,,"100 - arithmetic average of daily EFFR (us_fed; ACT/360) over [ref_start, ref_end); final settlement: publication_of_last_day_rate"
ff_fut,2026-03,FFH26 Comdty,monthly,2026-03-01,2026-04-01,2026-03-31,31,2026-03-31,2026-04-01,2021-04-01,False,True,2021-04-01,2026-03-31,,"100 - arithmetic average of daily EFFR (us_fed; ACT/360) over [ref_start, ref_end); final settlement: publication_of_last_day_rate"
ff_fut,2026-04,FFJ26 Comdty,monthly,2026-04-01,2026-05-01,2026-04-30,30,2026-04-30,2026-05-01,2021-05-03,False,True,2021-05-03,2026-04-30,,"100 - arithmetic average of daily EFFR (us_fed; ACT/360) over [ref_start, ref_end); final settlement: publication_of_last_day_rate"
ff_fut,2026-05,FFK26 Comdty,monthly,2026-05-01,2026-06-01,2026-05-31,31,2026-05-29,2026-06-01,2021-06-01,False,True,2021-06-01,2026-05-29,,"100 - arithmetic average of daily EFFR (us_fed; ACT/360) over [ref_start, ref_end); final settlement: publication_of_last_day_rate"
ff_fut,2026-06,FFM26 Comdty,monthly,2026-06-01,2026-07-01,2026-06-30,30,2026-06-30,2026-07-01,2021-07-01,False,True,2021-07-01,2026-06-30,,"100 - arithmetic average of daily EFFR (us_fed; ACT/360) over [ref_start, ref_end); final settlement: publication_of_last_day_rate"
ff_fut,2026-07,FFN26 Comdty,monthly,2026-07-01,2026-08-01,2026-07-31,31,2026-07-31,2026-08-03,2021-08-02,False,True,2021-08-02,2026-07-31,,"100 - arithmetic average of daily EFFR (us_fed; ACT/360) over [ref_start, ref_end); final settlement: publication_of_last_day_rate"
ff_fut,2026-08,FFQ26 Comdty,monthly,2026-08-01,2026-09-01,2026-08-31,31,2026-08-31,2026-09-01,2021-09-01,False,True,2021-09-01,2026-08-31,,"100 - arithmetic average of daily EFFR (us_fed; ACT/360) over [ref_start, ref_end); final settlement: publication_of_last_day_rate"
ff_fut,2026-09,FFU26 Comdty,monthly,2026-09-01,2026-10-01,2026-09-30,30,2026-09-30,2026-10-01,2021-10-01,False,True,2021-10-01,2026-09-30,,"100 - arithmetic average of daily EFFR (us_fed; ACT/360) over [ref_start, ref_end); final settlement: publication_of_last_day_rate"
ff_fut,2026-10,FFV26 Comdty,monthly,2026-10-01,2026-11-01,2026-10-31,31,2026-10-30,2026-11-02,2021-11-01,False,True,2021-11-01,2026-10-30,,"100 - arithmetic average of daily EFFR (us_fed; ACT/360) over [ref_start, ref_end); final settlement: publication_of_last_day_rate"
ff_fut,2026-11,FFX26 Comdty,monthly,2026-11-01,2026-12-01,2026-11-30,30,2026-11-30,2026-12-01,2021-12-01,False,True,2021-12-01,2026-11-30,,"100 - arithmetic average of daily EFFR (us_fed; ACT/360) over [ref_start, ref_end); final settlement: publication_of_last_day_rate"
ff_fut,2026-12,FFZ26 Comdty,monthly,2026-12-01,2027-01-01,2026-12-31,31,2026-12-31,2027-01-04,2022-01-03,False,True,2022-01-03,2026-12-31,,"100 - arithmetic average of daily EFFR (us_fed; ACT/360) over [ref_start, ref_end); final settlement: publication_of_last_day_rate"
ff_fut,2027-01,FFF27 Comdty,monthly,2027-01-01,2027-02-01,2027-01-31,31,2027-01-29,2027-02-01,2022-02-01,False,True,2022-02-01,2027-01-29,,"100 - arithmetic average of daily EFFR (us_fed; ACT/360) over [ref_start, ref_end); final settlement: publication_of_last_day_rate"
ff_fut,2027-02,FFG27 Comdty,monthly,2027-02-01,2027-03-01,2027-02-28,28,2027-02-26,2027-03-01,2022-03-01,False,True,2022-03-01,2027-02-26,,"100 - arithmetic average of daily EFFR (us_fed; ACT/360) over [ref_start, ref_end); final settlement: publication_of_last_day_rate"
ff_fut,2027-03,FFH27 Comdty,monthly,2027-03-01,2027-04-01,2027-03-31,31,2027-03-31,2027-04-01,2022-04-01,False,True,2022-04-01,2027-03-31,,"100 - arithmetic average of daily EFFR (us_fed; ACT/360) over [ref_start, ref_end); final settlement: publication_of_last_day_rate"
ff_fut,2027-04,FFJ27 Comdty,monthly,2027-04-01,2027-05-01,2027-04-30,30,2027-04-30,2027-05-03,2022-05-02,False,True,2022-05-02,2027-04-30,,"100 - arithmetic average of daily EFFR (us_fed; ACT/360) over [ref_start, ref_end); final settlement: publication_of_last_day_rate"
ff_fut,2027-05,FFK27 Comdty,monthly,2027-05-01,2027-06-01,2027-05-31,31,2027-05-28,2027-06-01,2022-06-01,False,True,2022-06-01,2027-05-28,,"100 - arithmetic average of daily EFFR (us_fed; ACT/360) over [ref_start, ref_end); final settlement: publication_of_last_day_rate"
ff_fut,2027-06,FFM27 Comdty,monthly,2027-06-01,2027-07-01,2027-06-30,30,2027-06-30,2027-07-01,2022-07-01,False,True,2022-07-01,2027-06-30,,"100 - arithmetic average of daily EFFR (us_fed; ACT/360) over [ref_start, ref_end); final settlement: publication_of_last_day_rate"
ff_fut,2027-07,FFN27 Comdty,monthly,2027-07-01,2027-08-01,2027-07-31,31,2027-07-30,2027-08-02,2022-08-01,False,True,2022-08-01,2027-07-30,,"100 - arithmetic average of daily EFFR (us_fed; ACT/360) over [ref_start, ref_end); final settlement: publication_of_last_day_rate"
ff_fut,2027-08,FFQ27 Comdty,monthly,2027-08-01,2027-09-01,2027-08-31,31,2027-08-31,2027-09-01,2022-09-01,False,True,2022-09-01,2027-08-31,,"100 - arithmetic average of daily EFFR (us_fed; ACT/360) over [ref_start, ref_end); final settlement: publication_of_last_day_rate"
ff_fut,2027-09,FFU27 Comdty,monthly,2027-09-01,2027-10-01,2027-09-30,30,2027-09-30,2027-10-01,2022-10-03,False,True,2022-10-03,2027-09-30,,"100 - arithmetic average of daily EFFR (us_fed; ACT/360) over [ref_start, ref_end); final settlement: publication_of_last_day_rate"
ff_fut,2027-10,FFV27 Comdty,monthly,2027-10-01,2027-11-01,2027-10-31,31,2027-10-29,2027-11-01,2022-11-01,False,True,2022-11-01,2027-10-29,,"100 - arithmetic average of daily EFFR (us_fed; ACT/360) over [ref_start, ref_end); final settlement: publication_of_last_day_rate"
ff_fut,2027-11,FFX27 Comdty,monthly,2027-11-01,2027-12-01,2027-11-30,30,2027-11-30,2027-12-01,2022-12-01,False,True,2022-12-01,2027-11-30,,"100 - arithmetic average of daily EFFR (us_fed; ACT/360) over [ref_start, ref_end); final settlement: publication_of_last_day_rate"
ff_fut,2027-12,FFZ27 Comdty,monthly,2027-12-01,2028-01-01,2027-12-31,31,2027-12-31,2028-01-03,2023-01-03,False,True,2023-01-03,2027-12-31,,"100 - arithmetic average of daily EFFR (us_fed; ACT/360) over [ref_start, ref_end); final settlement: publication_of_last_day_rate"
ff_fut,2028-01,FFF28 Comdty,monthly,2028-01-01,2028-02-01,2028-01-31,31,2028-01-31,2028-02-01,2023-02-01,False,True,2023-02-01,2028-01-31,,"100 - arithmetic average of daily EFFR (us_fed; ACT/360) over [ref_start, ref_end); final settlement: publication_of_last_day_rate"
ff_fut,2028-02,FFG28 Comdty,monthly,2028-02-01,2028-03-01,2028-02-29,29,2028-02-29,2028-03-01,2023-03-01,False,True,2023-03-01,2028-02-29,,"100 - arithmetic average of daily EFFR (us_fed; ACT/360) over [ref_start, ref_end); final settlement: publication_of_last_day_rate"
ff_fut,2028-03,FFH28 Comdty,monthly,2028-03-01,2028-04-01,2028-03-31,31,2028-03-31,2028-04-03,2023-04-03,False,True,2023-04-03,2028-03-31,,"100 - arithmetic average of daily EFFR (us_fed; ACT/360) over [ref_start, ref_end); final settlement: publication_of_last_day_rate"
ff_fut,2028-04,FFJ28 Comdty,monthly,2028-04-01,2028-05-01,2028-04-30,30,2028-04-28,2028-05-01,2023-05-01,False,True,2023-05-01,2028-04-28,,"100 - arithmetic average of daily EFFR (us_fed; ACT/360) over [ref_start, ref_end); final settlement: publication_of_last_day_rate"
ff_fut,2028-05,FFK28 Comdty,monthly,2028-05-01,2028-06-01,2028-05-31,31,2028-05-31,2028-06-01,2023-06-01,False,True,2023-06-01,2028-05-31,,"100 - arithmetic average of daily EFFR (us_fed; ACT/360) over [ref_start, ref_end); final settlement: publication_of_last_day_rate"
ff_fut,2028-06,FFM28 Comdty,monthly,2028-06-01,2028-07-01,2028-06-30,30,2028-06-30,2028-07-03,2023-07-03,False,True,2023-07-03,2028-06-30,,"100 - arithmetic average of daily EFFR (us_fed; ACT/360) over [ref_start, ref_end); final settlement: publication_of_last_day_rate"
ff_fut,2028-07,FFN28 Comdty,monthly,2028-07-01,2028-08-01,2028-07-31,31,2028-07-31,2028-08-01,2023-08-01,False,True,2023-08-01,2028-07-31,,"100 - arithmetic average of daily EFFR (us_fed; ACT/360) over [ref_start, ref_end); final settlement: publication_of_last_day_rate"
ff_fut,2028-08,FFQ28 Comdty,monthly,2028-08-01,2028-09-01,2028-08-31,31,2028-08-31,2028-09-01,2023-09-01,False,True,2023-09-01,2028-08-31,,"100 - arithmetic average of daily EFFR (us_fed; ACT/360) over [ref_start, ref_end); final settlement: publication_of_last_day_rate"
ff_fut,2028-09,FFU28 Comdty,monthly,2028-09-01,2028-10-01,2028-09-30,30,2028-09-29,2028-10-02,2023-10-02,False,True,2023-10-02,2028-09-29,,"100 - arithmetic average of daily EFFR (us_fed; ACT/360) over [ref_start, ref_end); final settlement: publication_of_last_day_rate"
ff_fut,2028-10,FFV28 Comdty,monthly,2028-10-01,2028-11-01,2028-10-31,31,2028-10-31,2028-11-01,2023-11-01,False,True,2023-11-01,2028-10-31,,"100 - arithmetic average of daily EFFR (us_fed; ACT/360) over [ref_start, ref_end); final settlement: publication_of_last_day_rate"
ff_fut,2028-11,FFX28 Comdty,monthly,2028-11-01,2028-12-01,2028-11-30,30,2028-11-30,2028-12-01,2023-12-01,False,True,2023-12-01,2028-11-30,,"100 - arithmetic average of daily EFFR (us_fed; ACT/360) over [ref_start, ref_end); final settlement: publication_of_last_day_rate"
ff_fut,2028-12,FFZ28 Comdty,monthly,2028-12-01,2029-01-01,2028-12-31,31,2028-12-29,2029-01-02,2024-01-02,False,True,2024-01-02,2028-12-29,,"100 - arithmetic average of daily EFFR (us_fed; ACT/360) over [ref_start, ref_end); final settlement: publication_of_last_day_rate"
ff_fut,2029-01,FFF29 Comdty,monthly,2029-01-01,2029-02-01,2029-01-31,31,2029-01-31,2029-02-01,2024-02-01,False,True,2024-02-01,2029-01-31,,"100 - arithmetic average of daily EFFR (us_fed; ACT/360) over [ref_start, ref_end); final settlement: publication_of_last_day_rate"
ff_fut,2029-02,FFG29 Comdty,monthly,2029-02-01,2029-03-01,2029-02-28,28,2029-02-28,2029-03-01,2024-03-01,False,True,2024-03-01,2029-02-28,,"100 - arithmetic average of daily EFFR (us_fed; ACT/360) over [ref_start, ref_end); final settlement: publication_of_last_day_rate"
ff_fut,2029-03,FFH29 Comdty,monthly,2029-03-01,2029-04-01,2029-03-31,31,2029-03-29,2029-04-02,2024-04-01,False,True,2024-04-01,2029-03-29,,"100 - arithmetic average of daily EFFR (us_fed; ACT/360) over [ref_start, ref_end); final settlement: publication_of_last_day_rate"
ff_fut,2029-04,FFJ29 Comdty,monthly,2029-04-01,2029-05-01,2029-04-30,30,2029-04-30,2029-05-01,2024-05-01,False,True,2024-05-01,2029-04-30,,"100 - arithmetic average of daily EFFR (us_fed; ACT/360) over [ref_start, ref_end); final settlement: publication_of_last_day_rate"
ff_fut,2029-05,FFK29 Comdty,monthly,2029-05-01,2029-06-01,2029-05-31,31,2029-05-31,2029-06-01,2024-06-03,False,True,2024-06-03,2029-05-31,,"100 - arithmetic average of daily EFFR (us_fed; ACT/360) over [ref_start, ref_end); final settlement: publication_of_last_day_rate"
ff_fut,2029-06,FFM29 Comdty,monthly,2029-06-01,2029-07-01,2029-06-30,30,2029-06-29,2029-07-02,2024-07-01,False,True,2024-07-01,2029-06-29,,"100 - arithmetic average of daily EFFR (us_fed; ACT/360) over [ref_start, ref_end); final settlement: publication_of_last_day_rate"
ff_fut,2029-07,FFN29 Comdty,monthly,2029-07-01,2029-08-01,2029-07-31,31,2029-07-31,2029-08-01,2024-08-01,False,True,2024-08-01,2029-07-31,,"100 - arithmetic average of daily EFFR (us_fed; ACT/360) over [ref_start, ref_end); final settlement: publication_of_last_day_rate"
ff_fut,2029-08,FFQ29 Comdty,monthly,2029-08-01,2029-09-01,2029-08-31,31,2029-08-31,2029-09-04,2024-09-03,False,True,2024-09-03,2029-08-31,,"100 - arithmetic average of daily EFFR (us_fed; ACT/360) over [ref_start, ref_end); final settlement: publication_of_last_day_rate"
ff_fut,2029-09,FFU29 Comdty,monthly,2029-09-01,2029-10-01,2029-09-30,30,2029-09-28,2029-10-01,2024-10-01,False,True,2024-10-01,2029-09-28,,"100 - arithmetic average of daily EFFR (us_fed; ACT/360) over [ref_start, ref_end); final settlement: publication_of_last_day_rate"
ff_fut,2029-10,FFV29 Comdty,monthly,2029-10-01,2029-11-01,2029-10-31,31,2029-10-31,2029-11-01,2024-11-01,False,True,2024-11-01,2029-10-31,,"100 - arithmetic average of daily EFFR (us_fed; ACT/360) over [ref_start, ref_end); final settlement: publication_of_last_day_rate"
ff_fut,2029-11,FFX29 Comdty,monthly,2029-11-01,2029-12-01,2029-11-30,30,2029-11-30,2029-12-03,2024-12-02,False,True,2024-12-02,2029-11-30,,"100 - arithmetic average of daily EFFR (us_fed; ACT/360) over [ref_start, ref_end); final settlement: publication_of_last_day_rate"
ff_fut,2029-12,FFZ29 Comdty,monthly,2029-12-01,2030-01-01,2029-12-31,31,2029-12-31,2030-01-02,2025-01-02,False,True,2025-01-02,2029-12-31,,"100 - arithmetic average of daily EFFR (us_fed; ACT/360) over [ref_start, ref_end); final settlement: publication_of_last_day_rate"
ff_fut,2030-01,FFF30 Comdty,monthly,2030-01-01,2030-02-01,2030-01-31,31,2030-01-31,2030-02-01,2025-02-03,False,True,2025-02-03,2030-01-31,,"100 - arithmetic average of daily EFFR (us_fed; ACT/360) over [ref_start, ref_end); final settlement: publication_of_last_day_rate"
ff_fut,2030-02,FFG30 Comdty,monthly,2030-02-01,2030-03-01,2030-02-28,28,2030-02-28,2030-03-01,2025-03-03,False,True,2025-03-03,2030-02-28,,"100 - arithmetic average of daily EFFR (us_fed; ACT/360) over [ref_start, ref_end); final settlement: publication_of_last_day_rate"
ff_fut,2030-03,FFH30 Comdty,monthly,2030-03-01,2030-04-01,2030-03-31,31,2030-03-29,2030-04-01,2025-04-01,False,True,2025-04-01,2030-03-29,,"100 - arithmetic average of daily EFFR (us_fed; ACT/360) over [ref_start, ref_end); final settlement: publication_of_last_day_rate"
ff_fut,2030-04,FFJ30 Comdty,monthly,2030-04-01,2030-05-01,2030-04-30,30,2030-04-30,2030-05-01,2025-05-01,False,True,2025-05-01,2030-04-30,,"100 - arithmetic average of daily EFFR (us_fed; ACT/360) over [ref_start, ref_end); final settlement: publication_of_last_day_rate"
ff_fut,2030-05,FFK30 Comdty,monthly,2030-05-01,2030-06-01,2030-05-31,31,2030-05-31,2030-06-03,2025-06-02,False,True,2025-06-02,2030-05-31,,"100 - arithmetic average of daily EFFR (us_fed; ACT/360) over [ref_start, ref_end); final settlement: publication_of_last_day_rate"
ff_fut,2030-06,FFM30 Comdty,monthly,2030-06-01,2030-07-01,2030-06-30,30,2030-06-28,2030-07-01,2025-07-01,False,True,2025-07-01,2030-06-28,,"100 - arithmetic average of daily EFFR (us_fed; ACT/360) over [ref_start, ref_end); final settlement: publication_of_last_day_rate"
ff_fut,2030-07,FFN30 Comdty,monthly,2030-07-01,2030-08-01,2030-07-31,31,2030-07-31,2030-08-01,2025-08-01,False,True,2025-08-01,2030-07-31,,"100 - arithmetic average of daily EFFR (us_fed; ACT/360) over [ref_start, ref_end); final settlement: publication_of_last_day_rate"
ff_fut,2030-08,FFQ30 Comdty,monthly,2030-08-01,2030-09-01,2030-08-31,31,2030-08-30,2030-09-03,2025-09-02,False,True,2025-09-02,2030-08-30,,"100 - arithmetic average of daily EFFR (us_fed; ACT/360) over [ref_start, ref_end); final settlement: publication_of_last_day_rate"
ff_fut,2030-09,FFU30 Comdty,monthly,2030-09-01,2030-10-01,2030-09-30,30,2030-09-30,2030-10-01,2025-10-01,False,True,2025-10-01,2030-09-30,,"100 - arithmetic average of daily EFFR (us_fed; ACT/360) over [ref_start, ref_end); final settlement: publication_of_last_day_rate"
ff_fut,2030-10,FFV30 Comdty,monthly,2030-10-01,2030-11-01,2030-10-31,31,2030-10-31,2030-11-01,2025-11-03,False,True,2025-11-03,2030-10-31,,"100 - arithmetic average of daily EFFR (us_fed; ACT/360) over [ref_start, ref_end); final settlement: publication_of_last_day_rate"
ff_fut,2030-11,FFX30 Comdty,monthly,2030-11-01,2030-12-01,2030-11-30,30,2030-11-29,2030-12-02,2025-12-01,False,True,2025-12-01,2030-11-29,,"100 - arithmetic average of daily EFFR (us_fed; ACT/360) over [ref_start, ref_end); final settlement: publication_of_last_day_rate"
ff_fut,2030-12,FFZ30 Comdty,monthly,2030-12-01,2031-01-01,2030-12-31,31,2030-12-31,2031-01-02,2026-01-02,False,True,2026-01-02,2030-12-31,,"100 - arithmetic average of daily EFFR (us_fed; ACT/360) over [ref_start, ref_end); final settlement: publication_of_last_day_rate"
ff_fut,2031-01,FFF31 Comdty,monthly,2031-01-01,2031-02-01,2031-01-31,31,2031-01-31,2031-02-03,2026-02-02,False,True,2026-02-02,2031-01-31,,"100 - arithmetic average of daily EFFR (us_fed; ACT/360) over [ref_start, ref_end); final settlement: publication_of_last_day_rate"
ff_fut,2031-02,FFG31 Comdty,monthly,2031-02-01,2031-03-01,2031-02-28,28,2031-02-28,2031-03-03,2026-03-02,False,True,2026-03-02,2031-02-28,,"100 - arithmetic average of daily EFFR (us_fed; ACT/360) over [ref_start, ref_end); final settlement: publication_of_last_day_rate"
ff_fut,2031-03,FFH31 Comdty,monthly,2031-03-01,2031-04-01,2031-03-31,31,2031-03-31,2031-04-01,2026-04-01,False,True,2026-04-01,2031-03-31,,"100 - arithmetic average of daily EFFR (us_fed; ACT/360) over [ref_start, ref_end); final settlement: publication_of_last_day_rate"
ff_fut,2031-04,FFJ31 Comdty,monthly,2031-04-01,2031-05-01,2031-04-30,30,2031-04-30,2031-05-01,2026-05-01,False,True,2026-05-01,2031-04-30,,"100 - arithmetic average of daily EFFR (us_fed; ACT/360) over [ref_start, ref_end); final settlement: publication_of_last_day_rate"
ff_fut,2031-05,FFK31 Comdty,monthly,2031-05-01,2031-06-01,2031-05-31,31,2031-05-30,2031-06-02,2026-06-01,False,True,2026-06-01,2031-05-30,,"100 - arithmetic average of daily EFFR (us_fed; ACT/360) over [ref_start, ref_end); final settlement: publication_of_last_day_rate"
ff_fut,2031-06,FFM31 Comdty,monthly,2031-06-01,2031-07-01,2031-06-30,30,2031-06-30,2031-07-01,2026-07-01,False,True,2026-07-01,2031-06-30,,"100 - arithmetic average of daily EFFR (us_fed; ACT/360) over [ref_start, ref_end); final settlement: publication_of_last_day_rate"
ff_fut,2031-07,FFN31 Comdty,monthly,2031-07-01,2031-08-01,2031-07-31,31,2031-07-31,2031-08-01,2026-08-03,False,True,2026-08-03,2031-07-31,,"100 - arithmetic average of daily EFFR (us_fed; ACT/360) over [ref_start, ref_end); final settlement: publication_of_last_day_rate"
ff_fut,2031-08,FFQ31 Comdty,monthly,2031-08-01,2031-09-01,2031-08-31,31,2031-08-29,2031-09-02,2026-09-01,False,True,2026-09-01,2031-08-29,,"100 - arithmetic average of daily EFFR (us_fed; ACT/360) over [ref_start, ref_end); final settlement: publication_of_last_day_rate"
ff_fut,2031-09,FFU31 Comdty,monthly,2031-09-01,2031-10-01,2031-09-30,30,2031-09-30,2031-10-01,2026-10-01,False,True,2026-10-01,2031-09-30,,"100 - arithmetic average of daily EFFR (us_fed; ACT/360) over [ref_start, ref_end); final settlement: publication_of_last_day_rate"
ff_fut,2031-10,FFV31 Comdty,monthly,2031-10-01,2031-11-01,2031-10-31,31,2031-10-31,2031-11-03,2026-11-02,False,True,2026-11-02,2031-10-31,,"100 - arithmetic average of daily EFFR (us_fed; ACT/360) over [ref_start, ref_end); final settlement: publication_of_last_day_rate"
ff_fut,2031-11,FFX31 Comdty,monthly,2031-11-01,2031-12-01,2031-11-30,30,2031-11-28,2031-12-01,2026-12-01,False,True,2026-12-01,2031-11-28,,"100 - arithmetic average of daily EFFR (us_fed; ACT/360) over [ref_start, ref_end); final settlement: publication_of_last_day_rate"
ff_fut,2031-12,FFZ31 Comdty,monthly,2031-12-01,2032-01-01,2031-12-31,31,2031-12-31,2032-01-02,2027-01-04,False,True,2027-01-04,2031-12-31,,"100 - arithmetic average of daily EFFR (us_fed; ACT/360) over [ref_start, ref_end); final settlement: publication_of_last_day_rate"
ff_fut,2032-01,FFF32 Comdty,monthly,2032-01-01,2032-02-01,2032-01-31,31,2032-01-30,2032-02-02,2027-02-01,False,True,2027-02-01,2032-01-30,,"100 - arithmetic average of daily EFFR (us_fed; ACT/360) over [ref_start, ref_end); final settlement: publication_of_last_day_rate"
ff_fut,2032-02,FFG32 Comdty,monthly,2032-02-01,2032-03-01,2032-02-29,29,2032-02-27,2032-03-01,2027-03-01,False,True,2027-03-01,2032-02-27,,"100 - arithmetic average of daily EFFR (us_fed; ACT/360) over [ref_start, ref_end); final settlement: publication_of_last_day_rate"
ff_fut,2032-03,FFH32 Comdty,monthly,2032-03-01,2032-04-01,2032-03-31,31,2032-03-31,2032-04-01,2027-04-01,False,True,2027-04-01,2032-03-31,,"100 - arithmetic average of daily EFFR (us_fed; ACT/360) over [ref_start, ref_end); final settlement: publication_of_last_day_rate"
ff_fut,2032-04,FFJ32 Comdty,monthly,2032-04-01,2032-05-01,2032-04-30,30,2032-04-30,2032-05-03,2027-05-03,False,True,2027-05-03,2032-04-30,,"100 - arithmetic average of daily EFFR (us_fed; ACT/360) over [ref_start, ref_end); final settlement: publication_of_last_day_rate"
ff_fut,2032-05,FFK32 Comdty,monthly,2032-05-01,2032-06-01,2032-05-31,31,2032-05-28,2032-06-01,2027-06-01,False,True,2027-06-01,2032-05-28,,"100 - arithmetic average of daily EFFR (us_fed; ACT/360) over [ref_start, ref_end); final settlement: publication_of_last_day_rate"
ff_fut,2032-06,FFM32 Comdty,monthly,2032-06-01,2032-07-01,2032-06-30,30,2032-06-30,2032-07-01,2027-07-01,False,True,2027-07-01,2032-06-30,,"100 - arithmetic average of daily EFFR (us_fed; ACT/360) over [ref_start, ref_end); final settlement: publication_of_last_day_rate"
ff_fut,2032-07,FFN32 Comdty,monthly,2032-07-01,2032-08-01,2032-07-31,31,2032-07-30,2032-08-02,2027-08-02,False,True,2027-08-02,2032-07-30,,"100 - arithmetic average of daily EFFR (us_fed; ACT/360) over [ref_start, ref_end); final settlement: publication_of_last_day_rate"
ff_fut,2032-08,FFQ32 Comdty,monthly,2032-08-01,2032-09-01,2032-08-31,31,2032-08-31,2032-09-01,2027-09-01,False,True,2027-09-01,2032-08-31,,"100 - arithmetic average of daily EFFR (us_fed; ACT/360) over [ref_start, ref_end); final settlement: publication_of_last_day_rate"
ff_fut,2032-09,FFU32 Comdty,monthly,2032-09-01,2032-10-01,2032-09-30,30,2032-09-30,2032-10-01,2027-10-01,False,True,2027-10-01,2032-09-30,,"100 - arithmetic average of daily EFFR (us_fed; ACT/360) over [ref_start, ref_end); final settlement: publication_of_last_day_rate"
ff_fut,2032-10,FFV32 Comdty,monthly,2032-10-01,2032-11-01,2032-10-31,31,2032-10-29,2032-11-01,2027-11-01,False,True,2027-11-01,2032-10-29,,"100 - arithmetic average of daily EFFR (us_fed; ACT/360) over [ref_start, ref_end); final settlement: publication_of_last_day_rate"
ff_fut,2032-11,FFX32 Comdty,monthly,2032-11-01,2032-12-01,2032-11-30,30,2032-11-30,2032-12-01,2027-12-01,False,True,2027-12-01,2032-11-30,,"100 - arithmetic average of daily EFFR (us_fed; ACT/360) over [ref_start, ref_end); final settlement: publication_of_last_day_rate"
sofr1m_fut,2018-05,SERK18 Comdty,monthly,2018-05-01,2018-06-01,2018-05-31,31,2018-05-31,2018-06-01,2018-05-07,False,False,2018-05-07,2018-05-31,,"100 - arithmetic average of daily SOFR (us_sofr; ACT/360) over [ref_start, ref_end); final settlement: publication_of_last_day_rate"
sofr1m_fut,2018-06,SERM18 Comdty,monthly,2018-06-01,2018-07-01,2018-06-30,30,2018-06-29,2018-07-02,2018-05-07,False,False,2018-05-07,2018-06-29,,"100 - arithmetic average of daily SOFR (us_sofr; ACT/360) over [ref_start, ref_end); final settlement: publication_of_last_day_rate"
sofr1m_fut,2018-07,SERN18 Comdty,monthly,2018-07-01,2018-08-01,2018-07-31,31,2018-07-31,2018-08-01,2018-05-07,False,False,2018-05-07,2018-07-31,,"100 - arithmetic average of daily SOFR (us_sofr; ACT/360) over [ref_start, ref_end); final settlement: publication_of_last_day_rate"
sofr1m_fut,2018-08,SERQ18 Comdty,monthly,2018-08-01,2018-09-01,2018-08-31,31,2018-08-31,2018-09-04,2018-05-07,False,False,2018-05-07,2018-08-31,,"100 - arithmetic average of daily SOFR (us_sofr; ACT/360) over [ref_start, ref_end); final settlement: publication_of_last_day_rate"
sofr1m_fut,2018-09,SERU18 Comdty,monthly,2018-09-01,2018-10-01,2018-09-30,30,2018-09-28,2018-10-01,2018-05-07,False,False,2018-05-07,2018-09-28,,"100 - arithmetic average of daily SOFR (us_sofr; ACT/360) over [ref_start, ref_end); final settlement: publication_of_last_day_rate"
sofr1m_fut,2018-10,SERV18 Comdty,monthly,2018-10-01,2018-11-01,2018-10-31,31,2018-10-31,2018-11-01,2018-05-07,False,False,2018-05-07,2018-10-31,,"100 - arithmetic average of daily SOFR (us_sofr; ACT/360) over [ref_start, ref_end); final settlement: publication_of_last_day_rate"
sofr1m_fut,2018-11,SERX18 Comdty,monthly,2018-11-01,2018-12-01,2018-11-30,30,2018-11-30,2018-12-03,2018-05-07,False,False,2018-05-07,2018-11-30,,"100 - arithmetic average of daily SOFR (us_sofr; ACT/360) over [ref_start, ref_end); final settlement: publication_of_last_day_rate"
sofr1m_fut,2018-12,SERZ18 Comdty,monthly,2018-12-01,2019-01-01,2018-12-31,31,2018-12-31,2019-01-02,2018-06-01,False,False,2018-06-01,2018-12-31,,"100 - arithmetic average of daily SOFR (us_sofr; ACT/360) over [ref_start, ref_end); final settlement: publication_of_last_day_rate"
sofr1m_fut,2019-01,SERF19 Comdty,monthly,2019-01-01,2019-02-01,2019-01-31,31,2019-01-31,2019-02-01,2018-07-02,False,False,2018-07-02,2019-01-31,,"100 - arithmetic average of daily SOFR (us_sofr; ACT/360) over [ref_start, ref_end); final settlement: publication_of_last_day_rate"
sofr1m_fut,2019-02,SERG19 Comdty,monthly,2019-02-01,2019-03-01,2019-02-28,28,2019-02-28,2019-03-01,2018-08-01,False,False,2018-08-01,2019-02-28,,"100 - arithmetic average of daily SOFR (us_sofr; ACT/360) over [ref_start, ref_end); final settlement: publication_of_last_day_rate"
sofr1m_fut,2019-03,SERH19 Comdty,monthly,2019-03-01,2019-04-01,2019-03-31,31,2019-03-29,2019-04-01,2018-09-04,False,False,2018-09-04,2019-03-29,,"100 - arithmetic average of daily SOFR (us_sofr; ACT/360) over [ref_start, ref_end); final settlement: publication_of_last_day_rate"
sofr1m_fut,2019-04,SERJ19 Comdty,monthly,2019-04-01,2019-05-01,2019-04-30,30,2019-04-30,2019-05-01,2018-10-01,False,False,2018-10-01,2019-04-30,,"100 - arithmetic average of daily SOFR (us_sofr; ACT/360) over [ref_start, ref_end); final settlement: publication_of_last_day_rate"
sofr1m_fut,2019-05,SERK19 Comdty,monthly,2019-05-01,2019-06-01,2019-05-31,31,2019-05-31,2019-06-03,2018-11-01,False,False,2018-11-01,2019-05-31,,"100 - arithmetic average of daily SOFR (us_sofr; ACT/360) over [ref_start, ref_end); final settlement: publication_of_last_day_rate"
sofr1m_fut,2019-06,SERM19 Comdty,monthly,2019-06-01,2019-07-01,2019-06-30,30,2019-06-28,2019-07-01,2018-12-03,False,False,2018-12-03,2019-06-28,,"100 - arithmetic average of daily SOFR (us_sofr; ACT/360) over [ref_start, ref_end); final settlement: publication_of_last_day_rate"
sofr1m_fut,2019-07,SERN19 Comdty,monthly,2019-07-01,2019-08-01,2019-07-31,31,2019-07-31,2019-08-01,2019-01-02,False,False,2019-01-02,2019-07-31,,"100 - arithmetic average of daily SOFR (us_sofr; ACT/360) over [ref_start, ref_end); final settlement: publication_of_last_day_rate"
sofr1m_fut,2019-08,SERQ19 Comdty,monthly,2019-08-01,2019-09-01,2019-08-31,31,2019-08-30,2019-09-03,2019-02-01,False,False,2019-02-01,2019-08-30,,"100 - arithmetic average of daily SOFR (us_sofr; ACT/360) over [ref_start, ref_end); final settlement: publication_of_last_day_rate"
sofr1m_fut,2019-09,SERU19 Comdty,monthly,2019-09-01,2019-10-01,2019-09-30,30,2019-09-30,2019-10-01,2019-03-01,False,False,2019-03-01,2019-09-30,,"100 - arithmetic average of daily SOFR (us_sofr; ACT/360) over [ref_start, ref_end); final settlement: publication_of_last_day_rate"
sofr1m_fut,2019-10,SERV19 Comdty,monthly,2019-10-01,2019-11-01,2019-10-31,31,2019-10-31,2019-11-01,2019-04-01,False,False,2019-04-01,2019-10-31,,"100 - arithmetic average of daily SOFR (us_sofr; ACT/360) over [ref_start, ref_end); final settlement: publication_of_last_day_rate"
sofr1m_fut,2019-11,SERX19 Comdty,monthly,2019-11-01,2019-12-01,2019-11-30,30,2019-11-29,2019-12-02,2019-05-01,False,False,2019-05-01,2019-11-29,,"100 - arithmetic average of daily SOFR (us_sofr; ACT/360) over [ref_start, ref_end); final settlement: publication_of_last_day_rate"
sofr1m_fut,2019-12,SERZ19 Comdty,monthly,2019-12-01,2020-01-01,2019-12-31,31,2019-12-31,2020-01-02,2019-06-03,False,False,2019-06-03,2019-12-31,,"100 - arithmetic average of daily SOFR (us_sofr; ACT/360) over [ref_start, ref_end); final settlement: publication_of_last_day_rate"
sofr1m_fut,2020-01,SERF20 Comdty,monthly,2020-01-01,2020-02-01,2020-01-31,31,2020-01-31,2020-02-03,2019-07-01,False,False,2019-07-01,2020-01-31,,"100 - arithmetic average of daily SOFR (us_sofr; ACT/360) over [ref_start, ref_end); final settlement: publication_of_last_day_rate"
sofr1m_fut,2020-02,SERG20 Comdty,monthly,2020-02-01,2020-03-01,2020-02-29,29,2020-02-28,2020-03-02,2019-08-01,False,False,2019-08-01,2020-02-28,,"100 - arithmetic average of daily SOFR (us_sofr; ACT/360) over [ref_start, ref_end); final settlement: publication_of_last_day_rate"
sofr1m_fut,2020-03,SERH20 Comdty,monthly,2020-03-01,2020-04-01,2020-03-31,31,2020-03-31,2020-04-01,2019-09-03,False,False,2019-09-03,2020-03-31,,"100 - arithmetic average of daily SOFR (us_sofr; ACT/360) over [ref_start, ref_end); final settlement: publication_of_last_day_rate"
sofr1m_fut,2020-04,SERJ20 Comdty,monthly,2020-04-01,2020-05-01,2020-04-30,30,2020-04-30,2020-05-01,2019-10-01,False,False,2019-10-01,2020-04-30,,"100 - arithmetic average of daily SOFR (us_sofr; ACT/360) over [ref_start, ref_end); final settlement: publication_of_last_day_rate"
sofr1m_fut,2020-05,SERK20 Comdty,monthly,2020-05-01,2020-06-01,2020-05-31,31,2020-05-29,2020-06-01,2019-11-01,False,False,2019-11-01,2020-05-29,,"100 - arithmetic average of daily SOFR (us_sofr; ACT/360) over [ref_start, ref_end); final settlement: publication_of_last_day_rate"
sofr1m_fut,2020-06,SERM20 Comdty,monthly,2020-06-01,2020-07-01,2020-06-30,30,2020-06-30,2020-07-01,2019-12-02,False,False,2019-12-02,2020-06-30,,"100 - arithmetic average of daily SOFR (us_sofr; ACT/360) over [ref_start, ref_end); final settlement: publication_of_last_day_rate"
sofr1m_fut,2020-07,SERN20 Comdty,monthly,2020-07-01,2020-08-01,2020-07-31,31,2020-07-31,2020-08-03,2020-01-02,False,False,2020-01-02,2020-07-31,,"100 - arithmetic average of daily SOFR (us_sofr; ACT/360) over [ref_start, ref_end); final settlement: publication_of_last_day_rate"
sofr1m_fut,2020-08,SERQ20 Comdty,monthly,2020-08-01,2020-09-01,2020-08-31,31,2020-08-31,2020-09-01,2020-02-03,False,False,2020-02-03,2020-08-31,,"100 - arithmetic average of daily SOFR (us_sofr; ACT/360) over [ref_start, ref_end); final settlement: publication_of_last_day_rate"
sofr1m_fut,2020-09,SERU20 Comdty,monthly,2020-09-01,2020-10-01,2020-09-30,30,2020-09-30,2020-10-01,2020-03-02,False,False,2020-03-02,2020-09-30,,"100 - arithmetic average of daily SOFR (us_sofr; ACT/360) over [ref_start, ref_end); final settlement: publication_of_last_day_rate"
sofr1m_fut,2020-10,SERV20 Comdty,monthly,2020-10-01,2020-11-01,2020-10-31,31,2020-10-30,2020-11-02,2020-04-01,False,False,2020-04-01,2020-10-30,,"100 - arithmetic average of daily SOFR (us_sofr; ACT/360) over [ref_start, ref_end); final settlement: publication_of_last_day_rate"
sofr1m_fut,2020-11,SERX20 Comdty,monthly,2020-11-01,2020-12-01,2020-11-30,30,2020-11-30,2020-12-01,2020-05-01,False,False,2020-05-01,2020-11-30,,"100 - arithmetic average of daily SOFR (us_sofr; ACT/360) over [ref_start, ref_end); final settlement: publication_of_last_day_rate"
sofr1m_fut,2020-12,SERZ20 Comdty,monthly,2020-12-01,2021-01-01,2020-12-31,31,2020-12-31,2021-01-04,2020-06-01,False,False,2020-06-01,2020-12-31,,"100 - arithmetic average of daily SOFR (us_sofr; ACT/360) over [ref_start, ref_end); final settlement: publication_of_last_day_rate"
sofr1m_fut,2021-01,SERF21 Comdty,monthly,2021-01-01,2021-02-01,2021-01-31,31,2021-01-29,2021-02-01,2020-07-01,False,False,2020-07-01,2021-01-29,,"100 - arithmetic average of daily SOFR (us_sofr; ACT/360) over [ref_start, ref_end); final settlement: publication_of_last_day_rate"
sofr1m_fut,2021-02,SERG21 Comdty,monthly,2021-02-01,2021-03-01,2021-02-28,28,2021-02-26,2021-03-01,2020-08-03,False,False,2020-08-03,2021-02-26,,"100 - arithmetic average of daily SOFR (us_sofr; ACT/360) over [ref_start, ref_end); final settlement: publication_of_last_day_rate"
sofr1m_fut,2021-03,SERH21 Comdty,monthly,2021-03-01,2021-04-01,2021-03-31,31,2021-03-31,2021-04-01,2020-09-01,False,False,2020-09-01,2021-03-31,,"100 - arithmetic average of daily SOFR (us_sofr; ACT/360) over [ref_start, ref_end); final settlement: publication_of_last_day_rate"
sofr1m_fut,2021-04,SERJ21 Comdty,monthly,2021-04-01,2021-05-01,2021-04-30,30,2021-04-30,2021-05-03,2020-10-01,False,False,2020-10-01,2021-04-30,,"100 - arithmetic average of daily SOFR (us_sofr; ACT/360) over [ref_start, ref_end); final settlement: publication_of_last_day_rate"
sofr1m_fut,2021-05,SERK21 Comdty,monthly,2021-05-01,2021-06-01,2021-05-31,31,2021-05-28,2021-06-01,2020-11-02,False,False,2020-11-02,2021-05-28,,"100 - arithmetic average of daily SOFR (us_sofr; ACT/360) over [ref_start, ref_end); final settlement: publication_of_last_day_rate"
sofr1m_fut,2021-06,SERM21 Comdty,monthly,2021-06-01,2021-07-01,2021-06-30,30,2021-06-30,2021-07-01,2020-12-01,False,False,2020-12-01,2021-06-30,,"100 - arithmetic average of daily SOFR (us_sofr; ACT/360) over [ref_start, ref_end); final settlement: publication_of_last_day_rate"
sofr1m_fut,2021-07,SERN21 Comdty,monthly,2021-07-01,2021-08-01,2021-07-31,31,2021-07-30,2021-08-02,2021-01-04,False,False,2021-01-04,2021-07-30,,"100 - arithmetic average of daily SOFR (us_sofr; ACT/360) over [ref_start, ref_end); final settlement: publication_of_last_day_rate"
sofr1m_fut,2021-08,SERQ21 Comdty,monthly,2021-08-01,2021-09-01,2021-08-31,31,2021-08-31,2021-09-01,2021-02-01,False,False,2021-02-01,2021-08-31,,"100 - arithmetic average of daily SOFR (us_sofr; ACT/360) over [ref_start, ref_end); final settlement: publication_of_last_day_rate"
sofr1m_fut,2021-09,SERU21 Comdty,monthly,2021-09-01,2021-10-01,2021-09-30,30,2021-09-30,2021-10-01,2021-03-01,False,False,2021-03-01,2021-09-30,,"100 - arithmetic average of daily SOFR (us_sofr; ACT/360) over [ref_start, ref_end); final settlement: publication_of_last_day_rate"
sofr1m_fut,2021-10,SERV21 Comdty,monthly,2021-10-01,2021-11-01,2021-10-31,31,2021-10-29,2021-11-01,2021-04-01,False,False,2021-04-01,2021-10-29,,"100 - arithmetic average of daily SOFR (us_sofr; ACT/360) over [ref_start, ref_end); final settlement: publication_of_last_day_rate"
sofr1m_fut,2021-11,SERX21 Comdty,monthly,2021-11-01,2021-12-01,2021-11-30,30,2021-11-30,2021-12-01,2021-05-03,False,False,2021-05-03,2021-11-30,,"100 - arithmetic average of daily SOFR (us_sofr; ACT/360) over [ref_start, ref_end); final settlement: publication_of_last_day_rate"
sofr1m_fut,2021-12,SERZ21 Comdty,monthly,2021-12-01,2022-01-01,2021-12-31,31,2021-12-31,2022-01-03,2021-06-01,False,False,2021-06-01,2021-12-31,,"100 - arithmetic average of daily SOFR (us_sofr; ACT/360) over [ref_start, ref_end); final settlement: publication_of_last_day_rate"
sofr1m_fut,2022-01,SERF22 Comdty,monthly,2022-01-01,2022-02-01,2022-01-31,31,2022-01-31,2022-02-01,2021-07-01,False,False,2021-07-01,2022-01-31,,"100 - arithmetic average of daily SOFR (us_sofr; ACT/360) over [ref_start, ref_end); final settlement: publication_of_last_day_rate"
sofr1m_fut,2022-02,SERG22 Comdty,monthly,2022-02-01,2022-03-01,2022-02-28,28,2022-02-28,2022-03-01,2021-08-02,False,False,2021-08-02,2022-02-28,,"100 - arithmetic average of daily SOFR (us_sofr; ACT/360) over [ref_start, ref_end); final settlement: publication_of_last_day_rate"
sofr1m_fut,2022-03,SERH22 Comdty,monthly,2022-03-01,2022-04-01,2022-03-31,31,2022-03-31,2022-04-01,2021-09-01,False,False,2021-09-01,2022-03-31,,"100 - arithmetic average of daily SOFR (us_sofr; ACT/360) over [ref_start, ref_end); final settlement: publication_of_last_day_rate"
sofr1m_fut,2022-04,SERJ22 Comdty,monthly,2022-04-01,2022-05-01,2022-04-30,30,2022-04-29,2022-05-02,2021-10-01,False,False,2021-10-01,2022-04-29,,"100 - arithmetic average of daily SOFR (us_sofr; ACT/360) over [ref_start, ref_end); final settlement: publication_of_last_day_rate"
sofr1m_fut,2022-05,SERK22 Comdty,monthly,2022-05-01,2022-06-01,2022-05-31,31,2022-05-31,2022-06-01,2021-11-01,False,False,2021-11-01,2022-05-31,,"100 - arithmetic average of daily SOFR (us_sofr; ACT/360) over [ref_start, ref_end); final settlement: publication_of_last_day_rate"
sofr1m_fut,2022-06,SERM22 Comdty,monthly,2022-06-01,2022-07-01,2022-06-30,30,2022-06-30,2022-07-01,2021-12-01,False,False,2021-12-01,2022-06-30,,"100 - arithmetic average of daily SOFR (us_sofr; ACT/360) over [ref_start, ref_end); final settlement: publication_of_last_day_rate"
sofr1m_fut,2022-07,SERN22 Comdty,monthly,2022-07-01,2022-08-01,2022-07-31,31,2022-07-29,2022-08-01,2022-01-03,False,False,2022-01-03,2022-07-29,,"100 - arithmetic average of daily SOFR (us_sofr; ACT/360) over [ref_start, ref_end); final settlement: publication_of_last_day_rate"
sofr1m_fut,2022-08,SERQ22 Comdty,monthly,2022-08-01,2022-09-01,2022-08-31,31,2022-08-31,2022-09-01,2022-02-01,False,False,2022-02-01,2022-08-31,,"100 - arithmetic average of daily SOFR (us_sofr; ACT/360) over [ref_start, ref_end); final settlement: publication_of_last_day_rate"
sofr1m_fut,2022-09,SERU22 Comdty,monthly,2022-09-01,2022-10-01,2022-09-30,30,2022-09-30,2022-10-03,2022-03-01,False,False,2022-03-01,2022-09-30,,"100 - arithmetic average of daily SOFR (us_sofr; ACT/360) over [ref_start, ref_end); final settlement: publication_of_last_day_rate"
sofr1m_fut,2022-10,SERV22 Comdty,monthly,2022-10-01,2022-11-01,2022-10-31,31,2022-10-31,2022-11-01,2022-04-01,False,False,2022-04-01,2022-10-31,,"100 - arithmetic average of daily SOFR (us_sofr; ACT/360) over [ref_start, ref_end); final settlement: publication_of_last_day_rate"
sofr1m_fut,2022-11,SERX22 Comdty,monthly,2022-11-01,2022-12-01,2022-11-30,30,2022-11-30,2022-12-01,2022-05-02,False,False,2022-05-02,2022-11-30,,"100 - arithmetic average of daily SOFR (us_sofr; ACT/360) over [ref_start, ref_end); final settlement: publication_of_last_day_rate"
sofr1m_fut,2022-12,SERZ22 Comdty,monthly,2022-12-01,2023-01-01,2022-12-31,31,2022-12-30,2023-01-03,2022-06-01,False,False,2022-06-01,2022-12-30,,"100 - arithmetic average of daily SOFR (us_sofr; ACT/360) over [ref_start, ref_end); final settlement: publication_of_last_day_rate"
sofr1m_fut,2023-01,SERF23 Comdty,monthly,2023-01-01,2023-02-01,2023-01-31,31,2023-01-31,2023-02-01,2022-07-01,False,False,2022-07-01,2023-01-31,,"100 - arithmetic average of daily SOFR (us_sofr; ACT/360) over [ref_start, ref_end); final settlement: publication_of_last_day_rate"
sofr1m_fut,2023-02,SERG23 Comdty,monthly,2023-02-01,2023-03-01,2023-02-28,28,2023-02-28,2023-03-01,2022-08-01,False,False,2022-08-01,2023-02-28,,"100 - arithmetic average of daily SOFR (us_sofr; ACT/360) over [ref_start, ref_end); final settlement: publication_of_last_day_rate"
sofr1m_fut,2023-03,SERH23 Comdty,monthly,2023-03-01,2023-04-01,2023-03-31,31,2023-03-31,2023-04-03,2022-09-01,False,False,2022-09-01,2023-03-31,,"100 - arithmetic average of daily SOFR (us_sofr; ACT/360) over [ref_start, ref_end); final settlement: publication_of_last_day_rate"
sofr1m_fut,2023-04,SERJ23 Comdty,monthly,2023-04-01,2023-05-01,2023-04-30,30,2023-04-28,2023-05-01,2022-10-03,False,False,2022-10-03,2023-04-28,,"100 - arithmetic average of daily SOFR (us_sofr; ACT/360) over [ref_start, ref_end); final settlement: publication_of_last_day_rate"
sofr1m_fut,2023-05,SERK23 Comdty,monthly,2023-05-01,2023-06-01,2023-05-31,31,2023-05-31,2023-06-01,2022-11-01,False,False,2022-11-01,2023-05-31,,"100 - arithmetic average of daily SOFR (us_sofr; ACT/360) over [ref_start, ref_end); final settlement: publication_of_last_day_rate"
sofr1m_fut,2023-06,SERM23 Comdty,monthly,2023-06-01,2023-07-01,2023-06-30,30,2023-06-30,2023-07-03,2022-12-01,False,False,2022-12-01,2023-06-30,,"100 - arithmetic average of daily SOFR (us_sofr; ACT/360) over [ref_start, ref_end); final settlement: publication_of_last_day_rate"
sofr1m_fut,2023-07,SERN23 Comdty,monthly,2023-07-01,2023-08-01,2023-07-31,31,2023-07-31,2023-08-01,2023-01-03,False,False,2023-01-03,2023-07-31,,"100 - arithmetic average of daily SOFR (us_sofr; ACT/360) over [ref_start, ref_end); final settlement: publication_of_last_day_rate"
sofr1m_fut,2023-08,SERQ23 Comdty,monthly,2023-08-01,2023-09-01,2023-08-31,31,2023-08-31,2023-09-01,2023-02-01,False,False,2023-02-01,2023-08-31,,"100 - arithmetic average of daily SOFR (us_sofr; ACT/360) over [ref_start, ref_end); final settlement: publication_of_last_day_rate"
sofr1m_fut,2023-09,SERU23 Comdty,monthly,2023-09-01,2023-10-01,2023-09-30,30,2023-09-29,2023-10-02,2023-03-01,False,False,2023-03-01,2023-09-29,,"100 - arithmetic average of daily SOFR (us_sofr; ACT/360) over [ref_start, ref_end); final settlement: publication_of_last_day_rate"
sofr1m_fut,2023-10,SERV23 Comdty,monthly,2023-10-01,2023-11-01,2023-10-31,31,2023-10-31,2023-11-01,2023-04-03,False,False,2023-04-03,2023-10-31,,"100 - arithmetic average of daily SOFR (us_sofr; ACT/360) over [ref_start, ref_end); final settlement: publication_of_last_day_rate"
sofr1m_fut,2023-11,SERX23 Comdty,monthly,2023-11-01,2023-12-01,2023-11-30,30,2023-11-30,2023-12-01,2023-05-01,False,False,2023-05-01,2023-11-30,,"100 - arithmetic average of daily SOFR (us_sofr; ACT/360) over [ref_start, ref_end); final settlement: publication_of_last_day_rate"
sofr1m_fut,2023-12,SERZ23 Comdty,monthly,2023-12-01,2024-01-01,2023-12-31,31,2023-12-29,2024-01-02,2023-06-01,False,False,2023-06-01,2023-12-29,,"100 - arithmetic average of daily SOFR (us_sofr; ACT/360) over [ref_start, ref_end); final settlement: publication_of_last_day_rate"
sofr1m_fut,2024-01,SERF24 Comdty,monthly,2024-01-01,2024-02-01,2024-01-31,31,2024-01-31,2024-02-01,2023-07-03,False,False,2023-07-03,2024-01-31,,"100 - arithmetic average of daily SOFR (us_sofr; ACT/360) over [ref_start, ref_end); final settlement: publication_of_last_day_rate"
sofr1m_fut,2024-02,SERG24 Comdty,monthly,2024-02-01,2024-03-01,2024-02-29,29,2024-02-29,2024-03-01,2023-08-01,False,False,2023-08-01,2024-02-29,,"100 - arithmetic average of daily SOFR (us_sofr; ACT/360) over [ref_start, ref_end); final settlement: publication_of_last_day_rate"
sofr1m_fut,2024-03,SERH24 Comdty,monthly,2024-03-01,2024-04-01,2024-03-31,31,2024-03-28,2024-04-01,2023-09-01,False,False,2023-09-01,2024-03-28,,"100 - arithmetic average of daily SOFR (us_sofr; ACT/360) over [ref_start, ref_end); final settlement: publication_of_last_day_rate"
sofr1m_fut,2024-04,SERJ24 Comdty,monthly,2024-04-01,2024-05-01,2024-04-30,30,2024-04-30,2024-05-01,2023-10-02,False,False,2023-10-02,2024-04-30,,"100 - arithmetic average of daily SOFR (us_sofr; ACT/360) over [ref_start, ref_end); final settlement: publication_of_last_day_rate"
sofr1m_fut,2024-05,SERK24 Comdty,monthly,2024-05-01,2024-06-01,2024-05-31,31,2024-05-31,2024-06-03,2023-11-01,False,False,2023-11-01,2024-05-31,,"100 - arithmetic average of daily SOFR (us_sofr; ACT/360) over [ref_start, ref_end); final settlement: publication_of_last_day_rate"
sofr1m_fut,2024-06,SERM24 Comdty,monthly,2024-06-01,2024-07-01,2024-06-30,30,2024-06-28,2024-07-01,2023-12-01,False,False,2023-12-01,2024-06-28,,"100 - arithmetic average of daily SOFR (us_sofr; ACT/360) over [ref_start, ref_end); final settlement: publication_of_last_day_rate"
sofr1m_fut,2024-07,SERN24 Comdty,monthly,2024-07-01,2024-08-01,2024-07-31,31,2024-07-31,2024-08-01,2024-01-02,False,False,2024-01-02,2024-07-31,,"100 - arithmetic average of daily SOFR (us_sofr; ACT/360) over [ref_start, ref_end); final settlement: publication_of_last_day_rate"
sofr1m_fut,2024-08,SERQ24 Comdty,monthly,2024-08-01,2024-09-01,2024-08-31,31,2024-08-30,2024-09-03,2024-02-01,False,False,2024-02-01,2024-08-30,,"100 - arithmetic average of daily SOFR (us_sofr; ACT/360) over [ref_start, ref_end); final settlement: publication_of_last_day_rate"
sofr1m_fut,2024-09,SERU24 Comdty,monthly,2024-09-01,2024-10-01,2024-09-30,30,2024-09-30,2024-10-01,2024-03-01,False,False,2024-03-01,2024-09-30,,"100 - arithmetic average of daily SOFR (us_sofr; ACT/360) over [ref_start, ref_end); final settlement: publication_of_last_day_rate"
sofr1m_fut,2024-10,SERV24 Comdty,monthly,2024-10-01,2024-11-01,2024-10-31,31,2024-10-31,2024-11-01,2024-04-01,False,False,2024-04-01,2024-10-31,,"100 - arithmetic average of daily SOFR (us_sofr; ACT/360) over [ref_start, ref_end); final settlement: publication_of_last_day_rate"
sofr1m_fut,2024-11,SERX24 Comdty,monthly,2024-11-01,2024-12-01,2024-11-30,30,2024-11-29,2024-12-02,2024-05-01,False,False,2024-05-01,2024-11-29,,"100 - arithmetic average of daily SOFR (us_sofr; ACT/360) over [ref_start, ref_end); final settlement: publication_of_last_day_rate"
sofr1m_fut,2024-12,SERZ24 Comdty,monthly,2024-12-01,2025-01-01,2024-12-31,31,2024-12-31,2025-01-02,2024-06-03,False,False,2024-06-03,2024-12-31,,"100 - arithmetic average of daily SOFR (us_sofr; ACT/360) over [ref_start, ref_end); final settlement: publication_of_last_day_rate"
sofr1m_fut,2025-01,SERF25 Comdty,monthly,2025-01-01,2025-02-01,2025-01-31,31,2025-01-31,2025-02-03,2024-07-01,False,False,2024-07-01,2025-01-31,,"100 - arithmetic average of daily SOFR (us_sofr; ACT/360) over [ref_start, ref_end); final settlement: publication_of_last_day_rate"
sofr1m_fut,2025-02,SERG25 Comdty,monthly,2025-02-01,2025-03-01,2025-02-28,28,2025-02-28,2025-03-03,2024-08-01,False,False,2024-08-01,2025-02-28,,"100 - arithmetic average of daily SOFR (us_sofr; ACT/360) over [ref_start, ref_end); final settlement: publication_of_last_day_rate"
sofr1m_fut,2025-03,SERH25 Comdty,monthly,2025-03-01,2025-04-01,2025-03-31,31,2025-03-31,2025-04-01,2024-09-03,False,False,2024-09-03,2025-03-31,,"100 - arithmetic average of daily SOFR (us_sofr; ACT/360) over [ref_start, ref_end); final settlement: publication_of_last_day_rate"
sofr1m_fut,2025-04,SERJ25 Comdty,monthly,2025-04-01,2025-05-01,2025-04-30,30,2025-04-30,2025-05-01,2024-10-01,False,False,2024-10-01,2025-04-30,,"100 - arithmetic average of daily SOFR (us_sofr; ACT/360) over [ref_start, ref_end); final settlement: publication_of_last_day_rate"
sofr1m_fut,2025-05,SERK25 Comdty,monthly,2025-05-01,2025-06-01,2025-05-31,31,2025-05-30,2025-06-02,2024-11-01,False,False,2024-11-01,2025-05-30,,"100 - arithmetic average of daily SOFR (us_sofr; ACT/360) over [ref_start, ref_end); final settlement: publication_of_last_day_rate"
sofr1m_fut,2025-06,SERM25 Comdty,monthly,2025-06-01,2025-07-01,2025-06-30,30,2025-06-30,2025-07-01,2024-12-02,False,False,2024-12-02,2025-06-30,,"100 - arithmetic average of daily SOFR (us_sofr; ACT/360) over [ref_start, ref_end); final settlement: publication_of_last_day_rate"
sofr1m_fut,2025-07,SERN25 Comdty,monthly,2025-07-01,2025-08-01,2025-07-31,31,2025-07-31,2025-08-01,2025-01-02,False,False,2025-01-02,2025-07-31,,"100 - arithmetic average of daily SOFR (us_sofr; ACT/360) over [ref_start, ref_end); final settlement: publication_of_last_day_rate"
sofr1m_fut,2025-08,SERQ25 Comdty,monthly,2025-08-01,2025-09-01,2025-08-31,31,2025-08-29,2025-09-02,2025-02-03,False,False,2025-02-03,2025-08-29,,"100 - arithmetic average of daily SOFR (us_sofr; ACT/360) over [ref_start, ref_end); final settlement: publication_of_last_day_rate"
sofr1m_fut,2025-09,SERU25 Comdty,monthly,2025-09-01,2025-10-01,2025-09-30,30,2025-09-30,2025-10-01,2025-03-03,False,False,2025-03-03,2025-09-30,,"100 - arithmetic average of daily SOFR (us_sofr; ACT/360) over [ref_start, ref_end); final settlement: publication_of_last_day_rate"
sofr1m_fut,2025-10,SERV25 Comdty,monthly,2025-10-01,2025-11-01,2025-10-31,31,2025-10-31,2025-11-03,2025-04-01,False,False,2025-04-01,2025-10-31,,"100 - arithmetic average of daily SOFR (us_sofr; ACT/360) over [ref_start, ref_end); final settlement: publication_of_last_day_rate"
sofr1m_fut,2025-11,SERX25 Comdty,monthly,2025-11-01,2025-12-01,2025-11-30,30,2025-11-28,2025-12-01,2025-05-01,False,False,2025-05-01,2025-11-28,,"100 - arithmetic average of daily SOFR (us_sofr; ACT/360) over [ref_start, ref_end); final settlement: publication_of_last_day_rate"
sofr1m_fut,2025-12,SERZ25 Comdty,monthly,2025-12-01,2026-01-01,2025-12-31,31,2025-12-31,2026-01-02,2025-06-02,False,False,2025-06-02,2025-12-31,,"100 - arithmetic average of daily SOFR (us_sofr; ACT/360) over [ref_start, ref_end); final settlement: publication_of_last_day_rate"
sofr1m_fut,2026-01,SERF26 Comdty,monthly,2026-01-01,2026-02-01,2026-01-31,31,2026-01-30,2026-02-02,2025-07-01,False,False,2025-07-01,2026-01-30,,"100 - arithmetic average of daily SOFR (us_sofr; ACT/360) over [ref_start, ref_end); final settlement: publication_of_last_day_rate"
sofr1m_fut,2026-02,SERG26 Comdty,monthly,2026-02-01,2026-03-01,2026-02-28,28,2026-02-27,2026-03-02,2025-08-01,False,False,2025-08-01,2026-02-27,,"100 - arithmetic average of daily SOFR (us_sofr; ACT/360) over [ref_start, ref_end); final settlement: publication_of_last_day_rate"
sofr1m_fut,2026-03,SERH26 Comdty,monthly,2026-03-01,2026-04-01,2026-03-31,31,2026-03-31,2026-04-01,2025-09-02,False,False,2025-09-02,2026-03-31,,"100 - arithmetic average of daily SOFR (us_sofr; ACT/360) over [ref_start, ref_end); final settlement: publication_of_last_day_rate"
sofr1m_fut,2026-04,SERJ26 Comdty,monthly,2026-04-01,2026-05-01,2026-04-30,30,2026-04-30,2026-05-01,2025-10-01,False,False,2025-10-01,2026-04-30,,"100 - arithmetic average of daily SOFR (us_sofr; ACT/360) over [ref_start, ref_end); final settlement: publication_of_last_day_rate"
sofr1m_fut,2026-05,SERK26 Comdty,monthly,2026-05-01,2026-06-01,2026-05-31,31,2026-05-29,2026-06-01,2025-11-03,False,False,2025-11-03,2026-05-29,,"100 - arithmetic average of daily SOFR (us_sofr; ACT/360) over [ref_start, ref_end); final settlement: publication_of_last_day_rate"
sofr1m_fut,2026-06,SERM26 Comdty,monthly,2026-06-01,2026-07-01,2026-06-30,30,2026-06-30,2026-07-01,2025-12-01,False,False,2025-12-01,2026-06-30,,"100 - arithmetic average of daily SOFR (us_sofr; ACT/360) over [ref_start, ref_end); final settlement: publication_of_last_day_rate"
sofr1m_fut,2026-07,SERN26 Comdty,monthly,2026-07-01,2026-08-01,2026-07-31,31,2026-07-31,2026-08-03,2026-01-02,False,False,2026-01-02,2026-07-31,,"100 - arithmetic average of daily SOFR (us_sofr; ACT/360) over [ref_start, ref_end); final settlement: publication_of_last_day_rate"
sofr1m_fut,2026-08,SERQ26 Comdty,monthly,2026-08-01,2026-09-01,2026-08-31,31,2026-08-31,2026-09-01,2026-02-02,False,False,2026-02-02,2026-08-31,,"100 - arithmetic average of daily SOFR (us_sofr; ACT/360) over [ref_start, ref_end); final settlement: publication_of_last_day_rate"
sofr1m_fut,2026-09,SERU26 Comdty,monthly,2026-09-01,2026-10-01,2026-09-30,30,2026-09-30,2026-10-01,2026-03-02,False,False,2026-03-02,2026-09-30,,"100 - arithmetic average of daily SOFR (us_sofr; ACT/360) over [ref_start, ref_end); final settlement: publication_of_last_day_rate"
sofr1m_fut,2026-10,SERV26 Comdty,monthly,2026-10-01,2026-11-01,2026-10-31,31,2026-10-30,2026-11-02,2026-04-01,False,False,2026-04-01,2026-10-30,,"100 - arithmetic average of daily SOFR (us_sofr; ACT/360) over [ref_start, ref_end); final settlement: publication_of_last_day_rate"
sofr1m_fut,2026-11,SERX26 Comdty,monthly,2026-11-01,2026-12-01,2026-11-30,30,2026-11-30,2026-12-01,2026-05-01,False,False,2026-05-01,2026-11-30,,"100 - arithmetic average of daily SOFR (us_sofr; ACT/360) over [ref_start, ref_end); final settlement: publication_of_last_day_rate"
sofr1m_fut,2026-12,SERZ26 Comdty,monthly,2026-12-01,2027-01-01,2026-12-31,31,2026-12-31,2027-01-04,2026-06-01,False,False,2026-06-01,2026-12-31,,"100 - arithmetic average of daily SOFR (us_sofr; ACT/360) over [ref_start, ref_end); final settlement: publication_of_last_day_rate"
sofr1m_fut,2027-01,SERF27 Comdty,monthly,2027-01-01,2027-02-01,2027-01-31,31,2027-01-29,2027-02-01,2026-07-01,False,False,2026-07-01,2027-01-29,,"100 - arithmetic average of daily SOFR (us_sofr; ACT/360) over [ref_start, ref_end); final settlement: publication_of_last_day_rate"
sofr1m_fut,2027-02,SERG27 Comdty,monthly,2027-02-01,2027-03-01,2027-02-28,28,2027-02-26,2027-03-01,2026-08-03,False,False,2026-08-03,2027-02-26,,"100 - arithmetic average of daily SOFR (us_sofr; ACT/360) over [ref_start, ref_end); final settlement: publication_of_last_day_rate"
sofr1m_fut,2027-03,SERH27 Comdty,monthly,2027-03-01,2027-04-01,2027-03-31,31,2027-03-31,2027-04-01,2026-09-01,False,False,2026-09-01,2027-03-31,,"100 - arithmetic average of daily SOFR (us_sofr; ACT/360) over [ref_start, ref_end); final settlement: publication_of_last_day_rate"
sofr1m_fut,2027-04,SERJ27 Comdty,monthly,2027-04-01,2027-05-01,2027-04-30,30,2027-04-30,2027-05-03,2026-10-01,False,False,2026-10-01,2027-04-30,,"100 - arithmetic average of daily SOFR (us_sofr; ACT/360) over [ref_start, ref_end); final settlement: publication_of_last_day_rate"
sofr1m_fut,2027-05,SERK27 Comdty,monthly,2027-05-01,2027-06-01,2027-05-31,31,2027-05-28,2027-06-01,2026-11-02,False,False,2026-11-02,2027-05-28,,"100 - arithmetic average of daily SOFR (us_sofr; ACT/360) over [ref_start, ref_end); final settlement: publication_of_last_day_rate"
sofr1m_fut,2027-06,SERM27 Comdty,monthly,2027-06-01,2027-07-01,2027-06-30,30,2027-06-30,2027-07-01,2026-12-01,False,False,2026-12-01,2027-06-30,,"100 - arithmetic average of daily SOFR (us_sofr; ACT/360) over [ref_start, ref_end); final settlement: publication_of_last_day_rate"
sofr1m_fut,2027-07,SERN27 Comdty,monthly,2027-07-01,2027-08-01,2027-07-31,31,2027-07-30,2027-08-02,2027-01-04,False,False,2027-01-04,2027-07-30,,"100 - arithmetic average of daily SOFR (us_sofr; ACT/360) over [ref_start, ref_end); final settlement: publication_of_last_day_rate"
sofr1m_fut,2027-08,SERQ27 Comdty,monthly,2027-08-01,2027-09-01,2027-08-31,31,2027-08-31,2027-09-01,2027-02-01,False,False,2027-02-01,2027-08-31,,"100 - arithmetic average of daily SOFR (us_sofr; ACT/360) over [ref_start, ref_end); final settlement: publication_of_last_day_rate"
sofr1m_fut,2027-09,SERU27 Comdty,monthly,2027-09-01,2027-10-01,2027-09-30,30,2027-09-30,2027-10-01,2027-03-01,False,False,2027-03-01,2027-09-30,,"100 - arithmetic average of daily SOFR (us_sofr; ACT/360) over [ref_start, ref_end); final settlement: publication_of_last_day_rate"
sofr1m_fut,2027-10,SERV27 Comdty,monthly,2027-10-01,2027-11-01,2027-10-31,31,2027-10-29,2027-11-01,2027-04-01,False,False,2027-04-01,2027-10-29,,"100 - arithmetic average of daily SOFR (us_sofr; ACT/360) over [ref_start, ref_end); final settlement: publication_of_last_day_rate"
sofr1m_fut,2027-11,SERX27 Comdty,monthly,2027-11-01,2027-12-01,2027-11-30,30,2027-11-30,2027-12-01,2027-05-03,False,False,2027-05-03,2027-11-30,,"100 - arithmetic average of daily SOFR (us_sofr; ACT/360) over [ref_start, ref_end); final settlement: publication_of_last_day_rate"
sofr1m_fut,2027-12,SERZ27 Comdty,monthly,2027-12-01,2028-01-01,2027-12-31,31,2027-12-31,2028-01-03,2027-06-01,False,False,2027-06-01,2027-12-31,,"100 - arithmetic average of daily SOFR (us_sofr; ACT/360) over [ref_start, ref_end); final settlement: publication_of_last_day_rate"
sofr1m_fut,2028-01,SERF28 Comdty,monthly,2028-01-01,2028-02-01,2028-01-31,31,2028-01-31,2028-02-01,2027-07-01,False,False,2027-07-01,2028-01-31,,"100 - arithmetic average of daily SOFR (us_sofr; ACT/360) over [ref_start, ref_end); final settlement: publication_of_last_day_rate"
sofr1m_fut,2028-02,SERG28 Comdty,monthly,2028-02-01,2028-03-01,2028-02-29,29,2028-02-29,2028-03-01,2027-08-02,False,False,2027-08-02,2028-02-29,,"100 - arithmetic average of daily SOFR (us_sofr; ACT/360) over [ref_start, ref_end); final settlement: publication_of_last_day_rate"
sofr1m_fut,2028-03,SERH28 Comdty,monthly,2028-03-01,2028-04-01,2028-03-31,31,2028-03-31,2028-04-03,2027-09-01,False,False,2027-09-01,2028-03-31,,"100 - arithmetic average of daily SOFR (us_sofr; ACT/360) over [ref_start, ref_end); final settlement: publication_of_last_day_rate"
sofr1m_fut,2028-04,SERJ28 Comdty,monthly,2028-04-01,2028-05-01,2028-04-30,30,2028-04-28,2028-05-01,2027-10-01,False,False,2027-10-01,2028-04-28,,"100 - arithmetic average of daily SOFR (us_sofr; ACT/360) over [ref_start, ref_end); final settlement: publication_of_last_day_rate"
sofr1m_fut,2028-05,SERK28 Comdty,monthly,2028-05-01,2028-06-01,2028-05-31,31,2028-05-31,2028-06-01,2027-11-01,False,False,2027-11-01,2028-05-31,,"100 - arithmetic average of daily SOFR (us_sofr; ACT/360) over [ref_start, ref_end); final settlement: publication_of_last_day_rate"
sofr1m_fut,2028-06,SERM28 Comdty,monthly,2028-06-01,2028-07-01,2028-06-30,30,2028-06-30,2028-07-03,2027-12-01,False,False,2027-12-01,2028-06-30,,"100 - arithmetic average of daily SOFR (us_sofr; ACT/360) over [ref_start, ref_end); final settlement: publication_of_last_day_rate"
sofr3m_fut,2018-03,SFRH18 Comdty,quarterly,2018-03-21,2018-06-20,2018-06-19,91,2018-06-19,2018-06-20,2018-05-07,False,False,2018-05-07,2018-06-19,,"100 - daily compounded SOFR (us_sofr; ACT/360) over [ref_start, ref_end); final settlement: publication_of_last_day_rate"
sofr3m_fut,2018-06,SFRM18 Comdty,quarterly,2018-06-20,2018-09-19,2018-09-18,91,2018-09-18,2018-09-19,2018-05-07,False,False,2018-05-07,2018-09-18,,"100 - daily compounded SOFR (us_sofr; ACT/360) over [ref_start, ref_end); final settlement: publication_of_last_day_rate"
sofr3m_fut,2018-09,SFRU18 Comdty,quarterly,2018-09-19,2018-12-19,2018-12-18,91,2018-12-18,2018-12-19,2018-05-07,False,False,2018-05-07,2018-12-18,,"100 - daily compounded SOFR (us_sofr; ACT/360) over [ref_start, ref_end); final settlement: publication_of_last_day_rate"
sofr3m_fut,2018-12,SFRZ18 Comdty,quarterly,2018-12-19,2019-03-20,2019-03-19,91,2019-03-19,2019-03-20,2018-05-07,False,False,2018-05-07,2019-03-19,,"100 - daily compounded SOFR (us_sofr; ACT/360) over [ref_start, ref_end); final settlement: publication_of_last_day_rate"
sofr3m_fut,2019-03,SFRH19 Comdty,quarterly,2019-03-20,2019-06-19,2019-06-18,91,2019-06-18,2019-06-19,2018-05-07,False,False,2018-05-07,2019-06-18,,"100 - daily compounded SOFR (us_sofr; ACT/360) over [ref_start, ref_end); final settlement: publication_of_last_day_rate"
sofr3m_fut,2019-06,SFRM19 Comdty,quarterly,2019-06-19,2019-09-18,2019-09-17,91,2019-09-17,2019-09-18,2018-05-07,False,False,2018-05-07,2019-09-17,,"100 - daily compounded SOFR (us_sofr; ACT/360) over [ref_start, ref_end); final settlement: publication_of_last_day_rate"
sofr3m_fut,2019-09,SFRU19 Comdty,quarterly,2019-09-18,2019-12-18,2019-12-17,91,2019-12-17,2019-12-18,2018-05-07,False,False,2018-05-07,2019-12-17,,"100 - daily compounded SOFR (us_sofr; ACT/360) over [ref_start, ref_end); final settlement: publication_of_last_day_rate"
sofr3m_fut,2019-12,SFRZ19 Comdty,quarterly,2019-12-18,2020-03-18,2020-03-17,91,2020-03-17,2020-03-18,2018-05-07,False,False,2018-05-07,2020-03-17,,"100 - daily compounded SOFR (us_sofr; ACT/360) over [ref_start, ref_end); final settlement: publication_of_last_day_rate"
sofr3m_fut,2020-03,SFRH20 Comdty,quarterly,2020-03-18,2020-06-17,2020-06-16,91,2020-06-16,2020-06-17,2018-05-07,False,False,2018-05-07,2020-06-16,,"100 - daily compounded SOFR (us_sofr; ACT/360) over [ref_start, ref_end); final settlement: publication_of_last_day_rate"
sofr3m_fut,2020-06,SFRM20 Comdty,quarterly,2020-06-17,2020-09-16,2020-09-15,91,2020-09-15,2020-09-16,2018-05-07,False,False,2018-05-07,2020-09-15,,"100 - daily compounded SOFR (us_sofr; ACT/360) over [ref_start, ref_end); final settlement: publication_of_last_day_rate"
sofr3m_fut,2020-09,SFRU20 Comdty,quarterly,2020-09-16,2020-12-16,2020-12-15,91,2020-12-15,2020-12-16,2018-05-07,False,False,2018-05-07,2020-12-15,,"100 - daily compounded SOFR (us_sofr; ACT/360) over [ref_start, ref_end); final settlement: publication_of_last_day_rate"
sofr3m_fut,2020-12,SFRZ20 Comdty,quarterly,2020-12-16,2021-03-17,2021-03-16,91,2021-03-16,2021-03-17,2018-05-07,False,False,2018-05-07,2021-03-16,,"100 - daily compounded SOFR (us_sofr; ACT/360) over [ref_start, ref_end); final settlement: publication_of_last_day_rate"
sofr3m_fut,2021-03,SFRH21 Comdty,quarterly,2021-03-17,2021-06-16,2021-06-15,91,2021-06-15,2021-06-16,2018-05-07,False,False,2018-05-07,2021-06-15,,"100 - daily compounded SOFR (us_sofr; ACT/360) over [ref_start, ref_end); final settlement: publication_of_last_day_rate"
sofr3m_fut,2021-06,SFRM21 Comdty,quarterly,2021-06-16,2021-09-15,2021-09-14,91,2021-09-14,2021-09-15,2018-05-07,False,False,2018-05-07,2021-09-14,,"100 - daily compounded SOFR (us_sofr; ACT/360) over [ref_start, ref_end); final settlement: publication_of_last_day_rate"
sofr3m_fut,2021-09,SFRU21 Comdty,quarterly,2021-09-15,2021-12-15,2021-12-14,91,2021-12-14,2021-12-15,2018-05-07,False,False,2018-05-07,2021-12-14,,"100 - daily compounded SOFR (us_sofr; ACT/360) over [ref_start, ref_end); final settlement: publication_of_last_day_rate"
sofr3m_fut,2021-12,SFRZ21 Comdty,quarterly,2021-12-15,2022-03-16,2022-03-15,91,2022-03-15,2022-03-16,2018-05-07,False,False,2018-05-07,2022-03-15,,"100 - daily compounded SOFR (us_sofr; ACT/360) over [ref_start, ref_end); final settlement: publication_of_last_day_rate"
sofr3m_fut,2022-03,SFRH22 Comdty,quarterly,2022-03-16,2022-06-15,2022-06-14,91,2022-06-14,2022-06-15,2018-05-07,False,False,2018-05-07,2022-06-14,,"100 - daily compounded SOFR (us_sofr; ACT/360) over [ref_start, ref_end); final settlement: publication_of_last_day_rate"
sofr3m_fut,2022-06,SFRM22 Comdty,quarterly,2022-06-15,2022-09-21,2022-09-20,98,2022-09-20,2022-09-21,2018-05-07,False,False,2018-05-07,2022-09-20,,"100 - daily compounded SOFR (us_sofr; ACT/360) over [ref_start, ref_end); final settlement: publication_of_last_day_rate"
sofr3m_fut,2022-08,SFRQ22 Comdty,serial,2022-08-17,2022-11-16,2022-11-15,91,2022-11-15,2022-11-16,2022-07-25,False,True,2022-07-25,2022-11-15,,"100 - daily compounded SOFR (us_sofr; ACT/360) over [ref_start, ref_end); final settlement: publication_of_last_day_rate"
sofr3m_fut,2022-09,SFRU22 Comdty,quarterly,2022-09-21,2022-12-21,2022-12-20,91,2022-12-20,2022-12-21,2018-05-07,False,False,2018-05-07,2022-12-20,,"100 - daily compounded SOFR (us_sofr; ACT/360) over [ref_start, ref_end); final settlement: publication_of_last_day_rate"
sofr3m_fut,2022-10,SFRV22 Comdty,serial,2022-10-19,2023-01-18,2023-01-17,91,2023-01-17,2023-01-18,2022-07-25,False,True,2022-07-25,2023-01-17,,"100 - daily compounded SOFR (us_sofr; ACT/360) over [ref_start, ref_end); final settlement: publication_of_last_day_rate"
sofr3m_fut,2022-11,SFRX22 Comdty,serial,2022-11-16,2023-02-15,2023-02-14,91,2023-02-14,2023-02-15,2022-07-25,False,True,2022-07-25,2023-02-14,,"100 - daily compounded SOFR (us_sofr; ACT/360) over [ref_start, ref_end); final settlement: publication_of_last_day_rate"
sofr3m_fut,2022-12,SFRZ22 Comdty,quarterly,2022-12-21,2023-03-15,2023-03-14,84,2023-03-14,2023-03-15,2018-05-07,False,False,2018-05-07,2023-03-14,,"100 - daily compounded SOFR (us_sofr; ACT/360) over [ref_start, ref_end); final settlement: publication_of_last_day_rate"
sofr3m_fut,2023-01,SFRF23 Comdty,serial,2023-01-18,2023-04-19,2023-04-18,91,2023-04-18,2023-04-19,2022-07-25,False,True,2022-07-25,2023-04-18,,"100 - daily compounded SOFR (us_sofr; ACT/360) over [ref_start, ref_end); final settlement: publication_of_last_day_rate"
sofr3m_fut,2023-02,SFRG23 Comdty,serial,2023-02-15,2023-05-17,2023-05-16,91,2023-05-16,2023-05-17,2022-08-18,False,True,2022-08-18,2023-05-16,,"100 - daily compounded SOFR (us_sofr; ACT/360) over [ref_start, ref_end); final settlement: publication_of_last_day_rate"
sofr3m_fut,2023-03,SFRH23 Comdty,quarterly,2023-03-15,2023-06-21,2023-06-20,98,2023-06-20,2023-06-21,2018-06-20,False,False,2018-06-20,2023-06-20,,"100 - daily compounded SOFR (us_sofr; ACT/360) over [ref_start, ref_end); final settlement: publication_of_last_day_rate"
sofr3m_fut,2023-04,SFRJ23 Comdty,serial,2023-04-19,2023-07-19,2023-07-18,91,2023-07-18,2023-07-19,2022-10-20,False,True,2022-10-20,2023-07-18,,"100 - daily compounded SOFR (us_sofr; ACT/360) over [ref_start, ref_end); final settlement: publication_of_last_day_rate"
sofr3m_fut,2023-05,SFRK23 Comdty,serial,2023-05-17,2023-08-16,2023-08-15,91,2023-08-15,2023-08-16,2022-11-17,False,True,2022-11-17,2023-08-15,,"100 - daily compounded SOFR (us_sofr; ACT/360) over [ref_start, ref_end); final settlement: publication_of_last_day_rate"
sofr3m_fut,2023-06,SFRM23 Comdty,quarterly,2023-06-21,2023-09-20,2023-09-19,91,2023-09-19,2023-09-20,2018-09-19,False,False,2018-09-19,2023-09-19,,"100 - daily compounded SOFR (us_sofr; ACT/360) over [ref_start, ref_end); final settlement: publication_of_last_day_rate"
sofr3m_fut,2023-07,SFRN23 Comdty,serial,2023-07-19,2023-10-18,2023-10-17,91,2023-10-17,2023-10-18,2023-01-19,False,True,2023-01-19,2023-10-17,,"100 - daily compounded SOFR (us_sofr; ACT/360) over [ref_start, ref_end); final settlement: publication_of_last_day_rate"
sofr3m_fut,2023-08,SFRQ23 Comdty,serial,2023-08-16,2023-11-15,2023-11-14,91,2023-11-14,2023-11-15,2023-02-16,False,True,2023-02-16,2023-11-14,,"100 - daily compounded SOFR (us_sofr; ACT/360) over [ref_start, ref_end); final settlement: publication_of_last_day_rate"
sofr3m_fut,2023-09,SFRU23 Comdty,quarterly,2023-09-20,2023-12-20,2023-12-19,91,2023-12-19,2023-12-20,2018-12-19,False,False,2018-12-19,2023-12-19,,"100 - daily compounded SOFR (us_sofr; ACT/360) over [ref_start, ref_end); final settlement: publication_of_last_day_rate"
sofr3m_fut,2023-10,SFRV23 Comdty,serial,2023-10-18,2024-01-17,2024-01-16,91,2024-01-16,2024-01-17,2023-03-01,False,False,2023-03-01,2024-01-16,,"100 - daily compounded SOFR (us_sofr; ACT/360) over [ref_start, ref_end); final settlement: publication_of_last_day_rate"
sofr3m_fut,2023-11,SFRX23 Comdty,serial,2023-11-15,2024-02-21,2024-02-20,98,2024-02-20,2024-02-21,2023-03-01,False,False,2023-03-01,2024-02-20,,"100 - daily compounded SOFR (us_sofr; ACT/360) over [ref_start, ref_end); final settlement: publication_of_last_day_rate"
sofr3m_fut,2023-12,SFRZ23 Comdty,quarterly,2023-12-20,2024-03-20,2024-03-19,91,2024-03-19,2024-03-20,2019-03-20,False,False,2019-03-20,2024-03-19,,"100 - daily compounded SOFR (us_sofr; ACT/360) over [ref_start, ref_end); final settlement: publication_of_last_day_rate"
sofr3m_fut,2024-01,SFRF24 Comdty,serial,2024-01-17,2024-04-17,2024-04-16,91,2024-04-16,2024-04-17,2023-04-20,False,False,2023-04-20,2024-04-16,,"100 - daily compounded SOFR (us_sofr; ACT/360) over [ref_start, ref_end); final settlement: publication_of_last_day_rate"
sofr3m_fut,2024-02,SFRG24 Comdty,serial,2024-02-21,2024-05-15,2024-05-14,84,2024-05-14,2024-05-15,2023-05-18,False,True,2023-05-18,2024-05-14,,"100 - daily compounded SOFR (us_sofr; ACT/360) over [ref_start, ref_end); final settlement: publication_of_last_day_rate"
sofr3m_fut,2024-03,SFRH24 Comdty,quarterly,2024-03-20,2024-06-19,2024-06-18,91,2024-06-18,2024-06-20,2019-06-19,False,False,2019-06-19,2024-06-18,,"100 - daily compounded SOFR (us_sofr; ACT/360) over [ref_start, ref_end); final settlement: publication_of_last_day_rate"
sofr3m_fut,2024-04,SFRJ24 Comdty,serial,2024-04-17,2024-07-17,2024-07-16,91,2024-07-16,2024-07-17,2023-07-20,False,True,2023-07-20,2024-07-16,,"100 - daily compounded SOFR (us_sofr; ACT/360) over [ref_start, ref_end); final settlement: publication_of_last_day_rate"
sofr3m_fut,2024-05,SFRK24 Comdty,serial,2024-05-15,2024-08-21,2024-08-20,98,2024-08-20,2024-08-21,2023-08-17,False,True,2023-08-17,2024-08-20,,"100 - daily compounded SOFR (us_sofr; ACT/360) over [ref_start, ref_end); final settlement: publication_of_last_day_rate"
sofr3m_fut,2024-06,SFRM24 Comdty,quarterly,2024-06-19,2024-09-18,2024-09-17,91,2024-09-17,2024-09-18,2019-09-18,False,False,2019-09-18,2024-09-17,,"100 - daily compounded SOFR (us_sofr; ACT/360) over [ref_start, ref_end); final settlement: publication_of_last_day_rate"
sofr3m_fut,2024-07,SFRN24 Comdty,serial,2024-07-17,2024-10-16,2024-10-15,91,2024-10-15,2024-10-16,2023-10-19,False,True,2023-10-19,2024-10-15,,"100 - daily compounded SOFR (us_sofr; ACT/360) over [ref_start, ref_end); final settlement: publication_of_last_day_rate"
sofr3m_fut,2024-08,SFRQ24 Comdty,serial,2024-08-21,2024-11-20,2024-11-19,91,2024-11-19,2024-11-20,2023-11-16,False,True,2023-11-16,2024-11-19,,"100 - daily compounded SOFR (us_sofr; ACT/360) over [ref_start, ref_end); final settlement: publication_of_last_day_rate"
sofr3m_fut,2024-09,SFRU24 Comdty,quarterly,2024-09-18,2024-12-18,2024-12-17,91,2024-12-17,2024-12-18,2019-12-18,False,False,2019-12-18,2024-12-17,,"100 - daily compounded SOFR (us_sofr; ACT/360) over [ref_start, ref_end); final settlement: publication_of_last_day_rate"
sofr3m_fut,2024-10,SFRV24 Comdty,serial,2024-10-16,2025-01-15,2025-01-14,91,2025-01-14,2025-01-15,2024-01-18,False,True,2024-01-18,2025-01-14,,"100 - daily compounded SOFR (us_sofr; ACT/360) over [ref_start, ref_end); final settlement: publication_of_last_day_rate"
sofr3m_fut,2024-11,SFRX24 Comdty,serial,2024-11-20,2025-02-19,2025-02-18,91,2025-02-18,2025-02-19,2024-02-22,False,True,2024-02-22,2025-02-18,,"100 - daily compounded SOFR (us_sofr; ACT/360) over [ref_start, ref_end); final settlement: publication_of_last_day_rate"
sofr3m_fut,2024-12,SFRZ24 Comdty,quarterly,2024-12-18,2025-03-19,2025-03-18,91,2025-03-18,2025-03-19,2020-01-01,False,False,2020-01-01,2025-03-18,,"100 - daily compounded SOFR (us_sofr; ACT/360) over [ref_start, ref_end); final settlement: publication_of_last_day_rate"
sofr3m_fut,2025-01,SFRF25 Comdty,serial,2025-01-15,2025-04-16,2025-04-15,91,2025-04-15,2025-04-16,2024-04-18,False,True,2024-04-18,2025-04-15,,"100 - daily compounded SOFR (us_sofr; ACT/360) over [ref_start, ref_end); final settlement: publication_of_last_day_rate"
sofr3m_fut,2025-02,SFRG25 Comdty,serial,2025-02-19,2025-05-21,2025-05-20,91,2025-05-20,2025-05-21,2024-05-16,False,True,2024-05-16,2025-05-20,,"100 - daily compounded SOFR (us_sofr; ACT/360) over [ref_start, ref_end); final settlement: publication_of_last_day_rate"
sofr3m_fut,2025-03,SFRH25 Comdty,quarterly,2025-03-19,2025-06-18,2025-06-17,91,2025-06-17,2025-06-18,2020-01-01,False,False,2020-01-01,2025-06-17,,"100 - daily compounded SOFR (us_sofr; ACT/360) over [ref_start, ref_end); final settlement: publication_of_last_day_rate"
sofr3m_fut,2025-04,SFRJ25 Comdty,serial,2025-04-16,2025-07-16,2025-07-15,91,2025-07-15,2025-07-16,2024-07-18,False,True,2024-07-18,2025-07-15,,"100 - daily compounded SOFR (us_sofr; ACT/360) over [ref_start, ref_end); final settlement: publication_of_last_day_rate"
sofr3m_fut,2025-05,SFRK25 Comdty,serial,2025-05-21,2025-08-20,2025-08-19,91,2025-08-19,2025-08-20,2024-08-22,False,True,2024-08-22,2025-08-19,,"100 - daily compounded SOFR (us_sofr; ACT/360) over [ref_start, ref_end); final settlement: publication_of_last_day_rate"
sofr3m_fut,2025-06,SFRM25 Comdty,quarterly,2025-06-18,2025-09-17,2025-09-16,91,2025-09-16,2025-09-17,2020-01-01,False,False,2020-01-01,2025-09-16,,"100 - daily compounded SOFR (us_sofr; ACT/360) over [ref_start, ref_end); final settlement: publication_of_last_day_rate"
sofr3m_fut,2025-07,SFRN25 Comdty,serial,2025-07-16,2025-10-15,2025-10-14,91,2025-10-14,2025-10-15,2024-10-17,False,True,2024-10-17,2025-10-14,,"100 - daily compounded SOFR (us_sofr; ACT/360) over [ref_start, ref_end); final settlement: publication_of_last_day_rate"
sofr3m_fut,2025-08,SFRQ25 Comdty,serial,2025-08-20,2025-11-19,2025-11-18,91,2025-11-18,2025-11-19,2024-11-21,False,True,2024-11-21,2025-11-18,,"100 - daily compounded SOFR (us_sofr; ACT/360) over [ref_start, ref_end); final settlement: publication_of_last_day_rate"
sofr3m_fut,2025-09,SFRU25 Comdty,quarterly,2025-09-17,2025-12-17,2025-12-16,91,2025-12-16,2025-12-17,2020-01-01,False,False,2020-01-01,2025-12-16,,"100 - daily compounded SOFR (us_sofr; ACT/360) over [ref_start, ref_end); final settlement: publication_of_last_day_rate"
sofr3m_fut,2025-10,SFRV25 Comdty,serial,2025-10-15,2026-01-21,2026-01-20,98,2026-01-20,2026-01-21,2025-01-16,False,True,2025-01-16,2026-01-20,,"100 - daily compounded SOFR (us_sofr; ACT/360) over [ref_start, ref_end); final settlement: publication_of_last_day_rate"
sofr3m_fut,2025-11,SFRX25 Comdty,serial,2025-11-19,2026-02-18,2026-02-17,91,2026-02-17,2026-02-18,2025-02-20,False,True,2025-02-20,2026-02-17,,"100 - daily compounded SOFR (us_sofr; ACT/360) over [ref_start, ref_end); final settlement: publication_of_last_day_rate"
sofr3m_fut,2025-12,SFRZ25 Comdty,quarterly,2025-12-17,2026-03-18,2026-03-17,91,2026-03-17,2026-03-18,2020-01-01,False,False,2020-01-01,2026-03-17,,"100 - daily compounded SOFR (us_sofr; ACT/360) over [ref_start, ref_end); final settlement: publication_of_last_day_rate"
sofr3m_fut,2026-01,SFRF26 Comdty,serial,2026-01-21,2026-04-15,2026-04-14,84,2026-04-14,2026-04-15,2025-04-17,False,True,2025-04-17,2026-04-14,,"100 - daily compounded SOFR (us_sofr; ACT/360) over [ref_start, ref_end); final settlement: publication_of_last_day_rate"
sofr3m_fut,2026-02,SFRG26 Comdty,serial,2026-02-18,2026-05-20,2026-05-19,91,2026-05-19,2026-05-20,2025-05-22,False,True,2025-05-22,2026-05-19,,"100 - daily compounded SOFR (us_sofr; ACT/360) over [ref_start, ref_end); final settlement: publication_of_last_day_rate"
sofr3m_fut,2026-03,SFRH26 Comdty,quarterly,2026-03-18,2026-06-17,2026-06-16,91,2026-06-16,2026-06-17,2020-01-01,False,False,2020-01-01,2026-06-16,,"100 - daily compounded SOFR (us_sofr; ACT/360) over [ref_start, ref_end); final settlement: publication_of_last_day_rate"
sofr3m_fut,2026-04,SFRJ26 Comdty,serial,2026-04-15,2026-07-15,2026-07-14,91,2026-07-14,2026-07-15,2025-07-17,False,True,2025-07-17,2026-07-14,,"100 - daily compounded SOFR (us_sofr; ACT/360) over [ref_start, ref_end); final settlement: publication_of_last_day_rate"
sofr3m_fut,2026-05,SFRK26 Comdty,serial,2026-05-20,2026-08-19,2026-08-18,91,2026-08-18,2026-08-19,2025-08-21,False,True,2025-08-21,2026-08-18,,"100 - daily compounded SOFR (us_sofr; ACT/360) over [ref_start, ref_end); final settlement: publication_of_last_day_rate"
sofr3m_fut,2026-06,SFRM26 Comdty,quarterly,2026-06-17,2026-09-16,2026-09-15,91,2026-09-15,2026-09-16,2020-01-01,False,False,2020-01-01,2026-09-15,,"100 - daily compounded SOFR (us_sofr; ACT/360) over [ref_start, ref_end); final settlement: publication_of_last_day_rate"
sofr3m_fut,2026-07,SFRN26 Comdty,serial,2026-07-15,2026-10-21,2026-10-20,98,2026-10-20,2026-10-21,2025-10-16,False,True,2025-10-16,2026-10-20,,"100 - daily compounded SOFR (us_sofr; ACT/360) over [ref_start, ref_end); final settlement: publication_of_last_day_rate"
sofr3m_fut,2026-08,SFRQ26 Comdty,serial,2026-08-19,2026-11-18,2026-11-17,91,2026-11-17,2026-11-18,2025-11-20,False,True,2025-11-20,2026-11-17,,"100 - daily compounded SOFR (us_sofr; ACT/360) over [ref_start, ref_end); final settlement: publication_of_last_day_rate"
sofr3m_fut,2026-09,SFRU26 Comdty,quarterly,2026-09-16,2026-12-16,2026-12-15,91,2026-12-15,2026-12-16,2020-01-01,False,False,2020-01-01,2026-12-15,,"100 - daily compounded SOFR (us_sofr; ACT/360) over [ref_start, ref_end); final settlement: publication_of_last_day_rate"
sofr3m_fut,2026-10,SFRV26 Comdty,serial,2026-10-21,2027-01-20,2027-01-19,91,2027-01-19,2027-01-20,2026-01-22,False,True,2026-01-22,2027-01-19,,"100 - daily compounded SOFR (us_sofr; ACT/360) over [ref_start, ref_end); final settlement: publication_of_last_day_rate"
sofr3m_fut,2026-11,SFRX26 Comdty,serial,2026-11-18,2027-02-17,2027-02-16,91,2027-02-16,2027-02-17,2026-02-19,False,True,2026-02-19,2027-02-16,,"100 - daily compounded SOFR (us_sofr; ACT/360) over [ref_start, ref_end); final settlement: publication_of_last_day_rate"
sofr3m_fut,2026-12,SFRZ26 Comdty,quarterly,2026-12-16,2027-03-17,2027-03-16,91,2027-03-16,2027-03-17,2020-01-01,False,False,2020-01-01,2027-03-16,,"100 - daily compounded SOFR (us_sofr; ACT/360) over [ref_start, ref_end); final settlement: publication_of_last_day_rate"
sofr3m_fut,2027-01,SFRF27 Comdty,serial,2027-01-20,2027-04-21,2027-04-20,91,2027-04-20,2027-04-21,2026-04-16,False,True,2026-04-16,2027-04-20,,"100 - daily compounded SOFR (us_sofr; ACT/360) over [ref_start, ref_end); final settlement: publication_of_last_day_rate"
sofr3m_fut,2027-02,SFRG27 Comdty,serial,2027-02-17,2027-05-19,2027-05-18,91,2027-05-18,2027-05-19,2026-05-21,False,True,2026-05-21,2027-05-18,,"100 - daily compounded SOFR (us_sofr; ACT/360) over [ref_start, ref_end); final settlement: publication_of_last_day_rate"
sofr3m_fut,2027-03,SFRH27 Comdty,quarterly,2027-03-17,2027-06-16,2027-06-15,91,2027-06-15,2027-06-16,2020-01-01,False,False,2020-01-01,2027-06-15,,"100 - daily compounded SOFR (us_sofr; ACT/360) over [ref_start, ref_end); final settlement: publication_of_last_day_rate"
sofr3m_fut,2027-04,SFRJ27 Comdty,serial,2027-04-21,2027-07-21,2027-07-20,91,2027-07-20,2027-07-21,2026-07-16,False,True,2026-07-16,2027-07-20,,"100 - daily compounded SOFR (us_sofr; ACT/360) over [ref_start, ref_end); final settlement: publication_of_last_day_rate"
sofr3m_fut,2027-05,SFRK27 Comdty,serial,2027-05-19,2027-08-18,2027-08-17,91,2027-08-17,2027-08-18,2026-08-20,False,True,2026-08-20,2027-08-17,,"100 - daily compounded SOFR (us_sofr; ACT/360) over [ref_start, ref_end); final settlement: publication_of_last_day_rate"
sofr3m_fut,2027-06,SFRM27 Comdty,quarterly,2027-06-16,2027-09-15,2027-09-14,91,2027-09-14,2027-09-15,2020-01-01,False,False,2020-01-01,2027-09-14,,"100 - daily compounded SOFR (us_sofr; ACT/360) over [ref_start, ref_end); final settlement: publication_of_last_day_rate"
sofr3m_fut,2027-07,SFRN27 Comdty,serial,2027-07-21,2027-10-20,2027-10-19,91,2027-10-19,2027-10-20,2026-10-22,False,True,2026-10-22,2027-10-19,,"100 - daily compounded SOFR (us_sofr; ACT/360) over [ref_start, ref_end); final settlement: publication_of_last_day_rate"
sofr3m_fut,2027-08,SFRQ27 Comdty,serial,2027-08-18,2027-11-17,2027-11-16,91,2027-11-16,2027-11-17,2026-11-19,False,True,2026-11-19,2027-11-16,,"100 - daily compounded SOFR (us_sofr; ACT/360) over [ref_start, ref_end); final settlement: publication_of_last_day_rate"
sofr3m_fut,2027-09,SFRU27 Comdty,quarterly,2027-09-15,2027-12-15,2027-12-14,91,2027-12-14,2027-12-15,2020-01-01,False,False,2020-01-01,2027-12-14,,"100 - daily compounded SOFR (us_sofr; ACT/360) over [ref_start, ref_end); final settlement: publication_of_last_day_rate"
sofr3m_fut,2027-10,SFRV27 Comdty,serial,2027-10-20,2028-01-19,2028-01-18,91,2028-01-18,2028-01-19,2027-01-21,False,True,2027-01-21,2028-01-18,,"100 - daily compounded SOFR (us_sofr; ACT/360) over [ref_start, ref_end); final settlement: publication_of_last_day_rate"
sofr3m_fut,2027-11,SFRX27 Comdty,serial,2027-11-17,2028-02-16,2028-02-15,91,2028-02-15,2028-02-16,2027-02-18,False,True,2027-02-18,2028-02-15,,"100 - daily compounded SOFR (us_sofr; ACT/360) over [ref_start, ref_end); final settlement: publication_of_last_day_rate"
sofr3m_fut,2027-12,SFRZ27 Comdty,quarterly,2027-12-15,2028-03-15,2028-03-14,91,2028-03-14,2028-03-15,2020-01-01,False,False,2020-01-01,2028-03-14,,"100 - daily compounded SOFR (us_sofr; ACT/360) over [ref_start, ref_end); final settlement: publication_of_last_day_rate"
sofr3m_fut,2028-01,SFRF28 Comdty,serial,2028-01-19,2028-04-19,2028-04-18,91,2028-04-18,2028-04-19,2027-04-22,False,True,2027-04-22,2028-04-18,,"100 - daily compounded SOFR (us_sofr; ACT/360) over [ref_start, ref_end); final settlement: publication_of_last_day_rate"
sofr3m_fut,2028-02,SFRG28 Comdty,serial,2028-02-16,2028-05-17,2028-05-16,91,2028-05-16,2028-05-17,2027-05-20,False,True,2027-05-20,2028-05-16,,"100 - daily compounded SOFR (us_sofr; ACT/360) over [ref_start, ref_end); final settlement: publication_of_last_day_rate"
sofr3m_fut,2028-03,SFRH28 Comdty,quarterly,2028-03-15,2028-06-21,2028-06-20,98,2028-06-20,2028-06-21,2020-01-01,False,False,2020-01-01,2028-06-20,,"100 - daily compounded SOFR (us_sofr; ACT/360) over [ref_start, ref_end); final settlement: publication_of_last_day_rate"
sofr3m_fut,2028-04,SFRJ28 Comdty,serial,2028-04-19,2028-07-19,2028-07-18,91,2028-07-18,2028-07-19,2027-07-22,False,True,2027-07-22,2028-07-18,,"100 - daily compounded SOFR (us_sofr; ACT/360) over [ref_start, ref_end); final settlement: publication_of_last_day_rate"
sofr3m_fut,2028-05,SFRK28 Comdty,serial,2028-05-17,2028-08-16,2028-08-15,91,2028-08-15,2028-08-16,2027-08-19,False,True,2027-08-19,2028-08-15,,"100 - daily compounded SOFR (us_sofr; ACT/360) over [ref_start, ref_end); final settlement: publication_of_last_day_rate"
sofr3m_fut,2028-06,SFRM28 Comdty,quarterly,2028-06-21,2028-09-20,2028-09-19,91,2028-09-19,2028-09-20,2020-01-01,False,False,2020-01-01,2028-09-19,,"100 - daily compounded SOFR (us_sofr; ACT/360) over [ref_start, ref_end); final settlement: publication_of_last_day_rate"
sofr3m_fut,2028-07,SFRN28 Comdty,serial,2028-07-19,2028-10-18,2028-10-17,91,2028-10-17,2028-10-18,2027-10-21,False,True,2027-10-21,2028-10-17,,"100 - daily compounded SOFR (us_sofr; ACT/360) over [ref_start, ref_end); final settlement: publication_of_last_day_rate"
sofr3m_fut,2028-08,SFRQ28 Comdty,serial,2028-08-16,2028-11-15,2028-11-14,91,2028-11-14,2028-11-15,2027-11-18,False,True,2027-11-18,2028-11-14,,"100 - daily compounded SOFR (us_sofr; ACT/360) over [ref_start, ref_end); final settlement: publication_of_last_day_rate"
sofr3m_fut,2028-09,SFRU28 Comdty,quarterly,2028-09-20,2028-12-20,2028-12-19,91,2028-12-19,2028-12-20,2020-01-01,False,False,2020-01-01,2028-12-19,,"100 - daily compounded SOFR (us_sofr; ACT/360) over [ref_start, ref_end); final settlement: publication_of_last_day_rate"
sofr3m_fut,2028-12,SFRZ28 Comdty,quarterly,2028-12-20,2029-03-21,2029-03-20,91,2029-03-20,2029-03-21,2020-01-01,False,False,2020-01-01,2029-03-20,,"100 - daily compounded SOFR (us_sofr; ACT/360) over [ref_start, ref_end); final settlement: publication_of_last_day_rate"
sofr3m_fut,2029-03,SFRH29 Comdty,quarterly,2029-03-21,2029-06-20,2029-06-19,91,2029-06-18,2029-06-20,2020-01-01,False,False,2020-01-01,2029-06-18,,"100 - daily compounded SOFR (us_sofr; ACT/360) over [ref_start, ref_end); final settlement: publication_of_last_day_rate"
sofr3m_fut,2029-06,SFRM29 Comdty,quarterly,2029-06-20,2029-09-19,2029-09-18,91,2029-09-18,2029-09-19,2020-01-01,False,False,2020-01-01,2029-09-18,,"100 - daily compounded SOFR (us_sofr; ACT/360) over [ref_start, ref_end); final settlement: publication_of_last_day_rate"
sofr3m_fut,2029-09,SFRU29 Comdty,quarterly,2029-09-19,2029-12-19,2029-12-18,91,2029-12-18,2029-12-19,2020-03-18,False,False,2020-03-18,2029-12-18,,"100 - daily compounded SOFR (us_sofr; ACT/360) over [ref_start, ref_end); final settlement: publication_of_last_day_rate"
sofr3m_fut,2029-12,SFRZ29 Comdty,quarterly,2029-12-19,2030-03-20,2030-03-19,91,2030-03-19,2030-03-20,2020-06-17,False,False,2020-06-17,2030-03-19,,"100 - daily compounded SOFR (us_sofr; ACT/360) over [ref_start, ref_end); final settlement: publication_of_last_day_rate"
sofr3m_fut,2030-03,SFRH30 Comdty,quarterly,2030-03-20,2030-06-19,2030-06-18,91,2030-06-18,2030-06-20,2020-09-16,False,False,2020-09-16,2030-06-18,,"100 - daily compounded SOFR (us_sofr; ACT/360) over [ref_start, ref_end); final settlement: publication_of_last_day_rate"
sofr3m_fut,2030-06,SFRM30 Comdty,quarterly,2030-06-19,2030-09-18,2030-09-17,91,2030-09-17,2030-09-18,2020-12-16,False,False,2020-12-16,2030-09-17,,"100 - daily compounded SOFR (us_sofr; ACT/360) over [ref_start, ref_end); final settlement: publication_of_last_day_rate"
sofr3m_fut,2030-09,SFRU30 Comdty,quarterly,2030-09-18,2030-12-18,2030-12-17,91,2030-12-17,2030-12-18,2021-03-17,False,False,2021-03-17,2030-12-17,,"100 - daily compounded SOFR (us_sofr; ACT/360) over [ref_start, ref_end); final settlement: publication_of_last_day_rate"
sofr3m_fut,2030-12,SFRZ30 Comdty,quarterly,2030-12-18,2031-03-19,2031-03-18,91,2031-03-18,2031-03-19,2021-06-16,False,False,2021-06-16,2031-03-18,,"100 - daily compounded SOFR (us_sofr; ACT/360) over [ref_start, ref_end); final settlement: publication_of_last_day_rate"
sofr3m_fut,2031-03,SFRH31 Comdty,quarterly,2031-03-19,2031-06-18,2031-06-17,91,2031-06-17,2031-06-18,2021-09-15,False,False,2021-09-15,2031-06-17,,"100 - daily compounded SOFR (us_sofr; ACT/360) over [ref_start, ref_end); final settlement: publication_of_last_day_rate"
sofr3m_fut,2031-06,SFRM31 Comdty,quarterly,2031-06-18,2031-09-17,2031-09-16,91,2031-09-16,2031-09-17,2021-12-15,False,False,2021-12-15,2031-09-16,,"100 - daily compounded SOFR (us_sofr; ACT/360) over [ref_start, ref_end); final settlement: publication_of_last_day_rate"
sofr3m_fut,2031-09,SFRU31 Comdty,quarterly,2031-09-17,2031-12-17,2031-12-16,91,2031-12-16,2031-12-17,2022-03-16,False,False,2022-03-16,2031-12-16,,"100 - daily compounded SOFR (us_sofr; ACT/360) over [ref_start, ref_end); final settlement: publication_of_last_day_rate"
sofr3m_fut,2031-12,SFRZ31 Comdty,quarterly,2031-12-17,2032-03-17,2032-03-16,91,2032-03-16,2032-03-17,2022-06-15,False,False,2022-06-15,2032-03-16,,"100 - daily compounded SOFR (us_sofr; ACT/360) over [ref_start, ref_end); final settlement: publication_of_last_day_rate"
sofr3m_fut,2032-03,SFRH32 Comdty,quarterly,2032-03-17,2032-06-16,2032-06-15,91,2032-06-15,2032-06-16,2022-07-25,False,True,2022-07-25,2032-06-15,,"100 - daily compounded SOFR (us_sofr; ACT/360) over [ref_start, ref_end); final settlement: publication_of_last_day_rate"
sofr3m_fut,2032-06,SFRM32 Comdty,quarterly,2032-06-16,2032-09-15,2032-09-14,91,2032-09-14,2032-09-15,2022-07-25,False,True,2022-07-25,2032-09-14,,"100 - daily compounded SOFR (us_sofr; ACT/360) over [ref_start, ref_end); final settlement: publication_of_last_day_rate"
sofr3m_fut,2032-09,SFRU32 Comdty,quarterly,2032-09-15,2032-12-15,2032-12-14,91,2032-12-14,2032-12-15,2022-09-21,False,True,2022-09-21,2032-12-14,,"100 - daily compounded SOFR (us_sofr; ACT/360) over [ref_start, ref_end); final settlement: publication_of_last_day_rate"
sofr3m_fut,2032-12,SFRZ32 Comdty,quarterly,2032-12-15,2033-03-16,2033-03-15,91,2033-03-15,2033-03-16,2022-12-21,False,True,2022-12-21,2033-03-15,,"100 - daily compounded SOFR (us_sofr; ACT/360) over [ref_start, ref_end); final settlement: publication_of_last_day_rate"
sofr3m_fut,2033-03,SFRH33 Comdty,quarterly,2033-03-16,2033-06-15,2033-06-14,91,2033-06-14,2033-06-15,2023-03-15,False,False,2023-03-15,2033-06-14,,"100 - daily compounded SOFR (us_sofr; ACT/360) over [ref_start, ref_end); final settlement: publication_of_last_day_rate"
sofr3m_fut,2033-06,SFRM33 Comdty,quarterly,2033-06-15,2033-09-21,2033-09-20,98,2033-09-20,2033-09-21,2023-12-20,False,True,2023-12-20,2033-09-20,,"100 - daily compounded SOFR (us_sofr; ACT/360) over [ref_start, ref_end); final settlement: publication_of_last_day_rate"
sofr3m_fut,2033-09,SFRU33 Comdty,quarterly,2033-09-21,2033-12-21,2033-12-20,91,2033-12-20,2033-12-21,2024-03-20,False,True,2024-03-20,2033-12-20,,"100 - daily compounded SOFR (us_sofr; ACT/360) over [ref_start, ref_end); final settlement: publication_of_last_day_rate"
sofr3m_fut,2033-12,SFRZ33 Comdty,quarterly,2033-12-21,2034-03-15,2034-03-14,84,2034-03-14,2034-03-15,2024-06-20,False,True,2024-06-20,2034-03-14,,"100 - daily compounded SOFR (us_sofr; ACT/360) over [ref_start, ref_end); final settlement: publication_of_last_day_rate"
sofr3m_fut,2034-03,SFRH34 Comdty,quarterly,2034-03-15,2034-06-21,2034-06-20,98,2034-06-20,2034-06-21,2024-09-18,False,True,2024-09-18,2034-06-20,,"100 - daily compounded SOFR (us_sofr; ACT/360) over [ref_start, ref_end); final settlement: publication_of_last_day_rate"
sofr3m_fut,2034-06,SFRM34 Comdty,quarterly,2034-06-21,2034-09-20,2034-09-19,91,2034-09-19,2034-09-20,2024-12-18,False,True,2024-12-18,2034-09-19,,"100 - daily compounded SOFR (us_sofr; ACT/360) over [ref_start, ref_end); final settlement: publication_of_last_day_rate"
sofr3m_fut,2034-09,SFRU34 Comdty,quarterly,2034-09-20,2034-12-20,2034-12-19,91,2034-12-19,2034-12-20,2025-03-19,False,True,2025-03-19,2034-12-19,,"100 - daily compounded SOFR (us_sofr; ACT/360) over [ref_start, ref_end); final settlement: publication_of_last_day_rate"
sofr3m_fut,2034-12,SFRZ34 Comdty,quarterly,2034-12-20,2035-03-21,2035-03-20,91,2035-03-20,2035-03-21,2025-06-18,False,True,2025-06-18,2035-03-20,,"100 - daily compounded SOFR (us_sofr; ACT/360) over [ref_start, ref_end); final settlement: publication_of_last_day_rate"
sofr3m_fut,2035-03,SFRH35 Comdty,quarterly,2035-03-21,2035-06-20,2035-06-19,91,2035-06-18,2035-06-20,2025-09-17,False,True,2025-09-17,2035-06-18,,"100 - daily compounded SOFR (us_sofr; ACT/360) over [ref_start, ref_end); final settlement: publication_of_last_day_rate"
sofr3m_fut,2035-06,SFRM35 Comdty,quarterly,2035-06-20,2035-09-19,2035-09-18,91,2035-09-18,2035-09-19,2025-12-17,False,True,2025-12-17,2035-09-18,,"100 - daily compounded SOFR (us_sofr; ACT/360) over [ref_start, ref_end); final settlement: publication_of_last_day_rate"
sofr3m_fut,2035-09,SFRU35 Comdty,quarterly,2035-09-19,2035-12-19,2035-12-18,91,2035-12-18,2035-12-19,2026-03-18,False,True,2026-03-18,2035-12-18,,"100 - daily compounded SOFR (us_sofr; ACT/360) over [ref_start, ref_end); final settlement: publication_of_last_day_rate"
sofr3m_fut,2035-12,SFRZ35 Comdty,quarterly,2035-12-19,2036-03-19,2036-03-18,91,2036-03-18,2036-03-19,2026-06-17,False,True,2026-06-17,2036-03-18,,"100 - daily compounded SOFR (us_sofr; ACT/360) over [ref_start, ref_end); final settlement: publication_of_last_day_rate"
sofr3m_fut,2036-03,SFRH36 Comdty,quarterly,2036-03-19,2036-06-18,2036-06-17,91,2036-06-17,2036-06-18,2026-09-16,False,True,2026-09-16,2036-06-17,,"100 - daily compounded SOFR (us_sofr; ACT/360) over [ref_start, ref_end); final settlement: publication_of_last_day_rate"
sofr3m_fut,2036-06,SFRM36 Comdty,quarterly,2036-06-18,2036-09-17,2036-09-16,91,2036-09-16,2036-09-17,2026-12-16,False,True,2026-12-16,2036-09-16,,"100 - daily compounded SOFR (us_sofr; ACT/360) over [ref_start, ref_end); final settlement: publication_of_last_day_rate"
sofr3m_fut,2036-09,SFRU36 Comdty,quarterly,2036-09-17,2036-12-17,2036-12-16,91,2036-12-16,2036-12-17,2027-03-17,False,True,2027-03-17,2036-12-16,,"100 - daily compounded SOFR (us_sofr; ACT/360) over [ref_start, ref_end); final settlement: publication_of_last_day_rate"
sofr3m_fut,2036-12,SFRZ36 Comdty,quarterly,2036-12-17,2037-03-18,2037-03-17,91,2037-03-17,2037-03-18,2027-06-16,False,True,2027-06-16,2037-03-17,,"100 - daily compounded SOFR (us_sofr; ACT/360) over [ref_start, ref_end); final settlement: publication_of_last_day_rate"
sofr3m_fut,2037-03,SFRH37 Comdty,quarterly,2037-03-18,2037-06-17,2037-06-16,91,2037-06-16,2037-06-17,2027-09-15,False,True,2027-09-15,2037-06-16,,"100 - daily compounded SOFR (us_sofr; ACT/360) over [ref_start, ref_end); final settlement: publication_of_last_day_rate"
sofr3m_fut,2037-06,SFRM37 Comdty,quarterly,2037-06-17,2037-09-16,2037-09-15,91,2037-09-15,2037-09-16,2027-12-15,False,True,2027-12-15,2037-09-15,,"100 - daily compounded SOFR (us_sofr; ACT/360) over [ref_start, ref_end); final settlement: publication_of_last_day_rate"
ed_fut,2010-01,EDF10 Comdty,serial,2010-01-20,2010-04-20,2010-04-19,90,2010-01-18,2010-01-18,2010-01-01,True,False,2010-01-01,2010-01-18,,"100 - fixing of USDLIBOR3M (uk; ACT/360) over [ref_start, ref_end); final settlement: last_trade_day"
ed_fut,2010-02,EDG10 Comdty,serial,2010-02-17,2010-05-17,2010-05-16,89,2010-02-15,2010-02-15,2010-01-01,True,False,2010-01-01,2010-02-15,,"100 - fixing of USDLIBOR3M (uk; ACT/360) over [ref_start, ref_end); final settlement: last_trade_day"
ed_fut,2010-03,EDH10 Comdty,quarterly,2010-03-17,2010-06-17,2010-06-16,92,2010-03-15,2010-03-15,2010-01-01,True,False,2010-01-01,2010-03-15,,"100 - fixing of USDLIBOR3M (uk; ACT/360) over [ref_start, ref_end); final settlement: last_trade_day"
ed_fut,2010-04,EDJ10 Comdty,serial,2010-04-21,2010-07-21,2010-07-20,91,2010-04-19,2010-04-19,2010-01-01,True,False,2010-01-01,2010-04-19,,"100 - fixing of USDLIBOR3M (uk; ACT/360) over [ref_start, ref_end); final settlement: last_trade_day"
ed_fut,2010-05,EDK10 Comdty,serial,2010-05-19,2010-08-19,2010-08-18,92,2010-05-17,2010-05-17,2010-01-01,True,False,2010-01-01,2010-05-17,,"100 - fixing of USDLIBOR3M (uk; ACT/360) over [ref_start, ref_end); final settlement: last_trade_day"
ed_fut,2010-06,EDM10 Comdty,quarterly,2010-06-16,2010-09-16,2010-09-15,92,2010-06-14,2010-06-14,2010-01-01,True,False,2010-01-01,2010-06-14,,"100 - fixing of USDLIBOR3M (uk; ACT/360) over [ref_start, ref_end); final settlement: last_trade_day"
ed_fut,2010-07,EDN10 Comdty,serial,2010-07-21,2010-10-21,2010-10-20,92,2010-07-19,2010-07-19,2010-01-19,False,False,2010-01-19,2010-07-19,,"100 - fixing of USDLIBOR3M (uk; ACT/360) over [ref_start, ref_end); final settlement: last_trade_day"
ed_fut,2010-08,EDQ10 Comdty,serial,2010-08-18,2010-11-18,2010-11-17,92,2010-08-16,2010-08-16,2010-02-16,False,False,2010-02-16,2010-08-16,,"100 - fixing of USDLIBOR3M (uk; ACT/360) over [ref_start, ref_end); final settlement: last_trade_day"
ed_fut,2010-09,EDU10 Comdty,quarterly,2010-09-15,2010-12-15,2010-12-14,91,2010-09-13,2010-09-13,2010-01-01,True,False,2010-01-01,2010-09-13,,"100 - fixing of USDLIBOR3M (uk; ACT/360) over [ref_start, ref_end); final settlement: last_trade_day"
ed_fut,2010-10,EDV10 Comdty,serial,2010-10-20,2011-01-20,2011-01-19,92,2010-10-18,2010-10-18,2010-04-20,False,False,2010-04-20,2010-10-18,,"100 - fixing of USDLIBOR3M (uk; ACT/360) over [ref_start, ref_end); final settlement: last_trade_day"
ed_fut,2010-11,EDX10 Comdty,serial,2010-11-17,2011-02-17,2011-02-16,92,2010-11-15,2010-11-15,2010-05-18,False,False,2010-05-18,2010-11-15,,"100 - fixing of USDLIBOR3M (uk; ACT/360) over [ref_start, ref_end); final settlement: last_trade_day"
ed_fut,2010-12,EDZ10 Comdty,quarterly,2010-12-15,2011-03-15,2011-03-14,90,2010-12-13,2010-12-13,2010-01-01,True,False,2010-01-01,2010-12-13,,"100 - fixing of USDLIBOR3M (uk; ACT/360) over [ref_start, ref_end); final settlement: last_trade_day"
ed_fut,2011-01,EDF11 Comdty,serial,2011-01-19,2011-04-19,2011-04-18,90,2011-01-17,2011-01-17,2010-07-20,False,False,2010-07-20,2011-01-17,,"100 - fixing of USDLIBOR3M (uk; ACT/360) over [ref_start, ref_end); final settlement: last_trade_day"
ed_fut,2011-02,EDG11 Comdty,serial,2011-02-16,2011-05-16,2011-05-15,89,2011-02-14,2011-02-14,2010-08-17,False,False,2010-08-17,2011-02-14,,"100 - fixing of USDLIBOR3M (uk; ACT/360) over [ref_start, ref_end); final settlement: last_trade_day"
ed_fut,2011-03,EDH11 Comdty,quarterly,2011-03-16,2011-06-16,2011-06-15,92,2011-03-14,2011-03-14,2010-01-01,True,False,2010-01-01,2011-03-14,,"100 - fixing of USDLIBOR3M (uk; ACT/360) over [ref_start, ref_end); final settlement: last_trade_day"
ed_fut,2011-04,EDJ11 Comdty,serial,2011-04-20,2011-07-20,2011-07-19,91,2011-04-18,2011-04-18,2010-10-19,False,False,2010-10-19,2011-04-18,,"100 - fixing of USDLIBOR3M (uk; ACT/360) over [ref_start, ref_end); final settlement: last_trade_day"
ed_fut,2011-05,EDK11 Comdty,serial,2011-05-18,2011-08-18,2011-08-17,92,2011-05-16,2011-05-16,2010-11-16,False,False,2010-11-16,2011-05-16,,"100 - fixing of USDLIBOR3M (uk; ACT/360) over [ref_start, ref_end); final settlement: last_trade_day"
ed_fut,2011-06,EDM11 Comdty,quarterly,2011-06-15,2011-09-15,2011-09-14,92,2011-06-13,2011-06-13,2010-01-01,True,False,2010-01-01,2011-06-13,,"100 - fixing of USDLIBOR3M (uk; ACT/360) over [ref_start, ref_end); final settlement: last_trade_day"
ed_fut,2011-07,EDN11 Comdty,serial,2011-07-20,2011-10-20,2011-10-19,92,2011-07-18,2011-07-18,2011-01-18,False,False,2011-01-18,2011-07-18,,"100 - fixing of USDLIBOR3M (uk; ACT/360) over [ref_start, ref_end); final settlement: last_trade_day"
ed_fut,2011-08,EDQ11 Comdty,serial,2011-08-17,2011-11-17,2011-11-16,92,2011-08-15,2011-08-15,2011-02-15,False,False,2011-02-15,2011-08-15,,"100 - fixing of USDLIBOR3M (uk; ACT/360) over [ref_start, ref_end); final settlement: last_trade_day"
ed_fut,2011-09,EDU11 Comdty,quarterly,2011-09-21,2011-12-21,2011-12-20,91,2011-09-19,2011-09-19,2010-01-01,True,False,2010-01-01,2011-09-19,,"100 - fixing of USDLIBOR3M (uk; ACT/360) over [ref_start, ref_end); final settlement: last_trade_day"
ed_fut,2011-10,EDV11 Comdty,serial,2011-10-19,2012-01-19,2012-01-18,92,2011-10-17,2011-10-17,2011-04-19,False,False,2011-04-19,2011-10-17,,"100 - fixing of USDLIBOR3M (uk; ACT/360) over [ref_start, ref_end); final settlement: last_trade_day"
ed_fut,2011-11,EDX11 Comdty,serial,2011-11-16,2012-02-16,2012-02-15,92,2011-11-14,2011-11-14,2011-05-17,False,False,2011-05-17,2011-11-14,,"100 - fixing of USDLIBOR3M (uk; ACT/360) over [ref_start, ref_end); final settlement: last_trade_day"
ed_fut,2011-12,EDZ11 Comdty,quarterly,2011-12-21,2012-03-21,2012-03-20,91,2011-12-19,2011-12-19,2010-01-01,True,False,2010-01-01,2011-12-19,,"100 - fixing of USDLIBOR3M (uk; ACT/360) over [ref_start, ref_end); final settlement: last_trade_day"
ed_fut,2012-01,EDF12 Comdty,serial,2012-01-18,2012-04-18,2012-04-17,91,2012-01-16,2012-01-16,2011-07-19,False,False,2011-07-19,2012-01-16,,"100 - fixing of USDLIBOR3M (uk; ACT/360) over [ref_start, ref_end); final settlement: last_trade_day"
ed_fut,2012-02,EDG12 Comdty,serial,2012-02-15,2012-05-15,2012-05-14,90,2012-02-13,2012-02-13,2011-08-16,False,False,2011-08-16,2012-02-13,,"100 - fixing of USDLIBOR3M (uk; ACT/360) over [ref_start, ref_end); final settlement: last_trade_day"
ed_fut,2012-03,EDH12 Comdty,quarterly,2012-03-21,2012-06-21,2012-06-20,92,2012-03-19,2012-03-19,2010-01-01,True,False,2010-01-01,2012-03-19,,"100 - fixing of USDLIBOR3M (uk; ACT/360) over [ref_start, ref_end); final settlement: last_trade_day"
ed_fut,2012-04,EDJ12 Comdty,serial,2012-04-18,2012-07-18,2012-07-17,91,2012-04-16,2012-04-16,2011-10-18,False,False,2011-10-18,2012-04-16,,"100 - fixing of USDLIBOR3M (uk; ACT/360) over [ref_start, ref_end); final settlement: last_trade_day"
ed_fut,2012-05,EDK12 Comdty,serial,2012-05-16,2012-08-16,2012-08-15,92,2012-05-14,2012-05-14,2011-11-15,False,False,2011-11-15,2012-05-14,,"100 - fixing of USDLIBOR3M (uk; ACT/360) over [ref_start, ref_end); final settlement: last_trade_day"
ed_fut,2012-06,EDM12 Comdty,quarterly,2012-06-20,2012-09-20,2012-09-19,92,2012-06-18,2012-06-18,2010-01-01,True,False,2010-01-01,2012-06-18,,"100 - fixing of USDLIBOR3M (uk; ACT/360) over [ref_start, ref_end); final settlement: last_trade_day"
ed_fut,2012-07,EDN12 Comdty,serial,2012-07-18,2012-10-18,2012-10-17,92,2012-07-16,2012-07-16,2012-01-17,False,False,2012-01-17,2012-07-16,,"100 - fixing of USDLIBOR3M (uk; ACT/360) over [ref_start, ref_end); final settlement: last_trade_day"
ed_fut,2012-08,EDQ12 Comdty,serial,2012-08-15,2012-11-15,2012-11-14,92,2012-08-13,2012-08-13,2012-02-14,False,False,2012-02-14,2012-08-13,,"100 - fixing of USDLIBOR3M (uk; ACT/360) over [ref_start, ref_end); final settlement: last_trade_day"
ed_fut,2012-09,EDU12 Comdty,quarterly,2012-09-19,2012-12-19,2012-12-18,91,2012-09-17,2012-09-17,2010-01-01,True,False,2010-01-01,2012-09-17,,"100 - fixing of USDLIBOR3M (uk; ACT/360) over [ref_start, ref_end); final settlement: last_trade_day"
ed_fut,2012-10,EDV12 Comdty,serial,2012-10-17,2013-01-17,2013-01-16,92,2012-10-15,2012-10-15,2012-04-17,False,False,2012-04-17,2012-10-15,,"100 - fixing of USDLIBOR3M (uk; ACT/360) over [ref_start, ref_end); final settlement: last_trade_day"
ed_fut,2012-11,EDX12 Comdty,serial,2012-11-21,2013-02-21,2013-02-20,92,2012-11-19,2012-11-19,2012-05-15,False,False,2012-05-15,2012-11-19,,"100 - fixing of USDLIBOR3M (uk; ACT/360) over [ref_start, ref_end); final settlement: last_trade_day"
ed_fut,2012-12,EDZ12 Comdty,quarterly,2012-12-19,2013-03-19,2013-03-18,90,2012-12-17,2012-12-17,2010-01-01,True,False,2010-01-01,2012-12-17,,"100 - fixing of USDLIBOR3M (uk; ACT/360) over [ref_start, ref_end); final settlement: last_trade_day"
ed_fut,2013-01,EDF13 Comdty,serial,2013-01-16,2013-04-16,2013-04-15,90,2013-01-14,2013-01-14,2012-07-17,False,False,2012-07-17,2013-01-14,,"100 - fixing of USDLIBOR3M (uk; ACT/360) over [ref_start, ref_end); final settlement: last_trade_day"
ed_fut,2013-02,EDG13 Comdty,serial,2013-02-20,2013-05-20,2013-05-19,89,2013-02-18,2013-02-18,2012-08-14,False,False,2012-08-14,2013-02-18,,"100 - fixing of USDLIBOR3M (uk; ACT/360) over [ref_start, ref_end); final settlement: last_trade_day"
ed_fut,2013-03,EDH13 Comdty,quarterly,2013-03-20,2013-06-20,2013-06-19,92,2013-03-18,2013-03-18,2010-01-01,True,False,2010-01-01,2013-03-18,,"100 - fixing of USDLIBOR3M (uk; ACT/360) over [ref_start, ref_end); final settlement: last_trade_day"
ed_fut,2013-04,EDJ13 Comdty,serial,2013-04-17,2013-07-17,2013-07-16,91,2013-04-15,2013-04-15,2012-10-16,False,False,2012-10-16,2013-04-15,,"100 - fixing of USDLIBOR3M (uk; ACT/360) over [ref_start, ref_end); final settlement: last_trade_day"
ed_fut,2013-05,EDK13 Comdty,serial,2013-05-15,2013-08-15,2013-08-14,92,2013-05-13,2013-05-13,2012-11-20,False,False,2012-11-20,2013-05-13,,"100 - fixing of USDLIBOR3M (uk; ACT/360) over [ref_start, ref_end); final settlement: last_trade_day"
ed_fut,2013-06,EDM13 Comdty,quarterly,2013-06-19,2013-09-19,2013-09-18,92,2013-06-17,2013-06-17,2010-01-01,True,False,2010-01-01,2013-06-17,,"100 - fixing of USDLIBOR3M (uk; ACT/360) over [ref_start, ref_end); final settlement: last_trade_day"
ed_fut,2013-07,EDN13 Comdty,serial,2013-07-17,2013-10-17,2013-10-16,92,2013-07-15,2013-07-15,2013-01-15,False,False,2013-01-15,2013-07-15,,"100 - fixing of USDLIBOR3M (uk; ACT/360) over [ref_start, ref_end); final settlement: last_trade_day"
ed_fut,2013-08,EDQ13 Comdty,serial,2013-08-21,2013-11-21,2013-11-20,92,2013-08-19,2013-08-19,2013-02-19,False,False,2013-02-19,2013-08-19,,"100 - fixing of USDLIBOR3M (uk; ACT/360) over [ref_start, ref_end); final settlement: last_trade_day"
ed_fut,2013-09,EDU13 Comdty,quarterly,2013-09-18,2013-12-18,2013-12-17,91,2013-09-16,2013-09-16,2010-01-01,True,False,2010-01-01,2013-09-16,,"100 - fixing of USDLIBOR3M (uk; ACT/360) over [ref_start, ref_end); final settlement: last_trade_day"
ed_fut,2013-10,EDV13 Comdty,serial,2013-10-16,2014-01-16,2014-01-15,92,2013-10-14,2013-10-14,2013-04-16,False,False,2013-04-16,2013-10-14,,"100 - fixing of USDLIBOR3M (uk; ACT/360) over [ref_start, ref_end); final settlement: last_trade_day"
ed_fut,2013-11,EDX13 Comdty,serial,2013-11-20,2014-02-20,2014-02-19,92,2013-11-18,2013-11-18,2013-05-14,False,False,2013-05-14,2013-11-18,,"100 - fixing of USDLIBOR3M (uk; ACT/360) over [ref_start, ref_end); final settlement: last_trade_day"
ed_fut,2013-12,EDZ13 Comdty,quarterly,2013-12-18,2014-03-18,2014-03-17,90,2013-12-16,2013-12-16,2010-01-01,True,False,2010-01-01,2013-12-16,,"100 - fixing of USDLIBOR3M (uk; ACT/360) over [ref_start, ref_end); final settlement: last_trade_day"
ed_fut,2014-01,EDF14 Comdty,serial,2014-01-15,2014-04-15,2014-04-14,90,2014-01-13,2014-01-13,2013-07-16,False,False,2013-07-16,2014-01-13,,"100 - fixing of USDLIBOR3M (uk; ACT/360) over [ref_start, ref_end); final settlement: last_trade_day"
ed_fut,2014-02,EDG14 Comdty,serial,2014-02-19,2014-05-19,2014-05-18,89,2014-02-17,2014-02-17,2013-08-20,False,False,2013-08-20,2014-02-17,,"100 - fixing of USDLIBOR3M (uk; ACT/360) over [ref_start, ref_end); final settlement: last_trade_day"
ed_fut,2014-03,EDH14 Comdty,quarterly,2014-03-19,2014-06-19,2014-06-18,92,2014-03-17,2014-03-17,2010-01-01,True,False,2010-01-01,2014-03-17,,"100 - fixing of USDLIBOR3M (uk; ACT/360) over [ref_start, ref_end); final settlement: last_trade_day"
ed_fut,2014-04,EDJ14 Comdty,serial,2014-04-16,2014-07-16,2014-07-15,91,2014-04-14,2014-04-14,2013-10-15,False,False,2013-10-15,2014-04-14,,"100 - fixing of USDLIBOR3M (uk; ACT/360) over [ref_start, ref_end); final settlement: last_trade_day"
ed_fut,2014-05,EDK14 Comdty,serial,2014-05-21,2014-08-21,2014-08-20,92,2014-05-19,2014-05-19,2013-11-19,False,False,2013-11-19,2014-05-19,,"100 - fixing of USDLIBOR3M (uk; ACT/360) over [ref_start, ref_end); final settlement: last_trade_day"
ed_fut,2014-06,EDM14 Comdty,quarterly,2014-06-18,2014-09-18,2014-09-17,92,2014-06-16,2014-06-16,2010-01-01,True,False,2010-01-01,2014-06-16,,"100 - fixing of USDLIBOR3M (uk; ACT/360) over [ref_start, ref_end); final settlement: last_trade_day"
ed_fut,2014-07,EDN14 Comdty,serial,2014-07-16,2014-10-16,2014-10-15,92,2014-07-14,2014-07-14,2014-01-14,False,False,2014-01-14,2014-07-14,,"100 - fixing of USDLIBOR3M (uk; ACT/360) over [ref_start, ref_end); final settlement: last_trade_day"
ed_fut,2014-08,EDQ14 Comdty,serial,2014-08-20,2014-11-20,2014-11-19,92,2014-08-18,2014-08-18,2014-02-18,False,False,2014-02-18,2014-08-18,,"100 - fixing of USDLIBOR3M (uk; ACT/360) over [ref_start, ref_end); final settlement: last_trade_day"
ed_fut,2014-09,EDU14 Comdty,quarterly,2014-09-17,2014-12-17,2014-12-16,91,2014-09-15,2014-09-15,2010-01-01,True,False,2010-01-01,2014-09-15,,"100 - fixing of USDLIBOR3M (uk; ACT/360) over [ref_start, ref_end); final settlement: last_trade_day"
ed_fut,2014-10,EDV14 Comdty,serial,2014-10-15,2015-01-15,2015-01-14,92,2014-10-13,2014-10-13,2014-04-15,False,False,2014-04-15,2014-10-13,,"100 - fixing of USDLIBOR3M (uk; ACT/360) over [ref_start, ref_end); final settlement: last_trade_day"
ed_fut,2014-11,EDX14 Comdty,serial,2014-11-19,2015-02-19,2015-02-18,92,2014-11-17,2014-11-17,2014-05-20,False,False,2014-05-20,2014-11-17,,"100 - fixing of USDLIBOR3M (uk; ACT/360) over [ref_start, ref_end); final settlement: last_trade_day"
ed_fut,2014-12,EDZ14 Comdty,quarterly,2014-12-17,2015-03-17,2015-03-16,90,2014-12-15,2014-12-15,2010-01-01,True,False,2010-01-01,2014-12-15,,"100 - fixing of USDLIBOR3M (uk; ACT/360) over [ref_start, ref_end); final settlement: last_trade_day"
ed_fut,2015-01,EDF15 Comdty,serial,2015-01-21,2015-04-21,2015-04-20,90,2015-01-19,2015-01-19,2014-07-15,False,False,2014-07-15,2015-01-19,,"100 - fixing of USDLIBOR3M (uk; ACT/360) over [ref_start, ref_end); final settlement: last_trade_day"
ed_fut,2015-02,EDG15 Comdty,serial,2015-02-18,2015-05-18,2015-05-17,89,2015-02-16,2015-02-16,2014-08-19,False,False,2014-08-19,2015-02-16,,"100 - fixing of USDLIBOR3M (uk; ACT/360) over [ref_start, ref_end); final settlement: last_trade_day"
ed_fut,2015-03,EDH15 Comdty,quarterly,2015-03-18,2015-06-18,2015-06-17,92,2015-03-16,2015-03-16,2010-01-01,True,False,2010-01-01,2015-03-16,,"100 - fixing of USDLIBOR3M (uk; ACT/360) over [ref_start, ref_end); final settlement: last_trade_day"
ed_fut,2015-04,EDJ15 Comdty,serial,2015-04-15,2015-07-15,2015-07-14,91,2015-04-13,2015-04-13,2014-10-14,False,False,2014-10-14,2015-04-13,,"100 - fixing of USDLIBOR3M (uk; ACT/360) over [ref_start, ref_end); final settlement: last_trade_day"
ed_fut,2015-05,EDK15 Comdty,serial,2015-05-20,2015-08-20,2015-08-19,92,2015-05-18,2015-05-18,2014-11-18,False,False,2014-11-18,2015-05-18,,"100 - fixing of USDLIBOR3M (uk; ACT/360) over [ref_start, ref_end); final settlement: last_trade_day"
ed_fut,2015-06,EDM15 Comdty,quarterly,2015-06-17,2015-09-17,2015-09-16,92,2015-06-15,2015-06-15,2010-01-01,True,False,2010-01-01,2015-06-15,,"100 - fixing of USDLIBOR3M (uk; ACT/360) over [ref_start, ref_end); final settlement: last_trade_day"
ed_fut,2015-07,EDN15 Comdty,serial,2015-07-15,2015-10-15,2015-10-14,92,2015-07-13,2015-07-13,2015-01-20,False,False,2015-01-20,2015-07-13,,"100 - fixing of USDLIBOR3M (uk; ACT/360) over [ref_start, ref_end); final settlement: last_trade_day"
ed_fut,2015-08,EDQ15 Comdty,serial,2015-08-19,2015-11-19,2015-11-18,92,2015-08-17,2015-08-17,2015-02-17,False,False,2015-02-17,2015-08-17,,"100 - fixing of USDLIBOR3M (uk; ACT/360) over [ref_start, ref_end); final settlement: last_trade_day"
ed_fut,2015-09,EDU15 Comdty,quarterly,2015-09-16,2015-12-16,2015-12-15,91,2015-09-14,2015-09-14,2010-01-01,True,False,2010-01-01,2015-09-14,,"100 - fixing of USDLIBOR3M (uk; ACT/360) over [ref_start, ref_end); final settlement: last_trade_day"
ed_fut,2015-10,EDV15 Comdty,serial,2015-10-21,2016-01-21,2016-01-20,92,2015-10-19,2015-10-19,2015-04-14,False,False,2015-04-14,2015-10-19,,"100 - fixing of USDLIBOR3M (uk; ACT/360) over [ref_start, ref_end); final settlement: last_trade_day"
ed_fut,2015-11,EDX15 Comdty,serial,2015-11-18,2016-02-18,2016-02-17,92,2015-11-16,2015-11-16,2015-05-19,False,False,2015-05-19,2015-11-16,,"100 - fixing of USDLIBOR3M (uk; ACT/360) over [ref_start, ref_end); final settlement: last_trade_day"
ed_fut,2015-12,EDZ15 Comdty,quarterly,2015-12-16,2016-03-16,2016-03-15,91,2015-12-14,2015-12-14,2010-01-01,True,False,2010-01-01,2015-12-14,,"100 - fixing of USDLIBOR3M (uk; ACT/360) over [ref_start, ref_end); final settlement: last_trade_day"
ed_fut,2016-01,EDF16 Comdty,serial,2016-01-20,2016-04-20,2016-04-19,91,2016-01-18,2016-01-18,2015-07-14,False,False,2015-07-14,2016-01-18,,"100 - fixing of USDLIBOR3M (uk; ACT/360) over [ref_start, ref_end); final settlement: last_trade_day"
ed_fut,2016-02,EDG16 Comdty,serial,2016-02-17,2016-05-17,2016-05-16,90,2016-02-15,2016-02-15,2015-08-18,False,False,2015-08-18,2016-02-15,,"100 - fixing of USDLIBOR3M (uk; ACT/360) over [ref_start, ref_end); final settlement: last_trade_day"
ed_fut,2016-03,EDH16 Comdty,quarterly,2016-03-16,2016-06-16,2016-06-15,92,2016-03-14,2016-03-14,2010-01-01,True,False,2010-01-01,2016-03-14,,"100 - fixing of USDLIBOR3M (uk; ACT/360) over [ref_start, ref_end); final settlement: last_trade_day"
ed_fut,2016-04,EDJ16 Comdty,serial,2016-04-20,2016-07-20,2016-07-19,91,2016-04-18,2016-04-18,2015-10-20,False,False,2015-10-20,2016-04-18,,"100 - fixing of USDLIBOR3M (uk; ACT/360) over [ref_start, ref_end); final settlement: last_trade_day"
ed_fut,2016-05,EDK16 Comdty,serial,2016-05-18,2016-08-18,2016-08-17,92,2016-05-16,2016-05-16,2015-11-17,False,False,2015-11-17,2016-05-16,,"100 - fixing of USDLIBOR3M (uk; ACT/360) over [ref_start, ref_end); final settlement: last_trade_day"
ed_fut,2016-06,EDM16 Comdty,quarterly,2016-06-15,2016-09-15,2016-09-14,92,2016-06-13,2016-06-13,2010-01-01,True,False,2010-01-01,2016-06-13,,"100 - fixing of USDLIBOR3M (uk; ACT/360) over [ref_start, ref_end); final settlement: last_trade_day"
ed_fut,2016-07,EDN16 Comdty,serial,2016-07-20,2016-10-20,2016-10-19,92,2016-07-18,2016-07-18,2016-01-19,False,False,2016-01-19,2016-07-18,,"100 - fixing of USDLIBOR3M (uk; ACT/360) over [ref_start, ref_end); final settlement: last_trade_day"
ed_fut,2016-08,EDQ16 Comdty,serial,2016-08-17,2016-11-17,2016-11-16,92,2016-08-15,2016-08-15,2016-02-16,False,False,2016-02-16,2016-08-15,,"100 - fixing of USDLIBOR3M (uk; ACT/360) over [ref_start, ref_end); final settlement: last_trade_day"
ed_fut,2016-09,EDU16 Comdty,quarterly,2016-09-21,2016-12-21,2016-12-20,91,2016-09-19,2016-09-19,2010-01-01,True,False,2010-01-01,2016-09-19,,"100 - fixing of USDLIBOR3M (uk; ACT/360) over [ref_start, ref_end); final settlement: last_trade_day"
ed_fut,2016-10,EDV16 Comdty,serial,2016-10-19,2017-01-19,2017-01-18,92,2016-10-17,2016-10-17,2016-04-19,False,False,2016-04-19,2016-10-17,,"100 - fixing of USDLIBOR3M (uk; ACT/360) over [ref_start, ref_end); final settlement: last_trade_day"
ed_fut,2016-11,EDX16 Comdty,serial,2016-11-16,2017-02-16,2017-02-15,92,2016-11-14,2016-11-14,2016-05-17,False,False,2016-05-17,2016-11-14,,"100 - fixing of USDLIBOR3M (uk; ACT/360) over [ref_start, ref_end); final settlement: last_trade_day"
ed_fut,2016-12,EDZ16 Comdty,quarterly,2016-12-21,2017-03-21,2017-03-20,90,2016-12-19,2016-12-19,2010-01-01,True,False,2010-01-01,2016-12-19,,"100 - fixing of USDLIBOR3M (uk; ACT/360) over [ref_start, ref_end); final settlement: last_trade_day"
ed_fut,2017-01,EDF17 Comdty,serial,2017-01-18,2017-04-18,2017-04-17,90,2017-01-16,2017-01-16,2016-07-19,False,False,2016-07-19,2017-01-16,,"100 - fixing of USDLIBOR3M (uk; ACT/360) over [ref_start, ref_end); final settlement: last_trade_day"
ed_fut,2017-02,EDG17 Comdty,serial,2017-02-15,2017-05-15,2017-05-14,89,2017-02-13,2017-02-13,2016-08-16,False,False,2016-08-16,2017-02-13,,"100 - fixing of USDLIBOR3M (uk; ACT/360) over [ref_start, ref_end); final settlement: last_trade_day"
ed_fut,2017-03,EDH17 Comdty,quarterly,2017-03-15,2017-06-15,2017-06-14,92,2017-03-13,2017-03-13,2010-01-01,True,False,2010-01-01,2017-03-13,,"100 - fixing of USDLIBOR3M (uk; ACT/360) over [ref_start, ref_end); final settlement: last_trade_day"
ed_fut,2017-04,EDJ17 Comdty,serial,2017-04-19,2017-07-19,2017-07-18,91,2017-04-13,2017-04-13,2016-10-18,False,False,2016-10-18,2017-04-13,,"100 - fixing of USDLIBOR3M (uk; ACT/360) over [ref_start, ref_end); final settlement: last_trade_day"
ed_fut,2017-05,EDK17 Comdty,serial,2017-05-17,2017-08-17,2017-08-16,92,2017-05-15,2017-05-15,2016-11-15,False,False,2016-11-15,2017-05-15,,"100 - fixing of USDLIBOR3M (uk; ACT/360) over [ref_start, ref_end); final settlement: last_trade_day"
ed_fut,2017-06,EDM17 Comdty,quarterly,2017-06-21,2017-09-21,2017-09-20,92,2017-06-19,2017-06-19,2010-01-01,True,False,2010-01-01,2017-06-19,,"100 - fixing of USDLIBOR3M (uk; ACT/360) over [ref_start, ref_end); final settlement: last_trade_day"
ed_fut,2017-07,EDN17 Comdty,serial,2017-07-19,2017-10-19,2017-10-18,92,2017-07-17,2017-07-17,2017-01-17,False,False,2017-01-17,2017-07-17,,"100 - fixing of USDLIBOR3M (uk; ACT/360) over [ref_start, ref_end); final settlement: last_trade_day"
ed_fut,2017-08,EDQ17 Comdty,serial,2017-08-16,2017-11-16,2017-11-15,92,2017-08-14,2017-08-14,2017-02-14,False,False,2017-02-14,2017-08-14,,"100 - fixing of USDLIBOR3M (uk; ACT/360) over [ref_start, ref_end); final settlement: last_trade_day"
ed_fut,2017-09,EDU17 Comdty,quarterly,2017-09-20,2017-12-20,2017-12-19,91,2017-09-18,2017-09-18,2010-01-01,True,False,2010-01-01,2017-09-18,,"100 - fixing of USDLIBOR3M (uk; ACT/360) over [ref_start, ref_end); final settlement: last_trade_day"
ed_fut,2017-10,EDV17 Comdty,serial,2017-10-18,2018-01-18,2018-01-17,92,2017-10-16,2017-10-16,2017-04-17,False,False,2017-04-17,2017-10-16,,"100 - fixing of USDLIBOR3M (uk; ACT/360) over [ref_start, ref_end); final settlement: last_trade_day"
ed_fut,2017-11,EDX17 Comdty,serial,2017-11-15,2018-02-15,2018-02-14,92,2017-11-13,2017-11-13,2017-05-16,False,False,2017-05-16,2017-11-13,,"100 - fixing of USDLIBOR3M (uk; ACT/360) over [ref_start, ref_end); final settlement: last_trade_day"
ed_fut,2017-12,EDZ17 Comdty,quarterly,2017-12-20,2018-03-20,2018-03-19,90,2017-12-18,2017-12-18,2010-01-01,True,False,2010-01-01,2017-12-18,,"100 - fixing of USDLIBOR3M (uk; ACT/360) over [ref_start, ref_end); final settlement: last_trade_day"
ed_fut,2018-01,EDF18 Comdty,serial,2018-01-17,2018-04-17,2018-04-16,90,2018-01-15,2018-01-15,2017-07-18,False,False,2017-07-18,2018-01-15,,"100 - fixing of USDLIBOR3M (uk; ACT/360) over [ref_start, ref_end); final settlement: last_trade_day"
ed_fut,2018-02,EDG18 Comdty,serial,2018-02-21,2018-05-21,2018-05-20,89,2018-02-19,2018-02-19,2017-08-15,False,False,2017-08-15,2018-02-19,,"100 - fixing of USDLIBOR3M (uk; ACT/360) over [ref_start, ref_end); final settlement: last_trade_day"
ed_fut,2018-03,EDH18 Comdty,quarterly,2018-03-21,2018-06-21,2018-06-20,92,2018-03-19,2018-03-19,2010-01-01,True,False,2010-01-01,2018-03-19,,"100 - fixing of USDLIBOR3M (uk; ACT/360) over [ref_start, ref_end); final settlement: last_trade_day"
ed_fut,2018-04,EDJ18 Comdty,serial,2018-04-18,2018-07-18,2018-07-17,91,2018-04-16,2018-04-16,2017-10-17,False,False,2017-10-17,2018-04-16,,"100 - fixing of USDLIBOR3M (uk; ACT/360) over [ref_start, ref_end); final settlement: last_trade_day"
ed_fut,2018-05,EDK18 Comdty,serial,2018-05-16,2018-08-16,2018-08-15,92,2018-05-14,2018-05-14,2017-11-14,False,False,2017-11-14,2018-05-14,,"100 - fixing of USDLIBOR3M (uk; ACT/360) over [ref_start, ref_end); final settlement: last_trade_day"
ed_fut,2018-06,EDM18 Comdty,quarterly,2018-06-20,2018-09-20,2018-09-19,92,2018-06-18,2018-06-18,2010-01-01,True,False,2010-01-01,2018-06-18,,"100 - fixing of USDLIBOR3M (uk; ACT/360) over [ref_start, ref_end); final settlement: last_trade_day"
ed_fut,2018-07,EDN18 Comdty,serial,2018-07-18,2018-10-18,2018-10-17,92,2018-07-16,2018-07-16,2018-01-16,False,False,2018-01-16,2018-07-16,,"100 - fixing of USDLIBOR3M (uk; ACT/360) over [ref_start, ref_end); final settlement: last_trade_day"
ed_fut,2018-08,EDQ18 Comdty,serial,2018-08-15,2018-11-15,2018-11-14,92,2018-08-13,2018-08-13,2018-02-20,False,False,2018-02-20,2018-08-13,,"100 - fixing of USDLIBOR3M (uk; ACT/360) over [ref_start, ref_end); final settlement: last_trade_day"
ed_fut,2018-09,EDU18 Comdty,quarterly,2018-09-19,2018-12-19,2018-12-18,91,2018-09-17,2018-09-17,2010-01-01,True,False,2010-01-01,2018-09-17,,"100 - fixing of USDLIBOR3M (uk; ACT/360) over [ref_start, ref_end); final settlement: last_trade_day"
ed_fut,2018-10,EDV18 Comdty,serial,2018-10-17,2019-01-17,2019-01-16,92,2018-10-15,2018-10-15,2018-04-17,False,False,2018-04-17,2018-10-15,,"100 - fixing of USDLIBOR3M (uk; ACT/360) over [ref_start, ref_end); final settlement: last_trade_day"
ed_fut,2018-11,EDX18 Comdty,serial,2018-11-21,2019-02-21,2019-02-20,92,2018-11-19,2018-11-19,2018-05-15,False,False,2018-05-15,2018-11-19,,"100 - fixing of USDLIBOR3M (uk; ACT/360) over [ref_start, ref_end); final settlement: last_trade_day"
ed_fut,2018-12,EDZ18 Comdty,quarterly,2018-12-19,2019-03-19,2019-03-18,90,2018-12-17,2018-12-17,2010-01-01,True,False,2010-01-01,2018-12-17,,"100 - fixing of USDLIBOR3M (uk; ACT/360) over [ref_start, ref_end); final settlement: last_trade_day"
ed_fut,2019-01,EDF19 Comdty,serial,2019-01-16,2019-04-16,2019-04-15,90,2019-01-14,2019-01-14,2018-07-17,False,False,2018-07-17,2019-01-14,,"100 - fixing of USDLIBOR3M (uk; ACT/360) over [ref_start, ref_end); final settlement: last_trade_day"
ed_fut,2019-02,EDG19 Comdty,serial,2019-02-20,2019-05-20,2019-05-19,89,2019-02-18,2019-02-18,2018-08-14,False,False,2018-08-14,2019-02-18,,"100 - fixing of USDLIBOR3M (uk; ACT/360) over [ref_start, ref_end); final settlement: last_trade_day"
ed_fut,2019-03,EDH19 Comdty,quarterly,2019-03-20,2019-06-20,2019-06-19,92,2019-03-18,2019-03-18,2010-01-01,True,False,2010-01-01,2019-03-18,,"100 - fixing of USDLIBOR3M (uk; ACT/360) over [ref_start, ref_end); final settlement: last_trade_day"
ed_fut,2019-04,EDJ19 Comdty,serial,2019-04-17,2019-07-17,2019-07-16,91,2019-04-15,2019-04-15,2018-10-16,False,False,2018-10-16,2019-04-15,,"100 - fixing of USDLIBOR3M (uk; ACT/360) over [ref_start, ref_end); final settlement: last_trade_day"
ed_fut,2019-05,EDK19 Comdty,serial,2019-05-15,2019-08-15,2019-08-14,92,2019-05-13,2019-05-13,2018-11-20,False,False,2018-11-20,2019-05-13,,"100 - fixing of USDLIBOR3M (uk; ACT/360) over [ref_start, ref_end); final settlement: last_trade_day"
ed_fut,2019-06,EDM19 Comdty,quarterly,2019-06-19,2019-09-19,2019-09-18,92,2019-06-17,2019-06-17,2010-01-01,True,False,2010-01-01,2019-06-17,,"100 - fixing of USDLIBOR3M (uk; ACT/360) over [ref_start, ref_end); final settlement: last_trade_day"
ed_fut,2019-07,EDN19 Comdty,serial,2019-07-17,2019-10-17,2019-10-16,92,2019-07-15,2019-07-15,2019-01-15,False,False,2019-01-15,2019-07-15,,"100 - fixing of USDLIBOR3M (uk; ACT/360) over [ref_start, ref_end); final settlement: last_trade_day"
ed_fut,2019-08,EDQ19 Comdty,serial,2019-08-21,2019-11-21,2019-11-20,92,2019-08-19,2019-08-19,2019-02-19,False,False,2019-02-19,2019-08-19,,"100 - fixing of USDLIBOR3M (uk; ACT/360) over [ref_start, ref_end); final settlement: last_trade_day"
ed_fut,2019-09,EDU19 Comdty,quarterly,2019-09-18,2019-12-18,2019-12-17,91,2019-09-16,2019-09-16,2010-01-01,True,False,2010-01-01,2019-09-16,,"100 - fixing of USDLIBOR3M (uk; ACT/360) over [ref_start, ref_end); final settlement: last_trade_day"
ed_fut,2019-10,EDV19 Comdty,serial,2019-10-16,2020-01-16,2020-01-15,92,2019-10-14,2019-10-14,2019-04-16,False,False,2019-04-16,2019-10-14,,"100 - fixing of USDLIBOR3M (uk; ACT/360) over [ref_start, ref_end); final settlement: last_trade_day"
ed_fut,2019-11,EDX19 Comdty,serial,2019-11-20,2020-02-20,2020-02-19,92,2019-11-18,2019-11-18,2019-05-14,False,False,2019-05-14,2019-11-18,,"100 - fixing of USDLIBOR3M (uk; ACT/360) over [ref_start, ref_end); final settlement: last_trade_day"
ed_fut,2019-12,EDZ19 Comdty,quarterly,2019-12-18,2020-03-18,2020-03-17,91,2019-12-16,2019-12-16,2010-01-01,True,False,2010-01-01,2019-12-16,,"100 - fixing of USDLIBOR3M (uk; ACT/360) over [ref_start, ref_end); final settlement: last_trade_day"
ed_fut,2020-01,EDF20 Comdty,serial,2020-01-15,2020-04-15,2020-04-14,91,2020-01-13,2020-01-13,2019-07-16,False,False,2019-07-16,2020-01-13,,"100 - fixing of USDLIBOR3M (uk; ACT/360) over [ref_start, ref_end); final settlement: last_trade_day"
ed_fut,2020-02,EDG20 Comdty,serial,2020-02-19,2020-05-19,2020-05-18,90,2020-02-17,2020-02-17,2019-08-20,False,False,2019-08-20,2020-02-17,,"100 - fixing of USDLIBOR3M (uk; ACT/360) over [ref_start, ref_end); final settlement: last_trade_day"
ed_fut,2020-03,EDH20 Comdty,quarterly,2020-03-18,2020-06-18,2020-06-17,92,2020-03-16,2020-03-16,2010-03-16,False,False,2010-03-16,2020-03-16,,"100 - fixing of USDLIBOR3M (uk; ACT/360) over [ref_start, ref_end); final settlement: last_trade_day"
ed_fut,2020-04,EDJ20 Comdty,serial,2020-04-15,2020-07-15,2020-07-14,91,2020-04-09,2020-04-09,2019-10-15,False,False,2019-10-15,2020-04-09,,"100 - fixing of USDLIBOR3M (uk; ACT/360) over [ref_start, ref_end); final settlement: last_trade_day"
ed_fut,2020-05,EDK20 Comdty,serial,2020-05-20,2020-08-20,2020-08-19,92,2020-05-18,2020-05-18,2019-11-19,False,False,2019-11-19,2020-05-18,,"100 - fixing of USDLIBOR3M (uk; ACT/360) over [ref_start, ref_end); final settlement: last_trade_day"
ed_fut,2020-06,EDM20 Comdty,quarterly,2020-06-17,2020-09-17,2020-09-16,92,2020-06-15,2020-06-15,2010-06-15,False,False,2010-06-15,2020-06-15,,"100 - fixing of USDLIBOR3M (uk; ACT/360) over [ref_start, ref_end); final settlement: last_trade_day"
ed_fut,2020-07,EDN20 Comdty,serial,2020-07-15,2020-10-15,2020-10-14,92,2020-07-13,2020-07-13,2020-01-14,False,False,2020-01-14,2020-07-13,,"100 - fixing of USDLIBOR3M (uk; ACT/360) over [ref_start, ref_end); final settlement: last_trade_day"
ed_fut,2020-08,EDQ20 Comdty,serial,2020-08-19,2020-11-19,2020-11-18,92,2020-08-17,2020-08-17,2020-02-18,False,False,2020-02-18,2020-08-17,,"100 - fixing of USDLIBOR3M (uk; ACT/360) over [ref_start, ref_end); final settlement: last_trade_day"
ed_fut,2020-09,EDU20 Comdty,quarterly,2020-09-16,2020-12-16,2020-12-15,91,2020-09-14,2020-09-14,2010-09-14,False,False,2010-09-14,2020-09-14,,"100 - fixing of USDLIBOR3M (uk; ACT/360) over [ref_start, ref_end); final settlement: last_trade_day"
ed_fut,2020-10,EDV20 Comdty,serial,2020-10-21,2021-01-21,2021-01-20,92,2020-10-19,2020-10-19,2020-04-13,False,False,2020-04-13,2020-10-19,,"100 - fixing of USDLIBOR3M (uk; ACT/360) over [ref_start, ref_end); final settlement: last_trade_day"
ed_fut,2020-11,EDX20 Comdty,serial,2020-11-18,2021-02-18,2021-02-17,92,2020-11-16,2020-11-16,2020-05-19,False,False,2020-05-19,2020-11-16,,"100 - fixing of USDLIBOR3M (uk; ACT/360) over [ref_start, ref_end); final settlement: last_trade_day"
ed_fut,2020-12,EDZ20 Comdty,quarterly,2020-12-16,2021-03-16,2021-03-15,90,2020-12-14,2020-12-14,2010-12-14,False,False,2010-12-14,2020-12-14,,"100 - fixing of USDLIBOR3M (uk; ACT/360) over [ref_start, ref_end); final settlement: last_trade_day"
ed_fut,2021-01,EDF21 Comdty,serial,2021-01-20,2021-04-20,2021-04-19,90,2021-01-18,2021-01-18,2020-07-14,False,False,2020-07-14,2021-01-18,,"100 - fixing of USDLIBOR3M (uk; ACT/360) over [ref_start, ref_end); final settlement: last_trade_day"
ed_fut,2021-02,EDG21 Comdty,serial,2021-02-17,2021-05-17,2021-05-16,89,2021-02-15,2021-02-15,2020-08-18,False,False,2020-08-18,2021-02-15,,"100 - fixing of USDLIBOR3M (uk; ACT/360) over [ref_start, ref_end); final settlement: last_trade_day"
ed_fut,2021-03,EDH21 Comdty,quarterly,2021-03-17,2021-06-17,2021-06-16,92,2021-03-15,2021-03-15,2011-03-15,False,False,2011-03-15,2021-03-15,,"100 - fixing of USDLIBOR3M (uk; ACT/360) over [ref_start, ref_end); final settlement: last_trade_day"
ed_fut,2021-04,EDJ21 Comdty,serial,2021-04-21,2021-07-21,2021-07-20,91,2021-04-19,2021-04-19,2020-10-20,False,False,2020-10-20,2021-04-19,,"100 - fixing of USDLIBOR3M (uk; ACT/360) over [ref_start, ref_end); final settlement: last_trade_day"
ed_fut,2021-05,EDK21 Comdty,serial,2021-05-19,2021-08-19,2021-08-18,92,2021-05-17,2021-05-17,2020-11-17,False,False,2020-11-17,2021-05-17,,"100 - fixing of USDLIBOR3M (uk; ACT/360) over [ref_start, ref_end); final settlement: last_trade_day"
ed_fut,2021-06,EDM21 Comdty,quarterly,2021-06-16,2021-09-16,2021-09-15,92,2021-06-14,2021-06-14,2011-06-14,False,False,2011-06-14,2021-06-14,,"100 - fixing of USDLIBOR3M (uk; ACT/360) over [ref_start, ref_end); final settlement: last_trade_day"
ed_fut,2021-07,EDN21 Comdty,serial,2021-07-21,2021-10-21,2021-10-20,92,2021-07-19,2021-07-19,2021-01-19,False,False,2021-01-19,2021-07-19,,"100 - fixing of USDLIBOR3M (uk; ACT/360) over [ref_start, ref_end); final settlement: last_trade_day"
ed_fut,2021-08,EDQ21 Comdty,serial,2021-08-18,2021-11-18,2021-11-17,92,2021-08-16,2021-08-16,2021-02-16,False,False,2021-02-16,2021-08-16,,"100 - fixing of USDLIBOR3M (uk; ACT/360) over [ref_start, ref_end); final settlement: last_trade_day"
ed_fut,2021-09,EDU21 Comdty,quarterly,2021-09-15,2021-12-15,2021-12-14,91,2021-09-13,2021-09-13,2011-09-20,False,False,2011-09-20,2021-09-13,,"100 - fixing of USDLIBOR3M (uk; ACT/360) over [ref_start, ref_end); final settlement: last_trade_day"
ed_fut,2021-10,EDV21 Comdty,serial,2021-10-20,2022-01-20,2022-01-19,92,2021-10-18,2021-10-18,2021-04-20,False,False,2021-04-20,2021-10-18,,"100 - fixing of USDLIBOR3M (uk; ACT/360) over [ref_start, ref_end); final settlement: last_trade_day"
ed_fut,2021-11,EDX21 Comdty,serial,2021-11-17,2022-02-17,2022-02-16,92,2021-11-15,2021-11-15,2021-05-18,False,False,2021-05-18,2021-11-15,,"100 - fixing of USDLIBOR3M (uk; ACT/360) over [ref_start, ref_end); final settlement: last_trade_day"
ed_fut,2021-12,EDZ21 Comdty,quarterly,2021-12-15,2022-03-15,2022-03-14,90,2021-12-13,2021-12-13,2011-12-20,False,False,2011-12-20,2021-12-13,,"100 - fixing of USDLIBOR3M (uk; ACT/360) over [ref_start, ref_end); final settlement: last_trade_day"
ed_fut,2022-01,EDF22 Comdty,serial,2022-01-19,2022-04-19,2022-04-18,90,2022-01-17,2022-01-17,2021-07-20,False,False,2021-07-20,2022-01-17,,"100 - fixing of USDLIBOR3M (uk; ACT/360) over [ref_start, ref_end); final settlement: last_trade_day"
ed_fut,2022-02,EDG22 Comdty,serial,2022-02-16,2022-05-16,2022-05-15,89,2022-02-14,2022-02-14,2021-08-17,False,False,2021-08-17,2022-02-14,,"100 - fixing of USDLIBOR3M (uk; ACT/360) over [ref_start, ref_end); final settlement: last_trade_day"
ed_fut,2022-03,EDH22 Comdty,quarterly,2022-03-16,2022-06-16,2022-06-15,92,2022-03-14,2022-03-14,2012-03-20,False,False,2012-03-20,2022-03-14,,"100 - fixing of USDLIBOR3M (uk; ACT/360) over [ref_start, ref_end); final settlement: last_trade_day"
ed_fut,2022-04,EDJ22 Comdty,serial,2022-04-20,2022-07-20,2022-07-19,91,2022-04-14,2022-04-14,2021-10-19,False,False,2021-10-19,2022-04-14,,"100 - fixing of USDLIBOR3M (uk; ACT/360) over [ref_start, ref_end); final settlement: last_trade_day"
ed_fut,2022-05,EDK22 Comdty,serial,2022-05-18,2022-08-18,2022-08-17,92,2022-05-16,2022-05-16,2021-11-16,False,False,2021-11-16,2022-05-16,,"100 - fixing of USDLIBOR3M (uk; ACT/360) over [ref_start, ref_end); final settlement: last_trade_day"
ed_fut,2022-06,EDM22 Comdty,quarterly,2022-06-15,2022-09-15,2022-09-14,92,2022-06-13,2022-06-13,2012-06-19,False,False,2012-06-19,2022-06-13,,"100 - fixing of USDLIBOR3M (uk; ACT/360) over [ref_start, ref_end); final settlement: last_trade_day"
ed_fut,2022-07,EDN22 Comdty,serial,2022-07-20,2022-10-20,2022-10-19,92,2022-07-18,2022-07-18,2022-01-18,False,False,2022-01-18,2022-07-18,,"100 - fixing of USDLIBOR3M (uk; ACT/360) over [ref_start, ref_end); final settlement: last_trade_day"
ed_fut,2022-08,EDQ22 Comdty,serial,2022-08-17,2022-11-17,2022-11-16,92,2022-08-15,2022-08-15,2022-02-15,False,False,2022-02-15,2022-08-15,,"100 - fixing of USDLIBOR3M (uk; ACT/360) over [ref_start, ref_end); final settlement: last_trade_day"
ed_fut,2022-09,EDU22 Comdty,quarterly,2022-09-21,2022-12-21,2022-12-20,91,2022-09-16,2022-09-16,2012-09-18,False,False,2012-09-18,2022-09-16,,"100 - fixing of USDLIBOR3M (uk; ACT/360) over [ref_start, ref_end); final settlement: last_trade_day"
ed_fut,2022-10,EDV22 Comdty,serial,2022-10-19,2023-01-19,2023-01-18,92,2022-10-17,2022-10-17,2022-04-18,False,False,2022-04-18,2022-10-17,,"100 - fixing of USDLIBOR3M (uk; ACT/360) over [ref_start, ref_end); final settlement: last_trade_day"
ed_fut,2022-11,EDX22 Comdty,serial,2022-11-16,2023-02-16,2023-02-15,92,2022-11-14,2022-11-14,2022-05-17,False,False,2022-05-17,2022-11-14,,"100 - fixing of USDLIBOR3M (uk; ACT/360) over [ref_start, ref_end); final settlement: last_trade_day"
ed_fut,2022-12,EDZ22 Comdty,quarterly,2022-12-21,2023-03-21,2023-03-20,90,2022-12-19,2022-12-19,2012-12-18,False,False,2012-12-18,2022-12-19,,"100 - fixing of USDLIBOR3M (uk; ACT/360) over [ref_start, ref_end); final settlement: last_trade_day"
ed_fut,2023-01,EDF23 Comdty,serial,2023-01-18,2023-04-18,2023-04-17,90,2023-01-16,2023-01-16,2022-07-19,False,False,2022-07-19,2023-01-16,,"100 - fixing of USDLIBOR3M (uk; ACT/360) over [ref_start, ref_end); final settlement: last_trade_day"
ed_fut,2023-02,EDG23 Comdty,serial,2023-02-15,2023-05-15,2023-05-14,89,2023-02-13,2023-02-13,2022-08-16,False,False,2022-08-16,2023-02-13,,"100 - fixing of USDLIBOR3M (uk; ACT/360) over [ref_start, ref_end); final settlement: last_trade_day"
ed_fut,2023-03,EDH23 Comdty,quarterly,2023-03-15,2023-06-15,2023-06-14,92,2023-03-13,2023-03-13,2013-03-19,False,False,2013-03-19,2023-03-13,,"100 - fixing of USDLIBOR3M (uk; ACT/360) over [ref_start, ref_end); final settlement: last_trade_day"
ed_fut,2023-04,EDJ23 Comdty,serial,2023-04-19,2023-07-19,2023-07-18,91,2023-04-17,2023-04-17,2022-10-18,False,False,2022-10-18,2023-04-17,,"100 - fixing of USDLIBOR3M (uk; ACT/360) over [ref_start, ref_end); final settlement: last_trade_day"
ed_fut,2023-05,EDK23 Comdty,serial,2023-05-17,2023-08-17,2023-08-16,92,2023-05-15,2023-05-15,2022-11-15,False,False,2022-11-15,2023-05-15,,"100 - fixing of USDLIBOR3M (uk; ACT/360) over [ref_start, ref_end); final settlement: last_trade_day"
ed_fut,2023-06,EDM23 Comdty,quarterly,2023-06-21,2023-09-21,2023-09-20,92,2023-06-19,2023-06-19,2013-06-18,False,False,2013-06-18,2023-06-19,,"100 - fixing of USDLIBOR3M (uk; ACT/360) over [ref_start, ref_end); final settlement: last_trade_day"
ed_fut,2023-07,EDN23 Comdty,serial,2023-07-19,2023-10-19,2023-10-18,92,2023-07-17,2023-07-17,2023-01-17,False,False,2023-01-17,2023-04-14,2023-04-14,"100 - fixing of USDLIBOR3M (uk; ACT/360) over [ref_start, ref_end); final settlement: last_trade_day"
ed_fut,2023-08,EDQ23 Comdty,serial,2023-08-16,2023-11-16,2023-11-15,92,2023-08-14,2023-08-14,2023-02-14,False,False,2023-02-14,2023-04-14,2023-04-14,"100 - fixing of USDLIBOR3M (uk; ACT/360) over [ref_start, ref_end); final settlement: last_trade_day"
ed_fut,2023-09,EDU23 Comdty,quarterly,2023-09-20,2023-12-20,2023-12-19,91,2023-09-18,2023-09-18,2013-09-17,False,False,2013-09-17,2023-04-14,2023-04-14,"100 - fixing of USDLIBOR3M (uk; ACT/360) over [ref_start, ref_end); final settlement: last_trade_day"
ed_fut,2023-12,EDZ23 Comdty,quarterly,2023-12-20,2024-03-20,2024-03-19,91,2023-12-18,2023-12-18,2013-12-17,False,False,2013-12-17,2023-04-14,2023-04-14,"100 - fixing of USDLIBOR3M (uk; ACT/360) over [ref_start, ref_end); final settlement: last_trade_day"
ed_fut,2024-03,EDH24 Comdty,quarterly,2024-03-20,2024-06-20,2024-06-19,92,2024-03-18,2024-03-18,2014-03-18,False,False,2014-03-18,2023-04-14,2023-04-14,"100 - fixing of USDLIBOR3M (uk; ACT/360) over [ref_start, ref_end); final settlement: last_trade_day"
ed_fut,2024-06,EDM24 Comdty,quarterly,2024-06-19,2024-09-19,2024-09-18,92,2024-06-17,2024-06-17,2014-06-17,False,False,2014-06-17,2023-04-14,2023-04-14,"100 - fixing of USDLIBOR3M (uk; ACT/360) over [ref_start, ref_end); final settlement: last_trade_day"
ed_fut,2024-09,EDU24 Comdty,quarterly,2024-09-18,2024-12-18,2024-12-17,91,2024-09-16,2024-09-16,2014-09-16,False,False,2014-09-16,2023-04-14,2023-04-14,"100 - fixing of USDLIBOR3M (uk; ACT/360) over [ref_start, ref_end); final settlement: last_trade_day"
ed_fut,2024-12,EDZ24 Comdty,quarterly,2024-12-18,2025-03-18,2025-03-17,90,2024-12-16,2024-12-16,2014-12-16,False,False,2014-12-16,2023-04-14,2023-04-14,"100 - fixing of USDLIBOR3M (uk; ACT/360) over [ref_start, ref_end); final settlement: last_trade_day"
ed_fut,2025-03,EDH25 Comdty,quarterly,2025-03-19,2025-06-20,2025-06-19,93,2025-03-17,2025-03-17,2015-03-17,False,False,2015-03-17,2023-04-14,2023-04-14,"100 - fixing of USDLIBOR3M (uk; ACT/360) over [ref_start, ref_end); final settlement: last_trade_day"
ed_fut,2025-06,EDM25 Comdty,quarterly,2025-06-18,2025-09-18,2025-09-17,92,2025-06-16,2025-06-16,2015-06-16,False,False,2015-06-16,2023-04-14,2023-04-14,"100 - fixing of USDLIBOR3M (uk; ACT/360) over [ref_start, ref_end); final settlement: last_trade_day"
ed_fut,2025-09,EDU25 Comdty,quarterly,2025-09-17,2025-12-17,2025-12-16,91,2025-09-15,2025-09-15,2015-09-15,False,False,2015-09-15,2023-04-14,2023-04-14,"100 - fixing of USDLIBOR3M (uk; ACT/360) over [ref_start, ref_end); final settlement: last_trade_day"
ed_fut,2025-12,EDZ25 Comdty,quarterly,2025-12-17,2026-03-17,2026-03-16,90,2025-12-15,2025-12-15,2015-12-15,False,False,2015-12-15,2023-04-14,2023-04-14,"100 - fixing of USDLIBOR3M (uk; ACT/360) over [ref_start, ref_end); final settlement: last_trade_day"
ed_fut,2026-03,EDH26 Comdty,quarterly,2026-03-18,2026-06-18,2026-06-17,92,2026-03-16,2026-03-16,2016-03-15,False,False,2016-03-15,2023-04-14,2023-04-14,"100 - fixing of USDLIBOR3M (uk; ACT/360) over [ref_start, ref_end); final settlement: last_trade_day"
ed_fut,2026-06,EDM26 Comdty,quarterly,2026-06-17,2026-09-17,2026-09-16,92,2026-06-15,2026-06-15,2016-06-14,False,False,2016-06-14,2023-04-14,2023-04-14,"100 - fixing of USDLIBOR3M (uk; ACT/360) over [ref_start, ref_end); final settlement: last_trade_day"
ed_fut,2026-09,EDU26 Comdty,quarterly,2026-09-16,2026-12-16,2026-12-15,91,2026-09-14,2026-09-14,2016-09-20,False,False,2016-09-20,2023-04-14,2023-04-14,"100 - fixing of USDLIBOR3M (uk; ACT/360) over [ref_start, ref_end); final settlement: last_trade_day"
ed_fut,2026-12,EDZ26 Comdty,quarterly,2026-12-16,2027-03-16,2027-03-15,90,2026-12-14,2026-12-14,2016-12-20,False,False,2016-12-20,2023-04-14,2023-04-14,"100 - fixing of USDLIBOR3M (uk; ACT/360) over [ref_start, ref_end); final settlement: last_trade_day"
ed_fut,2027-03,EDH27 Comdty,quarterly,2027-03-17,2027-06-17,2027-06-16,92,2027-03-15,2027-03-15,2017-03-14,False,False,2017-03-14,2023-04-14,2023-04-14,"100 - fixing of USDLIBOR3M (uk; ACT/360) over [ref_start, ref_end); final settlement: last_trade_day"
ed_fut,2027-06,EDM27 Comdty,quarterly,2027-06-16,2027-09-16,2027-09-15,92,2027-06-14,2027-06-14,2017-06-20,False,False,2017-06-20,2023-04-14,2023-04-14,"100 - fixing of USDLIBOR3M (uk; ACT/360) over [ref_start, ref_end); final settlement: last_trade_day"
ed_fut,2027-09,EDU27 Comdty,quarterly,2027-09-15,2027-12-15,2027-12-14,91,2027-09-13,2027-09-13,2017-09-19,False,False,2017-09-19,2023-04-14,2023-04-14,"100 - fixing of USDLIBOR3M (uk; ACT/360) over [ref_start, ref_end); final settlement: last_trade_day"
ed_fut,2027-12,EDZ27 Comdty,quarterly,2027-12-15,2028-03-15,2028-03-14,91,2027-12-13,2027-12-13,2017-12-19,False,False,2017-12-19,2023-04-14,2023-04-14,"100 - fixing of USDLIBOR3M (uk; ACT/360) over [ref_start, ref_end); final settlement: last_trade_day"
ed_fut,2028-03,EDH28 Comdty,quarterly,2028-03-15,2028-06-15,2028-06-14,92,2028-03-13,2028-03-13,2018-03-20,False,False,2018-03-20,2023-04-14,2023-04-14,"100 - fixing of USDLIBOR3M (uk; ACT/360) over [ref_start, ref_end); final settlement: last_trade_day"
ed_fut,2028-06,EDM28 Comdty,quarterly,2028-06-21,2028-09-21,2028-09-20,92,2028-06-19,2028-06-19,2018-06-19,False,False,2018-06-19,2023-04-14,2023-04-14,"100 - fixing of USDLIBOR3M (uk; ACT/360) over [ref_start, ref_end); final settlement: last_trade_day"
ed_fut,2028-09,EDU28 Comdty,quarterly,2028-09-20,2028-12-20,2028-12-19,91,2028-09-18,2028-09-18,2018-09-18,False,False,2018-09-18,2023-04-14,2023-04-14,"100 - fixing of USDLIBOR3M (uk; ACT/360) over [ref_start, ref_end); final settlement: last_trade_day"
ed_fut,2028-12,EDZ28 Comdty,quarterly,2028-12-20,2029-03-20,2029-03-19,90,2028-12-18,2028-12-18,2018-12-18,False,False,2018-12-18,2023-04-14,2023-04-14,"100 - fixing of USDLIBOR3M (uk; ACT/360) over [ref_start, ref_end); final settlement: last_trade_day"
ed_fut,2029-03,EDH29 Comdty,quarterly,2029-03-21,2029-06-21,2029-06-20,92,2029-03-19,2029-03-19,2019-03-19,False,False,2019-03-19,2023-04-14,2023-04-14,"100 - fixing of USDLIBOR3M (uk; ACT/360) over [ref_start, ref_end); final settlement: last_trade_day"
ed_fut,2029-06,EDM29 Comdty,quarterly,2029-06-20,2029-09-20,2029-09-19,92,2029-06-18,2029-06-18,2019-06-18,False,False,2019-06-18,2023-04-14,2023-04-14,"100 - fixing of USDLIBOR3M (uk; ACT/360) over [ref_start, ref_end); final settlement: last_trade_day"
ed_fut,2029-09,EDU29 Comdty,quarterly,2029-09-19,2029-12-19,2029-12-18,91,2029-09-17,2029-09-17,2019-09-17,False,False,2019-09-17,2023-04-14,2023-04-14,"100 - fixing of USDLIBOR3M (uk; ACT/360) over [ref_start, ref_end); final settlement: last_trade_day"
ed_fut,2029-12,EDZ29 Comdty,quarterly,2029-12-19,2030-03-19,2030-03-18,90,2029-12-17,2029-12-17,2019-12-17,False,False,2019-12-17,2023-04-14,2023-04-14,"100 - fixing of USDLIBOR3M (uk; ACT/360) over [ref_start, ref_end); final settlement: last_trade_day"
ed_fut,2030-03,EDH30 Comdty,quarterly,2030-03-20,2030-06-20,2030-06-19,92,2030-03-18,2030-03-18,2020-03-17,False,False,2020-03-17,2023-04-14,2023-04-14,"100 - fixing of USDLIBOR3M (uk; ACT/360) over [ref_start, ref_end); final settlement: last_trade_day"
ed_fut,2030-06,EDM30 Comdty,quarterly,2030-06-19,2030-09-19,2030-09-18,92,2030-06-17,2030-06-17,2020-06-16,False,False,2020-06-16,2023-04-14,2023-04-14,"100 - fixing of USDLIBOR3M (uk; ACT/360) over [ref_start, ref_end); final settlement: last_trade_day"
ed_fut,2030-09,EDU30 Comdty,quarterly,2030-09-18,2030-12-18,2030-12-17,91,2030-09-16,2030-09-16,2020-09-15,False,False,2020-09-15,2023-04-14,2023-04-14,"100 - fixing of USDLIBOR3M (uk; ACT/360) over [ref_start, ref_end); final settlement: last_trade_day"
ed_fut,2030-12,EDZ30 Comdty,quarterly,2030-12-18,2031-03-18,2031-03-17,90,2030-12-16,2030-12-16,2020-12-15,False,False,2020-12-15,2023-04-14,2023-04-14,"100 - fixing of USDLIBOR3M (uk; ACT/360) over [ref_start, ref_end); final settlement: last_trade_day"
ed_fut,2031-03,EDH31 Comdty,quarterly,2031-03-19,2031-06-20,2031-06-19,93,2031-03-17,2031-03-17,2021-03-16,False,False,2021-03-16,2023-04-14,2023-04-14,"100 - fixing of USDLIBOR3M (uk; ACT/360) over [ref_start, ref_end); final settlement: last_trade_day"
ed_fut,2031-06,EDM31 Comdty,quarterly,2031-06-18,2031-09-18,2031-09-17,92,2031-06-16,2031-06-16,2021-06-15,False,False,2021-06-15,2023-04-14,2023-04-14,"100 - fixing of USDLIBOR3M (uk; ACT/360) over [ref_start, ref_end); final settlement: last_trade_day"
ed_fut,2031-09,EDU31 Comdty,quarterly,2031-09-17,2031-12-17,2031-12-16,91,2031-09-15,2031-09-15,2021-09-14,False,False,2021-09-14,2023-04-14,2023-04-14,"100 - fixing of USDLIBOR3M (uk; ACT/360) over [ref_start, ref_end); final settlement: last_trade_day"
ed_fut,2031-12,EDZ31 Comdty,quarterly,2031-12-17,2032-03-17,2032-03-16,91,2031-12-15,2031-12-15,2021-12-14,False,False,2021-12-14,2023-04-14,2023-04-14,"100 - fixing of USDLIBOR3M (uk; ACT/360) over [ref_start, ref_end); final settlement: last_trade_day"
ed_fut,2032-03,EDH32 Comdty,quarterly,2032-03-17,2032-06-17,2032-06-16,92,2032-03-15,2032-03-15,2022-03-15,False,False,2022-03-15,2023-04-14,2023-04-14,"100 - fixing of USDLIBOR3M (uk; ACT/360) over [ref_start, ref_end); final settlement: last_trade_day"
ed_fut,2032-06,EDM32 Comdty,quarterly,2032-06-16,2032-09-16,2032-09-15,92,2032-06-14,2032-06-14,2022-06-14,False,False,2022-06-14,2023-04-14,2023-04-14,"100 - fixing of USDLIBOR3M (uk; ACT/360) over [ref_start, ref_end); final settlement: last_trade_day"
ed_fut,2032-09,EDU32 Comdty,quarterly,2032-09-15,2032-12-15,2032-12-14,91,2032-09-13,2032-09-13,2022-09-19,False,False,2022-09-19,2023-04-14,2023-04-14,"100 - fixing of USDLIBOR3M (uk; ACT/360) over [ref_start, ref_end); final settlement: last_trade_day"
ed_fut,2032-12,EDZ32 Comdty,quarterly,2032-12-15,2033-03-15,2033-03-14,90,2032-12-13,2032-12-13,2022-12-20,False,False,2022-12-20,2023-04-14,2023-04-14,"100 - fixing of USDLIBOR3M (uk; ACT/360) over [ref_start, ref_end); final settlement: last_trade_day"
ed_fut,2033-03,EDH33 Comdty,quarterly,2033-03-16,2033-06-16,2033-06-15,92,2033-03-14,2033-03-14,2023-03-14,False,False,2023-03-14,2023-04-14,2023-04-14,"100 - fixing of USDLIBOR3M (uk; ACT/360) over [ref_start, ref_end); final settlement: last_trade_day"
