date,FFF18 Comdty|PX_LAST,FFF18 Comdty|OPEN_INT,FFF18 Comdty|PX_VOLUME,FFG18 Comdty|PX_LAST,FFG18 Comdty|OPEN_INT,FFG18 Comdty|PX_VOLUME,FFH18 Comdty|PX_LAST,FFH18 Comdty|OPEN_INT,FFH18 Comdty|PX_VOLUME,FFJ18 Comdty|PX_LAST,FFJ18 Comdty|OPEN_INT,FFJ18 Comdty|PX_VOLUME,FFK18 Comdty|PX_LAST,FFK18 Comdty|OPEN_INT,FFK18 Comdty|PX_VOLUME,FFM18 Comdty|PX_LAST,FFM18 Comdty|OPEN_INT,FFM18 Comdty|PX_VOLUME,FFN18 Comdty|PX_LAST,FFN18 Comdty|OPEN_INT,FFN18 Comdty|PX_VOLUME,FFQ18 Comdty|PX_LAST,FFQ18 Comdty|OPEN_INT,FFQ18 Comdty|PX_VOLUME,FFU18 Comdty|PX_LAST,FFU18 Comdty|OPEN_INT,FFU18 Comdty|PX_VOLUME,FFV18 Comdty|PX_LAST,FFV18 Comdty|OPEN_INT,FFV18 Comdty|PX_VOLUME,FFX18 Comdty|PX_LAST,FFX18 Comdty|OPEN_INT,FFX18 Comdty|PX_VOLUME,FFZ18 Comdty|PX_LAST,FFZ18 Comdty|OPEN_INT,FFZ18 Comdty|PX_VOLUME,FFF19 Comdty|PX_LAST,FFF19 Comdty|OPEN_INT,FFF19 Comdty|PX_VOLUME,FFG19 Comdty|PX_LAST,FFG19 Comdty|OPEN_INT,FFG19 Comdty|PX_VOLUME,FFH19 Comdty|PX_LAST,FFH19 Comdty|OPEN_INT,FFH19 Comdty|PX_VOLUME,FFJ19 Comdty|PX_LAST,FFJ19 Comdty|OPEN_INT,FFJ19 Comdty|PX_VOLUME,FFK19 Comdty|PX_LAST,FFK19 Comdty|OPEN_INT,FFK19 Comdty|PX_VOLUME,FFM19 Comdty|PX_LAST,FFM19 Comdty|OPEN_INT,FFM19 Comdty|PX_VOLUME,FFN19 Comdty|PX_LAST,FFN19 Comdty|OPEN_INT,FFN19 Comdty|PX_VOLUME,FFQ19 Comdty|PX_LAST,FFQ19 Comdty|OPEN_INT,FFQ19 Comdty|PX_VOLUME,FFU19 Comdty|PX_LAST,FFU19 Comdty|OPEN_INT,FFU19 Comdty|PX_VOLUME,FFV19 Comdty|PX_LAST,FFV19 Comdty|OPEN_INT,FFV19 Comdty|PX_VOLUME,FFX19 Comdty|PX_LAST,FFX19 Comdty|OPEN_INT,FFX19 Comdty|PX_VOLUME,FFZ19 Comdty|PX_LAST,FFZ19 Comdty|OPEN_INT,FFZ19 Comdty|PX_VOLUME,FFF20 Comdty|PX_LAST,FFF20 Comdty|OPEN_INT,FFF20 Comdty|PX_VOLUME,FFG20 Comdty|PX_LAST,FFG20 Comdty|OPEN_INT,FFG20 Comdty|PX_VOLUME,FFH20 Comdty|PX_LAST,FFH20 Comdty|OPEN_INT,FFH20 Comdty|PX_VOLUME,FFJ20 Comdty|PX_LAST,FFJ20 Comdty|OPEN_INT,FFJ20 Comdty|PX_VOLUME,FFK20 Comdty|PX_LAST,FFK20 Comdty|OPEN_INT,FFK20 Comdty|PX_VOLUME,FFM20 Comdty|PX_LAST,FFM20 Comdty|OPEN_INT,FFM20 Comdty|PX_VOLUME,FFN20 Comdty|PX_LAST,FFN20 Comdty|OPEN_INT,FFN20 Comdty|PX_VOLUME,FFQ20 Comdty|PX_LAST,FFQ20 Comdty|OPEN_INT,FFQ20 Comdty|PX_VOLUME,FFU20 Comdty|PX_LAST,FFU20 Comdty|OPEN_INT,FFU20 Comdty|PX_VOLUME,FFV20 Comdty|PX_LAST,FFV20 Comdty|OPEN_INT,FFV20 Comdty|PX_VOLUME,FFX20 Comdty|PX_LAST,FFX20 Comdty|OPEN_INT,FFX20 Comdty|PX_VOLUME,FFZ20 Comdty|PX_LAST,FFF21 Comdty|PX_LAST,FFG21 Comdty|PX_LAST,FFH21 Comdty|PX_LAST,FFJ21 Comdty|PX_LAST,FFK21 Comdty|PX_LAST,FFM21 Comdty|PX_LAST,FFN21 Comdty|PX_LAST,FFQ21 Comdty|PX_LAST,FFU21 Comdty|PX_LAST,FFV21 Comdty|PX_LAST,FFX21 Comdty|PX_LAST,FFZ21 Comdty|PX_LAST,FFF22 Comdty|PX_LAST,FFG22 Comdty|PX_LAST,FFH22 Comdty|PX_LAST,FFJ22 Comdty|PX_LAST,FFK22 Comdty|PX_LAST,FFM22 Comdty|PX_LAST,FFN22 Comdty|PX_LAST,FFQ22 Comdty|PX_LAST,FFU22 Comdty|PX_LAST,FFV22 Comdty|PX_LAST,FFX22 Comdty|PX_LAST,FFZ22 Comdty|PX_LAST,FFF23 Comdty|PX_LAST,FFG23 Comdty|PX_LAST,FFH23 Comdty|PX_LAST,FFJ23 Comdty|PX_LAST,FFK23 Comdty|PX_LAST,FFM23 Comdty|PX_LAST,FFN23 Comdty|PX_LAST,FFQ23 Comdty|PX_LAST,FFU23 Comdty|PX_LAST,FFV23 Comdty|PX_LAST,FFX23 Comdty|PX_LAST
2018-01-02,98.59,264290.0,37316.0,98.59,200920.0,12793.0,98.535,73656.0,4876.0,98.42,177155.0,19934.0,98.405,72543.0,7214.0,98.325,34898.0,4675.0,98.26,95010.0,13440.0,98.24,67339.0,3370.0,98.24,36354.0,4053.0,98.14,68426.0,8361.0,98.13,63869.0,5046.0,98.1,22610.0,5115.0,98.055,151190.0,11886.0,98.045,44251.0,6244.0,98.035,6372.0,2056.0,98.0,7450.0,3345.0,97.995,2888.0,348.0,97.98,884.0,181.0,97.955,1508.0,94.0,97.95,687.0,111.0,97.94,135.0,10.0,97.925,205.0,35.0,97.92,170.0,25.0,97.905,787.0,NaN,97.895,1044.0,53.0,97.895,288.0,73.0,97.875,25.0,41.0,97.875,310.0,46.0,97.89,232.0,35.0,97.885,5.0,10.0,97.88,28.0,25.0,97.88,113.0,25.0,97.87,43.0,NaN,97.87,12.0,NaN,97.875,20.0,NaN,97.855,NaN,NaN,NaN,NaN,NaN,NaN,NaN,NaN,NaN,NaN,NaN,NaN,NaN,NaN,NaN,NaN,NaN,NaN,NaN,NaN,NaN,NaN,NaN,NaN,NaN,NaN,NaN,NaN,NaN,NaN,NaN,NaN,NaN,NaN,NaN
2018-01-03,98.59,259788.0,9956.0,98.59,201291.0,4431.0,98.53,77869.0,15984.0,98.405,197663.0,63779.0,98.39,73679.0,15833.0,98.315,35332.0,4180.0,98.245,95489.0,6745.0,98.225,67200.0,3575.0,98.225,36463.0,2431.0,98.125,69975.0,3778.0,98.115,64067.0,2356.0,98.09,23111.0,2651.0,98.045,154404.0,15950.0,98.04,45195.0,4110.0,98.025,6452.0,959.0,97.99,7939.0,1877.0,97.985,2895.0,809.0,97.97,846.0,535.0,97.945,1567.0,197.0,97.94,641.0,99.0,97.935,135.0,NaN,97.915,206.0,21.0,97.915,164.0,20.0,97.9,792.0,7.0,97.89,1017.0,52.0,97.895,303.0,39.0,97.88,32.0,32.0,97.885,305.0,10.0,97.89,230.0,2.0,97.885,7.0,2.0,97.885,14.0,43.0,97.885,138.0,43.0,97.875,48.0,8.0,97.87,12.0,5.0,97.875,22.0,4.0,97.855,NaN,NaN,NaN,NaN,NaN,NaN,NaN,NaN,NaN,NaN,NaN,NaN,NaN,NaN,NaN,NaN,NaN,NaN,NaN,NaN,NaN,NaN,NaN,NaN,NaN,NaN,NaN,NaN,NaN,NaN,NaN,NaN,NaN,NaN,NaN
2018-01-04,98.5875,257694.0,6308.0,98.585,195928.0,18760.0,98.525,81069.0,10759.0,98.39,191688.0,65676.0,98.38,78859.0,26478.0,98.3,35353.0,7772.0,98.235,92176.0,17592.0,98.21,65977.0,8507.0,98.21,36488.0,4062.0,98.11,73284.0,13115.0,98.1,63841.0,8747.0,98.075,22952.0,5558.0,98.025,156934.0,27477.0,98.015,47948.0,4658.0,98.005,7234.0,1834.0,97.965,8598.0,2892.0,97.955,3969.0,1731.0,97.94,1206.0,741.0,97.91,1670.0,790.0,97.905,1353.0,835.0,97.895,135.0,NaN,97.885,203.0,76.0,97.885,156.0,10.0,97.86,792.0,11.0,97.86,879.0,230.0,97.865,303.0,NaN,97.845,32.0,NaN,97.85,306.0,1.0,97.85,230.0,NaN,97.845,7.0,NaN,97.845,14.0,NaN,97.845,138.0,NaN,97.835,48.0,NaN,97.835,19.0,8.0,97.845,30.0,8.0,97.83,NaN,NaN,NaN,NaN,NaN,NaN,NaN,NaN,NaN,NaN,NaN,NaN,NaN,NaN,NaN,NaN,NaN,NaN,NaN,NaN,NaN,NaN,NaN,NaN,NaN,NaN,NaN,NaN,NaN,NaN,NaN,NaN,NaN,NaN,NaN
2018-01-05,98.5875,253023.0,16293.0,98.585,201308.0,26840.0,98.525,80893.0,13335.0,98.39,197887.0,35197.0,98.38,80122.0,12029.0,98.3,35578.0,5011.0,98.23,98121.0,21953.0,98.21,62839.0,12415.0,98.205,36966.0,2827.0,98.1,75777.0,10002.0,98.09,67987.0,13877.0,98.065,22750.0,1893.0,98.015,156761.0,26154.0,98.01,47808.0,4231.0,97.995,7037.0,710.0,97.955,9671.0,2385.0,97.95,4318.0,879.0,97.93,1249.0,609.0,97.9,1645.0,320.0,97.9,1153.0,334.0,97.885,136.0,6.0,97.875,203.0,5.0,97.875,175.0,21.0,97.85,792.0,NaN,97.85,879.0,25.0,97.855,324.0,21.0,97.83,32.0,NaN,97.835,331.0,25.0,97.845,230.0,NaN,97.835,7.0,NaN,97.835,14.0,NaN,97.835,138.0,NaN,97.82,48.0,NaN,97.815,19.0,NaN,97.825,20.0,10.0,97.815,NaN,NaN,NaN,NaN,NaN,NaN,NaN,NaN,NaN,NaN,NaN,NaN,NaN,NaN,NaN,NaN,NaN,NaN,NaN,NaN,NaN,NaN,NaN,NaN,NaN,NaN,NaN,NaN,NaN,NaN,NaN,NaN,NaN,NaN,NaN
2018-01-08,98.5875,253044.0,4326.0,98.585,199046.0,7555.0,98.525,80400.0,2990.0,98.395,204796.0,19402.0,98.385,79939.0,5654.0,98.31,36359.0,5285.0,98.245,99939.0,10795.0,98.22,63641.0,3199.0,98.22,37014.0,2176.0,98.11,76224.0,3479.0,98.1,67812.0,3969.0,98.07,22808.0,1396.0,98.025,157789.0,12937.0,98.02,50210.0,3673.0,98.005,6885.0,364.0,97.965,9724.0,140.0,97.96,4360.0,100.0,97.94,2239.0,1280.0,97.91,1705.0,137.0,97.905,1179.0,58.0,97.895,136.0,NaN,97.88,203.0,NaN,97.88,199.0,37.0,97.86,792.0,NaN,97.855,882.0,3.0,97.86,324.0,NaN,97.835,32.0,NaN,97.84,331.0,NaN,97.85,230.0,NaN,97.845,7.0,NaN,97.84,14.0,NaN,97.84,138.0,NaN,97.825,48.0,NaN,97.82,19.0,NaN,97.83,20.0,NaN,97.82,NaN,NaN,NaN,NaN,NaN,NaN,NaN,NaN,NaN,NaN,NaN,NaN,NaN,NaN,NaN,NaN,NaN,NaN,NaN,NaN,NaN,NaN,NaN,NaN,NaN,NaN,NaN,NaN,NaN,NaN,NaN,NaN,NaN,NaN,NaN
2018-01-09,98.5875,253468.0,1752.0,98.585,200163.0,5347.0,98.52,80364.0,11669.0,98.39,194854.0,39975.0,98.38,83549.0,10747.0,98.3,36553.0,3241.0,98.235,101193.0,7839.0,98.21,63355.0,6453.0,98.205,37345.0,2919.0,98.1,81508.0,12870.0,98.09,70328.0,7445.0,98.065,22847.0,3201.0,98.015,158403.0,11095.0,98.01,50442.0,1934.0,97.995,6128.0,2261.0,97.955,10041.0,2758.0,97.945,4580.0,619.0,97.93,2262.0,194.0,97.895,1677.0,258.0,97.895,1162.0,32.0,97.885,136.0,NaN,97.87,203.0,NaN,97.865,205.0,20.0,97.845,792.0,NaN,97.835,1077.0,212.0,97.84,455.0,131.0,97.815,32.0,NaN,97.815,331.0,NaN,97.825,230.0,NaN,97.815,7.0,NaN,97.81,14.0,NaN,97.81,138.0,NaN,97.795,48.0,NaN,97.79,19.0,NaN,97.8,20.0,NaN,97.785,NaN,NaN,NaN,NaN,NaN,NaN,NaN,NaN,NaN,NaN,NaN,NaN,NaN,NaN,NaN,NaN,NaN,NaN,NaN,NaN,NaN,NaN,NaN,NaN,NaN,NaN,NaN,NaN,NaN,NaN,NaN,NaN,NaN,NaN,NaN
2018-01-10,98.5875,249206.0,8006.0,98.585,194437.0,10508.0,98.525,83594.0,6493.0,98.39,202327.0,29348.0,98.385,91494.0,19883.0,98.3,36098.0,4828.0,98.235,98040.0,15418.0,98.215,64615.0,12534.0,98.21,38013.0,3298.0,98.105,85567.0,9711.0,98.095,72805.0,4929.0,98.065,24714.0,4320.0,98.015,156235.0,15178.0,98.01,51302.0,2077.0,97.99,6306.0,1233.0,97.945,10713.0,2279.0,97.94,5345.0,1352.0,97.92,2330.0,154.0,97.89,1765.0,563.0,97.885,1174.0,204.0,97.88,144.0,8.0,97.86,282.0,94.0,97.86,229.0,24.0,97.84,792.0,NaN,97.83,1077.0,NaN,97.835,455.0,NaN,97.81,32.0,NaN,97.815,331.0,NaN,97.825,230.0,NaN,97.815,7.0,NaN,97.81,14.0,NaN,97.81,138.0,NaN,97.795,48.0,NaN,97.79,19.0,NaN,97.8,20.0,NaN,97.785,NaN,NaN,NaN,NaN,NaN,NaN,NaN,NaN,NaN,NaN,NaN,NaN,NaN,NaN,NaN,NaN,NaN,NaN,NaN,NaN,NaN,NaN,NaN,NaN,NaN,NaN,NaN,NaN,NaN,NaN,NaN,NaN,NaN,NaN,NaN
2018-01-11,98.5875,248925.0,1549.0,98.585,197934.0,14550.0,98.525,84767.0,12958.0,98.39,205951.0,35637.0,98.385,90421.0,14928.0,98.305,36158.0,6566.0,98.235,98186.0,16208.0,98.215,63008.0,11651.0,98.21,37746.0,3564.0,98.105,85480.0,11965.0,98.095,78500.0,16797.0,98.065,25487.0,5759.0,98.02,156524.0,13265.0,98.015,52396.0,4508.0,97.995,6300.0,755.0,97.95,11776.0,3019.0,97.945,5250.0,357.0,97.93,2487.0,273.0,97.895,1778.0,451.0,97.895,1223.0,160.0,97.88,159.0,40.0,97.86,285.0,15.0,97.86,229.0,2.0,97.84,792.0,NaN,97.83,1077.0,NaN,97.835,455.0,NaN,97.815,32.0,NaN,97.815,331.0,NaN,97.825,230.0,NaN,97.815,7.0,NaN,97.815,14.0,NaN,97.815,138.0,NaN,97.795,48.0,NaN,97.79,19.0,NaN,97.8,20.0,NaN,97.79,NaN,NaN,NaN,NaN,NaN,NaN,NaN,NaN,NaN,NaN,NaN,NaN,NaN,NaN,NaN,NaN,NaN,NaN,NaN,NaN,NaN,NaN,NaN,NaN,NaN,NaN,NaN,NaN,NaN,NaN,NaN,NaN,NaN,NaN,NaN
2018-01-12,98.5875,247793.0,3001.0,98.58,207840.0,26127.0,98.52,83082.0,12413.0,98.37,206132.0,47163.0,98.365,89057.0,22981.0,98.28,37681.0,9044.0,98.215,101490.0,19228.0,98.195,61995.0,11051.0,98.19,37801.0,3368.0,98.08,84174.0,12949.0,98.07,83912.0,12871.0,98.04,26830.0,5303.0,97.99,154684.0,18402.0,97.985,52860.0,4496.0,97.965,6059.0,2284.0,97.915,14185.0,3723.0,97.91,5499.0,1070.0,97.89,2496.0,320.0,97.855,1910.0,258.0,97.855,1300.0,184.0,97.845,161.0,2.0,97.825,270.0,50.0,97.825,251.0,50.0,97.8,792.0,4.0,97.785,1191.0,132.0,97.79,470.0,21.0,97.765,42.0,10.0,97.77,331.0,4.0,97.775,230.0,NaN,97.77,7.0,NaN,97.765,14.0,NaN,97.765,138.0,NaN,97.755,48.0,NaN,97.75,19.0,NaN,97.76,20.0,NaN,97.75,NaN,NaN,NaN,NaN,NaN,NaN,NaN,NaN,NaN,NaN,NaN,NaN,NaN,NaN,NaN,NaN,NaN,NaN,NaN,NaN,NaN,NaN,NaN,NaN,NaN,NaN,NaN,NaN,NaN,NaN,NaN,NaN,NaN,NaN,NaN
2018-01-16,98.5875,245293.0,7092.0,98.58,208771.0,6935.0,98.515,83062.0,17814.0,98.37,205171.0,34494.0,98.365,92549.0,12607.0,98.275,37554.0,6509.0,98.205,101313.0,12404.0,98.185,62438.0,5601.0,98.18,38080.0,2989.0,98.07,84168.0,7523.0,98.06,89809.0,10592.0,98.03,26605.0,2440.0,97.975,155979.0,13469.0,97.97,53382.0,2850.0,97.95,6144.0,715.0,97.905,15460.0,4020.0,97.895,5475.0,299.0,97.88,2463.0,106.0,97.845,1922.0,75.0,97.84,1392.0,168.0,97.825,161.0,NaN,97.815,283.0,20.0,97.815,251.0,NaN,97.79,787.0,5.0,97.775,1191.0,NaN,97.78,470.0,NaN,97.755,42.0,NaN,97.76,331.0,NaN,97.77,230.0,NaN,97.76,7.0,NaN,97.755,14.0,NaN,97.755,138.0,NaN,97.745,48.0,NaN,97.74,19.0,NaN,97.75,20.0,NaN,97.74,NaN,NaN,NaN,NaN,NaN,NaN,NaN,NaN,NaN,NaN,NaN,NaN,NaN,NaN,NaN,NaN,NaN,NaN,NaN,NaN,NaN,NaN,NaN,NaN,NaN,NaN,NaN,NaN,NaN,NaN,NaN,NaN,NaN,NaN,NaN
2018-01-17,98.5875,244090.0,6914.0,98.58,209188.0,4458.0,98.515,81084.0,2928.0,98.37,207920.0,17284.0,98.365,92644.0,10079.0,98.27,36545.0,7467.0,98.195,102194.0,11915.0,98.17,60839.0,10401.0,98.17,38349.0,4660.0,98.05,86178.0,15450.0,98.035,99307.0,20772.0,98.005,25547.0,5527.0,97.95,150795.0,24156.0,97.94,55163.0,7449.0,97.92,6189.0,905.0,97.87,16200.0,3072.0,97.87,6007.0,940.0,97.845,2420.0,286.0,97.805,1987.0,210.0,97.805,1435.0,97.0,97.79,161.0,24.0,97.78,283.0,2.0,97.775,253.0,40.0,97.75,787.0,NaN,97.74,1191.0,NaN,97.745,470.0,NaN,97.715,42.0,NaN,97.72,331.0,NaN,97.73,230.0,NaN,97.725,7.0,NaN,97.72,14.0,NaN,97.72,138.0,NaN,97.705,48.0,NaN,97.7,19.0,NaN,97.71,20.0,NaN,97.7,NaN,NaN,NaN,NaN,NaN,NaN,NaN,NaN,NaN,NaN,NaN,NaN,NaN,NaN,NaN,NaN,NaN,NaN,NaN,NaN,NaN,NaN,NaN,NaN,NaN,NaN,NaN,NaN,NaN,NaN,NaN,NaN,NaN,NaN,NaN
2018-01-18,98.5875,243236.0,8416.0,98.58,210237.0,4432.0,98.515,80702.0,3989.0,98.38,212104.0,44168.0,98.37,94494.0,24216.0,98.28,36878.0,10943.0,98.21,109309.0,25270.0,98.185,64986.0,19201.0,98.185,39215.0,6459.0,98.06,86012.0,12288.0,98.045,99554.0,9178.0,98.015,25288.0,3530.0,97.96,152092.0,19960.0,97.955,56778.0,7413.0,97.935,6058.0,1179.0,97.885,15983.0,3089.0,97.875,6201.0,854.0,97.855,2522.0,208.0,97.815,1768.0,636.0,97.81,1501.0,336.0,97.795,161.0,NaN,97.78,289.0,26.0,97.77,275.0,26.0,97.745,787.0,8.0,97.735,1016.0,177.0,97.735,458.0,12.0,97.71,42.0,NaN,97.715,331.0,NaN,97.725,230.0,NaN,97.715,7.0,NaN,97.705,14.0,NaN,97.705,138.0,NaN,97.695,48.0,NaN,97.69,19.0,NaN,97.695,20.0,NaN,97.68,NaN,NaN,NaN,NaN,NaN,NaN,NaN,NaN,NaN,NaN,NaN,NaN,NaN,NaN,NaN,NaN,NaN,NaN,NaN,NaN,NaN,NaN,NaN,NaN,NaN,NaN,NaN,NaN,NaN,NaN,NaN,NaN,NaN,NaN,NaN
2018-01-19,98.5875,243080.0,224.0,98.58,211204.0,5128.0,98.515,80386.0,4147.0,98.37,221542.0,45684.0,98.365,100788.0,28244.0,98.275,36627.0,4337.0,98.2,110592.0,14262.0,98.18,62827.0,10786.0,98.175,39257.0,6882.0,98.05,91302.0,14907.0,98.04,102175.0,11915.0,98.01,25753.0,7285.0,97.95,150464.0,23860.0,97.95,58875.0,8962.0,97.925,6231.0,1661.0,97.875,15930.0,2618.0,97.87,6269.0,792.0,97.845,2567.0,238.0,97.805,1788.0,453.0,97.795,1673.0,420.0,97.78,160.0,38.0,97.755,300.0,99.0,97.75,278.0,44.0,97.715,787.0,28.0,97.705,1014.0,59.0,97.7,433.0,55.0,97.67,42.0,NaN,97.675,331.0,NaN,97.68,230.0,NaN,97.67,7.0,NaN,97.66,14.0,NaN,97.66,138.0,NaN,97.65,48.0,NaN,97.64,19.0,NaN,97.65,20.0,NaN,97.635,NaN,NaN,NaN,NaN,NaN,NaN,NaN,NaN,NaN,NaN,NaN,NaN,NaN,NaN,NaN,NaN,NaN,NaN,NaN,NaN,NaN,NaN,NaN,NaN,NaN,NaN,NaN,NaN,NaN,NaN,NaN,NaN,NaN,NaN,NaN
2018-01-22,98.5875,243002.0,190.0,98.58,218952.0,10304.0,98.515,80880.0,1244.0,98.37,233543.0,30293.0,98.36,105109.0,15091.0,98.27,35646.0,5111.0,98.195,113575.0,13114.0,98.175,65312.0,10267.0,98.17,39277.0,1866.0,98.04,89873.0,14756.0,98.025,106976.0,16370.0,97.99,26343.0,5568.0,97.93,144879.0,23911.0,97.925,60308.0,5240.0,97.9,6169.0,601.0,97.85,16323.0,2215.0,97.84,6487.0,691.0,97.815,2529.0,113.0,97.775,1794.0,128.0,97.765,1694.0,81.0,97.74,160.0,NaN,97.715,300.0,NaN,97.71,278.0,NaN,97.68,787.0,NaN,97.66,1020.0,6.0,97.655,433.0,NaN,97.63,52.0,10.0,97.63,321.0,10.0,97.635,230.0,NaN,97.62,7.0,NaN,97.615,14.0,NaN,97.615,138.0,NaN,97.61,48.0,NaN,97.6,29.0,10.0,97.605,30.0,10.0,97.595,NaN,NaN,NaN,NaN,NaN,NaN,NaN,NaN,NaN,NaN,NaN,NaN,NaN,NaN,NaN,NaN,NaN,NaN,NaN,NaN,NaN,NaN,NaN,NaN,NaN,NaN,NaN,NaN,NaN,NaN,NaN,NaN,NaN,NaN,NaN
2018-01-23,98.5875,243033.0,729.0,98.58,217722.0,11062.0,98.515,82266.0,3975.0,98.365,231950.0,21892.0,98.36,108009.0,12458.0,98.275,36169.0,8245.0,98.205,114035.0,25811.0,98.18,66596.0,11038.0,98.18,39021.0,4606.0,98.05,90299.0,12175.0,98.04,107356.0,6427.0,98.01,25778.0,3436.0,97.955,147993.0,16160.0,97.945,59766.0,2626.0,97.925,6480.0,780.0,97.875,18350.0,4887.0,97.87,6378.0,713.0,97.845,2387.0,252.0,97.8,2433.0,1189.0,97.79,1599.0,402.0,97.78,191.0,39.0,97.755,388.0,102.0,97.75,263.0,54.0,97.725,782.0,9.0,97.705,1077.0,158.0,97.7,414.0,27.0,97.675,52.0,NaN,97.675,321.0,NaN,97.685,230.0,NaN,97.675,7.0,NaN,97.665,14.0,NaN,97.665,138.0,NaN,97.66,48.0,NaN,97.65,29.0,NaN,97.655,30.0,NaN,97.645,NaN,NaN,NaN,NaN,NaN,NaN,NaN,NaN,NaN,NaN,NaN,NaN,NaN,NaN,NaN,NaN,NaN,NaN,NaN,NaN,NaN,NaN,NaN,NaN,NaN,NaN,NaN,NaN,NaN,NaN,NaN,NaN,NaN,NaN,NaN
2018-01-24,98.5875,251014.0,13134.0,98.58,262066.0,97793.0,98.515,82908.0,11201.0,98.365,233344.0,11127.0,98.36,108941.0,16488.0,98.275,36873.0,3929.0,98.2,117363.0,13545.0,98.18,66056.0,5936.0,98.175,39591.0,3793.0,98.05,91985.0,19685.0,98.035,106264.0,17831.0,98.005,25772.0,2418.0,97.95,147941.0,12217.0,97.94,59584.0,1241.0,97.92,6605.0,876.0,97.865,19523.0,2887.0,97.86,6433.0,276.0,97.835,2330.0,112.0,97.785,2459.0,229.0,97.78,1560.0,121.0,97.765,201.0,17.0,97.74,430.0,101.0,97.735,292.0,63.0,97.71,782.0,NaN,97.68,1302.0,305.0,97.685,424.0,10.0,97.66,52.0,NaN,97.665,321.0,NaN,97.67,230.0,NaN,97.655,7.0,NaN,97.65,14.0,NaN,97.65,138.0,NaN,97.64,48.0,NaN,97.63,29.0,NaN,97.635,30.0,NaN,97.62,NaN,NaN,NaN,NaN,NaN,NaN,NaN,NaN,NaN,NaN,NaN,NaN,NaN,NaN,NaN,NaN,NaN,NaN,NaN,NaN,NaN,NaN,NaN,NaN,NaN,NaN,NaN,NaN,NaN,NaN,NaN,NaN,NaN,NaN,NaN
2018-01-25,98.5875,247535.0,58243.0,98.575,248278.0,88129.0,98.51,89242.0,25725.0,98.36,237342.0,31732.0,98.355,110300.0,16710.0,98.27,37113.0,5235.0,98.2,118622.0,27105.0,98.175,70139.0,17254.0,98.175,39523.0,4351.0,98.05,97506.0,28302.0,98.03,103434.0,26719.0,97.995,25188.0,4071.0,97.945,154464.0,46159.0,97.93,72984.0,28632.0,97.91,7063.0,1125.0,97.865,18853.0,3314.0,97.85,6815.0,2317.0,97.825,2193.0,365.0,97.785,2960.0,1351.0,97.78,1822.0,1004.0,97.765,187.0,85.0,97.74,476.0,436.0,97.73,466.0,448.0,97.69,1784.0,1352.0,97.67,1513.0,625.0,97.68,576.0,309.0,97.655,88.0,113.0,97.665,296.0,56.0,97.67,233.0,6.0,97.66,7.0,NaN,97.655,14.0,NaN,97.655,138.0,NaN,97.645,48.0,NaN,97.64,29.0,NaN,97.645,30.0,NaN,97.635,NaN,NaN,NaN,NaN,NaN,NaN,NaN,NaN,NaN,NaN,NaN,NaN,NaN,NaN,NaN,NaN,NaN,NaN,NaN,NaN,NaN,NaN,NaN,NaN,NaN,NaN,NaN,NaN,NaN,NaN,NaN,NaN,NaN,NaN,NaN
2018-01-26,98.5875,243685.0,8985.0,98.575,252153.0,19977.0,98.51,88301.0,587.0,98.36,237938.0,14612.0,98.35,110822.0,12618.0,98.26,37509.0,3179.0,98.19,114925.0,16073.0,98.165,72469.0,15494.0,98.16,39315.0,6538.0,98.03,100960.0,14300.0,98.01,108979.0,15137.0,97.975,25900.0,4990.0,97.92,156611.0,19237.0,97.905,75816.0,7173.0,97.885,6916.0,557.0,97.835,18901.0,1691.0,97.825,7245.0,768.0,97.795,2230.0,219.0,97.75,3196.0,602.0,97.745,1855.0,365.0,97.735,405.0,255.0,97.705,499.0,115.0,97.7,501.0,73.0,97.67,1727.0,87.0,97.65,1514.0,32.0,97.655,579.0,7.0,97.625,93.0,7.0,97.63,310.0,20.0,97.63,231.0,4.0,97.62,7.0,NaN,97.61,14.0,NaN,97.61,138.0,NaN,97.6,48.0,NaN,97.595,29.0,NaN,97.6,30.0,NaN,97.59,NaN,NaN,NaN,NaN,NaN,NaN,NaN,NaN,NaN,NaN,NaN,NaN,NaN,NaN,NaN,NaN,NaN,NaN,NaN,NaN,NaN,NaN,NaN,NaN,NaN,NaN,NaN,NaN,NaN,NaN,NaN,NaN,NaN,NaN,NaN
2018-01-29,98.5875,243059.0,3556.0,98.575,253309.0,14873.0,98.51,88288.0,5980.0,98.36,234357.0,22310.0,98.35,112654.0,24657.0,98.265,38239.0,4761.0,98.19,115979.0,13832.0,98.165,71980.0,9425.0,98.165,39357.0,4673.0,98.035,104214.0,10234.0,98.01,111884.0,19927.0,97.975,25804.0,3711.0,97.925,151375.0,27862.0,97.905,77822.0,10973.0,97.885,6988.0,732.0,97.83,22965.0,7740.0,97.82,7571.0,1495.0,97.79,2218.0,424.0,97.74,4453.0,1642.0,97.735,1814.0,434.0,97.725,397.0,12.0,97.695,474.0,80.0,97.69,504.0,67.0,97.65,1727.0,6.0,97.625,1535.0,69.0,97.63,527.0,68.0,97.605,93.0,NaN,97.605,310.0,NaN,97.61,231.0,NaN,97.6,7.0,NaN,97.59,14.0,NaN,97.585,138.0,NaN,97.575,48.0,NaN,97.565,29.0,NaN,97.57,30.0,NaN,97.56,NaN,NaN,NaN,NaN,NaN,NaN,NaN,NaN,NaN,NaN,NaN,NaN,NaN,NaN,NaN,NaN,NaN,NaN,NaN,NaN,NaN,NaN,NaN,NaN,NaN,NaN,NaN,NaN,NaN,NaN,NaN,NaN,NaN,NaN,NaN
2018-01-30,98.5875,242564.0,1659.0,98.575,255598.0,12860.0,98.51,88076.0,586.0,98.36,233047.0,23435.0,98.35,113783.0,26066.0,98.26,38141.0,5667.0,98.185,115546.0,18974.0,98.155,74963.0,15296.0,98.155,38906.0,3978.0,98.025,103999.0,17064.0,98.005,118883.0,19398.0,97.965,25798.0,6484.0,97.915,155888.0,18957.0,97.895,80104.0,7293.0,97.875,6298.0,1169.0,97.82,23736.0,3895.0,97.805,7878.0,1329.0,97.78,2514.0,595.0,97.73,4356.0,622.0,97.725,1769.0,133.0,97.715,397.0,NaN,97.685,508.0,76.0,97.675,481.0,25.0,97.645,1729.0,23.0,97.62,1506.0,29.0,97.625,527.0,NaN,97.6,93.0,NaN,97.605,310.0,NaN,97.605,231.0,NaN,97.595,7.0,NaN,97.58,14.0,NaN,97.58,138.0,NaN,97.57,48.0,NaN,97.56,29.0,NaN,97.565,30.0,NaN,97.55,NaN,NaN,NaN,NaN,NaN,NaN,NaN,NaN,NaN,NaN,NaN,NaN,NaN,NaN,NaN,NaN,NaN,NaN,NaN,NaN,NaN,NaN,NaN,NaN,NaN,NaN,NaN,NaN,NaN,NaN,NaN,NaN,NaN,NaN,NaN
2018-01-31,98.5875,241499.0,1973.0,98.58,235038.0,108780.0,98.51,83930.0,22506.0,98.355,236024.0,38719.0,98.34,116095.0,18426.0,98.25,41114.0,8499.0,98.175,122222.0,46800.0,98.14,77351.0,21485.0,98.14,39334.0,4207.0,98.015,105288.0,18530.0,97.99,122735.0,18153.0,97.95,26914.0,8364.0,97.9,156684.0,41480.0,97.88,83437.0,15572.0,97.86,6610.0,1444.0,97.81,24248.0,2957.0,97.79,8616.0,2449.0,97.76,2980.0,1277.0,97.71,4284.0,454.0,97.7,1737.0,360.0,97.69,443.0,66.0,97.66,548.0,62.0,97.65,485.0,44.0,97.62,1739.0,20.0,97.6,1357.0,210.0,97.6,483.0,44.0,97.57,93.0,NaN,97.57,310.0,NaN,97.57,231.0,NaN,97.56,7.0,NaN,97.55,14.0,NaN,97.55,138.0,NaN,97.545,48.0,NaN,97.535,39.0,10.0,97.54,40.0,10.0,97.525,97.5,NaN,NaN,NaN,NaN,NaN,NaN,NaN,NaN,NaN,NaN,NaN,NaN,NaN,NaN,NaN,NaN,NaN,NaN,NaN,NaN,NaN,NaN,NaN,NaN,NaN,NaN,NaN,NaN,NaN,NaN,NaN,NaN,NaN,NaN
2018-02-01,98.585,NaN,NaN,98.58,232106.0,36229.0,98.51,80448.0,13839.0,98.355,232265.0,28054.0,98.345,123479.0,25048.0,98.25,42693.0,5367.0,98.175,128468.0,19629.0,98.14,76982.0,12217.0,98.14,40377.0,4646.0,98.015,106254.0,10423.0,97.99,123967.0,6524.0,97.95,26973.0,3680.0,97.9,158979.0,36234.0,97.875,82612.0,6781.0,97.855,6522.0,1014.0,97.8,24378.0,2395.0,97.78,8649.0,1068.0,97.75,2931.0,886.0,97.7,4825.0,1435.0,97.685,1762.0,451.0,97.67,406.0,60.0,97.635,528.0,121.0,97.625,487.0,31.0,97.59,1739.0,NaN,97.56,1343.0,61.0,97.56,453.0,60.0,97.53,93.0,NaN,97.53,310.0,NaN,97.53,231.0,NaN,97.515,8.0,1.0,97.505,14.0,NaN,97.505,138.0,NaN,97.49,48.0,NaN,97.48,39.0,NaN,97.485,40.0,NaN,97.47,97.46,NaN,NaN,NaN,NaN,NaN,NaN,NaN,NaN,NaN,NaN,NaN,NaN,NaN,NaN,NaN,NaN,NaN,NaN,NaN,NaN,NaN,NaN,NaN,NaN,NaN,NaN,NaN,NaN,NaN,NaN,NaN,NaN,NaN,NaN
2018-02-02,NaN,NaN,NaN,98.5825,233177.0,16739.0,98.515,80441.0,19024.0,98.36,236829.0,84524.0,98.345,128666.0,54177.0,98.255,42043.0,10538.0,98.18,137652.0,46209.0,98.135,69987.0,33753.0,98.135,39889.0,7886.0,98.02,111094.0,33386.0,97.985,133755.0,33255.0,97.95,25517.0,10336.0,97.895,169963.0,67120.0,97.87,86648.0,23849.0,97.845,6492.0,2956.0,97.795,26852.0,11463.0,97.77,11961.0,8028.0,97.74,2950.0,745.0,97.685,5617.0,2468.0,97.67,2023.0,1175.0,97.655,465.0,169.0,97.62,675.0,359.0,97.605,538.0,322.0,97.57,1740.0,5.0,97.535,1415.0,386.0,97.535,441.0,30.0,97.5,96.0,6.0,97.495,310.0,NaN,97.49,231.0,NaN,97.47,8.0,NaN,97.455,14.0,NaN,97.455,138.0,NaN,97.44,48.0,NaN,97.425,44.0,5.0,97.43,45.0,5.0,97.405,97.4,NaN,NaN,NaN,NaN,NaN,NaN,NaN,NaN,NaN,NaN,NaN,NaN,NaN,NaN,NaN,NaN,NaN,NaN,NaN,NaN,NaN,NaN,NaN,NaN,NaN,NaN,NaN,NaN,NaN,NaN,NaN,NaN,NaN,NaN
2018-02-05,NaN,NaN,NaN,98.5825,235421.0,55821.0,98.52,86531.0,22040.0,98.38,240489.0,79240.0,98.37,122934.0,51423.0,98.285,43697.0,12187.0,98.215,134808.0,31990.0,98.18,70089.0,24542.0,98.175,39057.0,11608.0,98.08,115410.0,33293.0,98.055,141140.0,33110.0,98.02,24637.0,9918.0,97.97,169172.0,63759.0,97.94,86102.0,14327.0,97.92,6873.0,2102.0,97.87,32830.0,13553.0,97.845,12676.0,5579.0,97.82,3063.0,1375.0,97.775,6784.0,4089.0,97.76,2766.0,1468.0,97.745,435.0,58.0,97.715,691.0,358.0,97.7,591.0,396.0,97.67,1733.0,382.0,97.635,1435.0,151.0,97.635,464.0,34.0,97.605,93.0,22.0,97.605,302.0,11.0,97.6,231.0,NaN,97.59,8.0,NaN,97.575,14.0,NaN,97.57,138.0,NaN,97.56,48.0,NaN,97.545,44.0,NaN,97.55,45.0,NaN,97.525,97.52,NaN,NaN,NaN,NaN,NaN,NaN,NaN,NaN,NaN,NaN,NaN,NaN,NaN,NaN,NaN,NaN,NaN,NaN,NaN,NaN,NaN,NaN,NaN,NaN,NaN,NaN,NaN,NaN,NaN,NaN,NaN,NaN,NaN,NaN
2018-02-06,NaN,NaN,NaN,98.5825,237854.0,21979.0,98.52,81839.0,26845.0,98.385,272188.0,172423.0,98.37,121953.0,54941.0,98.28,43394.0,18695.0,98.205,150239.0,71252.0,98.165,61789.0,33692.0,98.165,38715.0,10759.0,98.07,116979.0,34291.0,98.04,146853.0,29882.0,98.005,24263.0,12463.0,97.955,173239.0,70178.0,97.925,84790.0,6909.0,97.905,7072.0,3038.0,97.855,32926.0,7702.0,97.835,12678.0,3792.0,97.805,2956.0,2076.0,97.76,10684.0,8854.0,97.75,3292.0,1744.0,97.74,451.0,277.0,97.71,1208.0,920.0,97.7,535.0,211.0,97.67,1735.0,66.0,97.635,1484.0,199.0,97.64,468.0,10.0,97.615,92.0,2.0,97.61,302.0,NaN,97.61,231.0,NaN,97.595,8.0,NaN,97.585,14.0,NaN,97.585,138.0,NaN,97.575,48.0,NaN,97.56,44.0,NaN,97.565,45.0,NaN,97.55,97.545,NaN,NaN,NaN,NaN,NaN,NaN,NaN,NaN,NaN,NaN,NaN,NaN,NaN,NaN,NaN,NaN,NaN,NaN,NaN,NaN,NaN,NaN,NaN,NaN,NaN,NaN,NaN,NaN,NaN,NaN,NaN,NaN,NaN,NaN
2018-02-07,NaN,NaN,NaN,98.5825,234371.0,8443.0,98.515,80884.0,12580.0,98.37,341350.0,181547.0,98.35,117911.0,38018.0,98.265,43938.0,9633.0,98.195,142256.0,42904.0,98.16,66015.0,27067.0,98.16,38620.0,6608.0,98.055,117614.0,20643.0,98.03,144971.0,15027.0,97.995,23970.0,5311.0,97.94,176142.0,26159.0,97.915,85396.0,4004.0,97.895,6969.0,554.0,97.84,33620.0,2579.0,97.82,12500.0,2656.0,97.795,3968.0,2950.0,97.745,11417.0,2838.0,97.73,3384.0,474.0,97.715,307.0,153.0,97.685,1181.0,176.0,97.665,522.0,46.0,97.635,1741.0,16.0,97.6,1484.0,6.0,97.6,453.0,21.0,97.58,67.0,25.0,97.57,322.0,20.0,97.575,241.0,10.0,97.56,8.0,NaN,97.55,14.0,NaN,97.545,138.0,NaN,97.535,48.0,NaN,97.525,44.0,NaN,97.53,45.0,NaN,97.505,97.505,NaN,NaN,NaN,NaN,NaN,NaN,NaN,NaN,NaN,NaN,NaN,NaN,NaN,NaN,NaN,NaN,NaN,NaN,NaN,NaN,NaN,NaN,NaN,NaN,NaN,NaN,NaN,NaN,NaN,NaN,NaN,NaN,NaN,NaN
2018-02-08,NaN,NaN,NaN,98.5825,231091.0,10561.0,98.515,83887.0,25469.0,98.37,348311.0,94050.0,98.35,117073.0,37314.0,98.255,39950.0,20964.0,98.19,148261.0,51344.0,98.16,73706.0,26462.0,98.16,38271.0,12114.0,98.055,119914.0,24440.0,98.03,146562.0,19620.0,97.995,25320.0,9907.0,97.94,176643.0,36343.0,97.92,86973.0,5550.0,97.9,7321.0,1495.0,97.85,33437.0,3423.0,97.83,12994.0,2945.0,97.805,4210.0,1079.0,97.76,12708.0,3279.0,97.75,3398.0,787.0,97.74,371.0,294.0,97.705,1511.0,735.0,97.695,462.0,168.0,97.67,1740.0,1.0,97.63,1534.0,73.0,97.63,453.0,NaN,97.61,56.0,25.0,97.605,347.0,25.0,97.605,241.0,NaN,97.595,8.0,NaN,97.585,18.0,16.0,97.575,123.0,16.0,97.565,48.0,NaN,97.555,44.0,NaN,97.56,45.0,NaN,97.54,97.54,NaN,NaN,NaN,NaN,NaN,NaN,NaN,NaN,NaN,NaN,NaN,NaN,NaN,NaN,NaN,NaN,NaN,NaN,NaN,NaN,NaN,NaN,NaN,NaN,NaN,NaN,NaN,NaN,NaN,NaN,NaN,NaN,NaN,NaN
2018-02-09,NaN,NaN,NaN,98.5825,240735.0,88004.0,98.515,83993.0,25740.0,98.38,378343.0,164634.0,98.365,118551.0,57445.0,98.28,36953.0,22156.0,98.22,156929.0,66647.0,98.195,80517.0,33272.0,98.195,39281.0,10887.0,98.11,127695.0,32919.0,98.085,150757.0,35901.0,98.05,29206.0,22311.0,98.0,196576.0,81760.0,97.985,86766.0,9112.0,97.97,7983.0,2234.0,97.92,41096.0,14498.0,97.9,12591.0,2990.0,97.88,4328.0,1781.0,97.83,13578.0,3513.0,97.825,3360.0,922.0,97.815,442.0,108.0,97.78,1456.0,355.0,97.77,519.0,90.0,97.75,1757.0,94.0,97.695,1737.0,212.0,97.705,447.0,6.0,97.685,56.0,6.0,97.675,347.0,NaN,97.68,241.0,NaN,97.67,8.0,NaN,97.66,18.0,NaN,97.65,123.0,NaN,97.64,48.0,NaN,97.63,44.0,NaN,97.63,55.0,10.0,97.605,97.605,NaN,NaN,NaN,NaN,NaN,NaN,NaN,NaN,NaN,NaN,NaN,NaN,NaN,NaN,NaN,NaN,NaN,NaN,NaN,NaN,NaN,NaN,NaN,NaN,NaN,NaN,NaN,NaN,NaN,NaN,NaN,NaN,NaN,NaN
2018-02-12,NaN,NaN,NaN,98.5825,247738.0,19529.0,98.515,84662.0,3191.0,98.365,380538.0,20436.0,98.355,116345.0,13702.0,98.27,37974.0,6224.0,98.21,165481.0,30104.0,98.175,81411.0,11652.0,98.175,38821.0,4032.0,98.08,130539.0,18009.0,98.055,153488.0,13276.0,98.02,29486.0,3751.0,97.975,197957.0,18915.0,97.95,86719.0,2499.0,97.935,7971.0,486.0,97.885,41238.0,2507.0,97.865,12509.0,492.0,97.84,4372.0,589.0,97.79,14621.0,2537.0,97.785,3345.0,176.0,97.78,440.0,101.0,97.74,1730.0,446.0,97.735,515.0,121.0,97.705,1933.0,242.0,97.67,1741.0,61.0,97.675,492.0,45.0,97.655,56.0,NaN,97.645,347.0,NaN,97.645,241.0,NaN,97.635,8.0,NaN,97.625,18.0,NaN,97.615,123.0,NaN,97.605,48.0,NaN,97.59,44.0,NaN,97.595,55.0,NaN,97.565,97.565,NaN,NaN,NaN,NaN,NaN,NaN,NaN,NaN,NaN,NaN,NaN,NaN,NaN,NaN,NaN,NaN,NaN,NaN,NaN,NaN,NaN,NaN,NaN,NaN,NaN,NaN,NaN,NaN,NaN,NaN,NaN,NaN,NaN,NaN
2018-02-13,NaN,NaN,NaN,98.5825,262993.0,32867.0,98.515,85069.0,2103.0,98.365,378948.0,37491.0,98.355,120756.0,18481.0,98.265,37075.0,8597.0,98.2,168915.0,38666.0,98.17,89322.0,25078.0,98.17,38719.0,3786.0,98.065,133832.0,22027.0,98.04,154183.0,6903.0,98.005,30898.0,5649.0,97.96,193353.0,37975.0,97.935,87304.0,3024.0,97.92,8090.0,1063.0,97.87,43805.0,5364.0,97.85,12435.0,1003.0,97.825,4206.0,601.0,97.78,15110.0,1682.0,97.77,3398.0,830.0,97.765,667.0,273.0,97.73,1607.0,232.0,97.725,545.0,105.0,97.695,1939.0,46.0,97.66,1748.0,38.0,97.67,540.0,72.0,97.645,68.0,32.0,97.635,346.0,6.0,97.64,233.0,13.0,97.625,18.0,11.0,97.615,18.0,NaN,97.605,123.0,NaN,97.595,48.0,NaN,97.585,44.0,NaN,97.59,55.0,NaN,97.56,97.565,NaN,NaN,NaN,NaN,NaN,NaN,NaN,NaN,NaN,NaN,NaN,NaN,NaN,NaN,NaN,NaN,NaN,NaN,NaN,NaN,NaN,NaN,NaN,NaN,NaN,NaN,NaN,NaN,NaN,NaN,NaN,NaN,NaN,NaN
2018-02-14,NaN,NaN,NaN,98.58,262929.0,785.0,98.51,86061.0,19085.0,98.35,379750.0,58499.0,98.335,111253.0,34891.0,98.24,36320.0,8780.0,98.165,171775.0,38325.0,98.135,89701.0,36941.0,98.135,39116.0,10994.0,98.015,134851.0,50758.0,97.985,166369.0,31759.0,97.95,30219.0,9678.0,97.9,195842.0,56313.0,97.87,87779.0,9887.0,97.85,8201.0,2922.0,97.795,41554.0,16326.0,97.77,14582.0,5302.0,97.745,4054.0,1621.0,97.7,14465.0,2546.0,97.685,3685.0,903.0,97.675,666.0,16.0,97.64,1647.0,110.0,97.63,553.0,43.0,97.6,1946.0,28.0,97.56,1789.0,51.0,97.565,548.0,8.0,97.545,68.0,25.0,97.535,371.0,25.0,97.535,233.0,NaN,97.52,18.0,NaN,97.51,18.0,NaN,97.5,123.0,NaN,97.49,48.0,NaN,97.48,44.0,NaN,97.485,55.0,NaN,97.455,97.455,NaN,NaN,NaN,NaN,NaN,NaN,NaN,NaN,NaN,NaN,NaN,NaN,NaN,NaN,NaN,NaN,NaN,NaN,NaN,NaN,NaN,NaN,NaN,NaN,NaN,NaN,NaN,NaN,NaN,NaN,NaN,NaN,NaN,NaN
2018-02-15,NaN,NaN,NaN,98.5825,285484.0,37477.0,98.51,86026.0,2923.0,98.35,379248.0,19422.0,98.335,107041.0,27151.0,98.235,36606.0,7703.0,98.165,173078.0,24284.0,98.13,93426.0,17953.0,98.13,39148.0,6618.0,98.015,134904.0,12909.0,97.985,167037.0,11995.0,97.95,30046.0,4190.0,97.895,199444.0,24040.0,97.865,87560.0,6962.0,97.845,8141.0,714.0,97.79,43060.0,6065.0,97.765,14745.0,1295.0,97.74,4081.0,953.0,97.69,14827.0,1214.0,97.675,3797.0,293.0,97.665,669.0,52.0,97.63,1651.0,146.0,97.62,553.0,13.0,97.59,1946.0,72.0,97.555,1785.0,6.0,97.555,547.0,1.0,97.53,68.0,NaN,97.52,371.0,NaN,97.525,233.0,NaN,97.515,18.0,NaN,97.505,18.0,NaN,97.5,123.0,NaN,97.49,48.0,NaN,97.485,44.0,NaN,97.49,55.0,NaN,97.465,97.47,NaN,NaN,NaN,NaN,NaN,NaN,NaN,NaN,NaN,NaN,NaN,NaN,NaN,NaN,NaN,NaN,NaN,NaN,NaN,NaN,NaN,NaN,NaN,NaN,NaN,NaN,NaN,NaN,NaN,NaN,NaN,NaN,NaN,NaN
2018-02-16,NaN,NaN,NaN,98.5825,287080.0,6786.0,98.51,86161.0,1937.0,98.345,381746.0,54927.0,98.33,115631.0,38457.0,98.235,36910.0,7259.0,98.16,174536.0,21528.0,98.13,105609.0,44678.0,98.13,48604.0,30962.0,98.025,139840.0,32348.0,97.995,169394.0,12301.0,97.965,30593.0,2984.0,97.91,195019.0,34980.0,97.885,88980.0,8600.0,97.865,8310.0,681.0,97.81,46314.0,5335.0,97.785,15371.0,1728.0,97.755,3998.0,295.0,97.705,14922.0,2042.0,97.69,3908.0,295.0,97.68,532.0,183.0,97.645,1684.0,94.0,97.625,548.0,9.0,97.595,1946.0,NaN,97.56,1787.0,2.0,97.565,548.0,1.0,97.55,68.0,NaN,97.54,371.0,NaN,97.545,233.0,NaN,97.535,8.0,10.0,97.53,18.0,10.0,97.52,123.0,NaN,97.515,48.0,NaN,97.505,44.0,NaN,97.51,55.0,NaN,97.49,97.49,NaN,NaN,NaN,NaN,NaN,NaN,NaN,NaN,NaN,NaN,NaN,NaN,NaN,NaN,NaN,NaN,NaN,NaN,NaN,NaN,NaN,NaN,NaN,NaN,NaN,NaN,NaN,NaN,NaN,NaN,NaN,NaN,NaN,NaN
2018-02-19,NaN,NaN,NaN,NaN,287080.0,NaN,NaN,86161.0,NaN,NaN,381746.0,NaN,NaN,115631.0,NaN,NaN,36910.0,NaN,NaN,174536.0,NaN,NaN,105609.0,NaN,NaN,48604.0,NaN,NaN,139840.0,NaN,NaN,169394.0,NaN,NaN,30593.0,NaN,NaN,195019.0,NaN,NaN,88980.0,NaN,NaN,8310.0,NaN,NaN,46314.0,NaN,NaN,15371.0,NaN,NaN,3998.0,NaN,NaN,14922.0,NaN,NaN,3908.0,NaN,NaN,532.0,NaN,NaN,1684.0,NaN,NaN,548.0,NaN,NaN,1946.0,NaN,NaN,1787.0,NaN,NaN,548.0,NaN,NaN,68.0,NaN,NaN,371.0,NaN,NaN,233.0,NaN,NaN,8.0,NaN,NaN,18.0,NaN,NaN,123.0,NaN,NaN,48.0,NaN,NaN,44.0,NaN,NaN,55.0,NaN,NaN,NaN,NaN,NaN,NaN,NaN,NaN,NaN,NaN,NaN,NaN,NaN,NaN,NaN,NaN,NaN,NaN,NaN,NaN,NaN,NaN,NaN,NaN,NaN,NaN,NaN,NaN,NaN,NaN,NaN,NaN,NaN,NaN,NaN,NaN,NaN
2018-02-20,NaN,NaN,NaN,98.5825,287114.0,6815.0,98.51,89787.0,7868.0,98.345,394916.0,68382.0,98.325,135889.0,76190.0,98.23,36182.0,15349.0,98.16,182514.0,35619.0,98.12,110584.0,25584.0,98.12,49063.0,9467.0,98.01,141572.0,23722.0,97.985,169613.0,15637.0,97.95,30109.0,4710.0,97.895,198818.0,35325.0,97.87,92205.0,8707.0,97.845,8016.0,1513.0,97.79,46575.0,4287.0,97.76,15173.0,1095.0,97.735,3893.0,633.0,97.68,14799.0,1411.0,97.66,4580.0,1529.0,97.65,540.0,59.0,97.615,1763.0,278.0,97.6,499.0,77.0,97.57,1946.0,NaN,97.53,1786.0,56.0,97.535,548.0,NaN,97.515,68.0,NaN,97.51,371.0,NaN,97.515,233.0,NaN,97.505,8.0,NaN,97.5,18.0,NaN,97.49,123.0,NaN,97.485,48.0,NaN,97.48,44.0,NaN,97.485,55.0,NaN,97.46,97.465,NaN,NaN,NaN,NaN,NaN,NaN,NaN,NaN,NaN,NaN,NaN,NaN,NaN,NaN,NaN,NaN,NaN,NaN,NaN,NaN,NaN,NaN,NaN,NaN,NaN,NaN,NaN,NaN,NaN,NaN,NaN,NaN,NaN,NaN
2018-02-21,NaN,NaN,NaN,98.5825,281266.0,16454.0,98.51,96392.0,32530.0,98.345,438642.0,107188.0,98.32,154083.0,109268.0,98.22,38847.0,18088.0,98.145,188245.0,41777.0,98.11,110498.0,29300.0,98.11,49128.0,9700.0,97.99,161625.0,48878.0,97.965,175868.0,25937.0,97.925,32767.0,16049.0,97.87,200529.0,48986.0,97.84,91926.0,8315.0,97.815,8094.0,1055.0,97.755,48874.0,9656.0,97.73,15314.0,2013.0,97.7,3955.0,1656.0,97.64,16461.0,3638.0,97.62,4775.0,416.0,97.61,544.0,236.0,97.565,1697.0,259.0,97.55,479.0,32.0,97.52,1967.0,33.0,97.48,1782.0,56.0,97.485,548.0,NaN,97.465,68.0,NaN,97.455,371.0,NaN,97.46,233.0,NaN,97.445,8.0,NaN,97.44,18.0,NaN,97.435,123.0,NaN,97.43,48.0,NaN,97.42,44.0,NaN,97.425,55.0,NaN,97.405,97.41,NaN,NaN,NaN,NaN,NaN,NaN,NaN,NaN,NaN,NaN,NaN,NaN,NaN,NaN,NaN,NaN,NaN,NaN,NaN,NaN,NaN,NaN,NaN,NaN,NaN,NaN,NaN,NaN,NaN,NaN,NaN,NaN,NaN,NaN
2018-02-22,NaN,NaN,NaN,98.5825,281590.0,1289.0,98.51,95431.0,18790.0,98.345,440245.0,26126.0,98.32,156323.0,19432.0,98.225,39499.0,17726.0,98.155,186358.0,31561.0,98.115,115619.0,28149.0,98.11,49303.0,7358.0,97.99,165712.0,39280.0,97.965,181756.0,22719.0,97.93,31322.0,10005.0,97.875,199896.0,29658.0,97.845,93570.0,8495.0,97.825,8054.0,1517.0,97.77,50189.0,13637.0,97.735,15540.0,4687.0,97.71,3900.0,1115.0,97.65,19427.0,5294.0,97.63,4812.0,600.0,97.62,734.0,270.0,97.575,1787.0,784.0,97.555,688.0,395.0,97.525,2169.0,263.0,97.49,3102.0,1469.0,97.5,713.0,328.0,97.48,87.0,134.0,97.47,253.0,245.0,97.48,258.0,50.0,97.47,8.0,NaN,97.465,18.0,NaN,97.46,123.0,NaN,97.46,48.0,NaN,97.455,44.0,NaN,97.46,55.0,NaN,97.44,97.44,NaN,NaN,NaN,NaN,NaN,NaN,NaN,NaN,NaN,NaN,NaN,NaN,NaN,NaN,NaN,NaN,NaN,NaN,NaN,NaN,NaN,NaN,NaN,NaN,NaN,NaN,NaN,NaN,NaN,NaN,NaN,NaN,NaN,NaN
2018-02-23,NaN,NaN,NaN,98.58,286245.0,7934.0,98.51,95285.0,1106.0,98.345,451963.0,35187.0,98.32,167407.0,28296.0,98.22,40440.0,10955.0,98.145,190813.0,42776.0,98.11,127613.0,37696.0,98.105,49377.0,5302.0,97.995,169758.0,22382.0,97.97,183254.0,22972.0,97.935,33662.0,10530.0,97.885,204110.0,39861.0,97.855,97003.0,13816.0,97.835,8787.0,2386.0,97.78,50655.0,10653.0,97.75,16371.0,3870.0,97.72,4002.0,1755.0,97.665,22793.0,7871.0,97.65,5004.0,1359.0,97.64,1654.0,1528.0,97.605,2132.0,919.0,97.59,1010.0,417.0,97.56,2489.0,406.0,97.525,3378.0,407.0,97.535,829.0,128.0,97.52,87.0,NaN,97.515,266.0,82.0,97.525,274.0,32.0,97.51,8.0,NaN,97.505,43.0,50.0,97.505,123.0,50.0,97.495,48.0,50.0,97.49,44.0,50.0,97.5,55.0,50.0,97.48,97.485,NaN,NaN,NaN,NaN,NaN,NaN,NaN,NaN,NaN,NaN,NaN,NaN,NaN,NaN,NaN,NaN,NaN,NaN,NaN,NaN,NaN,NaN,NaN,NaN,NaN,NaN,NaN,NaN,NaN,NaN,NaN,NaN,NaN,NaN
2018-02-26,NaN,NaN,NaN,98.5825,289078.0,8541.0,98.5075,97481.0,7767.0,98.345,443929.0,37658.0,98.325,168126.0,18152.0,98.225,41518.0,7350.0,98.15,189285.0,22979.0,98.115,127364.0,19960.0,98.11,48337.0,6452.0,97.995,174240.0,19575.0,97.97,191620.0,24667.0,97.935,42781.0,17998.0,97.88,210672.0,33833.0,97.855,102423.0,15999.0,97.84,9632.0,2694.0,97.785,51239.0,5513.0,97.755,15788.0,2027.0,97.73,3922.0,559.0,97.68,22841.0,2046.0,97.66,5151.0,729.0,97.65,1656.0,84.0,97.615,2354.0,472.0,97.6,1192.0,268.0,97.56,2639.0,182.0,97.535,3648.0,427.0,97.545,937.0,108.0,97.53,87.0,NaN,97.52,266.0,NaN,97.53,274.0,NaN,97.52,8.0,NaN,97.515,43.0,NaN,97.515,123.0,NaN,97.51,48.0,NaN,97.505,44.0,NaN,97.51,55.0,NaN,97.485,97.495,NaN,NaN,NaN,NaN,NaN,NaN,NaN,NaN,NaN,NaN,NaN,NaN,NaN,NaN,NaN,NaN,NaN,NaN,NaN,NaN,NaN,NaN,NaN,NaN,NaN,NaN,NaN,NaN,NaN,NaN,NaN,NaN,NaN,NaN
2018-02-27,NaN,NaN,NaN,98.5825,290435.0,4433.0,98.505,92585.0,17754.0,98.34,425684.0,84821.0,98.325,172740.0,40517.0,98.225,57830.0,40748.0,98.14,189057.0,59465.0,98.11,128722.0,32628.0,98.105,48287.0,11458.0,97.97,173677.0,23197.0,97.945,191373.0,15504.0,97.9,43187.0,5195.0,97.845,211575.0,46229.0,97.815,102302.0,8920.0,97.795,9831.0,1317.0,97.74,52872.0,6511.0,97.71,17110.0,4439.0,97.68,4052.0,1045.0,97.63,22406.0,3348.0,97.61,5366.0,628.0,97.6,1609.0,232.0,97.565,2441.0,709.0,97.545,1304.0,717.0,97.51,2640.0,114.0,97.48,4063.0,1102.0,97.485,1147.0,389.0,97.465,87.0,25.0,97.45,266.0,50.0,97.46,274.0,NaN,97.445,8.0,NaN,97.44,43.0,NaN,97.44,123.0,NaN,97.435,48.0,NaN,97.43,44.0,NaN,97.435,56.0,1.0,97.41,97.42,NaN,NaN,NaN,NaN,NaN,NaN,NaN,NaN,NaN,NaN,NaN,NaN,NaN,NaN,NaN,NaN,NaN,NaN,NaN,NaN,NaN,NaN,NaN,NaN,NaN,NaN,NaN,NaN,NaN,NaN,NaN,NaN,NaN,NaN
2018-02-28,NaN,NaN,NaN,98.5825,289729.0,1776.0,98.505,91424.0,5676.0,98.34,413205.0,32793.0,98.33,164351.0,38646.0,98.215,71013.0,30150.0,98.135,194485.0,51567.0,98.1,130028.0,32817.0,98.095,45546.0,12718.0,97.96,170392.0,19519.0,97.93,195103.0,16593.0,97.89,43395.0,7713.0,97.835,210566.0,37149.0,97.81,99135.0,20909.0,97.79,9909.0,1234.0,97.735,52757.0,15153.0,97.705,17239.0,1698.0,97.68,3973.0,826.0,97.63,23637.0,4722.0,97.61,5292.0,291.0,97.6,1605.0,27.0,97.565,2797.0,519.0,97.55,1477.0,280.0,97.515,2824.0,235.0,97.485,4524.0,572.0,97.5,1306.0,161.0,97.475,62.0,NaN,97.465,266.0,NaN,97.475,274.0,NaN,97.465,8.0,NaN,97.46,43.0,NaN,97.465,123.0,NaN,97.46,48.0,NaN,97.455,44.0,NaN,97.46,56.0,NaN,97.435,97.445,97.445,NaN,NaN,NaN,NaN,NaN,NaN,NaN,NaN,NaN,NaN,NaN,NaN,NaN,NaN,NaN,NaN,NaN,NaN,NaN,NaN,NaN,NaN,NaN,NaN,NaN,NaN,NaN,NaN,NaN,NaN,NaN,NaN,NaN
2018-03-01,NaN,NaN,NaN,98.582,NaN,NaN,98.5075,91841.0,28194.0,98.35,427944.0,89304.0,98.34,162372.0,46047.0,98.24,70608.0,17032.0,98.155,204864.0,93066.0,98.135,143566.0,81112.0,98.13,46262.0,19956.0,97.995,168030.0,47540.0,97.975,197417.0,32227.0,97.935,44297.0,11265.0,97.875,221761.0,72107.0,97.855,98785.0,13412.0,97.835,10212.0,3280.0,97.78,54141.0,8328.0,97.76,17881.0,3175.0,97.735,4736.0,2094.0,97.685,26098.0,5712.0,97.67,5195.0,539.0,97.665,1592.0,67.0,97.625,3075.0,679.0,97.615,1503.0,134.0,97.58,2852.0,89.0,97.54,6216.0,1789.0,97.555,1716.0,471.0,97.545,62.0,NaN,97.535,312.0,249.0,97.555,286.0,13.0,97.55,8.0,NaN,97.54,63.0,40.0,97.545,132.0,18.0,97.54,48.0,NaN,97.535,44.0,NaN,97.545,67.0,11.0,97.52,97.525,97.525,NaN,NaN,NaN,NaN,NaN,NaN,NaN,NaN,NaN,NaN,NaN,NaN,NaN,NaN,NaN,NaN,NaN,NaN,NaN,NaN,NaN,NaN,NaN,NaN,NaN,NaN,NaN,NaN,NaN,NaN,NaN,NaN,NaN
2018-03-02,NaN,NaN,NaN,NaN,NaN,NaN,98.5075,91734.0,10597.0,98.35,421650.0,47497.0,98.34,156294.0,40054.0,98.235,71540.0,14632.0,98.15,198420.0,48004.0,98.13,144302.0,40141.0,98.12,45556.0,16107.0,97.98,169703.0,23084.0,97.96,195817.0,20137.0,97.92,45261.0,9835.0,97.86,225724.0,40188.0,97.84,102868.0,12759.0,97.815,10695.0,2194.0,97.755,56502.0,13164.0,97.735,18702.0,5085.0,97.705,5796.0,2371.0,97.655,29027.0,6935.0,97.64,5066.0,672.0,97.63,1698.0,334.0,97.59,3173.0,492.0,97.575,1553.0,94.0,97.55,2889.0,37.0,97.51,6048.0,265.0,97.52,1744.0,28.0,97.495,62.0,NaN,97.485,319.0,7.0,97.5,286.0,NaN,97.49,8.0,NaN,97.48,63.0,NaN,97.485,132.0,NaN,97.475,48.0,NaN,97.47,44.0,NaN,97.475,80.0,13.0,97.445,97.445,97.45,NaN,NaN,NaN,NaN,NaN,NaN,NaN,NaN,NaN,NaN,NaN,NaN,NaN,NaN,NaN,NaN,NaN,NaN,NaN,NaN,NaN,NaN,NaN,NaN,NaN,NaN,NaN,NaN,NaN,NaN,NaN,NaN,NaN
2018-03-05,NaN,NaN,NaN,NaN,NaN,NaN,98.505,95514.0,23897.0,98.345,417658.0,15427.0,98.33,155914.0,12531.0,98.22,70953.0,7452.0,98.14,196824.0,20981.0,98.115,148999.0,28395.0,98.11,46715.0,8363.0,97.975,167952.0,17561.0,97.95,194477.0,14069.0,97.91,43729.0,6994.0,97.855,222411.0,34030.0,97.83,104663.0,9351.0,97.81,10653.0,1427.0,97.755,56603.0,9864.0,97.73,18083.0,2009.0,97.705,5673.0,1123.0,97.655,29622.0,3858.0,97.64,5199.0,1014.0,97.63,1698.0,199.0,97.59,3364.0,511.0,97.575,1581.0,77.0,97.54,2900.0,18.0,97.505,6841.0,1203.0,97.515,1858.0,114.0,97.49,62.0,NaN,97.48,319.0,NaN,97.49,286.0,NaN,97.48,8.0,NaN,97.475,63.0,NaN,97.475,132.0,NaN,97.465,48.0,NaN,97.455,44.0,NaN,97.465,80.0,NaN,97.445,97.435,97.44,NaN,NaN,NaN,NaN,NaN,NaN,NaN,NaN,NaN,NaN,NaN,NaN,NaN,NaN,NaN,NaN,NaN,NaN,NaN,NaN,NaN,NaN,NaN,NaN,NaN,NaN,NaN,NaN,NaN,NaN,NaN,NaN,NaN
2018-03-06,NaN,NaN,NaN,NaN,NaN,NaN,98.505,96527.0,6842.0,98.34,415597.0,8695.0,98.33,160038.0,9057.0,98.22,71849.0,2633.0,98.14,195672.0,18739.0,98.115,152435.0,16260.0,98.11,46941.0,4361.0,97.975,166204.0,25762.0,97.95,195513.0,12729.0,97.905,44872.0,3803.0,97.85,219372.0,20972.0,97.825,105364.0,8146.0,97.8,9930.0,3239.0,97.745,54316.0,7446.0,97.72,17744.0,1059.0,97.695,5543.0,1037.0,97.645,29614.0,1504.0,97.625,5107.0,428.0,97.62,1706.0,112.0,97.58,3324.0,129.0,97.565,1511.0,147.0,97.53,2878.0,23.0,97.495,6750.0,188.0,97.505,1858.0,NaN,97.485,62.0,NaN,97.48,315.0,4.0,97.485,286.0,NaN,97.475,8.0,NaN,97.465,63.0,NaN,97.465,132.0,NaN,97.455,48.0,NaN,97.445,44.0,NaN,97.455,80.0,NaN,97.435,97.43,97.43,NaN,NaN,NaN,NaN,NaN,NaN,NaN,NaN,NaN,NaN,NaN,NaN,NaN,NaN,NaN,NaN,NaN,NaN,NaN,NaN,NaN,NaN,NaN,NaN,NaN,NaN,NaN,NaN,NaN,NaN,NaN,NaN,NaN
2018-03-07,NaN,NaN,NaN,NaN,NaN,NaN,98.505,100255.0,10694.0,98.34,412556.0,24587.0,98.33,159624.0,6252.0,98.225,73305.0,11847.0,98.14,195176.0,23638.0,98.115,156073.0,14590.0,98.11,46717.0,4839.0,97.97,163593.0,20226.0,97.945,192308.0,19603.0,97.9,47215.0,9579.0,97.84,220038.0,50701.0,97.815,104177.0,14073.0,97.79,10008.0,1755.0,97.735,53995.0,2549.0,97.71,17443.0,1583.0,97.68,5583.0,2734.0,97.63,29837.0,1874.0,97.61,5144.0,225.0,97.605,1731.0,27.0,97.56,3219.0,236.0,97.545,1473.0,48.0,97.515,2870.0,17.0,97.48,6303.0,736.0,97.49,1850.0,296.0,97.475,62.0,NaN,97.465,315.0,NaN,97.475,286.0,NaN,97.46,9.0,2.0,97.45,63.0,4.0,97.455,133.0,7.0,97.445,48.0,10.0,97.44,67.0,39.0,97.445,106.0,40.0,97.425,97.415,97.425,NaN,NaN,NaN,NaN,NaN,NaN,NaN,NaN,NaN,NaN,NaN,NaN,NaN,NaN,NaN,NaN,NaN,NaN,NaN,NaN,NaN,NaN,NaN,NaN,NaN,NaN,NaN,NaN,NaN,NaN,NaN,NaN,NaN
2018-03-08,NaN,NaN,NaN,NaN,NaN,NaN,98.505,100847.0,4459.0,98.34,412577.0,11775.0,98.33,158262.0,13062.0,98.23,73439.0,5625.0,98.15,200102.0,36888.0,98.125,154069.0,28140.0,98.12,47666.0,7348.0,97.98,173389.0,30656.0,97.95,193662.0,13089.0,97.91,47020.0,2622.0,97.845,224747.0,25708.0,97.82,102686.0,7822.0,97.795,10126.0,1940.0,97.735,56056.0,7077.0,97.71,17965.0,2112.0,97.685,5605.0,745.0,97.63,29964.0,817.0,97.61,5168.0,922.0,97.6,1767.0,87.0,97.56,3546.0,793.0,97.545,1567.0,218.0,97.52,2974.0,138.0,97.485,6348.0,55.0,97.495,1895.0,71.0,97.48,62.0,13.0,97.47,315.0,NaN,97.48,286.0,NaN,97.47,9.0,NaN,97.46,63.0,NaN,97.46,133.0,NaN,97.45,48.0,NaN,97.45,67.0,NaN,97.46,106.0,NaN,97.44,97.435,97.44,NaN,NaN,NaN,NaN,NaN,NaN,NaN,NaN,NaN,NaN,NaN,NaN,NaN,NaN,NaN,NaN,NaN,NaN,NaN,NaN,NaN,NaN,NaN,NaN,NaN,NaN,NaN,NaN,NaN,NaN,NaN,NaN,NaN
2018-03-09,NaN,NaN,NaN,NaN,NaN,NaN,98.5025,106032.0,17027.0,98.34,413049.0,10781.0,98.33,161833.0,19089.0,98.23,73218.0,10004.0,98.145,205023.0,26827.0,98.115,153310.0,16734.0,98.11,48211.0,9121.0,97.975,177534.0,33875.0,97.95,196260.0,24939.0,97.905,48432.0,11726.0,97.84,229797.0,40490.0,97.82,104278.0,12027.0,97.79,10262.0,881.0,97.73,60001.0,12967.0,97.705,19311.0,5332.0,97.67,6481.0,2593.0,97.615,31139.0,5144.0,97.595,6669.0,2192.0,97.585,1767.0,95.0,97.545,3610.0,311.0,97.53,1579.0,86.0,97.505,2980.0,6.0,97.465,6237.0,150.0,97.475,1867.0,28.0,97.45,62.0,NaN,97.445,315.0,NaN,97.45,286.0,NaN,97.44,9.0,NaN,97.43,63.0,NaN,97.435,133.0,NaN,97.43,48.0,NaN,97.43,69.0,2.0,97.435,94.0,16.0,97.415,97.41,97.415,NaN,NaN,NaN,NaN,NaN,NaN,NaN,NaN,NaN,NaN,NaN,NaN,NaN,NaN,NaN,NaN,NaN,NaN,NaN,NaN,NaN,NaN,NaN,NaN,NaN,NaN,NaN,NaN,NaN,NaN,NaN,NaN,NaN
2018-03-12,NaN,NaN,NaN,NaN,NaN,NaN,98.505,107805.0,6508.0,98.34,416656.0,11316.0,98.325,163547.0,8701.0,98.225,74565.0,6589.0,98.14,209927.0,20655.0,98.115,151174.0,14577.0,98.105,48009.0,2426.0,97.97,177800.0,14207.0,97.945,200674.0,13171.0,97.9,48346.0,2213.0,97.835,232706.0,16522.0,97.815,103807.0,5632.0,97.79,10495.0,2352.0,97.73,63025.0,8876.0,97.71,19902.0,5869.0,97.68,7137.0,1511.0,97.62,30918.0,2742.0,97.605,6875.0,518.0,97.59,1767.0,10.0,97.545,3582.0,182.0,97.53,1616.0,157.0,97.505,2990.0,20.0,97.465,6954.0,717.0,97.475,2053.0,186.0,97.455,62.0,NaN,97.45,315.0,NaN,97.46,286.0,NaN,97.455,9.0,NaN,97.45,63.0,NaN,97.455,133.0,NaN,97.445,48.0,NaN,97.445,69.0,NaN,97.45,94.0,NaN,97.435,97.435,97.435,NaN,NaN,NaN,NaN,NaN,NaN,NaN,NaN,NaN,NaN,NaN,NaN,NaN,NaN,NaN,NaN,NaN,NaN,NaN,NaN,NaN,NaN,NaN,NaN,NaN,NaN,NaN,NaN,NaN,NaN,NaN,NaN,NaN
2018-03-13,NaN,NaN,NaN,NaN,NaN,NaN,98.505,113197.0,16790.0,98.34,411202.0,35509.0,98.325,163783.0,14645.0,98.225,79314.0,10982.0,98.14,212361.0,26881.0,98.11,148848.0,19543.0,98.105,49141.0,5806.0,97.97,179896.0,11733.0,97.945,202581.0,10317.0,97.905,47654.0,4389.0,97.845,231761.0,35641.0,97.825,105607.0,8856.0,97.8,10826.0,1004.0,97.74,62945.0,3170.0,97.725,20354.0,2003.0,97.695,7449.0,1066.0,97.635,30618.0,2572.0,97.62,6838.0,733.0,97.61,1767.0,4.0,97.565,3621.0,248.0,97.545,1684.0,278.0,97.525,3085.0,95.0,97.475,8252.0,1686.0,97.49,2341.0,448.0,97.485,107.0,61.0,97.465,630.0,336.0,97.48,379.0,119.0,97.48,19.0,10.0,97.475,63.0,NaN,97.48,133.0,NaN,97.47,48.0,NaN,97.47,69.0,NaN,97.475,94.0,NaN,97.455,97.455,97.455,NaN,NaN,NaN,NaN,NaN,NaN,NaN,NaN,NaN,NaN,NaN,NaN,NaN,NaN,NaN,NaN,NaN,NaN,NaN,NaN,NaN,NaN,NaN,NaN,NaN,NaN,NaN,NaN,NaN,NaN,NaN,NaN,NaN
2018-03-14,NaN,NaN,NaN,NaN,NaN,NaN,98.505,113235.0,196.0,98.335,411816.0,15149.0,98.32,164295.0,9081.0,98.23,84181.0,10381.0,98.145,216319.0,35041.0,98.115,152895.0,25877.0,98.11,54638.0,20974.0,97.975,180463.0,20286.0,97.95,201377.0,14118.0,97.91,47456.0,4469.0,97.85,241784.0,43624.0,97.835,109745.0,16147.0,97.81,11144.0,2831.0,97.75,65381.0,11392.0,97.73,21739.0,4220.0,97.705,7920.0,2372.0,97.645,31777.0,5029.0,97.63,6337.0,1157.0,97.62,1767.0,75.0,97.575,4046.0,837.0,97.565,1769.0,276.0,97.535,3130.0,57.0,97.495,8550.0,341.0,97.505,2472.0,216.0,97.5,157.0,52.0,97.49,713.0,85.0,97.505,398.0,43.0,97.5,31.0,12.0,97.5,63.0,NaN,97.505,133.0,NaN,97.495,48.0,NaN,97.495,69.0,NaN,97.5,94.0,NaN,97.485,97.485,97.48,NaN,NaN,NaN,NaN,NaN,NaN,NaN,NaN,NaN,NaN,NaN,NaN,NaN,NaN,NaN,NaN,NaN,NaN,NaN,NaN,NaN,NaN,NaN,NaN,NaN,NaN,NaN,NaN,NaN,NaN,NaN,NaN,NaN
2018-03-15,NaN,NaN,NaN,NaN,NaN,NaN,98.5025,114422.0,6725.0,98.33,399012.0,60527.0,98.315,188189.0,62688.0,98.225,93242.0,21416.0,98.14,218258.0,37428.0,98.11,154254.0,20438.0,98.1,54012.0,8196.0,97.97,188824.0,39314.0,97.94,212284.0,25541.0,97.9,46517.0,11255.0,97.84,249592.0,59635.0,97.815,111122.0,19611.0,97.79,12786.0,5293.0,97.725,67193.0,17797.0,97.705,23629.0,6772.0,97.675,7925.0,1188.0,97.615,31873.0,4140.0,97.6,6436.0,1613.0,97.575,2379.0,2044.0,97.545,4111.0,513.0,97.535,1756.0,50.0,97.515,3151.0,35.0,97.47,8553.0,52.0,97.485,2478.0,6.0,97.475,157.0,NaN,97.46,716.0,20.0,97.47,423.0,31.0,97.46,6.0,31.0,97.455,69.0,57.0,97.46,168.0,35.0,97.46,48.0,NaN,97.455,66.0,22.0,97.465,94.0,25.0,97.45,97.45,97.455,NaN,NaN,NaN,NaN,NaN,NaN,NaN,NaN,NaN,NaN,NaN,NaN,NaN,NaN,NaN,NaN,NaN,NaN,NaN,NaN,NaN,NaN,NaN,NaN,NaN,NaN,NaN,NaN,NaN,NaN,NaN,NaN,NaN
2018-03-16,NaN,NaN,NaN,NaN,NaN,NaN,98.5,114722.0,2285.0,98.33,399357.0,18799.0,98.315,201805.0,32144.0,98.225,96721.0,13430.0,98.14,222968.0,25042.0,98.11,159496.0,20024.0,98.105,54614.0,4805.0,97.97,194364.0,15062.0,97.94,215053.0,14198.0,97.9,48015.0,5878.0,97.84,255857.0,26359.0,97.815,111304.0,9961.0,97.785,10584.0,2170.0,97.72,69775.0,7202.0,97.695,23478.0,2413.0,97.665,8517.0,1837.0,97.6,33916.0,4187.0,97.585,6531.0,574.0,97.565,2504.0,735.0,97.53,4207.0,398.0,97.52,2094.0,515.0,97.5,3173.0,22.0,97.455,8478.0,165.0,97.465,2487.0,9.0,97.46,157.0,NaN,97.44,716.0,NaN,97.45,423.0,NaN,97.44,16.0,21.0,97.435,84.0,57.0,97.445,204.0,36.0,97.44,48.0,NaN,97.44,66.0,NaN,97.445,94.0,NaN,97.43,97.43,97.435,NaN,NaN,NaN,NaN,NaN,NaN,NaN,NaN,NaN,NaN,NaN,NaN,NaN,NaN,NaN,NaN,NaN,NaN,NaN,NaN,NaN,NaN,NaN,NaN,NaN,NaN,NaN,NaN,NaN,NaN,NaN,NaN,NaN
2018-03-19,NaN,NaN,NaN,NaN,NaN,NaN,98.5,112003.0,8366.0,98.33,398622.0,13142.0,98.315,205236.0,19829.0,98.22,102365.0,10598.0,98.135,221392.0,32619.0,98.11,156091.0,16619.0,98.105,54785.0,10503.0,97.975,196123.0,26384.0,97.95,211227.0,20627.0,97.905,46476.0,5727.0,97.84,255430.0,26025.0,97.815,114194.0,8123.0,97.78,11005.0,2165.0,97.715,69438.0,8867.0,97.69,23773.0,1358.0,97.655,8432.0,556.0,97.595,34730.0,4270.0,97.58,6439.0,645.0,97.555,2495.0,237.0,97.525,4300.0,730.0,97.515,2072.0,149.0,97.485,3372.0,332.0,97.45,8272.0,806.0,97.465,2518.0,228.0,97.46,204.0,50.0,97.44,814.0,126.0,97.45,423.0,NaN,97.445,16.0,NaN,97.44,84.0,NaN,97.445,222.0,18.0,97.44,48.0,18.0,97.43,66.0,NaN,97.435,90.0,4.0,97.42,97.42,97.42,NaN,NaN,NaN,NaN,NaN,NaN,NaN,NaN,NaN,NaN,NaN,NaN,NaN,NaN,NaN,NaN,NaN,NaN,NaN,NaN,NaN,NaN,NaN,NaN,NaN,NaN,NaN,NaN,NaN,NaN,NaN,NaN,NaN
2018-03-20,NaN,NaN,NaN,NaN,NaN,NaN,98.5,113397.0,4369.0,98.325,389341.0,82850.0,98.31,209655.0,58370.0,98.21,106613.0,10564.0,98.125,231380.0,32601.0,98.095,162533.0,22725.0,98.09,56117.0,5224.0,97.955,197238.0,22744.0,97.925,216583.0,18883.0,97.885,47405.0,4244.0,97.82,258280.0,25878.0,97.795,114073.0,7726.0,97.76,11519.0,2464.0,97.695,71208.0,10066.0,97.665,24008.0,2471.0,97.63,7578.0,1971.0,97.57,35581.0,3359.0,97.555,6501.0,1016.0,97.53,2524.0,261.0,97.5,4533.0,1116.0,97.485,2198.0,261.0,97.445,3541.0,283.0,97.42,8134.0,851.0,97.43,2485.0,37.0,97.425,179.0,25.0,97.41,811.0,68.0,97.425,423.0,NaN,97.41,16.0,NaN,97.405,84.0,NaN,97.41,222.0,NaN,97.4,48.0,NaN,97.395,66.0,NaN,97.4,90.0,NaN,97.375,97.37,97.375,NaN,NaN,NaN,NaN,NaN,NaN,NaN,NaN,NaN,NaN,NaN,NaN,NaN,NaN,NaN,NaN,NaN,NaN,NaN,NaN,NaN,NaN,NaN,NaN,NaN,NaN,NaN,NaN,NaN,NaN,NaN,NaN,NaN
2018-03-21,NaN,NaN,NaN,NaN,NaN,NaN,98.4975,119331.0,17468.0,98.32,377317.0,43410.0,98.31,212800.0,46061.0,98.215,116745.0,33695.0,98.125,247994.0,85037.0,98.1,163917.0,54107.0,98.095,56021.0,9426.0,97.965,210995.0,45800.0,97.935,220781.0,30427.0,97.895,47878.0,12147.0,97.83,259081.0,98636.0,97.8,112779.0,22732.0,97.765,12398.0,3695.0,97.695,74052.0,17742.0,97.66,23401.0,7548.0,97.625,8045.0,1856.0,97.56,39166.0,14616.0,97.545,6840.0,2762.0,97.52,2713.0,511.0,97.475,4949.0,2072.0,97.465,2320.0,576.0,97.43,3795.0,739.0,97.395,8136.0,1563.0,97.405,2524.0,160.0,97.385,93.0,109.0,97.375,794.0,20.0,97.38,384.0,45.0,97.365,18.0,6.0,97.35,85.0,2.0,97.36,222.0,NaN,97.35,48.0,NaN,97.335,66.0,NaN,97.34,90.0,NaN,97.315,97.305,97.305,NaN,NaN,NaN,NaN,NaN,NaN,NaN,NaN,NaN,NaN,NaN,NaN,NaN,NaN,NaN,NaN,NaN,NaN,NaN,NaN,NaN,NaN,NaN,NaN,NaN,NaN,NaN,NaN,NaN,NaN,NaN,NaN,NaN
2018-03-22,NaN,NaN,NaN,NaN,NaN,NaN,98.4975,118679.0,5502.0,98.315,378445.0,31608.0,98.31,213284.0,21390.0,98.205,118722.0,14711.0,98.13,262142.0,79011.0,98.115,169995.0,47272.0,98.11,60529.0,43702.0,97.975,214668.0,28086.0,97.95,222148.0,18208.0,97.91,47601.0,9629.0,97.845,264899.0,52107.0,97.82,115502.0,14206.0,97.79,12620.0,2181.0,97.715,78329.0,15502.0,97.695,24470.0,4209.0,97.66,7966.0,3823.0,97.6,37406.0,9928.0,97.585,6788.0,2577.0,97.56,3580.0,1129.0,97.525,6274.0,4792.0,97.515,2995.0,1868.0,97.485,4102.0,599.0,97.445,9404.0,2207.0,97.465,2966.0,621.0,97.445,93.0,NaN,97.425,794.0,NaN,97.435,384.0,NaN,97.42,18.0,NaN,97.415,85.0,NaN,97.42,222.0,NaN,97.41,48.0,NaN,97.405,66.0,NaN,97.41,115.0,25.0,97.39,97.385,97.385,NaN,NaN,NaN,NaN,NaN,NaN,NaN,NaN,NaN,NaN,NaN,NaN,NaN,NaN,NaN,NaN,NaN,NaN,NaN,NaN,NaN,NaN,NaN,NaN,NaN,NaN,NaN,NaN,NaN,NaN,NaN,NaN,NaN
2018-03-23,NaN,NaN,NaN,NaN,NaN,NaN,98.4975,122781.0,28442.0,98.325,371380.0,46685.0,98.315,210537.0,24735.0,98.21,121132.0,11325.0,98.125,283735.0,48857.0,98.115,176260.0,31010.0,98.11,59691.0,8860.0,97.975,218660.0,19678.0,97.955,220920.0,18563.0,97.92,48371.0,4250.0,97.855,283034.0,62717.0,97.835,118016.0,8807.0,97.8,12981.0,2421.0,97.73,80896.0,7106.0,97.705,25667.0,4620.0,97.67,10548.0,5458.0,97.61,42357.0,11445.0,97.6,8163.0,3856.0,97.575,3670.0,284.0,97.54,7013.0,3784.0,97.53,3837.0,1453.0,97.5,4193.0,268.0,97.465,11205.0,2839.0,97.485,3962.0,930.0,97.465,92.0,1.0,97.45,777.0,17.0,97.46,454.0,NaN,97.45,16.0,15.0,97.44,115.0,15.0,97.445,222.0,NaN,97.435,48.0,NaN,97.43,66.0,NaN,97.435,115.0,NaN,97.415,97.415,97.415,NaN,NaN,NaN,NaN,NaN,NaN,NaN,NaN,NaN,NaN,NaN,NaN,NaN,NaN,NaN,NaN,NaN,NaN,NaN,NaN,NaN,NaN,NaN,NaN,NaN,NaN,NaN,NaN,NaN,NaN,NaN,NaN,NaN
2018-03-26,NaN,NaN,NaN,NaN,NaN,NaN,98.4975,122332.0,2645.0,98.325,364065.0,20283.0,98.315,209117.0,4565.0,98.21,130520.0,23455.0,98.12,279360.0,24112.0,98.105,174398.0,21637.0,98.1,59985.0,6447.0,97.965,215136.0,13561.0,97.95,219510.0,8870.0,97.91,46812.0,4701.0,97.845,287501.0,22133.0,97.83,115651.0,9077.0,97.795,12899.0,447.0,97.725,82914.0,7731.0,97.7,26080.0,811.0,97.665,10527.0,331.0,97.605,42624.0,2130.0,97.595,8478.0,1037.0,97.57,3813.0,257.0,97.53,7580.0,2057.0,97.525,4220.0,1169.0,97.49,4198.0,70.0,97.455,11130.0,267.0,97.475,3756.0,28.0,97.46,92.0,NaN,97.44,777.0,NaN,97.445,384.0,NaN,97.44,3.0,NaN,97.43,100.0,NaN,97.435,222.0,NaN,97.43,48.0,NaN,97.42,66.0,NaN,97.425,115.0,NaN,97.405,97.405,97.405,NaN,NaN,NaN,NaN,NaN,NaN,NaN,NaN,NaN,NaN,NaN,NaN,NaN,NaN,NaN,NaN,NaN,NaN,NaN,NaN,NaN,NaN,NaN,NaN,NaN,NaN,NaN,NaN,NaN,NaN,NaN,NaN,NaN
2018-03-27,NaN,NaN,NaN,NaN,NaN,NaN,98.4975,122271.0,185.0,98.325,363372.0,5681.0,98.315,203207.0,26604.0,98.215,130939.0,27796.0,98.13,280069.0,47614.0,98.115,172563.0,37951.0,98.11,68704.0,27990.0,97.98,222426.0,39454.0,97.965,217338.0,35725.0,97.93,46492.0,9564.0,97.865,287050.0,81679.0,97.85,116357.0,21571.0,97.82,13449.0,3311.0,97.755,85531.0,9534.0,97.735,26197.0,3066.0,97.7,10570.0,908.0,97.64,43331.0,2831.0,97.635,8522.0,1057.0,97.615,3922.0,260.0,97.575,8532.0,3354.0,97.57,4588.0,1360.0,97.54,4347.0,275.0,97.495,14614.0,4831.0,97.515,4476.0,972.0,97.505,148.0,79.0,97.49,890.0,246.0,97.49,384.0,NaN,97.485,3.0,NaN,97.48,122.0,51.0,97.485,222.0,NaN,97.475,48.0,NaN,97.47,66.0,NaN,97.475,115.0,NaN,97.455,97.455,97.455,NaN,NaN,NaN,NaN,NaN,NaN,NaN,NaN,NaN,NaN,NaN,NaN,NaN,NaN,NaN,NaN,NaN,NaN,NaN,NaN,NaN,NaN,NaN,NaN,NaN,NaN,NaN,NaN,NaN,NaN,NaN,NaN,NaN
2018-03-28,NaN,NaN,NaN,NaN,NaN,NaN,98.4975,121786.0,2680.0,98.325,361784.0,4825.0,98.315,202339.0,9326.0,98.215,128410.0,14945.0,98.13,272467.0,49400.0,98.115,170048.0,28342.0,98.11,65635.0,9249.0,97.975,221538.0,29911.0,97.96,210265.0,22964.0,97.925,46443.0,8200.0,97.86,300564.0,50004.0,97.85,121203.0,14576.0,97.82,13883.0,4774.0,97.75,85263.0,4400.0,97.73,26421.0,2405.0,97.695,10888.0,1210.0,97.64,44187.0,4933.0,97.635,8937.0,1570.0,97.615,4253.0,497.0,97.575,11111.0,5799.0,97.575,4788.0,494.0,97.55,4318.0,303.0,97.51,13976.0,1703.0,97.53,4490.0,19.0,97.52,148.0,NaN,97.505,902.0,12.0,97.51,384.0,NaN,97.505,3.0,NaN,97.5,122.0,NaN,97.505,222.0,NaN,97.495,48.0,NaN,97.49,66.0,NaN,97.495,115.0,NaN,97.475,97.47,97.47,NaN,NaN,NaN,NaN,NaN,NaN,NaN,NaN,NaN,NaN,NaN,NaN,NaN,NaN,NaN,NaN,NaN,NaN,NaN,NaN,NaN,NaN,NaN,NaN,NaN,NaN,NaN,NaN,NaN,NaN,NaN,NaN,NaN
2018-03-29,NaN,NaN,NaN,NaN,NaN,NaN,98.4975,NaN,45094.0,98.325,360906.0,2982.0,98.315,202252.0,2516.0,98.215,127699.0,4962.0,98.13,272962.0,13791.0,98.115,168158.0,9897.0,98.11,65225.0,3429.0,97.98,220086.0,9746.0,97.965,203261.0,20112.0,97.925,46668.0,4963.0,97.86,297680.0,31704.0,97.85,121515.0,8729.0,97.82,13633.0,1849.0,97.75,84099.0,4733.0,97.73,26678.0,2403.0,97.7,10713.0,904.0,97.645,43309.0,3659.0,97.64,9480.0,2061.0,97.625,4679.0,747.0,97.59,11143.0,1325.0,97.59,4965.0,641.0,97.565,4421.0,233.0,97.52,14127.0,293.0,97.54,4492.0,2.0,97.53,148.0,NaN,97.515,900.0,6.0,97.52,381.0,6.0,97.515,3.0,NaN,97.51,122.0,NaN,97.515,222.0,NaN,97.51,48.0,NaN,97.5,66.0,NaN,97.505,115.0,NaN,97.485,97.485,97.49,97.495,NaN,NaN,NaN,NaN,NaN,NaN,NaN,NaN,NaN,NaN,NaN,NaN,NaN,NaN,NaN,NaN,NaN,NaN,NaN,NaN,NaN,NaN,NaN,NaN,NaN,NaN,NaN,NaN,NaN,NaN,NaN,NaN
2018-04-02,NaN,NaN,NaN,NaN,NaN,NaN,98.494,NaN,NaN,98.325,355194.0,23635.0,98.32,202176.0,7512.0,98.22,128905.0,6703.0,98.135,270589.0,15801.0,98.12,170864.0,11099.0,98.115,66345.0,6440.0,97.985,210113.0,25567.0,97.975,193460.0,19780.0,97.94,47204.0,3463.0,97.875,301465.0,18329.0,97.865,123417.0,6351.0,97.835,13968.0,1484.0,97.775,87483.0,6369.0,97.76,26765.0,1949.0,97.725,10595.0,520.0,97.67,43096.0,1518.0,97.67,9304.0,662.0,97.655,4617.0,69.0,97.62,11568.0,1026.0,97.615,5109.0,293.0,97.59,4785.0,510.0,97.55,14379.0,528.0,97.565,4567.0,78.0,97.55,148.0,NaN,97.54,840.0,82.0,97.54,360.0,26.0,97.53,3.0,NaN,97.525,122.0,NaN,97.53,222.0,NaN,97.52,48.0,NaN,97.515,67.0,1.0,97.52,116.0,1.0,97.5,97.5,97.5,97.5,NaN,NaN,NaN,NaN,NaN,NaN,NaN,NaN,NaN,NaN,NaN,NaN,NaN,NaN,NaN,NaN,NaN,NaN,NaN,NaN,NaN,NaN,NaN,NaN,NaN,NaN,NaN,NaN,NaN,NaN,NaN,NaN
2018-04-03,NaN,NaN,NaN,NaN,NaN,NaN,NaN,NaN,NaN,98.32,359132.0,30576.0,98.315,200125.0,22868.0,98.215,131529.0,15596.0,98.13,269346.0,33020.0,98.12,174607.0,18285.0,98.11,69585.0,16960.0,97.98,204859.0,36845.0,97.96,193897.0,28947.0,97.925,48338.0,6500.0,97.865,306930.0,41864.0,97.85,122632.0,7885.0,97.82,13643.0,3130.0,97.755,90516.0,7599.0,97.735,28451.0,4312.0,97.705,11235.0,2233.0,97.64,42903.0,4361.0,97.64,10089.0,1838.0,97.625,4555.0,198.0,97.58,12000.0,1432.0,97.58,5054.0,635.0,97.545,4832.0,191.0,97.51,14371.0,675.0,97.525,4568.0,27.0,97.515,141.0,7.0,97.495,770.0,72.0,97.505,325.0,40.0,97.5,5.0,2.0,97.495,122.0,NaN,97.495,222.0,NaN,97.485,48.0,NaN,97.48,67.0,NaN,97.485,116.0,NaN,97.465,97.465,97.465,97.465,NaN,NaN,NaN,NaN,NaN,NaN,NaN,NaN,NaN,NaN,NaN,NaN,NaN,NaN,NaN,NaN,NaN,NaN,NaN,NaN,NaN,NaN,NaN,NaN,NaN,NaN,NaN,NaN,NaN,NaN,NaN,NaN
2018-04-04,NaN,NaN,NaN,NaN,NaN,NaN,NaN,NaN,NaN,98.3175,354404.0,30928.0,98.31,198965.0,37450.0,98.21,136410.0,23068.0,98.125,276608.0,49639.0,98.115,180889.0,35857.0,98.11,68909.0,15421.0,97.97,206185.0,29504.0,97.955,193149.0,13672.0,97.92,47207.0,6170.0,97.86,311640.0,28407.0,97.85,122833.0,6582.0,97.82,14030.0,2252.0,97.755,92560.0,7451.0,97.735,28375.0,2319.0,97.705,11916.0,2665.0,97.645,41681.0,4831.0,97.64,10266.0,1941.0,97.625,4495.0,518.0,97.585,12063.0,2433.0,97.58,5149.0,1703.0,97.55,4835.0,40.0,97.51,14558.0,308.0,97.53,4593.0,36.0,97.525,140.0,1.0,97.505,735.0,50.0,97.515,305.0,24.0,97.5,5.0,NaN,97.495,122.0,NaN,97.495,222.0,NaN,97.485,48.0,NaN,97.48,67.0,NaN,97.485,116.0,NaN,97.46,97.46,97.46,97.455,NaN,NaN,NaN,NaN,NaN,NaN,NaN,NaN,NaN,NaN,NaN,NaN,NaN,NaN,NaN,NaN,NaN,NaN,NaN,NaN,NaN,NaN,NaN,NaN,NaN,NaN,NaN,NaN,NaN,NaN,NaN,NaN
2018-04-05,NaN,NaN,NaN,NaN,NaN,NaN,NaN,NaN,NaN,98.3175,353949.0,833.0,98.31,198531.0,13088.0,98.205,138376.0,6122.0,98.12,278466.0,31937.0,98.1,174837.0,16718.0,98.095,68771.0,4442.0,97.955,205773.0,14911.0,97.94,193345.0,12940.0,97.905,48725.0,6024.0,97.845,315078.0,37179.0,97.825,122432.0,10542.0,97.795,14080.0,3788.0,97.73,91012.0,8921.0,97.71,28277.0,997.0,97.675,12240.0,3235.0,97.62,41145.0,4234.0,97.61,10696.0,1400.0,97.595,4498.0,78.0,97.555,12039.0,1384.0,97.55,4991.0,340.0,97.52,4836.0,62.0,97.475,14508.0,191.0,97.495,4593.0,2.0,97.49,140.0,NaN,97.47,735.0,NaN,97.48,305.0,NaN,97.47,9.0,6.0,97.46,122.0,2.0,97.47,222.0,NaN,97.46,48.0,NaN,97.45,67.0,NaN,97.455,116.0,NaN,97.425,97.425,97.425,97.425,NaN,NaN,NaN,NaN,NaN,NaN,NaN,NaN,NaN,NaN,NaN,NaN,NaN,NaN,NaN,NaN,NaN,NaN,NaN,NaN,NaN,NaN,NaN,NaN,NaN,NaN,NaN,NaN,NaN,NaN,NaN,NaN
2018-04-06,NaN,NaN,NaN,NaN,NaN,NaN,NaN,NaN,NaN,98.3175,354871.0,8901.0,98.315,197602.0,14085.0,98.22,142534.0,15910.0,98.135,283175.0,67651.0,98.12,172911.0,19184.0,98.11,70019.0,11343.0,97.985,212762.0,38125.0,97.97,195162.0,35223.0,97.94,52900.0,15087.0,97.885,322505.0,107500.0,97.87,120797.0,23885.0,97.84,13775.0,6118.0,97.775,90865.0,14744.0,97.76,28633.0,5520.0,97.725,12736.0,2199.0,97.665,41179.0,13108.0,97.66,10773.0,2397.0,97.645,4702.0,1015.0,97.605,12876.0,1668.0,97.605,5337.0,609.0,97.58,4869.0,59.0,97.535,15059.0,1041.0,97.555,4672.0,123.0,97.55,140.0,NaN,97.525,795.0,60.0,97.535,307.0,2.0,97.525,9.0,NaN,97.52,122.0,NaN,97.52,222.0,NaN,97.51,48.0,NaN,97.505,67.0,NaN,97.51,116.0,NaN,97.485,97.485,97.49,97.485,NaN,NaN,NaN,NaN,NaN,NaN,NaN,NaN,NaN,NaN,NaN,NaN,NaN,NaN,NaN,NaN,NaN,NaN,NaN,NaN,NaN,NaN,NaN,NaN,NaN,NaN,NaN,NaN,NaN,NaN,NaN,NaN
2018-04-09,NaN,NaN,NaN,NaN,NaN,NaN,NaN,NaN,NaN,98.3175,355854.0,2188.0,98.31,196943.0,6485.0,98.21,142352.0,3651.0,98.12,287088.0,36735.0,98.1,171383.0,16984.0,98.09,70830.0,4373.0,97.97,214022.0,17103.0,97.955,198163.0,9492.0,97.925,53473.0,5258.0,97.87,318834.0,26635.0,97.855,116858.0,24194.0,97.83,13441.0,2394.0,97.765,87237.0,11861.0,97.745,28678.0,2542.0,97.71,12675.0,1002.0,97.655,42068.0,5620.0,97.645,10549.0,658.0,97.63,4737.0,373.0,97.595,13255.0,982.0,97.59,5354.0,269.0,97.565,4884.0,47.0,97.525,15113.0,455.0,97.545,4724.0,266.0,97.54,165.0,25.0,97.52,812.0,17.0,97.53,307.0,NaN,97.52,9.0,NaN,97.515,122.0,NaN,97.52,222.0,NaN,97.51,48.0,NaN,97.5,67.0,NaN,97.505,116.0,NaN,97.485,97.48,97.49,97.485,NaN,NaN,NaN,NaN,NaN,NaN,NaN,NaN,NaN,NaN,NaN,NaN,NaN,NaN,NaN,NaN,NaN,NaN,NaN,NaN,NaN,NaN,NaN,NaN,NaN,NaN,NaN,NaN,NaN,NaN,NaN,NaN
2018-04-10,NaN,NaN,NaN,NaN,NaN,NaN,NaN,NaN,NaN,98.315,354377.0,15084.0,98.31,193207.0,18859.0,98.205,144820.0,6289.0,98.11,289223.0,41490.0,98.095,170089.0,15252.0,98.085,70347.0,5747.0,97.96,216931.0,20359.0,97.945,201713.0,14650.0,97.91,53959.0,4247.0,97.855,311652.0,32958.0,97.84,118226.0,10840.0,97.81,13352.0,1677.0,97.745,87750.0,7021.0,97.725,28220.0,3103.0,97.69,12662.0,1113.0,97.635,42597.0,5383.0,97.625,10768.0,1010.0,97.615,4791.0,364.0,97.57,13526.0,1230.0,97.565,5320.0,103.0,97.535,4852.0,63.0,97.5,15088.0,162.0,97.52,4733.0,9.0,97.515,165.0,NaN,97.495,892.0,105.0,97.51,324.0,42.0,97.5,9.0,NaN,97.49,122.0,NaN,97.5,222.0,NaN,97.49,48.0,NaN,97.49,67.0,NaN,97.495,116.0,NaN,97.47,97.47,97.48,97.47,NaN,NaN,NaN,NaN,NaN,NaN,NaN,NaN,NaN,NaN,NaN,NaN,NaN,NaN,NaN,NaN,NaN,NaN,NaN,NaN,NaN,NaN,NaN,NaN,NaN,NaN,NaN,NaN,NaN,NaN,NaN,NaN
2018-04-11,NaN,NaN,NaN,NaN,NaN,NaN,NaN,NaN,NaN,98.315,349493.0,19164.0,98.305,179119.0,27649.0,98.2,150007.0,11248.0,98.11,290522.0,28645.0,98.095,172308.0,21709.0,98.08,68947.0,8071.0,97.955,216610.0,14908.0,97.945,200637.0,9758.0,97.91,54414.0,5246.0,97.855,311171.0,32221.0,97.84,119906.0,19875.0,97.81,13652.0,2308.0,97.745,90659.0,8433.0,97.73,28060.0,2962.0,97.695,13001.0,734.0,97.64,42777.0,3913.0,97.63,10244.0,1876.0,97.62,4782.0,462.0,97.575,13606.0,694.0,97.57,5313.0,280.0,97.545,4729.0,176.0,97.51,14984.0,503.0,97.525,4635.0,123.0,97.525,165.0,NaN,97.51,962.0,102.0,97.515,335.0,15.0,97.51,9.0,NaN,97.505,122.0,NaN,97.51,247.0,25.0,97.495,60.0,25.0,97.495,67.0,NaN,97.5,116.0,NaN,97.48,97.48,97.485,97.475,NaN,NaN,NaN,NaN,NaN,NaN,NaN,NaN,NaN,NaN,NaN,NaN,NaN,NaN,NaN,NaN,NaN,NaN,NaN,NaN,NaN,NaN,NaN,NaN,NaN,NaN,NaN,NaN,NaN,NaN,NaN,NaN
2018-04-12,NaN,NaN,NaN,NaN,NaN,NaN,NaN,NaN,NaN,98.315,343198.0,12736.0,98.31,174600.0,19510.0,98.195,165773.0,31579.0,98.1,292869.0,28539.0,98.085,176963.0,36057.0,98.075,70419.0,8838.0,97.93,216756.0,37956.0,97.92,197212.0,22672.0,97.88,54333.0,5009.0,97.82,309445.0,46881.0,97.81,118750.0,18147.0,97.78,13627.0,2702.0,97.71,91243.0,4465.0,97.695,28039.0,1911.0,97.655,13396.0,880.0,97.6,43364.0,1948.0,97.59,10236.0,582.0,97.575,4825.0,242.0,97.535,14124.0,2046.0,97.53,5242.0,300.0,97.505,4751.0,118.0,97.465,15013.0,590.0,97.485,4617.0,26.0,97.48,165.0,NaN,97.465,964.0,2.0,97.47,335.0,NaN,97.465,9.0,NaN,97.455,122.0,NaN,97.46,247.0,NaN,97.445,60.0,NaN,97.445,67.0,NaN,97.45,116.0,NaN,97.425,97.425,97.435,97.425,NaN,NaN,NaN,NaN,NaN,NaN,NaN,NaN,NaN,NaN,NaN,NaN,NaN,NaN,NaN,NaN,NaN,NaN,NaN,NaN,NaN,NaN,NaN,NaN,NaN,NaN,NaN,NaN,NaN,NaN,NaN,NaN
2018-04-13,NaN,NaN,NaN,NaN,NaN,NaN,NaN,NaN,NaN,98.315,342435.0,7231.0,98.31,177318.0,14377.0,98.195,168288.0,14767.0,98.095,294436.0,20121.0,98.08,177746.0,14858.0,98.07,70974.0,5165.0,97.925,212906.0,32850.0,97.91,195859.0,15562.0,97.875,53550.0,4302.0,97.81,308951.0,34161.0,97.795,119644.0,14090.0,97.765,13711.0,1722.0,97.69,93837.0,6828.0,97.67,28691.0,2794.0,97.635,13415.0,2078.0,97.58,42676.0,4122.0,97.57,10213.0,673.0,97.555,4558.0,498.0,97.515,14255.0,1544.0,97.51,5245.0,165.0,97.485,4788.0,77.0,97.45,14703.0,563.0,97.46,4643.0,440.0,97.46,166.0,5.0,97.445,980.0,16.0,97.455,335.0,NaN,97.455,9.0,NaN,97.445,122.0,NaN,97.455,247.0,NaN,97.44,60.0,NaN,97.44,67.0,NaN,97.45,116.0,NaN,97.425,97.425,97.435,97.425,NaN,NaN,NaN,NaN,NaN,NaN,NaN,NaN,NaN,NaN,NaN,NaN,NaN,NaN,NaN,NaN,NaN,NaN,NaN,NaN,NaN,NaN,NaN,NaN,NaN,NaN,NaN,NaN,NaN,NaN,NaN,NaN
2018-04-16,NaN,NaN,NaN,NaN,NaN,NaN,NaN,NaN,NaN,98.315,342162.0,2934.0,98.31,178150.0,6481.0,98.195,169354.0,8470.0,98.095,295868.0,29327.0,98.08,182249.0,25003.0,98.065,74630.0,11800.0,97.925,212840.0,21186.0,97.905,193685.0,24948.0,97.87,53658.0,10569.0,97.805,309096.0,27485.0,97.79,118342.0,9007.0,97.755,13860.0,2252.0,97.68,94699.0,6302.0,97.66,28541.0,2242.0,97.62,13364.0,1136.0,97.565,43981.0,4528.0,97.555,10509.0,737.0,97.54,4597.0,179.0,97.495,14153.0,898.0,97.49,5335.0,333.0,97.465,4869.0,84.0,97.425,14610.0,320.0,97.44,4651.0,97.0,97.44,166.0,NaN,97.425,991.0,11.0,97.435,335.0,NaN,97.435,9.0,NaN,97.43,122.0,NaN,97.435,247.0,NaN,97.43,60.0,NaN,97.435,67.0,NaN,97.44,116.0,NaN,97.415,97.415,97.43,97.425,NaN,NaN,NaN,NaN,NaN,NaN,NaN,NaN,NaN,NaN,NaN,NaN,NaN,NaN,NaN,NaN,NaN,NaN,NaN,NaN,NaN,NaN,NaN,NaN,NaN,NaN,NaN,NaN,NaN,NaN,NaN,NaN
2018-04-17,NaN,NaN,NaN,NaN,NaN,NaN,NaN,NaN,NaN,98.315,342379.0,18288.0,98.31,183886.0,12573.0,98.19,174114.0,10048.0,98.09,301731.0,24932.0,98.08,184319.0,32027.0,98.065,78629.0,9314.0,97.915,206379.0,24852.0,97.9,195355.0,8455.0,97.86,54625.0,4964.0,97.79,298112.0,29150.0,97.775,118020.0,8274.0,97.745,14120.0,1887.0,97.67,94560.0,9780.0,97.645,28044.0,2164.0,97.61,13303.0,769.0,97.555,46159.0,4042.0,97.545,10622.0,442.0,97.53,4741.0,249.0,97.49,14163.0,666.0,97.485,5469.0,424.0,97.46,5636.0,1157.0,97.425,15759.0,1560.0,97.44,4789.0,141.0,97.435,166.0,NaN,97.425,1038.0,95.0,97.43,353.0,79.0,97.425,25.0,50.0,97.415,122.0,NaN,97.425,247.0,NaN,97.42,60.0,NaN,97.42,71.0,4.0,97.43,120.0,4.0,97.41,97.41,97.42,97.42,NaN,NaN,NaN,NaN,NaN,NaN,NaN,NaN,NaN,NaN,NaN,NaN,NaN,NaN,NaN,NaN,NaN,NaN,NaN,NaN,NaN,NaN,NaN,NaN,NaN,NaN,NaN,NaN,NaN,NaN,NaN,NaN
2018-04-18,NaN,NaN,NaN,NaN,NaN,NaN,NaN,NaN,NaN,98.3125,338263.0,12516.0,98.305,193258.0,29859.0,98.18,176910.0,10601.0,98.08,302672.0,30823.0,98.07,189999.0,28169.0,98.055,80781.0,14535.0,97.895,212642.0,33969.0,97.875,203723.0,19265.0,97.835,53977.0,6000.0,97.77,288758.0,42457.0,97.755,116870.0,7365.0,97.72,15968.0,6339.0,97.645,92939.0,13541.0,97.62,27932.0,3238.0,97.58,14102.0,2918.0,97.525,47094.0,3539.0,97.51,10946.0,898.0,97.495,4793.0,305.0,97.455,13932.0,1242.0,97.45,5510.0,380.0,97.42,5581.0,192.0,97.39,15967.0,2367.0,97.41,4881.0,96.0,97.4,182.0,36.0,97.385,1033.0,41.0,97.395,353.0,NaN,97.385,25.0,NaN,97.38,122.0,NaN,97.39,247.0,NaN,97.38,60.0,NaN,97.38,71.0,NaN,97.385,120.0,NaN,97.365,97.36,97.375,97.375,NaN,NaN,NaN,NaN,NaN,NaN,NaN,NaN,NaN,NaN,NaN,NaN,NaN,NaN,NaN,NaN,NaN,NaN,NaN,NaN,NaN,NaN,NaN,NaN,NaN,NaN,NaN,NaN,NaN,NaN,NaN,NaN
2018-04-19,NaN,NaN,NaN,NaN,NaN,NaN,NaN,NaN,NaN,98.3125,337050.0,7705.0,98.305,198086.0,21645.0,98.185,177127.0,4934.0,98.085,310755.0,25456.0,98.07,196424.0,19472.0,98.055,82142.0,9174.0,97.9,212091.0,20580.0,97.885,204127.0,18317.0,97.84,54451.0,6064.0,97.775,284593.0,29384.0,97.755,116847.0,4834.0,97.72,15049.0,2590.0,97.65,94651.0,9410.0,97.625,28569.0,4062.0,97.59,14898.0,5765.0,97.53,47519.0,1933.0,97.52,11255.0,611.0,97.5,4880.0,147.0,97.455,13852.0,677.0,97.45,5584.0,118.0,97.425,5590.0,69.0,97.38,15976.0,225.0,97.4,4877.0,272.0,97.4,176.0,6.0,97.38,1001.0,79.0,97.385,339.0,52.0,97.375,19.0,24.0,97.365,122.0,12.0,97.365,247.0,NaN,97.36,60.0,NaN,97.365,71.0,NaN,97.37,120.0,NaN,97.35,97.345,97.35,97.35,NaN,NaN,NaN,NaN,NaN,NaN,NaN,NaN,NaN,NaN,NaN,NaN,NaN,NaN,NaN,NaN,NaN,NaN,NaN,NaN,NaN,NaN,NaN,NaN,NaN,NaN,NaN,NaN,NaN,NaN,NaN,NaN
2018-04-20,NaN,NaN,NaN,NaN,NaN,NaN,NaN,NaN,NaN,98.3125,331309.0,17546.0,98.305,198824.0,7782.0,98.185,177404.0,5521.0,98.085,314065.0,32880.0,98.07,194014.0,16989.0,98.055,81429.0,5725.0,97.895,212537.0,21527.0,97.875,204629.0,15477.0,97.83,55252.0,8830.0,97.765,282853.0,32857.0,97.745,115259.0,11174.0,97.71,14849.0,2765.0,97.63,93921.0,11856.0,97.605,29412.0,6070.0,97.57,14604.0,1036.0,97.51,47086.0,2361.0,97.495,11037.0,372.0,97.48,4950.0,508.0,97.435,13733.0,1284.0,97.43,5582.0,859.0,97.4,5704.0,373.0,97.365,15600.0,1461.0,97.375,4848.0,250.0,97.365,176.0,NaN,97.35,973.0,31.0,97.355,323.0,16.0,97.345,19.0,NaN,97.335,122.0,NaN,97.34,247.0,NaN,97.335,60.0,NaN,97.33,71.0,NaN,97.335,120.0,NaN,97.31,97.305,97.315,97.31,NaN,NaN,NaN,NaN,NaN,NaN,NaN,NaN,NaN,NaN,NaN,NaN,NaN,NaN,NaN,NaN,NaN,NaN,NaN,NaN,NaN,NaN,NaN,NaN,NaN,NaN,NaN,NaN,NaN,NaN,NaN,NaN
2018-04-23,NaN,NaN,NaN,NaN,NaN,NaN,NaN,NaN,NaN,98.31,330211.0,8543.0,98.3,203084.0,18480.0,98.175,180564.0,13175.0,98.075,312990.0,26495.0,98.06,195884.0,13194.0,98.045,82291.0,4533.0,97.875,209146.0,26869.0,97.855,207934.0,16527.0,97.81,54754.0,4641.0,97.74,276129.0,36826.0,97.72,116830.0,7772.0,97.69,15191.0,2266.0,97.615,90589.0,10056.0,97.585,29828.0,1823.0,97.55,14588.0,611.0,97.495,47376.0,1853.0,97.48,11296.0,971.0,97.465,5144.0,379.0,97.415,13692.0,429.0,97.415,5617.0,566.0,97.385,5681.0,754.0,97.34,15774.0,1413.0,97.355,4847.0,207.0,97.345,165.0,21.0,97.325,923.0,50.0,97.33,317.0,30.0,97.32,19.0,NaN,97.31,122.0,NaN,97.315,247.0,NaN,97.3,60.0,NaN,97.3,71.0,NaN,97.305,120.0,NaN,97.285,97.28,97.29,97.285,NaN,NaN,NaN,NaN,NaN,NaN,NaN,NaN,NaN,NaN,NaN,NaN,NaN,NaN,NaN,NaN,NaN,NaN,NaN,NaN,NaN,NaN,NaN,NaN,NaN,NaN,NaN,NaN,NaN,NaN,NaN,NaN
2018-04-24,NaN,NaN,NaN,NaN,NaN,NaN,NaN,NaN,NaN,98.31,330102.0,1275.0,98.3,200725.0,6061.0,98.175,185546.0,12932.0,98.075,314074.0,45260.0,98.06,193129.0,31990.0,98.045,82824.0,3715.0,97.885,216582.0,34288.0,97.86,208644.0,12209.0,97.82,54836.0,7034.0,97.75,270989.0,51219.0,97.725,112156.0,23683.0,97.695,15816.0,3086.0,97.625,90506.0,15154.0,97.595,30392.0,2849.0,97.56,13150.0,2510.0,97.505,46870.0,3153.0,97.49,11795.0,1610.0,97.475,4499.0,1465.0,97.425,13772.0,2101.0,97.425,5669.0,1631.0,97.395,5491.0,453.0,97.35,17904.0,2619.0,97.37,4952.0,295.0,97.355,149.0,40.0,97.335,1041.0,136.0,97.345,295.0,NaN,97.34,19.0,NaN,97.33,122.0,NaN,97.33,247.0,NaN,97.32,60.0,NaN,97.32,71.0,NaN,97.325,120.0,NaN,97.3,97.295,97.3,97.295,NaN,NaN,NaN,NaN,NaN,NaN,NaN,NaN,NaN,NaN,NaN,NaN,NaN,NaN,NaN,NaN,NaN,NaN,NaN,NaN,NaN,NaN,NaN,NaN,NaN,NaN,NaN,NaN,NaN,NaN,NaN,NaN
2018-04-25,NaN,NaN,NaN,NaN,NaN,NaN,NaN,NaN,NaN,98.31,329184.0,2042.0,98.295,204198.0,24094.0,98.17,190629.0,10550.0,98.065,322570.0,30536.0,98.055,203376.0,31058.0,98.035,83570.0,9304.0,97.875,221416.0,17030.0,97.855,209476.0,10286.0,97.81,54201.0,4643.0,97.74,273069.0,25377.0,97.72,111570.0,6088.0,97.685,16359.0,4402.0,97.615,90893.0,7480.0,97.585,32209.0,4006.0,97.55,13172.0,1477.0,97.495,46892.0,4231.0,97.48,11870.0,1026.0,97.47,4526.0,212.0,97.415,13669.0,1212.0,97.41,5810.0,248.0,97.375,5693.0,228.0,97.33,18910.0,1592.0,97.345,4946.0,84.0,97.335,149.0,2.0,97.315,1041.0,2.0,97.325,300.0,16.0,97.315,14.0,7.0,97.3,122.0,3.0,97.3,242.0,12.0,97.29,60.0,10.0,97.285,71.0,10.0,97.29,120.0,10.0,97.265,97.26,97.265,97.265,NaN,NaN,NaN,NaN,NaN,NaN,NaN,NaN,NaN,NaN,NaN,NaN,NaN,NaN,NaN,NaN,NaN,NaN,NaN,NaN,NaN,NaN,NaN,NaN,NaN,NaN,NaN,NaN,NaN,NaN,NaN,NaN
2018-04-26,NaN,NaN,NaN,NaN,NaN,NaN,NaN,NaN,NaN,98.31,329163.0,1170.0,98.295,204993.0,7457.0,98.17,191336.0,6372.0,98.065,322929.0,15186.0,98.05,201573.0,17913.0,98.035,84168.0,4553.0,97.87,223035.0,16986.0,97.85,214016.0,18890.0,97.81,54396.0,2668.0,97.74,276062.0,21320.0,97.72,112194.0,4278.0,97.685,15866.0,2327.0,97.61,91027.0,2037.0,97.58,32086.0,1157.0,97.545,13199.0,382.0,97.49,46607.0,1516.0,97.475,11709.0,723.0,97.46,4878.0,564.0,97.415,14000.0,955.0,97.41,5883.0,257.0,97.375,5710.0,41.0,97.325,18982.0,179.0,97.34,4956.0,25.0,97.335,149.0,NaN,97.31,1051.0,17.0,97.315,300.0,NaN,97.315,14.0,NaN,97.305,122.0,NaN,97.305,242.0,NaN,97.295,60.0,NaN,97.295,71.0,NaN,97.29,120.0,NaN,97.255,97.235,97.28,97.265,NaN,NaN,NaN,NaN,NaN,NaN,NaN,NaN,NaN,NaN,NaN,NaN,NaN,NaN,NaN,NaN,NaN,NaN,NaN,NaN,NaN,NaN,NaN,NaN,NaN,NaN,NaN,NaN,NaN,NaN,NaN,NaN
2018-04-27,NaN,NaN,NaN,NaN,NaN,NaN,NaN,NaN,NaN,98.31,328012.0,1265.0,98.295,204983.0,9247.0,98.17,193661.0,7605.0,98.065,321640.0,16011.0,98.055,194576.0,16041.0,98.035,85398.0,5398.0,97.88,225730.0,23098.0,97.865,215055.0,13310.0,97.82,55279.0,6042.0,97.75,272712.0,22655.0,97.725,108679.0,5470.0,97.695,15565.0,1113.0,97.62,90053.0,3825.0,97.59,31974.0,2172.0,97.56,12970.0,387.0,97.5,46581.0,1620.0,97.485,11787.0,405.0,97.475,4879.0,67.0,97.425,14196.0,317.0,97.42,5958.0,178.0,97.385,5737.0,32.0,97.34,19247.0,465.0,97.355,4965.0,13.0,97.345,157.0,8.0,97.325,1069.0,26.0,97.335,305.0,5.0,97.33,14.0,NaN,97.32,130.0,8.0,97.33,242.0,NaN,97.32,60.0,NaN,97.32,71.0,NaN,97.32,120.0,NaN,97.3,97.295,97.3,97.3,NaN,NaN,NaN,NaN,NaN,NaN,NaN,NaN,NaN,NaN,NaN,NaN,NaN,NaN,NaN,NaN,NaN,NaN,NaN,NaN,NaN,NaN,NaN,NaN,NaN,NaN,NaN,NaN,NaN,NaN,NaN,NaN
2018-04-30,NaN,NaN,NaN,NaN,NaN,NaN,NaN,NaN,NaN,98.3075,327363.0,9264.0,98.2925,210244.0,24750.0,98.165,199586.0,9756.0,98.065,320806.0,21121.0,98.05,193025.0,9273.0,98.03,86619.0,5240.0,97.88,226876.0,20550.0,97.865,217483.0,20502.0,97.82,55348.0,5358.0,97.745,271445.0,12447.0,97.725,108467.0,1636.0,97.69,15566.0,352.0,97.615,90539.0,2495.0,97.585,32274.0,1257.0,97.55,12793.0,439.0,97.495,46729.0,1025.0,97.48,11500.0,545.0,97.47,5179.0,465.0,97.425,14063.0,674.0,97.42,5828.0,317.0,97.39,5750.0,126.0,97.35,19244.0,577.0,97.365,4955.0,10.0,97.355,157.0,NaN,97.335,1067.0,2.0,97.345,305.0,NaN,97.34,14.0,NaN,97.33,130.0,NaN,97.34,242.0,NaN,97.33,60.0,NaN,97.325,71.0,NaN,97.325,120.0,NaN,97.305,97.3,97.305,97.305,97.305,NaN,NaN,NaN,NaN,NaN,NaN,NaN,NaN,NaN,NaN,NaN,NaN,NaN,NaN,NaN,NaN,NaN,NaN,NaN,NaN,NaN,NaN,NaN,NaN,NaN,NaN,NaN,NaN,NaN,NaN,NaN
2018-05-01,NaN,NaN,NaN,NaN,NaN,NaN,NaN,NaN,NaN,98.308,NaN,NaN,98.295,209606.0,15850.0,98.165,200636.0,10408.0,98.06,322879.0,17755.0,98.05,194863.0,13167.0,98.03,92163.0,8885.0,97.875,225420.0,22179.0,97.86,214413.0,11287.0,97.81,55208.0,2488.0,97.735,269770.0,17734.0,97.71,113839.0,12875.0,97.675,15392.0,1510.0,97.6,94527.0,9340.0,97.57,31993.0,1100.0,97.535,13961.0,2228.0,97.48,47381.0,1690.0,97.465,11607.0,709.0,97.455,6118.0,1435.0,97.41,14361.0,739.0,97.4,5880.0,114.0,97.37,5768.0,21.0,97.335,19194.0,128.0,97.35,4955.0,NaN,97.34,157.0,NaN,97.32,1067.0,NaN,97.325,305.0,NaN,97.315,14.0,NaN,97.305,130.0,NaN,97.305,242.0,NaN,97.295,60.0,NaN,97.29,71.0,NaN,97.29,120.0,NaN,97.27,97.265,97.27,97.265,97.26,NaN,NaN,NaN,NaN,NaN,NaN,NaN,NaN,NaN,NaN,NaN,NaN,NaN,NaN,NaN,NaN,NaN,NaN,NaN,NaN,NaN,NaN,NaN,NaN,NaN,NaN,NaN,NaN,NaN,NaN,NaN
2018-05-02,NaN,NaN,NaN,NaN,NaN,NaN,NaN,NaN,NaN,NaN,NaN,NaN,98.295,209133.0,27541.0,98.165,198507.0,11822.0,98.06,320814.0,24516.0,98.045,190895.0,20525.0,98.025,94086.0,5821.0,97.875,228122.0,17195.0,97.86,213558.0,17249.0,97.815,55683.0,2937.0,97.74,270933.0,24580.0,97.715,112877.0,4751.0,97.68,15214.0,2510.0,97.61,97306.0,10097.0,97.58,32371.0,1809.0,97.545,15999.0,3199.0,97.49,47868.0,4167.0,97.475,12060.0,1875.0,97.46,6349.0,1398.0,97.415,14383.0,325.0,97.405,5869.0,80.0,97.375,5783.0,134.0,97.34,19099.0,221.0,97.355,4955.0,NaN,97.345,157.0,NaN,97.325,1068.0,9.0,97.33,305.0,NaN,97.32,14.0,NaN,97.31,122.0,8.0,97.31,237.0,5.0,97.3,55.0,5.0,97.295,72.0,1.0,97.295,120.0,NaN,97.275,97.27,97.275,97.27,97.265,NaN,NaN,NaN,NaN,NaN,NaN,NaN,NaN,NaN,NaN,NaN,NaN,NaN,NaN,NaN,NaN,NaN,NaN,NaN,NaN,NaN,NaN,NaN,NaN,NaN,NaN,NaN,NaN,NaN,NaN,NaN
2018-05-03,NaN,NaN,NaN,NaN,NaN,NaN,NaN,NaN,NaN,NaN,NaN,NaN,98.2975,208780.0,12284.0,98.17,200806.0,12265.0,98.07,331461.0,41661.0,98.055,191200.0,28127.0,98.035,93571.0,10068.0,97.89,233032.0,22061.0,97.875,219975.0,18312.0,97.825,58385.0,7008.0,97.755,268855.0,25972.0,97.735,113061.0,7314.0,97.7,15578.0,2936.0,97.63,96882.0,7283.0,97.605,33947.0,4135.0,97.57,16096.0,1207.0,97.515,48354.0,4794.0,97.5,12342.0,1963.0,97.485,6501.0,1164.0,97.44,14326.0,1478.0,97.43,5735.0,535.0,97.4,5776.0,316.0,97.365,19603.0,1419.0,97.38,4955.0,180.0,97.37,157.0,NaN,97.35,1068.0,12.0,97.355,305.0,NaN,97.345,14.0,NaN,97.335,122.0,NaN,97.34,237.0,NaN,97.335,55.0,NaN,97.33,72.0,NaN,97.33,120.0,NaN,97.31,97.305,97.31,97.305,97.3,NaN,NaN,NaN,NaN,NaN,NaN,NaN,NaN,NaN,NaN,NaN,NaN,NaN,NaN,NaN,NaN,NaN,NaN,NaN,NaN,NaN,NaN,NaN,NaN,NaN,NaN,NaN,NaN,NaN,NaN,NaN
2018-05-04,NaN,NaN,NaN,NaN,NaN,NaN,NaN,NaN,NaN,NaN,NaN,NaN,98.2975,208592.0,9017.0,98.165,179669.0,54259.0,98.06,307657.0,100670.0,98.045,196758.0,33870.0,98.02,94622.0,15692.0,97.87,234813.0,35446.0,97.855,216426.0,32019.0,97.81,58677.0,6918.0,97.74,272540.0,38479.0,97.72,112300.0,12961.0,97.685,15446.0,2341.0,97.615,97201.0,8976.0,97.59,34452.0,2059.0,97.555,16439.0,1023.0,97.5,48582.0,2455.0,97.485,13343.0,2123.0,97.475,6623.0,2627.0,97.43,13816.0,1810.0,97.425,5801.0,603.0,97.395,5671.0,269.0,97.36,19612.0,442.0,97.375,4954.0,13.0,97.365,157.0,NaN,97.345,1067.0,5.0,97.35,305.0,NaN,97.34,14.0,NaN,97.335,122.0,NaN,97.34,237.0,NaN,97.335,55.0,NaN,97.33,72.0,NaN,97.33,120.0,NaN,97.31,97.305,97.31,97.305,97.3,NaN,NaN,NaN,NaN,NaN,NaN,NaN,NaN,NaN,NaN,NaN,NaN,NaN,NaN,NaN,NaN,NaN,NaN,NaN,NaN,NaN,NaN,NaN,NaN,NaN,NaN,NaN,NaN,NaN,NaN,NaN
2018-05-07,NaN,NaN,NaN,NaN,NaN,NaN,NaN,NaN,NaN,NaN,NaN,NaN,98.2975,208281.0,8696.0,98.165,157802.0,85479.0,98.065,330492.0,64415.0,98.05,196514.0,11055.0,98.025,96985.0,4624.0,97.87,235747.0,7794.0,97.855,216005.0,4523.0,97.805,58542.0,1821.0,97.735,272699.0,7883.0,97.715,111413.0,4318.0,97.68,15059.0,1903.0,97.605,97079.0,4088.0,97.58,34557.0,2697.0,97.54,16381.0,4525.0,97.49,49632.0,4791.0,97.475,12992.0,3456.0,97.465,5872.0,1678.0,97.42,13201.0,1208.0,97.415,5736.0,334.0,97.385,5578.0,101.0,97.35,19612.0,84.0,97.365,4945.0,33.0,97.355,157.0,NaN,97.335,1067.0,NaN,97.34,305.0,NaN,97.33,14.0,NaN,97.325,122.0,NaN,97.33,237.0,NaN,97.325,55.0,NaN,97.32,72.0,NaN,97.32,120.0,NaN,97.3,97.295,97.3,97.295,97.29,NaN,NaN,NaN,NaN,NaN,NaN,NaN,NaN,NaN,NaN,NaN,NaN,NaN,NaN,NaN,NaN,NaN,NaN,NaN,NaN,NaN,NaN,NaN,NaN,NaN,NaN,NaN,NaN,NaN,NaN,NaN
2018-05-08,NaN,NaN,NaN,NaN,NaN,NaN,NaN,NaN,NaN,NaN,NaN,NaN,98.295,207498.0,15560.0,98.16,155753.0,15190.0,98.06,329243.0,39832.0,98.045,197450.0,15346.0,98.02,97159.0,3912.0,97.865,235308.0,12375.0,97.85,216637.0,7330.0,97.8,58084.0,2834.0,97.725,267844.0,24419.0,97.705,111729.0,5653.0,97.67,15315.0,1956.0,97.6,97111.0,3516.0,97.57,34601.0,557.0,97.53,15962.0,1162.0,97.48,49360.0,2010.0,97.465,12383.0,1291.0,97.45,5738.0,722.0,97.405,13299.0,438.0,97.4,5748.0,42.0,97.37,5578.0,NaN,97.335,19693.0,199.0,97.35,4915.0,32.0,97.34,157.0,NaN,97.32,1052.0,15.0,97.325,305.0,NaN,97.315,14.0,NaN,97.31,122.0,NaN,97.31,237.0,NaN,97.305,55.0,NaN,97.3,72.0,NaN,97.3,120.0,NaN,97.28,97.275,97.28,97.27,97.265,NaN,NaN,NaN,NaN,NaN,NaN,NaN,NaN,NaN,NaN,NaN,NaN,NaN,NaN,NaN,NaN,NaN,NaN,NaN,NaN,NaN,NaN,NaN,NaN,NaN,NaN,NaN,NaN,NaN,NaN,NaN
2018-05-09,NaN,NaN,NaN,NaN,NaN,NaN,NaN,NaN,NaN,NaN,NaN,NaN,98.295,210514.0,15378.0,98.16,155729.0,2835.0,98.055,325292.0,12952.0,98.04,198241.0,4174.0,98.02,98474.0,4232.0,97.86,238598.0,12826.0,97.84,221350.0,11194.0,97.79,58994.0,2859.0,97.715,266547.0,14185.0,97.695,112612.0,4960.0,97.655,15934.0,1929.0,97.58,96777.0,4400.0,97.55,35321.0,3549.0,97.51,16046.0,922.0,97.46,49383.0,2050.0,97.45,12085.0,1934.0,97.435,5725.0,72.0,97.39,13533.0,604.0,97.385,5781.0,81.0,97.355,5579.0,4.0,97.315,19680.0,263.0,97.33,4903.0,16.0,97.32,156.0,1.0,97.295,1028.0,30.0,97.3,305.0,12.0,97.29,8.0,12.0,97.285,122.0,NaN,97.285,237.0,NaN,97.28,55.0,NaN,97.275,73.0,2.0,97.275,119.0,1.0,97.255,97.25,97.255,97.24,97.235,NaN,NaN,NaN,NaN,NaN,NaN,NaN,NaN,NaN,NaN,NaN,NaN,NaN,NaN,NaN,NaN,NaN,NaN,NaN,NaN,NaN,NaN,NaN,NaN,NaN,NaN,NaN,NaN,NaN,NaN,NaN
2018-05-10,NaN,NaN,NaN,NaN,NaN,NaN,NaN,NaN,NaN,NaN,NaN,NaN,98.2975,214018.0,27606.0,98.16,156434.0,10224.0,98.055,321715.0,14339.0,98.04,202739.0,12392.0,98.02,99023.0,7685.0,97.855,244233.0,25365.0,97.84,223971.0,17059.0,97.79,59471.0,7229.0,97.715,265204.0,38409.0,97.69,112835.0,8793.0,97.655,16204.0,2190.0,97.58,96560.0,13407.0,97.55,38184.0,5837.0,97.515,14483.0,3793.0,97.46,50046.0,5385.0,97.445,12340.0,1809.0,97.43,5602.0,455.0,97.385,13723.0,609.0,97.38,5739.0,342.0,97.35,5445.0,307.0,97.31,19774.0,278.0,97.325,4908.0,42.0,97.315,156.0,NaN,97.29,1030.0,2.0,97.295,305.0,NaN,97.285,8.0,NaN,97.28,122.0,NaN,97.28,237.0,NaN,97.275,55.0,NaN,97.27,73.0,NaN,97.27,119.0,NaN,97.25,97.245,97.255,97.24,97.235,NaN,NaN,NaN,NaN,NaN,NaN,NaN,NaN,NaN,NaN,NaN,NaN,NaN,NaN,NaN,NaN,NaN,NaN,NaN,NaN,NaN,NaN,NaN,NaN,NaN,NaN,NaN,NaN,NaN,NaN,NaN
2018-05-11,NaN,NaN,NaN,NaN,NaN,NaN,NaN,NaN,NaN,NaN,NaN,NaN,98.3,214190.0,6474.0,98.16,155905.0,3220.0,98.06,316680.0,27695.0,98.045,202790.0,3896.0,98.02,103815.0,17180.0,97.86,242042.0,17105.0,97.84,227705.0,12691.0,97.79,60792.0,9365.0,97.715,268159.0,41533.0,97.69,113829.0,15581.0,97.65,17220.0,2534.0,97.575,95561.0,10366.0,97.545,40262.0,3998.0,97.51,14666.0,811.0,97.46,48799.0,4078.0,97.445,11655.0,2514.0,97.43,5715.0,510.0,97.385,14080.0,952.0,97.38,5841.0,538.0,97.35,5438.0,15.0,97.31,20108.0,711.0,97.325,4923.0,53.0,97.315,163.0,9.0,97.29,1280.0,255.0,97.3,310.0,6.0,97.29,8.0,NaN,97.285,122.0,NaN,97.285,237.0,NaN,97.28,55.0,NaN,97.28,73.0,NaN,97.28,119.0,NaN,97.26,97.255,97.265,97.25,97.245,NaN,NaN,NaN,NaN,NaN,NaN,NaN,NaN,NaN,NaN,NaN,NaN,NaN,NaN,NaN,NaN,NaN,NaN,NaN,NaN,NaN,NaN,NaN,NaN,NaN,NaN,NaN,NaN,NaN,NaN,NaN
2018-05-14,NaN,NaN,NaN,NaN,NaN,NaN,NaN,NaN,NaN,NaN,NaN,NaN,98.3,214296.0,6307.0,98.16,154924.0,4370.0,98.055,303747.0,37761.0,98.04,200318.0,24034.0,98.015,104686.0,4296.0,97.855,251393.0,39482.0,97.835,227642.0,10382.0,97.785,61861.0,2768.0,97.71,268295.0,19397.0,97.685,113955.0,5035.0,97.645,17104.0,2016.0,97.565,97974.0,7098.0,97.535,39932.0,1412.0,97.5,14857.0,377.0,97.45,49284.0,3139.0,97.435,13767.0,2734.0,97.42,5952.0,933.0,97.375,14850.0,1763.0,97.37,5853.0,39.0,97.34,5420.0,26.0,97.3,20115.0,83.0,97.315,4923.0,49.0,97.305,163.0,NaN,97.28,1280.0,NaN,97.29,312.0,2.0,97.28,6.0,5.0,97.275,122.0,NaN,97.275,237.0,NaN,97.27,55.0,NaN,97.27,73.0,NaN,97.27,119.0,NaN,97.25,97.245,97.255,97.24,97.235,NaN,NaN,NaN,NaN,NaN,NaN,NaN,NaN,NaN,NaN,NaN,NaN,NaN,NaN,NaN,NaN,NaN,NaN,NaN,NaN,NaN,NaN,NaN,NaN,NaN,NaN,NaN,NaN,NaN,NaN,NaN
2018-05-15,NaN,NaN,NaN,NaN,NaN,NaN,NaN,NaN,NaN,NaN,NaN,NaN,98.2975,214474.0,845.0,98.155,154358.0,4345.0,98.05,306081.0,56458.0,98.035,202905.0,30142.0,98.01,104903.0,9270.0,97.845,253376.0,28573.0,97.825,229518.0,22684.0,97.77,63367.0,7222.0,97.69,267077.0,56781.0,97.665,113421.0,13096.0,97.62,17610.0,2146.0,97.535,97942.0,14621.0,97.505,40512.0,7106.0,97.465,15085.0,1384.0,97.41,50113.0,7290.0,97.395,14069.0,3595.0,97.38,6155.0,734.0,97.325,15441.0,1934.0,97.32,6029.0,760.0,97.28,5421.0,144.0,97.24,21144.0,2032.0,97.255,4922.0,7.0,97.245,166.0,3.0,97.22,1285.0,8.0,97.23,312.0,1.0,97.22,6.0,NaN,97.21,124.0,2.0,97.21,237.0,NaN,97.205,55.0,NaN,97.205,73.0,NaN,97.205,119.0,NaN,97.185,97.18,97.19,97.175,97.17,NaN,NaN,NaN,NaN,NaN,NaN,NaN,NaN,NaN,NaN,NaN,NaN,NaN,NaN,NaN,NaN,NaN,NaN,NaN,NaN,NaN,NaN,NaN,NaN,NaN,NaN,NaN,NaN,NaN,NaN,NaN
2018-05-16,NaN,NaN,NaN,NaN,NaN,NaN,NaN,NaN,NaN,NaN,NaN,NaN,98.2975,214418.0,1344.0,98.155,154512.0,2619.0,98.055,308489.0,22829.0,98.035,206206.0,22977.0,98.01,107059.0,8877.0,97.845,247932.0,30057.0,97.825,225750.0,30335.0,97.775,61755.0,10840.0,97.695,250144.0,55663.0,97.665,123204.0,24641.0,97.62,17119.0,4946.0,97.54,103652.0,16458.0,97.51,41486.0,7623.0,97.47,15482.0,3218.0,97.41,49342.0,3878.0,97.395,14731.0,2404.0,97.375,5857.0,1203.0,97.32,14879.0,5642.0,97.315,6064.0,1185.0,97.275,5461.0,77.0,97.23,24672.0,6092.0,97.245,5012.0,365.0,97.23,176.0,16.0,97.2,1335.0,125.0,97.21,316.0,8.0,97.2,12.0,12.0,97.19,136.0,18.0,97.195,237.0,NaN,97.19,55.0,NaN,97.19,73.0,NaN,97.19,119.0,NaN,97.17,97.165,97.17,97.155,97.145,NaN,NaN,NaN,NaN,NaN,NaN,NaN,NaN,NaN,NaN,NaN,NaN,NaN,NaN,NaN,NaN,NaN,NaN,NaN,NaN,NaN,NaN,NaN,NaN,NaN,NaN,NaN,NaN,NaN,NaN,NaN
2018-05-17,NaN,NaN,NaN,NaN,NaN,NaN,NaN,NaN,NaN,NaN,NaN,NaN,98.2975,214825.0,4116.0,98.155,154251.0,3233.0,98.055,310844.0,31732.0,98.035,199497.0,21295.0,98.01,107780.0,3267.0,97.845,248362.0,20171.0,97.83,228181.0,9601.0,97.775,62069.0,5737.0,97.695,242456.0,25206.0,97.675,121836.0,12371.0,97.63,17175.0,3105.0,97.545,102154.0,6246.0,97.515,42050.0,4557.0,97.47,15751.0,1076.0,97.415,50450.0,3473.0,97.4,15032.0,1515.0,97.38,6298.0,1018.0,97.32,15666.0,2900.0,97.315,6035.0,906.0,97.275,5475.0,77.0,97.23,27792.0,4593.0,97.245,5014.0,2.0,97.23,176.0,NaN,97.2,1337.0,31.0,97.21,316.0,NaN,97.2,12.0,NaN,97.19,150.0,28.0,97.195,237.0,29.0,97.19,38.0,34.0,97.19,75.0,2.0,97.19,103.0,16.0,97.17,97.165,97.17,97.155,97.145,NaN,NaN,NaN,NaN,NaN,NaN,NaN,NaN,NaN,NaN,NaN,NaN,NaN,NaN,NaN,NaN,NaN,NaN,NaN,NaN,NaN,NaN,NaN,NaN,NaN,NaN,NaN,NaN,NaN,NaN,NaN
2018-05-18,NaN,NaN,NaN,NaN,NaN,NaN,NaN,NaN,NaN,NaN,NaN,NaN,98.3,214876.0,551.0,98.16,152087.0,7703.0,98.055,301406.0,32975.0,98.04,199626.0,10747.0,98.015,105323.0,10519.0,97.85,248637.0,20931.0,97.835,219786.0,23017.0,97.785,61564.0,5518.0,97.705,241343.0,16488.0,97.68,122345.0,5479.0,97.64,17149.0,1805.0,97.56,102932.0,2814.0,97.53,42508.0,2287.0,97.49,15883.0,834.0,97.435,49751.0,2917.0,97.42,15254.0,1285.0,97.4,6306.0,129.0,97.345,17537.0,4641.0,97.34,6657.0,980.0,97.3,5510.0,183.0,97.255,33656.0,8886.0,97.27,5001.0,131.0,97.255,211.0,50.0,97.225,1479.0,328.0,97.235,364.0,81.0,97.225,22.0,18.0,97.215,213.0,102.0,97.22,259.0,44.0,97.215,34.0,9.0,97.215,85.0,81.0,97.215,109.0,22.0,97.195,97.19,97.195,97.18,97.175,NaN,NaN,NaN,NaN,NaN,NaN,NaN,NaN,NaN,NaN,NaN,NaN,NaN,NaN,NaN,NaN,NaN,NaN,NaN,NaN,NaN,NaN,NaN,NaN,NaN,NaN,NaN,NaN,NaN,NaN,NaN
2018-05-21,NaN,NaN,NaN,NaN,NaN,NaN,NaN,NaN,NaN,NaN,NaN,NaN,98.2975,214971.0,1370.0,98.155,153078.0,2345.0,98.05,298928.0,6510.0,98.04,200127.0,10600.0,98.015,109518.0,8721.0,97.85,254823.0,17695.0,97.83,218636.0,8589.0,97.78,60933.0,5533.0,97.7,239253.0,15754.0,97.675,125002.0,7763.0,97.635,17492.0,1288.0,97.555,103021.0,3901.0,97.525,41762.0,2699.0,97.48,15578.0,1926.0,97.425,48802.0,2905.0,97.41,15412.0,800.0,97.39,6188.0,604.0,97.33,17294.0,914.0,97.325,6615.0,478.0,97.29,5485.0,244.0,97.245,33487.0,638.0,97.26,5001.0,NaN,97.245,211.0,NaN,97.215,1479.0,NaN,97.225,364.0,NaN,97.215,22.0,NaN,97.205,213.0,NaN,97.21,259.0,NaN,97.205,34.0,NaN,97.205,85.0,NaN,97.205,109.0,NaN,97.185,97.18,97.185,97.17,97.165,NaN,NaN,NaN,NaN,NaN,NaN,NaN,NaN,NaN,NaN,NaN,NaN,NaN,NaN,NaN,NaN,NaN,NaN,NaN,NaN,NaN,NaN,NaN,NaN,NaN,NaN,NaN,NaN,NaN,NaN,NaN
2018-05-22,NaN,NaN,NaN,NaN,NaN,NaN,NaN,NaN,NaN,NaN,NaN,NaN,98.2975,215229.0,3795.0,98.155,154780.0,3827.0,98.05,295437.0,11119.0,98.04,200338.0,10313.0,98.015,111272.0,2325.0,97.85,256882.0,9765.0,97.835,220895.0,11759.0,97.785,62214.0,3673.0,97.705,233539.0,25545.0,97.68,129322.0,10241.0,97.635,18321.0,2179.0,97.555,102525.0,7636.0,97.525,42669.0,4609.0,97.48,15779.0,1152.0,97.425,48229.0,3965.0,97.41,15307.0,1160.0,97.39,6103.0,155.0,97.335,16770.0,2044.0,97.33,6351.0,772.0,97.295,5752.0,444.0,97.255,33473.0,2549.0,97.27,4898.0,121.0,97.25,211.0,14.0,97.22,1438.0,55.0,97.23,360.0,4.0,97.22,22.0,NaN,97.21,213.0,NaN,97.215,259.0,NaN,97.21,34.0,NaN,97.21,85.0,NaN,97.21,109.0,NaN,97.19,97.185,97.19,97.175,97.17,NaN,NaN,NaN,NaN,NaN,NaN,NaN,NaN,NaN,NaN,NaN,NaN,NaN,NaN,NaN,NaN,NaN,NaN,NaN,NaN,NaN,NaN,NaN,NaN,NaN,NaN,NaN,NaN,NaN,NaN,NaN
2018-05-23,NaN,NaN,NaN,NaN,NaN,NaN,NaN,NaN,NaN,NaN,NaN,NaN,98.3,210983.0,20854.0,98.175,168102.0,67392.0,98.085,295888.0,197199.0,98.08,190542.0,162849.0,98.06,120050.0,37552.0,97.895,285781.0,133833.0,97.88,242580.0,109850.0,97.835,60917.0,14612.0,97.76,247517.0,92558.0,97.74,126729.0,13553.0,97.7,18681.0,5973.0,97.63,103756.0,21237.0,97.6,45728.0,12571.0,97.555,16293.0,2268.0,97.5,49658.0,6915.0,97.485,15482.0,4486.0,97.465,6025.0,610.0,97.41,16693.0,2912.0,97.4,6491.0,904.0,97.365,5649.0,412.0,97.32,36815.0,6708.0,97.335,4895.0,72.0,97.315,211.0,NaN,97.285,1443.0,48.0,97.295,360.0,NaN,97.29,22.0,NaN,97.275,213.0,NaN,97.28,259.0,NaN,97.275,34.0,NaN,97.275,85.0,2.0,97.275,109.0,NaN,97.26,97.255,97.26,97.245,97.24,NaN,NaN,NaN,NaN,NaN,NaN,NaN,NaN,NaN,NaN,NaN,NaN,NaN,NaN,NaN,NaN,NaN,NaN,NaN,NaN,NaN,NaN,NaN,NaN,NaN,NaN,NaN,NaN,NaN,NaN,NaN
2018-05-24,NaN,NaN,NaN,NaN,NaN,NaN,NaN,NaN,NaN,NaN,NaN,NaN,98.3,204410.0,14793.0,98.175,163238.0,74301.0,98.085,257199.0,192320.0,98.075,189751.0,134096.0,98.055,117698.0,39988.0,97.91,245450.0,198194.0,97.9,215199.0,86715.0,97.845,65017.0,23847.0,97.765,233750.0,114696.0,97.745,121035.0,28543.0,97.705,19746.0,10701.0,97.635,100105.0,20873.0,97.61,42826.0,10838.0,97.565,16132.0,2603.0,97.51,49099.0,4268.0,97.495,15817.0,2379.0,97.48,6017.0,1578.0,97.42,16622.0,4782.0,97.41,6256.0,2056.0,97.375,5560.0,853.0,97.335,37105.0,3990.0,97.35,4727.0,190.0,97.33,211.0,10.0,97.3,1431.0,40.0,97.31,360.0,NaN,97.305,22.0,3.0,97.29,213.0,NaN,97.295,259.0,NaN,97.29,34.0,NaN,97.29,85.0,NaN,97.295,109.0,NaN,97.28,97.275,97.28,97.265,97.26,NaN,NaN,NaN,NaN,NaN,NaN,NaN,NaN,NaN,NaN,NaN,NaN,NaN,NaN,NaN,NaN,NaN,NaN,NaN,NaN,NaN,NaN,NaN,NaN,NaN,NaN,NaN,NaN,NaN,NaN,NaN
2018-05-25,NaN,NaN,NaN,NaN,NaN,NaN,NaN,NaN,NaN,NaN,NaN,NaN,98.3,202707.0,3022.0,98.175,161922.0,19794.0,98.085,260957.0,46582.0,98.08,189272.0,34675.0,98.06,117597.0,10938.0,97.93,237876.0,46025.0,97.92,210608.0,35413.0,97.87,65335.0,7116.0,97.795,244080.0,44623.0,97.78,120744.0,6839.0,97.745,20949.0,4422.0,97.67,99135.0,11947.0,97.645,40024.0,7452.0,97.61,16657.0,4035.0,97.55,48831.0,4048.0,97.54,15506.0,3155.0,97.515,7589.0,3706.0,97.47,15977.0,4650.0,97.46,6660.0,2441.0,97.42,5740.0,794.0,97.395,37201.0,2217.0,97.41,4692.0,377.0,97.39,236.0,25.0,97.365,1416.0,19.0,97.375,360.0,NaN,97.37,22.0,NaN,97.36,213.0,NaN,97.365,259.0,NaN,97.36,34.0,NaN,97.36,85.0,NaN,97.365,109.0,NaN,97.35,97.345,97.35,97.335,97.33,NaN,NaN,NaN,NaN,NaN,NaN,NaN,NaN,NaN,NaN,NaN,NaN,NaN,NaN,NaN,NaN,NaN,NaN,NaN,NaN,NaN,NaN,NaN,NaN,NaN,NaN,NaN,NaN,NaN,NaN,NaN
2018-05-28,NaN,NaN,NaN,NaN,NaN,NaN,NaN,NaN,NaN,NaN,NaN,NaN,NaN,202707.0,NaN,NaN,161922.0,NaN,NaN,260957.0,NaN,NaN,189272.0,NaN,NaN,117597.0,NaN,NaN,237876.0,NaN,NaN,210608.0,NaN,NaN,65335.0,NaN,NaN,244080.0,NaN,NaN,120744.0,NaN,NaN,20949.0,NaN,NaN,99135.0,NaN,NaN,40024.0,NaN,NaN,16657.0,NaN,NaN,48831.0,NaN,NaN,15506.0,NaN,NaN,7589.0,NaN,NaN,15977.0,NaN,NaN,6660.0,NaN,NaN,5740.0,NaN,NaN,37201.0,NaN,NaN,4692.0,NaN,NaN,236.0,NaN,NaN,1416.0,NaN,NaN,360.0,NaN,NaN,22.0,NaN,NaN,213.0,NaN,NaN,259.0,NaN,NaN,34.0,NaN,NaN,85.0,NaN,NaN,109.0,NaN,NaN,NaN,NaN,NaN,NaN,NaN,NaN,NaN,NaN,NaN,NaN,NaN,NaN,NaN,NaN,NaN,NaN,NaN,NaN,NaN,NaN,NaN,NaN,NaN,NaN,NaN,NaN,NaN,NaN,NaN,NaN,NaN,NaN,NaN,NaN,NaN
2018-05-29,NaN,NaN,NaN,NaN,NaN,NaN,NaN,NaN,NaN,NaN,NaN,NaN,98.3,203735.0,7416.0,98.1975,164877.0,50201.0,98.125,254815.0,191303.0,98.12,215603.0,217959.0,98.11,117493.0,79200.0,98.01,234302.0,160482.0,98.0,203003.0,112782.0,97.97,64770.0,33906.0,97.925,254062.0,173284.0,97.92,123256.0,42533.0,97.9,21449.0,12839.0,97.855,100311.0,27377.0,97.835,40422.0,12972.0,97.815,15892.0,7091.0,97.77,46546.0,26502.0,97.76,14026.0,8060.0,97.74,8173.0,6004.0,97.705,15655.0,9529.0,97.695,6837.0,3607.0,97.655,6197.0,1555.0,97.635,37665.0,3789.0,97.645,4698.0,16.0,97.625,233.0,58.0,97.61,1381.0,86.0,97.62,360.0,NaN,97.615,22.0,NaN,97.605,210.0,6.0,97.61,259.0,NaN,97.605,36.0,11.0,97.605,86.0,5.0,97.61,109.0,2.0,97.595,97.59,97.595,97.58,97.575,NaN,NaN,NaN,NaN,NaN,NaN,NaN,NaN,NaN,NaN,NaN,NaN,NaN,NaN,NaN,NaN,NaN,NaN,NaN,NaN,NaN,NaN,NaN,NaN,NaN,NaN,NaN,NaN,NaN,NaN,NaN
2018-05-30,NaN,NaN,NaN,NaN,NaN,NaN,NaN,NaN,NaN,NaN,NaN,NaN,98.3,204173.0,4578.0,98.185,163425.0,42823.0,98.1,239831.0,89292.0,98.095,224409.0,58797.0,98.08,114513.0,21159.0,97.955,228600.0,66358.0,97.94,195536.0,35312.0,97.905,64716.0,11709.0,97.845,234426.0,113839.0,97.83,118103.0,28406.0,97.8,20983.0,5226.0,97.745,98985.0,14380.0,97.725,39205.0,10478.0,97.7,15065.0,3013.0,97.65,45680.0,14530.0,97.64,13160.0,3828.0,97.615,8429.0,1962.0,97.57,16163.0,3566.0,97.56,6780.0,891.0,97.52,6150.0,1366.0,97.495,37996.0,3328.0,97.505,4673.0,68.0,97.485,231.0,2.0,97.47,1381.0,NaN,97.48,360.0,NaN,97.475,22.0,NaN,97.465,210.0,NaN,97.47,259.0,NaN,97.465,36.0,NaN,97.465,86.0,NaN,97.47,109.0,NaN,97.455,97.45,97.455,97.44,97.435,NaN,NaN,NaN,NaN,NaN,NaN,NaN,NaN,NaN,NaN,NaN,NaN,NaN,NaN,NaN,NaN,NaN,NaN,NaN,NaN,NaN,NaN,NaN,NaN,NaN,NaN,NaN,NaN,NaN,NaN,NaN
2018-05-31,NaN,NaN,NaN,NaN,NaN,NaN,NaN,NaN,NaN,NaN,NaN,NaN,98.3,203532.0,1355.0,98.1825,160353.0,17899.0,98.095,244646.0,54598.0,98.095,221558.0,53523.0,98.075,112585.0,14074.0,97.945,224165.0,49720.0,97.93,193662.0,29682.0,97.895,64137.0,12777.0,97.835,219365.0,65997.0,97.825,116245.0,11834.0,97.795,21516.0,3403.0,97.74,97272.0,13076.0,97.72,38902.0,5692.0,97.695,14795.0,2979.0,97.645,45545.0,6803.0,97.635,12968.0,3277.0,97.61,8746.0,1581.0,97.565,16021.0,3283.0,97.555,6392.0,984.0,97.515,6176.0,183.0,97.49,37913.0,2376.0,97.5,4683.0,48.0,97.48,231.0,NaN,97.465,1381.0,NaN,97.475,360.0,NaN,97.47,22.0,NaN,97.46,210.0,NaN,97.465,259.0,NaN,97.46,36.0,NaN,97.46,86.0,NaN,97.465,109.0,NaN,97.45,97.445,97.45,97.435,97.43,97.425,NaN,NaN,NaN,NaN,NaN,NaN,NaN,NaN,NaN,NaN,NaN,NaN,NaN,NaN,NaN,NaN,NaN,NaN,NaN,NaN,NaN,NaN,NaN,NaN,NaN,NaN,NaN,NaN,NaN,NaN
2018-06-01,NaN,NaN,NaN,NaN,NaN,NaN,NaN,NaN,NaN,NaN,NaN,NaN,98.3,NaN,NaN,98.1775,161196.0,10721.0,98.085,249127.0,54989.0,98.08,231025.0,60463.0,98.055,106851.0,20216.0,97.905,236489.0,55258.0,97.89,198217.0,38992.0,97.85,63850.0,13379.0,97.785,204993.0,68882.0,97.77,116749.0,15605.0,97.735,21170.0,3060.0,97.675,97027.0,9077.0,97.65,38459.0,2865.0,97.62,14508.0,1638.0,97.565,46001.0,3001.0,97.555,12404.0,1882.0,97.53,8579.0,1832.0,97.485,16694.0,4120.0,97.475,6394.0,582.0,97.435,6286.0,438.0,97.415,38263.0,3125.0,97.425,4679.0,108.0,97.405,231.0,NaN,97.39,1323.0,187.0,97.4,368.0,118.0,97.395,22.0,NaN,97.385,210.0,NaN,97.39,259.0,NaN,97.385,36.0,NaN,97.385,86.0,NaN,97.39,109.0,NaN,97.375,97.37,97.375,97.36,97.355,97.35,NaN,NaN,NaN,NaN,NaN,NaN,NaN,NaN,NaN,NaN,NaN,NaN,NaN,NaN,NaN,NaN,NaN,NaN,NaN,NaN,NaN,NaN,NaN,NaN,NaN,NaN,NaN,NaN,NaN,NaN
2018-06-04,NaN,NaN,NaN,NaN,NaN,NaN,NaN,NaN,NaN,NaN,NaN,NaN,NaN,NaN,NaN,98.1725,160135.0,6885.0,98.08,250586.0,33462.0,98.075,234746.0,12935.0,98.05,107189.0,2222.0,97.895,229594.0,27356.0,97.88,199027.0,14453.0,97.83,65236.0,5874.0,97.76,208409.0,33582.0,97.74,116894.0,6834.0,97.7,20897.0,2178.0,97.63,94909.0,6803.0,97.61,36657.0,3972.0,97.575,14496.0,923.0,97.515,45709.0,2321.0,97.505,12279.0,773.0,97.48,8621.0,224.0,97.435,15894.0,1459.0,97.425,6294.0,730.0,97.385,6987.0,1098.0,97.365,38474.0,2416.0,97.375,4679.0,300.0,97.355,231.0,NaN,97.34,1323.0,10.0,97.35,368.0,NaN,97.345,22.0,NaN,97.335,210.0,NaN,97.34,259.0,NaN,97.335,36.0,NaN,97.335,86.0,NaN,97.34,109.0,NaN,97.325,97.32,97.325,97.31,97.305,97.305,NaN,NaN,NaN,NaN,NaN,NaN,NaN,NaN,NaN,NaN,NaN,NaN,NaN,NaN,NaN,NaN,NaN,NaN,NaN,NaN,NaN,NaN,NaN,NaN,NaN,NaN,NaN,NaN,NaN,NaN
2018-06-05,NaN,NaN,NaN,NaN,NaN,NaN,NaN,NaN,NaN,NaN,NaN,NaN,NaN,NaN,NaN,98.175,158062.0,8015.0,98.08,247994.0,27851.0,98.075,235902.0,24066.0,98.055,109392.0,11258.0,97.905,236383.0,49512.0,97.895,196268.0,36482.0,97.845,67003.0,10368.0,97.77,208338.0,29387.0,97.755,118881.0,10794.0,97.715,20949.0,3488.0,97.645,91644.0,11318.0,97.625,40398.0,2652.0,97.595,14427.0,1577.0,97.535,44824.0,5975.0,97.525,12054.0,1588.0,97.5,8794.0,876.0,97.46,15197.0,2152.0,97.455,6460.0,396.0,97.42,6940.0,545.0,97.405,37549.0,4211.0,97.415,4679.0,172.0,97.4,228.0,13.0,97.385,1315.0,34.0,97.395,368.0,NaN,97.39,22.0,NaN,97.38,210.0,NaN,97.385,259.0,NaN,97.38,36.0,NaN,97.38,86.0,NaN,97.385,109.0,NaN,97.37,97.365,97.37,97.355,97.35,97.35,NaN,NaN,NaN,NaN,NaN,NaN,NaN,NaN,NaN,NaN,NaN,NaN,NaN,NaN,NaN,NaN,NaN,NaN,NaN,NaN,NaN,NaN,NaN,NaN,NaN,NaN,NaN,NaN,NaN,NaN
2018-06-06,NaN,NaN,NaN,NaN,NaN,NaN,NaN,NaN,NaN,NaN,NaN,NaN,NaN,NaN,NaN,98.1775,158152.0,581.0,98.085,249130.0,19475.0,98.075,233859.0,7180.0,98.05,108605.0,7275.0,97.895,252385.0,39176.0,97.88,199794.0,38331.0,97.83,68758.0,8537.0,97.75,215895.0,34226.0,97.73,119653.0,13210.0,97.685,21580.0,4127.0,97.61,89086.0,7522.0,97.585,36118.0,5251.0,97.55,14791.0,1305.0,97.495,44966.0,4708.0,97.485,12329.0,2236.0,97.46,8991.0,831.0,97.42,15634.0,1349.0,97.41,6853.0,639.0,97.375,6977.0,92.0,97.355,37684.0,1647.0,97.365,4679.0,NaN,97.34,228.0,NaN,97.325,1315.0,NaN,97.335,368.0,NaN,97.33,22.0,NaN,97.32,210.0,NaN,97.325,259.0,NaN,97.32,36.0,NaN,97.32,86.0,NaN,97.325,109.0,NaN,97.31,97.305,97.31,97.295,97.29,97.29,NaN,NaN,NaN,NaN,NaN,NaN,NaN,NaN,NaN,NaN,NaN,NaN,NaN,NaN,NaN,NaN,NaN,NaN,NaN,NaN,NaN,NaN,NaN,NaN,NaN,NaN,NaN,NaN,NaN,NaN
2018-06-07,NaN,NaN,NaN,NaN,NaN,NaN,NaN,NaN,NaN,NaN,NaN,NaN,NaN,NaN,NaN,98.1775,158978.0,9265.0,98.085,255762.0,47125.0,98.085,257878.0,85002.0,98.055,109785.0,13061.0,97.9,256254.0,33693.0,97.885,203862.0,20927.0,97.835,68996.0,11227.0,97.76,216441.0,29204.0,97.74,121047.0,7239.0,97.7,22004.0,3975.0,97.625,87804.0,9288.0,97.6,37276.0,7137.0,97.565,14627.0,2770.0,97.51,44587.0,4122.0,97.5,11933.0,2692.0,97.475,8970.0,824.0,97.435,15599.0,1950.0,97.425,7014.0,458.0,97.39,7067.0,147.0,97.37,37575.0,1882.0,97.38,4691.0,22.0,97.36,228.0,NaN,97.345,1315.0,NaN,97.355,368.0,NaN,97.35,22.0,NaN,97.34,210.0,NaN,97.345,259.0,NaN,97.34,36.0,NaN,97.34,86.0,NaN,97.345,109.0,NaN,97.33,97.325,97.33,97.315,97.31,97.31,NaN,NaN,NaN,NaN,NaN,NaN,NaN,NaN,NaN,NaN,NaN,NaN,NaN,NaN,NaN,NaN,NaN,NaN,NaN,NaN,NaN,NaN,NaN,NaN,NaN,NaN,NaN,NaN,NaN,NaN
2018-06-08,NaN,NaN,NaN,NaN,NaN,NaN,NaN,NaN,NaN,NaN,NaN,NaN,NaN,NaN,NaN,98.18,155231.0,8815.0,98.09,254241.0,10355.0,98.085,250412.0,26144.0,98.06,107509.0,10620.0,97.91,254088.0,25660.0,97.895,202226.0,19599.0,97.845,69249.0,6805.0,97.77,212503.0,36944.0,97.75,122593.0,11725.0,97.71,21971.0,1668.0,97.635,86295.0,6566.0,97.605,37111.0,1893.0,97.575,14358.0,1166.0,97.515,44201.0,2425.0,97.505,12002.0,390.0,97.48,8987.0,460.0,97.44,15616.0,1114.0,97.43,6885.0,469.0,97.395,7012.0,119.0,97.375,37969.0,981.0,97.385,4691.0,NaN,97.365,228.0,NaN,97.35,1315.0,NaN,97.36,368.0,NaN,97.355,22.0,NaN,97.345,210.0,NaN,97.35,259.0,NaN,97.345,36.0,NaN,97.345,86.0,NaN,97.35,109.0,NaN,97.335,97.33,97.335,97.32,97.315,97.315,NaN,NaN,NaN,NaN,NaN,NaN,NaN,NaN,NaN,NaN,NaN,NaN,NaN,NaN,NaN,NaN,NaN,NaN,NaN,NaN,NaN,NaN,NaN,NaN,NaN,NaN,NaN,NaN,NaN,NaN
2018-06-11,NaN,NaN,NaN,NaN,NaN,NaN,NaN,NaN,NaN,NaN,NaN,NaN,NaN,NaN,NaN,98.1775,154066.0,10159.0,98.085,251457.0,24861.0,98.08,245437.0,20851.0,98.05,107875.0,5034.0,97.895,249669.0,28417.0,97.88,201052.0,13928.0,97.825,69006.0,3003.0,97.745,205656.0,19987.0,97.72,121390.0,5188.0,97.675,22750.0,4801.0,97.6,85667.0,3101.0,97.575,37319.0,1860.0,97.54,14266.0,2390.0,97.48,45537.0,4386.0,97.47,12199.0,994.0,97.445,8830.0,771.0,97.405,16866.0,3204.0,97.395,6898.0,120.0,97.365,7125.0,128.0,97.345,37933.0,1538.0,97.355,4691.0,NaN,97.335,228.0,NaN,97.32,1315.0,NaN,97.33,368.0,NaN,97.325,22.0,NaN,97.315,210.0,NaN,97.32,259.0,NaN,97.315,36.0,NaN,97.315,86.0,NaN,97.32,109.0,NaN,97.305,97.3,97.305,97.29,97.285,97.285,NaN,NaN,NaN,NaN,NaN,NaN,NaN,NaN,NaN,NaN,NaN,NaN,NaN,NaN,NaN,NaN,NaN,NaN,NaN,NaN,NaN,NaN,NaN,NaN,NaN,NaN,NaN,NaN,NaN,NaN
2018-06-12,NaN,NaN,NaN,NaN,NaN,NaN,NaN,NaN,NaN,NaN,NaN,NaN,NaN,NaN,NaN,98.1775,152019.0,12714.0,98.085,265566.0,50673.0,98.075,249117.0,50085.0,98.05,108334.0,15869.0,97.89,261932.0,66133.0,97.87,210137.0,63132.0,97.815,70496.0,11064.0,97.735,187234.0,86384.0,97.705,130757.0,57360.0,97.665,23605.0,6360.0,97.59,84416.0,24580.0,97.555,40114.0,15422.0,97.52,13756.0,3656.0,97.465,44485.0,13319.0,97.445,14665.0,7689.0,97.425,8661.0,1148.0,97.385,18077.0,3165.0,97.37,6599.0,1960.0,97.34,7075.0,517.0,97.325,37943.0,1951.0,97.33,4671.0,711.0,97.315,228.0,NaN,97.3,1293.0,26.0,97.31,364.0,26.0,97.305,22.0,NaN,97.295,210.0,NaN,97.3,259.0,NaN,97.295,36.0,NaN,97.295,86.0,NaN,97.3,109.0,NaN,97.285,97.28,97.285,97.27,97.27,97.27,NaN,NaN,NaN,NaN,NaN,NaN,NaN,NaN,NaN,NaN,NaN,NaN,NaN,NaN,NaN,NaN,NaN,NaN,NaN,NaN,NaN,NaN,NaN,NaN,NaN,NaN,NaN,NaN,NaN,NaN
2018-06-13,NaN,NaN,NaN,NaN,NaN,NaN,NaN,NaN,NaN,NaN,NaN,NaN,NaN,NaN,NaN,98.18,163630.0,61190.0,98.09,261492.0,138032.0,98.085,237077.0,93247.0,98.055,110230.0,16152.0,97.885,237001.0,136125.0,97.875,214622.0,115409.0,97.815,70665.0,20216.0,97.725,198947.0,131418.0,97.69,132205.0,60401.0,97.645,24374.0,6169.0,97.565,82593.0,41179.0,97.525,47222.0,21826.0,97.49,13464.0,3247.0,97.435,44455.0,15947.0,97.405,20218.0,16751.0,97.38,8926.0,3427.0,97.345,21559.0,12804.0,97.33,9130.0,7238.0,97.3,7103.0,474.0,97.285,39448.0,7830.0,97.285,5216.0,2422.0,97.275,233.0,39.0,97.26,1294.0,61.0,97.27,360.0,15.0,97.265,22.0,NaN,97.255,210.0,NaN,97.26,259.0,NaN,97.255,36.0,NaN,97.255,86.0,NaN,97.26,109.0,NaN,97.245,97.24,97.245,97.23,97.23,97.23,NaN,NaN,NaN,NaN,NaN,NaN,NaN,NaN,NaN,NaN,NaN,NaN,NaN,NaN,NaN,NaN,NaN,NaN,NaN,NaN,NaN,NaN,NaN,NaN,NaN,NaN,NaN,NaN,NaN,NaN
2018-06-14,NaN,NaN,NaN,NaN,NaN,NaN,NaN,NaN,NaN,NaN,NaN,NaN,NaN,NaN,NaN,98.18,163470.0,4335.0,98.085,264279.0,23710.0,98.08,249340.0,28682.0,98.055,109617.0,7336.0,97.875,236378.0,63516.0,97.87,215277.0,57020.0,97.81,66498.0,11888.0,97.715,194112.0,47632.0,97.69,140340.0,21713.0,97.645,24425.0,3785.0,97.56,83133.0,10131.0,97.52,47924.0,2263.0,97.485,13596.0,1627.0,97.43,44661.0,3335.0,97.395,20490.0,2410.0,97.375,9001.0,689.0,97.34,22964.0,4671.0,97.325,9601.0,672.0,97.3,7162.0,170.0,97.285,40731.0,3062.0,97.285,5193.0,229.0,97.275,233.0,NaN,97.26,1294.0,131.0,97.27,360.0,NaN,97.265,22.0,NaN,97.26,210.0,NaN,97.265,259.0,NaN,97.26,36.0,NaN,97.26,86.0,NaN,97.265,109.0,NaN,97.25,97.245,97.25,97.235,97.23,97.23,NaN,NaN,NaN,NaN,NaN,NaN,NaN,NaN,NaN,NaN,NaN,NaN,NaN,NaN,NaN,NaN,NaN,NaN,NaN,NaN,NaN,NaN,NaN,NaN,NaN,NaN,NaN,NaN,NaN,NaN
2018-06-15,NaN,NaN,NaN,NaN,NaN,NaN,NaN,NaN,NaN,NaN,NaN,NaN,NaN,NaN,NaN,98.1825,167951.0,14832.0,98.09,259715.0,27102.0,98.085,258402.0,46127.0,98.055,107319.0,17114.0,97.88,244064.0,29547.0,97.87,226419.0,48807.0,97.81,73006.0,17192.0,97.72,189915.0,42777.0,97.7,139384.0,11768.0,97.65,24310.0,2164.0,97.565,84173.0,6221.0,97.53,47223.0,5707.0,97.495,14245.0,2583.0,97.44,44683.0,1426.0,97.405,20787.0,1083.0,97.385,9168.0,1567.0,97.35,23280.0,1012.0,97.335,9697.0,132.0,97.31,7142.0,731.0,97.295,41349.0,1254.0,97.295,5493.0,376.0,97.285,233.0,NaN,97.27,1294.0,NaN,97.275,360.0,NaN,97.27,22.0,NaN,97.265,210.0,NaN,97.27,259.0,NaN,97.265,36.0,NaN,97.265,86.0,NaN,97.27,109.0,NaN,97.255,97.25,97.255,97.24,97.235,97.235,NaN,NaN,NaN,NaN,NaN,NaN,NaN,NaN,NaN,NaN,NaN,NaN,NaN,NaN,NaN,NaN,NaN,NaN,NaN,NaN,NaN,NaN,NaN,NaN,NaN,NaN,NaN,NaN,NaN,NaN
2018-06-18,NaN,NaN,NaN,NaN,NaN,NaN,NaN,NaN,NaN,NaN,NaN,NaN,NaN,NaN,NaN,98.1825,168037.0,2412.0,98.09,258486.0,8347.0,98.085,257175.0,15898.0,98.055,107612.0,2282.0,97.88,248454.0,16836.0,97.87,234420.0,17014.0,97.81,74056.0,5423.0,97.72,191368.0,19743.0,97.695,138828.0,3600.0,97.65,25901.0,3553.0,97.565,85235.0,5802.0,97.53,48900.0,3971.0,97.495,14454.0,662.0,97.44,45880.0,3496.0,97.41,21361.0,1690.0,97.39,10043.0,1487.0,97.355,23646.0,2056.0,97.34,10505.0,1863.0,97.315,7318.0,588.0,97.3,43077.0,2791.0,97.3,5634.0,189.0,97.29,233.0,19.0,97.28,1246.0,145.0,97.285,369.0,104.0,97.28,22.0,82.0,97.275,181.0,104.0,97.28,259.0,40.0,97.275,35.0,42.0,97.275,87.0,50.0,97.275,109.0,50.0,97.255,97.25,97.255,97.24,97.235,97.235,NaN,NaN,NaN,NaN,NaN,NaN,NaN,NaN,NaN,NaN,NaN,NaN,NaN,NaN,NaN,NaN,NaN,NaN,NaN,NaN,NaN,NaN,NaN,NaN,NaN,NaN,NaN,NaN,NaN,NaN
2018-06-19,NaN,NaN,NaN,NaN,NaN,NaN,NaN,NaN,NaN,NaN,NaN,NaN,NaN,NaN,NaN,98.1825,180629.0,22495.0,98.09,258675.0,31882.0,98.085,270285.0,35981.0,98.055,111798.0,16540.0,97.89,266844.0,70083.0,97.88,234672.0,23084.0,97.825,74322.0,7150.0,97.74,195023.0,61725.0,97.715,138069.0,33306.0,97.67,25890.0,5484.0,97.59,87903.0,13629.0,97.555,48818.0,4126.0,97.525,14593.0,1564.0,97.47,45889.0,4856.0,97.44,20047.0,4075.0,97.42,9775.0,933.0,97.39,22876.0,5515.0,97.375,10532.0,1237.0,97.35,7226.0,355.0,97.335,43072.0,2347.0,97.335,5939.0,640.0,97.33,233.0,8.0,97.32,1242.0,8.0,97.325,369.0,NaN,97.32,22.0,NaN,97.315,181.0,NaN,97.32,259.0,NaN,97.315,35.0,NaN,97.315,87.0,NaN,97.315,109.0,NaN,97.295,97.29,97.295,97.28,97.275,97.275,NaN,NaN,NaN,NaN,NaN,NaN,NaN,NaN,NaN,NaN,NaN,NaN,NaN,NaN,NaN,NaN,NaN,NaN,NaN,NaN,NaN,NaN,NaN,NaN,NaN,NaN,NaN,NaN,NaN,NaN
2018-06-20,NaN,NaN,NaN,NaN,NaN,NaN,NaN,NaN,NaN,NaN,NaN,NaN,NaN,NaN,NaN,98.1775,148105.0,45721.0,98.075,251161.0,81795.0,98.07,270104.0,49319.0,98.04,117910.0,28781.0,97.875,262242.0,54971.0,97.865,238042.0,27701.0,97.81,74755.0,8024.0,97.72,194317.0,28736.0,97.69,136161.0,9044.0,97.645,26736.0,3445.0,97.57,85442.0,10053.0,97.53,48519.0,3056.0,97.5,14639.0,2482.0,97.45,48206.0,5509.0,97.42,19098.0,3038.0,97.4,9747.0,539.0,97.37,22456.0,3044.0,97.355,10757.0,510.0,97.33,7088.0,393.0,97.315,43531.0,1502.0,97.315,5939.0,108.0,97.31,233.0,NaN,97.3,1242.0,3.0,97.305,369.0,NaN,97.3,22.0,NaN,97.295,181.0,NaN,97.3,259.0,NaN,97.295,35.0,NaN,97.295,87.0,NaN,97.295,109.0,NaN,97.275,97.27,97.275,97.26,97.255,97.255,NaN,NaN,NaN,NaN,NaN,NaN,NaN,NaN,NaN,NaN,NaN,NaN,NaN,NaN,NaN,NaN,NaN,NaN,NaN,NaN,NaN,NaN,NaN,NaN,NaN,NaN,NaN,NaN,NaN,NaN
2018-06-21,NaN,NaN,NaN,NaN,NaN,NaN,NaN,NaN,NaN,NaN,NaN,NaN,NaN,NaN,NaN,98.175,145364.0,21849.0,98.07,254551.0,46574.0,98.065,276796.0,40996.0,98.035,118247.0,18185.0,97.875,259250.0,56387.0,97.865,234069.0,38441.0,97.805,73539.0,10829.0,97.72,196806.0,39721.0,97.695,134733.0,11624.0,97.65,26584.0,1987.0,97.575,84473.0,10751.0,97.54,49051.0,7619.0,97.51,14999.0,2671.0,97.46,47879.0,4389.0,97.43,18978.0,1415.0,97.41,9667.0,1181.0,97.38,23502.0,2978.0,97.365,11061.0,1315.0,97.34,7098.0,238.0,97.325,44756.0,3005.0,97.325,6001.0,219.0,97.32,233.0,NaN,97.31,1242.0,NaN,97.315,369.0,NaN,97.31,22.0,NaN,97.31,181.0,NaN,97.315,259.0,NaN,97.31,35.0,NaN,97.31,87.0,NaN,97.31,109.0,NaN,97.29,97.285,97.29,97.275,97.27,97.27,NaN,NaN,NaN,NaN,NaN,NaN,NaN,NaN,NaN,NaN,NaN,NaN,NaN,NaN,NaN,NaN,NaN,NaN,NaN,NaN,NaN,NaN,NaN,NaN,NaN,NaN,NaN,NaN,NaN,NaN
2018-06-22,NaN,NaN,NaN,NaN,NaN,NaN,NaN,NaN,NaN,NaN,NaN,NaN,NaN,NaN,NaN,98.175,144287.0,10122.0,98.065,252497.0,32844.0,98.065,278901.0,33694.0,98.04,118967.0,8950.0,97.885,254940.0,31462.0,97.875,234715.0,16523.0,97.815,76987.0,12062.0,97.725,200829.0,34870.0,97.7,138000.0,10743.0,97.655,26656.0,1009.0,97.575,83874.0,6928.0,97.54,50453.0,6680.0,97.51,14946.0,815.0,97.46,48916.0,2257.0,97.43,18822.0,420.0,97.41,9638.0,558.0,97.38,23994.0,1612.0,97.365,10297.0,1496.0,97.34,6924.0,293.0,97.33,45972.0,3224.0,97.33,6087.0,156.0,97.325,233.0,NaN,97.32,1242.0,NaN,97.325,369.0,14.0,97.32,36.0,14.0,97.32,181.0,NaN,97.325,247.0,12.0,97.32,35.0,24.0,97.32,75.0,12.0,97.32,109.0,35.0,97.3,97.295,97.3,97.285,97.28,97.28,NaN,NaN,NaN,NaN,NaN,NaN,NaN,NaN,NaN,NaN,NaN,NaN,NaN,NaN,NaN,NaN,NaN,NaN,NaN,NaN,NaN,NaN,NaN,NaN,NaN,NaN,NaN,NaN,NaN,NaN
2018-06-25,NaN,NaN,NaN,NaN,NaN,NaN,NaN,NaN,NaN,NaN,NaN,NaN,NaN,NaN,NaN,98.1775,143496.0,5029.0,98.07,249195.0,10565.0,98.07,279626.0,23751.0,98.045,117059.0,11925.0,97.89,252736.0,24598.0,97.88,233363.0,19968.0,97.825,72266.0,5671.0,97.735,200257.0,16688.0,97.71,139185.0,6043.0,97.665,26654.0,2014.0,97.59,83983.0,6174.0,97.555,49000.0,3874.0,97.525,15145.0,1557.0,97.475,48723.0,1832.0,97.445,18713.0,476.0,97.43,9432.0,738.0,97.4,24158.0,1451.0,97.385,10609.0,674.0,97.365,7012.0,197.0,97.355,45990.0,1499.0,97.355,6082.0,147.0,97.35,233.0,6.0,97.345,1239.0,6.0,97.35,369.0,NaN,97.345,29.0,14.0,97.345,174.0,14.0,97.35,247.0,NaN,97.345,35.0,NaN,97.345,75.0,NaN,97.345,109.0,25.0,97.33,97.325,97.33,97.315,97.31,97.31,NaN,NaN,NaN,NaN,NaN,NaN,NaN,NaN,NaN,NaN,NaN,NaN,NaN,NaN,NaN,NaN,NaN,NaN,NaN,NaN,NaN,NaN,NaN,NaN,NaN,NaN,NaN,NaN,NaN,NaN
2018-06-26,NaN,NaN,NaN,NaN,NaN,NaN,NaN,NaN,NaN,NaN,NaN,NaN,NaN,NaN,NaN,98.1775,143289.0,810.0,98.075,247853.0,13674.0,98.075,279374.0,13086.0,98.045,117712.0,3863.0,97.89,255023.0,11789.0,97.88,229784.0,13661.0,97.825,71404.0,8432.0,97.735,200604.0,14830.0,97.71,138718.0,6871.0,97.67,26642.0,1660.0,97.595,85727.0,7133.0,97.56,48978.0,2080.0,97.53,15224.0,1519.0,97.48,48778.0,2492.0,97.455,18374.0,1063.0,97.44,9462.0,562.0,97.41,24149.0,1129.0,97.395,10529.0,127.0,97.375,7008.0,40.0,97.365,45559.0,1681.0,97.365,6122.0,41.0,97.36,233.0,NaN,97.355,1239.0,3.0,97.36,369.0,NaN,97.355,29.0,NaN,97.355,174.0,NaN,97.36,247.0,NaN,97.355,35.0,NaN,97.355,75.0,NaN,97.355,109.0,NaN,97.34,97.335,97.34,97.325,97.32,97.32,NaN,NaN,NaN,NaN,NaN,NaN,NaN,NaN,NaN,NaN,NaN,NaN,NaN,NaN,NaN,NaN,NaN,NaN,NaN,NaN,NaN,NaN,NaN,NaN,NaN,NaN,NaN,NaN,NaN,NaN
2018-06-27,NaN,NaN,NaN,NaN,NaN,NaN,NaN,NaN,NaN,NaN,NaN,NaN,NaN,NaN,NaN,98.1775,142842.0,1389.0,98.075,243717.0,17519.0,98.07,281297.0,15372.0,98.045,117445.0,8662.0,97.895,262639.0,27046.0,97.89,229618.0,20087.0,97.835,72768.0,9449.0,97.75,212203.0,35871.0,97.73,144421.0,14811.0,97.69,26985.0,2562.0,97.62,86475.0,6648.0,97.585,48995.0,3386.0,97.555,14773.0,1691.0,97.51,49606.0,3674.0,97.49,16979.0,2788.0,97.475,9793.0,1339.0,97.445,24631.0,2849.0,97.435,10580.0,266.0,97.415,7052.0,200.0,97.405,46085.0,1921.0,97.405,6205.0,101.0,97.4,233.0,NaN,97.395,1247.0,17.0,97.4,369.0,11.0,97.395,40.0,11.0,97.395,174.0,NaN,97.4,245.0,13.0,97.395,25.0,13.0,97.395,75.0,NaN,97.395,109.0,NaN,97.38,97.375,97.38,97.37,97.365,97.365,NaN,NaN,NaN,NaN,NaN,NaN,NaN,NaN,NaN,NaN,NaN,NaN,NaN,NaN,NaN,NaN,NaN,NaN,NaN,NaN,NaN,NaN,NaN,NaN,NaN,NaN,NaN,NaN,NaN,NaN
2018-06-28,NaN,NaN,NaN,NaN,NaN,NaN,NaN,NaN,NaN,NaN,NaN,NaN,NaN,NaN,NaN,98.1775,138495.0,12178.0,98.08,249136.0,70230.0,98.07,281679.0,49923.0,98.045,115844.0,8509.0,97.895,269098.0,26660.0,97.885,229645.0,35626.0,97.83,72224.0,11722.0,97.75,215486.0,32643.0,97.725,141434.0,10071.0,97.685,27037.0,1579.0,97.615,80173.0,12323.0,97.585,48740.0,1804.0,97.555,14713.0,1274.0,97.51,50472.0,2742.0,97.485,16826.0,920.0,97.47,9548.0,1168.0,97.44,25444.0,3655.0,97.43,10343.0,1271.0,97.41,7124.0,257.0,97.4,44424.0,3896.0,97.395,5879.0,683.0,97.39,233.0,NaN,97.385,1247.0,10.0,97.39,369.0,NaN,97.385,40.0,NaN,97.385,174.0,NaN,97.39,245.0,NaN,97.385,25.0,NaN,97.385,75.0,NaN,97.385,109.0,NaN,97.37,97.365,97.37,97.36,97.355,97.355,NaN,NaN,NaN,NaN,NaN,NaN,NaN,NaN,NaN,NaN,NaN,NaN,NaN,NaN,NaN,NaN,NaN,NaN,NaN,NaN,NaN,NaN,NaN,NaN,NaN,NaN,NaN,NaN,NaN,NaN
2018-06-29,NaN,NaN,NaN,NaN,NaN,NaN,NaN,NaN,NaN,NaN,NaN,NaN,NaN,NaN,NaN,98.18,154058.0,30603.0,98.08,245383.0,11127.0,98.075,283910.0,16183.0,98.05,114928.0,3268.0,97.895,273254.0,15239.0,97.89,230321.0,14793.0,97.835,70696.0,8451.0,97.75,217605.0,19474.0,97.725,141292.0,3852.0,97.685,26792.0,1652.0,97.61,82073.0,4885.0,97.58,48205.0,2587.0,97.55,14871.0,1079.0,97.5,50508.0,3550.0,97.475,17972.0,3316.0,97.46,9388.0,510.0,97.43,25394.0,1406.0,97.42,10113.0,923.0,97.4,7080.0,386.0,97.385,44578.0,664.0,97.38,5876.0,6.0,97.375,233.0,NaN,97.37,1247.0,NaN,97.375,369.0,NaN,97.37,40.0,NaN,97.37,174.0,NaN,97.375,245.0,NaN,97.37,25.0,NaN,97.37,75.0,NaN,97.37,109.0,NaN,97.355,97.35,97.355,97.345,97.34,97.34,97.34,NaN,NaN,NaN,NaN,NaN,NaN,NaN,NaN,NaN,NaN,NaN,NaN,NaN,NaN,NaN,NaN,NaN,NaN,NaN,NaN,NaN,NaN,NaN,NaN,NaN,NaN,NaN,NaN,NaN
2018-07-02,NaN,NaN,NaN,NaN,NaN,NaN,NaN,NaN,NaN,NaN,NaN,NaN,NaN,NaN,NaN,98.18,NaN,NaN,98.08,242342.0,9997.0,98.075,285813.0,14075.0,98.045,115370.0,4355.0,97.89,272765.0,13723.0,97.885,231853.0,9737.0,97.825,69890.0,4262.0,97.74,219396.0,15486.0,97.715,140765.0,2255.0,97.675,26662.0,1531.0,97.6,81428.0,4547.0,97.565,47655.0,2113.0,97.535,14672.0,785.0,97.485,50759.0,3211.0,97.46,17710.0,1211.0,97.445,9385.0,298.0,97.415,26112.0,2030.0,97.405,10111.0,367.0,97.385,7041.0,738.0,97.37,43749.0,1944.0,97.365,5790.0,237.0,97.37,331.0,134.0,97.365,1230.0,34.0,97.37,369.0,NaN,97.365,40.0,NaN,97.365,174.0,NaN,97.37,245.0,NaN,97.365,25.0,NaN,97.365,75.0,NaN,97.365,109.0,NaN,97.355,97.35,97.355,97.345,97.34,97.34,97.34,NaN,NaN,NaN,NaN,NaN,NaN,NaN,NaN,NaN,NaN,NaN,NaN,NaN,NaN,NaN,NaN,NaN,NaN,NaN,NaN,NaN,NaN,NaN,NaN,NaN,NaN,NaN,NaN,NaN
2018-07-03,NaN,NaN,NaN,NaN,NaN,NaN,NaN,NaN,NaN,NaN,NaN,NaN,NaN,NaN,NaN,NaN,NaN,NaN,98.0825,240242.0,4178.0,98.075,285381.0,6439.0,98.05,114427.0,7874.0,97.895,274271.0,12387.0,97.885,231935.0,9578.0,97.83,69496.0,2577.0,97.74,210014.0,30637.0,97.72,139493.0,3945.0,97.68,26354.0,1057.0,97.605,81502.0,4542.0,97.575,47508.0,1386.0,97.545,15850.0,1823.0,97.495,54136.0,5566.0,97.475,17699.0,381.0,97.46,9356.0,829.0,97.43,25815.0,1027.0,97.42,10114.0,83.0,97.4,7147.0,358.0,97.39,43574.0,690.0,97.385,5762.0,145.0,97.385,331.0,155.0,97.38,1230.0,NaN,97.385,369.0,NaN,97.38,40.0,NaN,97.38,174.0,NaN,97.385,245.0,NaN,97.38,25.0,NaN,97.38,75.0,NaN,97.38,109.0,NaN,97.37,97.365,97.37,97.36,97.355,97.355,97.355,NaN,NaN,NaN,NaN,NaN,NaN,NaN,NaN,NaN,NaN,NaN,NaN,NaN,NaN,NaN,NaN,NaN,NaN,NaN,NaN,NaN,NaN,NaN,NaN,NaN,NaN,NaN,NaN,NaN
2018-07-04,NaN,NaN,NaN,NaN,NaN,NaN,NaN,NaN,NaN,NaN,NaN,NaN,NaN,NaN,NaN,NaN,NaN,NaN,NaN,240242.0,NaN,NaN,285381.0,NaN,NaN,114427.0,NaN,NaN,274271.0,NaN,NaN,231935.0,NaN,NaN,69496.0,NaN,NaN,210014.0,NaN,NaN,139493.0,NaN,NaN,26354.0,NaN,NaN,81502.0,NaN,NaN,47508.0,NaN,NaN,15850.0,NaN,NaN,54136.0,NaN,NaN,17699.0,NaN,NaN,9356.0,NaN,NaN,25815.0,NaN,NaN,10114.0,NaN,NaN,7147.0,NaN,NaN,43574.0,NaN,NaN,5762.0,NaN,NaN,331.0,NaN,NaN,1230.0,NaN,NaN,369.0,NaN,NaN,40.0,NaN,NaN,174.0,NaN,NaN,245.0,NaN,NaN,25.0,NaN,NaN,75.0,NaN,NaN,109.0,NaN,NaN,NaN,NaN,NaN,NaN,NaN,NaN,NaN,NaN,NaN,NaN,NaN,NaN,NaN,NaN,NaN,NaN,NaN,NaN,NaN,NaN,NaN,NaN,NaN,NaN,NaN,NaN,NaN,NaN,NaN,NaN,NaN,NaN,NaN,NaN,NaN
2018-07-05,NaN,NaN,NaN,NaN,NaN,NaN,NaN,NaN,NaN,NaN,NaN,NaN,NaN,NaN,NaN,NaN,NaN,NaN,98.0825,241826.0,7907.0,98.075,285041.0,9243.0,98.05,113048.0,4976.0,97.88,276315.0,14661.0,97.87,233560.0,12219.0,97.81,69597.0,5130.0,97.72,213869.0,21849.0,97.7,138787.0,7030.0,97.66,26145.0,1717.0,97.585,81819.0,7988.0,97.555,46983.0,1262.0,97.52,15080.0,1566.0,97.47,52777.0,3983.0,97.45,17463.0,873.0,97.435,9435.0,601.0,97.405,26066.0,1031.0,97.395,10252.0,244.0,97.375,7106.0,476.0,97.365,43106.0,3152.0,97.36,5688.0,290.0,97.36,331.0,NaN,97.355,1230.0,12.0,97.355,369.0,NaN,97.35,40.0,NaN,97.35,174.0,NaN,97.355,245.0,NaN,97.35,25.0,NaN,97.35,75.0,NaN,97.35,109.0,NaN,97.345,97.34,97.345,97.335,97.33,97.33,97.33,NaN,NaN,NaN,NaN,NaN,NaN,NaN,NaN,NaN,NaN,NaN,NaN,NaN,NaN,NaN,NaN,NaN,NaN,NaN,NaN,NaN,NaN,NaN,NaN,NaN,NaN,NaN,NaN,NaN
2018-07-06,NaN,NaN,NaN,NaN,NaN,NaN,NaN,NaN,NaN,NaN,NaN,NaN,NaN,NaN,NaN,NaN,NaN,NaN,98.085,238691.0,14656.0,98.08,283658.0,14176.0,98.05,112613.0,2094.0,97.885,276194.0,8758.0,97.875,232315.0,10039.0,97.82,70191.0,3103.0,97.73,210160.0,21211.0,97.705,138488.0,8234.0,97.665,26247.0,2794.0,97.595,82175.0,3235.0,97.565,46645.0,951.0,97.535,15071.0,779.0,97.485,51943.0,4130.0,97.465,17265.0,1246.0,97.45,9283.0,612.0,97.42,25977.0,1260.0,97.41,10427.0,258.0,97.39,7144.0,302.0,97.38,43308.0,1769.0,97.375,5212.0,804.0,97.375,334.0,3.0,97.37,1230.0,NaN,97.37,369.0,NaN,97.365,40.0,NaN,97.365,174.0,NaN,97.37,245.0,NaN,97.365,25.0,NaN,97.365,75.0,NaN,97.365,109.0,NaN,97.36,97.355,97.36,97.35,97.345,97.345,97.345,NaN,NaN,NaN,NaN,NaN,NaN,NaN,NaN,NaN,NaN,NaN,NaN,NaN,NaN,NaN,NaN,NaN,NaN,NaN,NaN,NaN,NaN,NaN,NaN,NaN,NaN,NaN,NaN,NaN
2018-07-09,NaN,NaN,NaN,NaN,NaN,NaN,NaN,NaN,NaN,NaN,NaN,NaN,NaN,NaN,NaN,NaN,NaN,NaN,98.09,243668.0,12929.0,98.085,282197.0,3818.0,98.055,112409.0,4148.0,97.88,275880.0,4765.0,97.87,232174.0,8264.0,97.81,70065.0,2914.0,97.715,216600.0,27341.0,97.69,140655.0,5864.0,97.645,26457.0,1782.0,97.57,81286.0,4282.0,97.54,46909.0,1512.0,97.51,15028.0,344.0,97.46,52227.0,1900.0,97.44,17192.0,540.0,97.425,9286.0,205.0,97.395,25941.0,925.0,97.385,10423.0,163.0,97.365,7241.0,317.0,97.355,43784.0,1293.0,97.35,5210.0,32.0,97.35,334.0,NaN,97.345,1228.0,6.0,97.345,369.0,5.0,97.34,40.0,NaN,97.34,174.0,NaN,97.345,245.0,NaN,97.34,25.0,NaN,97.34,75.0,NaN,97.34,109.0,NaN,97.335,97.33,97.335,97.325,97.32,97.32,97.32,NaN,NaN,NaN,NaN,NaN,NaN,NaN,NaN,NaN,NaN,NaN,NaN,NaN,NaN,NaN,NaN,NaN,NaN,NaN,NaN,NaN,NaN,NaN,NaN,NaN,NaN,NaN,NaN,NaN
2018-07-10,NaN,NaN,NaN,NaN,NaN,NaN,NaN,NaN,NaN,NaN,NaN,NaN,NaN,NaN,NaN,NaN,NaN,NaN,98.0875,239637.0,11566.0,98.085,279579.0,8166.0,98.055,110677.0,8633.0,97.875,275166.0,25400.0,97.865,231216.0,5416.0,97.8,70319.0,2606.0,97.705,216978.0,15278.0,97.68,139681.0,3779.0,97.635,26200.0,1334.0,97.555,80945.0,4282.0,97.525,47003.0,839.0,97.49,15216.0,686.0,97.44,53085.0,4024.0,97.42,17344.0,751.0,97.405,9727.0,1582.0,97.375,26588.0,1630.0,97.365,11255.0,2045.0,97.345,7262.0,93.0,97.335,43734.0,453.0,97.33,5275.0,125.0,97.33,335.0,1.0,97.325,1228.0,NaN,97.325,369.0,NaN,97.32,40.0,NaN,97.32,174.0,NaN,97.325,245.0,NaN,97.32,25.0,NaN,97.32,75.0,NaN,97.32,109.0,NaN,97.315,97.31,97.315,97.305,97.3,97.3,97.3,NaN,NaN,NaN,NaN,NaN,NaN,NaN,NaN,NaN,NaN,NaN,NaN,NaN,NaN,NaN,NaN,NaN,NaN,NaN,NaN,NaN,NaN,NaN,NaN,NaN,NaN,NaN,NaN,NaN
2018-07-11,NaN,NaN,NaN,NaN,NaN,NaN,NaN,NaN,NaN,NaN,NaN,NaN,NaN,NaN,NaN,NaN,NaN,NaN,98.0875,236910.0,7457.0,98.085,278661.0,10799.0,98.055,112648.0,10090.0,97.875,281600.0,41487.0,97.87,227187.0,21595.0,97.81,69507.0,3744.0,97.715,217654.0,21132.0,97.695,135406.0,9234.0,97.655,26394.0,1951.0,97.575,81904.0,4202.0,97.54,47283.0,2575.0,97.51,14763.0,2424.0,97.46,53027.0,3892.0,97.44,17199.0,884.0,97.425,9113.0,259.0,97.395,27171.0,1756.0,97.385,11158.0,513.0,97.365,7343.0,241.0,97.355,43704.0,941.0,97.35,5203.0,117.0,97.35,330.0,5.0,97.345,1223.0,16.0,97.345,369.0,NaN,97.34,40.0,NaN,97.34,174.0,NaN,97.345,245.0,14.0,97.34,25.0,22.0,97.34,67.0,8.0,97.34,109.0,NaN,97.34,97.335,97.34,97.33,97.325,97.325,97.325,NaN,NaN,NaN,NaN,NaN,NaN,NaN,NaN,NaN,NaN,NaN,NaN,NaN,NaN,NaN,NaN,NaN,NaN,NaN,NaN,NaN,NaN,NaN,NaN,NaN,NaN,NaN,NaN,NaN
2018-07-12,NaN,NaN,NaN,NaN,NaN,NaN,NaN,NaN,NaN,NaN,NaN,NaN,NaN,NaN,NaN,NaN,NaN,NaN,98.0875,234037.0,6086.0,98.085,268440.0,18019.0,98.055,111782.0,15780.0,97.875,282329.0,17158.0,97.865,227244.0,5759.0,97.805,69866.0,3947.0,97.71,215561.0,29748.0,97.69,135711.0,4183.0,97.645,31159.0,8491.0,97.565,80457.0,7266.0,97.53,46864.0,2031.0,97.5,14573.0,866.0,97.45,53086.0,2509.0,97.43,17223.0,470.0,97.41,9065.0,387.0,97.38,27591.0,868.0,97.37,11077.0,255.0,97.355,7388.0,124.0,97.345,43695.0,332.0,97.34,5205.0,26.0,97.34,330.0,NaN,97.335,1223.0,NaN,97.335,369.0,NaN,97.33,40.0,NaN,97.33,174.0,NaN,97.335,245.0,NaN,97.33,25.0,NaN,97.33,67.0,NaN,97.33,109.0,NaN,97.33,97.325,97.33,97.32,97.315,97.315,97.315,NaN,NaN,NaN,NaN,NaN,NaN,NaN,NaN,NaN,NaN,NaN,NaN,NaN,NaN,NaN,NaN,NaN,NaN,NaN,NaN,NaN,NaN,NaN,NaN,NaN,NaN,NaN,NaN,NaN
2018-07-13,NaN,NaN,NaN,NaN,NaN,NaN,NaN,NaN,NaN,NaN,NaN,NaN,NaN,NaN,NaN,NaN,NaN,NaN,98.09,233501.0,1676.0,98.085,267908.0,837.0,98.055,111396.0,2602.0,97.875,283362.0,10696.0,97.865,226536.0,3073.0,97.805,69286.0,2031.0,97.715,215906.0,13562.0,97.695,137196.0,4129.0,97.65,31216.0,1164.0,97.57,80739.0,4483.0,97.54,45816.0,2701.0,97.51,14585.0,723.0,97.46,53528.0,1934.0,97.44,17427.0,704.0,97.425,9127.0,209.0,97.4,27680.0,344.0,97.39,11043.0,82.0,97.375,7353.0,126.0,97.365,43842.0,323.0,97.36,5203.0,6.0,97.36,330.0,NaN,97.355,1222.0,28.0,97.355,369.0,NaN,97.355,40.0,NaN,97.355,174.0,NaN,97.36,245.0,NaN,97.355,25.0,NaN,97.355,67.0,NaN,97.355,109.0,NaN,97.355,97.35,97.355,97.345,97.34,97.34,97.34,NaN,NaN,NaN,NaN,NaN,NaN,NaN,NaN,NaN,NaN,NaN,NaN,NaN,NaN,NaN,NaN,NaN,NaN,NaN,NaN,NaN,NaN,NaN,NaN,NaN,NaN,NaN,NaN,NaN
2018-07-16,NaN,NaN,NaN,NaN,NaN,NaN,NaN,NaN,NaN,NaN,NaN,NaN,NaN,NaN,NaN,NaN,NaN,NaN,98.085,229744.0,18156.0,98.08,268694.0,16354.0,98.045,110391.0,18962.0,97.86,286125.0,28875.0,97.85,227973.0,19096.0,97.785,69313.0,7872.0,97.69,212345.0,22423.0,97.67,136518.0,14048.0,97.625,31453.0,8885.0,97.545,81001.0,10541.0,97.515,45955.0,6857.0,97.485,14340.0,4492.0,97.435,54547.0,11362.0,97.415,20191.0,5006.0,97.4,9673.0,1276.0,97.375,28951.0,4012.0,97.365,10920.0,502.0,97.345,7326.0,201.0,97.335,43804.0,766.0,97.33,5151.0,120.0,97.33,330.0,NaN,97.325,1247.0,187.0,97.325,369.0,NaN,97.325,40.0,NaN,97.325,174.0,NaN,97.33,245.0,NaN,97.325,25.0,NaN,97.325,69.0,3.0,97.325,109.0,4.0,97.325,97.32,97.325,97.315,97.31,97.31,97.31,NaN,NaN,NaN,NaN,NaN,NaN,NaN,NaN,NaN,NaN,NaN,NaN,NaN,NaN,NaN,NaN,NaN,NaN,NaN,NaN,NaN,NaN,NaN,NaN,NaN,NaN,NaN,NaN,NaN
2018-07-17,NaN,NaN,NaN,NaN,NaN,NaN,NaN,NaN,NaN,NaN,NaN,NaN,NaN,NaN,NaN,NaN,NaN,NaN,98.085,229961.0,4918.0,98.075,258497.0,23366.0,98.04,110295.0,8485.0,97.85,279097.0,31356.0,97.84,227808.0,48483.0,97.775,70783.0,9833.0,97.68,210947.0,27566.0,97.66,136252.0,7200.0,97.615,36520.0,12226.0,97.53,79460.0,12276.0,97.5,46283.0,3915.0,97.47,14189.0,1451.0,97.42,56219.0,5054.0,97.4,20470.0,1064.0,97.385,9611.0,662.0,97.355,30220.0,4732.0,97.345,10617.0,874.0,97.325,7341.0,321.0,97.315,43379.0,1507.0,97.31,5171.0,22.0,97.31,330.0,NaN,97.305,1247.0,304.0,97.305,369.0,NaN,97.305,40.0,NaN,97.305,174.0,NaN,97.31,245.0,NaN,97.305,25.0,NaN,97.305,69.0,NaN,97.305,109.0,NaN,97.305,97.3,97.305,97.295,97.29,97.29,97.29,NaN,NaN,NaN,NaN,NaN,NaN,NaN,NaN,NaN,NaN,NaN,NaN,NaN,NaN,NaN,NaN,NaN,NaN,NaN,NaN,NaN,NaN,NaN,NaN,NaN,NaN,NaN,NaN,NaN
2018-07-18,NaN,NaN,NaN,NaN,NaN,NaN,NaN,NaN,NaN,NaN,NaN,NaN,NaN,NaN,NaN,NaN,NaN,NaN,98.085,230999.0,10170.0,98.075,258162.0,6954.0,98.04,110484.0,1429.0,97.855,283610.0,26436.0,97.845,223895.0,17681.0,97.78,70565.0,3028.0,97.685,208460.0,18512.0,97.665,134523.0,5327.0,97.62,36401.0,3366.0,97.535,80087.0,5571.0,97.505,47590.0,4181.0,97.475,14161.0,1026.0,97.425,56961.0,2585.0,97.405,20404.0,1279.0,97.39,9703.0,176.0,97.36,30599.0,1866.0,97.35,10597.0,57.0,97.335,7369.0,129.0,97.325,43352.0,320.0,97.32,5242.0,108.0,97.32,330.0,NaN,97.315,1247.0,NaN,97.315,369.0,NaN,97.315,40.0,NaN,97.315,174.0,NaN,97.32,245.0,NaN,97.315,25.0,NaN,97.315,69.0,NaN,97.315,129.0,23.0,97.315,97.31,97.315,97.305,97.305,97.305,97.305,NaN,NaN,NaN,NaN,NaN,NaN,NaN,NaN,NaN,NaN,NaN,NaN,NaN,NaN,NaN,NaN,NaN,NaN,NaN,NaN,NaN,NaN,NaN,NaN,NaN,NaN,NaN,NaN,NaN
2018-07-19,NaN,NaN,NaN,NaN,NaN,NaN,NaN,NaN,NaN,NaN,NaN,NaN,NaN,NaN,NaN,NaN,NaN,NaN,98.085,230889.0,3691.0,98.075,259375.0,8352.0,98.04,110411.0,9040.0,97.855,285771.0,27018.0,97.845,219674.0,18049.0,97.785,72215.0,8757.0,97.695,218979.0,42637.0,97.675,135113.0,14896.0,97.63,37009.0,4295.0,97.545,80134.0,9426.0,97.52,46990.0,5019.0,97.49,14420.0,1884.0,97.44,57588.0,6903.0,97.42,19671.0,2286.0,97.405,9815.0,858.0,97.38,30439.0,906.0,97.37,10963.0,548.0,97.35,7396.0,229.0,97.34,43590.0,831.0,97.335,5225.0,114.0,97.335,332.0,4.0,97.335,1247.0,NaN,97.335,369.0,NaN,97.335,40.0,NaN,97.335,174.0,NaN,97.34,245.0,NaN,97.335,25.0,NaN,97.335,69.0,NaN,97.335,129.0,NaN,97.335,97.33,97.335,97.325,97.33,97.33,97.33,NaN,NaN,NaN,NaN,NaN,NaN,NaN,NaN,NaN,NaN,NaN,NaN,NaN,NaN,NaN,NaN,NaN,NaN,NaN,NaN,NaN,NaN,NaN,NaN,NaN,NaN,NaN,NaN,NaN
2018-07-20,NaN,NaN,NaN,NaN,NaN,NaN,NaN,NaN,NaN,NaN,NaN,NaN,NaN,NaN,NaN,NaN,NaN,NaN,98.09,230553.0,2562.0,98.08,261146.0,23554.0,98.045,110435.0,6045.0,97.86,289376.0,35134.0,97.845,215707.0,18035.0,97.785,72134.0,3792.0,97.69,227460.0,28549.0,97.67,135020.0,7253.0,97.625,36739.0,9007.0,97.54,83601.0,9167.0,97.51,48172.0,3664.0,97.48,14690.0,926.0,97.43,58548.0,2623.0,97.41,19999.0,736.0,97.395,9778.0,373.0,97.37,31352.0,1938.0,97.36,11000.0,47.0,97.34,7397.0,142.0,97.33,43743.0,633.0,97.325,5365.0,168.0,97.325,332.0,NaN,97.32,1247.0,NaN,97.32,369.0,20.0,97.32,40.0,20.0,97.32,174.0,20.0,97.325,245.0,NaN,97.32,25.0,NaN,97.32,69.0,NaN,97.32,129.0,NaN,97.32,97.315,97.32,97.31,97.315,97.315,97.315,NaN,NaN,NaN,NaN,NaN,NaN,NaN,NaN,NaN,NaN,NaN,NaN,NaN,NaN,NaN,NaN,NaN,NaN,NaN,NaN,NaN,NaN,NaN,NaN,NaN,NaN,NaN,NaN,NaN
2018-07-23,NaN,NaN,NaN,NaN,NaN,NaN,NaN,NaN,NaN,NaN,NaN,NaN,NaN,NaN,NaN,NaN,NaN,NaN,98.0875,230534.0,418.0,98.08,262679.0,6285.0,98.045,111073.0,1554.0,97.855,292924.0,21299.0,97.845,219000.0,14835.0,97.775,73157.0,7226.0,97.675,234303.0,23449.0,97.65,135259.0,6929.0,97.605,36565.0,7380.0,97.515,83929.0,5427.0,97.48,50182.0,4497.0,97.445,14728.0,1126.0,97.39,58135.0,6905.0,97.37,19973.0,2429.0,97.35,9943.0,1398.0,97.32,31934.0,2933.0,97.31,11130.0,601.0,97.29,7309.0,397.0,97.28,42738.0,2845.0,97.275,5417.0,202.0,97.275,332.0,14.0,97.27,1308.0,369.0,97.27,369.0,NaN,97.27,40.0,NaN,97.27,174.0,NaN,97.275,245.0,NaN,97.27,25.0,NaN,97.27,69.0,NaN,97.27,129.0,NaN,97.27,97.265,97.27,97.26,97.265,97.265,97.265,NaN,NaN,NaN,NaN,NaN,NaN,NaN,NaN,NaN,NaN,NaN,NaN,NaN,NaN,NaN,NaN,NaN,NaN,NaN,NaN,NaN,NaN,NaN,NaN,NaN,NaN,NaN,NaN,NaN
2018-07-24,NaN,NaN,NaN,NaN,NaN,NaN,NaN,NaN,NaN,NaN,NaN,NaN,NaN,NaN,NaN,NaN,NaN,NaN,98.0875,230616.0,453.0,98.08,261959.0,3608.0,98.045,110890.0,11526.0,97.855,291852.0,35322.0,97.845,217267.0,22061.0,97.78,71773.0,11500.0,97.68,239081.0,24020.0,97.66,135891.0,12323.0,97.61,38940.0,7692.0,97.52,83531.0,12469.0,97.485,50968.0,5206.0,97.45,14571.0,869.0,97.395,57144.0,4080.0,97.375,20450.0,1700.0,97.355,9928.0,329.0,97.325,31581.0,2388.0,97.315,11145.0,250.0,97.295,7159.0,334.0,97.285,42804.0,1496.0,97.28,5423.0,91.0,97.275,332.0,NaN,97.27,1308.0,NaN,97.27,369.0,NaN,97.265,40.0,NaN,97.26,174.0,NaN,97.265,245.0,NaN,97.26,25.0,NaN,97.26,69.0,NaN,97.26,129.0,NaN,97.26,97.255,97.26,97.25,97.255,97.255,97.255,NaN,NaN,NaN,NaN,NaN,NaN,NaN,NaN,NaN,NaN,NaN,NaN,NaN,NaN,NaN,NaN,NaN,NaN,NaN,NaN,NaN,NaN,NaN,NaN,NaN,NaN,NaN,NaN,NaN
2018-07-25,NaN,NaN,NaN,NaN,NaN,NaN,NaN,NaN,NaN,NaN,NaN,NaN,NaN,NaN,NaN,NaN,NaN,NaN,98.0875,230812.0,326.0,98.08,260963.0,10008.0,98.045,110374.0,4865.0,97.855,296159.0,15190.0,97.845,215880.0,15867.0,97.78,71409.0,6342.0,97.68,241884.0,17020.0,97.66,136645.0,5306.0,97.61,39989.0,4116.0,97.52,85037.0,7810.0,97.485,52056.0,4210.0,97.45,14914.0,1771.0,97.395,57929.0,6788.0,97.375,21259.0,2592.0,97.355,9887.0,713.0,97.32,32115.0,3701.0,97.31,10936.0,1191.0,97.29,7274.0,572.0,97.28,43732.0,1553.0,97.275,5580.0,247.0,97.27,332.0,NaN,97.265,1308.0,NaN,97.265,369.0,10.0,97.26,40.0,NaN,97.255,164.0,10.0,97.26,245.0,NaN,97.255,25.0,NaN,97.255,69.0,NaN,97.255,129.0,NaN,97.255,97.25,97.255,97.245,97.25,97.25,97.25,NaN,NaN,NaN,NaN,NaN,NaN,NaN,NaN,NaN,NaN,NaN,NaN,NaN,NaN,NaN,NaN,NaN,NaN,NaN,NaN,NaN,NaN,NaN,NaN,NaN,NaN,NaN,NaN,NaN
2018-07-26,NaN,NaN,NaN,NaN,NaN,NaN,NaN,NaN,NaN,NaN,NaN,NaN,NaN,NaN,NaN,NaN,NaN,NaN,98.0875,230861.0,626.0,98.08,258600.0,5995.0,98.04,107951.0,4593.0,97.85,296971.0,7389.0,97.84,216976.0,6815.0,97.775,72021.0,4193.0,97.67,241618.0,21773.0,97.645,136814.0,5226.0,97.595,41846.0,4773.0,97.5,84686.0,3692.0,97.46,51862.0,1892.0,97.425,14823.0,1553.0,97.365,57984.0,3733.0,97.345,21461.0,1623.0,97.325,9847.0,573.0,97.29,32075.0,2665.0,97.28,11034.0,1815.0,97.26,7250.0,562.0,97.25,43720.0,647.0,97.245,5898.0,738.0,97.24,332.0,2.0,97.235,1308.0,NaN,97.235,369.0,NaN,97.23,40.0,NaN,97.23,164.0,NaN,97.235,245.0,NaN,97.23,25.0,NaN,97.23,69.0,NaN,97.23,129.0,NaN,97.23,97.225,97.23,97.22,97.225,97.225,97.225,NaN,NaN,NaN,NaN,NaN,NaN,NaN,NaN,NaN,NaN,NaN,NaN,NaN,NaN,NaN,NaN,NaN,NaN,NaN,NaN,NaN,NaN,NaN,NaN,NaN,NaN,NaN,NaN,NaN
2018-07-27,NaN,NaN,NaN,NaN,NaN,NaN,NaN,NaN,NaN,NaN,NaN,NaN,NaN,NaN,NaN,NaN,NaN,NaN,98.0875,230383.0,820.0,98.08,257659.0,4127.0,98.045,110142.0,6450.0,97.855,313646.0,39685.0,97.845,218402.0,11807.0,97.775,74959.0,6303.0,97.665,259975.0,39254.0,97.645,137359.0,4820.0,97.595,41853.0,3171.0,97.495,84404.0,5374.0,97.46,52951.0,7435.0,97.425,16048.0,3093.0,97.365,58391.0,3905.0,97.345,21444.0,2047.0,97.32,10097.0,702.0,97.285,32306.0,1388.0,97.275,10667.0,1037.0,97.255,7286.0,203.0,97.245,43883.0,620.0,97.24,5879.0,51.0,97.24,335.0,4.0,97.235,1308.0,NaN,97.235,369.0,NaN,97.23,40.0,NaN,97.23,164.0,NaN,97.235,245.0,NaN,97.23,25.0,NaN,97.23,69.0,NaN,97.23,129.0,NaN,97.23,97.225,97.23,97.22,97.225,97.225,97.225,NaN,NaN,NaN,NaN,NaN,NaN,NaN,NaN,NaN,NaN,NaN,NaN,NaN,NaN,NaN,NaN,NaN,NaN,NaN,NaN,NaN,NaN,NaN,NaN,NaN,NaN,NaN,NaN,NaN
2018-07-30,NaN,NaN,NaN,NaN,NaN,NaN,NaN,NaN,NaN,NaN,NaN,NaN,NaN,NaN,NaN,NaN,NaN,NaN,98.0875,229039.0,3463.0,98.08,257840.0,10534.0,98.04,112300.0,9239.0,97.85,315696.0,15309.0,97.84,219821.0,17273.0,97.77,75310.0,5288.0,97.66,259927.0,27889.0,97.64,137155.0,6640.0,97.59,42363.0,3523.0,97.5,84444.0,4695.0,97.465,53742.0,2241.0,97.43,15997.0,448.0,97.37,59326.0,3867.0,97.35,21621.0,1344.0,97.325,10130.0,444.0,97.29,32321.0,897.0,97.28,10536.0,300.0,97.26,7673.0,767.0,97.25,43683.0,566.0,97.245,5817.0,74.0,97.24,335.0,NaN,97.235,1308.0,7.0,97.235,377.0,69.0,97.23,44.0,30.0,97.23,170.0,36.0,97.235,245.0,80.0,97.235,25.0,81.0,97.25,91.0,82.0,97.265,138.0,82.0,97.275,97.275,97.27,97.245,97.25,97.25,97.25,NaN,NaN,NaN,NaN,NaN,NaN,NaN,NaN,NaN,NaN,NaN,NaN,NaN,NaN,NaN,NaN,NaN,NaN,NaN,NaN,NaN,NaN,NaN,NaN,NaN,NaN,NaN,NaN,NaN
2018-07-31,NaN,NaN,NaN,NaN,NaN,NaN,NaN,NaN,NaN,NaN,NaN,NaN,NaN,NaN,NaN,NaN,NaN,NaN,98.0875,228773.0,1674.0,98.08,258490.0,7933.0,98.045,110501.0,20929.0,97.85,310670.0,11133.0,97.84,219824.0,6785.0,97.77,74661.0,3962.0,97.665,253733.0,23383.0,97.645,136379.0,4302.0,97.595,43384.0,3344.0,97.505,84301.0,3509.0,97.475,54669.0,4344.0,97.435,15611.0,2178.0,97.375,61835.0,6251.0,97.36,23129.0,3536.0,97.335,10163.0,463.0,97.3,32353.0,1163.0,97.29,10079.0,1693.0,97.27,7762.0,401.0,97.26,43479.0,1982.0,97.255,5982.0,319.0,97.25,335.0,NaN,97.245,1308.0,98.0,97.245,381.0,29.0,97.245,42.0,14.0,97.245,163.0,99.0,97.25,245.0,12.0,97.25,25.0,12.0,97.26,133.0,112.0,97.27,150.0,96.0,97.28,97.28,97.28,97.275,97.28,97.28,97.28,97.28,NaN,NaN,NaN,NaN,NaN,NaN,NaN,NaN,NaN,NaN,NaN,NaN,NaN,NaN,NaN,NaN,NaN,NaN,NaN,NaN,NaN,NaN,NaN,NaN,NaN,NaN,NaN,NaN
2018-08-01,NaN,NaN,NaN,NaN,NaN,NaN,NaN,NaN,NaN,NaN,NaN,NaN,NaN,NaN,NaN,NaN,NaN,NaN,98.09,NaN,NaN,98.0825,254864.0,12914.0,98.045,110639.0,6819.0,97.855,309834.0,17562.0,97.845,218496.0,6501.0,97.775,73733.0,9230.0,97.67,252826.0,33167.0,97.65,135342.0,12891.0,97.6,42345.0,4355.0,97.505,84449.0,6421.0,97.47,54508.0,2469.0,97.43,15651.0,924.0,97.365,62865.0,4586.0,97.35,23054.0,1148.0,97.325,10426.0,1342.0,97.28,32127.0,2216.0,97.27,10021.0,1501.0,97.25,7779.0,207.0,97.24,43461.0,1093.0,97.235,5963.0,137.0,97.23,335.0,NaN,97.225,1308.0,19.0,97.225,381.0,NaN,97.225,42.0,NaN,97.225,163.0,NaN,97.23,245.0,NaN,97.23,25.0,NaN,97.24,133.0,NaN,97.25,150.0,NaN,97.255,97.255,97.255,97.25,97.255,97.255,97.255,97.255,NaN,NaN,NaN,NaN,NaN,NaN,NaN,NaN,NaN,NaN,NaN,NaN,NaN,NaN,NaN,NaN,NaN,NaN,NaN,NaN,NaN,NaN,NaN,NaN,NaN,NaN,NaN,NaN
2018-08-02,NaN,NaN,NaN,NaN,NaN,NaN,NaN,NaN,NaN,NaN,NaN,NaN,NaN,NaN,NaN,NaN,NaN,NaN,NaN,NaN,NaN,98.085,245708.0,23451.0,98.05,113775.0,15550.0,97.86,311300.0,12560.0,97.85,221899.0,14544.0,97.78,71830.0,6146.0,97.675,254093.0,15711.0,97.655,136359.0,9460.0,97.605,42286.0,4339.0,97.51,86192.0,6117.0,97.48,54229.0,1591.0,97.445,15476.0,1438.0,97.38,64094.0,4630.0,97.365,23500.0,900.0,97.34,10503.0,292.0,97.295,32383.0,1487.0,97.285,10021.0,259.0,97.265,7847.0,287.0,97.255,43518.0,639.0,97.25,5941.0,129.0,97.245,335.0,NaN,97.24,1308.0,NaN,97.24,381.0,NaN,97.24,42.0,NaN,97.24,163.0,NaN,97.245,245.0,NaN,97.245,25.0,NaN,97.255,133.0,NaN,97.265,150.0,NaN,97.265,97.265,97.265,97.26,97.265,97.265,97.265,97.265,NaN,NaN,NaN,NaN,NaN,NaN,NaN,NaN,NaN,NaN,NaN,NaN,NaN,NaN,NaN,NaN,NaN,NaN,NaN,NaN,NaN,NaN,NaN,NaN,NaN,NaN,NaN,NaN
2018-08-03,NaN,NaN,NaN,NaN,NaN,NaN,NaN,NaN,NaN,NaN,NaN,NaN,NaN,NaN,NaN,NaN,NaN,NaN,NaN,NaN,NaN,98.085,245743.0,3121.0,98.05,112600.0,3695.0,97.86,314997.0,10655.0,97.855,224719.0,14067.0,97.785,71799.0,6668.0,97.68,261417.0,27693.0,97.66,134777.0,7911.0,97.615,38803.0,7553.0,97.525,85264.0,10214.0,97.495,55765.0,6243.0,97.46,15749.0,1241.0,97.395,64649.0,4123.0,97.38,24696.0,4005.0,97.355,10650.0,529.0,97.31,32560.0,1157.0,97.305,10237.0,1108.0,97.29,7817.0,261.0,97.28,44245.0,1912.0,97.275,5948.0,36.0,97.27,355.0,20.0,97.265,1308.0,NaN,97.265,381.0,NaN,97.265,42.0,NaN,97.265,163.0,NaN,97.27,245.0,NaN,97.27,25.0,NaN,97.28,133.0,NaN,97.29,150.0,NaN,97.295,97.295,97.295,97.29,97.295,97.295,97.295,97.295,NaN,NaN,NaN,NaN,NaN,NaN,NaN,NaN,NaN,NaN,NaN,NaN,NaN,NaN,NaN,NaN,NaN,NaN,NaN,NaN,NaN,NaN,NaN,NaN,NaN,NaN,NaN,NaN
2018-08-06,NaN,NaN,NaN,NaN,NaN,NaN,NaN,NaN,NaN,NaN,NaN,NaN,NaN,NaN,NaN,NaN,NaN,NaN,NaN,NaN,NaN,98.0875,237459.0,13416.0,98.055,113927.0,13478.0,97.86,315593.0,2832.0,97.85,222597.0,2633.0,97.78,70731.0,2432.0,97.675,259610.0,9125.0,97.66,134513.0,5282.0,97.61,38988.0,4263.0,97.52,85238.0,3872.0,97.49,55299.0,2267.0,97.455,15807.0,402.0,97.395,65067.0,3582.0,97.38,26184.0,3513.0,97.355,10737.0,134.0,97.315,32434.0,451.0,97.31,10228.0,212.0,97.295,8090.0,558.0,97.285,44258.0,695.0,97.28,5953.0,5.0,97.275,355.0,NaN,97.27,1308.0,NaN,97.27,381.0,NaN,97.27,42.0,NaN,97.275,163.0,NaN,97.28,245.0,NaN,97.28,25.0,NaN,97.29,133.0,NaN,97.3,150.0,NaN,97.305,97.305,97.305,97.3,97.305,97.305,97.305,97.305,NaN,NaN,NaN,NaN,NaN,NaN,NaN,NaN,NaN,NaN,NaN,NaN,NaN,NaN,NaN,NaN,NaN,NaN,NaN,NaN,NaN,NaN,NaN,NaN,NaN,NaN,NaN,NaN
2018-08-07,NaN,NaN,NaN,NaN,NaN,NaN,NaN,NaN,NaN,NaN,NaN,NaN,NaN,NaN,NaN,NaN,NaN,NaN,NaN,NaN,NaN,98.0875,234417.0,8147.0,98.055,115948.0,15172.0,97.855,319163.0,19849.0,97.845,228393.0,16737.0,97.775,81156.0,19102.0,97.67,255330.0,26543.0,97.65,134421.0,5366.0,97.6,42981.0,8307.0,97.505,87642.0,5087.0,97.475,55335.0,1315.0,97.44,16172.0,1440.0,97.375,65466.0,2379.0,97.36,26633.0,824.0,97.335,10922.0,511.0,97.295,32389.0,570.0,97.29,10553.0,666.0,97.27,8179.0,418.0,97.26,44619.0,924.0,97.255,5834.0,530.0,97.25,355.0,NaN,97.245,1308.0,1.0,97.245,382.0,1.0,97.245,42.0,NaN,97.25,163.0,NaN,97.255,245.0,NaN,97.255,25.0,NaN,97.265,133.0,NaN,97.275,150.0,NaN,97.28,97.28,97.28,97.275,97.28,97.28,97.28,97.28,NaN,NaN,NaN,NaN,NaN,NaN,NaN,NaN,NaN,NaN,NaN,NaN,NaN,NaN,NaN,NaN,NaN,NaN,NaN,NaN,NaN,NaN,NaN,NaN,NaN,NaN,NaN,NaN
2018-08-08,NaN,NaN,NaN,NaN,NaN,NaN,NaN,NaN,NaN,NaN,NaN,NaN,NaN,NaN,NaN,NaN,NaN,NaN,NaN,NaN,NaN,98.0875,234197.0,1602.0,98.055,112557.0,16627.0,97.855,325734.0,24759.0,97.845,229162.0,5546.0,97.775,82221.0,9983.0,97.67,253512.0,19291.0,97.65,134976.0,9812.0,97.6,43318.0,3421.0,97.51,86166.0,16338.0,97.48,57152.0,4090.0,97.44,16542.0,1874.0,97.38,66024.0,2408.0,97.365,25472.0,3029.0,97.34,10944.0,227.0,97.3,32271.0,857.0,97.295,10592.0,194.0,97.275,8176.0,108.0,97.265,44572.0,561.0,97.26,5814.0,62.0,97.255,355.0,NaN,97.25,1301.0,30.0,97.25,370.0,60.0,97.25,42.0,NaN,97.255,163.0,NaN,97.26,245.0,NaN,97.26,25.0,NaN,97.27,133.0,NaN,97.28,150.0,NaN,97.285,97.285,97.285,97.28,97.285,97.285,97.285,97.285,NaN,NaN,NaN,NaN,NaN,NaN,NaN,NaN,NaN,NaN,NaN,NaN,NaN,NaN,NaN,NaN,NaN,NaN,NaN,NaN,NaN,NaN,NaN,NaN,NaN,NaN,NaN,NaN
2018-08-09,NaN,NaN,NaN,NaN,NaN,NaN,NaN,NaN,NaN,NaN,NaN,NaN,NaN,NaN,NaN,NaN,NaN,NaN,NaN,NaN,NaN,98.0875,237794.0,6175.0,98.055,111904.0,8182.0,97.855,322592.0,25234.0,97.85,233503.0,17099.0,97.785,81769.0,6787.0,97.685,253719.0,24303.0,97.67,137420.0,10731.0,97.62,42145.0,7194.0,97.53,84445.0,13625.0,97.505,56243.0,8341.0,97.465,16421.0,1392.0,97.405,66635.0,3860.0,97.39,25630.0,1574.0,97.365,10819.0,934.0,97.325,32090.0,2340.0,97.32,10671.0,1555.0,97.3,8445.0,317.0,97.29,46258.0,3583.0,97.285,6111.0,1619.0,97.28,358.0,3.0,97.275,1301.0,NaN,97.275,370.0,NaN,97.275,42.0,NaN,97.28,163.0,NaN,97.285,245.0,NaN,97.285,25.0,NaN,97.295,133.0,NaN,97.305,150.0,NaN,97.31,97.31,97.31,97.305,97.31,97.31,97.31,97.31,NaN,NaN,NaN,NaN,NaN,NaN,NaN,NaN,NaN,NaN,NaN,NaN,NaN,NaN,NaN,NaN,NaN,NaN,NaN,NaN,NaN,NaN,NaN,NaN,NaN,NaN,NaN,NaN
2018-08-10,NaN,NaN,NaN,NaN,NaN,NaN,NaN,NaN,NaN,NaN,NaN,NaN,NaN,NaN,NaN,NaN,NaN,NaN,NaN,NaN,NaN,98.0875,235487.0,4468.0,98.055,129919.0,36056.0,97.865,352617.0,104634.0,97.865,232474.0,36273.0,97.805,82353.0,22800.0,97.71,255589.0,88161.0,97.7,140161.0,26943.0,97.655,40544.0,5983.0,97.575,83915.0,23617.0,97.555,52385.0,12477.0,97.52,16663.0,2889.0,97.46,68737.0,15289.0,97.45,27682.0,10278.0,97.425,11194.0,1298.0,97.385,31288.0,4634.0,97.38,10709.0,2740.0,97.365,8615.0,550.0,97.355,49836.0,8867.0,97.355,6140.0,768.0,97.35,358.0,NaN,97.345,1301.0,NaN,97.345,365.0,24.0,97.345,42.0,NaN,97.35,163.0,NaN,97.355,245.0,NaN,97.355,25.0,NaN,97.365,133.0,NaN,97.375,150.0,NaN,97.38,97.38,97.38,97.375,97.38,97.38,97.38,97.38,NaN,NaN,NaN,NaN,NaN,NaN,NaN,NaN,NaN,NaN,NaN,NaN,NaN,NaN,NaN,NaN,NaN,NaN,NaN,NaN,NaN,NaN,NaN,NaN,NaN,NaN,NaN,NaN
2018-08-13,NaN,NaN,NaN,NaN,NaN,NaN,NaN,NaN,NaN,NaN,NaN,NaN,NaN,NaN,NaN,NaN,NaN,NaN,NaN,NaN,NaN,98.0875,234774.0,14800.0,98.055,125387.0,32498.0,97.86,359941.0,30122.0,97.855,238349.0,18209.0,97.795,84677.0,10708.0,97.7,262514.0,41091.0,97.685,142352.0,13570.0,97.64,40276.0,2430.0,97.555,83677.0,14771.0,97.535,52071.0,7168.0,97.5,16821.0,3342.0,97.445,70937.0,8451.0,97.435,30897.0,11230.0,97.41,11086.0,1450.0,97.375,31316.0,3895.0,97.37,10810.0,1974.0,97.355,9003.0,556.0,97.345,55105.0,8594.0,97.345,6322.0,573.0,97.34,356.0,7.0,97.34,1299.0,19.0,97.345,365.0,NaN,97.345,42.0,NaN,97.35,163.0,NaN,97.355,245.0,NaN,97.355,25.0,NaN,97.365,133.0,NaN,97.375,150.0,NaN,97.38,97.38,97.38,97.375,97.38,97.38,97.38,97.38,NaN,NaN,NaN,NaN,NaN,NaN,NaN,NaN,NaN,NaN,NaN,NaN,NaN,NaN,NaN,NaN,NaN,NaN,NaN,NaN,NaN,NaN,NaN,NaN,NaN,NaN,NaN,NaN
2018-08-14,NaN,NaN,NaN,NaN,NaN,NaN,NaN,NaN,NaN,NaN,NaN,NaN,NaN,NaN,NaN,NaN,NaN,NaN,NaN,NaN,NaN,98.0875,234237.0,1351.0,98.055,124662.0,3316.0,97.855,359304.0,10345.0,97.85,242834.0,11767.0,97.78,86193.0,6849.0,97.68,264468.0,20739.0,97.67,144685.0,9579.0,97.62,41609.0,2888.0,97.535,87470.0,10603.0,97.51,50418.0,5995.0,97.475,18137.0,6793.0,97.42,76011.0,15524.0,97.41,38807.0,17968.0,97.39,11116.0,620.0,97.35,34083.0,9445.0,97.34,15223.0,7371.0,97.325,8959.0,817.0,97.315,56678.0,5867.0,97.315,6270.0,318.0,97.31,359.0,8.0,97.31,1299.0,2.0,97.315,365.0,NaN,97.315,42.0,NaN,97.32,163.0,NaN,97.325,245.0,NaN,97.325,25.0,NaN,97.335,133.0,NaN,97.345,150.0,NaN,97.35,97.35,97.35,97.345,97.35,97.35,97.35,97.35,NaN,NaN,NaN,NaN,NaN,NaN,NaN,NaN,NaN,NaN,NaN,NaN,NaN,NaN,NaN,NaN,NaN,NaN,NaN,NaN,NaN,NaN,NaN,NaN,NaN,NaN,NaN,NaN
2018-08-15,NaN,NaN,NaN,NaN,NaN,NaN,NaN,NaN,NaN,NaN,NaN,NaN,NaN,NaN,NaN,NaN,NaN,NaN,NaN,NaN,NaN,98.0875,234598.0,4988.0,98.055,122618.0,7775.0,97.855,364404.0,29873.0,97.855,247398.0,22815.0,97.79,86322.0,13482.0,97.69,266211.0,61446.0,97.68,140131.0,18425.0,97.635,40718.0,7170.0,97.555,90157.0,23853.0,97.535,49810.0,4986.0,97.5,18825.0,2423.0,97.45,76408.0,7476.0,97.44,41899.0,7480.0,97.42,11209.0,979.0,97.385,33015.0,3355.0,97.375,15036.0,4617.0,97.36,9533.0,869.0,97.35,58319.0,4910.0,97.35,6214.0,210.0,97.345,359.0,8.0,97.345,1391.0,92.0,97.35,365.0,NaN,97.35,42.0,NaN,97.355,163.0,NaN,97.36,245.0,NaN,97.36,25.0,NaN,97.37,133.0,NaN,97.38,150.0,NaN,97.385,97.385,97.385,97.38,97.385,97.385,97.385,97.385,NaN,NaN,NaN,NaN,NaN,NaN,NaN,NaN,NaN,NaN,NaN,NaN,NaN,NaN,NaN,NaN,NaN,NaN,NaN,NaN,NaN,NaN,NaN,NaN,NaN,NaN,NaN,NaN
2018-08-16,NaN,NaN,NaN,NaN,NaN,NaN,NaN,NaN,NaN,NaN,NaN,NaN,NaN,NaN,NaN,NaN,NaN,NaN,NaN,NaN,NaN,98.085,234602.0,42894.0,98.05,124579.0,20659.0,97.85,363505.0,23719.0,97.85,262221.0,26531.0,97.785,86448.0,9380.0,97.68,268008.0,35521.0,97.67,141436.0,8942.0,97.625,40173.0,3063.0,97.54,89894.0,5432.0,97.52,50253.0,3429.0,97.485,18401.0,1232.0,97.435,77773.0,6881.0,97.425,43625.0,6537.0,97.405,11586.0,778.0,97.37,33585.0,1556.0,97.36,14915.0,678.0,97.345,9384.0,280.0,97.335,59383.0,4975.0,97.335,8124.0,2188.0,97.33,359.0,NaN,97.33,1391.0,8.0,97.335,365.0,8.0,97.335,42.0,NaN,97.34,163.0,NaN,97.345,245.0,NaN,97.345,25.0,NaN,97.355,133.0,NaN,97.365,150.0,NaN,97.37,97.37,97.37,97.365,97.37,97.37,97.37,97.37,NaN,NaN,NaN,NaN,NaN,NaN,NaN,NaN,NaN,NaN,NaN,NaN,NaN,NaN,NaN,NaN,NaN,NaN,NaN,NaN,NaN,NaN,NaN,NaN,NaN,NaN,NaN,NaN
2018-08-17,NaN,NaN,NaN,NaN,NaN,NaN,NaN,NaN,NaN,NaN,NaN,NaN,NaN,NaN,NaN,NaN,NaN,NaN,NaN,NaN,NaN,98.085,233470.0,3292.0,98.05,114428.0,50120.0,97.855,351877.0,44625.0,97.85,266082.0,38254.0,97.785,76718.0,19091.0,97.685,270302.0,36234.0,97.67,141972.0,12262.0,97.625,40518.0,8848.0,97.54,90879.0,6586.0,97.52,51211.0,3771.0,97.485,18727.0,3255.0,97.43,76218.0,9525.0,97.42,43505.0,4309.0,97.4,12088.0,1088.0,97.365,33622.0,2089.0,97.355,15825.0,1878.0,97.335,9317.0,166.0,97.325,61936.0,5113.0,97.325,8565.0,1261.0,97.32,359.0,NaN,97.32,1390.0,1.0,97.325,365.0,1.0,97.325,42.0,NaN,97.33,163.0,NaN,97.335,245.0,NaN,97.335,25.0,NaN,97.345,133.0,NaN,97.355,150.0,NaN,97.36,97.36,97.36,97.355,97.36,97.36,97.36,97.36,NaN,NaN,NaN,NaN,NaN,NaN,NaN,NaN,NaN,NaN,NaN,NaN,NaN,NaN,NaN,NaN,NaN,NaN,NaN,NaN,NaN,NaN,NaN,NaN,NaN,NaN,NaN,NaN
2018-08-20,NaN,NaN,NaN,NaN,NaN,NaN,NaN,NaN,NaN,NaN,NaN,NaN,NaN,NaN,NaN,NaN,NaN,NaN,NaN,NaN,NaN,98.085,231632.0,3160.0,98.055,115581.0,4958.0,97.86,353882.0,9532.0,97.855,264375.0,12593.0,97.79,72789.0,10242.0,97.695,278107.0,33558.0,97.685,141821.0,2587.0,97.645,39964.0,1455.0,97.565,91297.0,7256.0,97.54,51244.0,3321.0,97.51,19356.0,2739.0,97.46,75751.0,8282.0,97.45,42313.0,5090.0,97.43,12282.0,529.0,97.395,32951.0,1791.0,97.385,15671.0,1601.0,97.365,9312.0,124.0,97.355,64738.0,6518.0,97.355,8738.0,609.0,97.355,359.0,NaN,97.355,1389.0,2.0,97.36,365.0,2.0,97.36,42.0,NaN,97.365,163.0,NaN,97.37,245.0,NaN,97.37,25.0,NaN,97.38,133.0,NaN,97.39,150.0,NaN,97.395,97.395,97.395,97.39,97.395,97.395,97.395,97.395,NaN,NaN,NaN,NaN,NaN,NaN,NaN,NaN,NaN,NaN,NaN,NaN,NaN,NaN,NaN,NaN,NaN,NaN,NaN,NaN,NaN,NaN,NaN,NaN,NaN,NaN,NaN,NaN
2018-08-21,NaN,NaN,NaN,NaN,NaN,NaN,NaN,NaN,NaN,NaN,NaN,NaN,NaN,NaN,NaN,NaN,NaN,NaN,NaN,NaN,NaN,98.085,228142.0,4279.0,98.05,115556.0,3507.0,97.855,351307.0,30843.0,97.85,262813.0,18977.0,97.785,72794.0,13498.0,97.69,278937.0,28239.0,97.68,144304.0,7026.0,97.64,43838.0,11037.0,97.56,90610.0,9829.0,97.535,51207.0,9434.0,97.5,19350.0,758.0,97.45,73882.0,8916.0,97.435,43396.0,7755.0,97.415,12409.0,885.0,97.38,32958.0,580.0,97.37,15776.0,622.0,97.35,9315.0,43.0,97.34,65246.0,2249.0,97.34,9172.0,698.0,97.34,359.0,NaN,97.34,1389.0,NaN,97.345,365.0,NaN,97.345,42.0,NaN,97.35,163.0,NaN,97.355,245.0,NaN,97.355,25.0,NaN,97.365,133.0,NaN,97.375,150.0,NaN,97.38,97.38,97.38,97.375,97.38,97.38,97.38,97.38,NaN,NaN,NaN,NaN,NaN,NaN,NaN,NaN,NaN,NaN,NaN,NaN,NaN,NaN,NaN,NaN,NaN,NaN,NaN,NaN,NaN,NaN,NaN,NaN,NaN,NaN,NaN,NaN
2018-08-22,NaN,NaN,NaN,NaN,NaN,NaN,NaN,NaN,NaN,NaN,NaN,NaN,NaN,NaN,NaN,NaN,NaN,NaN,NaN,NaN,NaN,98.085,227846.0,433.0,98.05,115563.0,2058.0,97.85,354643.0,18733.0,97.85,267087.0,31002.0,97.79,71514.0,9412.0,97.69,287587.0,49313.0,97.68,147335.0,10741.0,97.64,47149.0,9445.0,97.565,92156.0,9386.0,97.54,50742.0,6716.0,97.51,19723.0,3765.0,97.46,74062.0,6402.0,97.445,42894.0,4614.0,97.425,12406.0,614.0,97.395,32557.0,2449.0,97.385,15588.0,1556.0,97.37,9083.0,711.0,97.36,69120.0,9278.0,97.36,9325.0,1084.0,97.36,641.0,308.0,97.36,1488.0,185.0,97.365,365.0,34.0,97.365,42.0,NaN,97.37,163.0,NaN,97.375,245.0,NaN,97.375,25.0,NaN,97.385,133.0,NaN,97.395,150.0,NaN,97.4,97.4,97.4,97.395,97.4,97.4,97.4,97.4,NaN,NaN,NaN,NaN,NaN,NaN,NaN,NaN,NaN,NaN,NaN,NaN,NaN,NaN,NaN,NaN,NaN,NaN,NaN,NaN,NaN,NaN,NaN,NaN,NaN,NaN,NaN,NaN
2018-08-23,NaN,NaN,NaN,NaN,NaN,NaN,NaN,NaN,NaN,NaN,NaN,NaN,NaN,NaN,NaN,NaN,NaN,NaN,NaN,NaN,NaN,98.085,223298.0,9866.0,98.05,112396.0,13630.0,97.845,356255.0,40987.0,97.84,268630.0,16922.0,97.775,75267.0,10050.0,97.675,295502.0,38422.0,97.665,148015.0,12625.0,97.625,48781.0,5251.0,97.55,96300.0,18659.0,97.525,53162.0,6341.0,97.495,19596.0,655.0,97.45,74966.0,2377.0,97.435,43158.0,2189.0,97.42,12407.0,275.0,97.39,33855.0,3064.0,97.38,15369.0,1578.0,97.365,9321.0,737.0,97.36,69581.0,3220.0,97.36,9489.0,406.0,97.355,688.0,50.0,97.355,1758.0,300.0,97.36,365.0,NaN,97.36,42.0,NaN,97.365,163.0,NaN,97.37,245.0,NaN,97.37,25.0,NaN,97.38,133.0,NaN,97.39,150.0,NaN,97.395,97.395,97.395,97.39,97.395,97.395,97.395,97.395,NaN,NaN,NaN,NaN,NaN,NaN,NaN,NaN,NaN,NaN,NaN,NaN,NaN,NaN,NaN,NaN,NaN,NaN,NaN,NaN,NaN,NaN,NaN,NaN,NaN,NaN,NaN,NaN
2018-08-24,NaN,NaN,NaN,NaN,NaN,NaN,NaN,NaN,NaN,NaN,NaN,NaN,NaN,NaN,NaN,NaN,NaN,NaN,NaN,NaN,NaN,98.0825,223448.0,771.0,98.045,112183.0,2341.0,97.845,361005.0,35104.0,97.84,269049.0,23339.0,97.775,85804.0,21175.0,97.675,302982.0,49844.0,97.665,147476.0,4888.0,97.62,50929.0,6737.0,97.54,95367.0,7892.0,97.515,52821.0,3549.0,97.485,19677.0,1340.0,97.44,74216.0,4924.0,97.425,42420.0,5560.0,97.41,12643.0,1089.0,97.38,34735.0,4817.0,97.37,16007.0,3192.0,97.355,9728.0,911.0,97.345,68962.0,3936.0,97.345,10637.0,1808.0,97.34,699.0,11.0,97.34,2079.0,411.0,97.345,393.0,78.0,97.345,42.0,NaN,97.35,163.0,NaN,97.355,245.0,NaN,97.355,25.0,NaN,97.365,133.0,NaN,97.375,150.0,NaN,97.38,97.38,97.38,97.375,97.38,97.38,97.38,97.38,NaN,NaN,NaN,NaN,NaN,NaN,NaN,NaN,NaN,NaN,NaN,NaN,NaN,NaN,NaN,NaN,NaN,NaN,NaN,NaN,NaN,NaN,NaN,NaN,NaN,NaN,NaN,NaN
2018-08-27,NaN,NaN,NaN,NaN,NaN,NaN,NaN,NaN,NaN,NaN,NaN,NaN,NaN,NaN,NaN,NaN,NaN,NaN,NaN,NaN,NaN,98.0825,223437.0,312.0,98.05,121137.0,13793.0,97.84,368083.0,10920.0,97.835,269006.0,5658.0,97.77,85632.0,908.0,97.67,303812.0,3148.0,97.66,147906.0,4364.0,97.615,51026.0,1457.0,97.53,94960.0,1670.0,97.505,52566.0,1011.0,97.475,19654.0,380.0,97.425,74184.0,310.0,97.41,42495.0,469.0,97.395,12634.0,180.0,97.365,34779.0,724.0,97.355,16026.0,323.0,97.34,9742.0,249.0,97.33,68964.0,6742.0,97.33,11814.0,1760.0,97.325,699.0,NaN,97.325,2193.0,114.0,97.33,393.0,NaN,97.33,42.0,NaN,97.335,163.0,NaN,97.34,245.0,NaN,97.34,25.0,NaN,97.35,133.0,NaN,97.36,150.0,NaN,97.365,97.365,97.365,97.36,97.365,97.365,97.365,97.365,NaN,NaN,NaN,NaN,NaN,NaN,NaN,NaN,NaN,NaN,NaN,NaN,NaN,NaN,NaN,NaN,NaN,NaN,NaN,NaN,NaN,NaN,NaN,NaN,NaN,NaN,NaN,NaN
2018-08-28,NaN,NaN,NaN,NaN,NaN,NaN,NaN,NaN,NaN,NaN,NaN,NaN,NaN,NaN,NaN,NaN,NaN,NaN,NaN,NaN,NaN,98.0825,223165.0,1253.0,98.045,122500.0,5716.0,97.84,368113.0,7735.0,97.835,269919.0,3094.0,97.77,87439.0,5214.0,97.665,300296.0,32620.0,97.65,147178.0,5478.0,97.605,51554.0,2867.0,97.52,94288.0,3632.0,97.495,52581.0,1136.0,97.46,19599.0,1064.0,97.41,74260.0,4001.0,97.395,42584.0,1175.0,97.375,12711.0,603.0,97.345,34851.0,1251.0,97.335,15924.0,241.0,97.32,9510.0,1259.0,97.31,68954.0,2390.0,97.31,11932.0,687.0,97.305,699.0,NaN,97.305,2270.0,77.0,97.31,393.0,NaN,97.31,42.0,NaN,97.315,163.0,NaN,97.32,245.0,NaN,97.32,25.0,NaN,97.33,133.0,NaN,97.34,150.0,NaN,97.345,97.345,97.345,97.34,97.345,97.345,97.345,97.345,NaN,NaN,NaN,NaN,NaN,NaN,NaN,NaN,NaN,NaN,NaN,NaN,NaN,NaN,NaN,NaN,NaN,NaN,NaN,NaN,NaN,NaN,NaN,NaN,NaN,NaN,NaN,NaN
2018-08-29,NaN,NaN,NaN,NaN,NaN,NaN,NaN,NaN,NaN,NaN,NaN,NaN,NaN,NaN,NaN,NaN,NaN,NaN,NaN,NaN,NaN,98.0825,222506.0,1307.0,98.045,121093.0,4624.0,97.84,366253.0,14609.0,97.835,269005.0,6412.0,97.765,90599.0,16913.0,97.655,298469.0,28903.0,97.64,144714.0,13082.0,97.59,51723.0,6912.0,97.5,93439.0,10550.0,97.475,54969.0,11034.0,97.44,20047.0,3058.0,97.385,75437.0,7193.0,97.37,41190.0,3339.0,97.35,12612.0,651.0,97.32,35301.0,2617.0,97.31,15520.0,1155.0,97.295,9497.0,631.0,97.285,68664.0,4397.0,97.285,11959.0,574.0,97.28,699.0,NaN,97.28,2270.0,15.0,97.285,393.0,NaN,97.285,42.0,NaN,97.29,163.0,12.0,97.295,245.0,NaN,97.295,25.0,NaN,97.305,133.0,NaN,97.315,150.0,NaN,97.32,97.32,97.32,97.315,97.32,97.32,97.32,97.32,NaN,NaN,NaN,NaN,NaN,NaN,NaN,NaN,NaN,NaN,NaN,NaN,NaN,NaN,NaN,NaN,NaN,NaN,NaN,NaN,NaN,NaN,NaN,NaN,NaN,NaN,NaN,NaN
2018-08-30,NaN,NaN,NaN,NaN,NaN,NaN,NaN,NaN,NaN,NaN,NaN,NaN,NaN,NaN,NaN,NaN,NaN,NaN,NaN,NaN,NaN,98.085,222483.0,697.0,98.05,119444.0,10752.0,97.845,365895.0,8818.0,97.84,273005.0,20162.0,97.775,93506.0,13087.0,97.67,306187.0,33267.0,97.66,147004.0,8838.0,97.615,51482.0,2675.0,97.525,95778.0,9577.0,97.5,55395.0,4880.0,97.47,20277.0,2914.0,97.415,76114.0,8533.0,97.4,41463.0,3675.0,97.38,12536.0,692.0,97.35,35914.0,2151.0,97.345,17638.0,4162.0,97.33,9539.0,416.0,97.32,71338.0,6029.0,97.32,12112.0,733.0,97.315,728.0,30.0,97.315,2270.0,25.0,97.32,393.0,NaN,97.32,42.0,NaN,97.325,163.0,NaN,97.33,245.0,NaN,97.33,25.0,NaN,97.34,133.0,NaN,97.35,139.0,11.0,97.355,97.355,97.355,97.355,97.36,97.36,97.36,97.36,NaN,NaN,NaN,NaN,NaN,NaN,NaN,NaN,NaN,NaN,NaN,NaN,NaN,NaN,NaN,NaN,NaN,NaN,NaN,NaN,NaN,NaN,NaN,NaN,NaN,NaN,NaN,NaN
2018-08-31,NaN,NaN,NaN,NaN,NaN,NaN,NaN,NaN,NaN,NaN,NaN,NaN,NaN,NaN,NaN,NaN,NaN,NaN,NaN,NaN,NaN,98.085,222277.0,947.0,98.05,120455.0,4447.0,97.845,364892.0,5148.0,97.84,267696.0,17868.0,97.775,92565.0,6877.0,97.67,299866.0,40548.0,97.66,149156.0,7907.0,97.615,51417.0,2928.0,97.535,104131.0,12055.0,97.515,55339.0,2398.0,97.485,20235.0,1362.0,97.435,75950.0,7175.0,97.42,44709.0,6380.0,97.405,12772.0,640.0,97.375,36023.0,1574.0,97.37,17477.0,537.0,97.355,9623.0,527.0,97.345,74230.0,5764.0,97.345,12113.0,605.0,97.34,728.0,NaN,97.34,2270.0,NaN,97.345,393.0,NaN,97.345,42.0,NaN,97.35,163.0,NaN,97.355,245.0,NaN,97.355,25.0,NaN,97.365,133.0,NaN,97.375,139.0,NaN,97.38,97.38,97.38,97.38,97.385,97.385,97.385,97.385,97.385,NaN,NaN,NaN,NaN,NaN,NaN,NaN,NaN,NaN,NaN,NaN,NaN,NaN,NaN,NaN,NaN,NaN,NaN,NaN,NaN,NaN,NaN,NaN,NaN,NaN,NaN,NaN
2018-09-03,NaN,NaN,NaN,NaN,NaN,NaN,NaN,NaN,NaN,NaN,NaN,NaN,NaN,NaN,NaN,NaN,NaN,NaN,NaN,NaN,NaN,NaN,NaN,NaN,NaN,120455.0,NaN,NaN,364892.0,NaN,NaN,267696.0,NaN,NaN,92565.0,NaN,NaN,299866.0,NaN,NaN,149156.0,NaN,NaN,51417.0,NaN,NaN,104131.0,NaN,NaN,55339.0,NaN,NaN,20235.0,NaN,NaN,75950.0,NaN,NaN,44709.0,NaN,NaN,12772.0,NaN,NaN,36023.0,NaN,NaN,17477.0,NaN,NaN,9623.0,NaN,NaN,74230.0,NaN,NaN,12113.0,NaN,NaN,728.0,NaN,NaN,2270.0,NaN,NaN,393.0,NaN,NaN,42.0,NaN,NaN,163.0,NaN,NaN,245.0,NaN,NaN,25.0,NaN,NaN,133.0,NaN,NaN,139.0,NaN,NaN,NaN,NaN,NaN,NaN,NaN,NaN,NaN,NaN,NaN,NaN,NaN,NaN,NaN,NaN,NaN,NaN,NaN,NaN,NaN,NaN,NaN,NaN,NaN,NaN,NaN,NaN,NaN,NaN,NaN,NaN,NaN,NaN,NaN,NaN,NaN
2018-09-04,NaN,NaN,NaN,NaN,NaN,NaN,NaN,NaN,NaN,NaN,NaN,NaN,NaN,NaN,NaN,NaN,NaN,NaN,NaN,NaN,NaN,98.085,NaN,NaN,98.0525,121584.0,12986.0,97.845,370722.0,9434.0,97.84,269034.0,8375.0,97.775,92206.0,3360.0,97.67,297227.0,28209.0,97.655,150393.0,4148.0,97.61,52979.0,4997.0,97.52,105366.0,5276.0,97.495,55612.0,2365.0,97.46,20178.0,1059.0,97.41,76599.0,4071.0,97.395,45904.0,3888.0,97.375,12531.0,1028.0,97.345,36600.0,2582.0,97.34,17460.0,661.0,97.32,9679.0,454.0,97.31,74511.0,2301.0,97.315,12079.0,895.0,97.31,728.0,NaN,97.31,2284.0,14.0,97.315,393.0,NaN,97.315,42.0,NaN,97.32,163.0,NaN,97.325,245.0,NaN,97.325,25.0,NaN,97.335,133.0,NaN,97.345,139.0,NaN,97.35,97.35,97.35,97.35,97.355,97.355,97.355,97.355,97.355,NaN,NaN,NaN,NaN,NaN,NaN,NaN,NaN,NaN,NaN,NaN,NaN,NaN,NaN,NaN,NaN,NaN,NaN,NaN,NaN,NaN,NaN,NaN,NaN,NaN,NaN,NaN
2018-09-05,NaN,NaN,NaN,NaN,NaN,NaN,NaN,NaN,NaN,NaN,NaN,NaN,NaN,NaN,NaN,NaN,NaN,NaN,NaN,NaN,NaN,NaN,NaN,NaN,98.0475,121726.0,12283.0,97.84,368818.0,6562.0,97.835,270354.0,4658.0,97.77,95733.0,10008.0,97.665,301483.0,18240.0,97.65,150427.0,9690.0,97.605,52540.0,2676.0,97.515,109339.0,4360.0,97.49,55169.0,4582.0,97.46,20263.0,1072.0,97.41,79172.0,2896.0,97.39,44883.0,3506.0,97.37,12771.0,609.0,97.34,36614.0,1084.0,97.335,17604.0,1042.0,97.32,9682.0,359.0,97.31,72918.0,6328.0,97.31,11889.0,2980.0,97.305,728.0,NaN,97.305,2339.0,79.0,97.31,393.0,NaN,97.31,42.0,NaN,97.315,163.0,NaN,97.32,245.0,NaN,97.32,25.0,NaN,97.33,133.0,NaN,97.34,139.0,NaN,97.345,97.345,97.345,97.345,97.35,97.35,97.35,97.35,97.35,NaN,NaN,NaN,NaN,NaN,NaN,NaN,NaN,NaN,NaN,NaN,NaN,NaN,NaN,NaN,NaN,NaN,NaN,NaN,NaN,NaN,NaN,NaN,NaN,NaN,NaN,NaN
2018-09-06,NaN,NaN,NaN,NaN,NaN,NaN,NaN,NaN,NaN,NaN,NaN,NaN,NaN,NaN,NaN,NaN,NaN,NaN,NaN,NaN,NaN,NaN,NaN,NaN,98.0475,119589.0,15198.0,97.84,366337.0,5792.0,97.84,269526.0,8153.0,97.77,94478.0,12418.0,97.67,302652.0,35046.0,97.655,149020.0,9067.0,97.61,51932.0,4546.0,97.52,112459.0,11256.0,97.5,55336.0,8588.0,97.47,20638.0,3028.0,97.42,81958.0,15519.0,97.4,48383.0,9904.0,97.385,13019.0,2568.0,97.36,36569.0,5455.0,97.355,17132.0,3566.0,97.345,9746.0,790.0,97.335,69697.0,21925.0,97.335,13822.0,3464.0,97.33,728.0,1.0,97.33,2362.0,316.0,97.335,393.0,6.0,97.335,42.0,NaN,97.34,157.0,6.0,97.345,245.0,NaN,97.345,25.0,NaN,97.355,133.0,NaN,97.365,139.0,NaN,97.37,97.37,97.37,97.37,97.375,97.375,97.375,97.375,97.375,NaN,NaN,NaN,NaN,NaN,NaN,NaN,NaN,NaN,NaN,NaN,NaN,NaN,NaN,NaN,NaN,NaN,NaN,NaN,NaN,NaN,NaN,NaN,NaN,NaN,NaN,NaN
2018-09-07,NaN,NaN,NaN,NaN,NaN,NaN,NaN,NaN,NaN,NaN,NaN,NaN,NaN,NaN,NaN,NaN,NaN,NaN,NaN,NaN,NaN,NaN,NaN,NaN,98.05,115292.0,10046.0,97.84,348204.0,53408.0,97.835,268228.0,8715.0,97.765,90946.0,16481.0,97.65,290284.0,89973.0,97.635,151617.0,37685.0,97.585,51805.0,5152.0,97.49,111762.0,30788.0,97.46,55109.0,6585.0,97.425,23492.0,9520.0,97.365,78276.0,28288.0,97.35,48105.0,5279.0,97.33,13625.0,2368.0,97.3,36826.0,3169.0,97.295,17357.0,2725.0,97.275,9820.0,1058.0,97.265,67698.0,7703.0,97.265,13938.0,1181.0,97.26,732.0,26.0,97.26,2351.0,74.0,97.265,404.0,11.0,97.265,42.0,NaN,97.27,157.0,NaN,97.275,245.0,NaN,97.275,25.0,NaN,97.285,133.0,NaN,97.295,139.0,NaN,97.3,97.3,97.3,97.305,97.31,97.31,97.31,97.315,97.315,NaN,NaN,NaN,NaN,NaN,NaN,NaN,NaN,NaN,NaN,NaN,NaN,NaN,NaN,NaN,NaN,NaN,NaN,NaN,NaN,NaN,NaN,NaN,NaN,NaN,NaN,NaN
2018-09-10,NaN,NaN,NaN,NaN,NaN,NaN,NaN,NaN,NaN,NaN,NaN,NaN,NaN,NaN,NaN,NaN,NaN,NaN,NaN,NaN,NaN,NaN,NaN,NaN,98.05,115009.0,1099.0,97.84,348408.0,2264.0,97.835,266079.0,7207.0,97.76,93086.0,7596.0,97.65,289893.0,12599.0,97.635,155935.0,14386.0,97.585,52262.0,2244.0,97.485,112591.0,4660.0,97.46,56687.0,4110.0,97.425,24897.0,3163.0,97.365,77344.0,7165.0,97.35,48673.0,3195.0,97.33,14305.0,1643.0,97.3,37073.0,1299.0,97.295,17461.0,1832.0,97.275,9898.0,384.0,97.265,68088.0,2970.0,97.265,13945.0,1099.0,97.26,727.0,10.0,97.26,2408.0,92.0,97.265,406.0,28.0,97.265,42.0,NaN,97.27,157.0,NaN,97.275,245.0,NaN,97.275,25.0,NaN,97.285,133.0,NaN,97.295,139.0,NaN,97.3,97.3,97.3,97.305,97.31,97.31,97.31,97.315,97.315,NaN,NaN,NaN,NaN,NaN,NaN,NaN,NaN,NaN,NaN,NaN,NaN,NaN,NaN,NaN,NaN,NaN,NaN,NaN,NaN,NaN,NaN,NaN,NaN,NaN,NaN,NaN
2018-09-11,NaN,NaN,NaN,NaN,NaN,NaN,NaN,NaN,NaN,NaN,NaN,NaN,NaN,NaN,NaN,NaN,NaN,NaN,NaN,NaN,NaN,NaN,NaN,NaN,98.05,114864.0,1099.0,97.84,341527.0,22431.0,97.835,261307.0,22036.0,97.755,95291.0,6795.0,97.635,288339.0,49133.0,97.62,159344.0,16069.0,97.565,52366.0,4377.0,97.46,112630.0,21850.0,97.43,60950.0,11014.0,97.39,26881.0,6233.0,97.33,78269.0,15849.0,97.31,51031.0,7007.0,97.29,14736.0,2285.0,97.255,36509.0,4780.0,97.245,17647.0,1174.0,97.225,9483.0,1331.0,97.215,67489.0,6775.0,97.215,14217.0,1976.0,97.21,796.0,85.0,97.21,2404.0,232.0,97.215,406.0,24.0,97.215,42.0,NaN,97.22,157.0,NaN,97.225,245.0,NaN,97.225,25.0,NaN,97.235,133.0,NaN,97.245,139.0,NaN,97.245,97.245,97.245,97.25,97.255,97.255,97.255,97.26,97.26,NaN,NaN,NaN,NaN,NaN,NaN,NaN,NaN,NaN,NaN,NaN,NaN,NaN,NaN,NaN,NaN,NaN,NaN,NaN,NaN,NaN,NaN,NaN,NaN,NaN,NaN,NaN
2018-09-12,NaN,NaN,NaN,NaN,NaN,NaN,NaN,NaN,NaN,NaN,NaN,NaN,NaN,NaN,NaN,NaN,NaN,NaN,NaN,NaN,NaN,NaN,NaN,NaN,98.0475,114924.0,8954.0,97.835,319706.0,118638.0,97.835,271030.0,33200.0,97.76,94917.0,20865.0,97.64,259271.0,100255.0,97.625,156687.0,34193.0,97.57,53170.0,6276.0,97.47,112474.0,24757.0,97.44,62232.0,10470.0,97.395,26917.0,4591.0,97.33,79575.0,10737.0,97.31,52391.0,7302.0,97.285,15048.0,2413.0,97.25,36889.0,4839.0,97.24,18770.0,4920.0,97.22,9589.0,1196.0,97.21,66464.0,7682.0,97.21,14174.0,925.0,97.205,813.0,319.0,97.205,2408.0,422.0,97.21,425.0,69.0,97.21,42.0,NaN,97.215,157.0,18.0,97.22,245.0,NaN,97.22,25.0,NaN,97.23,133.0,NaN,97.24,139.0,NaN,97.24,97.24,97.24,97.245,97.25,97.25,97.25,97.255,97.255,NaN,NaN,NaN,NaN,NaN,NaN,NaN,NaN,NaN,NaN,NaN,NaN,NaN,NaN,NaN,NaN,NaN,NaN,NaN,NaN,NaN,NaN,NaN,NaN,NaN,NaN,NaN
2018-09-13,NaN,NaN,NaN,NaN,NaN,NaN,NaN,NaN,NaN,NaN,NaN,NaN,NaN,NaN,NaN,NaN,NaN,NaN,NaN,NaN,NaN,NaN,NaN,NaN,98.0475,114726.0,1685.0,97.835,305520.0,42368.0,97.83,263810.0,21915.0,97.755,95952.0,10398.0,97.635,271795.0,98533.0,97.62,154189.0,18488.0,97.565,52765.0,4002.0,97.46,111121.0,25413.0,97.43,61399.0,8070.0,97.385,26804.0,2852.0,97.32,81437.0,19012.0,97.295,53194.0,6973.0,97.27,14872.0,2863.0,97.235,37008.0,8263.0,97.225,20348.0,6049.0,97.205,9851.0,1352.0,97.19,71054.0,15896.0,97.19,14037.0,1050.0,97.185,814.0,235.0,97.185,2582.0,467.0,97.19,425.0,6.0,97.19,42.0,NaN,97.195,157.0,NaN,97.2,245.0,NaN,97.2,25.0,NaN,97.21,133.0,NaN,97.22,139.0,NaN,97.22,97.22,97.22,97.225,97.23,97.23,97.23,97.235,97.235,NaN,NaN,NaN,NaN,NaN,NaN,NaN,NaN,NaN,NaN,NaN,NaN,NaN,NaN,NaN,NaN,NaN,NaN,NaN,NaN,NaN,NaN,NaN,NaN,NaN,NaN,NaN
2018-09-14,NaN,NaN,NaN,NaN,NaN,NaN,NaN,NaN,NaN,NaN,NaN,NaN,NaN,NaN,NaN,NaN,NaN,NaN,NaN,NaN,NaN,NaN,NaN,NaN,98.0475,114908.0,1159.0,97.835,267190.0,52497.0,97.83,258881.0,12044.0,97.755,94831.0,7830.0,97.635,271172.0,28158.0,97.62,161809.0,19767.0,97.56,53061.0,3565.0,97.455,108928.0,13061.0,97.42,63468.0,7164.0,97.375,27754.0,2954.0,97.305,87379.0,20036.0,97.28,56066.0,6205.0,97.255,15271.0,2483.0,97.215,36168.0,5974.0,97.205,20649.0,2080.0,97.18,9877.0,1206.0,97.165,71056.0,10379.0,97.165,13801.0,1119.0,97.16,843.0,70.0,97.155,2586.0,91.0,97.16,425.0,NaN,97.16,42.0,NaN,97.165,157.0,NaN,97.17,245.0,NaN,97.17,25.0,NaN,97.18,133.0,NaN,97.19,139.0,NaN,97.195,97.195,97.195,97.2,97.205,97.205,97.21,97.215,97.215,NaN,NaN,NaN,NaN,NaN,NaN,NaN,NaN,NaN,NaN,NaN,NaN,NaN,NaN,NaN,NaN,NaN,NaN,NaN,NaN,NaN,NaN,NaN,NaN,NaN,NaN,NaN
2018-09-17,NaN,NaN,NaN,NaN,NaN,NaN,NaN,NaN,NaN,NaN,NaN,NaN,NaN,NaN,NaN,NaN,NaN,NaN,NaN,NaN,NaN,NaN,NaN,NaN,98.0475,115147.0,745.0,97.835,268160.0,14026.0,97.835,258438.0,4707.0,97.755,93879.0,7532.0,97.635,277580.0,22363.0,97.62,161539.0,20067.0,97.565,54036.0,2868.0,97.46,117161.0,24334.0,97.425,65953.0,8448.0,97.38,28458.0,1822.0,97.305,89652.0,11915.0,97.275,56976.0,2000.0,97.25,16605.0,2593.0,97.21,36806.0,4698.0,97.2,21055.0,4182.0,97.175,9953.0,738.0,97.16,76690.0,9911.0,97.16,14584.0,2288.0,97.155,837.0,185.0,97.15,2518.0,254.0,97.155,492.0,143.0,97.155,42.0,NaN,97.16,151.0,12.0,97.165,245.0,NaN,97.165,25.0,NaN,97.175,133.0,NaN,97.185,139.0,NaN,97.19,97.19,97.19,97.195,97.2,97.2,97.205,97.21,97.21,NaN,NaN,NaN,NaN,NaN,NaN,NaN,NaN,NaN,NaN,NaN,NaN,NaN,NaN,NaN,NaN,NaN,NaN,NaN,NaN,NaN,NaN,NaN,NaN,NaN,NaN,NaN
2018-09-18,NaN,NaN,NaN,NaN,NaN,NaN,NaN,NaN,NaN,NaN,NaN,NaN,NaN,NaN,NaN,NaN,NaN,NaN,NaN,NaN,NaN,NaN,NaN,NaN,98.045,113276.0,13890.0,97.83,265998.0,9193.0,97.83,271343.0,24016.0,97.75,97798.0,8596.0,97.63,287780.0,39670.0,97.615,164279.0,18341.0,97.555,52934.0,6614.0,97.45,111784.0,17868.0,97.42,67163.0,8036.0,97.37,28337.0,1761.0,97.295,89218.0,10380.0,97.265,57601.0,3733.0,97.24,18512.0,2796.0,97.195,38410.0,5512.0,97.185,21074.0,1790.0,97.16,10160.0,1657.0,97.14,78597.0,6420.0,97.14,15319.0,1432.0,97.135,1043.0,387.0,97.13,3173.0,1254.0,97.13,498.0,60.0,97.13,42.0,NaN,97.135,151.0,NaN,97.14,245.0,NaN,97.14,25.0,NaN,97.15,133.0,NaN,97.16,139.0,NaN,97.165,97.165,97.165,97.17,97.175,97.175,97.18,97.185,97.185,NaN,NaN,NaN,NaN,NaN,NaN,NaN,NaN,NaN,NaN,NaN,NaN,NaN,NaN,NaN,NaN,NaN,NaN,NaN,NaN,NaN,NaN,NaN,NaN,NaN,NaN,NaN
2018-09-19,NaN,NaN,NaN,NaN,NaN,NaN,NaN,NaN,NaN,NaN,NaN,NaN,NaN,NaN,NaN,NaN,NaN,NaN,NaN,NaN,NaN,NaN,NaN,NaN,98.045,113181.0,2701.0,97.825,262995.0,54172.0,97.82,268471.0,40216.0,97.745,98173.0,4209.0,97.625,275706.0,40046.0,97.61,163421.0,15302.0,97.55,53371.0,6264.0,97.445,112692.0,16205.0,97.415,69067.0,13542.0,97.365,28741.0,4607.0,97.29,84255.0,23965.0,97.265,58402.0,18326.0,97.24,17573.0,3294.0,97.195,43788.0,13931.0,97.185,28705.0,11090.0,97.16,10461.0,1983.0,97.14,79791.0,10406.0,97.14,17378.0,3750.0,97.135,1129.0,412.0,97.13,3223.0,361.0,97.13,557.0,69.0,97.13,42.0,NaN,97.135,151.0,NaN,97.14,245.0,NaN,97.14,25.0,NaN,97.15,133.0,NaN,97.16,139.0,NaN,97.165,97.165,97.165,97.17,97.175,97.175,97.18,97.185,97.185,NaN,NaN,NaN,NaN,NaN,NaN,NaN,NaN,NaN,NaN,NaN,NaN,NaN,NaN,NaN,NaN,NaN,NaN,NaN,NaN,NaN,NaN,NaN,NaN,NaN,NaN,NaN
2018-09-20,NaN,NaN,NaN,NaN,NaN,NaN,NaN,NaN,NaN,NaN,NaN,NaN,NaN,NaN,NaN,NaN,NaN,NaN,NaN,NaN,NaN,NaN,NaN,NaN,98.0475,113343.0,6222.0,97.83,250445.0,35459.0,97.825,257093.0,35490.0,97.75,103210.0,31303.0,97.625,263943.0,48495.0,97.61,161866.0,23522.0,97.555,57985.0,9567.0,97.45,115867.0,20740.0,97.42,67424.0,8743.0,97.375,29657.0,2211.0,97.3,86253.0,15746.0,97.275,60772.0,7892.0,97.25,17680.0,1867.0,97.205,44061.0,3848.0,97.195,29000.0,2089.0,97.17,10144.0,681.0,97.15,80154.0,3646.0,97.15,17209.0,975.0,97.145,1131.0,154.0,97.135,3118.0,148.0,97.135,571.0,45.0,97.135,42.0,NaN,97.14,146.0,17.0,97.145,245.0,NaN,97.145,25.0,NaN,97.155,133.0,NaN,97.165,139.0,NaN,97.17,97.17,97.17,97.175,97.18,97.18,97.185,97.19,97.19,NaN,NaN,NaN,NaN,NaN,NaN,NaN,NaN,NaN,NaN,NaN,NaN,NaN,NaN,NaN,NaN,NaN,NaN,NaN,NaN,NaN,NaN,NaN,NaN,NaN,NaN,NaN
2018-09-21,NaN,NaN,NaN,NaN,NaN,NaN,NaN,NaN,NaN,NaN,NaN,NaN,NaN,NaN,NaN,NaN,NaN,NaN,NaN,NaN,NaN,NaN,NaN,NaN,98.0475,116549.0,6943.0,97.83,248011.0,13573.0,97.825,254721.0,7593.0,97.75,101114.0,6413.0,97.63,259646.0,42650.0,97.615,165426.0,33962.0,97.56,83958.0,44663.0,97.455,117299.0,23899.0,97.425,69023.0,11174.0,97.38,29793.0,2658.0,97.31,85554.0,14179.0,97.285,61107.0,5891.0,97.26,17766.0,2774.0,97.215,46333.0,7408.0,97.205,30583.0,3018.0,97.18,10470.0,1020.0,97.165,80858.0,4171.0,97.165,17838.0,1443.0,97.16,1124.0,167.0,97.15,3059.0,273.0,97.15,861.0,498.0,97.15,42.0,NaN,97.155,154.0,8.0,97.16,245.0,NaN,97.16,25.0,NaN,97.17,133.0,NaN,97.18,139.0,NaN,97.185,97.185,97.185,97.19,97.195,97.195,97.2,97.205,97.205,NaN,NaN,NaN,NaN,NaN,NaN,NaN,NaN,NaN,NaN,NaN,NaN,NaN,NaN,NaN,NaN,NaN,NaN,NaN,NaN,NaN,NaN,NaN,NaN,NaN,NaN,NaN
2018-09-24,NaN,NaN,NaN,NaN,NaN,NaN,NaN,NaN,NaN,NaN,NaN,NaN,NaN,NaN,NaN,NaN,NaN,NaN,NaN,NaN,NaN,NaN,NaN,NaN,98.0475,115402.0,7132.0,97.83,246210.0,14214.0,97.825,265059.0,18116.0,97.75,99988.0,4168.0,97.635,255521.0,40311.0,97.62,168089.0,17799.0,97.565,87238.0,11873.0,97.46,118176.0,9696.0,97.43,68767.0,9584.0,97.385,30640.0,6410.0,97.31,86769.0,10002.0,97.285,61984.0,3436.0,97.26,19011.0,2418.0,97.215,47953.0,6293.0,97.205,32767.0,4650.0,97.18,10815.0,1127.0,97.16,81771.0,3169.0,97.16,18115.0,1556.0,97.155,1115.0,171.0,97.145,3063.0,147.0,97.145,887.0,90.0,97.145,42.0,NaN,97.15,154.0,NaN,97.155,245.0,NaN,97.155,25.0,NaN,97.165,133.0,NaN,97.175,139.0,NaN,97.175,97.175,97.175,97.18,97.185,97.185,97.19,97.195,97.195,NaN,NaN,NaN,NaN,NaN,NaN,NaN,NaN,NaN,NaN,NaN,NaN,NaN,NaN,NaN,NaN,NaN,NaN,NaN,NaN,NaN,NaN,NaN,NaN,NaN,NaN,NaN
2018-09-25,NaN,NaN,NaN,NaN,NaN,NaN,NaN,NaN,NaN,NaN,NaN,NaN,NaN,NaN,NaN,NaN,NaN,NaN,NaN,NaN,NaN,NaN,NaN,NaN,98.045,115666.0,7624.0,97.825,256863.0,28064.0,97.82,259051.0,58591.0,97.745,102400.0,12705.0,97.63,267361.0,47357.0,97.615,166958.0,28589.0,97.56,91482.0,14836.0,97.455,120607.0,16437.0,97.42,70358.0,5779.0,97.375,30286.0,1276.0,97.3,85417.0,7935.0,97.275,59407.0,6430.0,97.25,18103.0,3079.0,97.205,47313.0,2980.0,97.195,32805.0,487.0,97.17,10884.0,728.0,97.15,82489.0,7492.0,97.15,18114.0,267.0,97.145,1118.0,7.0,97.13,3071.0,43.0,97.13,889.0,3.0,97.135,42.0,NaN,97.135,154.0,NaN,97.14,245.0,NaN,97.14,25.0,NaN,97.15,133.0,NaN,97.15,139.0,NaN,97.145,97.145,97.145,97.15,97.155,97.155,97.16,97.165,97.165,NaN,NaN,NaN,NaN,NaN,NaN,NaN,NaN,NaN,NaN,NaN,NaN,NaN,NaN,NaN,NaN,NaN,NaN,NaN,NaN,NaN,NaN,NaN,NaN,NaN,NaN,NaN
2018-09-26,NaN,NaN,NaN,NaN,NaN,NaN,NaN,NaN,NaN,NaN,NaN,NaN,NaN,NaN,NaN,NaN,NaN,NaN,NaN,NaN,NaN,NaN,NaN,NaN,98.045,115723.0,1623.0,97.825,265659.0,80382.0,97.82,276656.0,69100.0,97.745,101216.0,15545.0,97.625,271044.0,78460.0,97.615,171052.0,35297.0,97.56,92508.0,8260.0,97.455,121345.0,17349.0,97.42,68761.0,8308.0,97.375,30768.0,2463.0,97.305,80199.0,12961.0,97.28,55520.0,9685.0,97.255,17916.0,1162.0,97.21,47611.0,6145.0,97.2,33728.0,3100.0,97.175,11728.0,2326.0,97.16,84621.0,15497.0,97.16,19103.0,2342.0,97.15,1188.0,135.0,97.135,2965.0,241.0,97.14,991.0,117.0,97.14,42.0,NaN,97.14,154.0,NaN,97.145,245.0,NaN,97.145,25.0,NaN,97.155,133.0,NaN,97.155,139.0,NaN,97.15,97.15,97.15,97.155,97.16,97.16,97.165,97.17,97.17,NaN,NaN,NaN,NaN,NaN,NaN,NaN,NaN,NaN,NaN,NaN,NaN,NaN,NaN,NaN,NaN,NaN,NaN,NaN,NaN,NaN,NaN,NaN,NaN,NaN,NaN,NaN
2018-09-27,NaN,NaN,NaN,NaN,NaN,NaN,NaN,NaN,NaN,NaN,NaN,NaN,NaN,NaN,NaN,NaN,NaN,NaN,NaN,NaN,NaN,NaN,NaN,NaN,98.0425,118557.0,17329.0,97.82,250925.0,48538.0,97.82,278600.0,7407.0,97.745,106638.0,19306.0,97.625,270750.0,15389.0,97.615,170365.0,14035.0,97.56,93054.0,7700.0,97.455,121214.0,18342.0,97.42,70895.0,7284.0,97.375,31869.0,3238.0,97.305,79485.0,14173.0,97.28,55362.0,4200.0,97.255,17873.0,989.0,97.21,47595.0,2287.0,97.2,33469.0,823.0,97.175,11055.0,1748.0,97.16,86589.0,8082.0,97.16,19389.0,770.0,97.15,1247.0,61.0,97.135,2978.0,160.0,97.14,974.0,34.0,97.14,42.0,NaN,97.14,154.0,NaN,97.145,245.0,NaN,97.145,25.0,NaN,97.155,133.0,NaN,97.155,139.0,NaN,97.15,97.155,97.155,97.16,97.165,97.165,97.17,97.175,97.175,NaN,NaN,NaN,NaN,NaN,NaN,NaN,NaN,NaN,NaN,NaN,NaN,NaN,NaN,NaN,NaN,NaN,NaN,NaN,NaN,NaN,NaN,NaN,NaN,NaN,NaN,NaN
2018-09-28,NaN,NaN,NaN,NaN,NaN,NaN,NaN,NaN,NaN,NaN,NaN,NaN,NaN,NaN,NaN,NaN,NaN,NaN,NaN,NaN,NaN,NaN,NaN,NaN,98.045,121555.0,4047.0,97.82,243958.0,27527.0,97.815,277436.0,9491.0,97.745,108971.0,11481.0,97.635,284023.0,35008.0,97.625,171527.0,13483.0,97.57,92744.0,7621.0,97.465,121825.0,9491.0,97.43,71057.0,4414.0,97.39,31740.0,1127.0,97.32,79230.0,5202.0,97.295,55545.0,3325.0,97.27,17830.0,189.0,97.225,48250.0,4225.0,97.215,34279.0,3461.0,97.19,11294.0,735.0,97.18,88005.0,4628.0,97.185,22368.0,3280.0,97.175,1215.0,195.0,97.16,2931.0,415.0,97.165,1179.0,373.0,97.165,42.0,NaN,97.165,154.0,NaN,97.17,245.0,NaN,97.17,25.0,NaN,97.18,133.0,NaN,97.18,139.0,NaN,97.175,97.18,97.18,97.185,97.19,97.19,97.195,97.2,97.2,97.2,NaN,NaN,NaN,NaN,NaN,NaN,NaN,NaN,NaN,NaN,NaN,NaN,NaN,NaN,NaN,NaN,NaN,NaN,NaN,NaN,NaN,NaN,NaN,NaN,NaN,NaN
2018-10-01,NaN,NaN,NaN,NaN,NaN,NaN,NaN,NaN,NaN,NaN,NaN,NaN,NaN,NaN,NaN,NaN,NaN,NaN,NaN,NaN,NaN,NaN,NaN,NaN,98.045,NaN,NaN,97.8175,242940.0,27968.0,97.815,273463.0,22270.0,97.745,107649.0,14686.0,97.63,284020.0,24562.0,97.615,169117.0,11980.0,97.56,93393.0,6114.0,97.45,124204.0,14314.0,97.42,71711.0,5126.0,97.375,31377.0,1470.0,97.305,80561.0,5450.0,97.28,56030.0,6302.0,97.255,17303.0,2099.0,97.215,47908.0,3119.0,97.205,34527.0,2596.0,97.18,11523.0,680.0,97.17,89541.0,4643.0,97.175,22272.0,1192.0,97.165,1179.0,301.0,97.15,2520.0,1597.0,97.155,2315.0,1341.0,97.155,42.0,NaN,97.155,154.0,NaN,97.16,245.0,NaN,97.16,25.0,NaN,97.17,133.0,NaN,97.17,139.0,NaN,97.165,97.17,97.17,97.175,97.18,97.18,97.185,97.19,97.19,97.19,NaN,NaN,NaN,NaN,NaN,NaN,NaN,NaN,NaN,NaN,NaN,NaN,NaN,NaN,NaN,NaN,NaN,NaN,NaN,NaN,NaN,NaN,NaN,NaN,NaN,NaN
2018-10-02,NaN,NaN,NaN,NaN,NaN,NaN,NaN,NaN,NaN,NaN,NaN,NaN,NaN,NaN,NaN,NaN,NaN,NaN,NaN,NaN,NaN,NaN,NaN,NaN,NaN,NaN,NaN,97.8125,240839.0,25215.0,97.81,273422.0,19709.0,97.74,112729.0,13324.0,97.625,276894.0,47141.0,97.615,171618.0,24594.0,97.56,80404.0,50373.0,97.46,129771.0,44423.0,97.43,70491.0,22416.0,97.385,30659.0,6341.0,97.315,85651.0,16241.0,97.29,58586.0,6731.0,97.265,18274.0,4553.0,97.225,47721.0,8625.0,97.215,34913.0,4980.0,97.19,12063.0,1135.0,97.18,91225.0,4153.0,97.185,23168.0,1457.0,97.175,1191.0,148.0,97.16,2555.0,372.0,97.165,2485.0,523.0,97.165,42.0,NaN,97.165,154.0,NaN,97.17,245.0,NaN,97.17,25.0,NaN,97.18,133.0,NaN,97.18,139.0,NaN,97.175,97.18,97.18,97.185,97.19,97.19,97.195,97.2,97.2,97.2,NaN,NaN,NaN,NaN,NaN,NaN,NaN,NaN,NaN,NaN,NaN,NaN,NaN,NaN,NaN,NaN,NaN,NaN,NaN,NaN,NaN,NaN,NaN,NaN,NaN,NaN
2018-10-03,NaN,NaN,NaN,NaN,NaN,NaN,NaN,NaN,NaN,NaN,NaN,NaN,NaN,NaN,NaN,NaN,NaN,NaN,NaN,NaN,NaN,NaN,NaN,NaN,NaN,NaN,NaN,97.815,243090.0,29680.0,97.81,262541.0,35285.0,97.74,108594.0,19690.0,97.625,307697.0,120594.0,97.61,166540.0,38470.0,97.55,72114.0,26777.0,97.435,132839.0,34901.0,97.405,69880.0,18984.0,97.355,32854.0,8958.0,97.275,88006.0,15691.0,97.25,55142.0,13113.0,97.22,18032.0,3821.0,97.175,46958.0,15039.0,97.165,36555.0,13593.0,97.14,11765.0,1429.0,97.12,93741.0,18767.0,97.125,23499.0,849.0,97.115,1224.0,157.0,97.1,2273.0,1819.0,97.105,2947.0,774.0,97.105,69.0,27.0,97.105,163.0,21.0,97.11,245.0,NaN,97.11,25.0,NaN,97.12,133.0,NaN,97.12,139.0,NaN,97.115,97.12,97.12,97.125,97.13,97.13,97.135,97.14,97.14,97.14,NaN,NaN,NaN,NaN,NaN,NaN,NaN,NaN,NaN,NaN,NaN,NaN,NaN,NaN,NaN,NaN,NaN,NaN,NaN,NaN,NaN,NaN,NaN,NaN,NaN,NaN
2018-10-04,NaN,NaN,NaN,NaN,NaN,NaN,NaN,NaN,NaN,NaN,NaN,NaN,NaN,NaN,NaN,NaN,NaN,NaN,NaN,NaN,NaN,NaN,NaN,NaN,NaN,NaN,NaN,97.815,242462.0,19798.0,97.81,261927.0,14921.0,97.735,106979.0,19983.0,97.62,309048.0,118459.0,97.6,165119.0,47999.0,97.535,70334.0,20961.0,97.42,135475.0,43609.0,97.385,80145.0,31456.0,97.335,34033.0,6072.0,97.255,87315.0,20424.0,97.225,56282.0,8890.0,97.19,18393.0,2388.0,97.14,46311.0,12318.0,97.125,44236.0,13253.0,97.095,11876.0,2079.0,97.075,96406.0,24940.0,97.08,23543.0,2502.0,97.065,1229.0,118.0,97.05,2837.0,1823.0,97.055,2926.0,95.0,97.055,70.0,9.0,97.045,193.0,164.0,97.05,245.0,NaN,97.05,25.0,NaN,97.06,142.0,18.0,97.06,139.0,NaN,97.055,97.06,97.06,97.065,97.07,97.07,97.075,97.08,97.08,97.08,NaN,NaN,NaN,NaN,NaN,NaN,NaN,NaN,NaN,NaN,NaN,NaN,NaN,NaN,NaN,NaN,NaN,NaN,NaN,NaN,NaN,NaN,NaN,NaN,NaN,NaN
2018-10-05,NaN,NaN,NaN,NaN,NaN,NaN,NaN,NaN,NaN,NaN,NaN,NaN,NaN,NaN,NaN,NaN,NaN,NaN,NaN,NaN,NaN,NaN,NaN,NaN,NaN,NaN,NaN,97.8125,234897.0,20665.0,97.805,256875.0,16943.0,97.73,105654.0,6248.0,97.615,292598.0,72435.0,97.6,164230.0,37855.0,97.535,69326.0,6578.0,97.42,142474.0,44541.0,97.39,83010.0,16704.0,97.335,33497.0,5356.0,97.245,87634.0,25236.0,97.22,63542.0,25207.0,97.18,18469.0,3252.0,97.125,44991.0,8144.0,97.11,44289.0,4105.0,97.075,11919.0,1722.0,97.055,95158.0,15212.0,97.055,22594.0,2972.0,97.04,1258.0,109.0,97.02,3272.0,789.0,97.025,3044.0,606.0,97.025,70.0,NaN,97.015,197.0,21.0,97.02,245.0,NaN,97.02,25.0,NaN,97.03,142.0,20.0,97.03,139.0,NaN,97.03,97.035,97.035,97.04,97.045,97.045,97.05,97.055,97.055,97.055,NaN,NaN,NaN,NaN,NaN,NaN,NaN,NaN,NaN,NaN,NaN,NaN,NaN,NaN,NaN,NaN,NaN,NaN,NaN,NaN,NaN,NaN,NaN,NaN,NaN,NaN
2018-10-08,NaN,NaN,NaN,NaN,NaN,NaN,NaN,NaN,NaN,NaN,NaN,NaN,NaN,NaN,NaN,NaN,NaN,NaN,NaN,NaN,NaN,NaN,NaN,NaN,NaN,NaN,NaN,97.815,235002.0,3729.0,97.81,256112.0,2811.0,97.73,106673.0,4837.0,97.61,278154.0,74209.0,97.6,165839.0,6515.0,97.535,70339.0,12359.0,97.42,142085.0,7102.0,97.395,82608.0,3525.0,97.34,33499.0,3143.0,97.25,87851.0,3582.0,97.23,65183.0,3515.0,97.195,18739.0,717.0,97.14,45077.0,578.0,97.125,44317.0,503.0,97.09,11890.0,297.0,97.07,95993.0,2479.0,97.07,22381.0,782.0,97.055,1278.0,89.0,97.035,3270.0,52.0,97.04,3068.0,42.0,97.04,70.0,NaN,97.03,197.0,NaN,97.035,245.0,NaN,97.035,25.0,NaN,97.045,142.0,NaN,97.045,139.0,NaN,97.045,97.05,97.05,97.055,97.06,97.06,97.065,97.07,97.07,97.07,NaN,NaN,NaN,NaN,NaN,NaN,NaN,NaN,NaN,NaN,NaN,NaN,NaN,NaN,NaN,NaN,NaN,NaN,NaN,NaN,NaN,NaN,NaN,NaN,NaN,NaN
2018-10-09,NaN,NaN,NaN,NaN,NaN,NaN,NaN,NaN,NaN,NaN,NaN,NaN,NaN,NaN,NaN,NaN,NaN,NaN,NaN,NaN,NaN,NaN,NaN,NaN,NaN,NaN,NaN,97.815,230294.0,12201.0,97.81,253880.0,19965.0,97.735,106994.0,1860.0,97.615,270911.0,22633.0,97.6,163552.0,26668.0,97.535,69847.0,3183.0,97.42,142338.0,27436.0,97.395,82977.0,8811.0,97.34,34288.0,3395.0,97.25,88188.0,12239.0,97.225,66790.0,4801.0,97.19,19477.0,4574.0,97.135,44372.0,5565.0,97.12,44874.0,4791.0,97.085,11029.0,1615.0,97.06,96291.0,6747.0,97.06,21526.0,1534.0,97.045,1290.0,67.0,97.025,3289.0,209.0,97.03,3146.0,153.0,97.03,70.0,NaN,97.02,207.0,30.0,97.025,245.0,NaN,97.025,25.0,NaN,97.035,142.0,NaN,97.035,139.0,NaN,97.035,97.04,97.04,97.045,97.05,97.05,97.055,97.06,97.06,97.06,NaN,NaN,NaN,NaN,NaN,NaN,NaN,NaN,NaN,NaN,NaN,NaN,NaN,NaN,NaN,NaN,NaN,NaN,NaN,NaN,NaN,NaN,NaN,NaN,NaN,NaN
2018-10-10,NaN,NaN,NaN,NaN,NaN,NaN,NaN,NaN,NaN,NaN,NaN,NaN,NaN,NaN,NaN,NaN,NaN,NaN,NaN,NaN,NaN,NaN,NaN,NaN,NaN,NaN,NaN,97.815,230434.0,1823.0,97.81,252294.0,15280.0,97.735,107477.0,7577.0,97.615,263280.0,47565.0,97.605,167097.0,30540.0,97.54,69316.0,9689.0,97.425,142051.0,34017.0,97.4,82833.0,11884.0,97.345,35115.0,4915.0,97.255,89722.0,19557.0,97.235,70379.0,12602.0,97.195,20022.0,2558.0,97.14,44618.0,6350.0,97.125,44942.0,3146.0,97.09,10683.0,1288.0,97.065,98587.0,13267.0,97.065,21856.0,1881.0,97.05,1292.0,32.0,97.03,3565.0,804.0,97.035,3824.0,1284.0,97.035,70.0,NaN,97.025,207.0,12.0,97.03,245.0,NaN,97.03,25.0,NaN,97.04,142.0,NaN,97.04,139.0,NaN,97.045,97.05,97.05,97.055,97.06,97.06,97.065,97.07,97.07,97.07,NaN,NaN,NaN,NaN,NaN,NaN,NaN,NaN,NaN,NaN,NaN,NaN,NaN,NaN,NaN,NaN,NaN,NaN,NaN,NaN,NaN,NaN,NaN,NaN,NaN,NaN
2018-10-11,NaN,NaN,NaN,NaN,NaN,NaN,NaN,NaN,NaN,NaN,NaN,NaN,NaN,NaN,NaN,NaN,NaN,NaN,NaN,NaN,NaN,NaN,NaN,NaN,NaN,NaN,NaN,97.815,229828.0,2482.0,97.81,250360.0,15456.0,97.74,112849.0,22702.0,97.63,250022.0,108611.0,97.62,169528.0,36220.0,97.565,67596.0,16061.0,97.455,147603.0,41803.0,97.43,85653.0,23425.0,97.38,34396.0,7700.0,97.3,90154.0,24237.0,97.285,72704.0,13884.0,97.25,19847.0,3284.0,97.195,44166.0,12002.0,97.185,44266.0,5692.0,97.15,11316.0,5662.0,97.13,98144.0,14682.0,97.13,22732.0,1778.0,97.115,1405.0,153.0,97.1,3550.0,341.0,97.105,3773.0,339.0,97.105,70.0,NaN,97.095,198.0,48.0,97.1,245.0,NaN,97.1,25.0,NaN,97.11,151.0,9.0,97.11,139.0,NaN,97.115,97.12,97.12,97.125,97.13,97.13,97.135,97.14,97.14,97.14,NaN,NaN,NaN,NaN,NaN,NaN,NaN,NaN,NaN,NaN,NaN,NaN,NaN,NaN,NaN,NaN,NaN,NaN,NaN,NaN,NaN,NaN,NaN,NaN,NaN,NaN
2018-10-12,NaN,NaN,NaN,NaN,NaN,NaN,NaN,NaN,NaN,NaN,NaN,NaN,NaN,NaN,NaN,NaN,NaN,NaN,NaN,NaN,NaN,NaN,NaN,NaN,NaN,NaN,NaN,97.815,230281.0,2791.0,97.81,255615.0,10705.0,97.735,108545.0,10889.0,97.62,261672.0,49199.0,97.61,175134.0,28300.0,97.55,67209.0,8477.0,97.44,150111.0,20117.0,97.42,88390.0,12244.0,97.37,33809.0,4467.0,97.29,92282.0,9472.0,97.275,71803.0,7745.0,97.24,19544.0,1640.0,97.19,44903.0,4528.0,97.18,44198.0,722.0,97.145,11430.0,966.0,97.125,96969.0,11527.0,97.125,24201.0,4230.0,97.11,1414.0,71.0,97.095,3980.0,658.0,97.1,3665.0,283.0,97.1,70.0,NaN,97.09,237.0,39.0,97.095,245.0,NaN,97.095,25.0,NaN,97.105,151.0,NaN,97.105,139.0,NaN,97.11,97.115,97.115,97.12,97.125,97.125,97.13,97.135,97.135,97.135,NaN,NaN,NaN,NaN,NaN,NaN,NaN,NaN,NaN,NaN,NaN,NaN,NaN,NaN,NaN,NaN,NaN,NaN,NaN,NaN,NaN,NaN,NaN,NaN,NaN,NaN
2018-10-15,NaN,NaN,NaN,NaN,NaN,NaN,NaN,NaN,NaN,NaN,NaN,NaN,NaN,NaN,NaN,NaN,NaN,NaN,NaN,NaN,NaN,NaN,NaN,NaN,NaN,NaN,NaN,97.815,231216.0,5622.0,97.81,252916.0,6090.0,97.735,118683.0,22036.0,97.62,253526.0,18991.0,97.61,174227.0,11906.0,97.55,69127.0,7435.0,97.435,155245.0,16721.0,97.415,90229.0,10812.0,97.365,33850.0,3729.0,97.285,96128.0,12347.0,97.265,72750.0,6327.0,97.23,19351.0,1050.0,97.18,45018.0,2875.0,97.17,43619.0,1002.0,97.135,11661.0,469.0,97.115,96609.0,2343.0,97.115,24575.0,597.0,97.1,1420.0,15.0,97.085,3972.0,303.0,97.09,3746.0,124.0,97.09,70.0,NaN,97.08,239.0,30.0,97.085,245.0,NaN,97.085,25.0,NaN,97.095,151.0,NaN,97.095,139.0,NaN,97.1,97.105,97.105,97.11,97.115,97.115,97.12,97.125,97.125,97.125,NaN,NaN,NaN,NaN,NaN,NaN,NaN,NaN,NaN,NaN,NaN,NaN,NaN,NaN,NaN,NaN,NaN,NaN,NaN,NaN,NaN,NaN,NaN,NaN,NaN,NaN
2018-10-16,NaN,NaN,NaN,NaN,NaN,NaN,NaN,NaN,NaN,NaN,NaN,NaN,NaN,NaN,NaN,NaN,NaN,NaN,NaN,NaN,NaN,NaN,NaN,NaN,NaN,NaN,NaN,97.8175,235201.0,10066.0,97.815,256193.0,12584.0,97.74,122562.0,11001.0,97.625,267802.0,42060.0,97.61,176225.0,14070.0,97.55,66071.0,15541.0,97.435,158530.0,30121.0,97.415,89561.0,11322.0,97.365,33558.0,7632.0,97.285,93212.0,13853.0,97.27,72624.0,5586.0,97.23,19238.0,1574.0,97.18,45400.0,3550.0,97.17,43976.0,1227.0,97.135,12169.0,805.0,97.11,95844.0,4289.0,97.11,25081.0,944.0,97.095,1423.0,21.0,97.08,3979.0,27.0,97.085,3795.0,144.0,97.085,70.0,NaN,97.075,239.0,NaN,97.08,245.0,NaN,97.08,25.0,NaN,97.09,151.0,NaN,97.09,139.0,NaN,97.095,97.1,97.1,97.105,97.11,97.11,97.115,97.12,97.12,97.12,NaN,NaN,NaN,NaN,NaN,NaN,NaN,NaN,NaN,NaN,NaN,NaN,NaN,NaN,NaN,NaN,NaN,NaN,NaN,NaN,NaN,NaN,NaN,NaN,NaN,NaN
2018-10-17,NaN,NaN,NaN,NaN,NaN,NaN,NaN,NaN,NaN,NaN,NaN,NaN,NaN,NaN,NaN,NaN,NaN,NaN,NaN,NaN,NaN,NaN,NaN,NaN,NaN,NaN,NaN,97.815,233708.0,10452.0,97.81,252899.0,40579.0,97.735,116239.0,13007.0,97.615,263631.0,51177.0,97.605,174852.0,20401.0,97.545,65656.0,12178.0,97.435,153755.0,25208.0,97.41,90262.0,11056.0,97.36,33512.0,2670.0,97.28,94105.0,20886.0,97.26,75699.0,10708.0,97.225,19381.0,1863.0,97.175,47746.0,7435.0,97.165,44167.0,914.0,97.125,12260.0,1931.0,97.105,97523.0,3943.0,97.105,25141.0,473.0,97.09,1427.0,23.0,97.07,4008.0,146.0,97.07,3823.0,32.0,97.07,70.0,NaN,97.06,233.0,6.0,97.065,245.0,NaN,97.065,25.0,NaN,97.075,151.0,NaN,97.075,139.0,NaN,97.08,97.085,97.085,97.09,97.095,97.095,97.1,97.105,97.105,97.105,NaN,NaN,NaN,NaN,NaN,NaN,NaN,NaN,NaN,NaN,NaN,NaN,NaN,NaN,NaN,NaN,NaN,NaN,NaN,NaN,NaN,NaN,NaN,NaN,NaN,NaN
2018-10-18,NaN,NaN,NaN,NaN,NaN,NaN,NaN,NaN,NaN,NaN,NaN,NaN,NaN,NaN,NaN,NaN,NaN,NaN,NaN,NaN,NaN,NaN,NaN,NaN,NaN,NaN,NaN,97.8125,239725.0,19950.0,97.8,256094.0,45992.0,97.73,121014.0,39173.0,97.615,272352.0,123514.0,97.605,174577.0,45354.0,97.545,54761.0,53751.0,97.435,161976.0,58263.0,97.415,94663.0,30970.0,97.37,32118.0,13408.0,97.29,94334.0,23749.0,97.27,75436.0,14823.0,97.24,21026.0,6859.0,97.19,49759.0,14259.0,97.18,45559.0,6859.0,97.145,12157.0,3963.0,97.125,104474.0,19888.0,97.125,25961.0,2362.0,97.11,1903.0,605.0,97.095,4198.0,1538.0,97.095,4479.0,1422.0,97.095,70.0,NaN,97.085,270.0,196.0,97.09,394.0,251.0,97.09,25.0,NaN,97.1,147.0,105.0,97.1,139.0,114.0,97.105,97.11,97.11,97.115,97.12,97.12,97.125,97.13,97.13,97.13,NaN,NaN,NaN,NaN,NaN,NaN,NaN,NaN,NaN,NaN,NaN,NaN,NaN,NaN,NaN,NaN,NaN,NaN,NaN,NaN,NaN,NaN,NaN,NaN,NaN,NaN
2018-10-19,NaN,NaN,NaN,NaN,NaN,NaN,NaN,NaN,NaN,NaN,NaN,NaN,NaN,NaN,NaN,NaN,NaN,NaN,NaN,NaN,NaN,NaN,NaN,NaN,NaN,NaN,NaN,97.8125,239813.0,2082.0,97.8,252112.0,25521.0,97.72,118688.0,21235.0,97.6,259919.0,59486.0,97.585,170446.0,23732.0,97.525,41756.0,52506.0,97.41,156238.0,63399.0,97.39,98625.0,17783.0,97.345,32462.0,6632.0,97.265,93420.0,14727.0,97.245,77774.0,11706.0,97.21,20424.0,5380.0,97.16,52539.0,14815.0,97.145,46827.0,4627.0,97.11,13292.0,3569.0,97.09,102729.0,8501.0,97.09,25915.0,761.0,97.075,1896.0,142.0,97.06,4259.0,267.0,97.06,4411.0,184.0,97.06,70.0,NaN,97.055,270.0,NaN,97.06,394.0,NaN,97.06,25.0,NaN,97.07,147.0,NaN,97.07,139.0,NaN,97.075,97.08,97.08,97.085,97.09,97.09,97.095,97.1,97.1,97.1,NaN,NaN,NaN,NaN,NaN,NaN,NaN,NaN,NaN,NaN,NaN,NaN,NaN,NaN,NaN,NaN,NaN,NaN,NaN,NaN,NaN,NaN,NaN,NaN,NaN,NaN
2018-10-22,NaN,NaN,NaN,NaN,NaN,NaN,NaN,NaN,NaN,NaN,NaN,NaN,NaN,NaN,NaN,NaN,NaN,NaN,NaN,NaN,NaN,NaN,NaN,NaN,NaN,NaN,NaN,97.8125,239806.0,272.0,97.8,242768.0,29208.0,97.72,118069.0,21882.0,97.595,250754.0,38017.0,97.585,169301.0,7355.0,97.52,41693.0,8459.0,97.41,156368.0,27201.0,97.385,101096.0,21157.0,97.34,32442.0,4806.0,97.26,93741.0,16656.0,97.24,77499.0,3205.0,97.205,20888.0,1338.0,97.155,55860.0,7754.0,97.14,48389.0,3693.0,97.105,13777.0,1026.0,97.085,102934.0,6261.0,97.085,25863.0,142.0,97.07,1882.0,46.0,97.055,4163.0,192.0,97.055,4199.0,216.0,97.055,70.0,NaN,97.05,270.0,NaN,97.055,394.0,NaN,97.055,25.0,NaN,97.065,147.0,NaN,97.065,139.0,NaN,97.07,97.075,97.075,97.08,97.085,97.085,97.09,97.095,97.095,97.095,NaN,NaN,NaN,NaN,NaN,NaN,NaN,NaN,NaN,NaN,NaN,NaN,NaN,NaN,NaN,NaN,NaN,NaN,NaN,NaN,NaN,NaN,NaN,NaN,NaN,NaN
2018-10-23,NaN,NaN,NaN,NaN,NaN,NaN,NaN,NaN,NaN,NaN,NaN,NaN,NaN,NaN,NaN,NaN,NaN,NaN,NaN,NaN,NaN,NaN,NaN,NaN,NaN,NaN,NaN,97.815,240799.0,3839.0,97.8,239000.0,11644.0,97.725,119888.0,24162.0,97.615,269241.0,76722.0,97.6,166967.0,23440.0,97.54,41615.0,12788.0,97.435,168785.0,46726.0,97.41,97749.0,16589.0,97.365,32604.0,5347.0,97.29,92527.0,21045.0,97.265,78327.0,6589.0,97.235,22051.0,6273.0,97.19,58821.0,16258.0,97.175,49630.0,5772.0,97.14,15042.0,3804.0,97.12,111770.0,27766.0,97.12,26146.0,2426.0,97.11,2384.0,765.0,97.095,3449.0,1540.0,97.095,3668.0,1116.0,97.095,43.0,33.0,97.09,302.0,133.0,97.095,444.0,303.0,97.095,25.0,NaN,97.105,147.0,NaN,97.105,119.0,109.0,97.11,97.115,97.115,97.12,97.125,97.125,97.13,97.135,97.135,97.135,NaN,NaN,NaN,NaN,NaN,NaN,NaN,NaN,NaN,NaN,NaN,NaN,NaN,NaN,NaN,NaN,NaN,NaN,NaN,NaN,NaN,NaN,NaN,NaN,NaN,NaN
2018-10-24,NaN,NaN,NaN,NaN,NaN,NaN,NaN,NaN,NaN,NaN,NaN,NaN,NaN,NaN,NaN,NaN,NaN,NaN,NaN,NaN,NaN,NaN,NaN,NaN,NaN,NaN,NaN,97.81,242956.0,12000.0,97.795,243467.0,40789.0,97.725,123839.0,20915.0,97.62,275199.0,89896.0,97.61,164671.0,33471.0,97.555,39326.0,16574.0,97.455,174111.0,50491.0,97.435,98861.0,17614.0,97.39,34550.0,5182.0,97.315,94363.0,18426.0,97.295,78443.0,6319.0,97.265,22513.0,5754.0,97.22,59450.0,9422.0,97.205,50972.0,4902.0,97.18,15698.0,4762.0,97.165,119210.0,21250.0,97.165,26863.0,2300.0,97.155,2341.0,225.0,97.145,2908.0,1058.0,97.145,3740.0,415.0,97.145,43.0,NaN,97.145,331.0,30.0,97.15,444.0,NaN,97.15,25.0,NaN,97.16,147.0,NaN,97.16,119.0,NaN,97.165,97.17,97.17,97.175,97.18,97.18,97.185,97.19,97.19,97.19,NaN,NaN,NaN,NaN,NaN,NaN,NaN,NaN,NaN,NaN,NaN,NaN,NaN,NaN,NaN,NaN,NaN,NaN,NaN,NaN,NaN,NaN,NaN,NaN,NaN,NaN
2018-10-25,NaN,NaN,NaN,NaN,NaN,NaN,NaN,NaN,NaN,NaN,NaN,NaN,NaN,NaN,NaN,NaN,NaN,NaN,NaN,NaN,NaN,NaN,NaN,NaN,NaN,NaN,NaN,97.81,239674.0,5268.0,97.8,250521.0,51047.0,97.73,124265.0,6353.0,97.62,280816.0,53011.0,97.61,166133.0,14921.0,97.55,40504.0,11044.0,97.45,173888.0,30859.0,97.425,102517.0,10717.0,97.38,35612.0,3572.0,97.3,100073.0,15552.0,97.28,78972.0,6994.0,97.25,22847.0,2027.0,97.21,58278.0,6132.0,97.195,51236.0,2600.0,97.17,15373.0,1138.0,97.155,118526.0,4708.0,97.155,26366.0,1686.0,97.145,2331.0,60.0,97.135,2865.0,181.0,97.135,3731.0,95.0,97.135,43.0,NaN,97.135,331.0,NaN,97.14,444.0,NaN,97.14,25.0,NaN,97.15,147.0,NaN,97.15,119.0,NaN,97.155,97.16,97.16,97.165,97.17,97.17,97.175,97.18,97.18,97.18,NaN,NaN,NaN,NaN,NaN,NaN,NaN,NaN,NaN,NaN,NaN,NaN,NaN,NaN,NaN,NaN,NaN,NaN,NaN,NaN,NaN,NaN,NaN,NaN,NaN,NaN
2018-10-26,NaN,NaN,NaN,NaN,NaN,NaN,NaN,NaN,NaN,NaN,NaN,NaN,NaN,NaN,NaN,NaN,NaN,NaN,NaN,NaN,NaN,NaN,NaN,NaN,NaN,NaN,NaN,97.81,239678.0,5640.0,97.8,252824.0,28724.0,97.73,130560.0,27217.0,97.63,286054.0,123904.0,97.62,167104.0,58358.0,97.56,40159.0,15742.0,97.46,176926.0,66340.0,97.44,94445.0,29936.0,97.4,38144.0,15228.0,97.33,97179.0,37248.0,97.31,79334.0,13132.0,97.285,23331.0,4954.0,97.25,60503.0,14211.0,97.235,52115.0,4642.0,97.21,15470.0,2130.0,97.2,125021.0,26309.0,97.2,26022.0,2466.0,97.2,3763.0,258.0,97.195,2908.0,654.0,97.2,3574.0,309.0,97.2,43.0,NaN,97.2,387.0,88.0,97.205,444.0,NaN,97.205,25.0,NaN,97.215,142.0,24.0,97.215,119.0,24.0,97.21,97.215,97.215,97.22,97.225,97.225,97.23,97.235,97.235,97.235,NaN,NaN,NaN,NaN,NaN,NaN,NaN,NaN,NaN,NaN,NaN,NaN,NaN,NaN,NaN,NaN,NaN,NaN,NaN,NaN,NaN,NaN,NaN,NaN,NaN,NaN
2018-10-29,NaN,NaN,NaN,NaN,NaN,NaN,NaN,NaN,NaN,NaN,NaN,NaN,NaN,NaN,NaN,NaN,NaN,NaN,NaN,NaN,NaN,NaN,NaN,NaN,NaN,NaN,NaN,97.81,237761.0,2986.0,97.8,253705.0,37775.0,97.73,128784.0,15820.0,97.625,284892.0,51133.0,97.615,173856.0,18848.0,97.56,42266.0,10145.0,97.46,177228.0,19298.0,97.435,105477.0,21867.0,97.39,55015.0,27470.0,97.325,100052.0,24528.0,97.305,77480.0,6074.0,97.28,23501.0,2124.0,97.245,61782.0,6162.0,97.23,51954.0,5673.0,97.205,15399.0,729.0,97.195,125251.0,10461.0,97.195,25368.0,2062.0,97.19,2290.0,86.0,97.18,2690.0,386.0,97.185,3502.0,128.0,97.185,43.0,NaN,97.185,399.0,12.0,97.19,444.0,NaN,97.19,25.0,NaN,97.2,142.0,NaN,97.2,119.0,NaN,97.195,97.2,97.2,97.205,97.21,97.21,97.215,97.22,97.22,97.22,NaN,NaN,NaN,NaN,NaN,NaN,NaN,NaN,NaN,NaN,NaN,NaN,NaN,NaN,NaN,NaN,NaN,NaN,NaN,NaN,NaN,NaN,NaN,NaN,NaN,NaN
2018-10-30,NaN,NaN,NaN,NaN,NaN,NaN,NaN,NaN,NaN,NaN,NaN,NaN,NaN,NaN,NaN,NaN,NaN,NaN,NaN,NaN,NaN,NaN,NaN,NaN,NaN,NaN,NaN,97.81,237024.0,2869.0,97.8,259336.0,44748.0,97.73,130586.0,12927.0,97.625,291596.0,47439.0,97.615,182170.0,32830.0,97.555,43298.0,9556.0,97.455,176744.0,22614.0,97.43,102834.0,9292.0,97.385,54308.0,6307.0,97.32,99929.0,12376.0,97.3,78443.0,5859.0,97.27,23175.0,1730.0,97.23,68696.0,12778.0,97.215,53587.0,8648.0,97.19,15614.0,1584.0,97.18,124604.0,10144.0,97.18,24954.0,1780.0,97.175,2272.0,262.0,97.165,2763.0,337.0,97.17,3554.0,125.0,97.17,43.0,NaN,97.17,399.0,NaN,97.175,444.0,NaN,97.175,25.0,NaN,97.185,142.0,NaN,97.185,119.0,NaN,97.18,97.185,97.185,97.19,97.195,97.195,97.2,97.205,97.205,97.205,NaN,NaN,NaN,NaN,NaN,NaN,NaN,NaN,NaN,NaN,NaN,NaN,NaN,NaN,NaN,NaN,NaN,NaN,NaN,NaN,NaN,NaN,NaN,NaN,NaN,NaN
2018-10-31,NaN,NaN,NaN,NaN,NaN,NaN,NaN,NaN,NaN,NaN,NaN,NaN,NaN,NaN,NaN,NaN,NaN,NaN,NaN,NaN,NaN,NaN,NaN,NaN,NaN,NaN,NaN,97.8125,234558.0,5445.0,97.8,251692.0,36333.0,97.725,131063.0,5683.0,97.615,300421.0,54297.0,97.605,184407.0,16573.0,97.54,45770.0,8188.0,97.435,180091.0,22670.0,97.41,103933.0,5701.0,97.36,54786.0,4681.0,97.29,102502.0,12581.0,97.27,78082.0,3720.0,97.24,23182.0,2395.0,97.195,72551.0,12757.0,97.18,56436.0,5595.0,97.155,16030.0,2469.0,97.14,121027.0,21360.0,97.14,24391.0,4915.0,97.135,2270.0,100.0,97.125,2910.0,391.0,97.13,3541.0,139.0,97.13,43.0,NaN,97.13,358.0,60.0,97.135,444.0,NaN,97.135,25.0,NaN,97.145,142.0,NaN,97.145,119.0,NaN,97.14,97.145,97.145,97.15,97.155,97.155,97.16,97.165,97.165,97.165,97.165,NaN,NaN,NaN,NaN,NaN,NaN,NaN,NaN,NaN,NaN,NaN,NaN,NaN,NaN,NaN,NaN,NaN,NaN,NaN,NaN,NaN,NaN,NaN,NaN,NaN
2018-11-01,NaN,NaN,NaN,NaN,NaN,NaN,NaN,NaN,NaN,NaN,NaN,NaN,NaN,NaN,NaN,NaN,NaN,NaN,NaN,NaN,NaN,NaN,NaN,NaN,NaN,NaN,NaN,97.812,NaN,NaN,97.7975,243826.0,18953.0,97.725,127987.0,17899.0,97.62,307098.0,45658.0,97.61,184926.0,13505.0,97.545,45233.0,10406.0,97.445,184772.0,27008.0,97.425,105301.0,11309.0,97.38,55906.0,4977.0,97.31,106520.0,17609.0,97.29,84491.0,19409.0,97.26,23190.0,3109.0,97.215,70975.0,7662.0,97.2,56886.0,3678.0,97.175,15998.0,2344.0,97.16,124360.0,13220.0,97.16,24447.0,972.0,97.155,2279.0,187.0,97.145,3039.0,639.0,97.15,3687.0,217.0,97.15,47.0,21.0,97.15,423.0,114.0,97.155,444.0,NaN,97.155,25.0,NaN,97.165,142.0,NaN,97.165,119.0,NaN,97.16,97.165,97.165,97.17,97.175,97.175,97.18,97.185,97.185,97.185,97.185,NaN,NaN,NaN,NaN,NaN,NaN,NaN,NaN,NaN,NaN,NaN,NaN,NaN,NaN,NaN,NaN,NaN,NaN,NaN,NaN,NaN,NaN,NaN,NaN,NaN
2018-11-02,NaN,NaN,NaN,NaN,NaN,NaN,NaN,NaN,NaN,NaN,NaN,NaN,NaN,NaN,NaN,NaN,NaN,NaN,NaN,NaN,NaN,NaN,NaN,NaN,NaN,NaN,NaN,NaN,NaN,NaN,97.7975,241075.0,13319.0,97.72,121938.0,28907.0,97.61,311621.0,64438.0,97.6,188412.0,26222.0,97.535,45879.0,11049.0,97.43,187495.0,43943.0,97.405,109163.0,29006.0,97.35,55509.0,11619.0,97.275,106389.0,19692.0,97.255,82978.0,10681.0,97.22,24396.0,5431.0,97.17,70890.0,12268.0,97.155,57163.0,4451.0,97.125,16091.0,3626.0,97.11,125557.0,9599.0,97.11,24745.0,1128.0,97.105,2270.0,239.0,97.095,3215.0,424.0,97.095,3718.0,69.0,97.095,51.0,10.0,97.095,423.0,21.0,97.1,444.0,NaN,97.1,25.0,NaN,97.11,142.0,NaN,97.11,119.0,NaN,97.105,97.11,97.11,97.115,97.12,97.12,97.125,97.13,97.13,97.13,97.13,NaN,NaN,NaN,NaN,NaN,NaN,NaN,NaN,NaN,NaN,NaN,NaN,NaN,NaN,NaN,NaN,NaN,NaN,NaN,NaN,NaN,NaN,NaN,NaN,NaN
2018-11-05,NaN,NaN,NaN,NaN,NaN,NaN,NaN,NaN,NaN,NaN,NaN,NaN,NaN,NaN,NaN,NaN,NaN,NaN,NaN,NaN,NaN,NaN,NaN,NaN,NaN,NaN,NaN,NaN,NaN,NaN,97.8,232306.0,35313.0,97.725,119171.0,14798.0,97.615,305435.0,22699.0,97.6,184724.0,14007.0,97.54,45476.0,4471.0,97.435,187676.0,16136.0,97.405,109356.0,10426.0,97.35,55365.0,7273.0,97.275,121504.0,43046.0,97.245,96216.0,39650.0,97.215,24245.0,3513.0,97.17,74455.0,21824.0,97.145,66561.0,17768.0,97.115,15547.0,1914.0,97.105,127103.0,6946.0,97.105,24879.0,1240.0,97.1,2270.0,112.0,97.085,4125.0,1515.0,97.085,3903.0,496.0,97.085,50.0,3.0,97.085,462.0,69.0,97.09,444.0,NaN,97.09,25.0,NaN,97.1,142.0,NaN,97.1,119.0,NaN,97.095,97.1,97.1,97.105,97.11,97.11,97.115,97.12,97.12,97.12,97.12,NaN,NaN,NaN,NaN,NaN,NaN,NaN,NaN,NaN,NaN,NaN,NaN,NaN,NaN,NaN,NaN,NaN,NaN,NaN,NaN,NaN,NaN,NaN,NaN,NaN
2018-11-06,NaN,NaN,NaN,NaN,NaN,NaN,NaN,NaN,NaN,NaN,NaN,NaN,NaN,NaN,NaN,NaN,NaN,NaN,NaN,NaN,NaN,NaN,NaN,NaN,NaN,NaN,NaN,NaN,NaN,NaN,97.7975,230510.0,16868.0,97.72,119346.0,5794.0,97.61,298123.0,29367.0,97.595,183839.0,7166.0,97.53,46283.0,4705.0,97.42,188591.0,13705.0,97.39,110578.0,12594.0,97.335,57061.0,3854.0,97.26,118228.0,16362.0,97.23,101408.0,14820.0,97.195,24562.0,3058.0,97.145,74460.0,7530.0,97.12,65742.0,6663.0,97.095,16616.0,3022.0,97.085,130209.0,9775.0,97.08,25253.0,2082.0,97.075,2392.0,390.0,97.06,4322.0,715.0,97.06,4075.0,481.0,97.06,162.0,157.0,97.06,503.0,96.0,97.065,444.0,NaN,97.065,25.0,NaN,97.075,142.0,NaN,97.075,119.0,NaN,97.08,97.085,97.085,97.09,97.095,97.095,97.1,97.105,97.105,97.105,97.105,NaN,NaN,NaN,NaN,NaN,NaN,NaN,NaN,NaN,NaN,NaN,NaN,NaN,NaN,NaN,NaN,NaN,NaN,NaN,NaN,NaN,NaN,NaN,NaN,NaN
2018-11-07,NaN,NaN,NaN,NaN,NaN,NaN,NaN,NaN,NaN,NaN,NaN,NaN,NaN,NaN,NaN,NaN,NaN,NaN,NaN,NaN,NaN,NaN,NaN,NaN,NaN,NaN,NaN,NaN,NaN,NaN,97.7975,229359.0,7988.0,97.715,118578.0,6342.0,97.6,293770.0,24030.0,97.59,184413.0,7633.0,97.525,45330.0,5032.0,97.415,188535.0,19803.0,97.38,111018.0,12979.0,97.325,56036.0,4803.0,97.245,119975.0,18670.0,97.215,100318.0,8125.0,97.18,24802.0,3640.0,97.135,74963.0,6666.0,97.11,67849.0,6463.0,97.085,15891.0,3093.0,97.07,129595.0,8667.0,97.065,25184.0,956.0,97.06,2570.0,774.0,97.045,4878.0,971.0,97.045,4661.0,842.0,97.045,237.0,131.0,97.045,549.0,159.0,97.05,442.0,28.0,97.05,25.0,NaN,97.06,142.0,10.0,97.06,119.0,28.0,97.065,97.07,97.07,97.075,97.08,97.08,97.085,97.09,97.09,97.09,97.09,NaN,NaN,NaN,NaN,NaN,NaN,NaN,NaN,NaN,NaN,NaN,NaN,NaN,NaN,NaN,NaN,NaN,NaN,NaN,NaN,NaN,NaN,NaN,NaN,NaN
2018-11-08,NaN,NaN,NaN,NaN,NaN,NaN,NaN,NaN,NaN,NaN,NaN,NaN,NaN,NaN,NaN,NaN,NaN,NaN,NaN,NaN,NaN,NaN,NaN,NaN,NaN,NaN,NaN,NaN,NaN,NaN,97.795,218978.0,42407.0,97.71,116876.0,14221.0,97.6,295519.0,16874.0,97.585,182570.0,8079.0,97.515,44494.0,6340.0,97.405,188741.0,12445.0,97.375,109880.0,4962.0,97.32,56230.0,1573.0,97.235,116065.0,6822.0,97.205,100643.0,2810.0,97.17,25312.0,2248.0,97.12,75164.0,5720.0,97.095,68532.0,5740.0,97.07,15781.0,877.0,97.055,129021.0,7004.0,97.05,25273.0,756.0,97.045,2574.0,265.0,97.03,5835.0,2068.0,97.03,5473.0,1456.0,97.03,257.0,40.0,97.03,550.0,73.0,97.035,442.0,NaN,97.035,25.0,NaN,97.045,142.0,NaN,97.045,119.0,NaN,97.05,97.055,97.055,97.06,97.065,97.065,97.07,97.075,97.075,97.075,97.075,NaN,NaN,NaN,NaN,NaN,NaN,NaN,NaN,NaN,NaN,NaN,NaN,NaN,NaN,NaN,NaN,NaN,NaN,NaN,NaN,NaN,NaN,NaN,NaN,NaN
2018-11-09,NaN,NaN,NaN,NaN,NaN,NaN,NaN,NaN,NaN,NaN,NaN,NaN,NaN,NaN,NaN,NaN,NaN,NaN,NaN,NaN,NaN,NaN,NaN,NaN,NaN,NaN,NaN,NaN,NaN,NaN,97.795,218841.0,19182.0,97.71,118563.0,14688.0,97.6,299650.0,39946.0,97.585,185522.0,20599.0,97.52,45740.0,8548.0,97.415,185808.0,16162.0,97.39,113335.0,9205.0,97.335,56486.0,4634.0,97.255,116353.0,6144.0,97.225,99758.0,4433.0,97.19,26804.0,3945.0,97.145,74189.0,6334.0,97.125,69244.0,2725.0,97.1,15997.0,1099.0,97.085,129920.0,9782.0,97.08,24349.0,2433.0,97.075,2475.0,391.0,97.06,6312.0,1770.0,97.06,5474.0,116.0,97.06,276.0,72.0,97.06,533.0,72.0,97.065,442.0,NaN,97.065,25.0,NaN,97.075,142.0,NaN,97.075,119.0,NaN,97.08,97.085,97.085,97.09,97.095,97.095,97.1,97.105,97.105,97.105,97.105,NaN,NaN,NaN,NaN,NaN,NaN,NaN,NaN,NaN,NaN,NaN,NaN,NaN,NaN,NaN,NaN,NaN,NaN,NaN,NaN,NaN,NaN,NaN,NaN,NaN
2018-11-12,NaN,NaN,NaN,NaN,NaN,NaN,NaN,NaN,NaN,NaN,NaN,NaN,NaN,NaN,NaN,NaN,NaN,NaN,NaN,NaN,NaN,NaN,NaN,NaN,NaN,NaN,NaN,NaN,NaN,NaN,97.795,219695.0,3397.0,97.71,119026.0,2498.0,97.6,300367.0,8763.0,97.59,185257.0,3501.0,97.525,45663.0,2821.0,97.425,186649.0,5314.0,97.4,113259.0,2760.0,97.35,56503.0,4747.0,97.27,116223.0,4823.0,97.245,99659.0,1339.0,97.215,26898.0,406.0,97.17,74395.0,1756.0,97.15,69124.0,524.0,97.125,16211.0,416.0,97.115,131203.0,3792.0,97.11,24322.0,439.0,97.105,2465.0,48.0,97.09,6237.0,192.0,97.09,5462.0,36.0,97.09,276.0,NaN,97.09,545.0,15.0,97.095,442.0,NaN,97.095,25.0,NaN,97.105,142.0,NaN,97.105,119.0,NaN,97.11,97.115,97.115,97.12,97.125,97.125,97.13,97.135,97.135,97.135,97.135,NaN,NaN,NaN,NaN,NaN,NaN,NaN,NaN,NaN,NaN,NaN,NaN,NaN,NaN,NaN,NaN,NaN,NaN,NaN,NaN,NaN,NaN,NaN,NaN,NaN
2018-11-13,NaN,NaN,NaN,NaN,NaN,NaN,NaN,NaN,NaN,NaN,NaN,NaN,NaN,NaN,NaN,NaN,NaN,NaN,NaN,NaN,NaN,NaN,NaN,NaN,NaN,NaN,NaN,NaN,NaN,NaN,97.8,203307.0,45684.0,97.715,124002.0,17436.0,97.605,297934.0,30849.0,97.59,184278.0,22089.0,97.53,43153.0,9951.0,97.43,184845.0,17041.0,97.405,112828.0,9486.0,97.355,56668.0,8006.0,97.285,117120.0,10253.0,97.26,99480.0,5497.0,97.23,26971.0,2652.0,97.185,75301.0,6162.0,97.165,69247.0,3424.0,97.14,16234.0,2587.0,97.13,131118.0,13477.0,97.125,25997.0,3570.0,97.12,2499.0,175.0,97.105,6164.0,739.0,97.105,5364.0,129.0,97.105,276.0,1.0,97.105,554.0,21.0,97.11,442.0,NaN,97.11,25.0,NaN,97.12,142.0,NaN,97.12,119.0,NaN,97.125,97.13,97.13,97.135,97.14,97.14,97.145,97.15,97.15,97.15,97.15,NaN,NaN,NaN,NaN,NaN,NaN,NaN,NaN,NaN,NaN,NaN,NaN,NaN,NaN,NaN,NaN,NaN,NaN,NaN,NaN,NaN,NaN,NaN,NaN,NaN
2018-11-14,NaN,NaN,NaN,NaN,NaN,NaN,NaN,NaN,NaN,NaN,NaN,NaN,NaN,NaN,NaN,NaN,NaN,NaN,NaN,NaN,NaN,NaN,NaN,NaN,NaN,NaN,NaN,NaN,NaN,NaN,97.8,202228.0,20976.0,97.72,125119.0,13313.0,97.615,297273.0,53244.0,97.605,182876.0,22150.0,97.545,42561.0,7245.0,97.45,182329.0,35500.0,97.43,113711.0,16328.0,97.38,57037.0,9819.0,97.31,120510.0,31017.0,97.29,95261.0,19693.0,97.265,27507.0,5579.0,97.225,75627.0,13435.0,97.21,67513.0,9854.0,97.185,16733.0,2457.0,97.175,134954.0,17342.0,97.17,26903.0,2519.0,97.165,2670.0,501.0,97.15,6030.0,839.0,97.15,5343.0,456.0,97.15,377.0,159.0,97.15,558.0,81.0,97.155,442.0,NaN,97.155,25.0,NaN,97.165,142.0,NaN,97.165,119.0,NaN,97.17,97.175,97.175,97.18,97.185,97.185,97.19,97.195,97.195,97.195,97.195,NaN,NaN,NaN,NaN,NaN,NaN,NaN,NaN,NaN,NaN,NaN,NaN,NaN,NaN,NaN,NaN,NaN,NaN,NaN,NaN,NaN,NaN,NaN,NaN,NaN
2018-11-15,NaN,NaN,NaN,NaN,NaN,NaN,NaN,NaN,NaN,NaN,NaN,NaN,NaN,NaN,NaN,NaN,NaN,NaN,NaN,NaN,NaN,NaN,NaN,NaN,NaN,NaN,NaN,NaN,NaN,NaN,97.8,201368.0,10520.0,97.72,125499.0,6938.0,97.615,296233.0,72628.0,97.605,183176.0,45764.0,97.545,43102.0,12409.0,97.45,198867.0,77003.0,97.425,117725.0,33740.0,97.38,57497.0,14503.0,97.32,122901.0,38231.0,97.295,98502.0,21375.0,97.27,26704.0,5359.0,97.235,77422.0,16296.0,97.215,69127.0,12516.0,97.195,17577.0,4012.0,97.185,139226.0,13089.0,97.18,28105.0,2528.0,97.175,2715.0,435.0,97.165,5658.0,1081.0,97.165,5380.0,393.0,97.165,429.0,103.0,97.165,610.0,193.0,97.17,453.0,28.0,97.17,25.0,NaN,97.18,133.0,60.0,97.18,123.0,68.0,97.185,97.19,97.19,97.195,97.2,97.2,97.205,97.21,97.21,97.21,97.21,NaN,NaN,NaN,NaN,NaN,NaN,NaN,NaN,NaN,NaN,NaN,NaN,NaN,NaN,NaN,NaN,NaN,NaN,NaN,NaN,NaN,NaN,NaN,NaN,NaN
2018-11-16,NaN,NaN,NaN,NaN,NaN,NaN,NaN,NaN,NaN,NaN,NaN,NaN,NaN,NaN,NaN,NaN,NaN,NaN,NaN,NaN,NaN,NaN,NaN,NaN,NaN,NaN,NaN,NaN,NaN,NaN,97.8,202448.0,2004.0,97.72,129733.0,11565.0,97.62,295828.0,88169.0,97.61,182736.0,46959.0,97.56,41523.0,9155.0,97.475,211537.0,79877.0,97.45,123259.0,37559.0,97.41,59257.0,10182.0,97.355,134465.0,47593.0,97.33,106363.0,26940.0,97.31,28033.0,6944.0,97.285,79446.0,14876.0,97.265,70708.0,14555.0,97.245,17897.0,3242.0,97.24,140644.0,15618.0,97.24,28522.0,7740.0,97.235,2775.0,727.0,97.23,5767.0,2143.0,97.235,5272.0,1001.0,97.235,500.0,186.0,97.235,608.0,170.0,97.24,453.0,NaN,97.24,25.0,NaN,97.25,133.0,NaN,97.25,123.0,NaN,97.255,97.26,97.26,97.265,97.27,97.27,97.275,97.28,97.28,97.28,97.28,NaN,NaN,NaN,NaN,NaN,NaN,NaN,NaN,NaN,NaN,NaN,NaN,NaN,NaN,NaN,NaN,NaN,NaN,NaN,NaN,NaN,NaN,NaN,NaN,NaN
2018-11-19,NaN,NaN,NaN,NaN,NaN,NaN,NaN,NaN,NaN,NaN,NaN,NaN,NaN,NaN,NaN,NaN,NaN,NaN,NaN,NaN,NaN,NaN,NaN,NaN,NaN,NaN,NaN,NaN,NaN,NaN,97.805,215309.0,34133.0,97.73,126745.0,34977.0,97.63,297566.0,89064.0,97.62,188884.0,34514.0,97.57,39783.0,11825.0,97.49,219344.0,68315.0,97.46,126023.0,34236.0,97.43,57707.0,9414.0,97.385,135026.0,37666.0,97.36,110104.0,18582.0,97.34,27099.0,4415.0,97.32,80615.0,13554.0,97.3,69641.0,7569.0,97.285,18174.0,2414.0,97.28,146432.0,21620.0,97.28,28853.0,5705.0,97.275,2877.0,623.0,97.27,5126.0,2989.0,97.275,5075.0,1160.0,97.275,501.0,24.0,97.275,655.0,87.0,97.28,453.0,NaN,97.28,25.0,NaN,97.29,133.0,NaN,97.29,123.0,NaN,97.295,97.3,97.3,97.305,97.31,97.31,97.315,97.32,97.32,97.32,97.32,NaN,NaN,NaN,NaN,NaN,NaN,NaN,NaN,NaN,NaN,NaN,NaN,NaN,NaN,NaN,NaN,NaN,NaN,NaN,NaN,NaN,NaN,NaN,NaN,NaN
2018-11-20,NaN,NaN,NaN,NaN,NaN,NaN,NaN,NaN,NaN,NaN,NaN,NaN,NaN,NaN,NaN,NaN,NaN,NaN,NaN,NaN,NaN,NaN,NaN,NaN,NaN,NaN,NaN,NaN,NaN,NaN,97.8,219802.0,19718.0,97.72,131115.0,19138.0,97.615,295990.0,75794.0,97.605,187231.0,19216.0,97.555,39947.0,4522.0,97.48,223599.0,33348.0,97.445,122931.0,19936.0,97.415,58795.0,6925.0,97.37,136208.0,24391.0,97.345,108882.0,20419.0,97.33,27438.0,3401.0,97.305,81681.0,9851.0,97.29,69379.0,2484.0,97.27,17412.0,2587.0,97.265,148945.0,14070.0,97.265,28042.0,2411.0,97.26,2876.0,434.0,97.255,5010.0,742.0,97.26,5139.0,144.0,97.26,504.0,21.0,97.26,921.0,576.0,97.265,453.0,NaN,97.265,25.0,NaN,97.275,133.0,NaN,97.275,123.0,NaN,97.28,97.285,97.285,97.29,97.295,97.295,97.3,97.305,97.305,97.305,97.305,NaN,NaN,NaN,NaN,NaN,NaN,NaN,NaN,NaN,NaN,NaN,NaN,NaN,NaN,NaN,NaN,NaN,NaN,NaN,NaN,NaN,NaN,NaN,NaN,NaN
2018-11-21,NaN,NaN,NaN,NaN,NaN,NaN,NaN,NaN,NaN,NaN,NaN,NaN,NaN,NaN,NaN,NaN,NaN,NaN,NaN,NaN,NaN,NaN,NaN,NaN,NaN,NaN,NaN,NaN,NaN,NaN,97.8,219712.0,348.0,97.715,132086.0,9408.0,97.605,297170.0,33457.0,97.595,186669.0,20966.0,97.55,39907.0,8102.0,97.475,223100.0,35652.0,97.445,122843.0,10717.0,97.415,58025.0,2826.0,97.37,136734.0,18904.0,97.345,108151.0,8615.0,97.325,27757.0,2778.0,97.3,81054.0,8504.0,97.285,69022.0,4032.0,97.265,17652.0,3347.0,97.255,147832.0,10763.0,97.255,28387.0,1694.0,97.25,3076.0,366.0,97.24,5189.0,967.0,97.245,5221.0,182.0,97.245,546.0,42.0,97.245,849.0,72.0,97.25,453.0,NaN,97.25,25.0,NaN,97.26,133.0,NaN,97.26,123.0,NaN,97.265,97.27,97.27,97.275,97.28,97.28,97.285,97.29,97.29,97.29,97.29,NaN,NaN,NaN,NaN,NaN,NaN,NaN,NaN,NaN,NaN,NaN,NaN,NaN,NaN,NaN,NaN,NaN,NaN,NaN,NaN,NaN,NaN,NaN,NaN,NaN
2018-11-23,NaN,NaN,NaN,NaN,NaN,NaN,NaN,NaN,NaN,NaN,NaN,NaN,NaN,NaN,NaN,NaN,NaN,NaN,NaN,NaN,NaN,NaN,NaN,NaN,NaN,NaN,NaN,NaN,NaN,NaN,97.8,219471.0,610.0,97.72,131148.0,8381.0,97.61,302145.0,28082.0,97.6,190239.0,9794.0,97.555,39068.0,5870.0,97.48,224272.0,29722.0,97.45,124388.0,7303.0,97.42,58053.0,2614.0,97.38,136806.0,10793.0,97.355,107109.0,4506.0,97.34,28269.0,2044.0,97.315,86276.0,13135.0,97.3,71096.0,6311.0,97.28,17578.0,1080.0,97.27,148397.0,12990.0,97.27,28914.0,1998.0,97.265,3283.0,778.0,97.255,5524.0,882.0,97.26,5218.0,185.0,97.26,554.0,48.0,97.26,754.0,149.0,97.265,457.0,10.0,97.265,25.0,NaN,97.275,133.0,NaN,97.275,123.0,NaN,97.28,97.285,97.285,97.29,97.295,97.295,97.3,97.305,97.305,97.305,97.305,NaN,NaN,NaN,NaN,NaN,NaN,NaN,NaN,NaN,NaN,NaN,NaN,NaN,NaN,NaN,NaN,NaN,NaN,NaN,NaN,NaN,NaN,NaN,NaN,NaN
2018-11-26,NaN,NaN,NaN,NaN,NaN,NaN,NaN,NaN,NaN,NaN,NaN,NaN,NaN,NaN,NaN,NaN,NaN,NaN,NaN,NaN,NaN,NaN,NaN,NaN,NaN,NaN,NaN,NaN,NaN,NaN,97.8,218213.0,355.0,97.715,131796.0,5283.0,97.6,305058.0,45746.0,97.59,191599.0,20292.0,97.545,40455.0,21397.0,97.47,219434.0,41278.0,97.435,124593.0,10664.0,97.405,57248.0,4178.0,97.36,138198.0,17855.0,97.34,105851.0,5750.0,97.32,28598.0,2025.0,97.295,85488.0,9519.0,97.28,73026.0,4947.0,97.26,17814.0,1991.0,97.25,151870.0,7912.0,97.25,29724.0,1636.0,97.245,3333.0,291.0,97.235,6507.0,1606.0,97.24,5654.0,843.0,97.24,544.0,10.0,97.24,650.0,164.0,97.245,457.0,NaN,97.245,25.0,NaN,97.255,133.0,NaN,97.255,123.0,NaN,97.26,97.265,97.265,97.27,97.275,97.275,97.28,97.285,97.285,97.285,97.285,NaN,NaN,NaN,NaN,NaN,NaN,NaN,NaN,NaN,NaN,NaN,NaN,NaN,NaN,NaN,NaN,NaN,NaN,NaN,NaN,NaN,NaN,NaN,NaN,NaN
2018-11-27,NaN,NaN,NaN,NaN,NaN,NaN,NaN,NaN,NaN,NaN,NaN,NaN,NaN,NaN,NaN,NaN,NaN,NaN,NaN,NaN,NaN,NaN,NaN,NaN,NaN,NaN,NaN,NaN,NaN,NaN,97.8,217963.0,578.0,97.715,132655.0,8450.0,97.6,304193.0,31291.0,97.585,196218.0,29864.0,97.535,42822.0,14864.0,97.465,216182.0,36064.0,97.43,127529.0,14690.0,97.4,56838.0,5689.0,97.365,140255.0,18428.0,97.34,107497.0,11008.0,97.32,28550.0,2169.0,97.295,86880.0,12173.0,97.28,77624.0,10210.0,97.26,18148.0,3874.0,97.25,155997.0,13770.0,97.25,29549.0,2621.0,97.245,3586.0,1123.0,97.24,6505.0,1318.0,97.245,5755.0,622.0,97.245,552.0,36.0,97.245,670.0,25.0,97.25,457.0,NaN,97.25,25.0,NaN,97.26,133.0,NaN,97.26,123.0,NaN,97.265,97.27,97.27,97.275,97.28,97.28,97.285,97.29,97.29,97.29,97.29,NaN,NaN,NaN,NaN,NaN,NaN,NaN,NaN,NaN,NaN,NaN,NaN,NaN,NaN,NaN,NaN,NaN,NaN,NaN,NaN,NaN,NaN,NaN,NaN,NaN
2018-11-28,NaN,NaN,NaN,NaN,NaN,NaN,NaN,NaN,NaN,NaN,NaN,NaN,NaN,NaN,NaN,NaN,NaN,NaN,NaN,NaN,NaN,NaN,NaN,NaN,NaN,NaN,NaN,NaN,NaN,NaN,97.8,217607.0,1927.0,97.715,135462.0,21968.0,97.595,302783.0,87057.0,97.58,186602.0,48513.0,97.535,50514.0,17988.0,97.47,212269.0,91213.0,97.445,132391.0,35941.0,97.42,55483.0,8934.0,97.385,139272.0,50308.0,97.37,107705.0,17901.0,97.35,28326.0,5084.0,97.33,89200.0,20391.0,97.315,80163.0,16066.0,97.3,18638.0,6556.0,97.29,174085.0,42590.0,97.3,34678.0,7986.0,97.3,4870.0,2016.0,97.285,7423.0,2709.0,97.29,5884.0,693.0,97.29,591.0,47.0,97.29,671.0,71.0,97.295,446.0,25.0,97.295,25.0,NaN,97.305,130.0,6.0,97.305,123.0,1.0,97.31,97.315,97.315,97.32,97.325,97.325,97.33,97.335,97.335,97.335,97.335,NaN,NaN,NaN,NaN,NaN,NaN,NaN,NaN,NaN,NaN,NaN,NaN,NaN,NaN,NaN,NaN,NaN,NaN,NaN,NaN,NaN,NaN,NaN,NaN,NaN
2018-11-29,NaN,NaN,NaN,NaN,NaN,NaN,NaN,NaN,NaN,NaN,NaN,NaN,NaN,NaN,NaN,NaN,NaN,NaN,NaN,NaN,NaN,NaN,NaN,NaN,NaN,NaN,NaN,NaN,NaN,NaN,97.8,215708.0,4603.0,97.72,143907.0,58310.0,97.6,286636.0,125383.0,97.59,197560.0,79087.0,97.54,53916.0,21017.0,97.475,215965.0,77710.0,97.45,143769.0,38727.0,97.42,57320.0,10865.0,97.385,132474.0,46963.0,97.37,108929.0,19325.0,97.35,27718.0,8546.0,97.33,96351.0,33917.0,97.315,89558.0,28605.0,97.295,23327.0,11192.0,97.285,183557.0,43288.0,97.295,38782.0,9409.0,97.295,5192.0,1245.0,97.28,11382.0,7198.0,97.29,6103.0,920.0,97.295,715.0,258.0,97.295,599.0,203.0,97.3,479.0,45.0,97.3,25.0,10.0,97.31,135.0,41.0,97.31,123.0,36.0,97.315,97.32,97.32,97.325,97.33,97.33,97.335,97.34,97.34,97.34,97.34,NaN,NaN,NaN,NaN,NaN,NaN,NaN,NaN,NaN,NaN,NaN,NaN,NaN,NaN,NaN,NaN,NaN,NaN,NaN,NaN,NaN,NaN,NaN,NaN,NaN
2018-11-30,NaN,NaN,NaN,NaN,NaN,NaN,NaN,NaN,NaN,NaN,NaN,NaN,NaN,NaN,NaN,NaN,NaN,NaN,NaN,NaN,NaN,NaN,NaN,NaN,NaN,NaN,NaN,NaN,NaN,NaN,97.8025,215322.0,2234.0,97.725,145234.0,59497.0,97.605,285277.0,57142.0,97.59,196261.0,24066.0,97.545,56255.0,7443.0,97.48,221826.0,22523.0,97.455,142488.0,15458.0,97.425,56171.0,3973.0,97.395,130098.0,30775.0,97.375,110672.0,4643.0,97.355,29978.0,3386.0,97.335,96591.0,19003.0,97.32,91829.0,13067.0,97.3,23611.0,2827.0,97.295,184943.0,24145.0,97.305,37953.0,2940.0,97.305,5442.0,1521.0,97.29,11218.0,1914.0,97.3,6211.0,421.0,97.305,812.0,150.0,97.305,626.0,359.0,97.31,479.0,NaN,97.31,25.0,NaN,97.32,155.0,30.0,97.32,123.0,NaN,97.325,97.33,97.33,97.335,97.34,97.34,97.345,97.35,97.35,97.35,97.35,97.35,NaN,NaN,NaN,NaN,NaN,NaN,NaN,NaN,NaN,NaN,NaN,NaN,NaN,NaN,NaN,NaN,NaN,NaN,NaN,NaN,NaN,NaN,NaN,NaN
2018-12-03,NaN,NaN,NaN,NaN,NaN,NaN,NaN,NaN,NaN,NaN,NaN,NaN,NaN,NaN,NaN,NaN,NaN,NaN,NaN,NaN,NaN,NaN,NaN,NaN,NaN,NaN,NaN,NaN,NaN,NaN,97.802,NaN,NaN,97.7225,159349.0,33828.0,97.6,286656.0,41431.0,97.585,199524.0,23717.0,97.535,58363.0,15959.0,97.465,222087.0,41194.0,97.44,138595.0,27646.0,97.41,57828.0,6911.0,97.37,134864.0,40863.0,97.35,108876.0,10053.0,97.33,29416.0,3971.0,97.305,98025.0,16907.0,97.29,94402.0,9575.0,97.275,23391.0,4273.0,97.27,184678.0,18292.0,97.28,37885.0,1993.0,97.28,5544.0,584.0,97.27,11417.0,1784.0,97.28,6061.0,1730.0,97.285,826.0,40.0,97.285,721.0,165.0,97.29,479.0,NaN,97.29,25.0,NaN,97.305,165.0,20.0,97.305,123.0,NaN,97.31,97.31,97.31,97.315,97.32,97.32,97.325,97.33,97.33,97.33,97.33,97.33,NaN,NaN,NaN,NaN,NaN,NaN,NaN,NaN,NaN,NaN,NaN,NaN,NaN,NaN,NaN,NaN,NaN,NaN,NaN,NaN,NaN,NaN,NaN,NaN
2018-12-04,NaN,NaN,NaN,NaN,NaN,NaN,NaN,NaN,NaN,NaN,NaN,NaN,NaN,NaN,NaN,NaN,NaN,NaN,NaN,NaN,NaN,NaN,NaN,NaN,NaN,NaN,NaN,NaN,NaN,NaN,NaN,NaN,NaN,97.725,157726.0,27407.0,97.61,296442.0,115477.0,97.595,191453.0,38976.0,97.545,60326.0,18925.0,97.48,225244.0,57587.0,97.455,140411.0,16207.0,97.425,63591.0,15083.0,97.385,143122.0,46919.0,97.37,108013.0,12311.0,97.35,29640.0,3864.0,97.33,96750.0,23962.0,97.32,98085.0,20914.0,97.305,23941.0,3898.0,97.3,184858.0,19675.0,97.31,40191.0,4233.0,97.31,5475.0,1432.0,97.3,11406.0,2757.0,97.31,6053.0,1097.0,97.32,1006.0,482.0,97.32,1144.0,951.0,97.325,479.0,NaN,97.325,25.0,NaN,97.335,165.0,2.0,97.34,123.0,NaN,97.345,97.345,97.345,97.35,97.355,97.355,97.36,97.365,97.365,97.365,97.365,97.365,NaN,NaN,NaN,NaN,NaN,NaN,NaN,NaN,NaN,NaN,NaN,NaN,NaN,NaN,NaN,NaN,NaN,NaN,NaN,NaN,NaN,NaN,NaN,NaN
2018-12-05,NaN,NaN,NaN,NaN,NaN,NaN,NaN,NaN,NaN,NaN,NaN,NaN,NaN,NaN,NaN,NaN,NaN,NaN,NaN,NaN,NaN,NaN,NaN,NaN,NaN,NaN,NaN,NaN,NaN,NaN,NaN,NaN,NaN,97.725,157726.0,NaN,97.61,297100.0,NaN,97.595,191436.0,NaN,97.545,60326.0,NaN,97.48,226245.0,NaN,97.455,140261.0,NaN,97.425,63591.0,NaN,97.385,143101.0,NaN,97.37,108013.0,NaN,97.35,29640.0,NaN,97.33,96720.0,NaN,97.32,98085.0,NaN,97.305,23941.0,NaN,97.3,184858.0,NaN,97.31,40191.0,NaN,97.31,5475.0,NaN,97.3,11406.0,NaN,97.31,6053.0,NaN,97.32,1006.0,NaN,97.32,1144.0,NaN,97.325,479.0,NaN,97.325,25.0,NaN,97.335,165.0,NaN,97.34,123.0,NaN,97.345,97.345,97.345,97.35,97.355,97.355,97.36,97.365,97.365,97.365,97.365,97.365,NaN,NaN,NaN,NaN,NaN,NaN,NaN,NaN,NaN,NaN,NaN,NaN,NaN,NaN,NaN,NaN,NaN,NaN,NaN,NaN,NaN,NaN,NaN,NaN
2018-12-06,NaN,NaN,NaN,NaN,NaN,NaN,NaN,NaN,NaN,NaN,NaN,NaN,NaN,NaN,NaN,NaN,NaN,NaN,NaN,NaN,NaN,NaN,NaN,NaN,NaN,NaN,NaN,NaN,NaN,NaN,NaN,NaN,NaN,97.7275,166603.0,60323.0,97.625,331718.0,297491.0,97.61,207780.0,150007.0,97.57,64745.0,31197.0,97.515,234530.0,116685.0,97.495,147045.0,57660.0,97.47,61444.0,24959.0,97.44,143351.0,78346.0,97.42,112402.0,32487.0,97.41,29218.0,8577.0,97.4,99846.0,48651.0,97.39,97265.0,27559.0,97.38,25565.0,15908.0,97.375,197731.0,81713.0,97.395,43887.0,8788.0,97.395,6161.0,3743.0,97.39,11428.0,8270.0,97.4,6494.0,2713.0,97.41,1289.0,432.0,97.41,1212.0,613.0,97.42,486.0,16.0,97.42,25.0,1.0,97.43,146.0,58.0,97.435,126.0,60.0,97.44,97.44,97.44,97.445,97.45,97.45,97.455,97.46,97.46,97.46,97.46,97.46,NaN,NaN,NaN,NaN,NaN,NaN,NaN,NaN,NaN,NaN,NaN,NaN,NaN,NaN,NaN,NaN,NaN,NaN,NaN,NaN,NaN,NaN,NaN,NaN
2018-12-07,NaN,NaN,NaN,NaN,NaN,NaN,NaN,NaN,NaN,NaN,NaN,NaN,NaN,NaN,NaN,NaN,NaN,NaN,NaN,NaN,NaN,NaN,NaN,NaN,NaN,NaN,NaN,NaN,NaN,NaN,NaN,NaN,NaN,97.73,167949.0,19366.0,97.625,346693.0,137686.0,97.61,212117.0,42537.0,97.58,64839.0,11259.0,97.55,229899.0,40680.0,97.525,146859.0,27479.0,97.505,61818.0,7146.0,97.48,143598.0,33960.0,97.465,115651.0,15323.0,97.45,30080.0,4563.0,97.44,110164.0,29641.0,97.435,106639.0,22627.0,97.43,27148.0,6247.0,97.43,196822.0,39104.0,97.45,46840.0,7545.0,97.455,6420.0,1635.0,97.45,11394.0,3358.0,97.47,6311.0,728.0,97.485,1311.0,70.0,97.485,1369.0,480.0,97.495,493.0,8.0,97.5,25.0,NaN,97.51,146.0,NaN,97.515,126.0,NaN,97.52,97.52,97.52,97.525,97.53,97.53,97.535,97.54,97.54,97.54,97.54,97.54,NaN,NaN,NaN,NaN,NaN,NaN,NaN,NaN,NaN,NaN,NaN,NaN,NaN,NaN,NaN,NaN,NaN,NaN,NaN,NaN,NaN,NaN,NaN,NaN
2018-12-10,NaN,NaN,NaN,NaN,NaN,NaN,NaN,NaN,NaN,NaN,NaN,NaN,NaN,NaN,NaN,NaN,NaN,NaN,NaN,NaN,NaN,NaN,NaN,NaN,NaN,NaN,NaN,NaN,NaN,NaN,NaN,NaN,NaN,97.7325,160370.0,28877.0,97.625,354089.0,154345.0,97.615,210694.0,75124.0,97.59,67308.0,21122.0,97.565,241507.0,91821.0,97.545,150388.0,28363.0,97.52,61010.0,8656.0,97.49,137861.0,29672.0,97.475,115078.0,11416.0,97.465,30532.0,6213.0,97.45,108815.0,22403.0,97.445,112056.0,19220.0,97.44,24163.0,12493.0,97.44,193872.0,30524.0,97.465,46400.0,3946.0,97.47,6356.0,2653.0,97.465,12525.0,4163.0,97.485,5732.0,1991.0,97.505,1210.0,256.0,97.515,1913.0,913.0,97.525,494.0,12.0,97.53,25.0,NaN,97.54,156.0,10.0,97.545,136.0,10.0,97.55,97.55,97.55,97.555,97.56,97.56,97.565,97.57,97.57,97.57,97.57,97.57,NaN,NaN,NaN,NaN,NaN,NaN,NaN,NaN,NaN,NaN,NaN,NaN,NaN,NaN,NaN,NaN,NaN,NaN,NaN,NaN,NaN,NaN,NaN,NaN
2018-12-11,NaN,NaN,NaN,NaN,NaN,NaN,NaN,NaN,NaN,NaN,NaN,NaN,NaN,NaN,NaN,NaN,NaN,NaN,NaN,NaN,NaN,NaN,NaN,NaN,NaN,NaN,NaN,NaN,NaN,NaN,NaN,NaN,NaN,97.73,159976.0,15943.0,97.62,361298.0,101297.0,97.605,201804.0,48930.0,97.575,69516.0,19337.0,97.54,247226.0,55126.0,97.515,148384.0,20801.0,97.49,59623.0,8970.0,97.455,135122.0,19549.0,97.44,115109.0,5409.0,97.425,31274.0,5014.0,97.41,105540.0,12293.0,97.4,114693.0,8649.0,97.395,23551.0,6632.0,97.395,189562.0,27468.0,97.42,44862.0,8026.0,97.42,6338.0,1266.0,97.415,13724.0,5342.0,97.435,4282.0,2784.0,97.455,1239.0,30.0,97.46,1971.0,122.0,97.47,494.0,NaN,97.475,25.0,NaN,97.485,156.0,NaN,97.49,136.0,NaN,97.495,97.495,97.495,97.5,97.505,97.505,97.51,97.515,97.515,97.515,97.515,97.515,NaN,NaN,NaN,NaN,NaN,NaN,NaN,NaN,NaN,NaN,NaN,NaN,NaN,NaN,NaN,NaN,NaN,NaN,NaN,NaN,NaN,NaN,NaN,NaN
2018-12-12,NaN,NaN,NaN,NaN,NaN,NaN,NaN,NaN,NaN,NaN,NaN,NaN,NaN,NaN,NaN,NaN,NaN,NaN,NaN,NaN,NaN,NaN,NaN,NaN,NaN,NaN,NaN,NaN,NaN,NaN,NaN,NaN,NaN,97.7275,159690.0,12827.0,97.615,391264.0,156368.0,97.6,204628.0,18362.0,97.565,69922.0,9089.0,97.52,245297.0,35382.0,97.495,143014.0,34352.0,97.47,58544.0,9802.0,97.435,133134.0,25933.0,97.415,114561.0,9497.0,97.4,31457.0,3225.0,97.385,104743.0,12918.0,97.375,115297.0,8999.0,97.37,23137.0,2447.0,97.375,188020.0,22088.0,97.395,44361.0,3402.0,97.395,6412.0,806.0,97.39,14241.0,3233.0,97.41,4297.0,1025.0,97.425,1515.0,337.0,97.43,1941.0,96.0,97.44,494.0,NaN,97.445,25.0,NaN,97.455,156.0,NaN,97.46,136.0,4.0,97.465,97.465,97.465,97.47,97.475,97.475,97.48,97.485,97.485,97.485,97.485,97.485,NaN,NaN,NaN,NaN,NaN,NaN,NaN,NaN,NaN,NaN,NaN,NaN,NaN,NaN,NaN,NaN,NaN,NaN,NaN,NaN,NaN,NaN,NaN,NaN
2018-12-13,NaN,NaN,NaN,NaN,NaN,NaN,NaN,NaN,NaN,NaN,NaN,NaN,NaN,NaN,NaN,NaN,NaN,NaN,NaN,NaN,NaN,NaN,NaN,NaN,NaN,NaN,NaN,NaN,NaN,NaN,NaN,NaN,NaN,97.73,162610.0,8679.0,97.615,416617.0,53207.0,97.6,205663.0,12131.0,97.565,70326.0,8350.0,97.52,241168.0,46114.0,97.495,145933.0,10118.0,97.47,58114.0,2786.0,97.44,133055.0,16922.0,97.415,112870.0,6707.0,97.405,31533.0,3242.0,97.39,104877.0,10652.0,97.38,114558.0,7678.0,97.375,24096.0,2556.0,97.38,189236.0,8015.0,97.4,44260.0,1373.0,97.4,6407.0,299.0,97.395,14556.0,800.0,97.415,4318.0,308.0,97.43,1531.0,36.0,97.435,1845.0,213.0,97.445,494.0,NaN,97.455,25.0,NaN,97.465,156.0,NaN,97.47,136.0,NaN,97.475,97.475,97.475,97.48,97.485,97.485,97.49,97.495,97.495,97.495,97.495,97.495,NaN,NaN,NaN,NaN,NaN,NaN,NaN,NaN,NaN,NaN,NaN,NaN,NaN,NaN,NaN,NaN,NaN,NaN,NaN,NaN,NaN,NaN,NaN,NaN
2018-12-14,NaN,NaN,NaN,NaN,NaN,NaN,NaN,NaN,NaN,NaN,NaN,NaN,NaN,NaN,NaN,NaN,NaN,NaN,NaN,NaN,NaN,NaN,NaN,NaN,NaN,NaN,NaN,NaN,NaN,NaN,NaN,NaN,NaN,97.73,174571.0,22822.0,97.62,443145.0,85978.0,97.605,205789.0,30370.0,97.57,70482.0,9310.0,97.53,237697.0,30680.0,97.51,147093.0,9246.0,97.485,59154.0,6722.0,97.455,132838.0,11584.0,97.435,111328.0,8134.0,97.425,31912.0,6436.0,97.41,104898.0,8097.0,97.405,114682.0,6963.0,97.405,25213.0,5297.0,97.41,187833.0,10189.0,97.43,44805.0,2759.0,97.435,6531.0,811.0,97.43,14468.0,1565.0,97.45,4298.0,235.0,97.465,1662.0,168.0,97.47,2110.0,316.0,97.48,494.0,NaN,97.49,25.0,NaN,97.5,156.0,NaN,97.505,138.0,4.0,97.505,97.505,97.505,97.51,97.515,97.515,97.52,97.525,97.525,97.525,97.525,97.525,NaN,NaN,NaN,NaN,NaN,NaN,NaN,NaN,NaN,NaN,NaN,NaN,NaN,NaN,NaN,NaN,NaN,NaN,NaN,NaN,NaN,NaN,NaN,NaN
2018-12-17,NaN,NaN,NaN,NaN,NaN,NaN,NaN,NaN,NaN,NaN,NaN,NaN,NaN,NaN,NaN,NaN,NaN,NaN,NaN,NaN,NaN,NaN,NaN,NaN,NaN,NaN,NaN,NaN,NaN,NaN,NaN,NaN,NaN,97.735,180848.0,17633.0,97.63,465345.0,101245.0,97.62,226289.0,97234.0,97.59,72408.0,15402.0,97.555,248994.0,68969.0,97.54,147313.0,13721.0,97.52,61191.0,5248.0,97.49,132520.0,11188.0,97.47,110636.0,4697.0,97.46,31674.0,2959.0,97.45,103953.0,6643.0,97.44,114160.0,6066.0,97.445,25856.0,4764.0,97.45,188060.0,14134.0,97.47,44961.0,1448.0,97.47,6424.0,928.0,97.465,16047.0,2816.0,97.485,4314.0,521.0,97.5,1680.0,48.0,97.505,2112.0,43.0,97.515,494.0,NaN,97.525,25.0,NaN,97.535,156.0,NaN,97.54,145.0,14.0,97.54,97.54,97.54,97.545,97.55,97.55,97.555,97.56,97.56,97.56,97.56,97.56,NaN,NaN,NaN,NaN,NaN,NaN,NaN,NaN,NaN,NaN,NaN,NaN,NaN,NaN,NaN,NaN,NaN,NaN,NaN,NaN,NaN,NaN,NaN,NaN
2018-12-18,NaN,NaN,NaN,NaN,NaN,NaN,NaN,NaN,NaN,NaN,NaN,NaN,NaN,NaN,NaN,NaN,NaN,NaN,NaN,NaN,NaN,NaN,NaN,NaN,NaN,NaN,NaN,NaN,NaN,NaN,NaN,NaN,NaN,97.735,179867.0,24471.0,97.63,537573.0,245378.0,97.62,238046.0,133044.0,97.6,73894.0,32605.0,97.58,254713.0,88750.0,97.565,141843.0,24965.0,97.55,61818.0,6505.0,97.525,133678.0,23400.0,97.51,111155.0,12928.0,97.5,31191.0,5021.0,97.49,106122.0,11858.0,97.48,115256.0,12396.0,97.485,25955.0,3143.0,97.49,192088.0,35517.0,97.515,44204.0,5398.0,97.52,6810.0,1118.0,97.52,16928.0,1979.0,97.54,4260.0,408.0,97.56,1713.0,124.0,97.57,2138.0,138.0,97.585,497.0,47.0,97.595,39.0,32.0,97.605,170.0,60.0,97.605,149.0,64.0,97.6,97.6,97.6,97.605,97.61,97.61,97.615,97.62,97.62,97.62,97.62,97.62,NaN,NaN,NaN,NaN,NaN,NaN,NaN,NaN,NaN,NaN,NaN,NaN,NaN,NaN,NaN,NaN,NaN,NaN,NaN,NaN,NaN,NaN,NaN,NaN
2018-12-19,NaN,NaN,NaN,NaN,NaN,NaN,NaN,NaN,NaN,NaN,NaN,NaN,NaN,NaN,NaN,NaN,NaN,NaN,NaN,NaN,NaN,NaN,NaN,NaN,NaN,NaN,NaN,NaN,NaN,NaN,NaN,NaN,NaN,97.7225,168483.0,34655.0,97.6,427469.0,488033.0,97.59,217385.0,115264.0,97.575,76277.0,30061.0,97.55,257544.0,151857.0,97.535,147219.0,55557.0,97.525,62849.0,12906.0,97.505,137010.0,51692.0,97.49,115471.0,27775.0,97.485,32119.0,7641.0,97.475,106585.0,17941.0,97.47,115573.0,15869.0,97.475,27916.0,12348.0,97.48,197621.0,44307.0,97.51,44701.0,10196.0,97.52,6927.0,2953.0,97.52,16628.0,4172.0,97.55,4644.0,1736.0,97.57,1843.0,225.0,97.585,2162.0,597.0,97.6,523.0,35.0,97.61,39.0,NaN,97.62,164.0,6.0,97.62,149.0,NaN,97.615,97.63,97.63,97.635,97.64,97.64,97.645,97.65,97.65,97.65,97.65,97.65,NaN,NaN,NaN,NaN,NaN,NaN,NaN,NaN,NaN,NaN,NaN,NaN,NaN,NaN,NaN,NaN,NaN,NaN,NaN,NaN,NaN,NaN,NaN,NaN
2018-12-20,NaN,NaN,NaN,NaN,NaN,NaN,NaN,NaN,NaN,NaN,NaN,NaN,NaN,NaN,NaN,NaN,NaN,NaN,NaN,NaN,NaN,NaN,NaN,NaN,NaN,NaN,NaN,NaN,NaN,NaN,NaN,NaN,NaN,97.7225,170258.0,5696.0,97.595,421295.0,21961.0,97.595,213752.0,53506.0,97.575,78320.0,11544.0,97.545,275460.0,69313.0,97.53,149484.0,30347.0,97.515,65334.0,7247.0,97.495,135834.0,25230.0,97.475,114515.0,10654.0,97.47,33655.0,7602.0,97.46,102535.0,22847.0,97.445,116648.0,17854.0,97.45,27458.0,5212.0,97.455,198333.0,42972.0,97.485,44028.0,12860.0,97.495,6675.0,1512.0,97.495,17351.0,4794.0,97.525,4515.0,1309.0,97.545,1804.0,90.0,97.56,2129.0,283.0,97.575,554.0,41.0,97.585,39.0,NaN,97.6,170.0,6.0,97.605,149.0,NaN,97.61,97.625,97.625,97.63,97.635,97.635,97.64,97.645,97.645,97.645,97.645,97.645,NaN,NaN,NaN,NaN,NaN,NaN,NaN,NaN,NaN,NaN,NaN,NaN,NaN,NaN,NaN,NaN,NaN,NaN,NaN,NaN,NaN,NaN,NaN,NaN
2018-12-21,NaN,NaN,NaN,NaN,NaN,NaN,NaN,NaN,NaN,NaN,NaN,NaN,NaN,NaN,NaN,NaN,NaN,NaN,NaN,NaN,NaN,NaN,NaN,NaN,NaN,NaN,NaN,NaN,NaN,NaN,NaN,NaN,NaN,97.7225,169215.0,8479.0,97.6,397224.0,70224.0,97.605,236089.0,93823.0,97.585,78088.0,8695.0,97.56,293144.0,51920.0,97.545,149758.0,26156.0,97.535,79783.0,34202.0,97.51,135213.0,27712.0,97.49,117758.0,16244.0,97.48,53942.0,30291.0,97.485,107402.0,27006.0,97.47,116877.0,10811.0,97.475,27201.0,3405.0,97.485,194764.0,17507.0,97.515,43480.0,3201.0,97.525,6750.0,551.0,97.525,17748.0,2577.0,97.555,4520.0,910.0,97.575,1847.0,329.0,97.59,2165.0,194.0,97.605,597.0,47.0,97.615,39.0,NaN,97.625,169.0,2.0,97.63,149.0,20.0,97.635,97.65,97.65,97.655,97.66,97.66,97.665,97.67,97.67,97.67,97.67,97.67,NaN,NaN,NaN,NaN,NaN,NaN,NaN,NaN,NaN,NaN,NaN,NaN,NaN,NaN,NaN,NaN,NaN,NaN,NaN,NaN,NaN,NaN,NaN,NaN
2018-12-24,NaN,NaN,NaN,NaN,NaN,NaN,NaN,NaN,NaN,NaN,NaN,NaN,NaN,NaN,NaN,NaN,NaN,NaN,NaN,NaN,NaN,NaN,NaN,NaN,NaN,NaN,NaN,NaN,NaN,NaN,NaN,NaN,NaN,97.7225,166507.0,3494.0,97.6,373024.0,59477.0,97.61,255531.0,45598.0,97.6,76635.0,5817.0,97.585,299477.0,46812.0,97.57,155542.0,20092.0,97.57,80747.0,5156.0,97.56,136077.0,15087.0,97.545,119839.0,5734.0,97.545,53962.0,1426.0,97.555,107849.0,5614.0,97.535,116900.0,2268.0,97.56,27866.0,3474.0,97.58,207138.0,24741.0,97.61,42925.0,3276.0,97.625,7030.0,769.0,97.625,18063.0,2356.0,97.66,4332.0,832.0,97.68,1837.0,75.0,97.695,2220.0,198.0,97.71,612.0,15.0,97.72,39.0,NaN,97.73,169.0,NaN,97.735,149.0,NaN,97.74,97.755,97.755,97.76,97.765,97.765,97.77,97.775,97.775,97.775,97.775,97.775,NaN,NaN,NaN,NaN,NaN,NaN,NaN,NaN,NaN,NaN,NaN,NaN,NaN,NaN,NaN,NaN,NaN,NaN,NaN,NaN,NaN,NaN,NaN,NaN
2018-12-26,NaN,NaN,NaN,NaN,NaN,NaN,NaN,NaN,NaN,NaN,NaN,NaN,NaN,NaN,NaN,NaN,NaN,NaN,NaN,NaN,NaN,NaN,NaN,NaN,NaN,NaN,NaN,NaN,NaN,NaN,NaN,NaN,NaN,97.7225,165127.0,3030.0,97.6,371414.0,41026.0,97.61,249037.0,21712.0,97.595,75958.0,7830.0,97.58,306508.0,33724.0,97.565,158501.0,19414.0,97.56,77748.0,8152.0,97.545,139643.0,21080.0,97.53,119836.0,7191.0,97.525,54782.0,6087.0,97.535,104237.0,11619.0,97.525,117766.0,7958.0,97.55,27631.0,3034.0,97.565,197372.0,29010.0,97.595,42752.0,3616.0,97.605,6805.0,429.0,97.605,18836.0,2342.0,97.64,4256.0,680.0,97.66,1784.0,57.0,97.675,2203.0,103.0,97.695,601.0,66.0,97.71,51.0,90.0,97.72,169.0,50.0,97.73,124.0,25.0,97.735,97.75,97.75,97.755,97.76,97.76,97.765,97.77,97.77,97.77,97.77,97.77,NaN,NaN,NaN,NaN,NaN,NaN,NaN,NaN,NaN,NaN,NaN,NaN,NaN,NaN,NaN,NaN,NaN,NaN,NaN,NaN,NaN,NaN,NaN,NaN
2018-12-27,NaN,NaN,NaN,NaN,NaN,NaN,NaN,NaN,NaN,NaN,NaN,NaN,NaN,NaN,NaN,NaN,NaN,NaN,NaN,NaN,NaN,NaN,NaN,NaN,NaN,NaN,NaN,NaN,NaN,NaN,NaN,NaN,NaN,97.7225,164406.0,4712.0,97.6,355839.0,29816.0,97.605,257987.0,32473.0,97.605,75375.0,13105.0,97.6,324642.0,57697.0,97.59,160182.0,16316.0,97.585,75600.0,7434.0,97.575,142424.0,20845.0,97.57,121312.0,10808.0,97.565,54876.0,4798.0,97.575,103926.0,12929.0,97.57,116251.0,8302.0,97.595,28447.0,4631.0,97.61,185919.0,19412.0,97.645,42443.0,6506.0,97.655,6275.0,1587.0,97.66,19495.0,5287.0,97.695,4379.0,2187.0,97.715,1825.0,382.0,97.73,2120.0,572.0,97.75,623.0,78.0,97.76,63.0,46.0,97.77,157.0,24.0,97.78,124.0,NaN,97.785,97.8,97.8,97.805,97.81,97.81,97.815,97.82,97.82,97.82,97.82,97.82,NaN,NaN,NaN,NaN,NaN,NaN,NaN,NaN,NaN,NaN,NaN,NaN,NaN,NaN,NaN,NaN,NaN,NaN,NaN,NaN,NaN,NaN,NaN,NaN
2018-12-28,NaN,NaN,NaN,NaN,NaN,NaN,NaN,NaN,NaN,NaN,NaN,NaN,NaN,NaN,NaN,NaN,NaN,NaN,NaN,NaN,NaN,NaN,NaN,NaN,NaN,NaN,NaN,NaN,NaN,NaN,NaN,NaN,NaN,97.725,163730.0,8804.0,97.6,354491.0,6999.0,97.6,267080.0,21297.0,97.595,76478.0,6439.0,97.585,335209.0,31496.0,97.58,167639.0,17437.0,97.58,74445.0,3309.0,97.575,142714.0,18311.0,97.575,120549.0,6680.0,97.57,54830.0,5434.0,97.58,102544.0,7914.0,97.58,114680.0,4602.0,97.595,29129.0,5807.0,97.61,187689.0,9331.0,97.655,42340.0,3973.0,97.665,6225.0,967.0,97.67,19140.0,3485.0,97.71,5109.0,1618.0,97.73,1868.0,111.0,97.745,2240.0,264.0,97.765,642.0,55.0,97.775,63.0,NaN,97.785,157.0,NaN,97.795,124.0,NaN,97.8,97.815,97.815,97.82,97.825,97.825,97.83,97.835,97.835,97.835,97.835,97.835,NaN,NaN,NaN,NaN,NaN,NaN,NaN,NaN,NaN,NaN,NaN,NaN,NaN,NaN,NaN,NaN,NaN,NaN,NaN,NaN,NaN,NaN,NaN,NaN
2018-12-31,NaN,NaN,NaN,NaN,NaN,NaN,NaN,NaN,NaN,NaN,NaN,NaN,NaN,NaN,NaN,NaN,NaN,NaN,NaN,NaN,NaN,NaN,NaN,NaN,NaN,NaN,NaN,NaN,NaN,NaN,NaN,NaN,NaN,97.725,174198.0,10807.0,97.6,338417.0,14256.0,97.6,264916.0,27480.0,97.595,80786.0,9570.0,97.59,330382.0,11775.0,97.585,172802.0,11378.0,97.585,72407.0,5730.0,97.575,142116.0,10424.0,97.58,125016.0,16540.0,97.58,56382.0,4338.0,97.59,106068.0,15583.0,97.59,114912.0,5376.0,97.605,34915.0,9521.0,97.62,190627.0,12616.0,97.665,43506.0,4855.0,97.675,6336.0,1017.0,97.685,17562.0,4191.0,97.725,5156.0,228.0,97.745,1846.0,49.0,97.76,2273.0,85.0,97.78,642.0,NaN,97.79,63.0,NaN,97.8,157.0,NaN,97.81,124.0,NaN,97.815,97.83,97.83,97.835,97.84,97.84,97.845,97.85,97.85,97.85,97.85,97.85,97.85,NaN,NaN,NaN,NaN,NaN,NaN,NaN,NaN,NaN,NaN,NaN,NaN,NaN,NaN,NaN,NaN,NaN,NaN,NaN,NaN,NaN,NaN,NaN
